************************************************************
Timer Settings:
Delay Calculation Style:                   auto
Signal Integrity Analysis:                 disabled
Timing Window Analysis:                    disabled
Advanced Waveform Propagation:             disabled
Variation Type:                            fixed_derate
Clock Reconvergence Pessimism Removal:     disabled
Advanced Receiver Model:                   disabled
************************************************************
Information: Corner fast_Cmin: no PVT mismatches. (PVT-032)
Information: Corner fast_Cmax: no PVT mismatches. (PVT-032)
Information: Corner slow_Cmin: no PVT mismatches. (PVT-032)
Information: Corner slow_Cmax: no PVT mismatches. (PVT-032)
****************************************
Report : cell
Design : cv32e40p_top
Version: O-2018.06-SP1
Date   : Fri Jul  4 21:42:21 2025
****************************************

Attributes
    b - black-box (unknown)
    h - hierarchical
    n - noncombinational
    u - contains unmapped logic
    E - extracted timing model
    Q - Quick timing model
    U - Unbound (missing)
    s - user size_only
    S - implicit size_only
    d - user dont_touch
    D - derived dont_touch
    o - synthetic operator


Cell                      Reference       Library          Attributes
--------------------------------------------------------------------------------
CTS_cts_buf_280714264     SAEDRVT14_DEL_L4D100_2
                                          saed14rvt        
CTS_cts_buf_281714274     SAEDRVT14_BUF_20
                                          saed14rvt        
PLACE_optlc_1000          SAEDRVT14_TIE0_4
                                          saed14rvt        
PLACE_optlc_1002          SAEDRVT14_TIE0_4
                                          saed14rvt        
PLACE_optlc_1004          SAEDRVT14_TIE0_4
                                          saed14rvt        
PLACE_optlc_1007          SAEDRVT14_TIE0_4
                                          saed14rvt        
PLACE_optlc_1009          SAEDRVT14_TIE0_4
                                          saed14rvt        
PLACE_optlc_1013          SAEDRVT14_TIE0_4
                                          saed14rvt        
PLACE_optlc_1015          SAEDRVT14_TIE0_4
                                          saed14rvt        
PLACE_optlc_1017          SAEDRVT14_TIE0_4
                                          saed14rvt        
PLACE_optlc_1020          SAEDRVT14_TIE0_4
                                          saed14rvt        
PLACE_optlc_1025          SAEDRVT14_TIE0_4
                                          saed14rvt        
PLACE_optlc_1027          SAEDRVT14_TIE0_4
                                          saed14rvt        
PLACE_optlc_1032          SAEDRVT14_TIE0_4
                                          saed14rvt        
PLACE_optlc_1036          SAEDRVT14_TIE0_4
                                          saed14rvt        
PLACE_optlc_1038          SAEDRVT14_TIE0_4
                                          saed14rvt        
PLACE_optlc_1040          SAEDRVT14_TIE0_4
                                          saed14rvt        
PLACE_optlc_1042          SAEDRVT14_TIE0_4
                                          saed14rvt        
PLACE_optlc_1045          SAEDRVT14_TIE0_4
                                          saed14rvt        
PLACE_optlc_1047          SAEDRVT14_TIE0_4
                                          saed14rvt        
PLACE_optlc_1049          SAEDRVT14_TIE0_4
                                          saed14rvt        
PLACE_optlc_1053          SAEDRVT14_TIE0_4
                                          saed14rvt        
PLACE_optlc_1055          SAEDRVT14_TIE0_4
                                          saed14rvt        
PLACE_optlc_1060          SAEDRVT14_TIE0_4
                                          saed14rvt        
PLACE_optlc_1062          SAEDRVT14_TIE0_4
                                          saed14rvt        
PLACE_optlc_1064          SAEDRVT14_TIE0_4
                                          saed14rvt        
PLACE_optlc_1066          SAEDRVT14_TIE0_4
                                          saed14rvt        
PLACE_optlc_1068          SAEDRVT14_TIE0_4
                                          saed14rvt        
PLACE_optlc_1071          SAEDRVT14_TIE0_4
                                          saed14rvt        
PLACE_optlc_1074          SAEDRVT14_TIE0_4
                                          saed14rvt        
PLACE_optlc_1077          SAEDRVT14_TIE0_4
                                          saed14rvt        
PLACE_optlc_1079          SAEDRVT14_TIE0_4
                                          saed14rvt        
PLACE_optlc_1081          SAEDRVT14_TIE0_4
                                          saed14rvt        
PLACE_optlc_1083          SAEDRVT14_TIE0_4
                                          saed14rvt        
PLACE_optlc_1086          SAEDRVT14_TIE0_4
                                          saed14rvt        
PLACE_optlc_1088          SAEDRVT14_TIE0_4
                                          saed14rvt        
PLACE_optlc_1092          SAEDRVT14_TIE0_4
                                          saed14rvt        
PLACE_optlc_1094          SAEDRVT14_TIE0_4
                                          saed14rvt        
PLACE_optlc_1098          SAEDRVT14_TIE0_4
                                          saed14rvt        
PLACE_optlc_1100          SAEDRVT14_TIE0_4
                                          saed14rvt        
PLACE_optlc_1106          SAEDRVT14_TIE0_4
                                          saed14rvt        
PLACE_optlc_1109          SAEDRVT14_TIE0_4
                                          saed14rvt        
PLACE_optlc_1111          SAEDRVT14_TIE0_4
                                          saed14rvt        
PLACE_optlc_1114          SAEDRVT14_TIE0_4
                                          saed14rvt        
PLACE_optlc_1118          SAEDRVT14_TIE0_4
                                          saed14rvt        
PLACE_optlc_1122          SAEDRVT14_TIE0_4
                                          saed14rvt        
PLACE_optlc_1124          SAEDRVT14_TIE0_4
                                          saed14rvt        
PLACE_optlc_1128          SAEDRVT14_TIE0_4
                                          saed14rvt        
PLACE_optlc_1131          SAEDRVT14_TIE0_4
                                          saed14rvt        
PLACE_optlc_1133          SAEDRVT14_TIE0_4
                                          saed14rvt        
PLACE_optlc_1139          SAEDRVT14_TIE0_4
                                          saed14rvt        
PLACE_optlc_1142          SAEDRVT14_TIE0_4
                                          saed14rvt        
PLACE_optlc_1145          SAEDRVT14_TIE0_4
                                          saed14rvt        
PLACE_optlc_1148          SAEDRVT14_TIE0_4
                                          saed14rvt        
PLACE_optlc_1151          SAEDRVT14_TIE0_4
                                          saed14rvt        
PLACE_optlc_1153          SAEDRVT14_TIE0_4
                                          saed14rvt        
PLACE_optlc_1155          SAEDRVT14_TIE0_4
                                          saed14rvt        
PLACE_optlc_1158          SAEDRVT14_TIE0_4
                                          saed14rvt        
PLACE_optlc_1160          SAEDRVT14_TIE0_4
                                          saed14rvt        
PLACE_optlc_1162          SAEDRVT14_TIE0_4
                                          saed14rvt        
PLACE_optlc_1164          SAEDRVT14_TIE0_4
                                          saed14rvt        
PLACE_optlc_1166          SAEDRVT14_TIE0_4
                                          saed14rvt        
PLACE_optlc_1168          SAEDRVT14_TIE0_4
                                          saed14rvt        
PLACE_optlc_1170          SAEDRVT14_TIE0_4
                                          saed14rvt        
PLACE_optlc_1173          SAEDRVT14_TIE0_4
                                          saed14rvt        
PLACE_optlc_1175          SAEDRVT14_TIE0_4
                                          saed14rvt        
PLACE_optlc_1179          SAEDRVT14_TIE0_4
                                          saed14rvt        
PLACE_optlc_1181          SAEDRVT14_TIE0_4
                                          saed14rvt        
PLACE_optlc_1183          SAEDRVT14_TIE0_4
                                          saed14rvt        
PLACE_optlc_1185          SAEDRVT14_TIE0_4
                                          saed14rvt        
PLACE_optlc_1187          SAEDRVT14_TIE0_4
                                          saed14rvt        
PLACE_optlc_1189          SAEDRVT14_TIE0_4
                                          saed14rvt        
PLACE_optlc_1192          SAEDRVT14_TIE0_4
                                          saed14rvt        
PLACE_optlc_1194          SAEDRVT14_TIE0_4
                                          saed14rvt        
PLACE_optlc_1200          SAEDRVT14_TIE0_4
                                          saed14rvt        
PLACE_optlc_1202          SAEDRVT14_TIE0_4
                                          saed14rvt        
PLACE_optlc_1204          SAEDRVT14_TIE0_4
                                          saed14rvt        
PLACE_optlc_1207          SAEDRVT14_TIE0_4
                                          saed14rvt        
PLACE_optlc_1211          SAEDRVT14_TIE0_4
                                          saed14rvt        
PLACE_optlc_1215          SAEDRVT14_TIE0_4
                                          saed14rvt        
PLACE_optlc_1219          SAEDRVT14_TIE0_4
                                          saed14rvt        
PLACE_optlc_1221          SAEDRVT14_TIE0_4
                                          saed14rvt        
PLACE_optlc_1224          SAEDRVT14_TIE0_4
                                          saed14rvt        
PLACE_optlc_1226          SAEDRVT14_TIE0_4
                                          saed14rvt        
PLACE_optlc_1228          SAEDRVT14_TIE0_4
                                          saed14rvt        
PLACE_optlc_1231          SAEDRVT14_TIE0_4
                                          saed14rvt        
PLACE_optlc_1238          SAEDRVT14_TIE0_4
                                          saed14rvt        
PLACE_optlc_1240          SAEDRVT14_TIE0_4
                                          saed14rvt        
PLACE_optlc_1243          SAEDRVT14_TIE0_4
                                          saed14rvt        
PLACE_optlc_1245          SAEDRVT14_TIE0_4
                                          saed14rvt        
PLACE_optlc_1249          SAEDRVT14_TIE0_4
                                          saed14rvt        
PLACE_optlc_1251          SAEDRVT14_TIE0_4
                                          saed14rvt        
PLACE_optlc_1255          SAEDRVT14_TIE0_4
                                          saed14rvt        
PLACE_optlc_1257          SAEDRVT14_TIE0_4
                                          saed14rvt        
PLACE_optlc_1259          SAEDRVT14_TIE0_4
                                          saed14rvt        
PLACE_optlc_1262          SAEDRVT14_TIE0_4
                                          saed14rvt        
PLACE_optlc_1266          SAEDRVT14_TIE0_4
                                          saed14rvt        
PLACE_optlc_1269          SAEDRVT14_TIE0_4
                                          saed14rvt        
PLACE_optlc_1272          SAEDRVT14_TIE0_4
                                          saed14rvt        
PLACE_optlc_1274          SAEDRVT14_TIE0_4
                                          saed14rvt        
PLACE_optlc_1280          SAEDRVT14_TIE0_4
                                          saed14rvt        
PLACE_optlc_1282          SAEDRVT14_TIE0_4
                                          saed14rvt        
PLACE_optlc_1285          SAEDRVT14_TIE0_4
                                          saed14rvt        
PLACE_optlc_1288          SAEDRVT14_TIE0_4
                                          saed14rvt        
PLACE_optlc_1291          SAEDRVT14_TIE0_4
                                          saed14rvt        
PLACE_optlc_1293          SAEDRVT14_TIE0_4
                                          saed14rvt        
PLACE_optlc_1295          SAEDRVT14_TIE0_4
                                          saed14rvt        
PLACE_optlc_1297          SAEDRVT14_TIE0_4
                                          saed14rvt        
PLACE_optlc_1302          SAEDRVT14_TIE0_4
                                          saed14rvt        
PLACE_optlc_1304          SAEDRVT14_TIE0_4
                                          saed14rvt        
PLACE_optlc_1306          SAEDRVT14_TIE0_4
                                          saed14rvt        
PLACE_optlc_1310          SAEDRVT14_TIE0_4
                                          saed14rvt        
PLACE_optlc_1319          SAEDRVT14_TIE0_4
                                          saed14rvt        
PLACE_optlc_1321          SAEDRVT14_TIE0_4
                                          saed14rvt        
PLACE_optlc_1323          SAEDRVT14_TIE0_4
                                          saed14rvt        
PLACE_optlc_1326          SAEDRVT14_TIE0_4
                                          saed14rvt        
PLACE_optlc_1330          SAEDRVT14_TIE0_4
                                          saed14rvt        
PLACE_optlc_1333          SAEDRVT14_TIE0_4
                                          saed14rvt        
PLACE_optlc_1337          SAEDRVT14_TIE0_4
                                          saed14rvt        
PLACE_optlc_1339          SAEDRVT14_TIE0_4
                                          saed14rvt        
PLACE_optlc_1345          SAEDRVT14_TIE0_4
                                          saed14rvt        
PLACE_optlc_1347          SAEDRVT14_TIE0_4
                                          saed14rvt        
PLACE_optlc_1349          SAEDRVT14_TIE0_4
                                          saed14rvt        
PLACE_optlc_1351          SAEDRVT14_TIE0_4
                                          saed14rvt        
PLACE_optlc_1353          SAEDRVT14_TIE0_4
                                          saed14rvt        
PLACE_optlc_1359          SAEDRVT14_TIE0_4
                                          saed14rvt        
PLACE_optlc_1361          SAEDRVT14_TIE0_4
                                          saed14rvt        
PLACE_optlc_1363          SAEDRVT14_TIE0_4
                                          saed14rvt        
PLACE_optlc_1365          SAEDRVT14_TIE0_4
                                          saed14rvt        
PLACE_optlc_1367          SAEDRVT14_TIE0_4
                                          saed14rvt        
PLACE_optlc_1369          SAEDRVT14_TIE0_4
                                          saed14rvt        
PLACE_optlc_1373          SAEDRVT14_TIE0_4
                                          saed14rvt        
PLACE_optlc_1375          SAEDRVT14_TIE0_4
                                          saed14rvt        
PLACE_optlc_1377          SAEDRVT14_TIE0_4
                                          saed14rvt        
PLACE_optlc_1379          SAEDRVT14_TIE0_4
                                          saed14rvt        
PLACE_optlc_1382          SAEDRVT14_TIE0_4
                                          saed14rvt        
PLACE_optlc_1384          SAEDRVT14_TIE0_4
                                          saed14rvt        
PLACE_optlc_1386          SAEDRVT14_TIE0_4
                                          saed14rvt        
PLACE_optlc_1390          SAEDRVT14_TIE0_4
                                          saed14rvt        
PLACE_optlc_1394          SAEDRVT14_TIE0_4
                                          saed14rvt        
PLACE_optlc_1400          SAEDRVT14_TIE0_4
                                          saed14rvt        
PLACE_optlc_1403          SAEDRVT14_TIE0_4
                                          saed14rvt        
PLACE_optlc_1405          SAEDRVT14_TIE0_4
                                          saed14rvt        
PLACE_optlc_1408          SAEDRVT14_TIE0_4
                                          saed14rvt        
PLACE_optlc_1413          SAEDRVT14_TIE0_4
                                          saed14rvt        
PLACE_optlc_1417          SAEDRVT14_TIE0_4
                                          saed14rvt        
PLACE_optlc_1419          SAEDRVT14_TIE0_4
                                          saed14rvt        
PLACE_optlc_1422          SAEDRVT14_TIE0_4
                                          saed14rvt        
PLACE_optlc_1424          SAEDRVT14_TIE0_4
                                          saed14rvt        
PLACE_optlc_1426          SAEDRVT14_TIE0_4
                                          saed14rvt        
PLACE_optlc_1428          SAEDRVT14_TIE0_4
                                          saed14rvt        
PLACE_optlc_1430          SAEDRVT14_TIE0_4
                                          saed14rvt        
PLACE_optlc_1432          SAEDRVT14_TIE0_4
                                          saed14rvt        
PLACE_optlc_1434          SAEDRVT14_TIE0_4
                                          saed14rvt        
PLACE_optlc_1436          SAEDRVT14_TIE0_4
                                          saed14rvt        
PLACE_optlc_1438          SAEDRVT14_TIE0_4
                                          saed14rvt        
PLACE_optlc_1443          SAEDRVT14_TIE0_4
                                          saed14rvt        
PLACE_optlc_1450          SAEDRVT14_TIE0_4
                                          saed14rvt        
PLACE_optlc_1456          SAEDRVT14_TIE0_4
                                          saed14rvt        
PLACE_optlc_1458          SAEDRVT14_TIE0_4
                                          saed14rvt        
PLACE_optlc_1460          SAEDRVT14_TIE0_4
                                          saed14rvt        
PLACE_optlc_1463          SAEDRVT14_TIE0_4
                                          saed14rvt        
PLACE_optlc_1466          SAEDRVT14_TIE0_4
                                          saed14rvt        
PLACE_optlc_1472          SAEDRVT14_TIE0_4
                                          saed14rvt        
PLACE_optlc_1481          SAEDRVT14_TIE0_4
                                          saed14rvt        
PLACE_optlc_1483          SAEDRVT14_TIE0_4
                                          saed14rvt        
PLACE_optlc_1486          SAEDRVT14_TIE0_4
                                          saed14rvt        
PLACE_optlc_1488          SAEDRVT14_TIE0_4
                                          saed14rvt        
PLACE_optlc_1492          SAEDRVT14_TIE0_4
                                          saed14rvt        
PLACE_optlc_1495          SAEDRVT14_TIE0_4
                                          saed14rvt        
PLACE_optlc_1499          SAEDRVT14_TIE0_4
                                          saed14rvt        
PLACE_optlc_1503          SAEDRVT14_TIE0_4
                                          saed14rvt        
PLACE_optlc_1506          SAEDRVT14_TIE0_4
                                          saed14rvt        
PLACE_optlc_1508          SAEDRVT14_TIE0_4
                                          saed14rvt        
PLACE_optlc_1511          SAEDRVT14_TIE0_4
                                          saed14rvt        
PLACE_optlc_1513          SAEDRVT14_TIE0_4
                                          saed14rvt        
PLACE_optlc_1516          SAEDRVT14_TIE0_4
                                          saed14rvt        
PLACE_optlc_1518          SAEDRVT14_TIE0_4
                                          saed14rvt        
PLACE_optlc_1523          SAEDRVT14_TIE0_4
                                          saed14rvt        
PLACE_optlc_1530          SAEDRVT14_TIE0_4
                                          saed14rvt        
PLACE_optlc_1534          SAEDRVT14_TIE0_4
                                          saed14rvt        
PLACE_optlc_1538          SAEDRVT14_TIE0_4
                                          saed14rvt        
PLACE_optlc_1542          SAEDRVT14_TIE0_4
                                          saed14rvt        
PLACE_optlc_1544          SAEDRVT14_TIE0_4
                                          saed14rvt        
PLACE_optlc_1547          SAEDRVT14_TIE0_4
                                          saed14rvt        
PLACE_optlc_1551          SAEDRVT14_TIE0_4
                                          saed14rvt        
PLACE_optlc_1553          SAEDRVT14_TIE0_4
                                          saed14rvt        
PLACE_optlc_1558          SAEDRVT14_TIE0_4
                                          saed14rvt        
PLACE_optlc_1562          SAEDRVT14_TIE0_4
                                          saed14rvt        
PLACE_optlc_1568          SAEDRVT14_TIE0_4
                                          saed14rvt        
PLACE_optlc_1570          SAEDRVT14_TIE0_4
                                          saed14rvt        
PLACE_optlc_1572          SAEDRVT14_TIE0_4
                                          saed14rvt        
PLACE_optlc_1574          SAEDRVT14_TIE0_4
                                          saed14rvt        
PLACE_optlc_1578          SAEDRVT14_TIE0_4
                                          saed14rvt        
PLACE_optlc_1580          SAEDRVT14_TIE0_4
                                          saed14rvt        
PLACE_optlc_1585          SAEDRVT14_TIE0_4
                                          saed14rvt        
PLACE_optlc_1587          SAEDRVT14_TIE0_4
                                          saed14rvt        
PLACE_optlc_1593          SAEDRVT14_TIE0_4
                                          saed14rvt        
PLACE_optlc_1595          SAEDRVT14_TIE0_4
                                          saed14rvt        
PLACE_optlc_1597          SAEDRVT14_TIE0_4
                                          saed14rvt        
PLACE_optlc_1599          SAEDRVT14_TIE0_4
                                          saed14rvt        
PLACE_optlc_1601          SAEDRVT14_TIE0_4
                                          saed14rvt        
PLACE_optlc_1603          SAEDRVT14_TIE0_4
                                          saed14rvt        
PLACE_optlc_1605          SAEDRVT14_TIE0_4
                                          saed14rvt        
PLACE_optlc_1610          SAEDRVT14_TIE0_4
                                          saed14rvt        
PLACE_optlc_1611          SAEDRVT14_TIE0_4
                                          saed14rvt        
PLACE_optlc_1614          SAEDRVT14_TIE0_4
                                          saed14rvt        
PLACE_optlc_1616          SAEDRVT14_TIE0_4
                                          saed14rvt        
PLACE_optlc_1617          SAEDRVT14_TIE0_4
                                          saed14rvt        
PLACE_optlc_1620          SAEDRVT14_TIE1_V1_2
                                          saed14rvt        
PLACE_optlc_1622          SAEDRVT14_TIE1_V1_2
                                          saed14rvt        
PLACE_optlc_1623          SAEDRVT14_TIE1_V1_2
                                          saed14rvt        
PLACE_optlc_1625          SAEDRVT14_TIE1_V1_2
                                          saed14rvt        
PLACE_optlc_1627          SAEDRVT14_TIE1_V1_2
                                          saed14rvt        
PLACE_optlc_1628          SAEDRVT14_TIE1_V1_2
                                          saed14rvt        
PLACE_optlc_1629          SAEDRVT14_TIE1_V1_2
                                          saed14rvt        
PLACE_optlc_1670          SAEDRVT14_TIE0_4
                                          saed14rvt        
PLACE_optlc_1672          SAEDRVT14_TIE0_4
                                          saed14rvt        
PLACE_optlc_1674          SAEDRVT14_TIE0_4
                                          saed14rvt        
PLACE_optlc_1677          SAEDRVT14_TIE0_4
                                          saed14rvt        
PLACE_optlc_1681          SAEDRVT14_TIE0_4
                                          saed14rvt        
PLACE_optlc_1683          SAEDRVT14_TIE0_4
                                          saed14rvt        
PLACE_optlc_1685          SAEDRVT14_TIE0_4
                                          saed14rvt        
PLACE_optlc_1687          SAEDRVT14_TIE0_4
                                          saed14rvt        
PLACE_optlc_1689          SAEDRVT14_TIE0_4
                                          saed14rvt        
PLACE_optlc_1691          SAEDRVT14_TIE0_4
                                          saed14rvt        
PLACE_optlc_1693          SAEDRVT14_TIE0_4
                                          saed14rvt        
PLACE_optlc_1695          SAEDRVT14_TIE0_4
                                          saed14rvt        
PLACE_optlc_1697          SAEDRVT14_TIE0_4
                                          saed14rvt        
PLACE_optlc_1699          SAEDRVT14_TIE0_4
                                          saed14rvt        
PLACE_optlc_1701          SAEDRVT14_TIE0_4
                                          saed14rvt        
PLACE_optlc_1703          SAEDRVT14_TIE0_4
                                          saed14rvt        
PLACE_optlc_1705          SAEDRVT14_TIE0_4
                                          saed14rvt        
PLACE_optlc_1707          SAEDRVT14_TIE0_4
                                          saed14rvt        
PLACE_optlc_1709          SAEDRVT14_TIE0_4
                                          saed14rvt        
PLACE_optlc_1711          SAEDRVT14_TIE0_4
                                          saed14rvt        
PLACE_optlc_1713          SAEDRVT14_TIE0_4
                                          saed14rvt        
PLACE_optlc_1717          SAEDRVT14_TIE0_4
                                          saed14rvt        
PLACE_optlc_1719          SAEDRVT14_TIE0_4
                                          saed14rvt        
PLACE_optlc_1721          SAEDRVT14_TIE0_4
                                          saed14rvt        
PLACE_optlc_1724          SAEDRVT14_TIE0_4
                                          saed14rvt        
PLACE_optlc_1726          SAEDRVT14_TIE0_4
                                          saed14rvt        
PLACE_optlc_1728          SAEDRVT14_TIE0_4
                                          saed14rvt        
PLACE_optlc_365           SAEDRVT14_TIE0_4
                                          saed14rvt        
PLACE_optlc_367           SAEDRVT14_TIE0_4
                                          saed14rvt        
PLACE_optlc_370           SAEDRVT14_TIE0_4
                                          saed14rvt        
PLACE_optlc_372           SAEDRVT14_TIE0_4
                                          saed14rvt        
PLACE_optlc_375           SAEDRVT14_TIE0_4
                                          saed14rvt        
PLACE_optlc_377           SAEDRVT14_TIE0_4
                                          saed14rvt        
PLACE_optlc_379           SAEDRVT14_TIE0_4
                                          saed14rvt        
PLACE_optlc_381           SAEDRVT14_TIE0_4
                                          saed14rvt        
PLACE_optlc_383           SAEDRVT14_TIE0_4
                                          saed14rvt        
PLACE_optlc_385           SAEDRVT14_TIE0_4
                                          saed14rvt        
PLACE_optlc_387           SAEDRVT14_TIE0_4
                                          saed14rvt        
PLACE_optlc_391           SAEDRVT14_TIE0_4
                                          saed14rvt        
PLACE_optlc_393           SAEDRVT14_TIE0_4
                                          saed14rvt        
PLACE_optlc_395           SAEDRVT14_TIE0_4
                                          saed14rvt        
PLACE_optlc_397           SAEDRVT14_TIE0_4
                                          saed14rvt        
PLACE_optlc_399           SAEDRVT14_TIE0_4
                                          saed14rvt        
PLACE_optlc_401           SAEDRVT14_TIE0_4
                                          saed14rvt        
PLACE_optlc_403           SAEDRVT14_TIE0_4
                                          saed14rvt        
PLACE_optlc_408           SAEDRVT14_TIE0_4
                                          saed14rvt        
PLACE_optlc_410           SAEDRVT14_TIE0_4
                                          saed14rvt        
PLACE_optlc_413           SAEDRVT14_TIE0_4
                                          saed14rvt        
PLACE_optlc_415           SAEDRVT14_TIE0_4
                                          saed14rvt        
PLACE_optlc_417           SAEDRVT14_TIE0_4
                                          saed14rvt        
PLACE_optlc_420           SAEDRVT14_TIE0_4
                                          saed14rvt        
PLACE_optlc_422           SAEDRVT14_TIE0_4
                                          saed14rvt        
PLACE_optlc_424           SAEDRVT14_TIE0_4
                                          saed14rvt        
PLACE_optlc_428           SAEDRVT14_TIE0_4
                                          saed14rvt        
PLACE_optlc_430           SAEDRVT14_TIE0_4
                                          saed14rvt        
PLACE_optlc_432           SAEDRVT14_TIE0_4
                                          saed14rvt        
PLACE_optlc_434           SAEDRVT14_TIE0_4
                                          saed14rvt        
PLACE_optlc_437           SAEDRVT14_TIE0_4
                                          saed14rvt        
PLACE_optlc_440           SAEDRVT14_TIE0_4
                                          saed14rvt        
PLACE_optlc_442           SAEDRVT14_TIE0_4
                                          saed14rvt        
PLACE_optlc_444           SAEDRVT14_TIE0_4
                                          saed14rvt        
PLACE_optlc_449           SAEDRVT14_TIE0_4
                                          saed14rvt        
PLACE_optlc_451           SAEDRVT14_TIE0_4
                                          saed14rvt        
PLACE_optlc_453           SAEDRVT14_TIE0_4
                                          saed14rvt        
PLACE_optlc_456           SAEDRVT14_TIE0_4
                                          saed14rvt        
PLACE_optlc_458           SAEDRVT14_TIE0_4
                                          saed14rvt        
PLACE_optlc_461           SAEDRVT14_TIE0_4
                                          saed14rvt        
PLACE_optlc_463           SAEDRVT14_TIE0_4
                                          saed14rvt        
PLACE_optlc_465           SAEDRVT14_TIE0_4
                                          saed14rvt        
PLACE_optlc_467           SAEDRVT14_TIE0_4
                                          saed14rvt        
PLACE_optlc_469           SAEDRVT14_TIE0_4
                                          saed14rvt        
PLACE_optlc_471           SAEDRVT14_TIE0_4
                                          saed14rvt        
PLACE_optlc_475           SAEDRVT14_TIE0_4
                                          saed14rvt        
PLACE_optlc_477           SAEDRVT14_TIE0_4
                                          saed14rvt        
PLACE_optlc_482           SAEDRVT14_TIE0_4
                                          saed14rvt        
PLACE_optlc_484           SAEDRVT14_TIE0_4
                                          saed14rvt        
PLACE_optlc_488           SAEDRVT14_TIE0_4
                                          saed14rvt        
PLACE_optlc_490           SAEDRVT14_TIE0_4
                                          saed14rvt        
PLACE_optlc_492           SAEDRVT14_TIE0_4
                                          saed14rvt        
PLACE_optlc_496           SAEDRVT14_TIE0_4
                                          saed14rvt        
PLACE_optlc_500           SAEDRVT14_TIE0_4
                                          saed14rvt        
PLACE_optlc_502           SAEDRVT14_TIE0_4
                                          saed14rvt        
PLACE_optlc_504           SAEDRVT14_TIE0_4
                                          saed14rvt        
PLACE_optlc_508           SAEDRVT14_TIE0_4
                                          saed14rvt        
PLACE_optlc_510           SAEDRVT14_TIE0_4
                                          saed14rvt        
PLACE_optlc_512           SAEDRVT14_TIE0_4
                                          saed14rvt        
PLACE_optlc_514           SAEDRVT14_TIE0_4
                                          saed14rvt        
PLACE_optlc_516           SAEDRVT14_TIE0_4
                                          saed14rvt        
PLACE_optlc_518           SAEDRVT14_TIE0_4
                                          saed14rvt        
PLACE_optlc_520           SAEDRVT14_TIE0_4
                                          saed14rvt        
PLACE_optlc_522           SAEDRVT14_TIE0_4
                                          saed14rvt        
PLACE_optlc_524           SAEDRVT14_TIE0_4
                                          saed14rvt        
PLACE_optlc_526           SAEDRVT14_TIE0_4
                                          saed14rvt        
PLACE_optlc_528           SAEDRVT14_TIE0_4
                                          saed14rvt        
PLACE_optlc_530           SAEDRVT14_TIE0_4
                                          saed14rvt        
PLACE_optlc_532           SAEDRVT14_TIE0_4
                                          saed14rvt        
PLACE_optlc_535           SAEDRVT14_TIE0_4
                                          saed14rvt        
PLACE_optlc_538           SAEDRVT14_TIE0_4
                                          saed14rvt        
PLACE_optlc_542           SAEDRVT14_TIE0_4
                                          saed14rvt        
PLACE_optlc_544           SAEDRVT14_TIE0_4
                                          saed14rvt        
PLACE_optlc_547           SAEDRVT14_TIE0_4
                                          saed14rvt        
PLACE_optlc_549           SAEDRVT14_TIE0_4
                                          saed14rvt        
PLACE_optlc_551           SAEDRVT14_TIE0_4
                                          saed14rvt        
PLACE_optlc_553           SAEDRVT14_TIE0_4
                                          saed14rvt        
PLACE_optlc_555           SAEDRVT14_TIE0_4
                                          saed14rvt        
PLACE_optlc_557           SAEDRVT14_TIE0_4
                                          saed14rvt        
PLACE_optlc_560           SAEDRVT14_TIE0_4
                                          saed14rvt        
PLACE_optlc_562           SAEDRVT14_TIE0_4
                                          saed14rvt        
PLACE_optlc_564           SAEDRVT14_TIE0_4
                                          saed14rvt        
PLACE_optlc_566           SAEDRVT14_TIE0_4
                                          saed14rvt        
PLACE_optlc_570           SAEDRVT14_TIE0_4
                                          saed14rvt        
PLACE_optlc_572           SAEDRVT14_TIE0_4
                                          saed14rvt        
PLACE_optlc_574           SAEDRVT14_TIE0_4
                                          saed14rvt        
PLACE_optlc_576           SAEDRVT14_TIE0_4
                                          saed14rvt        
PLACE_optlc_579           SAEDRVT14_TIE0_4
                                          saed14rvt        
PLACE_optlc_581           SAEDRVT14_TIE0_4
                                          saed14rvt        
PLACE_optlc_583           SAEDRVT14_TIE0_4
                                          saed14rvt        
PLACE_optlc_585           SAEDRVT14_TIE0_4
                                          saed14rvt        
PLACE_optlc_587           SAEDRVT14_TIE0_4
                                          saed14rvt        
PLACE_optlc_589           SAEDRVT14_TIE0_4
                                          saed14rvt        
PLACE_optlc_591           SAEDRVT14_TIE0_4
                                          saed14rvt        
PLACE_optlc_593           SAEDRVT14_TIE0_4
                                          saed14rvt        
PLACE_optlc_595           SAEDRVT14_TIE0_4
                                          saed14rvt        
PLACE_optlc_598           SAEDRVT14_TIE0_4
                                          saed14rvt        
PLACE_optlc_600           SAEDRVT14_TIE0_4
                                          saed14rvt        
PLACE_optlc_602           SAEDRVT14_TIE0_4
                                          saed14rvt        
PLACE_optlc_604           SAEDRVT14_TIE0_4
                                          saed14rvt        
PLACE_optlc_606           SAEDRVT14_TIE0_4
                                          saed14rvt        
PLACE_optlc_608           SAEDRVT14_TIE0_4
                                          saed14rvt        
PLACE_optlc_611           SAEDRVT14_TIE0_4
                                          saed14rvt        
PLACE_optlc_613           SAEDRVT14_TIE0_4
                                          saed14rvt        
PLACE_optlc_615           SAEDRVT14_TIE0_4
                                          saed14rvt        
PLACE_optlc_617           SAEDRVT14_TIE0_4
                                          saed14rvt        
PLACE_optlc_619           SAEDRVT14_TIE0_4
                                          saed14rvt        
PLACE_optlc_621           SAEDRVT14_TIE0_4
                                          saed14rvt        
PLACE_optlc_623           SAEDRVT14_TIE0_4
                                          saed14rvt        
PLACE_optlc_625           SAEDRVT14_TIE0_4
                                          saed14rvt        
PLACE_optlc_627           SAEDRVT14_TIE0_4
                                          saed14rvt        
PLACE_optlc_629           SAEDRVT14_TIE0_4
                                          saed14rvt        
PLACE_optlc_631           SAEDRVT14_TIE0_4
                                          saed14rvt        
PLACE_optlc_633           SAEDRVT14_TIE0_4
                                          saed14rvt        
PLACE_optlc_636           SAEDRVT14_TIE0_4
                                          saed14rvt        
PLACE_optlc_638           SAEDRVT14_TIE0_4
                                          saed14rvt        
PLACE_optlc_641           SAEDRVT14_TIE0_4
                                          saed14rvt        
PLACE_optlc_643           SAEDRVT14_TIE0_4
                                          saed14rvt        
PLACE_optlc_645           SAEDRVT14_TIE0_4
                                          saed14rvt        
PLACE_optlc_647           SAEDRVT14_TIE0_4
                                          saed14rvt        
PLACE_optlc_649           SAEDRVT14_TIE0_4
                                          saed14rvt        
PLACE_optlc_651           SAEDRVT14_TIE0_4
                                          saed14rvt        
PLACE_optlc_653           SAEDRVT14_TIE0_4
                                          saed14rvt        
PLACE_optlc_655           SAEDRVT14_TIE0_4
                                          saed14rvt        
PLACE_optlc_657           SAEDRVT14_TIE0_4
                                          saed14rvt        
PLACE_optlc_659           SAEDRVT14_TIE0_4
                                          saed14rvt        
PLACE_optlc_663           SAEDRVT14_TIE0_4
                                          saed14rvt        
PLACE_optlc_665           SAEDRVT14_TIE0_4
                                          saed14rvt        
PLACE_optlc_668           SAEDRVT14_TIE0_4
                                          saed14rvt        
PLACE_optlc_670           SAEDRVT14_TIE0_4
                                          saed14rvt        
PLACE_optlc_673           SAEDRVT14_TIE0_4
                                          saed14rvt        
PLACE_optlc_675           SAEDRVT14_TIE0_4
                                          saed14rvt        
PLACE_optlc_677           SAEDRVT14_TIE0_4
                                          saed14rvt        
PLACE_optlc_679           SAEDRVT14_TIE0_4
                                          saed14rvt        
PLACE_optlc_681           SAEDRVT14_TIE0_4
                                          saed14rvt        
PLACE_optlc_686           SAEDRVT14_TIE0_4
                                          saed14rvt        
PLACE_optlc_688           SAEDRVT14_TIE0_4
                                          saed14rvt        
PLACE_optlc_691           SAEDRVT14_TIE0_4
                                          saed14rvt        
PLACE_optlc_695           SAEDRVT14_TIE0_4
                                          saed14rvt        
PLACE_optlc_697           SAEDRVT14_TIE0_4
                                          saed14rvt        
PLACE_optlc_699           SAEDRVT14_TIE0_4
                                          saed14rvt        
PLACE_optlc_704           SAEDRVT14_TIE0_4
                                          saed14rvt        
PLACE_optlc_708           SAEDRVT14_TIE0_4
                                          saed14rvt        
PLACE_optlc_714           SAEDRVT14_TIE0_4
                                          saed14rvt        
PLACE_optlc_716           SAEDRVT14_TIE0_4
                                          saed14rvt        
PLACE_optlc_718           SAEDRVT14_TIE0_4
                                          saed14rvt        
PLACE_optlc_720           SAEDRVT14_TIE0_4
                                          saed14rvt        
PLACE_optlc_722           SAEDRVT14_TIE0_4
                                          saed14rvt        
PLACE_optlc_724           SAEDRVT14_TIE0_4
                                          saed14rvt        
PLACE_optlc_726           SAEDRVT14_TIE0_4
                                          saed14rvt        
PLACE_optlc_728           SAEDRVT14_TIE0_4
                                          saed14rvt        
PLACE_optlc_730           SAEDRVT14_TIE0_4
                                          saed14rvt        
PLACE_optlc_733           SAEDRVT14_TIE0_4
                                          saed14rvt        
PLACE_optlc_735           SAEDRVT14_TIE0_4
                                          saed14rvt        
PLACE_optlc_737           SAEDRVT14_TIE0_4
                                          saed14rvt        
PLACE_optlc_739           SAEDRVT14_TIE0_4
                                          saed14rvt        
PLACE_optlc_744           SAEDRVT14_TIE0_4
                                          saed14rvt        
PLACE_optlc_746           SAEDRVT14_TIE0_4
                                          saed14rvt        
PLACE_optlc_748           SAEDRVT14_TIE0_4
                                          saed14rvt        
PLACE_optlc_750           SAEDRVT14_TIE0_4
                                          saed14rvt        
PLACE_optlc_752           SAEDRVT14_TIE0_4
                                          saed14rvt        
PLACE_optlc_754           SAEDRVT14_TIE0_4
                                          saed14rvt        
PLACE_optlc_756           SAEDRVT14_TIE0_4
                                          saed14rvt        
PLACE_optlc_758           SAEDRVT14_TIE0_4
                                          saed14rvt        
PLACE_optlc_763           SAEDRVT14_TIE0_4
                                          saed14rvt        
PLACE_optlc_765           SAEDRVT14_TIE0_4
                                          saed14rvt        
PLACE_optlc_767           SAEDRVT14_TIE0_4
                                          saed14rvt        
PLACE_optlc_769           SAEDRVT14_TIE0_4
                                          saed14rvt        
PLACE_optlc_771           SAEDRVT14_TIE0_4
                                          saed14rvt        
PLACE_optlc_774           SAEDRVT14_TIE0_4
                                          saed14rvt        
PLACE_optlc_776           SAEDRVT14_TIE0_4
                                          saed14rvt        
PLACE_optlc_778           SAEDRVT14_TIE0_4
                                          saed14rvt        
PLACE_optlc_780           SAEDRVT14_TIE0_4
                                          saed14rvt        
PLACE_optlc_782           SAEDRVT14_TIE0_4
                                          saed14rvt        
PLACE_optlc_784           SAEDRVT14_TIE0_4
                                          saed14rvt        
PLACE_optlc_786           SAEDRVT14_TIE0_4
                                          saed14rvt        
PLACE_optlc_788           SAEDRVT14_TIE0_4
                                          saed14rvt        
PLACE_optlc_790           SAEDRVT14_TIE0_4
                                          saed14rvt        
PLACE_optlc_792           SAEDRVT14_TIE0_4
                                          saed14rvt        
PLACE_optlc_794           SAEDRVT14_TIE0_4
                                          saed14rvt        
PLACE_optlc_796           SAEDRVT14_TIE0_4
                                          saed14rvt        
PLACE_optlc_798           SAEDRVT14_TIE0_4
                                          saed14rvt        
PLACE_optlc_800           SAEDRVT14_TIE0_4
                                          saed14rvt        
PLACE_optlc_804           SAEDRVT14_TIE0_4
                                          saed14rvt        
PLACE_optlc_806           SAEDRVT14_TIE0_4
                                          saed14rvt        
PLACE_optlc_809           SAEDRVT14_TIE0_4
                                          saed14rvt        
PLACE_optlc_813           SAEDRVT14_TIE0_4
                                          saed14rvt        
PLACE_optlc_816           SAEDRVT14_TIE0_4
                                          saed14rvt        
PLACE_optlc_818           SAEDRVT14_TIE0_4
                                          saed14rvt        
PLACE_optlc_822           SAEDRVT14_TIE0_4
                                          saed14rvt        
PLACE_optlc_824           SAEDRVT14_TIE0_4
                                          saed14rvt        
PLACE_optlc_826           SAEDRVT14_TIE0_4
                                          saed14rvt        
PLACE_optlc_828           SAEDRVT14_TIE0_4
                                          saed14rvt        
PLACE_optlc_830           SAEDRVT14_TIE0_4
                                          saed14rvt        
PLACE_optlc_832           SAEDRVT14_TIE0_4
                                          saed14rvt        
PLACE_optlc_834           SAEDRVT14_TIE0_4
                                          saed14rvt        
PLACE_optlc_837           SAEDRVT14_TIE0_4
                                          saed14rvt        
PLACE_optlc_840           SAEDRVT14_TIE0_4
                                          saed14rvt        
PLACE_optlc_842           SAEDRVT14_TIE0_4
                                          saed14rvt        
PLACE_optlc_844           SAEDRVT14_TIE0_4
                                          saed14rvt        
PLACE_optlc_846           SAEDRVT14_TIE0_4
                                          saed14rvt        
PLACE_optlc_848           SAEDRVT14_TIE0_4
                                          saed14rvt        
PLACE_optlc_851           SAEDRVT14_TIE0_4
                                          saed14rvt        
PLACE_optlc_853           SAEDRVT14_TIE0_4
                                          saed14rvt        
PLACE_optlc_855           SAEDRVT14_TIE0_4
                                          saed14rvt        
PLACE_optlc_857           SAEDRVT14_TIE0_4
                                          saed14rvt        
PLACE_optlc_859           SAEDRVT14_TIE0_4
                                          saed14rvt        
PLACE_optlc_861           SAEDRVT14_TIE0_4
                                          saed14rvt        
PLACE_optlc_863           SAEDRVT14_TIE0_4
                                          saed14rvt        
PLACE_optlc_865           SAEDRVT14_TIE0_4
                                          saed14rvt        
PLACE_optlc_867           SAEDRVT14_TIE0_4
                                          saed14rvt        
PLACE_optlc_869           SAEDRVT14_TIE0_4
                                          saed14rvt        
PLACE_optlc_871           SAEDRVT14_TIE0_4
                                          saed14rvt        
PLACE_optlc_874           SAEDRVT14_TIE0_4
                                          saed14rvt        
PLACE_optlc_876           SAEDRVT14_TIE0_4
                                          saed14rvt        
PLACE_optlc_879           SAEDRVT14_TIE0_4
                                          saed14rvt        
PLACE_optlc_881           SAEDRVT14_TIE0_4
                                          saed14rvt        
PLACE_optlc_883           SAEDRVT14_TIE0_4
                                          saed14rvt        
PLACE_optlc_885           SAEDRVT14_TIE0_4
                                          saed14rvt        
PLACE_optlc_887           SAEDRVT14_TIE0_4
                                          saed14rvt        
PLACE_optlc_889           SAEDRVT14_TIE0_4
                                          saed14rvt        
PLACE_optlc_891           SAEDRVT14_TIE0_4
                                          saed14rvt        
PLACE_optlc_893           SAEDRVT14_TIE0_4
                                          saed14rvt        
PLACE_optlc_895           SAEDRVT14_TIE0_4
                                          saed14rvt        
PLACE_optlc_898           SAEDRVT14_TIE0_4
                                          saed14rvt        
PLACE_optlc_900           SAEDRVT14_TIE0_4
                                          saed14rvt        
PLACE_optlc_904           SAEDRVT14_TIE0_4
                                          saed14rvt        
PLACE_optlc_907           SAEDRVT14_TIE0_4
                                          saed14rvt        
PLACE_optlc_909           SAEDRVT14_TIE0_4
                                          saed14rvt        
PLACE_optlc_911           SAEDRVT14_TIE0_4
                                          saed14rvt        
PLACE_optlc_913           SAEDRVT14_TIE0_4
                                          saed14rvt        
PLACE_optlc_915           SAEDRVT14_TIE0_4
                                          saed14rvt        
PLACE_optlc_917           SAEDRVT14_TIE0_4
                                          saed14rvt        
PLACE_optlc_919           SAEDRVT14_TIE0_4
                                          saed14rvt        
PLACE_optlc_921           SAEDRVT14_TIE0_4
                                          saed14rvt        
PLACE_optlc_923           SAEDRVT14_TIE0_4
                                          saed14rvt        
PLACE_optlc_926           SAEDRVT14_TIE0_4
                                          saed14rvt        
PLACE_optlc_928           SAEDRVT14_TIE0_4
                                          saed14rvt        
PLACE_optlc_930           SAEDRVT14_TIE0_4
                                          saed14rvt        
PLACE_optlc_932           SAEDRVT14_TIE0_4
                                          saed14rvt        
PLACE_optlc_934           SAEDRVT14_TIE0_4
                                          saed14rvt        
PLACE_optlc_936           SAEDRVT14_TIE0_4
                                          saed14rvt        
PLACE_optlc_938           SAEDRVT14_TIE0_4
                                          saed14rvt        
PLACE_optlc_940           SAEDRVT14_TIE0_4
                                          saed14rvt        
PLACE_optlc_942           SAEDRVT14_TIE0_4
                                          saed14rvt        
PLACE_optlc_944           SAEDRVT14_TIE0_4
                                          saed14rvt        
PLACE_optlc_946           SAEDRVT14_TIE0_4
                                          saed14rvt        
PLACE_optlc_948           SAEDRVT14_TIE0_4
                                          saed14rvt        
PLACE_optlc_951           SAEDRVT14_TIE0_4
                                          saed14rvt        
PLACE_optlc_955           SAEDRVT14_TIE0_4
                                          saed14rvt        
PLACE_optlc_958           SAEDRVT14_TIE0_4
                                          saed14rvt        
PLACE_optlc_960           SAEDRVT14_TIE0_4
                                          saed14rvt        
PLACE_optlc_962           SAEDRVT14_TIE0_4
                                          saed14rvt        
PLACE_optlc_965           SAEDRVT14_TIE0_4
                                          saed14rvt        
PLACE_optlc_967           SAEDRVT14_TIE0_4
                                          saed14rvt        
PLACE_optlc_970           SAEDRVT14_TIE0_4
                                          saed14rvt        
PLACE_optlc_972           SAEDRVT14_TIE0_4
                                          saed14rvt        
PLACE_optlc_974           SAEDRVT14_TIE0_4
                                          saed14rvt        
PLACE_optlc_977           SAEDRVT14_TIE0_4
                                          saed14rvt        
PLACE_optlc_979           SAEDRVT14_TIE0_4
                                          saed14rvt        
PLACE_optlc_981           SAEDRVT14_TIE0_4
                                          saed14rvt        
PLACE_optlc_984           SAEDRVT14_TIE0_4
                                          saed14rvt        
PLACE_optlc_986           SAEDRVT14_TIE0_4
                                          saed14rvt        
PLACE_optlc_988           SAEDRVT14_TIE0_4
                                          saed14rvt        
PLACE_optlc_990           SAEDRVT14_TIE0_4
                                          saed14rvt        
PLACE_optlc_992           SAEDRVT14_TIE0_4
                                          saed14rvt        
PLACE_optlc_994           SAEDRVT14_TIE0_4
                                          saed14rvt        
PLACE_optlc_996           SAEDRVT14_TIE0_4
                                          saed14rvt        
PLACE_optlc_998           SAEDRVT14_TIE0_4
                                          saed14rvt        
U2                        SAEDRVT14_TIE0_V1_2
                                          saed14rvt        
core_i                    cv32e40p_core_COREV_PULP0_COREV_CLUSTER0_FPU0_FPU_ADDMUL_LAT0_FPU_OTHERS_LAT0_ZFINX0_NUM_MHPMCOUNTERS1
                                                           h
sspare_0                  SAEDRVT14_ND2_2 saed14rvt        d
sspare_0_0                SAEDRVT14_NR2_2 saed14rvt        d
sspare_0_1                SAEDRVT14_NR2_2 saed14rvt        d
sspare_0_10               SAEDRVT14_NR2_2 saed14rvt        d
sspare_0_11               SAEDRVT14_NR2_2 saed14rvt        d
sspare_0_12               SAEDRVT14_NR2_2 saed14rvt        d
sspare_0_13               SAEDRVT14_NR2_2 saed14rvt        d
sspare_0_14               SAEDRVT14_NR2_2 saed14rvt        d
sspare_0_15               SAEDRVT14_NR2_2 saed14rvt        d
sspare_0_16               SAEDRVT14_NR2_2 saed14rvt        d
sspare_0_17               SAEDRVT14_NR2_2 saed14rvt        d
sspare_0_18               SAEDRVT14_NR2_2 saed14rvt        d
sspare_0_19               SAEDRVT14_NR2_2 saed14rvt        d
sspare_0_2                SAEDRVT14_NR2_2 saed14rvt        d
sspare_0_20               SAEDRVT14_NR2_2 saed14rvt        d
sspare_0_21               SAEDRVT14_NR2_2 saed14rvt        d
sspare_0_22               SAEDRVT14_NR2_2 saed14rvt        d
sspare_0_23               SAEDRVT14_NR2_2 saed14rvt        d
sspare_0_24               SAEDRVT14_NR2_2 saed14rvt        d
sspare_0_3                SAEDRVT14_NR2_2 saed14rvt        d
sspare_0_4                SAEDRVT14_NR2_2 saed14rvt        d
sspare_0_5                SAEDRVT14_NR2_2 saed14rvt        d
sspare_0_6                SAEDRVT14_NR2_2 saed14rvt        d
sspare_0_7                SAEDRVT14_NR2_2 saed14rvt        d
sspare_0_8                SAEDRVT14_NR2_2 saed14rvt        d
sspare_0_9                SAEDRVT14_NR2_2 saed14rvt        d
sspare_1                  SAEDRVT14_ND2_2 saed14rvt        d
sspare_10                 SAEDRVT14_ND2_2 saed14rvt        d
sspare_11                 SAEDRVT14_ND2_2 saed14rvt        d
sspare_12                 SAEDRVT14_ND2_2 saed14rvt        d
sspare_13                 SAEDRVT14_ND2_2 saed14rvt        d
sspare_14                 SAEDRVT14_ND2_2 saed14rvt        d
sspare_15                 SAEDRVT14_ND2_2 saed14rvt        d
sspare_16                 SAEDRVT14_ND2_2 saed14rvt        d
sspare_17                 SAEDRVT14_ND2_2 saed14rvt        d
sspare_18                 SAEDRVT14_ND2_2 saed14rvt        d
sspare_19                 SAEDRVT14_ND2_2 saed14rvt        d
sspare_2                  SAEDRVT14_ND2_2 saed14rvt        d
sspare_20                 SAEDRVT14_ND2_2 saed14rvt        d
sspare_21                 SAEDRVT14_ND2_2 saed14rvt        d
sspare_22                 SAEDRVT14_ND2_2 saed14rvt        d
sspare_23                 SAEDRVT14_ND2_2 saed14rvt        d
sspare_24                 SAEDRVT14_ND2_2 saed14rvt        d
sspare_3                  SAEDRVT14_ND2_2 saed14rvt        d
sspare_4                  SAEDRVT14_ND2_2 saed14rvt        d
sspare_5                  SAEDRVT14_ND2_2 saed14rvt        d
sspare_6                  SAEDRVT14_ND2_2 saed14rvt        d
sspare_7                  SAEDRVT14_ND2_2 saed14rvt        d
sspare_8                  SAEDRVT14_ND2_2 saed14rvt        d
sspare_9                  SAEDRVT14_ND2_2 saed14rvt        d
tapfiller!SAEDRVT14_TAPDS!0
                          SAEDRVT14_TAPDS saed14rvt        
tapfiller!SAEDRVT14_TAPDS!1
                          SAEDRVT14_TAPDS saed14rvt        
tapfiller!SAEDRVT14_TAPDS!10
                          SAEDRVT14_TAPDS saed14rvt        
tapfiller!SAEDRVT14_TAPDS!100
                          SAEDRVT14_TAPDS saed14rvt        
tapfiller!SAEDRVT14_TAPDS!1000
                          SAEDRVT14_TAPDS saed14rvt        
tapfiller!SAEDRVT14_TAPDS!1001
                          SAEDRVT14_TAPDS saed14rvt        
tapfiller!SAEDRVT14_TAPDS!1002
                          SAEDRVT14_TAPDS saed14rvt        
tapfiller!SAEDRVT14_TAPDS!1003
                          SAEDRVT14_TAPDS saed14rvt        
tapfiller!SAEDRVT14_TAPDS!1004
                          SAEDRVT14_TAPDS saed14rvt        
tapfiller!SAEDRVT14_TAPDS!1005
                          SAEDRVT14_TAPDS saed14rvt        
tapfiller!SAEDRVT14_TAPDS!1006
                          SAEDRVT14_TAPDS saed14rvt        
tapfiller!SAEDRVT14_TAPDS!1007
                          SAEDRVT14_TAPDS saed14rvt        
tapfiller!SAEDRVT14_TAPDS!1008
                          SAEDRVT14_TAPDS saed14rvt        
tapfiller!SAEDRVT14_TAPDS!1009
                          SAEDRVT14_TAPDS saed14rvt        
tapfiller!SAEDRVT14_TAPDS!101
                          SAEDRVT14_TAPDS saed14rvt        
tapfiller!SAEDRVT14_TAPDS!1010
                          SAEDRVT14_TAPDS saed14rvt        
tapfiller!SAEDRVT14_TAPDS!1011
                          SAEDRVT14_TAPDS saed14rvt        
tapfiller!SAEDRVT14_TAPDS!1012
                          SAEDRVT14_TAPDS saed14rvt        
tapfiller!SAEDRVT14_TAPDS!1013
                          SAEDRVT14_TAPDS saed14rvt        
tapfiller!SAEDRVT14_TAPDS!1014
                          SAEDRVT14_TAPDS saed14rvt        
tapfiller!SAEDRVT14_TAPDS!1015
                          SAEDRVT14_TAPDS saed14rvt        
tapfiller!SAEDRVT14_TAPDS!1016
                          SAEDRVT14_TAPDS saed14rvt        
tapfiller!SAEDRVT14_TAPDS!1017
                          SAEDRVT14_TAPDS saed14rvt        
tapfiller!SAEDRVT14_TAPDS!1018
                          SAEDRVT14_TAPDS saed14rvt        
tapfiller!SAEDRVT14_TAPDS!1019
                          SAEDRVT14_TAPDS saed14rvt        
tapfiller!SAEDRVT14_TAPDS!102
                          SAEDRVT14_TAPDS saed14rvt        
tapfiller!SAEDRVT14_TAPDS!1020
                          SAEDRVT14_TAPDS saed14rvt        
tapfiller!SAEDRVT14_TAPDS!1021
                          SAEDRVT14_TAPDS saed14rvt        
tapfiller!SAEDRVT14_TAPDS!1022
                          SAEDRVT14_TAPDS saed14rvt        
tapfiller!SAEDRVT14_TAPDS!1023
                          SAEDRVT14_TAPDS saed14rvt        
tapfiller!SAEDRVT14_TAPDS!1024
                          SAEDRVT14_TAPDS saed14rvt        
tapfiller!SAEDRVT14_TAPDS!1025
                          SAEDRVT14_TAPDS saed14rvt        
tapfiller!SAEDRVT14_TAPDS!1026
                          SAEDRVT14_TAPDS saed14rvt        
tapfiller!SAEDRVT14_TAPDS!1027
                          SAEDRVT14_TAPDS saed14rvt        
tapfiller!SAEDRVT14_TAPDS!1028
                          SAEDRVT14_TAPDS saed14rvt        
tapfiller!SAEDRVT14_TAPDS!1029
                          SAEDRVT14_TAPDS saed14rvt        
tapfiller!SAEDRVT14_TAPDS!103
                          SAEDRVT14_TAPDS saed14rvt        
tapfiller!SAEDRVT14_TAPDS!1030
                          SAEDRVT14_TAPDS saed14rvt        
tapfiller!SAEDRVT14_TAPDS!1031
                          SAEDRVT14_TAPDS saed14rvt        
tapfiller!SAEDRVT14_TAPDS!1032
                          SAEDRVT14_TAPDS saed14rvt        
tapfiller!SAEDRVT14_TAPDS!1033
                          SAEDRVT14_TAPDS saed14rvt        
tapfiller!SAEDRVT14_TAPDS!1034
                          SAEDRVT14_TAPDS saed14rvt        
tapfiller!SAEDRVT14_TAPDS!1035
                          SAEDRVT14_TAPDS saed14rvt        
tapfiller!SAEDRVT14_TAPDS!1036
                          SAEDRVT14_TAPDS saed14rvt        
tapfiller!SAEDRVT14_TAPDS!1037
                          SAEDRVT14_TAPDS saed14rvt        
tapfiller!SAEDRVT14_TAPDS!1038
                          SAEDRVT14_TAPDS saed14rvt        
tapfiller!SAEDRVT14_TAPDS!1039
                          SAEDRVT14_TAPDS saed14rvt        
tapfiller!SAEDRVT14_TAPDS!104
                          SAEDRVT14_TAPDS saed14rvt        
tapfiller!SAEDRVT14_TAPDS!1040
                          SAEDRVT14_TAPDS saed14rvt        
tapfiller!SAEDRVT14_TAPDS!1041
                          SAEDRVT14_TAPDS saed14rvt        
tapfiller!SAEDRVT14_TAPDS!1042
                          SAEDRVT14_TAPDS saed14rvt        
tapfiller!SAEDRVT14_TAPDS!1043
                          SAEDRVT14_TAPDS saed14rvt        
tapfiller!SAEDRVT14_TAPDS!1044
                          SAEDRVT14_TAPDS saed14rvt        
tapfiller!SAEDRVT14_TAPDS!1045
                          SAEDRVT14_TAPDS saed14rvt        
tapfiller!SAEDRVT14_TAPDS!1046
                          SAEDRVT14_TAPDS saed14rvt        
tapfiller!SAEDRVT14_TAPDS!1047
                          SAEDRVT14_TAPDS saed14rvt        
tapfiller!SAEDRVT14_TAPDS!1048
                          SAEDRVT14_TAPDS saed14rvt        
tapfiller!SAEDRVT14_TAPDS!1049
                          SAEDRVT14_TAPDS saed14rvt        
tapfiller!SAEDRVT14_TAPDS!105
                          SAEDRVT14_TAPDS saed14rvt        
tapfiller!SAEDRVT14_TAPDS!1050
                          SAEDRVT14_TAPDS saed14rvt        
tapfiller!SAEDRVT14_TAPDS!1051
                          SAEDRVT14_TAPDS saed14rvt        
tapfiller!SAEDRVT14_TAPDS!1052
                          SAEDRVT14_TAPDS saed14rvt        
tapfiller!SAEDRVT14_TAPDS!1053
                          SAEDRVT14_TAPDS saed14rvt        
tapfiller!SAEDRVT14_TAPDS!1054
                          SAEDRVT14_TAPDS saed14rvt        
tapfiller!SAEDRVT14_TAPDS!1055
                          SAEDRVT14_TAPDS saed14rvt        
tapfiller!SAEDRVT14_TAPDS!1056
                          SAEDRVT14_TAPDS saed14rvt        
tapfiller!SAEDRVT14_TAPDS!1057
                          SAEDRVT14_TAPDS saed14rvt        
tapfiller!SAEDRVT14_TAPDS!1058
                          SAEDRVT14_TAPDS saed14rvt        
tapfiller!SAEDRVT14_TAPDS!1059
                          SAEDRVT14_TAPDS saed14rvt        
tapfiller!SAEDRVT14_TAPDS!106
                          SAEDRVT14_TAPDS saed14rvt        
tapfiller!SAEDRVT14_TAPDS!1060
                          SAEDRVT14_TAPDS saed14rvt        
tapfiller!SAEDRVT14_TAPDS!1061
                          SAEDRVT14_TAPDS saed14rvt        
tapfiller!SAEDRVT14_TAPDS!1062
                          SAEDRVT14_TAPDS saed14rvt        
tapfiller!SAEDRVT14_TAPDS!1063
                          SAEDRVT14_TAPDS saed14rvt        
tapfiller!SAEDRVT14_TAPDS!1064
                          SAEDRVT14_TAPDS saed14rvt        
tapfiller!SAEDRVT14_TAPDS!1065
                          SAEDRVT14_TAPDS saed14rvt        
tapfiller!SAEDRVT14_TAPDS!1066
                          SAEDRVT14_TAPDS saed14rvt        
tapfiller!SAEDRVT14_TAPDS!1067
                          SAEDRVT14_TAPDS saed14rvt        
tapfiller!SAEDRVT14_TAPDS!1068
                          SAEDRVT14_TAPDS saed14rvt        
tapfiller!SAEDRVT14_TAPDS!1069
                          SAEDRVT14_TAPDS saed14rvt        
tapfiller!SAEDRVT14_TAPDS!107
                          SAEDRVT14_TAPDS saed14rvt        
tapfiller!SAEDRVT14_TAPDS!1070
                          SAEDRVT14_TAPDS saed14rvt        
tapfiller!SAEDRVT14_TAPDS!1071
                          SAEDRVT14_TAPDS saed14rvt        
tapfiller!SAEDRVT14_TAPDS!1072
                          SAEDRVT14_TAPDS saed14rvt        
tapfiller!SAEDRVT14_TAPDS!1073
                          SAEDRVT14_TAPDS saed14rvt        
tapfiller!SAEDRVT14_TAPDS!1074
                          SAEDRVT14_TAPDS saed14rvt        
tapfiller!SAEDRVT14_TAPDS!1075
                          SAEDRVT14_TAPDS saed14rvt        
tapfiller!SAEDRVT14_TAPDS!1076
                          SAEDRVT14_TAPDS saed14rvt        
tapfiller!SAEDRVT14_TAPDS!1077
                          SAEDRVT14_TAPDS saed14rvt        
tapfiller!SAEDRVT14_TAPDS!1078
                          SAEDRVT14_TAPDS saed14rvt        
tapfiller!SAEDRVT14_TAPDS!1079
                          SAEDRVT14_TAPDS saed14rvt        
tapfiller!SAEDRVT14_TAPDS!108
                          SAEDRVT14_TAPDS saed14rvt        
tapfiller!SAEDRVT14_TAPDS!1080
                          SAEDRVT14_TAPDS saed14rvt        
tapfiller!SAEDRVT14_TAPDS!1081
                          SAEDRVT14_TAPDS saed14rvt        
tapfiller!SAEDRVT14_TAPDS!1082
                          SAEDRVT14_TAPDS saed14rvt        
tapfiller!SAEDRVT14_TAPDS!1083
                          SAEDRVT14_TAPDS saed14rvt        
tapfiller!SAEDRVT14_TAPDS!1084
                          SAEDRVT14_TAPDS saed14rvt        
tapfiller!SAEDRVT14_TAPDS!1085
                          SAEDRVT14_TAPDS saed14rvt        
tapfiller!SAEDRVT14_TAPDS!1086
                          SAEDRVT14_TAPDS saed14rvt        
tapfiller!SAEDRVT14_TAPDS!1087
                          SAEDRVT14_TAPDS saed14rvt        
tapfiller!SAEDRVT14_TAPDS!1088
                          SAEDRVT14_TAPDS saed14rvt        
tapfiller!SAEDRVT14_TAPDS!1089
                          SAEDRVT14_TAPDS saed14rvt        
tapfiller!SAEDRVT14_TAPDS!109
                          SAEDRVT14_TAPDS saed14rvt        
tapfiller!SAEDRVT14_TAPDS!1090
                          SAEDRVT14_TAPDS saed14rvt        
tapfiller!SAEDRVT14_TAPDS!1091
                          SAEDRVT14_TAPDS saed14rvt        
tapfiller!SAEDRVT14_TAPDS!1092
                          SAEDRVT14_TAPDS saed14rvt        
tapfiller!SAEDRVT14_TAPDS!1093
                          SAEDRVT14_TAPDS saed14rvt        
tapfiller!SAEDRVT14_TAPDS!1094
                          SAEDRVT14_TAPDS saed14rvt        
tapfiller!SAEDRVT14_TAPDS!1095
                          SAEDRVT14_TAPDS saed14rvt        
tapfiller!SAEDRVT14_TAPDS!1096
                          SAEDRVT14_TAPDS saed14rvt        
tapfiller!SAEDRVT14_TAPDS!1097
                          SAEDRVT14_TAPDS saed14rvt        
tapfiller!SAEDRVT14_TAPDS!1098
                          SAEDRVT14_TAPDS saed14rvt        
tapfiller!SAEDRVT14_TAPDS!1099
                          SAEDRVT14_TAPDS saed14rvt        
tapfiller!SAEDRVT14_TAPDS!11
                          SAEDRVT14_TAPDS saed14rvt        
tapfiller!SAEDRVT14_TAPDS!110
                          SAEDRVT14_TAPDS saed14rvt        
tapfiller!SAEDRVT14_TAPDS!1100
                          SAEDRVT14_TAPDS saed14rvt        
tapfiller!SAEDRVT14_TAPDS!1101
                          SAEDRVT14_TAPDS saed14rvt        
tapfiller!SAEDRVT14_TAPDS!1102
                          SAEDRVT14_TAPDS saed14rvt        
tapfiller!SAEDRVT14_TAPDS!1103
                          SAEDRVT14_TAPDS saed14rvt        
tapfiller!SAEDRVT14_TAPDS!1104
                          SAEDRVT14_TAPDS saed14rvt        
tapfiller!SAEDRVT14_TAPDS!1105
                          SAEDRVT14_TAPDS saed14rvt        
tapfiller!SAEDRVT14_TAPDS!1106
                          SAEDRVT14_TAPDS saed14rvt        
tapfiller!SAEDRVT14_TAPDS!1107
                          SAEDRVT14_TAPDS saed14rvt        
tapfiller!SAEDRVT14_TAPDS!1108
                          SAEDRVT14_TAPDS saed14rvt        
tapfiller!SAEDRVT14_TAPDS!1109
                          SAEDRVT14_TAPDS saed14rvt        
tapfiller!SAEDRVT14_TAPDS!111
                          SAEDRVT14_TAPDS saed14rvt        
tapfiller!SAEDRVT14_TAPDS!1110
                          SAEDRVT14_TAPDS saed14rvt        
tapfiller!SAEDRVT14_TAPDS!1111
                          SAEDRVT14_TAPDS saed14rvt        
tapfiller!SAEDRVT14_TAPDS!1112
                          SAEDRVT14_TAPDS saed14rvt        
tapfiller!SAEDRVT14_TAPDS!1113
                          SAEDRVT14_TAPDS saed14rvt        
tapfiller!SAEDRVT14_TAPDS!1114
                          SAEDRVT14_TAPDS saed14rvt        
tapfiller!SAEDRVT14_TAPDS!1115
                          SAEDRVT14_TAPDS saed14rvt        
tapfiller!SAEDRVT14_TAPDS!1116
                          SAEDRVT14_TAPDS saed14rvt        
tapfiller!SAEDRVT14_TAPDS!1117
                          SAEDRVT14_TAPDS saed14rvt        
tapfiller!SAEDRVT14_TAPDS!1118
                          SAEDRVT14_TAPDS saed14rvt        
tapfiller!SAEDRVT14_TAPDS!1119
                          SAEDRVT14_TAPDS saed14rvt        
tapfiller!SAEDRVT14_TAPDS!112
                          SAEDRVT14_TAPDS saed14rvt        
tapfiller!SAEDRVT14_TAPDS!1120
                          SAEDRVT14_TAPDS saed14rvt        
tapfiller!SAEDRVT14_TAPDS!1121
                          SAEDRVT14_TAPDS saed14rvt        
tapfiller!SAEDRVT14_TAPDS!1122
                          SAEDRVT14_TAPDS saed14rvt        
tapfiller!SAEDRVT14_TAPDS!1123
                          SAEDRVT14_TAPDS saed14rvt        
tapfiller!SAEDRVT14_TAPDS!1124
                          SAEDRVT14_TAPDS saed14rvt        
tapfiller!SAEDRVT14_TAPDS!1125
                          SAEDRVT14_TAPDS saed14rvt        
tapfiller!SAEDRVT14_TAPDS!1126
                          SAEDRVT14_TAPDS saed14rvt        
tapfiller!SAEDRVT14_TAPDS!1127
                          SAEDRVT14_TAPDS saed14rvt        
tapfiller!SAEDRVT14_TAPDS!1128
                          SAEDRVT14_TAPDS saed14rvt        
tapfiller!SAEDRVT14_TAPDS!1129
                          SAEDRVT14_TAPDS saed14rvt        
tapfiller!SAEDRVT14_TAPDS!113
                          SAEDRVT14_TAPDS saed14rvt        
tapfiller!SAEDRVT14_TAPDS!1130
                          SAEDRVT14_TAPDS saed14rvt        
tapfiller!SAEDRVT14_TAPDS!1131
                          SAEDRVT14_TAPDS saed14rvt        
tapfiller!SAEDRVT14_TAPDS!1132
                          SAEDRVT14_TAPDS saed14rvt        
tapfiller!SAEDRVT14_TAPDS!1133
                          SAEDRVT14_TAPDS saed14rvt        
tapfiller!SAEDRVT14_TAPDS!1134
                          SAEDRVT14_TAPDS saed14rvt        
tapfiller!SAEDRVT14_TAPDS!1135
                          SAEDRVT14_TAPDS saed14rvt        
tapfiller!SAEDRVT14_TAPDS!1136
                          SAEDRVT14_TAPDS saed14rvt        
tapfiller!SAEDRVT14_TAPDS!1137
                          SAEDRVT14_TAPDS saed14rvt        
tapfiller!SAEDRVT14_TAPDS!1138
                          SAEDRVT14_TAPDS saed14rvt        
tapfiller!SAEDRVT14_TAPDS!1139
                          SAEDRVT14_TAPDS saed14rvt        
tapfiller!SAEDRVT14_TAPDS!114
                          SAEDRVT14_TAPDS saed14rvt        
tapfiller!SAEDRVT14_TAPDS!1140
                          SAEDRVT14_TAPDS saed14rvt        
tapfiller!SAEDRVT14_TAPDS!1141
                          SAEDRVT14_TAPDS saed14rvt        
tapfiller!SAEDRVT14_TAPDS!1142
                          SAEDRVT14_TAPDS saed14rvt        
tapfiller!SAEDRVT14_TAPDS!1143
                          SAEDRVT14_TAPDS saed14rvt        
tapfiller!SAEDRVT14_TAPDS!1144
                          SAEDRVT14_TAPDS saed14rvt        
tapfiller!SAEDRVT14_TAPDS!1145
                          SAEDRVT14_TAPDS saed14rvt        
tapfiller!SAEDRVT14_TAPDS!1146
                          SAEDRVT14_TAPDS saed14rvt        
tapfiller!SAEDRVT14_TAPDS!1147
                          SAEDRVT14_TAPDS saed14rvt        
tapfiller!SAEDRVT14_TAPDS!1148
                          SAEDRVT14_TAPDS saed14rvt        
tapfiller!SAEDRVT14_TAPDS!1149
                          SAEDRVT14_TAPDS saed14rvt        
tapfiller!SAEDRVT14_TAPDS!115
                          SAEDRVT14_TAPDS saed14rvt        
tapfiller!SAEDRVT14_TAPDS!1150
                          SAEDRVT14_TAPDS saed14rvt        
tapfiller!SAEDRVT14_TAPDS!1151
                          SAEDRVT14_TAPDS saed14rvt        
tapfiller!SAEDRVT14_TAPDS!1152
                          SAEDRVT14_TAPDS saed14rvt        
tapfiller!SAEDRVT14_TAPDS!1153
                          SAEDRVT14_TAPDS saed14rvt        
tapfiller!SAEDRVT14_TAPDS!1154
                          SAEDRVT14_TAPDS saed14rvt        
tapfiller!SAEDRVT14_TAPDS!1155
                          SAEDRVT14_TAPDS saed14rvt        
tapfiller!SAEDRVT14_TAPDS!1156
                          SAEDRVT14_TAPDS saed14rvt        
tapfiller!SAEDRVT14_TAPDS!1157
                          SAEDRVT14_TAPDS saed14rvt        
tapfiller!SAEDRVT14_TAPDS!1158
                          SAEDRVT14_TAPDS saed14rvt        
tapfiller!SAEDRVT14_TAPDS!1159
                          SAEDRVT14_TAPDS saed14rvt        
tapfiller!SAEDRVT14_TAPDS!116
                          SAEDRVT14_TAPDS saed14rvt        
tapfiller!SAEDRVT14_TAPDS!1160
                          SAEDRVT14_TAPDS saed14rvt        
tapfiller!SAEDRVT14_TAPDS!1161
                          SAEDRVT14_TAPDS saed14rvt        
tapfiller!SAEDRVT14_TAPDS!1162
                          SAEDRVT14_TAPDS saed14rvt        
tapfiller!SAEDRVT14_TAPDS!1163
                          SAEDRVT14_TAPDS saed14rvt        
tapfiller!SAEDRVT14_TAPDS!1164
                          SAEDRVT14_TAPDS saed14rvt        
tapfiller!SAEDRVT14_TAPDS!1165
                          SAEDRVT14_TAPDS saed14rvt        
tapfiller!SAEDRVT14_TAPDS!1166
                          SAEDRVT14_TAPDS saed14rvt        
tapfiller!SAEDRVT14_TAPDS!1167
                          SAEDRVT14_TAPDS saed14rvt        
tapfiller!SAEDRVT14_TAPDS!1168
                          SAEDRVT14_TAPDS saed14rvt        
tapfiller!SAEDRVT14_TAPDS!1169
                          SAEDRVT14_TAPDS saed14rvt        
tapfiller!SAEDRVT14_TAPDS!117
                          SAEDRVT14_TAPDS saed14rvt        
tapfiller!SAEDRVT14_TAPDS!1170
                          SAEDRVT14_TAPDS saed14rvt        
tapfiller!SAEDRVT14_TAPDS!1171
                          SAEDRVT14_TAPDS saed14rvt        
tapfiller!SAEDRVT14_TAPDS!1172
                          SAEDRVT14_TAPDS saed14rvt        
tapfiller!SAEDRVT14_TAPDS!1173
                          SAEDRVT14_TAPDS saed14rvt        
tapfiller!SAEDRVT14_TAPDS!1174
                          SAEDRVT14_TAPDS saed14rvt        
tapfiller!SAEDRVT14_TAPDS!1175
                          SAEDRVT14_TAPDS saed14rvt        
tapfiller!SAEDRVT14_TAPDS!1176
                          SAEDRVT14_TAPDS saed14rvt        
tapfiller!SAEDRVT14_TAPDS!1177
                          SAEDRVT14_TAPDS saed14rvt        
tapfiller!SAEDRVT14_TAPDS!1178
                          SAEDRVT14_TAPDS saed14rvt        
tapfiller!SAEDRVT14_TAPDS!1179
                          SAEDRVT14_TAPDS saed14rvt        
tapfiller!SAEDRVT14_TAPDS!118
                          SAEDRVT14_TAPDS saed14rvt        
tapfiller!SAEDRVT14_TAPDS!1180
                          SAEDRVT14_TAPDS saed14rvt        
tapfiller!SAEDRVT14_TAPDS!1181
                          SAEDRVT14_TAPDS saed14rvt        
tapfiller!SAEDRVT14_TAPDS!1182
                          SAEDRVT14_TAPDS saed14rvt        
tapfiller!SAEDRVT14_TAPDS!1183
                          SAEDRVT14_TAPDS saed14rvt        
tapfiller!SAEDRVT14_TAPDS!1184
                          SAEDRVT14_TAPDS saed14rvt        
tapfiller!SAEDRVT14_TAPDS!1185
                          SAEDRVT14_TAPDS saed14rvt        
tapfiller!SAEDRVT14_TAPDS!1186
                          SAEDRVT14_TAPDS saed14rvt        
tapfiller!SAEDRVT14_TAPDS!1187
                          SAEDRVT14_TAPDS saed14rvt        
tapfiller!SAEDRVT14_TAPDS!1188
                          SAEDRVT14_TAPDS saed14rvt        
tapfiller!SAEDRVT14_TAPDS!1189
                          SAEDRVT14_TAPDS saed14rvt        
tapfiller!SAEDRVT14_TAPDS!119
                          SAEDRVT14_TAPDS saed14rvt        
tapfiller!SAEDRVT14_TAPDS!1190
                          SAEDRVT14_TAPDS saed14rvt        
tapfiller!SAEDRVT14_TAPDS!1191
                          SAEDRVT14_TAPDS saed14rvt        
tapfiller!SAEDRVT14_TAPDS!1192
                          SAEDRVT14_TAPDS saed14rvt        
tapfiller!SAEDRVT14_TAPDS!1193
                          SAEDRVT14_TAPDS saed14rvt        
tapfiller!SAEDRVT14_TAPDS!1194
                          SAEDRVT14_TAPDS saed14rvt        
tapfiller!SAEDRVT14_TAPDS!1195
                          SAEDRVT14_TAPDS saed14rvt        
tapfiller!SAEDRVT14_TAPDS!1196
                          SAEDRVT14_TAPDS saed14rvt        
tapfiller!SAEDRVT14_TAPDS!1197
                          SAEDRVT14_TAPDS saed14rvt        
tapfiller!SAEDRVT14_TAPDS!1198
                          SAEDRVT14_TAPDS saed14rvt        
tapfiller!SAEDRVT14_TAPDS!1199
                          SAEDRVT14_TAPDS saed14rvt        
tapfiller!SAEDRVT14_TAPDS!12
                          SAEDRVT14_TAPDS saed14rvt        
tapfiller!SAEDRVT14_TAPDS!120
                          SAEDRVT14_TAPDS saed14rvt        
tapfiller!SAEDRVT14_TAPDS!1200
                          SAEDRVT14_TAPDS saed14rvt        
tapfiller!SAEDRVT14_TAPDS!1201
                          SAEDRVT14_TAPDS saed14rvt        
tapfiller!SAEDRVT14_TAPDS!1202
                          SAEDRVT14_TAPDS saed14rvt        
tapfiller!SAEDRVT14_TAPDS!1203
                          SAEDRVT14_TAPDS saed14rvt        
tapfiller!SAEDRVT14_TAPDS!1204
                          SAEDRVT14_TAPDS saed14rvt        
tapfiller!SAEDRVT14_TAPDS!1205
                          SAEDRVT14_TAPDS saed14rvt        
tapfiller!SAEDRVT14_TAPDS!1206
                          SAEDRVT14_TAPDS saed14rvt        
tapfiller!SAEDRVT14_TAPDS!1207
                          SAEDRVT14_TAPDS saed14rvt        
tapfiller!SAEDRVT14_TAPDS!1208
                          SAEDRVT14_TAPDS saed14rvt        
tapfiller!SAEDRVT14_TAPDS!1209
                          SAEDRVT14_TAPDS saed14rvt        
tapfiller!SAEDRVT14_TAPDS!121
                          SAEDRVT14_TAPDS saed14rvt        
tapfiller!SAEDRVT14_TAPDS!1210
                          SAEDRVT14_TAPDS saed14rvt        
tapfiller!SAEDRVT14_TAPDS!1211
                          SAEDRVT14_TAPDS saed14rvt        
tapfiller!SAEDRVT14_TAPDS!1212
                          SAEDRVT14_TAPDS saed14rvt        
tapfiller!SAEDRVT14_TAPDS!1213
                          SAEDRVT14_TAPDS saed14rvt        
tapfiller!SAEDRVT14_TAPDS!1214
                          SAEDRVT14_TAPDS saed14rvt        
tapfiller!SAEDRVT14_TAPDS!1215
                          SAEDRVT14_TAPDS saed14rvt        
tapfiller!SAEDRVT14_TAPDS!1216
                          SAEDRVT14_TAPDS saed14rvt        
tapfiller!SAEDRVT14_TAPDS!1217
                          SAEDRVT14_TAPDS saed14rvt        
tapfiller!SAEDRVT14_TAPDS!1218
                          SAEDRVT14_TAPDS saed14rvt        
tapfiller!SAEDRVT14_TAPDS!1219
                          SAEDRVT14_TAPDS saed14rvt        
tapfiller!SAEDRVT14_TAPDS!122
                          SAEDRVT14_TAPDS saed14rvt        
tapfiller!SAEDRVT14_TAPDS!1220
                          SAEDRVT14_TAPDS saed14rvt        
tapfiller!SAEDRVT14_TAPDS!1221
                          SAEDRVT14_TAPDS saed14rvt        
tapfiller!SAEDRVT14_TAPDS!1222
                          SAEDRVT14_TAPDS saed14rvt        
tapfiller!SAEDRVT14_TAPDS!1223
                          SAEDRVT14_TAPDS saed14rvt        
tapfiller!SAEDRVT14_TAPDS!1224
                          SAEDRVT14_TAPDS saed14rvt        
tapfiller!SAEDRVT14_TAPDS!1225
                          SAEDRVT14_TAPDS saed14rvt        
tapfiller!SAEDRVT14_TAPDS!1226
                          SAEDRVT14_TAPDS saed14rvt        
tapfiller!SAEDRVT14_TAPDS!1227
                          SAEDRVT14_TAPDS saed14rvt        
tapfiller!SAEDRVT14_TAPDS!1228
                          SAEDRVT14_TAPDS saed14rvt        
tapfiller!SAEDRVT14_TAPDS!1229
                          SAEDRVT14_TAPDS saed14rvt        
tapfiller!SAEDRVT14_TAPDS!123
                          SAEDRVT14_TAPDS saed14rvt        
tapfiller!SAEDRVT14_TAPDS!1230
                          SAEDRVT14_TAPDS saed14rvt        
tapfiller!SAEDRVT14_TAPDS!1231
                          SAEDRVT14_TAPDS saed14rvt        
tapfiller!SAEDRVT14_TAPDS!1232
                          SAEDRVT14_TAPDS saed14rvt        
tapfiller!SAEDRVT14_TAPDS!1233
                          SAEDRVT14_TAPDS saed14rvt        
tapfiller!SAEDRVT14_TAPDS!1234
                          SAEDRVT14_TAPDS saed14rvt        
tapfiller!SAEDRVT14_TAPDS!1235
                          SAEDRVT14_TAPDS saed14rvt        
tapfiller!SAEDRVT14_TAPDS!1236
                          SAEDRVT14_TAPDS saed14rvt        
tapfiller!SAEDRVT14_TAPDS!1237
                          SAEDRVT14_TAPDS saed14rvt        
tapfiller!SAEDRVT14_TAPDS!1238
                          SAEDRVT14_TAPDS saed14rvt        
tapfiller!SAEDRVT14_TAPDS!1239
                          SAEDRVT14_TAPDS saed14rvt        
tapfiller!SAEDRVT14_TAPDS!124
                          SAEDRVT14_TAPDS saed14rvt        
tapfiller!SAEDRVT14_TAPDS!1240
                          SAEDRVT14_TAPDS saed14rvt        
tapfiller!SAEDRVT14_TAPDS!1241
                          SAEDRVT14_TAPDS saed14rvt        
tapfiller!SAEDRVT14_TAPDS!1242
                          SAEDRVT14_TAPDS saed14rvt        
tapfiller!SAEDRVT14_TAPDS!1243
                          SAEDRVT14_TAPDS saed14rvt        
tapfiller!SAEDRVT14_TAPDS!1244
                          SAEDRVT14_TAPDS saed14rvt        
tapfiller!SAEDRVT14_TAPDS!1245
                          SAEDRVT14_TAPDS saed14rvt        
tapfiller!SAEDRVT14_TAPDS!1246
                          SAEDRVT14_TAPDS saed14rvt        
tapfiller!SAEDRVT14_TAPDS!1247
                          SAEDRVT14_TAPDS saed14rvt        
tapfiller!SAEDRVT14_TAPDS!1248
                          SAEDRVT14_TAPDS saed14rvt        
tapfiller!SAEDRVT14_TAPDS!1249
                          SAEDRVT14_TAPDS saed14rvt        
tapfiller!SAEDRVT14_TAPDS!125
                          SAEDRVT14_TAPDS saed14rvt        
tapfiller!SAEDRVT14_TAPDS!1250
                          SAEDRVT14_TAPDS saed14rvt        
tapfiller!SAEDRVT14_TAPDS!1251
                          SAEDRVT14_TAPDS saed14rvt        
tapfiller!SAEDRVT14_TAPDS!1252
                          SAEDRVT14_TAPDS saed14rvt        
tapfiller!SAEDRVT14_TAPDS!1253
                          SAEDRVT14_TAPDS saed14rvt        
tapfiller!SAEDRVT14_TAPDS!1254
                          SAEDRVT14_TAPDS saed14rvt        
tapfiller!SAEDRVT14_TAPDS!1255
                          SAEDRVT14_TAPDS saed14rvt        
tapfiller!SAEDRVT14_TAPDS!1256
                          SAEDRVT14_TAPDS saed14rvt        
tapfiller!SAEDRVT14_TAPDS!1257
                          SAEDRVT14_TAPDS saed14rvt        
tapfiller!SAEDRVT14_TAPDS!1258
                          SAEDRVT14_TAPDS saed14rvt        
tapfiller!SAEDRVT14_TAPDS!1259
                          SAEDRVT14_TAPDS saed14rvt        
tapfiller!SAEDRVT14_TAPDS!126
                          SAEDRVT14_TAPDS saed14rvt        
tapfiller!SAEDRVT14_TAPDS!1260
                          SAEDRVT14_TAPDS saed14rvt        
tapfiller!SAEDRVT14_TAPDS!1261
                          SAEDRVT14_TAPDS saed14rvt        
tapfiller!SAEDRVT14_TAPDS!1262
                          SAEDRVT14_TAPDS saed14rvt        
tapfiller!SAEDRVT14_TAPDS!1263
                          SAEDRVT14_TAPDS saed14rvt        
tapfiller!SAEDRVT14_TAPDS!1264
                          SAEDRVT14_TAPDS saed14rvt        
tapfiller!SAEDRVT14_TAPDS!1265
                          SAEDRVT14_TAPDS saed14rvt        
tapfiller!SAEDRVT14_TAPDS!1266
                          SAEDRVT14_TAPDS saed14rvt        
tapfiller!SAEDRVT14_TAPDS!1267
                          SAEDRVT14_TAPDS saed14rvt        
tapfiller!SAEDRVT14_TAPDS!1268
                          SAEDRVT14_TAPDS saed14rvt        
tapfiller!SAEDRVT14_TAPDS!1269
                          SAEDRVT14_TAPDS saed14rvt        
tapfiller!SAEDRVT14_TAPDS!127
                          SAEDRVT14_TAPDS saed14rvt        
tapfiller!SAEDRVT14_TAPDS!1270
                          SAEDRVT14_TAPDS saed14rvt        
tapfiller!SAEDRVT14_TAPDS!1271
                          SAEDRVT14_TAPDS saed14rvt        
tapfiller!SAEDRVT14_TAPDS!1272
                          SAEDRVT14_TAPDS saed14rvt        
tapfiller!SAEDRVT14_TAPDS!1273
                          SAEDRVT14_TAPDS saed14rvt        
tapfiller!SAEDRVT14_TAPDS!1274
                          SAEDRVT14_TAPDS saed14rvt        
tapfiller!SAEDRVT14_TAPDS!1275
                          SAEDRVT14_TAPDS saed14rvt        
tapfiller!SAEDRVT14_TAPDS!1276
                          SAEDRVT14_TAPDS saed14rvt        
tapfiller!SAEDRVT14_TAPDS!1277
                          SAEDRVT14_TAPDS saed14rvt        
tapfiller!SAEDRVT14_TAPDS!1278
                          SAEDRVT14_TAPDS saed14rvt        
tapfiller!SAEDRVT14_TAPDS!1279
                          SAEDRVT14_TAPDS saed14rvt        
tapfiller!SAEDRVT14_TAPDS!128
                          SAEDRVT14_TAPDS saed14rvt        
tapfiller!SAEDRVT14_TAPDS!1280
                          SAEDRVT14_TAPDS saed14rvt        
tapfiller!SAEDRVT14_TAPDS!1281
                          SAEDRVT14_TAPDS saed14rvt        
tapfiller!SAEDRVT14_TAPDS!1282
                          SAEDRVT14_TAPDS saed14rvt        
tapfiller!SAEDRVT14_TAPDS!1283
                          SAEDRVT14_TAPDS saed14rvt        
tapfiller!SAEDRVT14_TAPDS!1284
                          SAEDRVT14_TAPDS saed14rvt        
tapfiller!SAEDRVT14_TAPDS!1285
                          SAEDRVT14_TAPDS saed14rvt        
tapfiller!SAEDRVT14_TAPDS!1286
                          SAEDRVT14_TAPDS saed14rvt        
tapfiller!SAEDRVT14_TAPDS!1287
                          SAEDRVT14_TAPDS saed14rvt        
tapfiller!SAEDRVT14_TAPDS!1288
                          SAEDRVT14_TAPDS saed14rvt        
tapfiller!SAEDRVT14_TAPDS!1289
                          SAEDRVT14_TAPDS saed14rvt        
tapfiller!SAEDRVT14_TAPDS!129
                          SAEDRVT14_TAPDS saed14rvt        
tapfiller!SAEDRVT14_TAPDS!1290
                          SAEDRVT14_TAPDS saed14rvt        
tapfiller!SAEDRVT14_TAPDS!1291
                          SAEDRVT14_TAPDS saed14rvt        
tapfiller!SAEDRVT14_TAPDS!1292
                          SAEDRVT14_TAPDS saed14rvt        
tapfiller!SAEDRVT14_TAPDS!1293
                          SAEDRVT14_TAPDS saed14rvt        
tapfiller!SAEDRVT14_TAPDS!1294
                          SAEDRVT14_TAPDS saed14rvt        
tapfiller!SAEDRVT14_TAPDS!1295
                          SAEDRVT14_TAPDS saed14rvt        
tapfiller!SAEDRVT14_TAPDS!1296
                          SAEDRVT14_TAPDS saed14rvt        
tapfiller!SAEDRVT14_TAPDS!1297
                          SAEDRVT14_TAPDS saed14rvt        
tapfiller!SAEDRVT14_TAPDS!1298
                          SAEDRVT14_TAPDS saed14rvt        
tapfiller!SAEDRVT14_TAPDS!1299
                          SAEDRVT14_TAPDS saed14rvt        
tapfiller!SAEDRVT14_TAPDS!13
                          SAEDRVT14_TAPDS saed14rvt        
tapfiller!SAEDRVT14_TAPDS!130
                          SAEDRVT14_TAPDS saed14rvt        
tapfiller!SAEDRVT14_TAPDS!1300
                          SAEDRVT14_TAPDS saed14rvt        
tapfiller!SAEDRVT14_TAPDS!1301
                          SAEDRVT14_TAPDS saed14rvt        
tapfiller!SAEDRVT14_TAPDS!1302
                          SAEDRVT14_TAPDS saed14rvt        
tapfiller!SAEDRVT14_TAPDS!1303
                          SAEDRVT14_TAPDS saed14rvt        
tapfiller!SAEDRVT14_TAPDS!1304
                          SAEDRVT14_TAPDS saed14rvt        
tapfiller!SAEDRVT14_TAPDS!1305
                          SAEDRVT14_TAPDS saed14rvt        
tapfiller!SAEDRVT14_TAPDS!1306
                          SAEDRVT14_TAPDS saed14rvt        
tapfiller!SAEDRVT14_TAPDS!1307
                          SAEDRVT14_TAPDS saed14rvt        
tapfiller!SAEDRVT14_TAPDS!1308
                          SAEDRVT14_TAPDS saed14rvt        
tapfiller!SAEDRVT14_TAPDS!1309
                          SAEDRVT14_TAPDS saed14rvt        
tapfiller!SAEDRVT14_TAPDS!131
                          SAEDRVT14_TAPDS saed14rvt        
tapfiller!SAEDRVT14_TAPDS!1310
                          SAEDRVT14_TAPDS saed14rvt        
tapfiller!SAEDRVT14_TAPDS!1311
                          SAEDRVT14_TAPDS saed14rvt        
tapfiller!SAEDRVT14_TAPDS!1312
                          SAEDRVT14_TAPDS saed14rvt        
tapfiller!SAEDRVT14_TAPDS!1313
                          SAEDRVT14_TAPDS saed14rvt        
tapfiller!SAEDRVT14_TAPDS!1314
                          SAEDRVT14_TAPDS saed14rvt        
tapfiller!SAEDRVT14_TAPDS!1315
                          SAEDRVT14_TAPDS saed14rvt        
tapfiller!SAEDRVT14_TAPDS!1316
                          SAEDRVT14_TAPDS saed14rvt        
tapfiller!SAEDRVT14_TAPDS!1317
                          SAEDRVT14_TAPDS saed14rvt        
tapfiller!SAEDRVT14_TAPDS!1318
                          SAEDRVT14_TAPDS saed14rvt        
tapfiller!SAEDRVT14_TAPDS!1319
                          SAEDRVT14_TAPDS saed14rvt        
tapfiller!SAEDRVT14_TAPDS!132
                          SAEDRVT14_TAPDS saed14rvt        
tapfiller!SAEDRVT14_TAPDS!1320
                          SAEDRVT14_TAPDS saed14rvt        
tapfiller!SAEDRVT14_TAPDS!1321
                          SAEDRVT14_TAPDS saed14rvt        
tapfiller!SAEDRVT14_TAPDS!1322
                          SAEDRVT14_TAPDS saed14rvt        
tapfiller!SAEDRVT14_TAPDS!1323
                          SAEDRVT14_TAPDS saed14rvt        
tapfiller!SAEDRVT14_TAPDS!1324
                          SAEDRVT14_TAPDS saed14rvt        
tapfiller!SAEDRVT14_TAPDS!1325
                          SAEDRVT14_TAPDS saed14rvt        
tapfiller!SAEDRVT14_TAPDS!1326
                          SAEDRVT14_TAPDS saed14rvt        
tapfiller!SAEDRVT14_TAPDS!1327
                          SAEDRVT14_TAPDS saed14rvt        
tapfiller!SAEDRVT14_TAPDS!1328
                          SAEDRVT14_TAPDS saed14rvt        
tapfiller!SAEDRVT14_TAPDS!1329
                          SAEDRVT14_TAPDS saed14rvt        
tapfiller!SAEDRVT14_TAPDS!133
                          SAEDRVT14_TAPDS saed14rvt        
tapfiller!SAEDRVT14_TAPDS!1330
                          SAEDRVT14_TAPDS saed14rvt        
tapfiller!SAEDRVT14_TAPDS!1331
                          SAEDRVT14_TAPDS saed14rvt        
tapfiller!SAEDRVT14_TAPDS!1332
                          SAEDRVT14_TAPDS saed14rvt        
tapfiller!SAEDRVT14_TAPDS!1333
                          SAEDRVT14_TAPDS saed14rvt        
tapfiller!SAEDRVT14_TAPDS!1334
                          SAEDRVT14_TAPDS saed14rvt        
tapfiller!SAEDRVT14_TAPDS!1335
                          SAEDRVT14_TAPDS saed14rvt        
tapfiller!SAEDRVT14_TAPDS!1336
                          SAEDRVT14_TAPDS saed14rvt        
tapfiller!SAEDRVT14_TAPDS!1337
                          SAEDRVT14_TAPDS saed14rvt        
tapfiller!SAEDRVT14_TAPDS!1338
                          SAEDRVT14_TAPDS saed14rvt        
tapfiller!SAEDRVT14_TAPDS!1339
                          SAEDRVT14_TAPDS saed14rvt        
tapfiller!SAEDRVT14_TAPDS!134
                          SAEDRVT14_TAPDS saed14rvt        
tapfiller!SAEDRVT14_TAPDS!1340
                          SAEDRVT14_TAPDS saed14rvt        
tapfiller!SAEDRVT14_TAPDS!1341
                          SAEDRVT14_TAPDS saed14rvt        
tapfiller!SAEDRVT14_TAPDS!1342
                          SAEDRVT14_TAPDS saed14rvt        
tapfiller!SAEDRVT14_TAPDS!1343
                          SAEDRVT14_TAPDS saed14rvt        
tapfiller!SAEDRVT14_TAPDS!1344
                          SAEDRVT14_TAPDS saed14rvt        
tapfiller!SAEDRVT14_TAPDS!1345
                          SAEDRVT14_TAPDS saed14rvt        
tapfiller!SAEDRVT14_TAPDS!1346
                          SAEDRVT14_TAPDS saed14rvt        
tapfiller!SAEDRVT14_TAPDS!1347
                          SAEDRVT14_TAPDS saed14rvt        
tapfiller!SAEDRVT14_TAPDS!1348
                          SAEDRVT14_TAPDS saed14rvt        
tapfiller!SAEDRVT14_TAPDS!1349
                          SAEDRVT14_TAPDS saed14rvt        
tapfiller!SAEDRVT14_TAPDS!135
                          SAEDRVT14_TAPDS saed14rvt        
tapfiller!SAEDRVT14_TAPDS!1350
                          SAEDRVT14_TAPDS saed14rvt        
tapfiller!SAEDRVT14_TAPDS!1351
                          SAEDRVT14_TAPDS saed14rvt        
tapfiller!SAEDRVT14_TAPDS!1352
                          SAEDRVT14_TAPDS saed14rvt        
tapfiller!SAEDRVT14_TAPDS!1353
                          SAEDRVT14_TAPDS saed14rvt        
tapfiller!SAEDRVT14_TAPDS!1354
                          SAEDRVT14_TAPDS saed14rvt        
tapfiller!SAEDRVT14_TAPDS!1355
                          SAEDRVT14_TAPDS saed14rvt        
tapfiller!SAEDRVT14_TAPDS!1356
                          SAEDRVT14_TAPDS saed14rvt        
tapfiller!SAEDRVT14_TAPDS!1357
                          SAEDRVT14_TAPDS saed14rvt        
tapfiller!SAEDRVT14_TAPDS!1358
                          SAEDRVT14_TAPDS saed14rvt        
tapfiller!SAEDRVT14_TAPDS!1359
                          SAEDRVT14_TAPDS saed14rvt        
tapfiller!SAEDRVT14_TAPDS!136
                          SAEDRVT14_TAPDS saed14rvt        
tapfiller!SAEDRVT14_TAPDS!1360
                          SAEDRVT14_TAPDS saed14rvt        
tapfiller!SAEDRVT14_TAPDS!1361
                          SAEDRVT14_TAPDS saed14rvt        
tapfiller!SAEDRVT14_TAPDS!1362
                          SAEDRVT14_TAPDS saed14rvt        
tapfiller!SAEDRVT14_TAPDS!1363
                          SAEDRVT14_TAPDS saed14rvt        
tapfiller!SAEDRVT14_TAPDS!1364
                          SAEDRVT14_TAPDS saed14rvt        
tapfiller!SAEDRVT14_TAPDS!1365
                          SAEDRVT14_TAPDS saed14rvt        
tapfiller!SAEDRVT14_TAPDS!1366
                          SAEDRVT14_TAPDS saed14rvt        
tapfiller!SAEDRVT14_TAPDS!1367
                          SAEDRVT14_TAPDS saed14rvt        
tapfiller!SAEDRVT14_TAPDS!1368
                          SAEDRVT14_TAPDS saed14rvt        
tapfiller!SAEDRVT14_TAPDS!1369
                          SAEDRVT14_TAPDS saed14rvt        
tapfiller!SAEDRVT14_TAPDS!137
                          SAEDRVT14_TAPDS saed14rvt        
tapfiller!SAEDRVT14_TAPDS!1370
                          SAEDRVT14_TAPDS saed14rvt        
tapfiller!SAEDRVT14_TAPDS!1371
                          SAEDRVT14_TAPDS saed14rvt        
tapfiller!SAEDRVT14_TAPDS!1372
                          SAEDRVT14_TAPDS saed14rvt        
tapfiller!SAEDRVT14_TAPDS!1373
                          SAEDRVT14_TAPDS saed14rvt        
tapfiller!SAEDRVT14_TAPDS!1374
                          SAEDRVT14_TAPDS saed14rvt        
tapfiller!SAEDRVT14_TAPDS!1375
                          SAEDRVT14_TAPDS saed14rvt        
tapfiller!SAEDRVT14_TAPDS!1376
                          SAEDRVT14_TAPDS saed14rvt        
tapfiller!SAEDRVT14_TAPDS!1377
                          SAEDRVT14_TAPDS saed14rvt        
tapfiller!SAEDRVT14_TAPDS!1378
                          SAEDRVT14_TAPDS saed14rvt        
tapfiller!SAEDRVT14_TAPDS!1379
                          SAEDRVT14_TAPDS saed14rvt        
tapfiller!SAEDRVT14_TAPDS!138
                          SAEDRVT14_TAPDS saed14rvt        
tapfiller!SAEDRVT14_TAPDS!1380
                          SAEDRVT14_TAPDS saed14rvt        
tapfiller!SAEDRVT14_TAPDS!1381
                          SAEDRVT14_TAPDS saed14rvt        
tapfiller!SAEDRVT14_TAPDS!1382
                          SAEDRVT14_TAPDS saed14rvt        
tapfiller!SAEDRVT14_TAPDS!1383
                          SAEDRVT14_TAPDS saed14rvt        
tapfiller!SAEDRVT14_TAPDS!1384
                          SAEDRVT14_TAPDS saed14rvt        
tapfiller!SAEDRVT14_TAPDS!1385
                          SAEDRVT14_TAPDS saed14rvt        
tapfiller!SAEDRVT14_TAPDS!1386
                          SAEDRVT14_TAPDS saed14rvt        
tapfiller!SAEDRVT14_TAPDS!1387
                          SAEDRVT14_TAPDS saed14rvt        
tapfiller!SAEDRVT14_TAPDS!1388
                          SAEDRVT14_TAPDS saed14rvt        
tapfiller!SAEDRVT14_TAPDS!1389
                          SAEDRVT14_TAPDS saed14rvt        
tapfiller!SAEDRVT14_TAPDS!139
                          SAEDRVT14_TAPDS saed14rvt        
tapfiller!SAEDRVT14_TAPDS!1390
                          SAEDRVT14_TAPDS saed14rvt        
tapfiller!SAEDRVT14_TAPDS!1391
                          SAEDRVT14_TAPDS saed14rvt        
tapfiller!SAEDRVT14_TAPDS!1392
                          SAEDRVT14_TAPDS saed14rvt        
tapfiller!SAEDRVT14_TAPDS!1393
                          SAEDRVT14_TAPDS saed14rvt        
tapfiller!SAEDRVT14_TAPDS!1394
                          SAEDRVT14_TAPDS saed14rvt        
tapfiller!SAEDRVT14_TAPDS!1395
                          SAEDRVT14_TAPDS saed14rvt        
tapfiller!SAEDRVT14_TAPDS!1396
                          SAEDRVT14_TAPDS saed14rvt        
tapfiller!SAEDRVT14_TAPDS!1397
                          SAEDRVT14_TAPDS saed14rvt        
tapfiller!SAEDRVT14_TAPDS!1398
                          SAEDRVT14_TAPDS saed14rvt        
tapfiller!SAEDRVT14_TAPDS!1399
                          SAEDRVT14_TAPDS saed14rvt        
tapfiller!SAEDRVT14_TAPDS!14
                          SAEDRVT14_TAPDS saed14rvt        
tapfiller!SAEDRVT14_TAPDS!140
                          SAEDRVT14_TAPDS saed14rvt        
tapfiller!SAEDRVT14_TAPDS!1400
                          SAEDRVT14_TAPDS saed14rvt        
tapfiller!SAEDRVT14_TAPDS!1401
                          SAEDRVT14_TAPDS saed14rvt        
tapfiller!SAEDRVT14_TAPDS!1402
                          SAEDRVT14_TAPDS saed14rvt        
tapfiller!SAEDRVT14_TAPDS!1403
                          SAEDRVT14_TAPDS saed14rvt        
tapfiller!SAEDRVT14_TAPDS!1404
                          SAEDRVT14_TAPDS saed14rvt        
tapfiller!SAEDRVT14_TAPDS!1405
                          SAEDRVT14_TAPDS saed14rvt        
tapfiller!SAEDRVT14_TAPDS!1406
                          SAEDRVT14_TAPDS saed14rvt        
tapfiller!SAEDRVT14_TAPDS!1407
                          SAEDRVT14_TAPDS saed14rvt        
tapfiller!SAEDRVT14_TAPDS!1408
                          SAEDRVT14_TAPDS saed14rvt        
tapfiller!SAEDRVT14_TAPDS!1409
                          SAEDRVT14_TAPDS saed14rvt        
tapfiller!SAEDRVT14_TAPDS!141
                          SAEDRVT14_TAPDS saed14rvt        
tapfiller!SAEDRVT14_TAPDS!1410
                          SAEDRVT14_TAPDS saed14rvt        
tapfiller!SAEDRVT14_TAPDS!1411
                          SAEDRVT14_TAPDS saed14rvt        
tapfiller!SAEDRVT14_TAPDS!1412
                          SAEDRVT14_TAPDS saed14rvt        
tapfiller!SAEDRVT14_TAPDS!1413
                          SAEDRVT14_TAPDS saed14rvt        
tapfiller!SAEDRVT14_TAPDS!1414
                          SAEDRVT14_TAPDS saed14rvt        
tapfiller!SAEDRVT14_TAPDS!1415
                          SAEDRVT14_TAPDS saed14rvt        
tapfiller!SAEDRVT14_TAPDS!1416
                          SAEDRVT14_TAPDS saed14rvt        
tapfiller!SAEDRVT14_TAPDS!1417
                          SAEDRVT14_TAPDS saed14rvt        
tapfiller!SAEDRVT14_TAPDS!1418
                          SAEDRVT14_TAPDS saed14rvt        
tapfiller!SAEDRVT14_TAPDS!1419
                          SAEDRVT14_TAPDS saed14rvt        
tapfiller!SAEDRVT14_TAPDS!142
                          SAEDRVT14_TAPDS saed14rvt        
tapfiller!SAEDRVT14_TAPDS!1420
                          SAEDRVT14_TAPDS saed14rvt        
tapfiller!SAEDRVT14_TAPDS!1421
                          SAEDRVT14_TAPDS saed14rvt        
tapfiller!SAEDRVT14_TAPDS!1422
                          SAEDRVT14_TAPDS saed14rvt        
tapfiller!SAEDRVT14_TAPDS!1423
                          SAEDRVT14_TAPDS saed14rvt        
tapfiller!SAEDRVT14_TAPDS!1424
                          SAEDRVT14_TAPDS saed14rvt        
tapfiller!SAEDRVT14_TAPDS!1425
                          SAEDRVT14_TAPDS saed14rvt        
tapfiller!SAEDRVT14_TAPDS!1426
                          SAEDRVT14_TAPDS saed14rvt        
tapfiller!SAEDRVT14_TAPDS!1427
                          SAEDRVT14_TAPDS saed14rvt        
tapfiller!SAEDRVT14_TAPDS!1428
                          SAEDRVT14_TAPDS saed14rvt        
tapfiller!SAEDRVT14_TAPDS!1429
                          SAEDRVT14_TAPDS saed14rvt        
tapfiller!SAEDRVT14_TAPDS!143
                          SAEDRVT14_TAPDS saed14rvt        
tapfiller!SAEDRVT14_TAPDS!1430
                          SAEDRVT14_TAPDS saed14rvt        
tapfiller!SAEDRVT14_TAPDS!1431
                          SAEDRVT14_TAPDS saed14rvt        
tapfiller!SAEDRVT14_TAPDS!1432
                          SAEDRVT14_TAPDS saed14rvt        
tapfiller!SAEDRVT14_TAPDS!1433
                          SAEDRVT14_TAPDS saed14rvt        
tapfiller!SAEDRVT14_TAPDS!1434
                          SAEDRVT14_TAPDS saed14rvt        
tapfiller!SAEDRVT14_TAPDS!1435
                          SAEDRVT14_TAPDS saed14rvt        
tapfiller!SAEDRVT14_TAPDS!1436
                          SAEDRVT14_TAPDS saed14rvt        
tapfiller!SAEDRVT14_TAPDS!1437
                          SAEDRVT14_TAPDS saed14rvt        
tapfiller!SAEDRVT14_TAPDS!1438
                          SAEDRVT14_TAPDS saed14rvt        
tapfiller!SAEDRVT14_TAPDS!1439
                          SAEDRVT14_TAPDS saed14rvt        
tapfiller!SAEDRVT14_TAPDS!144
                          SAEDRVT14_TAPDS saed14rvt        
tapfiller!SAEDRVT14_TAPDS!1440
                          SAEDRVT14_TAPDS saed14rvt        
tapfiller!SAEDRVT14_TAPDS!1441
                          SAEDRVT14_TAPDS saed14rvt        
tapfiller!SAEDRVT14_TAPDS!1442
                          SAEDRVT14_TAPDS saed14rvt        
tapfiller!SAEDRVT14_TAPDS!1443
                          SAEDRVT14_TAPDS saed14rvt        
tapfiller!SAEDRVT14_TAPDS!1444
                          SAEDRVT14_TAPDS saed14rvt        
tapfiller!SAEDRVT14_TAPDS!1445
                          SAEDRVT14_TAPDS saed14rvt        
tapfiller!SAEDRVT14_TAPDS!1446
                          SAEDRVT14_TAPDS saed14rvt        
tapfiller!SAEDRVT14_TAPDS!1447
                          SAEDRVT14_TAPDS saed14rvt        
tapfiller!SAEDRVT14_TAPDS!1448
                          SAEDRVT14_TAPDS saed14rvt        
tapfiller!SAEDRVT14_TAPDS!1449
                          SAEDRVT14_TAPDS saed14rvt        
tapfiller!SAEDRVT14_TAPDS!145
                          SAEDRVT14_TAPDS saed14rvt        
tapfiller!SAEDRVT14_TAPDS!1450
                          SAEDRVT14_TAPDS saed14rvt        
tapfiller!SAEDRVT14_TAPDS!1451
                          SAEDRVT14_TAPDS saed14rvt        
tapfiller!SAEDRVT14_TAPDS!1452
                          SAEDRVT14_TAPDS saed14rvt        
tapfiller!SAEDRVT14_TAPDS!1453
                          SAEDRVT14_TAPDS saed14rvt        
tapfiller!SAEDRVT14_TAPDS!1454
                          SAEDRVT14_TAPDS saed14rvt        
tapfiller!SAEDRVT14_TAPDS!1455
                          SAEDRVT14_TAPDS saed14rvt        
tapfiller!SAEDRVT14_TAPDS!1456
                          SAEDRVT14_TAPDS saed14rvt        
tapfiller!SAEDRVT14_TAPDS!1457
                          SAEDRVT14_TAPDS saed14rvt        
tapfiller!SAEDRVT14_TAPDS!1458
                          SAEDRVT14_TAPDS saed14rvt        
tapfiller!SAEDRVT14_TAPDS!1459
                          SAEDRVT14_TAPDS saed14rvt        
tapfiller!SAEDRVT14_TAPDS!146
                          SAEDRVT14_TAPDS saed14rvt        
tapfiller!SAEDRVT14_TAPDS!1460
                          SAEDRVT14_TAPDS saed14rvt        
tapfiller!SAEDRVT14_TAPDS!1461
                          SAEDRVT14_TAPDS saed14rvt        
tapfiller!SAEDRVT14_TAPDS!1462
                          SAEDRVT14_TAPDS saed14rvt        
tapfiller!SAEDRVT14_TAPDS!1463
                          SAEDRVT14_TAPDS saed14rvt        
tapfiller!SAEDRVT14_TAPDS!1464
                          SAEDRVT14_TAPDS saed14rvt        
tapfiller!SAEDRVT14_TAPDS!1465
                          SAEDRVT14_TAPDS saed14rvt        
tapfiller!SAEDRVT14_TAPDS!1466
                          SAEDRVT14_TAPDS saed14rvt        
tapfiller!SAEDRVT14_TAPDS!1467
                          SAEDRVT14_TAPDS saed14rvt        
tapfiller!SAEDRVT14_TAPDS!1468
                          SAEDRVT14_TAPDS saed14rvt        
tapfiller!SAEDRVT14_TAPDS!1469
                          SAEDRVT14_TAPDS saed14rvt        
tapfiller!SAEDRVT14_TAPDS!147
                          SAEDRVT14_TAPDS saed14rvt        
tapfiller!SAEDRVT14_TAPDS!1470
                          SAEDRVT14_TAPDS saed14rvt        
tapfiller!SAEDRVT14_TAPDS!1471
                          SAEDRVT14_TAPDS saed14rvt        
tapfiller!SAEDRVT14_TAPDS!1472
                          SAEDRVT14_TAPDS saed14rvt        
tapfiller!SAEDRVT14_TAPDS!1473
                          SAEDRVT14_TAPDS saed14rvt        
tapfiller!SAEDRVT14_TAPDS!1474
                          SAEDRVT14_TAPDS saed14rvt        
tapfiller!SAEDRVT14_TAPDS!1475
                          SAEDRVT14_TAPDS saed14rvt        
tapfiller!SAEDRVT14_TAPDS!1476
                          SAEDRVT14_TAPDS saed14rvt        
tapfiller!SAEDRVT14_TAPDS!1477
                          SAEDRVT14_TAPDS saed14rvt        
tapfiller!SAEDRVT14_TAPDS!1478
                          SAEDRVT14_TAPDS saed14rvt        
tapfiller!SAEDRVT14_TAPDS!1479
                          SAEDRVT14_TAPDS saed14rvt        
tapfiller!SAEDRVT14_TAPDS!148
                          SAEDRVT14_TAPDS saed14rvt        
tapfiller!SAEDRVT14_TAPDS!1480
                          SAEDRVT14_TAPDS saed14rvt        
tapfiller!SAEDRVT14_TAPDS!1481
                          SAEDRVT14_TAPDS saed14rvt        
tapfiller!SAEDRVT14_TAPDS!1482
                          SAEDRVT14_TAPDS saed14rvt        
tapfiller!SAEDRVT14_TAPDS!1483
                          SAEDRVT14_TAPDS saed14rvt        
tapfiller!SAEDRVT14_TAPDS!1484
                          SAEDRVT14_TAPDS saed14rvt        
tapfiller!SAEDRVT14_TAPDS!1485
                          SAEDRVT14_TAPDS saed14rvt        
tapfiller!SAEDRVT14_TAPDS!1486
                          SAEDRVT14_TAPDS saed14rvt        
tapfiller!SAEDRVT14_TAPDS!1487
                          SAEDRVT14_TAPDS saed14rvt        
tapfiller!SAEDRVT14_TAPDS!1488
                          SAEDRVT14_TAPDS saed14rvt        
tapfiller!SAEDRVT14_TAPDS!1489
                          SAEDRVT14_TAPDS saed14rvt        
tapfiller!SAEDRVT14_TAPDS!149
                          SAEDRVT14_TAPDS saed14rvt        
tapfiller!SAEDRVT14_TAPDS!1490
                          SAEDRVT14_TAPDS saed14rvt        
tapfiller!SAEDRVT14_TAPDS!1491
                          SAEDRVT14_TAPDS saed14rvt        
tapfiller!SAEDRVT14_TAPDS!1492
                          SAEDRVT14_TAPDS saed14rvt        
tapfiller!SAEDRVT14_TAPDS!1493
                          SAEDRVT14_TAPDS saed14rvt        
tapfiller!SAEDRVT14_TAPDS!1494
                          SAEDRVT14_TAPDS saed14rvt        
tapfiller!SAEDRVT14_TAPDS!1495
                          SAEDRVT14_TAPDS saed14rvt        
tapfiller!SAEDRVT14_TAPDS!1496
                          SAEDRVT14_TAPDS saed14rvt        
tapfiller!SAEDRVT14_TAPDS!1497
                          SAEDRVT14_TAPDS saed14rvt        
tapfiller!SAEDRVT14_TAPDS!1498
                          SAEDRVT14_TAPDS saed14rvt        
tapfiller!SAEDRVT14_TAPDS!1499
                          SAEDRVT14_TAPDS saed14rvt        
tapfiller!SAEDRVT14_TAPDS!15
                          SAEDRVT14_TAPDS saed14rvt        
tapfiller!SAEDRVT14_TAPDS!150
                          SAEDRVT14_TAPDS saed14rvt        
tapfiller!SAEDRVT14_TAPDS!1500
                          SAEDRVT14_TAPDS saed14rvt        
tapfiller!SAEDRVT14_TAPDS!1501
                          SAEDRVT14_TAPDS saed14rvt        
tapfiller!SAEDRVT14_TAPDS!1502
                          SAEDRVT14_TAPDS saed14rvt        
tapfiller!SAEDRVT14_TAPDS!1503
                          SAEDRVT14_TAPDS saed14rvt        
tapfiller!SAEDRVT14_TAPDS!1504
                          SAEDRVT14_TAPDS saed14rvt        
tapfiller!SAEDRVT14_TAPDS!1505
                          SAEDRVT14_TAPDS saed14rvt        
tapfiller!SAEDRVT14_TAPDS!1506
                          SAEDRVT14_TAPDS saed14rvt        
tapfiller!SAEDRVT14_TAPDS!1507
                          SAEDRVT14_TAPDS saed14rvt        
tapfiller!SAEDRVT14_TAPDS!1508
                          SAEDRVT14_TAPDS saed14rvt        
tapfiller!SAEDRVT14_TAPDS!1509
                          SAEDRVT14_TAPDS saed14rvt        
tapfiller!SAEDRVT14_TAPDS!151
                          SAEDRVT14_TAPDS saed14rvt        
tapfiller!SAEDRVT14_TAPDS!1510
                          SAEDRVT14_TAPDS saed14rvt        
tapfiller!SAEDRVT14_TAPDS!1511
                          SAEDRVT14_TAPDS saed14rvt        
tapfiller!SAEDRVT14_TAPDS!1512
                          SAEDRVT14_TAPDS saed14rvt        
tapfiller!SAEDRVT14_TAPDS!1513
                          SAEDRVT14_TAPDS saed14rvt        
tapfiller!SAEDRVT14_TAPDS!1514
                          SAEDRVT14_TAPDS saed14rvt        
tapfiller!SAEDRVT14_TAPDS!1515
                          SAEDRVT14_TAPDS saed14rvt        
tapfiller!SAEDRVT14_TAPDS!1516
                          SAEDRVT14_TAPDS saed14rvt        
tapfiller!SAEDRVT14_TAPDS!1517
                          SAEDRVT14_TAPDS saed14rvt        
tapfiller!SAEDRVT14_TAPDS!1518
                          SAEDRVT14_TAPDS saed14rvt        
tapfiller!SAEDRVT14_TAPDS!1519
                          SAEDRVT14_TAPDS saed14rvt        
tapfiller!SAEDRVT14_TAPDS!152
                          SAEDRVT14_TAPDS saed14rvt        
tapfiller!SAEDRVT14_TAPDS!1520
                          SAEDRVT14_TAPDS saed14rvt        
tapfiller!SAEDRVT14_TAPDS!1521
                          SAEDRVT14_TAPDS saed14rvt        
tapfiller!SAEDRVT14_TAPDS!1522
                          SAEDRVT14_TAPDS saed14rvt        
tapfiller!SAEDRVT14_TAPDS!1523
                          SAEDRVT14_TAPDS saed14rvt        
tapfiller!SAEDRVT14_TAPDS!1524
                          SAEDRVT14_TAPDS saed14rvt        
tapfiller!SAEDRVT14_TAPDS!1525
                          SAEDRVT14_TAPDS saed14rvt        
tapfiller!SAEDRVT14_TAPDS!1526
                          SAEDRVT14_TAPDS saed14rvt        
tapfiller!SAEDRVT14_TAPDS!1527
                          SAEDRVT14_TAPDS saed14rvt        
tapfiller!SAEDRVT14_TAPDS!1528
                          SAEDRVT14_TAPDS saed14rvt        
tapfiller!SAEDRVT14_TAPDS!1529
                          SAEDRVT14_TAPDS saed14rvt        
tapfiller!SAEDRVT14_TAPDS!153
                          SAEDRVT14_TAPDS saed14rvt        
tapfiller!SAEDRVT14_TAPDS!1530
                          SAEDRVT14_TAPDS saed14rvt        
tapfiller!SAEDRVT14_TAPDS!1531
                          SAEDRVT14_TAPDS saed14rvt        
tapfiller!SAEDRVT14_TAPDS!1532
                          SAEDRVT14_TAPDS saed14rvt        
tapfiller!SAEDRVT14_TAPDS!1533
                          SAEDRVT14_TAPDS saed14rvt        
tapfiller!SAEDRVT14_TAPDS!1534
                          SAEDRVT14_TAPDS saed14rvt        
tapfiller!SAEDRVT14_TAPDS!1535
                          SAEDRVT14_TAPDS saed14rvt        
tapfiller!SAEDRVT14_TAPDS!1536
                          SAEDRVT14_TAPDS saed14rvt        
tapfiller!SAEDRVT14_TAPDS!1537
                          SAEDRVT14_TAPDS saed14rvt        
tapfiller!SAEDRVT14_TAPDS!1538
                          SAEDRVT14_TAPDS saed14rvt        
tapfiller!SAEDRVT14_TAPDS!1539
                          SAEDRVT14_TAPDS saed14rvt        
tapfiller!SAEDRVT14_TAPDS!154
                          SAEDRVT14_TAPDS saed14rvt        
tapfiller!SAEDRVT14_TAPDS!1540
                          SAEDRVT14_TAPDS saed14rvt        
tapfiller!SAEDRVT14_TAPDS!1541
                          SAEDRVT14_TAPDS saed14rvt        
tapfiller!SAEDRVT14_TAPDS!1542
                          SAEDRVT14_TAPDS saed14rvt        
tapfiller!SAEDRVT14_TAPDS!1543
                          SAEDRVT14_TAPDS saed14rvt        
tapfiller!SAEDRVT14_TAPDS!1544
                          SAEDRVT14_TAPDS saed14rvt        
tapfiller!SAEDRVT14_TAPDS!1545
                          SAEDRVT14_TAPDS saed14rvt        
tapfiller!SAEDRVT14_TAPDS!1546
                          SAEDRVT14_TAPDS saed14rvt        
tapfiller!SAEDRVT14_TAPDS!1547
                          SAEDRVT14_TAPDS saed14rvt        
tapfiller!SAEDRVT14_TAPDS!1548
                          SAEDRVT14_TAPDS saed14rvt        
tapfiller!SAEDRVT14_TAPDS!1549
                          SAEDRVT14_TAPDS saed14rvt        
tapfiller!SAEDRVT14_TAPDS!155
                          SAEDRVT14_TAPDS saed14rvt        
tapfiller!SAEDRVT14_TAPDS!1550
                          SAEDRVT14_TAPDS saed14rvt        
tapfiller!SAEDRVT14_TAPDS!1551
                          SAEDRVT14_TAPDS saed14rvt        
tapfiller!SAEDRVT14_TAPDS!1552
                          SAEDRVT14_TAPDS saed14rvt        
tapfiller!SAEDRVT14_TAPDS!1553
                          SAEDRVT14_TAPDS saed14rvt        
tapfiller!SAEDRVT14_TAPDS!1554
                          SAEDRVT14_TAPDS saed14rvt        
tapfiller!SAEDRVT14_TAPDS!1555
                          SAEDRVT14_TAPDS saed14rvt        
tapfiller!SAEDRVT14_TAPDS!1556
                          SAEDRVT14_TAPDS saed14rvt        
tapfiller!SAEDRVT14_TAPDS!1557
                          SAEDRVT14_TAPDS saed14rvt        
tapfiller!SAEDRVT14_TAPDS!1558
                          SAEDRVT14_TAPDS saed14rvt        
tapfiller!SAEDRVT14_TAPDS!1559
                          SAEDRVT14_TAPDS saed14rvt        
tapfiller!SAEDRVT14_TAPDS!156
                          SAEDRVT14_TAPDS saed14rvt        
tapfiller!SAEDRVT14_TAPDS!1560
                          SAEDRVT14_TAPDS saed14rvt        
tapfiller!SAEDRVT14_TAPDS!1561
                          SAEDRVT14_TAPDS saed14rvt        
tapfiller!SAEDRVT14_TAPDS!1562
                          SAEDRVT14_TAPDS saed14rvt        
tapfiller!SAEDRVT14_TAPDS!1563
                          SAEDRVT14_TAPDS saed14rvt        
tapfiller!SAEDRVT14_TAPDS!1564
                          SAEDRVT14_TAPDS saed14rvt        
tapfiller!SAEDRVT14_TAPDS!1565
                          SAEDRVT14_TAPDS saed14rvt        
tapfiller!SAEDRVT14_TAPDS!1566
                          SAEDRVT14_TAPDS saed14rvt        
tapfiller!SAEDRVT14_TAPDS!1567
                          SAEDRVT14_TAPDS saed14rvt        
tapfiller!SAEDRVT14_TAPDS!1568
                          SAEDRVT14_TAPDS saed14rvt        
tapfiller!SAEDRVT14_TAPDS!1569
                          SAEDRVT14_TAPDS saed14rvt        
tapfiller!SAEDRVT14_TAPDS!157
                          SAEDRVT14_TAPDS saed14rvt        
tapfiller!SAEDRVT14_TAPDS!1570
                          SAEDRVT14_TAPDS saed14rvt        
tapfiller!SAEDRVT14_TAPDS!1571
                          SAEDRVT14_TAPDS saed14rvt        
tapfiller!SAEDRVT14_TAPDS!1572
                          SAEDRVT14_TAPDS saed14rvt        
tapfiller!SAEDRVT14_TAPDS!1573
                          SAEDRVT14_TAPDS saed14rvt        
tapfiller!SAEDRVT14_TAPDS!1574
                          SAEDRVT14_TAPDS saed14rvt        
tapfiller!SAEDRVT14_TAPDS!1575
                          SAEDRVT14_TAPDS saed14rvt        
tapfiller!SAEDRVT14_TAPDS!1576
                          SAEDRVT14_TAPDS saed14rvt        
tapfiller!SAEDRVT14_TAPDS!1577
                          SAEDRVT14_TAPDS saed14rvt        
tapfiller!SAEDRVT14_TAPDS!1578
                          SAEDRVT14_TAPDS saed14rvt        
tapfiller!SAEDRVT14_TAPDS!1579
                          SAEDRVT14_TAPDS saed14rvt        
tapfiller!SAEDRVT14_TAPDS!158
                          SAEDRVT14_TAPDS saed14rvt        
tapfiller!SAEDRVT14_TAPDS!1580
                          SAEDRVT14_TAPDS saed14rvt        
tapfiller!SAEDRVT14_TAPDS!1581
                          SAEDRVT14_TAPDS saed14rvt        
tapfiller!SAEDRVT14_TAPDS!1582
                          SAEDRVT14_TAPDS saed14rvt        
tapfiller!SAEDRVT14_TAPDS!1583
                          SAEDRVT14_TAPDS saed14rvt        
tapfiller!SAEDRVT14_TAPDS!1584
                          SAEDRVT14_TAPDS saed14rvt        
tapfiller!SAEDRVT14_TAPDS!1585
                          SAEDRVT14_TAPDS saed14rvt        
tapfiller!SAEDRVT14_TAPDS!1586
                          SAEDRVT14_TAPDS saed14rvt        
tapfiller!SAEDRVT14_TAPDS!1587
                          SAEDRVT14_TAPDS saed14rvt        
tapfiller!SAEDRVT14_TAPDS!1588
                          SAEDRVT14_TAPDS saed14rvt        
tapfiller!SAEDRVT14_TAPDS!1589
                          SAEDRVT14_TAPDS saed14rvt        
tapfiller!SAEDRVT14_TAPDS!159
                          SAEDRVT14_TAPDS saed14rvt        
tapfiller!SAEDRVT14_TAPDS!1590
                          SAEDRVT14_TAPDS saed14rvt        
tapfiller!SAEDRVT14_TAPDS!1591
                          SAEDRVT14_TAPDS saed14rvt        
tapfiller!SAEDRVT14_TAPDS!1592
                          SAEDRVT14_TAPDS saed14rvt        
tapfiller!SAEDRVT14_TAPDS!1593
                          SAEDRVT14_TAPDS saed14rvt        
tapfiller!SAEDRVT14_TAPDS!1594
                          SAEDRVT14_TAPDS saed14rvt        
tapfiller!SAEDRVT14_TAPDS!1595
                          SAEDRVT14_TAPDS saed14rvt        
tapfiller!SAEDRVT14_TAPDS!1596
                          SAEDRVT14_TAPDS saed14rvt        
tapfiller!SAEDRVT14_TAPDS!1597
                          SAEDRVT14_TAPDS saed14rvt        
tapfiller!SAEDRVT14_TAPDS!1598
                          SAEDRVT14_TAPDS saed14rvt        
tapfiller!SAEDRVT14_TAPDS!1599
                          SAEDRVT14_TAPDS saed14rvt        
tapfiller!SAEDRVT14_TAPDS!16
                          SAEDRVT14_TAPDS saed14rvt        
tapfiller!SAEDRVT14_TAPDS!160
                          SAEDRVT14_TAPDS saed14rvt        
tapfiller!SAEDRVT14_TAPDS!1600
                          SAEDRVT14_TAPDS saed14rvt        
tapfiller!SAEDRVT14_TAPDS!1601
                          SAEDRVT14_TAPDS saed14rvt        
tapfiller!SAEDRVT14_TAPDS!1602
                          SAEDRVT14_TAPDS saed14rvt        
tapfiller!SAEDRVT14_TAPDS!1603
                          SAEDRVT14_TAPDS saed14rvt        
tapfiller!SAEDRVT14_TAPDS!1604
                          SAEDRVT14_TAPDS saed14rvt        
tapfiller!SAEDRVT14_TAPDS!1605
                          SAEDRVT14_TAPDS saed14rvt        
tapfiller!SAEDRVT14_TAPDS!1606
                          SAEDRVT14_TAPDS saed14rvt        
tapfiller!SAEDRVT14_TAPDS!1607
                          SAEDRVT14_TAPDS saed14rvt        
tapfiller!SAEDRVT14_TAPDS!1608
                          SAEDRVT14_TAPDS saed14rvt        
tapfiller!SAEDRVT14_TAPDS!1609
                          SAEDRVT14_TAPDS saed14rvt        
tapfiller!SAEDRVT14_TAPDS!161
                          SAEDRVT14_TAPDS saed14rvt        
tapfiller!SAEDRVT14_TAPDS!1610
                          SAEDRVT14_TAPDS saed14rvt        
tapfiller!SAEDRVT14_TAPDS!1611
                          SAEDRVT14_TAPDS saed14rvt        
tapfiller!SAEDRVT14_TAPDS!1612
                          SAEDRVT14_TAPDS saed14rvt        
tapfiller!SAEDRVT14_TAPDS!1613
                          SAEDRVT14_TAPDS saed14rvt        
tapfiller!SAEDRVT14_TAPDS!1614
                          SAEDRVT14_TAPDS saed14rvt        
tapfiller!SAEDRVT14_TAPDS!1615
                          SAEDRVT14_TAPDS saed14rvt        
tapfiller!SAEDRVT14_TAPDS!1616
                          SAEDRVT14_TAPDS saed14rvt        
tapfiller!SAEDRVT14_TAPDS!1617
                          SAEDRVT14_TAPDS saed14rvt        
tapfiller!SAEDRVT14_TAPDS!1618
                          SAEDRVT14_TAPDS saed14rvt        
tapfiller!SAEDRVT14_TAPDS!1619
                          SAEDRVT14_TAPDS saed14rvt        
tapfiller!SAEDRVT14_TAPDS!162
                          SAEDRVT14_TAPDS saed14rvt        
tapfiller!SAEDRVT14_TAPDS!1620
                          SAEDRVT14_TAPDS saed14rvt        
tapfiller!SAEDRVT14_TAPDS!1621
                          SAEDRVT14_TAPDS saed14rvt        
tapfiller!SAEDRVT14_TAPDS!1622
                          SAEDRVT14_TAPDS saed14rvt        
tapfiller!SAEDRVT14_TAPDS!1623
                          SAEDRVT14_TAPDS saed14rvt        
tapfiller!SAEDRVT14_TAPDS!1624
                          SAEDRVT14_TAPDS saed14rvt        
tapfiller!SAEDRVT14_TAPDS!1625
                          SAEDRVT14_TAPDS saed14rvt        
tapfiller!SAEDRVT14_TAPDS!1626
                          SAEDRVT14_TAPDS saed14rvt        
tapfiller!SAEDRVT14_TAPDS!1627
                          SAEDRVT14_TAPDS saed14rvt        
tapfiller!SAEDRVT14_TAPDS!1628
                          SAEDRVT14_TAPDS saed14rvt        
tapfiller!SAEDRVT14_TAPDS!1629
                          SAEDRVT14_TAPDS saed14rvt        
tapfiller!SAEDRVT14_TAPDS!163
                          SAEDRVT14_TAPDS saed14rvt        
tapfiller!SAEDRVT14_TAPDS!1630
                          SAEDRVT14_TAPDS saed14rvt        
tapfiller!SAEDRVT14_TAPDS!1631
                          SAEDRVT14_TAPDS saed14rvt        
tapfiller!SAEDRVT14_TAPDS!1632
                          SAEDRVT14_TAPDS saed14rvt        
tapfiller!SAEDRVT14_TAPDS!1633
                          SAEDRVT14_TAPDS saed14rvt        
tapfiller!SAEDRVT14_TAPDS!1634
                          SAEDRVT14_TAPDS saed14rvt        
tapfiller!SAEDRVT14_TAPDS!1635
                          SAEDRVT14_TAPDS saed14rvt        
tapfiller!SAEDRVT14_TAPDS!1636
                          SAEDRVT14_TAPDS saed14rvt        
tapfiller!SAEDRVT14_TAPDS!1637
                          SAEDRVT14_TAPDS saed14rvt        
tapfiller!SAEDRVT14_TAPDS!1638
                          SAEDRVT14_TAPDS saed14rvt        
tapfiller!SAEDRVT14_TAPDS!1639
                          SAEDRVT14_TAPDS saed14rvt        
tapfiller!SAEDRVT14_TAPDS!164
                          SAEDRVT14_TAPDS saed14rvt        
tapfiller!SAEDRVT14_TAPDS!1640
                          SAEDRVT14_TAPDS saed14rvt        
tapfiller!SAEDRVT14_TAPDS!1641
                          SAEDRVT14_TAPDS saed14rvt        
tapfiller!SAEDRVT14_TAPDS!1642
                          SAEDRVT14_TAPDS saed14rvt        
tapfiller!SAEDRVT14_TAPDS!1643
                          SAEDRVT14_TAPDS saed14rvt        
tapfiller!SAEDRVT14_TAPDS!1644
                          SAEDRVT14_TAPDS saed14rvt        
tapfiller!SAEDRVT14_TAPDS!1645
                          SAEDRVT14_TAPDS saed14rvt        
tapfiller!SAEDRVT14_TAPDS!1646
                          SAEDRVT14_TAPDS saed14rvt        
tapfiller!SAEDRVT14_TAPDS!1647
                          SAEDRVT14_TAPDS saed14rvt        
tapfiller!SAEDRVT14_TAPDS!1648
                          SAEDRVT14_TAPDS saed14rvt        
tapfiller!SAEDRVT14_TAPDS!1649
                          SAEDRVT14_TAPDS saed14rvt        
tapfiller!SAEDRVT14_TAPDS!165
                          SAEDRVT14_TAPDS saed14rvt        
tapfiller!SAEDRVT14_TAPDS!1650
                          SAEDRVT14_TAPDS saed14rvt        
tapfiller!SAEDRVT14_TAPDS!1651
                          SAEDRVT14_TAPDS saed14rvt        
tapfiller!SAEDRVT14_TAPDS!1652
                          SAEDRVT14_TAPDS saed14rvt        
tapfiller!SAEDRVT14_TAPDS!1653
                          SAEDRVT14_TAPDS saed14rvt        
tapfiller!SAEDRVT14_TAPDS!1654
                          SAEDRVT14_TAPDS saed14rvt        
tapfiller!SAEDRVT14_TAPDS!1655
                          SAEDRVT14_TAPDS saed14rvt        
tapfiller!SAEDRVT14_TAPDS!1656
                          SAEDRVT14_TAPDS saed14rvt        
tapfiller!SAEDRVT14_TAPDS!1657
                          SAEDRVT14_TAPDS saed14rvt        
tapfiller!SAEDRVT14_TAPDS!1658
                          SAEDRVT14_TAPDS saed14rvt        
tapfiller!SAEDRVT14_TAPDS!1659
                          SAEDRVT14_TAPDS saed14rvt        
tapfiller!SAEDRVT14_TAPDS!166
                          SAEDRVT14_TAPDS saed14rvt        
tapfiller!SAEDRVT14_TAPDS!1660
                          SAEDRVT14_TAPDS saed14rvt        
tapfiller!SAEDRVT14_TAPDS!1661
                          SAEDRVT14_TAPDS saed14rvt        
tapfiller!SAEDRVT14_TAPDS!1662
                          SAEDRVT14_TAPDS saed14rvt        
tapfiller!SAEDRVT14_TAPDS!1663
                          SAEDRVT14_TAPDS saed14rvt        
tapfiller!SAEDRVT14_TAPDS!1664
                          SAEDRVT14_TAPDS saed14rvt        
tapfiller!SAEDRVT14_TAPDS!1665
                          SAEDRVT14_TAPDS saed14rvt        
tapfiller!SAEDRVT14_TAPDS!1666
                          SAEDRVT14_TAPDS saed14rvt        
tapfiller!SAEDRVT14_TAPDS!1667
                          SAEDRVT14_TAPDS saed14rvt        
tapfiller!SAEDRVT14_TAPDS!1668
                          SAEDRVT14_TAPDS saed14rvt        
tapfiller!SAEDRVT14_TAPDS!1669
                          SAEDRVT14_TAPDS saed14rvt        
tapfiller!SAEDRVT14_TAPDS!167
                          SAEDRVT14_TAPDS saed14rvt        
tapfiller!SAEDRVT14_TAPDS!1670
                          SAEDRVT14_TAPDS saed14rvt        
tapfiller!SAEDRVT14_TAPDS!1671
                          SAEDRVT14_TAPDS saed14rvt        
tapfiller!SAEDRVT14_TAPDS!1672
                          SAEDRVT14_TAPDS saed14rvt        
tapfiller!SAEDRVT14_TAPDS!1673
                          SAEDRVT14_TAPDS saed14rvt        
tapfiller!SAEDRVT14_TAPDS!1674
                          SAEDRVT14_TAPDS saed14rvt        
tapfiller!SAEDRVT14_TAPDS!1675
                          SAEDRVT14_TAPDS saed14rvt        
tapfiller!SAEDRVT14_TAPDS!1676
                          SAEDRVT14_TAPDS saed14rvt        
tapfiller!SAEDRVT14_TAPDS!1677
                          SAEDRVT14_TAPDS saed14rvt        
tapfiller!SAEDRVT14_TAPDS!1678
                          SAEDRVT14_TAPDS saed14rvt        
tapfiller!SAEDRVT14_TAPDS!1679
                          SAEDRVT14_TAPDS saed14rvt        
tapfiller!SAEDRVT14_TAPDS!168
                          SAEDRVT14_TAPDS saed14rvt        
tapfiller!SAEDRVT14_TAPDS!1680
                          SAEDRVT14_TAPDS saed14rvt        
tapfiller!SAEDRVT14_TAPDS!1681
                          SAEDRVT14_TAPDS saed14rvt        
tapfiller!SAEDRVT14_TAPDS!1682
                          SAEDRVT14_TAPDS saed14rvt        
tapfiller!SAEDRVT14_TAPDS!1683
                          SAEDRVT14_TAPDS saed14rvt        
tapfiller!SAEDRVT14_TAPDS!1684
                          SAEDRVT14_TAPDS saed14rvt        
tapfiller!SAEDRVT14_TAPDS!1685
                          SAEDRVT14_TAPDS saed14rvt        
tapfiller!SAEDRVT14_TAPDS!1686
                          SAEDRVT14_TAPDS saed14rvt        
tapfiller!SAEDRVT14_TAPDS!1687
                          SAEDRVT14_TAPDS saed14rvt        
tapfiller!SAEDRVT14_TAPDS!1688
                          SAEDRVT14_TAPDS saed14rvt        
tapfiller!SAEDRVT14_TAPDS!1689
                          SAEDRVT14_TAPDS saed14rvt        
tapfiller!SAEDRVT14_TAPDS!169
                          SAEDRVT14_TAPDS saed14rvt        
tapfiller!SAEDRVT14_TAPDS!1690
                          SAEDRVT14_TAPDS saed14rvt        
tapfiller!SAEDRVT14_TAPDS!1691
                          SAEDRVT14_TAPDS saed14rvt        
tapfiller!SAEDRVT14_TAPDS!1692
                          SAEDRVT14_TAPDS saed14rvt        
tapfiller!SAEDRVT14_TAPDS!1693
                          SAEDRVT14_TAPDS saed14rvt        
tapfiller!SAEDRVT14_TAPDS!1694
                          SAEDRVT14_TAPDS saed14rvt        
tapfiller!SAEDRVT14_TAPDS!1695
                          SAEDRVT14_TAPDS saed14rvt        
tapfiller!SAEDRVT14_TAPDS!1696
                          SAEDRVT14_TAPDS saed14rvt        
tapfiller!SAEDRVT14_TAPDS!1697
                          SAEDRVT14_TAPDS saed14rvt        
tapfiller!SAEDRVT14_TAPDS!1698
                          SAEDRVT14_TAPDS saed14rvt        
tapfiller!SAEDRVT14_TAPDS!1699
                          SAEDRVT14_TAPDS saed14rvt        
tapfiller!SAEDRVT14_TAPDS!17
                          SAEDRVT14_TAPDS saed14rvt        
tapfiller!SAEDRVT14_TAPDS!170
                          SAEDRVT14_TAPDS saed14rvt        
tapfiller!SAEDRVT14_TAPDS!1700
                          SAEDRVT14_TAPDS saed14rvt        
tapfiller!SAEDRVT14_TAPDS!1701
                          SAEDRVT14_TAPDS saed14rvt        
tapfiller!SAEDRVT14_TAPDS!1702
                          SAEDRVT14_TAPDS saed14rvt        
tapfiller!SAEDRVT14_TAPDS!1703
                          SAEDRVT14_TAPDS saed14rvt        
tapfiller!SAEDRVT14_TAPDS!1704
                          SAEDRVT14_TAPDS saed14rvt        
tapfiller!SAEDRVT14_TAPDS!1705
                          SAEDRVT14_TAPDS saed14rvt        
tapfiller!SAEDRVT14_TAPDS!1706
                          SAEDRVT14_TAPDS saed14rvt        
tapfiller!SAEDRVT14_TAPDS!1707
                          SAEDRVT14_TAPDS saed14rvt        
tapfiller!SAEDRVT14_TAPDS!1708
                          SAEDRVT14_TAPDS saed14rvt        
tapfiller!SAEDRVT14_TAPDS!1709
                          SAEDRVT14_TAPDS saed14rvt        
tapfiller!SAEDRVT14_TAPDS!171
                          SAEDRVT14_TAPDS saed14rvt        
tapfiller!SAEDRVT14_TAPDS!1710
                          SAEDRVT14_TAPDS saed14rvt        
tapfiller!SAEDRVT14_TAPDS!1711
                          SAEDRVT14_TAPDS saed14rvt        
tapfiller!SAEDRVT14_TAPDS!1712
                          SAEDRVT14_TAPDS saed14rvt        
tapfiller!SAEDRVT14_TAPDS!1713
                          SAEDRVT14_TAPDS saed14rvt        
tapfiller!SAEDRVT14_TAPDS!1714
                          SAEDRVT14_TAPDS saed14rvt        
tapfiller!SAEDRVT14_TAPDS!1715
                          SAEDRVT14_TAPDS saed14rvt        
tapfiller!SAEDRVT14_TAPDS!1716
                          SAEDRVT14_TAPDS saed14rvt        
tapfiller!SAEDRVT14_TAPDS!1717
                          SAEDRVT14_TAPDS saed14rvt        
tapfiller!SAEDRVT14_TAPDS!1718
                          SAEDRVT14_TAPDS saed14rvt        
tapfiller!SAEDRVT14_TAPDS!1719
                          SAEDRVT14_TAPDS saed14rvt        
tapfiller!SAEDRVT14_TAPDS!172
                          SAEDRVT14_TAPDS saed14rvt        
tapfiller!SAEDRVT14_TAPDS!1720
                          SAEDRVT14_TAPDS saed14rvt        
tapfiller!SAEDRVT14_TAPDS!1721
                          SAEDRVT14_TAPDS saed14rvt        
tapfiller!SAEDRVT14_TAPDS!1722
                          SAEDRVT14_TAPDS saed14rvt        
tapfiller!SAEDRVT14_TAPDS!1723
                          SAEDRVT14_TAPDS saed14rvt        
tapfiller!SAEDRVT14_TAPDS!1724
                          SAEDRVT14_TAPDS saed14rvt        
tapfiller!SAEDRVT14_TAPDS!1725
                          SAEDRVT14_TAPDS saed14rvt        
tapfiller!SAEDRVT14_TAPDS!1726
                          SAEDRVT14_TAPDS saed14rvt        
tapfiller!SAEDRVT14_TAPDS!1727
                          SAEDRVT14_TAPDS saed14rvt        
tapfiller!SAEDRVT14_TAPDS!1728
                          SAEDRVT14_TAPDS saed14rvt        
tapfiller!SAEDRVT14_TAPDS!1729
                          SAEDRVT14_TAPDS saed14rvt        
tapfiller!SAEDRVT14_TAPDS!173
                          SAEDRVT14_TAPDS saed14rvt        
tapfiller!SAEDRVT14_TAPDS!1730
                          SAEDRVT14_TAPDS saed14rvt        
tapfiller!SAEDRVT14_TAPDS!1731
                          SAEDRVT14_TAPDS saed14rvt        
tapfiller!SAEDRVT14_TAPDS!1732
                          SAEDRVT14_TAPDS saed14rvt        
tapfiller!SAEDRVT14_TAPDS!1733
                          SAEDRVT14_TAPDS saed14rvt        
tapfiller!SAEDRVT14_TAPDS!1734
                          SAEDRVT14_TAPDS saed14rvt        
tapfiller!SAEDRVT14_TAPDS!1735
                          SAEDRVT14_TAPDS saed14rvt        
tapfiller!SAEDRVT14_TAPDS!1736
                          SAEDRVT14_TAPDS saed14rvt        
tapfiller!SAEDRVT14_TAPDS!1737
                          SAEDRVT14_TAPDS saed14rvt        
tapfiller!SAEDRVT14_TAPDS!1738
                          SAEDRVT14_TAPDS saed14rvt        
tapfiller!SAEDRVT14_TAPDS!1739
                          SAEDRVT14_TAPDS saed14rvt        
tapfiller!SAEDRVT14_TAPDS!174
                          SAEDRVT14_TAPDS saed14rvt        
tapfiller!SAEDRVT14_TAPDS!1740
                          SAEDRVT14_TAPDS saed14rvt        
tapfiller!SAEDRVT14_TAPDS!1741
                          SAEDRVT14_TAPDS saed14rvt        
tapfiller!SAEDRVT14_TAPDS!1742
                          SAEDRVT14_TAPDS saed14rvt        
tapfiller!SAEDRVT14_TAPDS!1743
                          SAEDRVT14_TAPDS saed14rvt        
tapfiller!SAEDRVT14_TAPDS!1744
                          SAEDRVT14_TAPDS saed14rvt        
tapfiller!SAEDRVT14_TAPDS!1745
                          SAEDRVT14_TAPDS saed14rvt        
tapfiller!SAEDRVT14_TAPDS!1746
                          SAEDRVT14_TAPDS saed14rvt        
tapfiller!SAEDRVT14_TAPDS!1747
                          SAEDRVT14_TAPDS saed14rvt        
tapfiller!SAEDRVT14_TAPDS!1748
                          SAEDRVT14_TAPDS saed14rvt        
tapfiller!SAEDRVT14_TAPDS!1749
                          SAEDRVT14_TAPDS saed14rvt        
tapfiller!SAEDRVT14_TAPDS!175
                          SAEDRVT14_TAPDS saed14rvt        
tapfiller!SAEDRVT14_TAPDS!1750
                          SAEDRVT14_TAPDS saed14rvt        
tapfiller!SAEDRVT14_TAPDS!1751
                          SAEDRVT14_TAPDS saed14rvt        
tapfiller!SAEDRVT14_TAPDS!1752
                          SAEDRVT14_TAPDS saed14rvt        
tapfiller!SAEDRVT14_TAPDS!1753
                          SAEDRVT14_TAPDS saed14rvt        
tapfiller!SAEDRVT14_TAPDS!1754
                          SAEDRVT14_TAPDS saed14rvt        
tapfiller!SAEDRVT14_TAPDS!1755
                          SAEDRVT14_TAPDS saed14rvt        
tapfiller!SAEDRVT14_TAPDS!1756
                          SAEDRVT14_TAPDS saed14rvt        
tapfiller!SAEDRVT14_TAPDS!1757
                          SAEDRVT14_TAPDS saed14rvt        
tapfiller!SAEDRVT14_TAPDS!1758
                          SAEDRVT14_TAPDS saed14rvt        
tapfiller!SAEDRVT14_TAPDS!1759
                          SAEDRVT14_TAPDS saed14rvt        
tapfiller!SAEDRVT14_TAPDS!176
                          SAEDRVT14_TAPDS saed14rvt        
tapfiller!SAEDRVT14_TAPDS!1760
                          SAEDRVT14_TAPDS saed14rvt        
tapfiller!SAEDRVT14_TAPDS!1761
                          SAEDRVT14_TAPDS saed14rvt        
tapfiller!SAEDRVT14_TAPDS!1762
                          SAEDRVT14_TAPDS saed14rvt        
tapfiller!SAEDRVT14_TAPDS!1763
                          SAEDRVT14_TAPDS saed14rvt        
tapfiller!SAEDRVT14_TAPDS!1764
                          SAEDRVT14_TAPDS saed14rvt        
tapfiller!SAEDRVT14_TAPDS!1765
                          SAEDRVT14_TAPDS saed14rvt        
tapfiller!SAEDRVT14_TAPDS!1766
                          SAEDRVT14_TAPDS saed14rvt        
tapfiller!SAEDRVT14_TAPDS!1767
                          SAEDRVT14_TAPDS saed14rvt        
tapfiller!SAEDRVT14_TAPDS!1768
                          SAEDRVT14_TAPDS saed14rvt        
tapfiller!SAEDRVT14_TAPDS!1769
                          SAEDRVT14_TAPDS saed14rvt        
tapfiller!SAEDRVT14_TAPDS!177
                          SAEDRVT14_TAPDS saed14rvt        
tapfiller!SAEDRVT14_TAPDS!1770
                          SAEDRVT14_TAPDS saed14rvt        
tapfiller!SAEDRVT14_TAPDS!1771
                          SAEDRVT14_TAPDS saed14rvt        
tapfiller!SAEDRVT14_TAPDS!1772
                          SAEDRVT14_TAPDS saed14rvt        
tapfiller!SAEDRVT14_TAPDS!1773
                          SAEDRVT14_TAPDS saed14rvt        
tapfiller!SAEDRVT14_TAPDS!1774
                          SAEDRVT14_TAPDS saed14rvt        
tapfiller!SAEDRVT14_TAPDS!1775
                          SAEDRVT14_TAPDS saed14rvt        
tapfiller!SAEDRVT14_TAPDS!1776
                          SAEDRVT14_TAPDS saed14rvt        
tapfiller!SAEDRVT14_TAPDS!1777
                          SAEDRVT14_TAPDS saed14rvt        
tapfiller!SAEDRVT14_TAPDS!1778
                          SAEDRVT14_TAPDS saed14rvt        
tapfiller!SAEDRVT14_TAPDS!1779
                          SAEDRVT14_TAPDS saed14rvt        
tapfiller!SAEDRVT14_TAPDS!178
                          SAEDRVT14_TAPDS saed14rvt        
tapfiller!SAEDRVT14_TAPDS!1780
                          SAEDRVT14_TAPDS saed14rvt        
tapfiller!SAEDRVT14_TAPDS!1781
                          SAEDRVT14_TAPDS saed14rvt        
tapfiller!SAEDRVT14_TAPDS!1782
                          SAEDRVT14_TAPDS saed14rvt        
tapfiller!SAEDRVT14_TAPDS!1783
                          SAEDRVT14_TAPDS saed14rvt        
tapfiller!SAEDRVT14_TAPDS!1784
                          SAEDRVT14_TAPDS saed14rvt        
tapfiller!SAEDRVT14_TAPDS!1785
                          SAEDRVT14_TAPDS saed14rvt        
tapfiller!SAEDRVT14_TAPDS!1786
                          SAEDRVT14_TAPDS saed14rvt        
tapfiller!SAEDRVT14_TAPDS!1787
                          SAEDRVT14_TAPDS saed14rvt        
tapfiller!SAEDRVT14_TAPDS!1788
                          SAEDRVT14_TAPDS saed14rvt        
tapfiller!SAEDRVT14_TAPDS!1789
                          SAEDRVT14_TAPDS saed14rvt        
tapfiller!SAEDRVT14_TAPDS!179
                          SAEDRVT14_TAPDS saed14rvt        
tapfiller!SAEDRVT14_TAPDS!1790
                          SAEDRVT14_TAPDS saed14rvt        
tapfiller!SAEDRVT14_TAPDS!1791
                          SAEDRVT14_TAPDS saed14rvt        
tapfiller!SAEDRVT14_TAPDS!1792
                          SAEDRVT14_TAPDS saed14rvt        
tapfiller!SAEDRVT14_TAPDS!1793
                          SAEDRVT14_TAPDS saed14rvt        
tapfiller!SAEDRVT14_TAPDS!1794
                          SAEDRVT14_TAPDS saed14rvt        
tapfiller!SAEDRVT14_TAPDS!1795
                          SAEDRVT14_TAPDS saed14rvt        
tapfiller!SAEDRVT14_TAPDS!1796
                          SAEDRVT14_TAPDS saed14rvt        
tapfiller!SAEDRVT14_TAPDS!1797
                          SAEDRVT14_TAPDS saed14rvt        
tapfiller!SAEDRVT14_TAPDS!1798
                          SAEDRVT14_TAPDS saed14rvt        
tapfiller!SAEDRVT14_TAPDS!1799
                          SAEDRVT14_TAPDS saed14rvt        
tapfiller!SAEDRVT14_TAPDS!18
                          SAEDRVT14_TAPDS saed14rvt        
tapfiller!SAEDRVT14_TAPDS!180
                          SAEDRVT14_TAPDS saed14rvt        
tapfiller!SAEDRVT14_TAPDS!1800
                          SAEDRVT14_TAPDS saed14rvt        
tapfiller!SAEDRVT14_TAPDS!1801
                          SAEDRVT14_TAPDS saed14rvt        
tapfiller!SAEDRVT14_TAPDS!1802
                          SAEDRVT14_TAPDS saed14rvt        
tapfiller!SAEDRVT14_TAPDS!1803
                          SAEDRVT14_TAPDS saed14rvt        
tapfiller!SAEDRVT14_TAPDS!1804
                          SAEDRVT14_TAPDS saed14rvt        
tapfiller!SAEDRVT14_TAPDS!1805
                          SAEDRVT14_TAPDS saed14rvt        
tapfiller!SAEDRVT14_TAPDS!1806
                          SAEDRVT14_TAPDS saed14rvt        
tapfiller!SAEDRVT14_TAPDS!1807
                          SAEDRVT14_TAPDS saed14rvt        
tapfiller!SAEDRVT14_TAPDS!1808
                          SAEDRVT14_TAPDS saed14rvt        
tapfiller!SAEDRVT14_TAPDS!1809
                          SAEDRVT14_TAPDS saed14rvt        
tapfiller!SAEDRVT14_TAPDS!181
                          SAEDRVT14_TAPDS saed14rvt        
tapfiller!SAEDRVT14_TAPDS!1810
                          SAEDRVT14_TAPDS saed14rvt        
tapfiller!SAEDRVT14_TAPDS!1811
                          SAEDRVT14_TAPDS saed14rvt        
tapfiller!SAEDRVT14_TAPDS!1812
                          SAEDRVT14_TAPDS saed14rvt        
tapfiller!SAEDRVT14_TAPDS!1813
                          SAEDRVT14_TAPDS saed14rvt        
tapfiller!SAEDRVT14_TAPDS!1814
                          SAEDRVT14_TAPDS saed14rvt        
tapfiller!SAEDRVT14_TAPDS!1815
                          SAEDRVT14_TAPDS saed14rvt        
tapfiller!SAEDRVT14_TAPDS!1816
                          SAEDRVT14_TAPDS saed14rvt        
tapfiller!SAEDRVT14_TAPDS!1817
                          SAEDRVT14_TAPDS saed14rvt        
tapfiller!SAEDRVT14_TAPDS!1818
                          SAEDRVT14_TAPDS saed14rvt        
tapfiller!SAEDRVT14_TAPDS!1819
                          SAEDRVT14_TAPDS saed14rvt        
tapfiller!SAEDRVT14_TAPDS!182
                          SAEDRVT14_TAPDS saed14rvt        
tapfiller!SAEDRVT14_TAPDS!1820
                          SAEDRVT14_TAPDS saed14rvt        
tapfiller!SAEDRVT14_TAPDS!1821
                          SAEDRVT14_TAPDS saed14rvt        
tapfiller!SAEDRVT14_TAPDS!1822
                          SAEDRVT14_TAPDS saed14rvt        
tapfiller!SAEDRVT14_TAPDS!1823
                          SAEDRVT14_TAPDS saed14rvt        
tapfiller!SAEDRVT14_TAPDS!1824
                          SAEDRVT14_TAPDS saed14rvt        
tapfiller!SAEDRVT14_TAPDS!1825
                          SAEDRVT14_TAPDS saed14rvt        
tapfiller!SAEDRVT14_TAPDS!1826
                          SAEDRVT14_TAPDS saed14rvt        
tapfiller!SAEDRVT14_TAPDS!1827
                          SAEDRVT14_TAPDS saed14rvt        
tapfiller!SAEDRVT14_TAPDS!1828
                          SAEDRVT14_TAPDS saed14rvt        
tapfiller!SAEDRVT14_TAPDS!1829
                          SAEDRVT14_TAPDS saed14rvt        
tapfiller!SAEDRVT14_TAPDS!183
                          SAEDRVT14_TAPDS saed14rvt        
tapfiller!SAEDRVT14_TAPDS!1830
                          SAEDRVT14_TAPDS saed14rvt        
tapfiller!SAEDRVT14_TAPDS!1831
                          SAEDRVT14_TAPDS saed14rvt        
tapfiller!SAEDRVT14_TAPDS!1832
                          SAEDRVT14_TAPDS saed14rvt        
tapfiller!SAEDRVT14_TAPDS!1833
                          SAEDRVT14_TAPDS saed14rvt        
tapfiller!SAEDRVT14_TAPDS!1834
                          SAEDRVT14_TAPDS saed14rvt        
tapfiller!SAEDRVT14_TAPDS!1835
                          SAEDRVT14_TAPDS saed14rvt        
tapfiller!SAEDRVT14_TAPDS!1836
                          SAEDRVT14_TAPDS saed14rvt        
tapfiller!SAEDRVT14_TAPDS!1837
                          SAEDRVT14_TAPDS saed14rvt        
tapfiller!SAEDRVT14_TAPDS!1838
                          SAEDRVT14_TAPDS saed14rvt        
tapfiller!SAEDRVT14_TAPDS!1839
                          SAEDRVT14_TAPDS saed14rvt        
tapfiller!SAEDRVT14_TAPDS!184
                          SAEDRVT14_TAPDS saed14rvt        
tapfiller!SAEDRVT14_TAPDS!1840
                          SAEDRVT14_TAPDS saed14rvt        
tapfiller!SAEDRVT14_TAPDS!1841
                          SAEDRVT14_TAPDS saed14rvt        
tapfiller!SAEDRVT14_TAPDS!1842
                          SAEDRVT14_TAPDS saed14rvt        
tapfiller!SAEDRVT14_TAPDS!1843
                          SAEDRVT14_TAPDS saed14rvt        
tapfiller!SAEDRVT14_TAPDS!1844
                          SAEDRVT14_TAPDS saed14rvt        
tapfiller!SAEDRVT14_TAPDS!1845
                          SAEDRVT14_TAPDS saed14rvt        
tapfiller!SAEDRVT14_TAPDS!1846
                          SAEDRVT14_TAPDS saed14rvt        
tapfiller!SAEDRVT14_TAPDS!1847
                          SAEDRVT14_TAPDS saed14rvt        
tapfiller!SAEDRVT14_TAPDS!1848
                          SAEDRVT14_TAPDS saed14rvt        
tapfiller!SAEDRVT14_TAPDS!1849
                          SAEDRVT14_TAPDS saed14rvt        
tapfiller!SAEDRVT14_TAPDS!185
                          SAEDRVT14_TAPDS saed14rvt        
tapfiller!SAEDRVT14_TAPDS!1850
                          SAEDRVT14_TAPDS saed14rvt        
tapfiller!SAEDRVT14_TAPDS!1851
                          SAEDRVT14_TAPDS saed14rvt        
tapfiller!SAEDRVT14_TAPDS!1852
                          SAEDRVT14_TAPDS saed14rvt        
tapfiller!SAEDRVT14_TAPDS!1853
                          SAEDRVT14_TAPDS saed14rvt        
tapfiller!SAEDRVT14_TAPDS!1854
                          SAEDRVT14_TAPDS saed14rvt        
tapfiller!SAEDRVT14_TAPDS!1855
                          SAEDRVT14_TAPDS saed14rvt        
tapfiller!SAEDRVT14_TAPDS!1856
                          SAEDRVT14_TAPDS saed14rvt        
tapfiller!SAEDRVT14_TAPDS!1857
                          SAEDRVT14_TAPDS saed14rvt        
tapfiller!SAEDRVT14_TAPDS!1858
                          SAEDRVT14_TAPDS saed14rvt        
tapfiller!SAEDRVT14_TAPDS!1859
                          SAEDRVT14_TAPDS saed14rvt        
tapfiller!SAEDRVT14_TAPDS!186
                          SAEDRVT14_TAPDS saed14rvt        
tapfiller!SAEDRVT14_TAPDS!1860
                          SAEDRVT14_TAPDS saed14rvt        
tapfiller!SAEDRVT14_TAPDS!1861
                          SAEDRVT14_TAPDS saed14rvt        
tapfiller!SAEDRVT14_TAPDS!1862
                          SAEDRVT14_TAPDS saed14rvt        
tapfiller!SAEDRVT14_TAPDS!1863
                          SAEDRVT14_TAPDS saed14rvt        
tapfiller!SAEDRVT14_TAPDS!1864
                          SAEDRVT14_TAPDS saed14rvt        
tapfiller!SAEDRVT14_TAPDS!1865
                          SAEDRVT14_TAPDS saed14rvt        
tapfiller!SAEDRVT14_TAPDS!1866
                          SAEDRVT14_TAPDS saed14rvt        
tapfiller!SAEDRVT14_TAPDS!1867
                          SAEDRVT14_TAPDS saed14rvt        
tapfiller!SAEDRVT14_TAPDS!1868
                          SAEDRVT14_TAPDS saed14rvt        
tapfiller!SAEDRVT14_TAPDS!1869
                          SAEDRVT14_TAPDS saed14rvt        
tapfiller!SAEDRVT14_TAPDS!187
                          SAEDRVT14_TAPDS saed14rvt        
tapfiller!SAEDRVT14_TAPDS!1870
                          SAEDRVT14_TAPDS saed14rvt        
tapfiller!SAEDRVT14_TAPDS!1871
                          SAEDRVT14_TAPDS saed14rvt        
tapfiller!SAEDRVT14_TAPDS!1872
                          SAEDRVT14_TAPDS saed14rvt        
tapfiller!SAEDRVT14_TAPDS!1873
                          SAEDRVT14_TAPDS saed14rvt        
tapfiller!SAEDRVT14_TAPDS!1874
                          SAEDRVT14_TAPDS saed14rvt        
tapfiller!SAEDRVT14_TAPDS!1875
                          SAEDRVT14_TAPDS saed14rvt        
tapfiller!SAEDRVT14_TAPDS!1876
                          SAEDRVT14_TAPDS saed14rvt        
tapfiller!SAEDRVT14_TAPDS!1877
                          SAEDRVT14_TAPDS saed14rvt        
tapfiller!SAEDRVT14_TAPDS!1878
                          SAEDRVT14_TAPDS saed14rvt        
tapfiller!SAEDRVT14_TAPDS!1879
                          SAEDRVT14_TAPDS saed14rvt        
tapfiller!SAEDRVT14_TAPDS!188
                          SAEDRVT14_TAPDS saed14rvt        
tapfiller!SAEDRVT14_TAPDS!1880
                          SAEDRVT14_TAPDS saed14rvt        
tapfiller!SAEDRVT14_TAPDS!1881
                          SAEDRVT14_TAPDS saed14rvt        
tapfiller!SAEDRVT14_TAPDS!1882
                          SAEDRVT14_TAPDS saed14rvt        
tapfiller!SAEDRVT14_TAPDS!1883
                          SAEDRVT14_TAPDS saed14rvt        
tapfiller!SAEDRVT14_TAPDS!1884
                          SAEDRVT14_TAPDS saed14rvt        
tapfiller!SAEDRVT14_TAPDS!1885
                          SAEDRVT14_TAPDS saed14rvt        
tapfiller!SAEDRVT14_TAPDS!1886
                          SAEDRVT14_TAPDS saed14rvt        
tapfiller!SAEDRVT14_TAPDS!1887
                          SAEDRVT14_TAPDS saed14rvt        
tapfiller!SAEDRVT14_TAPDS!1888
                          SAEDRVT14_TAPDS saed14rvt        
tapfiller!SAEDRVT14_TAPDS!1889
                          SAEDRVT14_TAPDS saed14rvt        
tapfiller!SAEDRVT14_TAPDS!189
                          SAEDRVT14_TAPDS saed14rvt        
tapfiller!SAEDRVT14_TAPDS!1890
                          SAEDRVT14_TAPDS saed14rvt        
tapfiller!SAEDRVT14_TAPDS!1891
                          SAEDRVT14_TAPDS saed14rvt        
tapfiller!SAEDRVT14_TAPDS!1892
                          SAEDRVT14_TAPDS saed14rvt        
tapfiller!SAEDRVT14_TAPDS!1893
                          SAEDRVT14_TAPDS saed14rvt        
tapfiller!SAEDRVT14_TAPDS!1894
                          SAEDRVT14_TAPDS saed14rvt        
tapfiller!SAEDRVT14_TAPDS!1895
                          SAEDRVT14_TAPDS saed14rvt        
tapfiller!SAEDRVT14_TAPDS!1896
                          SAEDRVT14_TAPDS saed14rvt        
tapfiller!SAEDRVT14_TAPDS!1897
                          SAEDRVT14_TAPDS saed14rvt        
tapfiller!SAEDRVT14_TAPDS!1898
                          SAEDRVT14_TAPDS saed14rvt        
tapfiller!SAEDRVT14_TAPDS!1899
                          SAEDRVT14_TAPDS saed14rvt        
tapfiller!SAEDRVT14_TAPDS!19
                          SAEDRVT14_TAPDS saed14rvt        
tapfiller!SAEDRVT14_TAPDS!190
                          SAEDRVT14_TAPDS saed14rvt        
tapfiller!SAEDRVT14_TAPDS!1900
                          SAEDRVT14_TAPDS saed14rvt        
tapfiller!SAEDRVT14_TAPDS!1901
                          SAEDRVT14_TAPDS saed14rvt        
tapfiller!SAEDRVT14_TAPDS!1902
                          SAEDRVT14_TAPDS saed14rvt        
tapfiller!SAEDRVT14_TAPDS!1903
                          SAEDRVT14_TAPDS saed14rvt        
tapfiller!SAEDRVT14_TAPDS!1904
                          SAEDRVT14_TAPDS saed14rvt        
tapfiller!SAEDRVT14_TAPDS!1905
                          SAEDRVT14_TAPDS saed14rvt        
tapfiller!SAEDRVT14_TAPDS!1906
                          SAEDRVT14_TAPDS saed14rvt        
tapfiller!SAEDRVT14_TAPDS!1907
                          SAEDRVT14_TAPDS saed14rvt        
tapfiller!SAEDRVT14_TAPDS!1908
                          SAEDRVT14_TAPDS saed14rvt        
tapfiller!SAEDRVT14_TAPDS!1909
                          SAEDRVT14_TAPDS saed14rvt        
tapfiller!SAEDRVT14_TAPDS!191
                          SAEDRVT14_TAPDS saed14rvt        
tapfiller!SAEDRVT14_TAPDS!1910
                          SAEDRVT14_TAPDS saed14rvt        
tapfiller!SAEDRVT14_TAPDS!1911
                          SAEDRVT14_TAPDS saed14rvt        
tapfiller!SAEDRVT14_TAPDS!1912
                          SAEDRVT14_TAPDS saed14rvt        
tapfiller!SAEDRVT14_TAPDS!1913
                          SAEDRVT14_TAPDS saed14rvt        
tapfiller!SAEDRVT14_TAPDS!1914
                          SAEDRVT14_TAPDS saed14rvt        
tapfiller!SAEDRVT14_TAPDS!1915
                          SAEDRVT14_TAPDS saed14rvt        
tapfiller!SAEDRVT14_TAPDS!1916
                          SAEDRVT14_TAPDS saed14rvt        
tapfiller!SAEDRVT14_TAPDS!1917
                          SAEDRVT14_TAPDS saed14rvt        
tapfiller!SAEDRVT14_TAPDS!1918
                          SAEDRVT14_TAPDS saed14rvt        
tapfiller!SAEDRVT14_TAPDS!1919
                          SAEDRVT14_TAPDS saed14rvt        
tapfiller!SAEDRVT14_TAPDS!192
                          SAEDRVT14_TAPDS saed14rvt        
tapfiller!SAEDRVT14_TAPDS!1920
                          SAEDRVT14_TAPDS saed14rvt        
tapfiller!SAEDRVT14_TAPDS!1921
                          SAEDRVT14_TAPDS saed14rvt        
tapfiller!SAEDRVT14_TAPDS!1922
                          SAEDRVT14_TAPDS saed14rvt        
tapfiller!SAEDRVT14_TAPDS!1923
                          SAEDRVT14_TAPDS saed14rvt        
tapfiller!SAEDRVT14_TAPDS!1924
                          SAEDRVT14_TAPDS saed14rvt        
tapfiller!SAEDRVT14_TAPDS!1925
                          SAEDRVT14_TAPDS saed14rvt        
tapfiller!SAEDRVT14_TAPDS!1926
                          SAEDRVT14_TAPDS saed14rvt        
tapfiller!SAEDRVT14_TAPDS!1927
                          SAEDRVT14_TAPDS saed14rvt        
tapfiller!SAEDRVT14_TAPDS!1928
                          SAEDRVT14_TAPDS saed14rvt        
tapfiller!SAEDRVT14_TAPDS!1929
                          SAEDRVT14_TAPDS saed14rvt        
tapfiller!SAEDRVT14_TAPDS!193
                          SAEDRVT14_TAPDS saed14rvt        
tapfiller!SAEDRVT14_TAPDS!1930
                          SAEDRVT14_TAPDS saed14rvt        
tapfiller!SAEDRVT14_TAPDS!1931
                          SAEDRVT14_TAPDS saed14rvt        
tapfiller!SAEDRVT14_TAPDS!1932
                          SAEDRVT14_TAPDS saed14rvt        
tapfiller!SAEDRVT14_TAPDS!1933
                          SAEDRVT14_TAPDS saed14rvt        
tapfiller!SAEDRVT14_TAPDS!1934
                          SAEDRVT14_TAPDS saed14rvt        
tapfiller!SAEDRVT14_TAPDS!1935
                          SAEDRVT14_TAPDS saed14rvt        
tapfiller!SAEDRVT14_TAPDS!1936
                          SAEDRVT14_TAPDS saed14rvt        
tapfiller!SAEDRVT14_TAPDS!1937
                          SAEDRVT14_TAPDS saed14rvt        
tapfiller!SAEDRVT14_TAPDS!1938
                          SAEDRVT14_TAPDS saed14rvt        
tapfiller!SAEDRVT14_TAPDS!1939
                          SAEDRVT14_TAPDS saed14rvt        
tapfiller!SAEDRVT14_TAPDS!194
                          SAEDRVT14_TAPDS saed14rvt        
tapfiller!SAEDRVT14_TAPDS!1940
                          SAEDRVT14_TAPDS saed14rvt        
tapfiller!SAEDRVT14_TAPDS!1941
                          SAEDRVT14_TAPDS saed14rvt        
tapfiller!SAEDRVT14_TAPDS!1942
                          SAEDRVT14_TAPDS saed14rvt        
tapfiller!SAEDRVT14_TAPDS!1943
                          SAEDRVT14_TAPDS saed14rvt        
tapfiller!SAEDRVT14_TAPDS!1944
                          SAEDRVT14_TAPDS saed14rvt        
tapfiller!SAEDRVT14_TAPDS!1945
                          SAEDRVT14_TAPDS saed14rvt        
tapfiller!SAEDRVT14_TAPDS!1946
                          SAEDRVT14_TAPDS saed14rvt        
tapfiller!SAEDRVT14_TAPDS!1947
                          SAEDRVT14_TAPDS saed14rvt        
tapfiller!SAEDRVT14_TAPDS!1948
                          SAEDRVT14_TAPDS saed14rvt        
tapfiller!SAEDRVT14_TAPDS!1949
                          SAEDRVT14_TAPDS saed14rvt        
tapfiller!SAEDRVT14_TAPDS!195
                          SAEDRVT14_TAPDS saed14rvt        
tapfiller!SAEDRVT14_TAPDS!1950
                          SAEDRVT14_TAPDS saed14rvt        
tapfiller!SAEDRVT14_TAPDS!1951
                          SAEDRVT14_TAPDS saed14rvt        
tapfiller!SAEDRVT14_TAPDS!1952
                          SAEDRVT14_TAPDS saed14rvt        
tapfiller!SAEDRVT14_TAPDS!1953
                          SAEDRVT14_TAPDS saed14rvt        
tapfiller!SAEDRVT14_TAPDS!1954
                          SAEDRVT14_TAPDS saed14rvt        
tapfiller!SAEDRVT14_TAPDS!1955
                          SAEDRVT14_TAPDS saed14rvt        
tapfiller!SAEDRVT14_TAPDS!1956
                          SAEDRVT14_TAPDS saed14rvt        
tapfiller!SAEDRVT14_TAPDS!1957
                          SAEDRVT14_TAPDS saed14rvt        
tapfiller!SAEDRVT14_TAPDS!1958
                          SAEDRVT14_TAPDS saed14rvt        
tapfiller!SAEDRVT14_TAPDS!1959
                          SAEDRVT14_TAPDS saed14rvt        
tapfiller!SAEDRVT14_TAPDS!196
                          SAEDRVT14_TAPDS saed14rvt        
tapfiller!SAEDRVT14_TAPDS!1960
                          SAEDRVT14_TAPDS saed14rvt        
tapfiller!SAEDRVT14_TAPDS!1961
                          SAEDRVT14_TAPDS saed14rvt        
tapfiller!SAEDRVT14_TAPDS!1962
                          SAEDRVT14_TAPDS saed14rvt        
tapfiller!SAEDRVT14_TAPDS!1963
                          SAEDRVT14_TAPDS saed14rvt        
tapfiller!SAEDRVT14_TAPDS!1964
                          SAEDRVT14_TAPDS saed14rvt        
tapfiller!SAEDRVT14_TAPDS!1965
                          SAEDRVT14_TAPDS saed14rvt        
tapfiller!SAEDRVT14_TAPDS!1966
                          SAEDRVT14_TAPDS saed14rvt        
tapfiller!SAEDRVT14_TAPDS!1967
                          SAEDRVT14_TAPDS saed14rvt        
tapfiller!SAEDRVT14_TAPDS!1968
                          SAEDRVT14_TAPDS saed14rvt        
tapfiller!SAEDRVT14_TAPDS!1969
                          SAEDRVT14_TAPDS saed14rvt        
tapfiller!SAEDRVT14_TAPDS!197
                          SAEDRVT14_TAPDS saed14rvt        
tapfiller!SAEDRVT14_TAPDS!1970
                          SAEDRVT14_TAPDS saed14rvt        
tapfiller!SAEDRVT14_TAPDS!1971
                          SAEDRVT14_TAPDS saed14rvt        
tapfiller!SAEDRVT14_TAPDS!1972
                          SAEDRVT14_TAPDS saed14rvt        
tapfiller!SAEDRVT14_TAPDS!1973
                          SAEDRVT14_TAPDS saed14rvt        
tapfiller!SAEDRVT14_TAPDS!1974
                          SAEDRVT14_TAPDS saed14rvt        
tapfiller!SAEDRVT14_TAPDS!1975
                          SAEDRVT14_TAPDS saed14rvt        
tapfiller!SAEDRVT14_TAPDS!1976
                          SAEDRVT14_TAPDS saed14rvt        
tapfiller!SAEDRVT14_TAPDS!1977
                          SAEDRVT14_TAPDS saed14rvt        
tapfiller!SAEDRVT14_TAPDS!1978
                          SAEDRVT14_TAPDS saed14rvt        
tapfiller!SAEDRVT14_TAPDS!1979
                          SAEDRVT14_TAPDS saed14rvt        
tapfiller!SAEDRVT14_TAPDS!198
                          SAEDRVT14_TAPDS saed14rvt        
tapfiller!SAEDRVT14_TAPDS!1980
                          SAEDRVT14_TAPDS saed14rvt        
tapfiller!SAEDRVT14_TAPDS!1981
                          SAEDRVT14_TAPDS saed14rvt        
tapfiller!SAEDRVT14_TAPDS!1982
                          SAEDRVT14_TAPDS saed14rvt        
tapfiller!SAEDRVT14_TAPDS!1983
                          SAEDRVT14_TAPDS saed14rvt        
tapfiller!SAEDRVT14_TAPDS!1984
                          SAEDRVT14_TAPDS saed14rvt        
tapfiller!SAEDRVT14_TAPDS!1985
                          SAEDRVT14_TAPDS saed14rvt        
tapfiller!SAEDRVT14_TAPDS!1986
                          SAEDRVT14_TAPDS saed14rvt        
tapfiller!SAEDRVT14_TAPDS!1987
                          SAEDRVT14_TAPDS saed14rvt        
tapfiller!SAEDRVT14_TAPDS!1988
                          SAEDRVT14_TAPDS saed14rvt        
tapfiller!SAEDRVT14_TAPDS!1989
                          SAEDRVT14_TAPDS saed14rvt        
tapfiller!SAEDRVT14_TAPDS!199
                          SAEDRVT14_TAPDS saed14rvt        
tapfiller!SAEDRVT14_TAPDS!1990
                          SAEDRVT14_TAPDS saed14rvt        
tapfiller!SAEDRVT14_TAPDS!1991
                          SAEDRVT14_TAPDS saed14rvt        
tapfiller!SAEDRVT14_TAPDS!1992
                          SAEDRVT14_TAPDS saed14rvt        
tapfiller!SAEDRVT14_TAPDS!1993
                          SAEDRVT14_TAPDS saed14rvt        
tapfiller!SAEDRVT14_TAPDS!1994
                          SAEDRVT14_TAPDS saed14rvt        
tapfiller!SAEDRVT14_TAPDS!1995
                          SAEDRVT14_TAPDS saed14rvt        
tapfiller!SAEDRVT14_TAPDS!1996
                          SAEDRVT14_TAPDS saed14rvt        
tapfiller!SAEDRVT14_TAPDS!1997
                          SAEDRVT14_TAPDS saed14rvt        
tapfiller!SAEDRVT14_TAPDS!1998
                          SAEDRVT14_TAPDS saed14rvt        
tapfiller!SAEDRVT14_TAPDS!1999
                          SAEDRVT14_TAPDS saed14rvt        
tapfiller!SAEDRVT14_TAPDS!2
                          SAEDRVT14_TAPDS saed14rvt        
tapfiller!SAEDRVT14_TAPDS!20
                          SAEDRVT14_TAPDS saed14rvt        
tapfiller!SAEDRVT14_TAPDS!200
                          SAEDRVT14_TAPDS saed14rvt        
tapfiller!SAEDRVT14_TAPDS!2000
                          SAEDRVT14_TAPDS saed14rvt        
tapfiller!SAEDRVT14_TAPDS!2001
                          SAEDRVT14_TAPDS saed14rvt        
tapfiller!SAEDRVT14_TAPDS!2002
                          SAEDRVT14_TAPDS saed14rvt        
tapfiller!SAEDRVT14_TAPDS!2003
                          SAEDRVT14_TAPDS saed14rvt        
tapfiller!SAEDRVT14_TAPDS!2004
                          SAEDRVT14_TAPDS saed14rvt        
tapfiller!SAEDRVT14_TAPDS!2005
                          SAEDRVT14_TAPDS saed14rvt        
tapfiller!SAEDRVT14_TAPDS!2006
                          SAEDRVT14_TAPDS saed14rvt        
tapfiller!SAEDRVT14_TAPDS!2007
                          SAEDRVT14_TAPDS saed14rvt        
tapfiller!SAEDRVT14_TAPDS!2008
                          SAEDRVT14_TAPDS saed14rvt        
tapfiller!SAEDRVT14_TAPDS!2009
                          SAEDRVT14_TAPDS saed14rvt        
tapfiller!SAEDRVT14_TAPDS!201
                          SAEDRVT14_TAPDS saed14rvt        
tapfiller!SAEDRVT14_TAPDS!2010
                          SAEDRVT14_TAPDS saed14rvt        
tapfiller!SAEDRVT14_TAPDS!2011
                          SAEDRVT14_TAPDS saed14rvt        
tapfiller!SAEDRVT14_TAPDS!2012
                          SAEDRVT14_TAPDS saed14rvt        
tapfiller!SAEDRVT14_TAPDS!2013
                          SAEDRVT14_TAPDS saed14rvt        
tapfiller!SAEDRVT14_TAPDS!2014
                          SAEDRVT14_TAPDS saed14rvt        
tapfiller!SAEDRVT14_TAPDS!2015
                          SAEDRVT14_TAPDS saed14rvt        
tapfiller!SAEDRVT14_TAPDS!2016
                          SAEDRVT14_TAPDS saed14rvt        
tapfiller!SAEDRVT14_TAPDS!2017
                          SAEDRVT14_TAPDS saed14rvt        
tapfiller!SAEDRVT14_TAPDS!2018
                          SAEDRVT14_TAPDS saed14rvt        
tapfiller!SAEDRVT14_TAPDS!2019
                          SAEDRVT14_TAPDS saed14rvt        
tapfiller!SAEDRVT14_TAPDS!202
                          SAEDRVT14_TAPDS saed14rvt        
tapfiller!SAEDRVT14_TAPDS!2020
                          SAEDRVT14_TAPDS saed14rvt        
tapfiller!SAEDRVT14_TAPDS!2021
                          SAEDRVT14_TAPDS saed14rvt        
tapfiller!SAEDRVT14_TAPDS!2022
                          SAEDRVT14_TAPDS saed14rvt        
tapfiller!SAEDRVT14_TAPDS!2023
                          SAEDRVT14_TAPDS saed14rvt        
tapfiller!SAEDRVT14_TAPDS!2024
                          SAEDRVT14_TAPDS saed14rvt        
tapfiller!SAEDRVT14_TAPDS!2025
                          SAEDRVT14_TAPDS saed14rvt        
tapfiller!SAEDRVT14_TAPDS!2026
                          SAEDRVT14_TAPDS saed14rvt        
tapfiller!SAEDRVT14_TAPDS!2027
                          SAEDRVT14_TAPDS saed14rvt        
tapfiller!SAEDRVT14_TAPDS!2028
                          SAEDRVT14_TAPDS saed14rvt        
tapfiller!SAEDRVT14_TAPDS!2029
                          SAEDRVT14_TAPDS saed14rvt        
tapfiller!SAEDRVT14_TAPDS!203
                          SAEDRVT14_TAPDS saed14rvt        
tapfiller!SAEDRVT14_TAPDS!2030
                          SAEDRVT14_TAPDS saed14rvt        
tapfiller!SAEDRVT14_TAPDS!2031
                          SAEDRVT14_TAPDS saed14rvt        
tapfiller!SAEDRVT14_TAPDS!2032
                          SAEDRVT14_TAPDS saed14rvt        
tapfiller!SAEDRVT14_TAPDS!2033
                          SAEDRVT14_TAPDS saed14rvt        
tapfiller!SAEDRVT14_TAPDS!2034
                          SAEDRVT14_TAPDS saed14rvt        
tapfiller!SAEDRVT14_TAPDS!2035
                          SAEDRVT14_TAPDS saed14rvt        
tapfiller!SAEDRVT14_TAPDS!2036
                          SAEDRVT14_TAPDS saed14rvt        
tapfiller!SAEDRVT14_TAPDS!2037
                          SAEDRVT14_TAPDS saed14rvt        
tapfiller!SAEDRVT14_TAPDS!2038
                          SAEDRVT14_TAPDS saed14rvt        
tapfiller!SAEDRVT14_TAPDS!2039
                          SAEDRVT14_TAPDS saed14rvt        
tapfiller!SAEDRVT14_TAPDS!204
                          SAEDRVT14_TAPDS saed14rvt        
tapfiller!SAEDRVT14_TAPDS!2040
                          SAEDRVT14_TAPDS saed14rvt        
tapfiller!SAEDRVT14_TAPDS!2041
                          SAEDRVT14_TAPDS saed14rvt        
tapfiller!SAEDRVT14_TAPDS!2042
                          SAEDRVT14_TAPDS saed14rvt        
tapfiller!SAEDRVT14_TAPDS!2043
                          SAEDRVT14_TAPDS saed14rvt        
tapfiller!SAEDRVT14_TAPDS!2044
                          SAEDRVT14_TAPDS saed14rvt        
tapfiller!SAEDRVT14_TAPDS!2045
                          SAEDRVT14_TAPDS saed14rvt        
tapfiller!SAEDRVT14_TAPDS!2046
                          SAEDRVT14_TAPDS saed14rvt        
tapfiller!SAEDRVT14_TAPDS!2047
                          SAEDRVT14_TAPDS saed14rvt        
tapfiller!SAEDRVT14_TAPDS!2048
                          SAEDRVT14_TAPDS saed14rvt        
tapfiller!SAEDRVT14_TAPDS!2049
                          SAEDRVT14_TAPDS saed14rvt        
tapfiller!SAEDRVT14_TAPDS!205
                          SAEDRVT14_TAPDS saed14rvt        
tapfiller!SAEDRVT14_TAPDS!2050
                          SAEDRVT14_TAPDS saed14rvt        
tapfiller!SAEDRVT14_TAPDS!2051
                          SAEDRVT14_TAPDS saed14rvt        
tapfiller!SAEDRVT14_TAPDS!2052
                          SAEDRVT14_TAPDS saed14rvt        
tapfiller!SAEDRVT14_TAPDS!2053
                          SAEDRVT14_TAPDS saed14rvt        
tapfiller!SAEDRVT14_TAPDS!2054
                          SAEDRVT14_TAPDS saed14rvt        
tapfiller!SAEDRVT14_TAPDS!2055
                          SAEDRVT14_TAPDS saed14rvt        
tapfiller!SAEDRVT14_TAPDS!2056
                          SAEDRVT14_TAPDS saed14rvt        
tapfiller!SAEDRVT14_TAPDS!2057
                          SAEDRVT14_TAPDS saed14rvt        
tapfiller!SAEDRVT14_TAPDS!2058
                          SAEDRVT14_TAPDS saed14rvt        
tapfiller!SAEDRVT14_TAPDS!2059
                          SAEDRVT14_TAPDS saed14rvt        
tapfiller!SAEDRVT14_TAPDS!206
                          SAEDRVT14_TAPDS saed14rvt        
tapfiller!SAEDRVT14_TAPDS!2060
                          SAEDRVT14_TAPDS saed14rvt        
tapfiller!SAEDRVT14_TAPDS!2061
                          SAEDRVT14_TAPDS saed14rvt        
tapfiller!SAEDRVT14_TAPDS!2062
                          SAEDRVT14_TAPDS saed14rvt        
tapfiller!SAEDRVT14_TAPDS!2063
                          SAEDRVT14_TAPDS saed14rvt        
tapfiller!SAEDRVT14_TAPDS!2064
                          SAEDRVT14_TAPDS saed14rvt        
tapfiller!SAEDRVT14_TAPDS!2065
                          SAEDRVT14_TAPDS saed14rvt        
tapfiller!SAEDRVT14_TAPDS!2066
                          SAEDRVT14_TAPDS saed14rvt        
tapfiller!SAEDRVT14_TAPDS!2067
                          SAEDRVT14_TAPDS saed14rvt        
tapfiller!SAEDRVT14_TAPDS!2068
                          SAEDRVT14_TAPDS saed14rvt        
tapfiller!SAEDRVT14_TAPDS!2069
                          SAEDRVT14_TAPDS saed14rvt        
tapfiller!SAEDRVT14_TAPDS!207
                          SAEDRVT14_TAPDS saed14rvt        
tapfiller!SAEDRVT14_TAPDS!2070
                          SAEDRVT14_TAPDS saed14rvt        
tapfiller!SAEDRVT14_TAPDS!2071
                          SAEDRVT14_TAPDS saed14rvt        
tapfiller!SAEDRVT14_TAPDS!2072
                          SAEDRVT14_TAPDS saed14rvt        
tapfiller!SAEDRVT14_TAPDS!2073
                          SAEDRVT14_TAPDS saed14rvt        
tapfiller!SAEDRVT14_TAPDS!2074
                          SAEDRVT14_TAPDS saed14rvt        
tapfiller!SAEDRVT14_TAPDS!2075
                          SAEDRVT14_TAPDS saed14rvt        
tapfiller!SAEDRVT14_TAPDS!2076
                          SAEDRVT14_TAPDS saed14rvt        
tapfiller!SAEDRVT14_TAPDS!2077
                          SAEDRVT14_TAPDS saed14rvt        
tapfiller!SAEDRVT14_TAPDS!2078
                          SAEDRVT14_TAPDS saed14rvt        
tapfiller!SAEDRVT14_TAPDS!2079
                          SAEDRVT14_TAPDS saed14rvt        
tapfiller!SAEDRVT14_TAPDS!208
                          SAEDRVT14_TAPDS saed14rvt        
tapfiller!SAEDRVT14_TAPDS!2080
                          SAEDRVT14_TAPDS saed14rvt        
tapfiller!SAEDRVT14_TAPDS!2081
                          SAEDRVT14_TAPDS saed14rvt        
tapfiller!SAEDRVT14_TAPDS!2082
                          SAEDRVT14_TAPDS saed14rvt        
tapfiller!SAEDRVT14_TAPDS!2083
                          SAEDRVT14_TAPDS saed14rvt        
tapfiller!SAEDRVT14_TAPDS!2084
                          SAEDRVT14_TAPDS saed14rvt        
tapfiller!SAEDRVT14_TAPDS!2085
                          SAEDRVT14_TAPDS saed14rvt        
tapfiller!SAEDRVT14_TAPDS!2086
                          SAEDRVT14_TAPDS saed14rvt        
tapfiller!SAEDRVT14_TAPDS!2087
                          SAEDRVT14_TAPDS saed14rvt        
tapfiller!SAEDRVT14_TAPDS!2088
                          SAEDRVT14_TAPDS saed14rvt        
tapfiller!SAEDRVT14_TAPDS!2089
                          SAEDRVT14_TAPDS saed14rvt        
tapfiller!SAEDRVT14_TAPDS!209
                          SAEDRVT14_TAPDS saed14rvt        
tapfiller!SAEDRVT14_TAPDS!2090
                          SAEDRVT14_TAPDS saed14rvt        
tapfiller!SAEDRVT14_TAPDS!2091
                          SAEDRVT14_TAPDS saed14rvt        
tapfiller!SAEDRVT14_TAPDS!2092
                          SAEDRVT14_TAPDS saed14rvt        
tapfiller!SAEDRVT14_TAPDS!2093
                          SAEDRVT14_TAPDS saed14rvt        
tapfiller!SAEDRVT14_TAPDS!2094
                          SAEDRVT14_TAPDS saed14rvt        
tapfiller!SAEDRVT14_TAPDS!2095
                          SAEDRVT14_TAPDS saed14rvt        
tapfiller!SAEDRVT14_TAPDS!2096
                          SAEDRVT14_TAPDS saed14rvt        
tapfiller!SAEDRVT14_TAPDS!2097
                          SAEDRVT14_TAPDS saed14rvt        
tapfiller!SAEDRVT14_TAPDS!2098
                          SAEDRVT14_TAPDS saed14rvt        
tapfiller!SAEDRVT14_TAPDS!2099
                          SAEDRVT14_TAPDS saed14rvt        
tapfiller!SAEDRVT14_TAPDS!21
                          SAEDRVT14_TAPDS saed14rvt        
tapfiller!SAEDRVT14_TAPDS!210
                          SAEDRVT14_TAPDS saed14rvt        
tapfiller!SAEDRVT14_TAPDS!2100
                          SAEDRVT14_TAPDS saed14rvt        
tapfiller!SAEDRVT14_TAPDS!2101
                          SAEDRVT14_TAPDS saed14rvt        
tapfiller!SAEDRVT14_TAPDS!2102
                          SAEDRVT14_TAPDS saed14rvt        
tapfiller!SAEDRVT14_TAPDS!2103
                          SAEDRVT14_TAPDS saed14rvt        
tapfiller!SAEDRVT14_TAPDS!2104
                          SAEDRVT14_TAPDS saed14rvt        
tapfiller!SAEDRVT14_TAPDS!2105
                          SAEDRVT14_TAPDS saed14rvt        
tapfiller!SAEDRVT14_TAPDS!2106
                          SAEDRVT14_TAPDS saed14rvt        
tapfiller!SAEDRVT14_TAPDS!2107
                          SAEDRVT14_TAPDS saed14rvt        
tapfiller!SAEDRVT14_TAPDS!2108
                          SAEDRVT14_TAPDS saed14rvt        
tapfiller!SAEDRVT14_TAPDS!2109
                          SAEDRVT14_TAPDS saed14rvt        
tapfiller!SAEDRVT14_TAPDS!211
                          SAEDRVT14_TAPDS saed14rvt        
tapfiller!SAEDRVT14_TAPDS!2110
                          SAEDRVT14_TAPDS saed14rvt        
tapfiller!SAEDRVT14_TAPDS!2111
                          SAEDRVT14_TAPDS saed14rvt        
tapfiller!SAEDRVT14_TAPDS!2112
                          SAEDRVT14_TAPDS saed14rvt        
tapfiller!SAEDRVT14_TAPDS!2113
                          SAEDRVT14_TAPDS saed14rvt        
tapfiller!SAEDRVT14_TAPDS!2114
                          SAEDRVT14_TAPDS saed14rvt        
tapfiller!SAEDRVT14_TAPDS!2115
                          SAEDRVT14_TAPDS saed14rvt        
tapfiller!SAEDRVT14_TAPDS!2116
                          SAEDRVT14_TAPDS saed14rvt        
tapfiller!SAEDRVT14_TAPDS!2117
                          SAEDRVT14_TAPDS saed14rvt        
tapfiller!SAEDRVT14_TAPDS!2118
                          SAEDRVT14_TAPDS saed14rvt        
tapfiller!SAEDRVT14_TAPDS!2119
                          SAEDRVT14_TAPDS saed14rvt        
tapfiller!SAEDRVT14_TAPDS!212
                          SAEDRVT14_TAPDS saed14rvt        
tapfiller!SAEDRVT14_TAPDS!2120
                          SAEDRVT14_TAPDS saed14rvt        
tapfiller!SAEDRVT14_TAPDS!2121
                          SAEDRVT14_TAPDS saed14rvt        
tapfiller!SAEDRVT14_TAPDS!2122
                          SAEDRVT14_TAPDS saed14rvt        
tapfiller!SAEDRVT14_TAPDS!2123
                          SAEDRVT14_TAPDS saed14rvt        
tapfiller!SAEDRVT14_TAPDS!2124
                          SAEDRVT14_TAPDS saed14rvt        
tapfiller!SAEDRVT14_TAPDS!2125
                          SAEDRVT14_TAPDS saed14rvt        
tapfiller!SAEDRVT14_TAPDS!2126
                          SAEDRVT14_TAPDS saed14rvt        
tapfiller!SAEDRVT14_TAPDS!2127
                          SAEDRVT14_TAPDS saed14rvt        
tapfiller!SAEDRVT14_TAPDS!2128
                          SAEDRVT14_TAPDS saed14rvt        
tapfiller!SAEDRVT14_TAPDS!2129
                          SAEDRVT14_TAPDS saed14rvt        
tapfiller!SAEDRVT14_TAPDS!213
                          SAEDRVT14_TAPDS saed14rvt        
tapfiller!SAEDRVT14_TAPDS!2130
                          SAEDRVT14_TAPDS saed14rvt        
tapfiller!SAEDRVT14_TAPDS!2131
                          SAEDRVT14_TAPDS saed14rvt        
tapfiller!SAEDRVT14_TAPDS!2132
                          SAEDRVT14_TAPDS saed14rvt        
tapfiller!SAEDRVT14_TAPDS!2133
                          SAEDRVT14_TAPDS saed14rvt        
tapfiller!SAEDRVT14_TAPDS!2134
                          SAEDRVT14_TAPDS saed14rvt        
tapfiller!SAEDRVT14_TAPDS!2135
                          SAEDRVT14_TAPDS saed14rvt        
tapfiller!SAEDRVT14_TAPDS!2136
                          SAEDRVT14_TAPDS saed14rvt        
tapfiller!SAEDRVT14_TAPDS!2137
                          SAEDRVT14_TAPDS saed14rvt        
tapfiller!SAEDRVT14_TAPDS!2138
                          SAEDRVT14_TAPDS saed14rvt        
tapfiller!SAEDRVT14_TAPDS!2139
                          SAEDRVT14_TAPDS saed14rvt        
tapfiller!SAEDRVT14_TAPDS!214
                          SAEDRVT14_TAPDS saed14rvt        
tapfiller!SAEDRVT14_TAPDS!2140
                          SAEDRVT14_TAPDS saed14rvt        
tapfiller!SAEDRVT14_TAPDS!2141
                          SAEDRVT14_TAPDS saed14rvt        
tapfiller!SAEDRVT14_TAPDS!2142
                          SAEDRVT14_TAPDS saed14rvt        
tapfiller!SAEDRVT14_TAPDS!2143
                          SAEDRVT14_TAPDS saed14rvt        
tapfiller!SAEDRVT14_TAPDS!2144
                          SAEDRVT14_TAPDS saed14rvt        
tapfiller!SAEDRVT14_TAPDS!2145
                          SAEDRVT14_TAPDS saed14rvt        
tapfiller!SAEDRVT14_TAPDS!2146
                          SAEDRVT14_TAPDS saed14rvt        
tapfiller!SAEDRVT14_TAPDS!2147
                          SAEDRVT14_TAPDS saed14rvt        
tapfiller!SAEDRVT14_TAPDS!2148
                          SAEDRVT14_TAPDS saed14rvt        
tapfiller!SAEDRVT14_TAPDS!2149
                          SAEDRVT14_TAPDS saed14rvt        
tapfiller!SAEDRVT14_TAPDS!215
                          SAEDRVT14_TAPDS saed14rvt        
tapfiller!SAEDRVT14_TAPDS!2150
                          SAEDRVT14_TAPDS saed14rvt        
tapfiller!SAEDRVT14_TAPDS!2151
                          SAEDRVT14_TAPDS saed14rvt        
tapfiller!SAEDRVT14_TAPDS!2152
                          SAEDRVT14_TAPDS saed14rvt        
tapfiller!SAEDRVT14_TAPDS!2153
                          SAEDRVT14_TAPDS saed14rvt        
tapfiller!SAEDRVT14_TAPDS!2154
                          SAEDRVT14_TAPDS saed14rvt        
tapfiller!SAEDRVT14_TAPDS!2155
                          SAEDRVT14_TAPDS saed14rvt        
tapfiller!SAEDRVT14_TAPDS!2156
                          SAEDRVT14_TAPDS saed14rvt        
tapfiller!SAEDRVT14_TAPDS!2157
                          SAEDRVT14_TAPDS saed14rvt        
tapfiller!SAEDRVT14_TAPDS!2158
                          SAEDRVT14_TAPDS saed14rvt        
tapfiller!SAEDRVT14_TAPDS!2159
                          SAEDRVT14_TAPDS saed14rvt        
tapfiller!SAEDRVT14_TAPDS!216
                          SAEDRVT14_TAPDS saed14rvt        
tapfiller!SAEDRVT14_TAPDS!2160
                          SAEDRVT14_TAPDS saed14rvt        
tapfiller!SAEDRVT14_TAPDS!2161
                          SAEDRVT14_TAPDS saed14rvt        
tapfiller!SAEDRVT14_TAPDS!2162
                          SAEDRVT14_TAPDS saed14rvt        
tapfiller!SAEDRVT14_TAPDS!2163
                          SAEDRVT14_TAPDS saed14rvt        
tapfiller!SAEDRVT14_TAPDS!2164
                          SAEDRVT14_TAPDS saed14rvt        
tapfiller!SAEDRVT14_TAPDS!2165
                          SAEDRVT14_TAPDS saed14rvt        
tapfiller!SAEDRVT14_TAPDS!2166
                          SAEDRVT14_TAPDS saed14rvt        
tapfiller!SAEDRVT14_TAPDS!2167
                          SAEDRVT14_TAPDS saed14rvt        
tapfiller!SAEDRVT14_TAPDS!2168
                          SAEDRVT14_TAPDS saed14rvt        
tapfiller!SAEDRVT14_TAPDS!2169
                          SAEDRVT14_TAPDS saed14rvt        
tapfiller!SAEDRVT14_TAPDS!217
                          SAEDRVT14_TAPDS saed14rvt        
tapfiller!SAEDRVT14_TAPDS!2170
                          SAEDRVT14_TAPDS saed14rvt        
tapfiller!SAEDRVT14_TAPDS!2171
                          SAEDRVT14_TAPDS saed14rvt        
tapfiller!SAEDRVT14_TAPDS!2172
                          SAEDRVT14_TAPDS saed14rvt        
tapfiller!SAEDRVT14_TAPDS!2173
                          SAEDRVT14_TAPDS saed14rvt        
tapfiller!SAEDRVT14_TAPDS!2174
                          SAEDRVT14_TAPDS saed14rvt        
tapfiller!SAEDRVT14_TAPDS!2175
                          SAEDRVT14_TAPDS saed14rvt        
tapfiller!SAEDRVT14_TAPDS!2176
                          SAEDRVT14_TAPDS saed14rvt        
tapfiller!SAEDRVT14_TAPDS!2177
                          SAEDRVT14_TAPDS saed14rvt        
tapfiller!SAEDRVT14_TAPDS!2178
                          SAEDRVT14_TAPDS saed14rvt        
tapfiller!SAEDRVT14_TAPDS!2179
                          SAEDRVT14_TAPDS saed14rvt        
tapfiller!SAEDRVT14_TAPDS!218
                          SAEDRVT14_TAPDS saed14rvt        
tapfiller!SAEDRVT14_TAPDS!2180
                          SAEDRVT14_TAPDS saed14rvt        
tapfiller!SAEDRVT14_TAPDS!2181
                          SAEDRVT14_TAPDS saed14rvt        
tapfiller!SAEDRVT14_TAPDS!2182
                          SAEDRVT14_TAPDS saed14rvt        
tapfiller!SAEDRVT14_TAPDS!2183
                          SAEDRVT14_TAPDS saed14rvt        
tapfiller!SAEDRVT14_TAPDS!2184
                          SAEDRVT14_TAPDS saed14rvt        
tapfiller!SAEDRVT14_TAPDS!2185
                          SAEDRVT14_TAPDS saed14rvt        
tapfiller!SAEDRVT14_TAPDS!2186
                          SAEDRVT14_TAPDS saed14rvt        
tapfiller!SAEDRVT14_TAPDS!2187
                          SAEDRVT14_TAPDS saed14rvt        
tapfiller!SAEDRVT14_TAPDS!2188
                          SAEDRVT14_TAPDS saed14rvt        
tapfiller!SAEDRVT14_TAPDS!2189
                          SAEDRVT14_TAPDS saed14rvt        
tapfiller!SAEDRVT14_TAPDS!219
                          SAEDRVT14_TAPDS saed14rvt        
tapfiller!SAEDRVT14_TAPDS!2190
                          SAEDRVT14_TAPDS saed14rvt        
tapfiller!SAEDRVT14_TAPDS!2191
                          SAEDRVT14_TAPDS saed14rvt        
tapfiller!SAEDRVT14_TAPDS!2192
                          SAEDRVT14_TAPDS saed14rvt        
tapfiller!SAEDRVT14_TAPDS!2193
                          SAEDRVT14_TAPDS saed14rvt        
tapfiller!SAEDRVT14_TAPDS!2194
                          SAEDRVT14_TAPDS saed14rvt        
tapfiller!SAEDRVT14_TAPDS!2195
                          SAEDRVT14_TAPDS saed14rvt        
tapfiller!SAEDRVT14_TAPDS!2196
                          SAEDRVT14_TAPDS saed14rvt        
tapfiller!SAEDRVT14_TAPDS!2197
                          SAEDRVT14_TAPDS saed14rvt        
tapfiller!SAEDRVT14_TAPDS!2198
                          SAEDRVT14_TAPDS saed14rvt        
tapfiller!SAEDRVT14_TAPDS!2199
                          SAEDRVT14_TAPDS saed14rvt        
tapfiller!SAEDRVT14_TAPDS!22
                          SAEDRVT14_TAPDS saed14rvt        
tapfiller!SAEDRVT14_TAPDS!220
                          SAEDRVT14_TAPDS saed14rvt        
tapfiller!SAEDRVT14_TAPDS!2200
                          SAEDRVT14_TAPDS saed14rvt        
tapfiller!SAEDRVT14_TAPDS!2201
                          SAEDRVT14_TAPDS saed14rvt        
tapfiller!SAEDRVT14_TAPDS!2202
                          SAEDRVT14_TAPDS saed14rvt        
tapfiller!SAEDRVT14_TAPDS!2203
                          SAEDRVT14_TAPDS saed14rvt        
tapfiller!SAEDRVT14_TAPDS!2204
                          SAEDRVT14_TAPDS saed14rvt        
tapfiller!SAEDRVT14_TAPDS!2205
                          SAEDRVT14_TAPDS saed14rvt        
tapfiller!SAEDRVT14_TAPDS!2206
                          SAEDRVT14_TAPDS saed14rvt        
tapfiller!SAEDRVT14_TAPDS!2207
                          SAEDRVT14_TAPDS saed14rvt        
tapfiller!SAEDRVT14_TAPDS!2208
                          SAEDRVT14_TAPDS saed14rvt        
tapfiller!SAEDRVT14_TAPDS!2209
                          SAEDRVT14_TAPDS saed14rvt        
tapfiller!SAEDRVT14_TAPDS!221
                          SAEDRVT14_TAPDS saed14rvt        
tapfiller!SAEDRVT14_TAPDS!2210
                          SAEDRVT14_TAPDS saed14rvt        
tapfiller!SAEDRVT14_TAPDS!2211
                          SAEDRVT14_TAPDS saed14rvt        
tapfiller!SAEDRVT14_TAPDS!2212
                          SAEDRVT14_TAPDS saed14rvt        
tapfiller!SAEDRVT14_TAPDS!2213
                          SAEDRVT14_TAPDS saed14rvt        
tapfiller!SAEDRVT14_TAPDS!2214
                          SAEDRVT14_TAPDS saed14rvt        
tapfiller!SAEDRVT14_TAPDS!2215
                          SAEDRVT14_TAPDS saed14rvt        
tapfiller!SAEDRVT14_TAPDS!2216
                          SAEDRVT14_TAPDS saed14rvt        
tapfiller!SAEDRVT14_TAPDS!2217
                          SAEDRVT14_TAPDS saed14rvt        
tapfiller!SAEDRVT14_TAPDS!2218
                          SAEDRVT14_TAPDS saed14rvt        
tapfiller!SAEDRVT14_TAPDS!2219
                          SAEDRVT14_TAPDS saed14rvt        
tapfiller!SAEDRVT14_TAPDS!222
                          SAEDRVT14_TAPDS saed14rvt        
tapfiller!SAEDRVT14_TAPDS!2220
                          SAEDRVT14_TAPDS saed14rvt        
tapfiller!SAEDRVT14_TAPDS!2221
                          SAEDRVT14_TAPDS saed14rvt        
tapfiller!SAEDRVT14_TAPDS!2222
                          SAEDRVT14_TAPDS saed14rvt        
tapfiller!SAEDRVT14_TAPDS!2223
                          SAEDRVT14_TAPDS saed14rvt        
tapfiller!SAEDRVT14_TAPDS!2224
                          SAEDRVT14_TAPDS saed14rvt        
tapfiller!SAEDRVT14_TAPDS!2225
                          SAEDRVT14_TAPDS saed14rvt        
tapfiller!SAEDRVT14_TAPDS!2226
                          SAEDRVT14_TAPDS saed14rvt        
tapfiller!SAEDRVT14_TAPDS!2227
                          SAEDRVT14_TAPDS saed14rvt        
tapfiller!SAEDRVT14_TAPDS!2228
                          SAEDRVT14_TAPDS saed14rvt        
tapfiller!SAEDRVT14_TAPDS!2229
                          SAEDRVT14_TAPDS saed14rvt        
tapfiller!SAEDRVT14_TAPDS!223
                          SAEDRVT14_TAPDS saed14rvt        
tapfiller!SAEDRVT14_TAPDS!2230
                          SAEDRVT14_TAPDS saed14rvt        
tapfiller!SAEDRVT14_TAPDS!2231
                          SAEDRVT14_TAPDS saed14rvt        
tapfiller!SAEDRVT14_TAPDS!2232
                          SAEDRVT14_TAPDS saed14rvt        
tapfiller!SAEDRVT14_TAPDS!2233
                          SAEDRVT14_TAPDS saed14rvt        
tapfiller!SAEDRVT14_TAPDS!2234
                          SAEDRVT14_TAPDS saed14rvt        
tapfiller!SAEDRVT14_TAPDS!2235
                          SAEDRVT14_TAPDS saed14rvt        
tapfiller!SAEDRVT14_TAPDS!2236
                          SAEDRVT14_TAPDS saed14rvt        
tapfiller!SAEDRVT14_TAPDS!2237
                          SAEDRVT14_TAPDS saed14rvt        
tapfiller!SAEDRVT14_TAPDS!2238
                          SAEDRVT14_TAPDS saed14rvt        
tapfiller!SAEDRVT14_TAPDS!2239
                          SAEDRVT14_TAPDS saed14rvt        
tapfiller!SAEDRVT14_TAPDS!224
                          SAEDRVT14_TAPDS saed14rvt        
tapfiller!SAEDRVT14_TAPDS!2240
                          SAEDRVT14_TAPDS saed14rvt        
tapfiller!SAEDRVT14_TAPDS!2241
                          SAEDRVT14_TAPDS saed14rvt        
tapfiller!SAEDRVT14_TAPDS!2242
                          SAEDRVT14_TAPDS saed14rvt        
tapfiller!SAEDRVT14_TAPDS!2243
                          SAEDRVT14_TAPDS saed14rvt        
tapfiller!SAEDRVT14_TAPDS!2244
                          SAEDRVT14_TAPDS saed14rvt        
tapfiller!SAEDRVT14_TAPDS!2245
                          SAEDRVT14_TAPDS saed14rvt        
tapfiller!SAEDRVT14_TAPDS!2246
                          SAEDRVT14_TAPDS saed14rvt        
tapfiller!SAEDRVT14_TAPDS!2247
                          SAEDRVT14_TAPDS saed14rvt        
tapfiller!SAEDRVT14_TAPDS!2248
                          SAEDRVT14_TAPDS saed14rvt        
tapfiller!SAEDRVT14_TAPDS!2249
                          SAEDRVT14_TAPDS saed14rvt        
tapfiller!SAEDRVT14_TAPDS!225
                          SAEDRVT14_TAPDS saed14rvt        
tapfiller!SAEDRVT14_TAPDS!2250
                          SAEDRVT14_TAPDS saed14rvt        
tapfiller!SAEDRVT14_TAPDS!2251
                          SAEDRVT14_TAPDS saed14rvt        
tapfiller!SAEDRVT14_TAPDS!2252
                          SAEDRVT14_TAPDS saed14rvt        
tapfiller!SAEDRVT14_TAPDS!2253
                          SAEDRVT14_TAPDS saed14rvt        
tapfiller!SAEDRVT14_TAPDS!2254
                          SAEDRVT14_TAPDS saed14rvt        
tapfiller!SAEDRVT14_TAPDS!2255
                          SAEDRVT14_TAPDS saed14rvt        
tapfiller!SAEDRVT14_TAPDS!2256
                          SAEDRVT14_TAPDS saed14rvt        
tapfiller!SAEDRVT14_TAPDS!2257
                          SAEDRVT14_TAPDS saed14rvt        
tapfiller!SAEDRVT14_TAPDS!2258
                          SAEDRVT14_TAPDS saed14rvt        
tapfiller!SAEDRVT14_TAPDS!2259
                          SAEDRVT14_TAPDS saed14rvt        
tapfiller!SAEDRVT14_TAPDS!226
                          SAEDRVT14_TAPDS saed14rvt        
tapfiller!SAEDRVT14_TAPDS!2260
                          SAEDRVT14_TAPDS saed14rvt        
tapfiller!SAEDRVT14_TAPDS!2261
                          SAEDRVT14_TAPDS saed14rvt        
tapfiller!SAEDRVT14_TAPDS!2262
                          SAEDRVT14_TAPDS saed14rvt        
tapfiller!SAEDRVT14_TAPDS!2263
                          SAEDRVT14_TAPDS saed14rvt        
tapfiller!SAEDRVT14_TAPDS!2264
                          SAEDRVT14_TAPDS saed14rvt        
tapfiller!SAEDRVT14_TAPDS!2265
                          SAEDRVT14_TAPDS saed14rvt        
tapfiller!SAEDRVT14_TAPDS!2266
                          SAEDRVT14_TAPDS saed14rvt        
tapfiller!SAEDRVT14_TAPDS!2267
                          SAEDRVT14_TAPDS saed14rvt        
tapfiller!SAEDRVT14_TAPDS!2268
                          SAEDRVT14_TAPDS saed14rvt        
tapfiller!SAEDRVT14_TAPDS!2269
                          SAEDRVT14_TAPDS saed14rvt        
tapfiller!SAEDRVT14_TAPDS!227
                          SAEDRVT14_TAPDS saed14rvt        
tapfiller!SAEDRVT14_TAPDS!2270
                          SAEDRVT14_TAPDS saed14rvt        
tapfiller!SAEDRVT14_TAPDS!2271
                          SAEDRVT14_TAPDS saed14rvt        
tapfiller!SAEDRVT14_TAPDS!2272
                          SAEDRVT14_TAPDS saed14rvt        
tapfiller!SAEDRVT14_TAPDS!2273
                          SAEDRVT14_TAPDS saed14rvt        
tapfiller!SAEDRVT14_TAPDS!2274
                          SAEDRVT14_TAPDS saed14rvt        
tapfiller!SAEDRVT14_TAPDS!2275
                          SAEDRVT14_TAPDS saed14rvt        
tapfiller!SAEDRVT14_TAPDS!2276
                          SAEDRVT14_TAPDS saed14rvt        
tapfiller!SAEDRVT14_TAPDS!2277
                          SAEDRVT14_TAPDS saed14rvt        
tapfiller!SAEDRVT14_TAPDS!2278
                          SAEDRVT14_TAPDS saed14rvt        
tapfiller!SAEDRVT14_TAPDS!2279
                          SAEDRVT14_TAPDS saed14rvt        
tapfiller!SAEDRVT14_TAPDS!228
                          SAEDRVT14_TAPDS saed14rvt        
tapfiller!SAEDRVT14_TAPDS!2280
                          SAEDRVT14_TAPDS saed14rvt        
tapfiller!SAEDRVT14_TAPDS!2281
                          SAEDRVT14_TAPDS saed14rvt        
tapfiller!SAEDRVT14_TAPDS!2282
                          SAEDRVT14_TAPDS saed14rvt        
tapfiller!SAEDRVT14_TAPDS!2283
                          SAEDRVT14_TAPDS saed14rvt        
tapfiller!SAEDRVT14_TAPDS!2284
                          SAEDRVT14_TAPDS saed14rvt        
tapfiller!SAEDRVT14_TAPDS!2285
                          SAEDRVT14_TAPDS saed14rvt        
tapfiller!SAEDRVT14_TAPDS!2286
                          SAEDRVT14_TAPDS saed14rvt        
tapfiller!SAEDRVT14_TAPDS!2287
                          SAEDRVT14_TAPDS saed14rvt        
tapfiller!SAEDRVT14_TAPDS!2288
                          SAEDRVT14_TAPDS saed14rvt        
tapfiller!SAEDRVT14_TAPDS!2289
                          SAEDRVT14_TAPDS saed14rvt        
tapfiller!SAEDRVT14_TAPDS!229
                          SAEDRVT14_TAPDS saed14rvt        
tapfiller!SAEDRVT14_TAPDS!2290
                          SAEDRVT14_TAPDS saed14rvt        
tapfiller!SAEDRVT14_TAPDS!2291
                          SAEDRVT14_TAPDS saed14rvt        
tapfiller!SAEDRVT14_TAPDS!2292
                          SAEDRVT14_TAPDS saed14rvt        
tapfiller!SAEDRVT14_TAPDS!2293
                          SAEDRVT14_TAPDS saed14rvt        
tapfiller!SAEDRVT14_TAPDS!2294
                          SAEDRVT14_TAPDS saed14rvt        
tapfiller!SAEDRVT14_TAPDS!2295
                          SAEDRVT14_TAPDS saed14rvt        
tapfiller!SAEDRVT14_TAPDS!2296
                          SAEDRVT14_TAPDS saed14rvt        
tapfiller!SAEDRVT14_TAPDS!2297
                          SAEDRVT14_TAPDS saed14rvt        
tapfiller!SAEDRVT14_TAPDS!2298
                          SAEDRVT14_TAPDS saed14rvt        
tapfiller!SAEDRVT14_TAPDS!2299
                          SAEDRVT14_TAPDS saed14rvt        
tapfiller!SAEDRVT14_TAPDS!23
                          SAEDRVT14_TAPDS saed14rvt        
tapfiller!SAEDRVT14_TAPDS!230
                          SAEDRVT14_TAPDS saed14rvt        
tapfiller!SAEDRVT14_TAPDS!2300
                          SAEDRVT14_TAPDS saed14rvt        
tapfiller!SAEDRVT14_TAPDS!2301
                          SAEDRVT14_TAPDS saed14rvt        
tapfiller!SAEDRVT14_TAPDS!2302
                          SAEDRVT14_TAPDS saed14rvt        
tapfiller!SAEDRVT14_TAPDS!2303
                          SAEDRVT14_TAPDS saed14rvt        
tapfiller!SAEDRVT14_TAPDS!2304
                          SAEDRVT14_TAPDS saed14rvt        
tapfiller!SAEDRVT14_TAPDS!2305
                          SAEDRVT14_TAPDS saed14rvt        
tapfiller!SAEDRVT14_TAPDS!2306
                          SAEDRVT14_TAPDS saed14rvt        
tapfiller!SAEDRVT14_TAPDS!2307
                          SAEDRVT14_TAPDS saed14rvt        
tapfiller!SAEDRVT14_TAPDS!2308
                          SAEDRVT14_TAPDS saed14rvt        
tapfiller!SAEDRVT14_TAPDS!2309
                          SAEDRVT14_TAPDS saed14rvt        
tapfiller!SAEDRVT14_TAPDS!231
                          SAEDRVT14_TAPDS saed14rvt        
tapfiller!SAEDRVT14_TAPDS!2310
                          SAEDRVT14_TAPDS saed14rvt        
tapfiller!SAEDRVT14_TAPDS!2311
                          SAEDRVT14_TAPDS saed14rvt        
tapfiller!SAEDRVT14_TAPDS!2312
                          SAEDRVT14_TAPDS saed14rvt        
tapfiller!SAEDRVT14_TAPDS!2313
                          SAEDRVT14_TAPDS saed14rvt        
tapfiller!SAEDRVT14_TAPDS!2314
                          SAEDRVT14_TAPDS saed14rvt        
tapfiller!SAEDRVT14_TAPDS!2315
                          SAEDRVT14_TAPDS saed14rvt        
tapfiller!SAEDRVT14_TAPDS!2316
                          SAEDRVT14_TAPDS saed14rvt        
tapfiller!SAEDRVT14_TAPDS!2317
                          SAEDRVT14_TAPDS saed14rvt        
tapfiller!SAEDRVT14_TAPDS!2318
                          SAEDRVT14_TAPDS saed14rvt        
tapfiller!SAEDRVT14_TAPDS!2319
                          SAEDRVT14_TAPDS saed14rvt        
tapfiller!SAEDRVT14_TAPDS!232
                          SAEDRVT14_TAPDS saed14rvt        
tapfiller!SAEDRVT14_TAPDS!2320
                          SAEDRVT14_TAPDS saed14rvt        
tapfiller!SAEDRVT14_TAPDS!2321
                          SAEDRVT14_TAPDS saed14rvt        
tapfiller!SAEDRVT14_TAPDS!2322
                          SAEDRVT14_TAPDS saed14rvt        
tapfiller!SAEDRVT14_TAPDS!2323
                          SAEDRVT14_TAPDS saed14rvt        
tapfiller!SAEDRVT14_TAPDS!2324
                          SAEDRVT14_TAPDS saed14rvt        
tapfiller!SAEDRVT14_TAPDS!2325
                          SAEDRVT14_TAPDS saed14rvt        
tapfiller!SAEDRVT14_TAPDS!2326
                          SAEDRVT14_TAPDS saed14rvt        
tapfiller!SAEDRVT14_TAPDS!2327
                          SAEDRVT14_TAPDS saed14rvt        
tapfiller!SAEDRVT14_TAPDS!2328
                          SAEDRVT14_TAPDS saed14rvt        
tapfiller!SAEDRVT14_TAPDS!2329
                          SAEDRVT14_TAPDS saed14rvt        
tapfiller!SAEDRVT14_TAPDS!233
                          SAEDRVT14_TAPDS saed14rvt        
tapfiller!SAEDRVT14_TAPDS!2330
                          SAEDRVT14_TAPDS saed14rvt        
tapfiller!SAEDRVT14_TAPDS!2331
                          SAEDRVT14_TAPDS saed14rvt        
tapfiller!SAEDRVT14_TAPDS!2332
                          SAEDRVT14_TAPDS saed14rvt        
tapfiller!SAEDRVT14_TAPDS!2333
                          SAEDRVT14_TAPDS saed14rvt        
tapfiller!SAEDRVT14_TAPDS!2334
                          SAEDRVT14_TAPDS saed14rvt        
tapfiller!SAEDRVT14_TAPDS!2335
                          SAEDRVT14_TAPDS saed14rvt        
tapfiller!SAEDRVT14_TAPDS!2336
                          SAEDRVT14_TAPDS saed14rvt        
tapfiller!SAEDRVT14_TAPDS!2337
                          SAEDRVT14_TAPDS saed14rvt        
tapfiller!SAEDRVT14_TAPDS!2338
                          SAEDRVT14_TAPDS saed14rvt        
tapfiller!SAEDRVT14_TAPDS!2339
                          SAEDRVT14_TAPDS saed14rvt        
tapfiller!SAEDRVT14_TAPDS!234
                          SAEDRVT14_TAPDS saed14rvt        
tapfiller!SAEDRVT14_TAPDS!2340
                          SAEDRVT14_TAPDS saed14rvt        
tapfiller!SAEDRVT14_TAPDS!2341
                          SAEDRVT14_TAPDS saed14rvt        
tapfiller!SAEDRVT14_TAPDS!2342
                          SAEDRVT14_TAPDS saed14rvt        
tapfiller!SAEDRVT14_TAPDS!2343
                          SAEDRVT14_TAPDS saed14rvt        
tapfiller!SAEDRVT14_TAPDS!2344
                          SAEDRVT14_TAPDS saed14rvt        
tapfiller!SAEDRVT14_TAPDS!2345
                          SAEDRVT14_TAPDS saed14rvt        
tapfiller!SAEDRVT14_TAPDS!2346
                          SAEDRVT14_TAPDS saed14rvt        
tapfiller!SAEDRVT14_TAPDS!2347
                          SAEDRVT14_TAPDS saed14rvt        
tapfiller!SAEDRVT14_TAPDS!2348
                          SAEDRVT14_TAPDS saed14rvt        
tapfiller!SAEDRVT14_TAPDS!2349
                          SAEDRVT14_TAPDS saed14rvt        
tapfiller!SAEDRVT14_TAPDS!235
                          SAEDRVT14_TAPDS saed14rvt        
tapfiller!SAEDRVT14_TAPDS!2350
                          SAEDRVT14_TAPDS saed14rvt        
tapfiller!SAEDRVT14_TAPDS!2351
                          SAEDRVT14_TAPDS saed14rvt        
tapfiller!SAEDRVT14_TAPDS!2352
                          SAEDRVT14_TAPDS saed14rvt        
tapfiller!SAEDRVT14_TAPDS!2353
                          SAEDRVT14_TAPDS saed14rvt        
tapfiller!SAEDRVT14_TAPDS!2354
                          SAEDRVT14_TAPDS saed14rvt        
tapfiller!SAEDRVT14_TAPDS!2355
                          SAEDRVT14_TAPDS saed14rvt        
tapfiller!SAEDRVT14_TAPDS!2356
                          SAEDRVT14_TAPDS saed14rvt        
tapfiller!SAEDRVT14_TAPDS!2357
                          SAEDRVT14_TAPDS saed14rvt        
tapfiller!SAEDRVT14_TAPDS!2358
                          SAEDRVT14_TAPDS saed14rvt        
tapfiller!SAEDRVT14_TAPDS!2359
                          SAEDRVT14_TAPDS saed14rvt        
tapfiller!SAEDRVT14_TAPDS!236
                          SAEDRVT14_TAPDS saed14rvt        
tapfiller!SAEDRVT14_TAPDS!2360
                          SAEDRVT14_TAPDS saed14rvt        
tapfiller!SAEDRVT14_TAPDS!2361
                          SAEDRVT14_TAPDS saed14rvt        
tapfiller!SAEDRVT14_TAPDS!2362
                          SAEDRVT14_TAPDS saed14rvt        
tapfiller!SAEDRVT14_TAPDS!2363
                          SAEDRVT14_TAPDS saed14rvt        
tapfiller!SAEDRVT14_TAPDS!2364
                          SAEDRVT14_TAPDS saed14rvt        
tapfiller!SAEDRVT14_TAPDS!2365
                          SAEDRVT14_TAPDS saed14rvt        
tapfiller!SAEDRVT14_TAPDS!2366
                          SAEDRVT14_TAPDS saed14rvt        
tapfiller!SAEDRVT14_TAPDS!2367
                          SAEDRVT14_TAPDS saed14rvt        
tapfiller!SAEDRVT14_TAPDS!2368
                          SAEDRVT14_TAPDS saed14rvt        
tapfiller!SAEDRVT14_TAPDS!2369
                          SAEDRVT14_TAPDS saed14rvt        
tapfiller!SAEDRVT14_TAPDS!237
                          SAEDRVT14_TAPDS saed14rvt        
tapfiller!SAEDRVT14_TAPDS!2370
                          SAEDRVT14_TAPDS saed14rvt        
tapfiller!SAEDRVT14_TAPDS!2371
                          SAEDRVT14_TAPDS saed14rvt        
tapfiller!SAEDRVT14_TAPDS!2372
                          SAEDRVT14_TAPDS saed14rvt        
tapfiller!SAEDRVT14_TAPDS!2373
                          SAEDRVT14_TAPDS saed14rvt        
tapfiller!SAEDRVT14_TAPDS!2374
                          SAEDRVT14_TAPDS saed14rvt        
tapfiller!SAEDRVT14_TAPDS!2375
                          SAEDRVT14_TAPDS saed14rvt        
tapfiller!SAEDRVT14_TAPDS!2376
                          SAEDRVT14_TAPDS saed14rvt        
tapfiller!SAEDRVT14_TAPDS!2377
                          SAEDRVT14_TAPDS saed14rvt        
tapfiller!SAEDRVT14_TAPDS!2378
                          SAEDRVT14_TAPDS saed14rvt        
tapfiller!SAEDRVT14_TAPDS!2379
                          SAEDRVT14_TAPDS saed14rvt        
tapfiller!SAEDRVT14_TAPDS!238
                          SAEDRVT14_TAPDS saed14rvt        
tapfiller!SAEDRVT14_TAPDS!2380
                          SAEDRVT14_TAPDS saed14rvt        
tapfiller!SAEDRVT14_TAPDS!2381
                          SAEDRVT14_TAPDS saed14rvt        
tapfiller!SAEDRVT14_TAPDS!2382
                          SAEDRVT14_TAPDS saed14rvt        
tapfiller!SAEDRVT14_TAPDS!2383
                          SAEDRVT14_TAPDS saed14rvt        
tapfiller!SAEDRVT14_TAPDS!2384
                          SAEDRVT14_TAPDS saed14rvt        
tapfiller!SAEDRVT14_TAPDS!2385
                          SAEDRVT14_TAPDS saed14rvt        
tapfiller!SAEDRVT14_TAPDS!2386
                          SAEDRVT14_TAPDS saed14rvt        
tapfiller!SAEDRVT14_TAPDS!2387
                          SAEDRVT14_TAPDS saed14rvt        
tapfiller!SAEDRVT14_TAPDS!2388
                          SAEDRVT14_TAPDS saed14rvt        
tapfiller!SAEDRVT14_TAPDS!2389
                          SAEDRVT14_TAPDS saed14rvt        
tapfiller!SAEDRVT14_TAPDS!239
                          SAEDRVT14_TAPDS saed14rvt        
tapfiller!SAEDRVT14_TAPDS!2390
                          SAEDRVT14_TAPDS saed14rvt        
tapfiller!SAEDRVT14_TAPDS!2391
                          SAEDRVT14_TAPDS saed14rvt        
tapfiller!SAEDRVT14_TAPDS!2392
                          SAEDRVT14_TAPDS saed14rvt        
tapfiller!SAEDRVT14_TAPDS!2393
                          SAEDRVT14_TAPDS saed14rvt        
tapfiller!SAEDRVT14_TAPDS!2394
                          SAEDRVT14_TAPDS saed14rvt        
tapfiller!SAEDRVT14_TAPDS!2395
                          SAEDRVT14_TAPDS saed14rvt        
tapfiller!SAEDRVT14_TAPDS!2396
                          SAEDRVT14_TAPDS saed14rvt        
tapfiller!SAEDRVT14_TAPDS!2397
                          SAEDRVT14_TAPDS saed14rvt        
tapfiller!SAEDRVT14_TAPDS!2398
                          SAEDRVT14_TAPDS saed14rvt        
tapfiller!SAEDRVT14_TAPDS!2399
                          SAEDRVT14_TAPDS saed14rvt        
tapfiller!SAEDRVT14_TAPDS!24
                          SAEDRVT14_TAPDS saed14rvt        
tapfiller!SAEDRVT14_TAPDS!240
                          SAEDRVT14_TAPDS saed14rvt        
tapfiller!SAEDRVT14_TAPDS!2400
                          SAEDRVT14_TAPDS saed14rvt        
tapfiller!SAEDRVT14_TAPDS!2401
                          SAEDRVT14_TAPDS saed14rvt        
tapfiller!SAEDRVT14_TAPDS!2402
                          SAEDRVT14_TAPDS saed14rvt        
tapfiller!SAEDRVT14_TAPDS!2403
                          SAEDRVT14_TAPDS saed14rvt        
tapfiller!SAEDRVT14_TAPDS!2404
                          SAEDRVT14_TAPDS saed14rvt        
tapfiller!SAEDRVT14_TAPDS!2405
                          SAEDRVT14_TAPDS saed14rvt        
tapfiller!SAEDRVT14_TAPDS!2406
                          SAEDRVT14_TAPDS saed14rvt        
tapfiller!SAEDRVT14_TAPDS!2407
                          SAEDRVT14_TAPDS saed14rvt        
tapfiller!SAEDRVT14_TAPDS!2408
                          SAEDRVT14_TAPDS saed14rvt        
tapfiller!SAEDRVT14_TAPDS!2409
                          SAEDRVT14_TAPDS saed14rvt        
tapfiller!SAEDRVT14_TAPDS!241
                          SAEDRVT14_TAPDS saed14rvt        
tapfiller!SAEDRVT14_TAPDS!2410
                          SAEDRVT14_TAPDS saed14rvt        
tapfiller!SAEDRVT14_TAPDS!2411
                          SAEDRVT14_TAPDS saed14rvt        
tapfiller!SAEDRVT14_TAPDS!2412
                          SAEDRVT14_TAPDS saed14rvt        
tapfiller!SAEDRVT14_TAPDS!2413
                          SAEDRVT14_TAPDS saed14rvt        
tapfiller!SAEDRVT14_TAPDS!2414
                          SAEDRVT14_TAPDS saed14rvt        
tapfiller!SAEDRVT14_TAPDS!2415
                          SAEDRVT14_TAPDS saed14rvt        
tapfiller!SAEDRVT14_TAPDS!2416
                          SAEDRVT14_TAPDS saed14rvt        
tapfiller!SAEDRVT14_TAPDS!2417
                          SAEDRVT14_TAPDS saed14rvt        
tapfiller!SAEDRVT14_TAPDS!2418
                          SAEDRVT14_TAPDS saed14rvt        
tapfiller!SAEDRVT14_TAPDS!2419
                          SAEDRVT14_TAPDS saed14rvt        
tapfiller!SAEDRVT14_TAPDS!242
                          SAEDRVT14_TAPDS saed14rvt        
tapfiller!SAEDRVT14_TAPDS!2420
                          SAEDRVT14_TAPDS saed14rvt        
tapfiller!SAEDRVT14_TAPDS!2421
                          SAEDRVT14_TAPDS saed14rvt        
tapfiller!SAEDRVT14_TAPDS!2422
                          SAEDRVT14_TAPDS saed14rvt        
tapfiller!SAEDRVT14_TAPDS!2423
                          SAEDRVT14_TAPDS saed14rvt        
tapfiller!SAEDRVT14_TAPDS!2424
                          SAEDRVT14_TAPDS saed14rvt        
tapfiller!SAEDRVT14_TAPDS!2425
                          SAEDRVT14_TAPDS saed14rvt        
tapfiller!SAEDRVT14_TAPDS!2426
                          SAEDRVT14_TAPDS saed14rvt        
tapfiller!SAEDRVT14_TAPDS!2427
                          SAEDRVT14_TAPDS saed14rvt        
tapfiller!SAEDRVT14_TAPDS!2428
                          SAEDRVT14_TAPDS saed14rvt        
tapfiller!SAEDRVT14_TAPDS!2429
                          SAEDRVT14_TAPDS saed14rvt        
tapfiller!SAEDRVT14_TAPDS!243
                          SAEDRVT14_TAPDS saed14rvt        
tapfiller!SAEDRVT14_TAPDS!2430
                          SAEDRVT14_TAPDS saed14rvt        
tapfiller!SAEDRVT14_TAPDS!2431
                          SAEDRVT14_TAPDS saed14rvt        
tapfiller!SAEDRVT14_TAPDS!2432
                          SAEDRVT14_TAPDS saed14rvt        
tapfiller!SAEDRVT14_TAPDS!2433
                          SAEDRVT14_TAPDS saed14rvt        
tapfiller!SAEDRVT14_TAPDS!2434
                          SAEDRVT14_TAPDS saed14rvt        
tapfiller!SAEDRVT14_TAPDS!2435
                          SAEDRVT14_TAPDS saed14rvt        
tapfiller!SAEDRVT14_TAPDS!2436
                          SAEDRVT14_TAPDS saed14rvt        
tapfiller!SAEDRVT14_TAPDS!2437
                          SAEDRVT14_TAPDS saed14rvt        
tapfiller!SAEDRVT14_TAPDS!2438
                          SAEDRVT14_TAPDS saed14rvt        
tapfiller!SAEDRVT14_TAPDS!2439
                          SAEDRVT14_TAPDS saed14rvt        
tapfiller!SAEDRVT14_TAPDS!244
                          SAEDRVT14_TAPDS saed14rvt        
tapfiller!SAEDRVT14_TAPDS!2440
                          SAEDRVT14_TAPDS saed14rvt        
tapfiller!SAEDRVT14_TAPDS!2441
                          SAEDRVT14_TAPDS saed14rvt        
tapfiller!SAEDRVT14_TAPDS!2442
                          SAEDRVT14_TAPDS saed14rvt        
tapfiller!SAEDRVT14_TAPDS!2443
                          SAEDRVT14_TAPDS saed14rvt        
tapfiller!SAEDRVT14_TAPDS!2444
                          SAEDRVT14_TAPDS saed14rvt        
tapfiller!SAEDRVT14_TAPDS!2445
                          SAEDRVT14_TAPDS saed14rvt        
tapfiller!SAEDRVT14_TAPDS!2446
                          SAEDRVT14_TAPDS saed14rvt        
tapfiller!SAEDRVT14_TAPDS!2447
                          SAEDRVT14_TAPDS saed14rvt        
tapfiller!SAEDRVT14_TAPDS!2448
                          SAEDRVT14_TAPDS saed14rvt        
tapfiller!SAEDRVT14_TAPDS!2449
                          SAEDRVT14_TAPDS saed14rvt        
tapfiller!SAEDRVT14_TAPDS!245
                          SAEDRVT14_TAPDS saed14rvt        
tapfiller!SAEDRVT14_TAPDS!2450
                          SAEDRVT14_TAPDS saed14rvt        
tapfiller!SAEDRVT14_TAPDS!2451
                          SAEDRVT14_TAPDS saed14rvt        
tapfiller!SAEDRVT14_TAPDS!2452
                          SAEDRVT14_TAPDS saed14rvt        
tapfiller!SAEDRVT14_TAPDS!2453
                          SAEDRVT14_TAPDS saed14rvt        
tapfiller!SAEDRVT14_TAPDS!2454
                          SAEDRVT14_TAPDS saed14rvt        
tapfiller!SAEDRVT14_TAPDS!2455
                          SAEDRVT14_TAPDS saed14rvt        
tapfiller!SAEDRVT14_TAPDS!2456
                          SAEDRVT14_TAPDS saed14rvt        
tapfiller!SAEDRVT14_TAPDS!2457
                          SAEDRVT14_TAPDS saed14rvt        
tapfiller!SAEDRVT14_TAPDS!2458
                          SAEDRVT14_TAPDS saed14rvt        
tapfiller!SAEDRVT14_TAPDS!2459
                          SAEDRVT14_TAPDS saed14rvt        
tapfiller!SAEDRVT14_TAPDS!246
                          SAEDRVT14_TAPDS saed14rvt        
tapfiller!SAEDRVT14_TAPDS!2460
                          SAEDRVT14_TAPDS saed14rvt        
tapfiller!SAEDRVT14_TAPDS!2461
                          SAEDRVT14_TAPDS saed14rvt        
tapfiller!SAEDRVT14_TAPDS!2462
                          SAEDRVT14_TAPDS saed14rvt        
tapfiller!SAEDRVT14_TAPDS!2463
                          SAEDRVT14_TAPDS saed14rvt        
tapfiller!SAEDRVT14_TAPDS!2464
                          SAEDRVT14_TAPDS saed14rvt        
tapfiller!SAEDRVT14_TAPDS!2465
                          SAEDRVT14_TAPDS saed14rvt        
tapfiller!SAEDRVT14_TAPDS!2466
                          SAEDRVT14_TAPDS saed14rvt        
tapfiller!SAEDRVT14_TAPDS!2467
                          SAEDRVT14_TAPDS saed14rvt        
tapfiller!SAEDRVT14_TAPDS!2468
                          SAEDRVT14_TAPDS saed14rvt        
tapfiller!SAEDRVT14_TAPDS!2469
                          SAEDRVT14_TAPDS saed14rvt        
tapfiller!SAEDRVT14_TAPDS!247
                          SAEDRVT14_TAPDS saed14rvt        
tapfiller!SAEDRVT14_TAPDS!2470
                          SAEDRVT14_TAPDS saed14rvt        
tapfiller!SAEDRVT14_TAPDS!2471
                          SAEDRVT14_TAPDS saed14rvt        
tapfiller!SAEDRVT14_TAPDS!2472
                          SAEDRVT14_TAPDS saed14rvt        
tapfiller!SAEDRVT14_TAPDS!2473
                          SAEDRVT14_TAPDS saed14rvt        
tapfiller!SAEDRVT14_TAPDS!2474
                          SAEDRVT14_TAPDS saed14rvt        
tapfiller!SAEDRVT14_TAPDS!2475
                          SAEDRVT14_TAPDS saed14rvt        
tapfiller!SAEDRVT14_TAPDS!2476
                          SAEDRVT14_TAPDS saed14rvt        
tapfiller!SAEDRVT14_TAPDS!2477
                          SAEDRVT14_TAPDS saed14rvt        
tapfiller!SAEDRVT14_TAPDS!2478
                          SAEDRVT14_TAPDS saed14rvt        
tapfiller!SAEDRVT14_TAPDS!2479
                          SAEDRVT14_TAPDS saed14rvt        
tapfiller!SAEDRVT14_TAPDS!248
                          SAEDRVT14_TAPDS saed14rvt        
tapfiller!SAEDRVT14_TAPDS!2480
                          SAEDRVT14_TAPDS saed14rvt        
tapfiller!SAEDRVT14_TAPDS!2481
                          SAEDRVT14_TAPDS saed14rvt        
tapfiller!SAEDRVT14_TAPDS!2482
                          SAEDRVT14_TAPDS saed14rvt        
tapfiller!SAEDRVT14_TAPDS!2483
                          SAEDRVT14_TAPDS saed14rvt        
tapfiller!SAEDRVT14_TAPDS!2484
                          SAEDRVT14_TAPDS saed14rvt        
tapfiller!SAEDRVT14_TAPDS!2485
                          SAEDRVT14_TAPDS saed14rvt        
tapfiller!SAEDRVT14_TAPDS!2486
                          SAEDRVT14_TAPDS saed14rvt        
tapfiller!SAEDRVT14_TAPDS!2487
                          SAEDRVT14_TAPDS saed14rvt        
tapfiller!SAEDRVT14_TAPDS!2488
                          SAEDRVT14_TAPDS saed14rvt        
tapfiller!SAEDRVT14_TAPDS!2489
                          SAEDRVT14_TAPDS saed14rvt        
tapfiller!SAEDRVT14_TAPDS!249
                          SAEDRVT14_TAPDS saed14rvt        
tapfiller!SAEDRVT14_TAPDS!2490
                          SAEDRVT14_TAPDS saed14rvt        
tapfiller!SAEDRVT14_TAPDS!2491
                          SAEDRVT14_TAPDS saed14rvt        
tapfiller!SAEDRVT14_TAPDS!2492
                          SAEDRVT14_TAPDS saed14rvt        
tapfiller!SAEDRVT14_TAPDS!2493
                          SAEDRVT14_TAPDS saed14rvt        
tapfiller!SAEDRVT14_TAPDS!2494
                          SAEDRVT14_TAPDS saed14rvt        
tapfiller!SAEDRVT14_TAPDS!2495
                          SAEDRVT14_TAPDS saed14rvt        
tapfiller!SAEDRVT14_TAPDS!2496
                          SAEDRVT14_TAPDS saed14rvt        
tapfiller!SAEDRVT14_TAPDS!2497
                          SAEDRVT14_TAPDS saed14rvt        
tapfiller!SAEDRVT14_TAPDS!2498
                          SAEDRVT14_TAPDS saed14rvt        
tapfiller!SAEDRVT14_TAPDS!2499
                          SAEDRVT14_TAPDS saed14rvt        
tapfiller!SAEDRVT14_TAPDS!25
                          SAEDRVT14_TAPDS saed14rvt        
tapfiller!SAEDRVT14_TAPDS!250
                          SAEDRVT14_TAPDS saed14rvt        
tapfiller!SAEDRVT14_TAPDS!2500
                          SAEDRVT14_TAPDS saed14rvt        
tapfiller!SAEDRVT14_TAPDS!2501
                          SAEDRVT14_TAPDS saed14rvt        
tapfiller!SAEDRVT14_TAPDS!2502
                          SAEDRVT14_TAPDS saed14rvt        
tapfiller!SAEDRVT14_TAPDS!2503
                          SAEDRVT14_TAPDS saed14rvt        
tapfiller!SAEDRVT14_TAPDS!2504
                          SAEDRVT14_TAPDS saed14rvt        
tapfiller!SAEDRVT14_TAPDS!2505
                          SAEDRVT14_TAPDS saed14rvt        
tapfiller!SAEDRVT14_TAPDS!2506
                          SAEDRVT14_TAPDS saed14rvt        
tapfiller!SAEDRVT14_TAPDS!2507
                          SAEDRVT14_TAPDS saed14rvt        
tapfiller!SAEDRVT14_TAPDS!2508
                          SAEDRVT14_TAPDS saed14rvt        
tapfiller!SAEDRVT14_TAPDS!2509
                          SAEDRVT14_TAPDS saed14rvt        
tapfiller!SAEDRVT14_TAPDS!251
                          SAEDRVT14_TAPDS saed14rvt        
tapfiller!SAEDRVT14_TAPDS!2510
                          SAEDRVT14_TAPDS saed14rvt        
tapfiller!SAEDRVT14_TAPDS!2511
                          SAEDRVT14_TAPDS saed14rvt        
tapfiller!SAEDRVT14_TAPDS!2512
                          SAEDRVT14_TAPDS saed14rvt        
tapfiller!SAEDRVT14_TAPDS!2513
                          SAEDRVT14_TAPDS saed14rvt        
tapfiller!SAEDRVT14_TAPDS!2514
                          SAEDRVT14_TAPDS saed14rvt        
tapfiller!SAEDRVT14_TAPDS!2515
                          SAEDRVT14_TAPDS saed14rvt        
tapfiller!SAEDRVT14_TAPDS!2516
                          SAEDRVT14_TAPDS saed14rvt        
tapfiller!SAEDRVT14_TAPDS!2517
                          SAEDRVT14_TAPDS saed14rvt        
tapfiller!SAEDRVT14_TAPDS!2518
                          SAEDRVT14_TAPDS saed14rvt        
tapfiller!SAEDRVT14_TAPDS!2519
                          SAEDRVT14_TAPDS saed14rvt        
tapfiller!SAEDRVT14_TAPDS!252
                          SAEDRVT14_TAPDS saed14rvt        
tapfiller!SAEDRVT14_TAPDS!2520
                          SAEDRVT14_TAPDS saed14rvt        
tapfiller!SAEDRVT14_TAPDS!2521
                          SAEDRVT14_TAPDS saed14rvt        
tapfiller!SAEDRVT14_TAPDS!2522
                          SAEDRVT14_TAPDS saed14rvt        
tapfiller!SAEDRVT14_TAPDS!2523
                          SAEDRVT14_TAPDS saed14rvt        
tapfiller!SAEDRVT14_TAPDS!2524
                          SAEDRVT14_TAPDS saed14rvt        
tapfiller!SAEDRVT14_TAPDS!2525
                          SAEDRVT14_TAPDS saed14rvt        
tapfiller!SAEDRVT14_TAPDS!2526
                          SAEDRVT14_TAPDS saed14rvt        
tapfiller!SAEDRVT14_TAPDS!2527
                          SAEDRVT14_TAPDS saed14rvt        
tapfiller!SAEDRVT14_TAPDS!2528
                          SAEDRVT14_TAPDS saed14rvt        
tapfiller!SAEDRVT14_TAPDS!2529
                          SAEDRVT14_TAPDS saed14rvt        
tapfiller!SAEDRVT14_TAPDS!253
                          SAEDRVT14_TAPDS saed14rvt        
tapfiller!SAEDRVT14_TAPDS!2530
                          SAEDRVT14_TAPDS saed14rvt        
tapfiller!SAEDRVT14_TAPDS!2531
                          SAEDRVT14_TAPDS saed14rvt        
tapfiller!SAEDRVT14_TAPDS!2532
                          SAEDRVT14_TAPDS saed14rvt        
tapfiller!SAEDRVT14_TAPDS!2533
                          SAEDRVT14_TAPDS saed14rvt        
tapfiller!SAEDRVT14_TAPDS!2534
                          SAEDRVT14_TAPDS saed14rvt        
tapfiller!SAEDRVT14_TAPDS!2535
                          SAEDRVT14_TAPDS saed14rvt        
tapfiller!SAEDRVT14_TAPDS!2536
                          SAEDRVT14_TAPDS saed14rvt        
tapfiller!SAEDRVT14_TAPDS!2537
                          SAEDRVT14_TAPDS saed14rvt        
tapfiller!SAEDRVT14_TAPDS!2538
                          SAEDRVT14_TAPDS saed14rvt        
tapfiller!SAEDRVT14_TAPDS!2539
                          SAEDRVT14_TAPDS saed14rvt        
tapfiller!SAEDRVT14_TAPDS!254
                          SAEDRVT14_TAPDS saed14rvt        
tapfiller!SAEDRVT14_TAPDS!2540
                          SAEDRVT14_TAPDS saed14rvt        
tapfiller!SAEDRVT14_TAPDS!2541
                          SAEDRVT14_TAPDS saed14rvt        
tapfiller!SAEDRVT14_TAPDS!2542
                          SAEDRVT14_TAPDS saed14rvt        
tapfiller!SAEDRVT14_TAPDS!2543
                          SAEDRVT14_TAPDS saed14rvt        
tapfiller!SAEDRVT14_TAPDS!2544
                          SAEDRVT14_TAPDS saed14rvt        
tapfiller!SAEDRVT14_TAPDS!2545
                          SAEDRVT14_TAPDS saed14rvt        
tapfiller!SAEDRVT14_TAPDS!2546
                          SAEDRVT14_TAPDS saed14rvt        
tapfiller!SAEDRVT14_TAPDS!2547
                          SAEDRVT14_TAPDS saed14rvt        
tapfiller!SAEDRVT14_TAPDS!2548
                          SAEDRVT14_TAPDS saed14rvt        
tapfiller!SAEDRVT14_TAPDS!2549
                          SAEDRVT14_TAPDS saed14rvt        
tapfiller!SAEDRVT14_TAPDS!255
                          SAEDRVT14_TAPDS saed14rvt        
tapfiller!SAEDRVT14_TAPDS!2550
                          SAEDRVT14_TAPDS saed14rvt        
tapfiller!SAEDRVT14_TAPDS!2551
                          SAEDRVT14_TAPDS saed14rvt        
tapfiller!SAEDRVT14_TAPDS!2552
                          SAEDRVT14_TAPDS saed14rvt        
tapfiller!SAEDRVT14_TAPDS!2553
                          SAEDRVT14_TAPDS saed14rvt        
tapfiller!SAEDRVT14_TAPDS!2554
                          SAEDRVT14_TAPDS saed14rvt        
tapfiller!SAEDRVT14_TAPDS!2555
                          SAEDRVT14_TAPDS saed14rvt        
tapfiller!SAEDRVT14_TAPDS!2556
                          SAEDRVT14_TAPDS saed14rvt        
tapfiller!SAEDRVT14_TAPDS!2557
                          SAEDRVT14_TAPDS saed14rvt        
tapfiller!SAEDRVT14_TAPDS!2558
                          SAEDRVT14_TAPDS saed14rvt        
tapfiller!SAEDRVT14_TAPDS!2559
                          SAEDRVT14_TAPDS saed14rvt        
tapfiller!SAEDRVT14_TAPDS!256
                          SAEDRVT14_TAPDS saed14rvt        
tapfiller!SAEDRVT14_TAPDS!2560
                          SAEDRVT14_TAPDS saed14rvt        
tapfiller!SAEDRVT14_TAPDS!2561
                          SAEDRVT14_TAPDS saed14rvt        
tapfiller!SAEDRVT14_TAPDS!2562
                          SAEDRVT14_TAPDS saed14rvt        
tapfiller!SAEDRVT14_TAPDS!2563
                          SAEDRVT14_TAPDS saed14rvt        
tapfiller!SAEDRVT14_TAPDS!2564
                          SAEDRVT14_TAPDS saed14rvt        
tapfiller!SAEDRVT14_TAPDS!2565
                          SAEDRVT14_TAPDS saed14rvt        
tapfiller!SAEDRVT14_TAPDS!2566
                          SAEDRVT14_TAPDS saed14rvt        
tapfiller!SAEDRVT14_TAPDS!2567
                          SAEDRVT14_TAPDS saed14rvt        
tapfiller!SAEDRVT14_TAPDS!2568
                          SAEDRVT14_TAPDS saed14rvt        
tapfiller!SAEDRVT14_TAPDS!2569
                          SAEDRVT14_TAPDS saed14rvt        
tapfiller!SAEDRVT14_TAPDS!257
                          SAEDRVT14_TAPDS saed14rvt        
tapfiller!SAEDRVT14_TAPDS!2570
                          SAEDRVT14_TAPDS saed14rvt        
tapfiller!SAEDRVT14_TAPDS!2571
                          SAEDRVT14_TAPDS saed14rvt        
tapfiller!SAEDRVT14_TAPDS!2572
                          SAEDRVT14_TAPDS saed14rvt        
tapfiller!SAEDRVT14_TAPDS!2573
                          SAEDRVT14_TAPDS saed14rvt        
tapfiller!SAEDRVT14_TAPDS!2574
                          SAEDRVT14_TAPDS saed14rvt        
tapfiller!SAEDRVT14_TAPDS!2575
                          SAEDRVT14_TAPDS saed14rvt        
tapfiller!SAEDRVT14_TAPDS!2576
                          SAEDRVT14_TAPDS saed14rvt        
tapfiller!SAEDRVT14_TAPDS!2577
                          SAEDRVT14_TAPDS saed14rvt        
tapfiller!SAEDRVT14_TAPDS!2578
                          SAEDRVT14_TAPDS saed14rvt        
tapfiller!SAEDRVT14_TAPDS!2579
                          SAEDRVT14_TAPDS saed14rvt        
tapfiller!SAEDRVT14_TAPDS!258
                          SAEDRVT14_TAPDS saed14rvt        
tapfiller!SAEDRVT14_TAPDS!2580
                          SAEDRVT14_TAPDS saed14rvt        
tapfiller!SAEDRVT14_TAPDS!2581
                          SAEDRVT14_TAPDS saed14rvt        
tapfiller!SAEDRVT14_TAPDS!2582
                          SAEDRVT14_TAPDS saed14rvt        
tapfiller!SAEDRVT14_TAPDS!2583
                          SAEDRVT14_TAPDS saed14rvt        
tapfiller!SAEDRVT14_TAPDS!2584
                          SAEDRVT14_TAPDS saed14rvt        
tapfiller!SAEDRVT14_TAPDS!2585
                          SAEDRVT14_TAPDS saed14rvt        
tapfiller!SAEDRVT14_TAPDS!2586
                          SAEDRVT14_TAPDS saed14rvt        
tapfiller!SAEDRVT14_TAPDS!2587
                          SAEDRVT14_TAPDS saed14rvt        
tapfiller!SAEDRVT14_TAPDS!2588
                          SAEDRVT14_TAPDS saed14rvt        
tapfiller!SAEDRVT14_TAPDS!2589
                          SAEDRVT14_TAPDS saed14rvt        
tapfiller!SAEDRVT14_TAPDS!259
                          SAEDRVT14_TAPDS saed14rvt        
tapfiller!SAEDRVT14_TAPDS!2590
                          SAEDRVT14_TAPDS saed14rvt        
tapfiller!SAEDRVT14_TAPDS!2591
                          SAEDRVT14_TAPDS saed14rvt        
tapfiller!SAEDRVT14_TAPDS!2592
                          SAEDRVT14_TAPDS saed14rvt        
tapfiller!SAEDRVT14_TAPDS!2593
                          SAEDRVT14_TAPDS saed14rvt        
tapfiller!SAEDRVT14_TAPDS!2594
                          SAEDRVT14_TAPDS saed14rvt        
tapfiller!SAEDRVT14_TAPDS!2595
                          SAEDRVT14_TAPDS saed14rvt        
tapfiller!SAEDRVT14_TAPDS!2596
                          SAEDRVT14_TAPDS saed14rvt        
tapfiller!SAEDRVT14_TAPDS!2597
                          SAEDRVT14_TAPDS saed14rvt        
tapfiller!SAEDRVT14_TAPDS!2598
                          SAEDRVT14_TAPDS saed14rvt        
tapfiller!SAEDRVT14_TAPDS!2599
                          SAEDRVT14_TAPDS saed14rvt        
tapfiller!SAEDRVT14_TAPDS!26
                          SAEDRVT14_TAPDS saed14rvt        
tapfiller!SAEDRVT14_TAPDS!260
                          SAEDRVT14_TAPDS saed14rvt        
tapfiller!SAEDRVT14_TAPDS!2600
                          SAEDRVT14_TAPDS saed14rvt        
tapfiller!SAEDRVT14_TAPDS!2601
                          SAEDRVT14_TAPDS saed14rvt        
tapfiller!SAEDRVT14_TAPDS!2602
                          SAEDRVT14_TAPDS saed14rvt        
tapfiller!SAEDRVT14_TAPDS!2603
                          SAEDRVT14_TAPDS saed14rvt        
tapfiller!SAEDRVT14_TAPDS!2604
                          SAEDRVT14_TAPDS saed14rvt        
tapfiller!SAEDRVT14_TAPDS!2605
                          SAEDRVT14_TAPDS saed14rvt        
tapfiller!SAEDRVT14_TAPDS!2606
                          SAEDRVT14_TAPDS saed14rvt        
tapfiller!SAEDRVT14_TAPDS!2607
                          SAEDRVT14_TAPDS saed14rvt        
tapfiller!SAEDRVT14_TAPDS!2608
                          SAEDRVT14_TAPDS saed14rvt        
tapfiller!SAEDRVT14_TAPDS!2609
                          SAEDRVT14_TAPDS saed14rvt        
tapfiller!SAEDRVT14_TAPDS!261
                          SAEDRVT14_TAPDS saed14rvt        
tapfiller!SAEDRVT14_TAPDS!2610
                          SAEDRVT14_TAPDS saed14rvt        
tapfiller!SAEDRVT14_TAPDS!2611
                          SAEDRVT14_TAPDS saed14rvt        
tapfiller!SAEDRVT14_TAPDS!2612
                          SAEDRVT14_TAPDS saed14rvt        
tapfiller!SAEDRVT14_TAPDS!2613
                          SAEDRVT14_TAPDS saed14rvt        
tapfiller!SAEDRVT14_TAPDS!2614
                          SAEDRVT14_TAPDS saed14rvt        
tapfiller!SAEDRVT14_TAPDS!2615
                          SAEDRVT14_TAPDS saed14rvt        
tapfiller!SAEDRVT14_TAPDS!2616
                          SAEDRVT14_TAPDS saed14rvt        
tapfiller!SAEDRVT14_TAPDS!2617
                          SAEDRVT14_TAPDS saed14rvt        
tapfiller!SAEDRVT14_TAPDS!2618
                          SAEDRVT14_TAPDS saed14rvt        
tapfiller!SAEDRVT14_TAPDS!2619
                          SAEDRVT14_TAPDS saed14rvt        
tapfiller!SAEDRVT14_TAPDS!262
                          SAEDRVT14_TAPDS saed14rvt        
tapfiller!SAEDRVT14_TAPDS!2620
                          SAEDRVT14_TAPDS saed14rvt        
tapfiller!SAEDRVT14_TAPDS!2621
                          SAEDRVT14_TAPDS saed14rvt        
tapfiller!SAEDRVT14_TAPDS!2622
                          SAEDRVT14_TAPDS saed14rvt        
tapfiller!SAEDRVT14_TAPDS!2623
                          SAEDRVT14_TAPDS saed14rvt        
tapfiller!SAEDRVT14_TAPDS!2624
                          SAEDRVT14_TAPDS saed14rvt        
tapfiller!SAEDRVT14_TAPDS!2625
                          SAEDRVT14_TAPDS saed14rvt        
tapfiller!SAEDRVT14_TAPDS!2626
                          SAEDRVT14_TAPDS saed14rvt        
tapfiller!SAEDRVT14_TAPDS!2627
                          SAEDRVT14_TAPDS saed14rvt        
tapfiller!SAEDRVT14_TAPDS!2628
                          SAEDRVT14_TAPDS saed14rvt        
tapfiller!SAEDRVT14_TAPDS!2629
                          SAEDRVT14_TAPDS saed14rvt        
tapfiller!SAEDRVT14_TAPDS!263
                          SAEDRVT14_TAPDS saed14rvt        
tapfiller!SAEDRVT14_TAPDS!2630
                          SAEDRVT14_TAPDS saed14rvt        
tapfiller!SAEDRVT14_TAPDS!2631
                          SAEDRVT14_TAPDS saed14rvt        
tapfiller!SAEDRVT14_TAPDS!2632
                          SAEDRVT14_TAPDS saed14rvt        
tapfiller!SAEDRVT14_TAPDS!2633
                          SAEDRVT14_TAPDS saed14rvt        
tapfiller!SAEDRVT14_TAPDS!2634
                          SAEDRVT14_TAPDS saed14rvt        
tapfiller!SAEDRVT14_TAPDS!2635
                          SAEDRVT14_TAPDS saed14rvt        
tapfiller!SAEDRVT14_TAPDS!2636
                          SAEDRVT14_TAPDS saed14rvt        
tapfiller!SAEDRVT14_TAPDS!2637
                          SAEDRVT14_TAPDS saed14rvt        
tapfiller!SAEDRVT14_TAPDS!2638
                          SAEDRVT14_TAPDS saed14rvt        
tapfiller!SAEDRVT14_TAPDS!2639
                          SAEDRVT14_TAPDS saed14rvt        
tapfiller!SAEDRVT14_TAPDS!264
                          SAEDRVT14_TAPDS saed14rvt        
tapfiller!SAEDRVT14_TAPDS!2640
                          SAEDRVT14_TAPDS saed14rvt        
tapfiller!SAEDRVT14_TAPDS!2641
                          SAEDRVT14_TAPDS saed14rvt        
tapfiller!SAEDRVT14_TAPDS!2642
                          SAEDRVT14_TAPDS saed14rvt        
tapfiller!SAEDRVT14_TAPDS!2643
                          SAEDRVT14_TAPDS saed14rvt        
tapfiller!SAEDRVT14_TAPDS!2644
                          SAEDRVT14_TAPDS saed14rvt        
tapfiller!SAEDRVT14_TAPDS!2645
                          SAEDRVT14_TAPDS saed14rvt        
tapfiller!SAEDRVT14_TAPDS!2646
                          SAEDRVT14_TAPDS saed14rvt        
tapfiller!SAEDRVT14_TAPDS!2647
                          SAEDRVT14_TAPDS saed14rvt        
tapfiller!SAEDRVT14_TAPDS!2648
                          SAEDRVT14_TAPDS saed14rvt        
tapfiller!SAEDRVT14_TAPDS!2649
                          SAEDRVT14_TAPDS saed14rvt        
tapfiller!SAEDRVT14_TAPDS!265
                          SAEDRVT14_TAPDS saed14rvt        
tapfiller!SAEDRVT14_TAPDS!2650
                          SAEDRVT14_TAPDS saed14rvt        
tapfiller!SAEDRVT14_TAPDS!2651
                          SAEDRVT14_TAPDS saed14rvt        
tapfiller!SAEDRVT14_TAPDS!2652
                          SAEDRVT14_TAPDS saed14rvt        
tapfiller!SAEDRVT14_TAPDS!2653
                          SAEDRVT14_TAPDS saed14rvt        
tapfiller!SAEDRVT14_TAPDS!2654
                          SAEDRVT14_TAPDS saed14rvt        
tapfiller!SAEDRVT14_TAPDS!2655
                          SAEDRVT14_TAPDS saed14rvt        
tapfiller!SAEDRVT14_TAPDS!2656
                          SAEDRVT14_TAPDS saed14rvt        
tapfiller!SAEDRVT14_TAPDS!2657
                          SAEDRVT14_TAPDS saed14rvt        
tapfiller!SAEDRVT14_TAPDS!2658
                          SAEDRVT14_TAPDS saed14rvt        
tapfiller!SAEDRVT14_TAPDS!2659
                          SAEDRVT14_TAPDS saed14rvt        
tapfiller!SAEDRVT14_TAPDS!266
                          SAEDRVT14_TAPDS saed14rvt        
tapfiller!SAEDRVT14_TAPDS!2660
                          SAEDRVT14_TAPDS saed14rvt        
tapfiller!SAEDRVT14_TAPDS!2661
                          SAEDRVT14_TAPDS saed14rvt        
tapfiller!SAEDRVT14_TAPDS!2662
                          SAEDRVT14_TAPDS saed14rvt        
tapfiller!SAEDRVT14_TAPDS!2663
                          SAEDRVT14_TAPDS saed14rvt        
tapfiller!SAEDRVT14_TAPDS!2664
                          SAEDRVT14_TAPDS saed14rvt        
tapfiller!SAEDRVT14_TAPDS!2665
                          SAEDRVT14_TAPDS saed14rvt        
tapfiller!SAEDRVT14_TAPDS!2666
                          SAEDRVT14_TAPDS saed14rvt        
tapfiller!SAEDRVT14_TAPDS!2667
                          SAEDRVT14_TAPDS saed14rvt        
tapfiller!SAEDRVT14_TAPDS!2668
                          SAEDRVT14_TAPDS saed14rvt        
tapfiller!SAEDRVT14_TAPDS!2669
                          SAEDRVT14_TAPDS saed14rvt        
tapfiller!SAEDRVT14_TAPDS!267
                          SAEDRVT14_TAPDS saed14rvt        
tapfiller!SAEDRVT14_TAPDS!2670
                          SAEDRVT14_TAPDS saed14rvt        
tapfiller!SAEDRVT14_TAPDS!2671
                          SAEDRVT14_TAPDS saed14rvt        
tapfiller!SAEDRVT14_TAPDS!2672
                          SAEDRVT14_TAPDS saed14rvt        
tapfiller!SAEDRVT14_TAPDS!2673
                          SAEDRVT14_TAPDS saed14rvt        
tapfiller!SAEDRVT14_TAPDS!2674
                          SAEDRVT14_TAPDS saed14rvt        
tapfiller!SAEDRVT14_TAPDS!2675
                          SAEDRVT14_TAPDS saed14rvt        
tapfiller!SAEDRVT14_TAPDS!2676
                          SAEDRVT14_TAPDS saed14rvt        
tapfiller!SAEDRVT14_TAPDS!2677
                          SAEDRVT14_TAPDS saed14rvt        
tapfiller!SAEDRVT14_TAPDS!2678
                          SAEDRVT14_TAPDS saed14rvt        
tapfiller!SAEDRVT14_TAPDS!2679
                          SAEDRVT14_TAPDS saed14rvt        
tapfiller!SAEDRVT14_TAPDS!268
                          SAEDRVT14_TAPDS saed14rvt        
tapfiller!SAEDRVT14_TAPDS!2680
                          SAEDRVT14_TAPDS saed14rvt        
tapfiller!SAEDRVT14_TAPDS!2681
                          SAEDRVT14_TAPDS saed14rvt        
tapfiller!SAEDRVT14_TAPDS!2682
                          SAEDRVT14_TAPDS saed14rvt        
tapfiller!SAEDRVT14_TAPDS!2683
                          SAEDRVT14_TAPDS saed14rvt        
tapfiller!SAEDRVT14_TAPDS!2684
                          SAEDRVT14_TAPDS saed14rvt        
tapfiller!SAEDRVT14_TAPDS!2685
                          SAEDRVT14_TAPDS saed14rvt        
tapfiller!SAEDRVT14_TAPDS!2686
                          SAEDRVT14_TAPDS saed14rvt        
tapfiller!SAEDRVT14_TAPDS!2687
                          SAEDRVT14_TAPDS saed14rvt        
tapfiller!SAEDRVT14_TAPDS!2688
                          SAEDRVT14_TAPDS saed14rvt        
tapfiller!SAEDRVT14_TAPDS!2689
                          SAEDRVT14_TAPDS saed14rvt        
tapfiller!SAEDRVT14_TAPDS!269
                          SAEDRVT14_TAPDS saed14rvt        
tapfiller!SAEDRVT14_TAPDS!2690
                          SAEDRVT14_TAPDS saed14rvt        
tapfiller!SAEDRVT14_TAPDS!2691
                          SAEDRVT14_TAPDS saed14rvt        
tapfiller!SAEDRVT14_TAPDS!2692
                          SAEDRVT14_TAPDS saed14rvt        
tapfiller!SAEDRVT14_TAPDS!2693
                          SAEDRVT14_TAPDS saed14rvt        
tapfiller!SAEDRVT14_TAPDS!2694
                          SAEDRVT14_TAPDS saed14rvt        
tapfiller!SAEDRVT14_TAPDS!2695
                          SAEDRVT14_TAPDS saed14rvt        
tapfiller!SAEDRVT14_TAPDS!2696
                          SAEDRVT14_TAPDS saed14rvt        
tapfiller!SAEDRVT14_TAPDS!2697
                          SAEDRVT14_TAPDS saed14rvt        
tapfiller!SAEDRVT14_TAPDS!2698
                          SAEDRVT14_TAPDS saed14rvt        
tapfiller!SAEDRVT14_TAPDS!2699
                          SAEDRVT14_TAPDS saed14rvt        
tapfiller!SAEDRVT14_TAPDS!27
                          SAEDRVT14_TAPDS saed14rvt        
tapfiller!SAEDRVT14_TAPDS!270
                          SAEDRVT14_TAPDS saed14rvt        
tapfiller!SAEDRVT14_TAPDS!2700
                          SAEDRVT14_TAPDS saed14rvt        
tapfiller!SAEDRVT14_TAPDS!2701
                          SAEDRVT14_TAPDS saed14rvt        
tapfiller!SAEDRVT14_TAPDS!2702
                          SAEDRVT14_TAPDS saed14rvt        
tapfiller!SAEDRVT14_TAPDS!2703
                          SAEDRVT14_TAPDS saed14rvt        
tapfiller!SAEDRVT14_TAPDS!2704
                          SAEDRVT14_TAPDS saed14rvt        
tapfiller!SAEDRVT14_TAPDS!2705
                          SAEDRVT14_TAPDS saed14rvt        
tapfiller!SAEDRVT14_TAPDS!2706
                          SAEDRVT14_TAPDS saed14rvt        
tapfiller!SAEDRVT14_TAPDS!2707
                          SAEDRVT14_TAPDS saed14rvt        
tapfiller!SAEDRVT14_TAPDS!2708
                          SAEDRVT14_TAPDS saed14rvt        
tapfiller!SAEDRVT14_TAPDS!2709
                          SAEDRVT14_TAPDS saed14rvt        
tapfiller!SAEDRVT14_TAPDS!271
                          SAEDRVT14_TAPDS saed14rvt        
tapfiller!SAEDRVT14_TAPDS!2710
                          SAEDRVT14_TAPDS saed14rvt        
tapfiller!SAEDRVT14_TAPDS!2711
                          SAEDRVT14_TAPDS saed14rvt        
tapfiller!SAEDRVT14_TAPDS!2712
                          SAEDRVT14_TAPDS saed14rvt        
tapfiller!SAEDRVT14_TAPDS!2713
                          SAEDRVT14_TAPDS saed14rvt        
tapfiller!SAEDRVT14_TAPDS!2714
                          SAEDRVT14_TAPDS saed14rvt        
tapfiller!SAEDRVT14_TAPDS!2715
                          SAEDRVT14_TAPDS saed14rvt        
tapfiller!SAEDRVT14_TAPDS!2716
                          SAEDRVT14_TAPDS saed14rvt        
tapfiller!SAEDRVT14_TAPDS!2717
                          SAEDRVT14_TAPDS saed14rvt        
tapfiller!SAEDRVT14_TAPDS!2718
                          SAEDRVT14_TAPDS saed14rvt        
tapfiller!SAEDRVT14_TAPDS!2719
                          SAEDRVT14_TAPDS saed14rvt        
tapfiller!SAEDRVT14_TAPDS!272
                          SAEDRVT14_TAPDS saed14rvt        
tapfiller!SAEDRVT14_TAPDS!2720
                          SAEDRVT14_TAPDS saed14rvt        
tapfiller!SAEDRVT14_TAPDS!2721
                          SAEDRVT14_TAPDS saed14rvt        
tapfiller!SAEDRVT14_TAPDS!2722
                          SAEDRVT14_TAPDS saed14rvt        
tapfiller!SAEDRVT14_TAPDS!2723
                          SAEDRVT14_TAPDS saed14rvt        
tapfiller!SAEDRVT14_TAPDS!2724
                          SAEDRVT14_TAPDS saed14rvt        
tapfiller!SAEDRVT14_TAPDS!2725
                          SAEDRVT14_TAPDS saed14rvt        
tapfiller!SAEDRVT14_TAPDS!2726
                          SAEDRVT14_TAPDS saed14rvt        
tapfiller!SAEDRVT14_TAPDS!2727
                          SAEDRVT14_TAPDS saed14rvt        
tapfiller!SAEDRVT14_TAPDS!2728
                          SAEDRVT14_TAPDS saed14rvt        
tapfiller!SAEDRVT14_TAPDS!2729
                          SAEDRVT14_TAPDS saed14rvt        
tapfiller!SAEDRVT14_TAPDS!273
                          SAEDRVT14_TAPDS saed14rvt        
tapfiller!SAEDRVT14_TAPDS!2730
                          SAEDRVT14_TAPDS saed14rvt        
tapfiller!SAEDRVT14_TAPDS!2731
                          SAEDRVT14_TAPDS saed14rvt        
tapfiller!SAEDRVT14_TAPDS!2732
                          SAEDRVT14_TAPDS saed14rvt        
tapfiller!SAEDRVT14_TAPDS!2733
                          SAEDRVT14_TAPDS saed14rvt        
tapfiller!SAEDRVT14_TAPDS!2734
                          SAEDRVT14_TAPDS saed14rvt        
tapfiller!SAEDRVT14_TAPDS!2735
                          SAEDRVT14_TAPDS saed14rvt        
tapfiller!SAEDRVT14_TAPDS!2736
                          SAEDRVT14_TAPDS saed14rvt        
tapfiller!SAEDRVT14_TAPDS!2737
                          SAEDRVT14_TAPDS saed14rvt        
tapfiller!SAEDRVT14_TAPDS!2738
                          SAEDRVT14_TAPDS saed14rvt        
tapfiller!SAEDRVT14_TAPDS!2739
                          SAEDRVT14_TAPDS saed14rvt        
tapfiller!SAEDRVT14_TAPDS!274
                          SAEDRVT14_TAPDS saed14rvt        
tapfiller!SAEDRVT14_TAPDS!2740
                          SAEDRVT14_TAPDS saed14rvt        
tapfiller!SAEDRVT14_TAPDS!2741
                          SAEDRVT14_TAPDS saed14rvt        
tapfiller!SAEDRVT14_TAPDS!2742
                          SAEDRVT14_TAPDS saed14rvt        
tapfiller!SAEDRVT14_TAPDS!2743
                          SAEDRVT14_TAPDS saed14rvt        
tapfiller!SAEDRVT14_TAPDS!2744
                          SAEDRVT14_TAPDS saed14rvt        
tapfiller!SAEDRVT14_TAPDS!2745
                          SAEDRVT14_TAPDS saed14rvt        
tapfiller!SAEDRVT14_TAPDS!2746
                          SAEDRVT14_TAPDS saed14rvt        
tapfiller!SAEDRVT14_TAPDS!2747
                          SAEDRVT14_TAPDS saed14rvt        
tapfiller!SAEDRVT14_TAPDS!2748
                          SAEDRVT14_TAPDS saed14rvt        
tapfiller!SAEDRVT14_TAPDS!2749
                          SAEDRVT14_TAPDS saed14rvt        
tapfiller!SAEDRVT14_TAPDS!275
                          SAEDRVT14_TAPDS saed14rvt        
tapfiller!SAEDRVT14_TAPDS!2750
                          SAEDRVT14_TAPDS saed14rvt        
tapfiller!SAEDRVT14_TAPDS!2751
                          SAEDRVT14_TAPDS saed14rvt        
tapfiller!SAEDRVT14_TAPDS!2752
                          SAEDRVT14_TAPDS saed14rvt        
tapfiller!SAEDRVT14_TAPDS!2753
                          SAEDRVT14_TAPDS saed14rvt        
tapfiller!SAEDRVT14_TAPDS!2754
                          SAEDRVT14_TAPDS saed14rvt        
tapfiller!SAEDRVT14_TAPDS!2755
                          SAEDRVT14_TAPDS saed14rvt        
tapfiller!SAEDRVT14_TAPDS!2756
                          SAEDRVT14_TAPDS saed14rvt        
tapfiller!SAEDRVT14_TAPDS!2757
                          SAEDRVT14_TAPDS saed14rvt        
tapfiller!SAEDRVT14_TAPDS!2758
                          SAEDRVT14_TAPDS saed14rvt        
tapfiller!SAEDRVT14_TAPDS!2759
                          SAEDRVT14_TAPDS saed14rvt        
tapfiller!SAEDRVT14_TAPDS!276
                          SAEDRVT14_TAPDS saed14rvt        
tapfiller!SAEDRVT14_TAPDS!2760
                          SAEDRVT14_TAPDS saed14rvt        
tapfiller!SAEDRVT14_TAPDS!2761
                          SAEDRVT14_TAPDS saed14rvt        
tapfiller!SAEDRVT14_TAPDS!2762
                          SAEDRVT14_TAPDS saed14rvt        
tapfiller!SAEDRVT14_TAPDS!2763
                          SAEDRVT14_TAPDS saed14rvt        
tapfiller!SAEDRVT14_TAPDS!2764
                          SAEDRVT14_TAPDS saed14rvt        
tapfiller!SAEDRVT14_TAPDS!2765
                          SAEDRVT14_TAPDS saed14rvt        
tapfiller!SAEDRVT14_TAPDS!2766
                          SAEDRVT14_TAPDS saed14rvt        
tapfiller!SAEDRVT14_TAPDS!2767
                          SAEDRVT14_TAPDS saed14rvt        
tapfiller!SAEDRVT14_TAPDS!2768
                          SAEDRVT14_TAPDS saed14rvt        
tapfiller!SAEDRVT14_TAPDS!2769
                          SAEDRVT14_TAPDS saed14rvt        
tapfiller!SAEDRVT14_TAPDS!277
                          SAEDRVT14_TAPDS saed14rvt        
tapfiller!SAEDRVT14_TAPDS!2770
                          SAEDRVT14_TAPDS saed14rvt        
tapfiller!SAEDRVT14_TAPDS!2771
                          SAEDRVT14_TAPDS saed14rvt        
tapfiller!SAEDRVT14_TAPDS!2772
                          SAEDRVT14_TAPDS saed14rvt        
tapfiller!SAEDRVT14_TAPDS!2773
                          SAEDRVT14_TAPDS saed14rvt        
tapfiller!SAEDRVT14_TAPDS!2774
                          SAEDRVT14_TAPDS saed14rvt        
tapfiller!SAEDRVT14_TAPDS!2775
                          SAEDRVT14_TAPDS saed14rvt        
tapfiller!SAEDRVT14_TAPDS!2776
                          SAEDRVT14_TAPDS saed14rvt        
tapfiller!SAEDRVT14_TAPDS!2777
                          SAEDRVT14_TAPDS saed14rvt        
tapfiller!SAEDRVT14_TAPDS!2778
                          SAEDRVT14_TAPDS saed14rvt        
tapfiller!SAEDRVT14_TAPDS!2779
                          SAEDRVT14_TAPDS saed14rvt        
tapfiller!SAEDRVT14_TAPDS!278
                          SAEDRVT14_TAPDS saed14rvt        
tapfiller!SAEDRVT14_TAPDS!2780
                          SAEDRVT14_TAPDS saed14rvt        
tapfiller!SAEDRVT14_TAPDS!2781
                          SAEDRVT14_TAPDS saed14rvt        
tapfiller!SAEDRVT14_TAPDS!2782
                          SAEDRVT14_TAPDS saed14rvt        
tapfiller!SAEDRVT14_TAPDS!2783
                          SAEDRVT14_TAPDS saed14rvt        
tapfiller!SAEDRVT14_TAPDS!2784
                          SAEDRVT14_TAPDS saed14rvt        
tapfiller!SAEDRVT14_TAPDS!2785
                          SAEDRVT14_TAPDS saed14rvt        
tapfiller!SAEDRVT14_TAPDS!2786
                          SAEDRVT14_TAPDS saed14rvt        
tapfiller!SAEDRVT14_TAPDS!2787
                          SAEDRVT14_TAPDS saed14rvt        
tapfiller!SAEDRVT14_TAPDS!2788
                          SAEDRVT14_TAPDS saed14rvt        
tapfiller!SAEDRVT14_TAPDS!2789
                          SAEDRVT14_TAPDS saed14rvt        
tapfiller!SAEDRVT14_TAPDS!279
                          SAEDRVT14_TAPDS saed14rvt        
tapfiller!SAEDRVT14_TAPDS!2790
                          SAEDRVT14_TAPDS saed14rvt        
tapfiller!SAEDRVT14_TAPDS!2791
                          SAEDRVT14_TAPDS saed14rvt        
tapfiller!SAEDRVT14_TAPDS!2792
                          SAEDRVT14_TAPDS saed14rvt        
tapfiller!SAEDRVT14_TAPDS!2793
                          SAEDRVT14_TAPDS saed14rvt        
tapfiller!SAEDRVT14_TAPDS!2794
                          SAEDRVT14_TAPDS saed14rvt        
tapfiller!SAEDRVT14_TAPDS!2795
                          SAEDRVT14_TAPDS saed14rvt        
tapfiller!SAEDRVT14_TAPDS!2796
                          SAEDRVT14_TAPDS saed14rvt        
tapfiller!SAEDRVT14_TAPDS!2797
                          SAEDRVT14_TAPDS saed14rvt        
tapfiller!SAEDRVT14_TAPDS!2798
                          SAEDRVT14_TAPDS saed14rvt        
tapfiller!SAEDRVT14_TAPDS!2799
                          SAEDRVT14_TAPDS saed14rvt        
tapfiller!SAEDRVT14_TAPDS!28
                          SAEDRVT14_TAPDS saed14rvt        
tapfiller!SAEDRVT14_TAPDS!280
                          SAEDRVT14_TAPDS saed14rvt        
tapfiller!SAEDRVT14_TAPDS!2800
                          SAEDRVT14_TAPDS saed14rvt        
tapfiller!SAEDRVT14_TAPDS!2801
                          SAEDRVT14_TAPDS saed14rvt        
tapfiller!SAEDRVT14_TAPDS!2802
                          SAEDRVT14_TAPDS saed14rvt        
tapfiller!SAEDRVT14_TAPDS!2803
                          SAEDRVT14_TAPDS saed14rvt        
tapfiller!SAEDRVT14_TAPDS!2804
                          SAEDRVT14_TAPDS saed14rvt        
tapfiller!SAEDRVT14_TAPDS!2805
                          SAEDRVT14_TAPDS saed14rvt        
tapfiller!SAEDRVT14_TAPDS!2806
                          SAEDRVT14_TAPDS saed14rvt        
tapfiller!SAEDRVT14_TAPDS!2807
                          SAEDRVT14_TAPDS saed14rvt        
tapfiller!SAEDRVT14_TAPDS!2808
                          SAEDRVT14_TAPDS saed14rvt        
tapfiller!SAEDRVT14_TAPDS!2809
                          SAEDRVT14_TAPDS saed14rvt        
tapfiller!SAEDRVT14_TAPDS!281
                          SAEDRVT14_TAPDS saed14rvt        
tapfiller!SAEDRVT14_TAPDS!2810
                          SAEDRVT14_TAPDS saed14rvt        
tapfiller!SAEDRVT14_TAPDS!2811
                          SAEDRVT14_TAPDS saed14rvt        
tapfiller!SAEDRVT14_TAPDS!2812
                          SAEDRVT14_TAPDS saed14rvt        
tapfiller!SAEDRVT14_TAPDS!2813
                          SAEDRVT14_TAPDS saed14rvt        
tapfiller!SAEDRVT14_TAPDS!2814
                          SAEDRVT14_TAPDS saed14rvt        
tapfiller!SAEDRVT14_TAPDS!2815
                          SAEDRVT14_TAPDS saed14rvt        
tapfiller!SAEDRVT14_TAPDS!2816
                          SAEDRVT14_TAPDS saed14rvt        
tapfiller!SAEDRVT14_TAPDS!2817
                          SAEDRVT14_TAPDS saed14rvt        
tapfiller!SAEDRVT14_TAPDS!2818
                          SAEDRVT14_TAPDS saed14rvt        
tapfiller!SAEDRVT14_TAPDS!2819
                          SAEDRVT14_TAPDS saed14rvt        
tapfiller!SAEDRVT14_TAPDS!282
                          SAEDRVT14_TAPDS saed14rvt        
tapfiller!SAEDRVT14_TAPDS!2820
                          SAEDRVT14_TAPDS saed14rvt        
tapfiller!SAEDRVT14_TAPDS!2821
                          SAEDRVT14_TAPDS saed14rvt        
tapfiller!SAEDRVT14_TAPDS!2822
                          SAEDRVT14_TAPDS saed14rvt        
tapfiller!SAEDRVT14_TAPDS!2823
                          SAEDRVT14_TAPDS saed14rvt        
tapfiller!SAEDRVT14_TAPDS!2824
                          SAEDRVT14_TAPDS saed14rvt        
tapfiller!SAEDRVT14_TAPDS!2825
                          SAEDRVT14_TAPDS saed14rvt        
tapfiller!SAEDRVT14_TAPDS!2826
                          SAEDRVT14_TAPDS saed14rvt        
tapfiller!SAEDRVT14_TAPDS!2827
                          SAEDRVT14_TAPDS saed14rvt        
tapfiller!SAEDRVT14_TAPDS!2828
                          SAEDRVT14_TAPDS saed14rvt        
tapfiller!SAEDRVT14_TAPDS!2829
                          SAEDRVT14_TAPDS saed14rvt        
tapfiller!SAEDRVT14_TAPDS!283
                          SAEDRVT14_TAPDS saed14rvt        
tapfiller!SAEDRVT14_TAPDS!2830
                          SAEDRVT14_TAPDS saed14rvt        
tapfiller!SAEDRVT14_TAPDS!2831
                          SAEDRVT14_TAPDS saed14rvt        
tapfiller!SAEDRVT14_TAPDS!2832
                          SAEDRVT14_TAPDS saed14rvt        
tapfiller!SAEDRVT14_TAPDS!2833
                          SAEDRVT14_TAPDS saed14rvt        
tapfiller!SAEDRVT14_TAPDS!2834
                          SAEDRVT14_TAPDS saed14rvt        
tapfiller!SAEDRVT14_TAPDS!2835
                          SAEDRVT14_TAPDS saed14rvt        
tapfiller!SAEDRVT14_TAPDS!2836
                          SAEDRVT14_TAPDS saed14rvt        
tapfiller!SAEDRVT14_TAPDS!2837
                          SAEDRVT14_TAPDS saed14rvt        
tapfiller!SAEDRVT14_TAPDS!2838
                          SAEDRVT14_TAPDS saed14rvt        
tapfiller!SAEDRVT14_TAPDS!2839
                          SAEDRVT14_TAPDS saed14rvt        
tapfiller!SAEDRVT14_TAPDS!284
                          SAEDRVT14_TAPDS saed14rvt        
tapfiller!SAEDRVT14_TAPDS!2840
                          SAEDRVT14_TAPDS saed14rvt        
tapfiller!SAEDRVT14_TAPDS!2841
                          SAEDRVT14_TAPDS saed14rvt        
tapfiller!SAEDRVT14_TAPDS!2842
                          SAEDRVT14_TAPDS saed14rvt        
tapfiller!SAEDRVT14_TAPDS!2843
                          SAEDRVT14_TAPDS saed14rvt        
tapfiller!SAEDRVT14_TAPDS!2844
                          SAEDRVT14_TAPDS saed14rvt        
tapfiller!SAEDRVT14_TAPDS!2845
                          SAEDRVT14_TAPDS saed14rvt        
tapfiller!SAEDRVT14_TAPDS!2846
                          SAEDRVT14_TAPDS saed14rvt        
tapfiller!SAEDRVT14_TAPDS!2847
                          SAEDRVT14_TAPDS saed14rvt        
tapfiller!SAEDRVT14_TAPDS!2848
                          SAEDRVT14_TAPDS saed14rvt        
tapfiller!SAEDRVT14_TAPDS!2849
                          SAEDRVT14_TAPDS saed14rvt        
tapfiller!SAEDRVT14_TAPDS!285
                          SAEDRVT14_TAPDS saed14rvt        
tapfiller!SAEDRVT14_TAPDS!2850
                          SAEDRVT14_TAPDS saed14rvt        
tapfiller!SAEDRVT14_TAPDS!2851
                          SAEDRVT14_TAPDS saed14rvt        
tapfiller!SAEDRVT14_TAPDS!2852
                          SAEDRVT14_TAPDS saed14rvt        
tapfiller!SAEDRVT14_TAPDS!2853
                          SAEDRVT14_TAPDS saed14rvt        
tapfiller!SAEDRVT14_TAPDS!2854
                          SAEDRVT14_TAPDS saed14rvt        
tapfiller!SAEDRVT14_TAPDS!2855
                          SAEDRVT14_TAPDS saed14rvt        
tapfiller!SAEDRVT14_TAPDS!2856
                          SAEDRVT14_TAPDS saed14rvt        
tapfiller!SAEDRVT14_TAPDS!2857
                          SAEDRVT14_TAPDS saed14rvt        
tapfiller!SAEDRVT14_TAPDS!2858
                          SAEDRVT14_TAPDS saed14rvt        
tapfiller!SAEDRVT14_TAPDS!2859
                          SAEDRVT14_TAPDS saed14rvt        
tapfiller!SAEDRVT14_TAPDS!286
                          SAEDRVT14_TAPDS saed14rvt        
tapfiller!SAEDRVT14_TAPDS!2860
                          SAEDRVT14_TAPDS saed14rvt        
tapfiller!SAEDRVT14_TAPDS!2861
                          SAEDRVT14_TAPDS saed14rvt        
tapfiller!SAEDRVT14_TAPDS!2862
                          SAEDRVT14_TAPDS saed14rvt        
tapfiller!SAEDRVT14_TAPDS!2863
                          SAEDRVT14_TAPDS saed14rvt        
tapfiller!SAEDRVT14_TAPDS!2864
                          SAEDRVT14_TAPDS saed14rvt        
tapfiller!SAEDRVT14_TAPDS!2865
                          SAEDRVT14_TAPDS saed14rvt        
tapfiller!SAEDRVT14_TAPDS!2866
                          SAEDRVT14_TAPDS saed14rvt        
tapfiller!SAEDRVT14_TAPDS!2867
                          SAEDRVT14_TAPDS saed14rvt        
tapfiller!SAEDRVT14_TAPDS!2868
                          SAEDRVT14_TAPDS saed14rvt        
tapfiller!SAEDRVT14_TAPDS!2869
                          SAEDRVT14_TAPDS saed14rvt        
tapfiller!SAEDRVT14_TAPDS!287
                          SAEDRVT14_TAPDS saed14rvt        
tapfiller!SAEDRVT14_TAPDS!2870
                          SAEDRVT14_TAPDS saed14rvt        
tapfiller!SAEDRVT14_TAPDS!2871
                          SAEDRVT14_TAPDS saed14rvt        
tapfiller!SAEDRVT14_TAPDS!2872
                          SAEDRVT14_TAPDS saed14rvt        
tapfiller!SAEDRVT14_TAPDS!2873
                          SAEDRVT14_TAPDS saed14rvt        
tapfiller!SAEDRVT14_TAPDS!2874
                          SAEDRVT14_TAPDS saed14rvt        
tapfiller!SAEDRVT14_TAPDS!2875
                          SAEDRVT14_TAPDS saed14rvt        
tapfiller!SAEDRVT14_TAPDS!2876
                          SAEDRVT14_TAPDS saed14rvt        
tapfiller!SAEDRVT14_TAPDS!2877
                          SAEDRVT14_TAPDS saed14rvt        
tapfiller!SAEDRVT14_TAPDS!2878
                          SAEDRVT14_TAPDS saed14rvt        
tapfiller!SAEDRVT14_TAPDS!2879
                          SAEDRVT14_TAPDS saed14rvt        
tapfiller!SAEDRVT14_TAPDS!288
                          SAEDRVT14_TAPDS saed14rvt        
tapfiller!SAEDRVT14_TAPDS!2880
                          SAEDRVT14_TAPDS saed14rvt        
tapfiller!SAEDRVT14_TAPDS!2881
                          SAEDRVT14_TAPDS saed14rvt        
tapfiller!SAEDRVT14_TAPDS!2882
                          SAEDRVT14_TAPDS saed14rvt        
tapfiller!SAEDRVT14_TAPDS!2883
                          SAEDRVT14_TAPDS saed14rvt        
tapfiller!SAEDRVT14_TAPDS!2884
                          SAEDRVT14_TAPDS saed14rvt        
tapfiller!SAEDRVT14_TAPDS!2885
                          SAEDRVT14_TAPDS saed14rvt        
tapfiller!SAEDRVT14_TAPDS!2886
                          SAEDRVT14_TAPDS saed14rvt        
tapfiller!SAEDRVT14_TAPDS!2887
                          SAEDRVT14_TAPDS saed14rvt        
tapfiller!SAEDRVT14_TAPDS!2888
                          SAEDRVT14_TAPDS saed14rvt        
tapfiller!SAEDRVT14_TAPDS!2889
                          SAEDRVT14_TAPDS saed14rvt        
tapfiller!SAEDRVT14_TAPDS!289
                          SAEDRVT14_TAPDS saed14rvt        
tapfiller!SAEDRVT14_TAPDS!2890
                          SAEDRVT14_TAPDS saed14rvt        
tapfiller!SAEDRVT14_TAPDS!2891
                          SAEDRVT14_TAPDS saed14rvt        
tapfiller!SAEDRVT14_TAPDS!2892
                          SAEDRVT14_TAPDS saed14rvt        
tapfiller!SAEDRVT14_TAPDS!2893
                          SAEDRVT14_TAPDS saed14rvt        
tapfiller!SAEDRVT14_TAPDS!2894
                          SAEDRVT14_TAPDS saed14rvt        
tapfiller!SAEDRVT14_TAPDS!2895
                          SAEDRVT14_TAPDS saed14rvt        
tapfiller!SAEDRVT14_TAPDS!2896
                          SAEDRVT14_TAPDS saed14rvt        
tapfiller!SAEDRVT14_TAPDS!2897
                          SAEDRVT14_TAPDS saed14rvt        
tapfiller!SAEDRVT14_TAPDS!2898
                          SAEDRVT14_TAPDS saed14rvt        
tapfiller!SAEDRVT14_TAPDS!2899
                          SAEDRVT14_TAPDS saed14rvt        
tapfiller!SAEDRVT14_TAPDS!29
                          SAEDRVT14_TAPDS saed14rvt        
tapfiller!SAEDRVT14_TAPDS!290
                          SAEDRVT14_TAPDS saed14rvt        
tapfiller!SAEDRVT14_TAPDS!2900
                          SAEDRVT14_TAPDS saed14rvt        
tapfiller!SAEDRVT14_TAPDS!2901
                          SAEDRVT14_TAPDS saed14rvt        
tapfiller!SAEDRVT14_TAPDS!2902
                          SAEDRVT14_TAPDS saed14rvt        
tapfiller!SAEDRVT14_TAPDS!2903
                          SAEDRVT14_TAPDS saed14rvt        
tapfiller!SAEDRVT14_TAPDS!2904
                          SAEDRVT14_TAPDS saed14rvt        
tapfiller!SAEDRVT14_TAPDS!2905
                          SAEDRVT14_TAPDS saed14rvt        
tapfiller!SAEDRVT14_TAPDS!2906
                          SAEDRVT14_TAPDS saed14rvt        
tapfiller!SAEDRVT14_TAPDS!2907
                          SAEDRVT14_TAPDS saed14rvt        
tapfiller!SAEDRVT14_TAPDS!2908
                          SAEDRVT14_TAPDS saed14rvt        
tapfiller!SAEDRVT14_TAPDS!2909
                          SAEDRVT14_TAPDS saed14rvt        
tapfiller!SAEDRVT14_TAPDS!291
                          SAEDRVT14_TAPDS saed14rvt        
tapfiller!SAEDRVT14_TAPDS!2910
                          SAEDRVT14_TAPDS saed14rvt        
tapfiller!SAEDRVT14_TAPDS!2911
                          SAEDRVT14_TAPDS saed14rvt        
tapfiller!SAEDRVT14_TAPDS!2912
                          SAEDRVT14_TAPDS saed14rvt        
tapfiller!SAEDRVT14_TAPDS!2913
                          SAEDRVT14_TAPDS saed14rvt        
tapfiller!SAEDRVT14_TAPDS!2914
                          SAEDRVT14_TAPDS saed14rvt        
tapfiller!SAEDRVT14_TAPDS!2915
                          SAEDRVT14_TAPDS saed14rvt        
tapfiller!SAEDRVT14_TAPDS!2916
                          SAEDRVT14_TAPDS saed14rvt        
tapfiller!SAEDRVT14_TAPDS!2917
                          SAEDRVT14_TAPDS saed14rvt        
tapfiller!SAEDRVT14_TAPDS!2918
                          SAEDRVT14_TAPDS saed14rvt        
tapfiller!SAEDRVT14_TAPDS!2919
                          SAEDRVT14_TAPDS saed14rvt        
tapfiller!SAEDRVT14_TAPDS!292
                          SAEDRVT14_TAPDS saed14rvt        
tapfiller!SAEDRVT14_TAPDS!2920
                          SAEDRVT14_TAPDS saed14rvt        
tapfiller!SAEDRVT14_TAPDS!2921
                          SAEDRVT14_TAPDS saed14rvt        
tapfiller!SAEDRVT14_TAPDS!2922
                          SAEDRVT14_TAPDS saed14rvt        
tapfiller!SAEDRVT14_TAPDS!2923
                          SAEDRVT14_TAPDS saed14rvt        
tapfiller!SAEDRVT14_TAPDS!2924
                          SAEDRVT14_TAPDS saed14rvt        
tapfiller!SAEDRVT14_TAPDS!2925
                          SAEDRVT14_TAPDS saed14rvt        
tapfiller!SAEDRVT14_TAPDS!2926
                          SAEDRVT14_TAPDS saed14rvt        
tapfiller!SAEDRVT14_TAPDS!2927
                          SAEDRVT14_TAPDS saed14rvt        
tapfiller!SAEDRVT14_TAPDS!2928
                          SAEDRVT14_TAPDS saed14rvt        
tapfiller!SAEDRVT14_TAPDS!2929
                          SAEDRVT14_TAPDS saed14rvt        
tapfiller!SAEDRVT14_TAPDS!293
                          SAEDRVT14_TAPDS saed14rvt        
tapfiller!SAEDRVT14_TAPDS!2930
                          SAEDRVT14_TAPDS saed14rvt        
tapfiller!SAEDRVT14_TAPDS!2931
                          SAEDRVT14_TAPDS saed14rvt        
tapfiller!SAEDRVT14_TAPDS!2932
                          SAEDRVT14_TAPDS saed14rvt        
tapfiller!SAEDRVT14_TAPDS!2933
                          SAEDRVT14_TAPDS saed14rvt        
tapfiller!SAEDRVT14_TAPDS!2934
                          SAEDRVT14_TAPDS saed14rvt        
tapfiller!SAEDRVT14_TAPDS!2935
                          SAEDRVT14_TAPDS saed14rvt        
tapfiller!SAEDRVT14_TAPDS!2936
                          SAEDRVT14_TAPDS saed14rvt        
tapfiller!SAEDRVT14_TAPDS!2937
                          SAEDRVT14_TAPDS saed14rvt        
tapfiller!SAEDRVT14_TAPDS!2938
                          SAEDRVT14_TAPDS saed14rvt        
tapfiller!SAEDRVT14_TAPDS!2939
                          SAEDRVT14_TAPDS saed14rvt        
tapfiller!SAEDRVT14_TAPDS!294
                          SAEDRVT14_TAPDS saed14rvt        
tapfiller!SAEDRVT14_TAPDS!2940
                          SAEDRVT14_TAPDS saed14rvt        
tapfiller!SAEDRVT14_TAPDS!2941
                          SAEDRVT14_TAPDS saed14rvt        
tapfiller!SAEDRVT14_TAPDS!2942
                          SAEDRVT14_TAPDS saed14rvt        
tapfiller!SAEDRVT14_TAPDS!2943
                          SAEDRVT14_TAPDS saed14rvt        
tapfiller!SAEDRVT14_TAPDS!2944
                          SAEDRVT14_TAPDS saed14rvt        
tapfiller!SAEDRVT14_TAPDS!2945
                          SAEDRVT14_TAPDS saed14rvt        
tapfiller!SAEDRVT14_TAPDS!2946
                          SAEDRVT14_TAPDS saed14rvt        
tapfiller!SAEDRVT14_TAPDS!2947
                          SAEDRVT14_TAPDS saed14rvt        
tapfiller!SAEDRVT14_TAPDS!2948
                          SAEDRVT14_TAPDS saed14rvt        
tapfiller!SAEDRVT14_TAPDS!2949
                          SAEDRVT14_TAPDS saed14rvt        
tapfiller!SAEDRVT14_TAPDS!295
                          SAEDRVT14_TAPDS saed14rvt        
tapfiller!SAEDRVT14_TAPDS!2950
                          SAEDRVT14_TAPDS saed14rvt        
tapfiller!SAEDRVT14_TAPDS!2951
                          SAEDRVT14_TAPDS saed14rvt        
tapfiller!SAEDRVT14_TAPDS!2952
                          SAEDRVT14_TAPDS saed14rvt        
tapfiller!SAEDRVT14_TAPDS!2953
                          SAEDRVT14_TAPDS saed14rvt        
tapfiller!SAEDRVT14_TAPDS!2954
                          SAEDRVT14_TAPDS saed14rvt        
tapfiller!SAEDRVT14_TAPDS!2955
                          SAEDRVT14_TAPDS saed14rvt        
tapfiller!SAEDRVT14_TAPDS!2956
                          SAEDRVT14_TAPDS saed14rvt        
tapfiller!SAEDRVT14_TAPDS!2957
                          SAEDRVT14_TAPDS saed14rvt        
tapfiller!SAEDRVT14_TAPDS!2958
                          SAEDRVT14_TAPDS saed14rvt        
tapfiller!SAEDRVT14_TAPDS!2959
                          SAEDRVT14_TAPDS saed14rvt        
tapfiller!SAEDRVT14_TAPDS!296
                          SAEDRVT14_TAPDS saed14rvt        
tapfiller!SAEDRVT14_TAPDS!2960
                          SAEDRVT14_TAPDS saed14rvt        
tapfiller!SAEDRVT14_TAPDS!2961
                          SAEDRVT14_TAPDS saed14rvt        
tapfiller!SAEDRVT14_TAPDS!2962
                          SAEDRVT14_TAPDS saed14rvt        
tapfiller!SAEDRVT14_TAPDS!2963
                          SAEDRVT14_TAPDS saed14rvt        
tapfiller!SAEDRVT14_TAPDS!2964
                          SAEDRVT14_TAPDS saed14rvt        
tapfiller!SAEDRVT14_TAPDS!2965
                          SAEDRVT14_TAPDS saed14rvt        
tapfiller!SAEDRVT14_TAPDS!2966
                          SAEDRVT14_TAPDS saed14rvt        
tapfiller!SAEDRVT14_TAPDS!2967
                          SAEDRVT14_TAPDS saed14rvt        
tapfiller!SAEDRVT14_TAPDS!2968
                          SAEDRVT14_TAPDS saed14rvt        
tapfiller!SAEDRVT14_TAPDS!2969
                          SAEDRVT14_TAPDS saed14rvt        
tapfiller!SAEDRVT14_TAPDS!297
                          SAEDRVT14_TAPDS saed14rvt        
tapfiller!SAEDRVT14_TAPDS!2970
                          SAEDRVT14_TAPDS saed14rvt        
tapfiller!SAEDRVT14_TAPDS!2971
                          SAEDRVT14_TAPDS saed14rvt        
tapfiller!SAEDRVT14_TAPDS!2972
                          SAEDRVT14_TAPDS saed14rvt        
tapfiller!SAEDRVT14_TAPDS!2973
                          SAEDRVT14_TAPDS saed14rvt        
tapfiller!SAEDRVT14_TAPDS!2974
                          SAEDRVT14_TAPDS saed14rvt        
tapfiller!SAEDRVT14_TAPDS!2975
                          SAEDRVT14_TAPDS saed14rvt        
tapfiller!SAEDRVT14_TAPDS!2976
                          SAEDRVT14_TAPDS saed14rvt        
tapfiller!SAEDRVT14_TAPDS!2977
                          SAEDRVT14_TAPDS saed14rvt        
tapfiller!SAEDRVT14_TAPDS!2978
                          SAEDRVT14_TAPDS saed14rvt        
tapfiller!SAEDRVT14_TAPDS!2979
                          SAEDRVT14_TAPDS saed14rvt        
tapfiller!SAEDRVT14_TAPDS!298
                          SAEDRVT14_TAPDS saed14rvt        
tapfiller!SAEDRVT14_TAPDS!2980
                          SAEDRVT14_TAPDS saed14rvt        
tapfiller!SAEDRVT14_TAPDS!2981
                          SAEDRVT14_TAPDS saed14rvt        
tapfiller!SAEDRVT14_TAPDS!2982
                          SAEDRVT14_TAPDS saed14rvt        
tapfiller!SAEDRVT14_TAPDS!2983
                          SAEDRVT14_TAPDS saed14rvt        
tapfiller!SAEDRVT14_TAPDS!2984
                          SAEDRVT14_TAPDS saed14rvt        
tapfiller!SAEDRVT14_TAPDS!2985
                          SAEDRVT14_TAPDS saed14rvt        
tapfiller!SAEDRVT14_TAPDS!2986
                          SAEDRVT14_TAPDS saed14rvt        
tapfiller!SAEDRVT14_TAPDS!2987
                          SAEDRVT14_TAPDS saed14rvt        
tapfiller!SAEDRVT14_TAPDS!2988
                          SAEDRVT14_TAPDS saed14rvt        
tapfiller!SAEDRVT14_TAPDS!2989
                          SAEDRVT14_TAPDS saed14rvt        
tapfiller!SAEDRVT14_TAPDS!299
                          SAEDRVT14_TAPDS saed14rvt        
tapfiller!SAEDRVT14_TAPDS!2990
                          SAEDRVT14_TAPDS saed14rvt        
tapfiller!SAEDRVT14_TAPDS!2991
                          SAEDRVT14_TAPDS saed14rvt        
tapfiller!SAEDRVT14_TAPDS!2992
                          SAEDRVT14_TAPDS saed14rvt        
tapfiller!SAEDRVT14_TAPDS!2993
                          SAEDRVT14_TAPDS saed14rvt        
tapfiller!SAEDRVT14_TAPDS!2994
                          SAEDRVT14_TAPDS saed14rvt        
tapfiller!SAEDRVT14_TAPDS!2995
                          SAEDRVT14_TAPDS saed14rvt        
tapfiller!SAEDRVT14_TAPDS!2996
                          SAEDRVT14_TAPDS saed14rvt        
tapfiller!SAEDRVT14_TAPDS!2997
                          SAEDRVT14_TAPDS saed14rvt        
tapfiller!SAEDRVT14_TAPDS!2998
                          SAEDRVT14_TAPDS saed14rvt        
tapfiller!SAEDRVT14_TAPDS!2999
                          SAEDRVT14_TAPDS saed14rvt        
tapfiller!SAEDRVT14_TAPDS!3
                          SAEDRVT14_TAPDS saed14rvt        
tapfiller!SAEDRVT14_TAPDS!30
                          SAEDRVT14_TAPDS saed14rvt        
tapfiller!SAEDRVT14_TAPDS!300
                          SAEDRVT14_TAPDS saed14rvt        
tapfiller!SAEDRVT14_TAPDS!3000
                          SAEDRVT14_TAPDS saed14rvt        
tapfiller!SAEDRVT14_TAPDS!3001
                          SAEDRVT14_TAPDS saed14rvt        
tapfiller!SAEDRVT14_TAPDS!3002
                          SAEDRVT14_TAPDS saed14rvt        
tapfiller!SAEDRVT14_TAPDS!3003
                          SAEDRVT14_TAPDS saed14rvt        
tapfiller!SAEDRVT14_TAPDS!3004
                          SAEDRVT14_TAPDS saed14rvt        
tapfiller!SAEDRVT14_TAPDS!3005
                          SAEDRVT14_TAPDS saed14rvt        
tapfiller!SAEDRVT14_TAPDS!3006
                          SAEDRVT14_TAPDS saed14rvt        
tapfiller!SAEDRVT14_TAPDS!3007
                          SAEDRVT14_TAPDS saed14rvt        
tapfiller!SAEDRVT14_TAPDS!3008
                          SAEDRVT14_TAPDS saed14rvt        
tapfiller!SAEDRVT14_TAPDS!3009
                          SAEDRVT14_TAPDS saed14rvt        
tapfiller!SAEDRVT14_TAPDS!301
                          SAEDRVT14_TAPDS saed14rvt        
tapfiller!SAEDRVT14_TAPDS!3010
                          SAEDRVT14_TAPDS saed14rvt        
tapfiller!SAEDRVT14_TAPDS!3011
                          SAEDRVT14_TAPDS saed14rvt        
tapfiller!SAEDRVT14_TAPDS!3012
                          SAEDRVT14_TAPDS saed14rvt        
tapfiller!SAEDRVT14_TAPDS!3013
                          SAEDRVT14_TAPDS saed14rvt        
tapfiller!SAEDRVT14_TAPDS!3014
                          SAEDRVT14_TAPDS saed14rvt        
tapfiller!SAEDRVT14_TAPDS!3015
                          SAEDRVT14_TAPDS saed14rvt        
tapfiller!SAEDRVT14_TAPDS!3016
                          SAEDRVT14_TAPDS saed14rvt        
tapfiller!SAEDRVT14_TAPDS!3017
                          SAEDRVT14_TAPDS saed14rvt        
tapfiller!SAEDRVT14_TAPDS!3018
                          SAEDRVT14_TAPDS saed14rvt        
tapfiller!SAEDRVT14_TAPDS!3019
                          SAEDRVT14_TAPDS saed14rvt        
tapfiller!SAEDRVT14_TAPDS!302
                          SAEDRVT14_TAPDS saed14rvt        
tapfiller!SAEDRVT14_TAPDS!3020
                          SAEDRVT14_TAPDS saed14rvt        
tapfiller!SAEDRVT14_TAPDS!3021
                          SAEDRVT14_TAPDS saed14rvt        
tapfiller!SAEDRVT14_TAPDS!3022
                          SAEDRVT14_TAPDS saed14rvt        
tapfiller!SAEDRVT14_TAPDS!3023
                          SAEDRVT14_TAPDS saed14rvt        
tapfiller!SAEDRVT14_TAPDS!3024
                          SAEDRVT14_TAPDS saed14rvt        
tapfiller!SAEDRVT14_TAPDS!3025
                          SAEDRVT14_TAPDS saed14rvt        
tapfiller!SAEDRVT14_TAPDS!3026
                          SAEDRVT14_TAPDS saed14rvt        
tapfiller!SAEDRVT14_TAPDS!3027
                          SAEDRVT14_TAPDS saed14rvt        
tapfiller!SAEDRVT14_TAPDS!3028
                          SAEDRVT14_TAPDS saed14rvt        
tapfiller!SAEDRVT14_TAPDS!3029
                          SAEDRVT14_TAPDS saed14rvt        
tapfiller!SAEDRVT14_TAPDS!303
                          SAEDRVT14_TAPDS saed14rvt        
tapfiller!SAEDRVT14_TAPDS!3030
                          SAEDRVT14_TAPDS saed14rvt        
tapfiller!SAEDRVT14_TAPDS!3031
                          SAEDRVT14_TAPDS saed14rvt        
tapfiller!SAEDRVT14_TAPDS!3032
                          SAEDRVT14_TAPDS saed14rvt        
tapfiller!SAEDRVT14_TAPDS!3033
                          SAEDRVT14_TAPDS saed14rvt        
tapfiller!SAEDRVT14_TAPDS!3034
                          SAEDRVT14_TAPDS saed14rvt        
tapfiller!SAEDRVT14_TAPDS!3035
                          SAEDRVT14_TAPDS saed14rvt        
tapfiller!SAEDRVT14_TAPDS!3036
                          SAEDRVT14_TAPDS saed14rvt        
tapfiller!SAEDRVT14_TAPDS!3037
                          SAEDRVT14_TAPDS saed14rvt        
tapfiller!SAEDRVT14_TAPDS!3038
                          SAEDRVT14_TAPDS saed14rvt        
tapfiller!SAEDRVT14_TAPDS!3039
                          SAEDRVT14_TAPDS saed14rvt        
tapfiller!SAEDRVT14_TAPDS!304
                          SAEDRVT14_TAPDS saed14rvt        
tapfiller!SAEDRVT14_TAPDS!3040
                          SAEDRVT14_TAPDS saed14rvt        
tapfiller!SAEDRVT14_TAPDS!3041
                          SAEDRVT14_TAPDS saed14rvt        
tapfiller!SAEDRVT14_TAPDS!3042
                          SAEDRVT14_TAPDS saed14rvt        
tapfiller!SAEDRVT14_TAPDS!3043
                          SAEDRVT14_TAPDS saed14rvt        
tapfiller!SAEDRVT14_TAPDS!3044
                          SAEDRVT14_TAPDS saed14rvt        
tapfiller!SAEDRVT14_TAPDS!3045
                          SAEDRVT14_TAPDS saed14rvt        
tapfiller!SAEDRVT14_TAPDS!3046
                          SAEDRVT14_TAPDS saed14rvt        
tapfiller!SAEDRVT14_TAPDS!3047
                          SAEDRVT14_TAPDS saed14rvt        
tapfiller!SAEDRVT14_TAPDS!3048
                          SAEDRVT14_TAPDS saed14rvt        
tapfiller!SAEDRVT14_TAPDS!3049
                          SAEDRVT14_TAPDS saed14rvt        
tapfiller!SAEDRVT14_TAPDS!305
                          SAEDRVT14_TAPDS saed14rvt        
tapfiller!SAEDRVT14_TAPDS!3050
                          SAEDRVT14_TAPDS saed14rvt        
tapfiller!SAEDRVT14_TAPDS!3051
                          SAEDRVT14_TAPDS saed14rvt        
tapfiller!SAEDRVT14_TAPDS!3052
                          SAEDRVT14_TAPDS saed14rvt        
tapfiller!SAEDRVT14_TAPDS!3053
                          SAEDRVT14_TAPDS saed14rvt        
tapfiller!SAEDRVT14_TAPDS!3054
                          SAEDRVT14_TAPDS saed14rvt        
tapfiller!SAEDRVT14_TAPDS!3055
                          SAEDRVT14_TAPDS saed14rvt        
tapfiller!SAEDRVT14_TAPDS!3056
                          SAEDRVT14_TAPDS saed14rvt        
tapfiller!SAEDRVT14_TAPDS!3057
                          SAEDRVT14_TAPDS saed14rvt        
tapfiller!SAEDRVT14_TAPDS!3058
                          SAEDRVT14_TAPDS saed14rvt        
tapfiller!SAEDRVT14_TAPDS!3059
                          SAEDRVT14_TAPDS saed14rvt        
tapfiller!SAEDRVT14_TAPDS!306
                          SAEDRVT14_TAPDS saed14rvt        
tapfiller!SAEDRVT14_TAPDS!3060
                          SAEDRVT14_TAPDS saed14rvt        
tapfiller!SAEDRVT14_TAPDS!3061
                          SAEDRVT14_TAPDS saed14rvt        
tapfiller!SAEDRVT14_TAPDS!3062
                          SAEDRVT14_TAPDS saed14rvt        
tapfiller!SAEDRVT14_TAPDS!3063
                          SAEDRVT14_TAPDS saed14rvt        
tapfiller!SAEDRVT14_TAPDS!3064
                          SAEDRVT14_TAPDS saed14rvt        
tapfiller!SAEDRVT14_TAPDS!3065
                          SAEDRVT14_TAPDS saed14rvt        
tapfiller!SAEDRVT14_TAPDS!3066
                          SAEDRVT14_TAPDS saed14rvt        
tapfiller!SAEDRVT14_TAPDS!3067
                          SAEDRVT14_TAPDS saed14rvt        
tapfiller!SAEDRVT14_TAPDS!3068
                          SAEDRVT14_TAPDS saed14rvt        
tapfiller!SAEDRVT14_TAPDS!3069
                          SAEDRVT14_TAPDS saed14rvt        
tapfiller!SAEDRVT14_TAPDS!307
                          SAEDRVT14_TAPDS saed14rvt        
tapfiller!SAEDRVT14_TAPDS!3070
                          SAEDRVT14_TAPDS saed14rvt        
tapfiller!SAEDRVT14_TAPDS!3071
                          SAEDRVT14_TAPDS saed14rvt        
tapfiller!SAEDRVT14_TAPDS!3072
                          SAEDRVT14_TAPDS saed14rvt        
tapfiller!SAEDRVT14_TAPDS!3073
                          SAEDRVT14_TAPDS saed14rvt        
tapfiller!SAEDRVT14_TAPDS!3074
                          SAEDRVT14_TAPDS saed14rvt        
tapfiller!SAEDRVT14_TAPDS!3075
                          SAEDRVT14_TAPDS saed14rvt        
tapfiller!SAEDRVT14_TAPDS!3076
                          SAEDRVT14_TAPDS saed14rvt        
tapfiller!SAEDRVT14_TAPDS!3077
                          SAEDRVT14_TAPDS saed14rvt        
tapfiller!SAEDRVT14_TAPDS!3078
                          SAEDRVT14_TAPDS saed14rvt        
tapfiller!SAEDRVT14_TAPDS!3079
                          SAEDRVT14_TAPDS saed14rvt        
tapfiller!SAEDRVT14_TAPDS!308
                          SAEDRVT14_TAPDS saed14rvt        
tapfiller!SAEDRVT14_TAPDS!3080
                          SAEDRVT14_TAPDS saed14rvt        
tapfiller!SAEDRVT14_TAPDS!3081
                          SAEDRVT14_TAPDS saed14rvt        
tapfiller!SAEDRVT14_TAPDS!3082
                          SAEDRVT14_TAPDS saed14rvt        
tapfiller!SAEDRVT14_TAPDS!3083
                          SAEDRVT14_TAPDS saed14rvt        
tapfiller!SAEDRVT14_TAPDS!3084
                          SAEDRVT14_TAPDS saed14rvt        
tapfiller!SAEDRVT14_TAPDS!3085
                          SAEDRVT14_TAPDS saed14rvt        
tapfiller!SAEDRVT14_TAPDS!3086
                          SAEDRVT14_TAPDS saed14rvt        
tapfiller!SAEDRVT14_TAPDS!3087
                          SAEDRVT14_TAPDS saed14rvt        
tapfiller!SAEDRVT14_TAPDS!3088
                          SAEDRVT14_TAPDS saed14rvt        
tapfiller!SAEDRVT14_TAPDS!3089
                          SAEDRVT14_TAPDS saed14rvt        
tapfiller!SAEDRVT14_TAPDS!309
                          SAEDRVT14_TAPDS saed14rvt        
tapfiller!SAEDRVT14_TAPDS!3090
                          SAEDRVT14_TAPDS saed14rvt        
tapfiller!SAEDRVT14_TAPDS!3091
                          SAEDRVT14_TAPDS saed14rvt        
tapfiller!SAEDRVT14_TAPDS!3092
                          SAEDRVT14_TAPDS saed14rvt        
tapfiller!SAEDRVT14_TAPDS!3093
                          SAEDRVT14_TAPDS saed14rvt        
tapfiller!SAEDRVT14_TAPDS!3094
                          SAEDRVT14_TAPDS saed14rvt        
tapfiller!SAEDRVT14_TAPDS!3095
                          SAEDRVT14_TAPDS saed14rvt        
tapfiller!SAEDRVT14_TAPDS!3096
                          SAEDRVT14_TAPDS saed14rvt        
tapfiller!SAEDRVT14_TAPDS!3097
                          SAEDRVT14_TAPDS saed14rvt        
tapfiller!SAEDRVT14_TAPDS!3098
                          SAEDRVT14_TAPDS saed14rvt        
tapfiller!SAEDRVT14_TAPDS!3099
                          SAEDRVT14_TAPDS saed14rvt        
tapfiller!SAEDRVT14_TAPDS!31
                          SAEDRVT14_TAPDS saed14rvt        
tapfiller!SAEDRVT14_TAPDS!310
                          SAEDRVT14_TAPDS saed14rvt        
tapfiller!SAEDRVT14_TAPDS!3100
                          SAEDRVT14_TAPDS saed14rvt        
tapfiller!SAEDRVT14_TAPDS!3101
                          SAEDRVT14_TAPDS saed14rvt        
tapfiller!SAEDRVT14_TAPDS!3102
                          SAEDRVT14_TAPDS saed14rvt        
tapfiller!SAEDRVT14_TAPDS!3103
                          SAEDRVT14_TAPDS saed14rvt        
tapfiller!SAEDRVT14_TAPDS!3104
                          SAEDRVT14_TAPDS saed14rvt        
tapfiller!SAEDRVT14_TAPDS!3105
                          SAEDRVT14_TAPDS saed14rvt        
tapfiller!SAEDRVT14_TAPDS!3106
                          SAEDRVT14_TAPDS saed14rvt        
tapfiller!SAEDRVT14_TAPDS!3107
                          SAEDRVT14_TAPDS saed14rvt        
tapfiller!SAEDRVT14_TAPDS!3108
                          SAEDRVT14_TAPDS saed14rvt        
tapfiller!SAEDRVT14_TAPDS!3109
                          SAEDRVT14_TAPDS saed14rvt        
tapfiller!SAEDRVT14_TAPDS!311
                          SAEDRVT14_TAPDS saed14rvt        
tapfiller!SAEDRVT14_TAPDS!3110
                          SAEDRVT14_TAPDS saed14rvt        
tapfiller!SAEDRVT14_TAPDS!3111
                          SAEDRVT14_TAPDS saed14rvt        
tapfiller!SAEDRVT14_TAPDS!3112
                          SAEDRVT14_TAPDS saed14rvt        
tapfiller!SAEDRVT14_TAPDS!3113
                          SAEDRVT14_TAPDS saed14rvt        
tapfiller!SAEDRVT14_TAPDS!3114
                          SAEDRVT14_TAPDS saed14rvt        
tapfiller!SAEDRVT14_TAPDS!3115
                          SAEDRVT14_TAPDS saed14rvt        
tapfiller!SAEDRVT14_TAPDS!3116
                          SAEDRVT14_TAPDS saed14rvt        
tapfiller!SAEDRVT14_TAPDS!3117
                          SAEDRVT14_TAPDS saed14rvt        
tapfiller!SAEDRVT14_TAPDS!3118
                          SAEDRVT14_TAPDS saed14rvt        
tapfiller!SAEDRVT14_TAPDS!3119
                          SAEDRVT14_TAPDS saed14rvt        
tapfiller!SAEDRVT14_TAPDS!312
                          SAEDRVT14_TAPDS saed14rvt        
tapfiller!SAEDRVT14_TAPDS!3120
                          SAEDRVT14_TAPDS saed14rvt        
tapfiller!SAEDRVT14_TAPDS!3121
                          SAEDRVT14_TAPDS saed14rvt        
tapfiller!SAEDRVT14_TAPDS!3122
                          SAEDRVT14_TAPDS saed14rvt        
tapfiller!SAEDRVT14_TAPDS!3123
                          SAEDRVT14_TAPDS saed14rvt        
tapfiller!SAEDRVT14_TAPDS!3124
                          SAEDRVT14_TAPDS saed14rvt        
tapfiller!SAEDRVT14_TAPDS!3125
                          SAEDRVT14_TAPDS saed14rvt        
tapfiller!SAEDRVT14_TAPDS!3126
                          SAEDRVT14_TAPDS saed14rvt        
tapfiller!SAEDRVT14_TAPDS!3127
                          SAEDRVT14_TAPDS saed14rvt        
tapfiller!SAEDRVT14_TAPDS!3128
                          SAEDRVT14_TAPDS saed14rvt        
tapfiller!SAEDRVT14_TAPDS!3129
                          SAEDRVT14_TAPDS saed14rvt        
tapfiller!SAEDRVT14_TAPDS!313
                          SAEDRVT14_TAPDS saed14rvt        
tapfiller!SAEDRVT14_TAPDS!3130
                          SAEDRVT14_TAPDS saed14rvt        
tapfiller!SAEDRVT14_TAPDS!3131
                          SAEDRVT14_TAPDS saed14rvt        
tapfiller!SAEDRVT14_TAPDS!3132
                          SAEDRVT14_TAPDS saed14rvt        
tapfiller!SAEDRVT14_TAPDS!3133
                          SAEDRVT14_TAPDS saed14rvt        
tapfiller!SAEDRVT14_TAPDS!3134
                          SAEDRVT14_TAPDS saed14rvt        
tapfiller!SAEDRVT14_TAPDS!3135
                          SAEDRVT14_TAPDS saed14rvt        
tapfiller!SAEDRVT14_TAPDS!3136
                          SAEDRVT14_TAPDS saed14rvt        
tapfiller!SAEDRVT14_TAPDS!3137
                          SAEDRVT14_TAPDS saed14rvt        
tapfiller!SAEDRVT14_TAPDS!3138
                          SAEDRVT14_TAPDS saed14rvt        
tapfiller!SAEDRVT14_TAPDS!3139
                          SAEDRVT14_TAPDS saed14rvt        
tapfiller!SAEDRVT14_TAPDS!314
                          SAEDRVT14_TAPDS saed14rvt        
tapfiller!SAEDRVT14_TAPDS!3140
                          SAEDRVT14_TAPDS saed14rvt        
tapfiller!SAEDRVT14_TAPDS!3141
                          SAEDRVT14_TAPDS saed14rvt        
tapfiller!SAEDRVT14_TAPDS!3142
                          SAEDRVT14_TAPDS saed14rvt        
tapfiller!SAEDRVT14_TAPDS!3143
                          SAEDRVT14_TAPDS saed14rvt        
tapfiller!SAEDRVT14_TAPDS!3144
                          SAEDRVT14_TAPDS saed14rvt        
tapfiller!SAEDRVT14_TAPDS!3145
                          SAEDRVT14_TAPDS saed14rvt        
tapfiller!SAEDRVT14_TAPDS!3146
                          SAEDRVT14_TAPDS saed14rvt        
tapfiller!SAEDRVT14_TAPDS!3147
                          SAEDRVT14_TAPDS saed14rvt        
tapfiller!SAEDRVT14_TAPDS!3148
                          SAEDRVT14_TAPDS saed14rvt        
tapfiller!SAEDRVT14_TAPDS!3149
                          SAEDRVT14_TAPDS saed14rvt        
tapfiller!SAEDRVT14_TAPDS!315
                          SAEDRVT14_TAPDS saed14rvt        
tapfiller!SAEDRVT14_TAPDS!3150
                          SAEDRVT14_TAPDS saed14rvt        
tapfiller!SAEDRVT14_TAPDS!3151
                          SAEDRVT14_TAPDS saed14rvt        
tapfiller!SAEDRVT14_TAPDS!3152
                          SAEDRVT14_TAPDS saed14rvt        
tapfiller!SAEDRVT14_TAPDS!3153
                          SAEDRVT14_TAPDS saed14rvt        
tapfiller!SAEDRVT14_TAPDS!3154
                          SAEDRVT14_TAPDS saed14rvt        
tapfiller!SAEDRVT14_TAPDS!3155
                          SAEDRVT14_TAPDS saed14rvt        
tapfiller!SAEDRVT14_TAPDS!3156
                          SAEDRVT14_TAPDS saed14rvt        
tapfiller!SAEDRVT14_TAPDS!3157
                          SAEDRVT14_TAPDS saed14rvt        
tapfiller!SAEDRVT14_TAPDS!3158
                          SAEDRVT14_TAPDS saed14rvt        
tapfiller!SAEDRVT14_TAPDS!3159
                          SAEDRVT14_TAPDS saed14rvt        
tapfiller!SAEDRVT14_TAPDS!316
                          SAEDRVT14_TAPDS saed14rvt        
tapfiller!SAEDRVT14_TAPDS!3160
                          SAEDRVT14_TAPDS saed14rvt        
tapfiller!SAEDRVT14_TAPDS!3161
                          SAEDRVT14_TAPDS saed14rvt        
tapfiller!SAEDRVT14_TAPDS!3162
                          SAEDRVT14_TAPDS saed14rvt        
tapfiller!SAEDRVT14_TAPDS!3163
                          SAEDRVT14_TAPDS saed14rvt        
tapfiller!SAEDRVT14_TAPDS!3164
                          SAEDRVT14_TAPDS saed14rvt        
tapfiller!SAEDRVT14_TAPDS!3165
                          SAEDRVT14_TAPDS saed14rvt        
tapfiller!SAEDRVT14_TAPDS!3166
                          SAEDRVT14_TAPDS saed14rvt        
tapfiller!SAEDRVT14_TAPDS!3167
                          SAEDRVT14_TAPDS saed14rvt        
tapfiller!SAEDRVT14_TAPDS!3168
                          SAEDRVT14_TAPDS saed14rvt        
tapfiller!SAEDRVT14_TAPDS!3169
                          SAEDRVT14_TAPDS saed14rvt        
tapfiller!SAEDRVT14_TAPDS!317
                          SAEDRVT14_TAPDS saed14rvt        
tapfiller!SAEDRVT14_TAPDS!3170
                          SAEDRVT14_TAPDS saed14rvt        
tapfiller!SAEDRVT14_TAPDS!3171
                          SAEDRVT14_TAPDS saed14rvt        
tapfiller!SAEDRVT14_TAPDS!3172
                          SAEDRVT14_TAPDS saed14rvt        
tapfiller!SAEDRVT14_TAPDS!3173
                          SAEDRVT14_TAPDS saed14rvt        
tapfiller!SAEDRVT14_TAPDS!3174
                          SAEDRVT14_TAPDS saed14rvt        
tapfiller!SAEDRVT14_TAPDS!3175
                          SAEDRVT14_TAPDS saed14rvt        
tapfiller!SAEDRVT14_TAPDS!3176
                          SAEDRVT14_TAPDS saed14rvt        
tapfiller!SAEDRVT14_TAPDS!3177
                          SAEDRVT14_TAPDS saed14rvt        
tapfiller!SAEDRVT14_TAPDS!3178
                          SAEDRVT14_TAPDS saed14rvt        
tapfiller!SAEDRVT14_TAPDS!3179
                          SAEDRVT14_TAPDS saed14rvt        
tapfiller!SAEDRVT14_TAPDS!318
                          SAEDRVT14_TAPDS saed14rvt        
tapfiller!SAEDRVT14_TAPDS!3180
                          SAEDRVT14_TAPDS saed14rvt        
tapfiller!SAEDRVT14_TAPDS!3181
                          SAEDRVT14_TAPDS saed14rvt        
tapfiller!SAEDRVT14_TAPDS!3182
                          SAEDRVT14_TAPDS saed14rvt        
tapfiller!SAEDRVT14_TAPDS!3183
                          SAEDRVT14_TAPDS saed14rvt        
tapfiller!SAEDRVT14_TAPDS!3184
                          SAEDRVT14_TAPDS saed14rvt        
tapfiller!SAEDRVT14_TAPDS!3185
                          SAEDRVT14_TAPDS saed14rvt        
tapfiller!SAEDRVT14_TAPDS!3186
                          SAEDRVT14_TAPDS saed14rvt        
tapfiller!SAEDRVT14_TAPDS!3187
                          SAEDRVT14_TAPDS saed14rvt        
tapfiller!SAEDRVT14_TAPDS!3188
                          SAEDRVT14_TAPDS saed14rvt        
tapfiller!SAEDRVT14_TAPDS!3189
                          SAEDRVT14_TAPDS saed14rvt        
tapfiller!SAEDRVT14_TAPDS!319
                          SAEDRVT14_TAPDS saed14rvt        
tapfiller!SAEDRVT14_TAPDS!3190
                          SAEDRVT14_TAPDS saed14rvt        
tapfiller!SAEDRVT14_TAPDS!3191
                          SAEDRVT14_TAPDS saed14rvt        
tapfiller!SAEDRVT14_TAPDS!3192
                          SAEDRVT14_TAPDS saed14rvt        
tapfiller!SAEDRVT14_TAPDS!3193
                          SAEDRVT14_TAPDS saed14rvt        
tapfiller!SAEDRVT14_TAPDS!3194
                          SAEDRVT14_TAPDS saed14rvt        
tapfiller!SAEDRVT14_TAPDS!3195
                          SAEDRVT14_TAPDS saed14rvt        
tapfiller!SAEDRVT14_TAPDS!3196
                          SAEDRVT14_TAPDS saed14rvt        
tapfiller!SAEDRVT14_TAPDS!3197
                          SAEDRVT14_TAPDS saed14rvt        
tapfiller!SAEDRVT14_TAPDS!3198
                          SAEDRVT14_TAPDS saed14rvt        
tapfiller!SAEDRVT14_TAPDS!3199
                          SAEDRVT14_TAPDS saed14rvt        
tapfiller!SAEDRVT14_TAPDS!32
                          SAEDRVT14_TAPDS saed14rvt        
tapfiller!SAEDRVT14_TAPDS!320
                          SAEDRVT14_TAPDS saed14rvt        
tapfiller!SAEDRVT14_TAPDS!3200
                          SAEDRVT14_TAPDS saed14rvt        
tapfiller!SAEDRVT14_TAPDS!3201
                          SAEDRVT14_TAPDS saed14rvt        
tapfiller!SAEDRVT14_TAPDS!3202
                          SAEDRVT14_TAPDS saed14rvt        
tapfiller!SAEDRVT14_TAPDS!3203
                          SAEDRVT14_TAPDS saed14rvt        
tapfiller!SAEDRVT14_TAPDS!3204
                          SAEDRVT14_TAPDS saed14rvt        
tapfiller!SAEDRVT14_TAPDS!3205
                          SAEDRVT14_TAPDS saed14rvt        
tapfiller!SAEDRVT14_TAPDS!3206
                          SAEDRVT14_TAPDS saed14rvt        
tapfiller!SAEDRVT14_TAPDS!3207
                          SAEDRVT14_TAPDS saed14rvt        
tapfiller!SAEDRVT14_TAPDS!3208
                          SAEDRVT14_TAPDS saed14rvt        
tapfiller!SAEDRVT14_TAPDS!3209
                          SAEDRVT14_TAPDS saed14rvt        
tapfiller!SAEDRVT14_TAPDS!321
                          SAEDRVT14_TAPDS saed14rvt        
tapfiller!SAEDRVT14_TAPDS!3210
                          SAEDRVT14_TAPDS saed14rvt        
tapfiller!SAEDRVT14_TAPDS!3211
                          SAEDRVT14_TAPDS saed14rvt        
tapfiller!SAEDRVT14_TAPDS!3212
                          SAEDRVT14_TAPDS saed14rvt        
tapfiller!SAEDRVT14_TAPDS!3213
                          SAEDRVT14_TAPDS saed14rvt        
tapfiller!SAEDRVT14_TAPDS!3214
                          SAEDRVT14_TAPDS saed14rvt        
tapfiller!SAEDRVT14_TAPDS!3215
                          SAEDRVT14_TAPDS saed14rvt        
tapfiller!SAEDRVT14_TAPDS!3216
                          SAEDRVT14_TAPDS saed14rvt        
tapfiller!SAEDRVT14_TAPDS!3217
                          SAEDRVT14_TAPDS saed14rvt        
tapfiller!SAEDRVT14_TAPDS!3218
                          SAEDRVT14_TAPDS saed14rvt        
tapfiller!SAEDRVT14_TAPDS!3219
                          SAEDRVT14_TAPDS saed14rvt        
tapfiller!SAEDRVT14_TAPDS!322
                          SAEDRVT14_TAPDS saed14rvt        
tapfiller!SAEDRVT14_TAPDS!3220
                          SAEDRVT14_TAPDS saed14rvt        
tapfiller!SAEDRVT14_TAPDS!3221
                          SAEDRVT14_TAPDS saed14rvt        
tapfiller!SAEDRVT14_TAPDS!3222
                          SAEDRVT14_TAPDS saed14rvt        
tapfiller!SAEDRVT14_TAPDS!3223
                          SAEDRVT14_TAPDS saed14rvt        
tapfiller!SAEDRVT14_TAPDS!3224
                          SAEDRVT14_TAPDS saed14rvt        
tapfiller!SAEDRVT14_TAPDS!3225
                          SAEDRVT14_TAPDS saed14rvt        
tapfiller!SAEDRVT14_TAPDS!3226
                          SAEDRVT14_TAPDS saed14rvt        
tapfiller!SAEDRVT14_TAPDS!3227
                          SAEDRVT14_TAPDS saed14rvt        
tapfiller!SAEDRVT14_TAPDS!3228
                          SAEDRVT14_TAPDS saed14rvt        
tapfiller!SAEDRVT14_TAPDS!3229
                          SAEDRVT14_TAPDS saed14rvt        
tapfiller!SAEDRVT14_TAPDS!323
                          SAEDRVT14_TAPDS saed14rvt        
tapfiller!SAEDRVT14_TAPDS!3230
                          SAEDRVT14_TAPDS saed14rvt        
tapfiller!SAEDRVT14_TAPDS!3231
                          SAEDRVT14_TAPDS saed14rvt        
tapfiller!SAEDRVT14_TAPDS!3232
                          SAEDRVT14_TAPDS saed14rvt        
tapfiller!SAEDRVT14_TAPDS!3233
                          SAEDRVT14_TAPDS saed14rvt        
tapfiller!SAEDRVT14_TAPDS!3234
                          SAEDRVT14_TAPDS saed14rvt        
tapfiller!SAEDRVT14_TAPDS!3235
                          SAEDRVT14_TAPDS saed14rvt        
tapfiller!SAEDRVT14_TAPDS!3236
                          SAEDRVT14_TAPDS saed14rvt        
tapfiller!SAEDRVT14_TAPDS!3237
                          SAEDRVT14_TAPDS saed14rvt        
tapfiller!SAEDRVT14_TAPDS!3238
                          SAEDRVT14_TAPDS saed14rvt        
tapfiller!SAEDRVT14_TAPDS!3239
                          SAEDRVT14_TAPDS saed14rvt        
tapfiller!SAEDRVT14_TAPDS!324
                          SAEDRVT14_TAPDS saed14rvt        
tapfiller!SAEDRVT14_TAPDS!3240
                          SAEDRVT14_TAPDS saed14rvt        
tapfiller!SAEDRVT14_TAPDS!3241
                          SAEDRVT14_TAPDS saed14rvt        
tapfiller!SAEDRVT14_TAPDS!3242
                          SAEDRVT14_TAPDS saed14rvt        
tapfiller!SAEDRVT14_TAPDS!3243
                          SAEDRVT14_TAPDS saed14rvt        
tapfiller!SAEDRVT14_TAPDS!3244
                          SAEDRVT14_TAPDS saed14rvt        
tapfiller!SAEDRVT14_TAPDS!3245
                          SAEDRVT14_TAPDS saed14rvt        
tapfiller!SAEDRVT14_TAPDS!3246
                          SAEDRVT14_TAPDS saed14rvt        
tapfiller!SAEDRVT14_TAPDS!3247
                          SAEDRVT14_TAPDS saed14rvt        
tapfiller!SAEDRVT14_TAPDS!3248
                          SAEDRVT14_TAPDS saed14rvt        
tapfiller!SAEDRVT14_TAPDS!3249
                          SAEDRVT14_TAPDS saed14rvt        
tapfiller!SAEDRVT14_TAPDS!325
                          SAEDRVT14_TAPDS saed14rvt        
tapfiller!SAEDRVT14_TAPDS!3250
                          SAEDRVT14_TAPDS saed14rvt        
tapfiller!SAEDRVT14_TAPDS!3251
                          SAEDRVT14_TAPDS saed14rvt        
tapfiller!SAEDRVT14_TAPDS!3252
                          SAEDRVT14_TAPDS saed14rvt        
tapfiller!SAEDRVT14_TAPDS!3253
                          SAEDRVT14_TAPDS saed14rvt        
tapfiller!SAEDRVT14_TAPDS!3254
                          SAEDRVT14_TAPDS saed14rvt        
tapfiller!SAEDRVT14_TAPDS!3255
                          SAEDRVT14_TAPDS saed14rvt        
tapfiller!SAEDRVT14_TAPDS!3256
                          SAEDRVT14_TAPDS saed14rvt        
tapfiller!SAEDRVT14_TAPDS!3257
                          SAEDRVT14_TAPDS saed14rvt        
tapfiller!SAEDRVT14_TAPDS!3258
                          SAEDRVT14_TAPDS saed14rvt        
tapfiller!SAEDRVT14_TAPDS!3259
                          SAEDRVT14_TAPDS saed14rvt        
tapfiller!SAEDRVT14_TAPDS!326
                          SAEDRVT14_TAPDS saed14rvt        
tapfiller!SAEDRVT14_TAPDS!3260
                          SAEDRVT14_TAPDS saed14rvt        
tapfiller!SAEDRVT14_TAPDS!3261
                          SAEDRVT14_TAPDS saed14rvt        
tapfiller!SAEDRVT14_TAPDS!3262
                          SAEDRVT14_TAPDS saed14rvt        
tapfiller!SAEDRVT14_TAPDS!3263
                          SAEDRVT14_TAPDS saed14rvt        
tapfiller!SAEDRVT14_TAPDS!3264
                          SAEDRVT14_TAPDS saed14rvt        
tapfiller!SAEDRVT14_TAPDS!3265
                          SAEDRVT14_TAPDS saed14rvt        
tapfiller!SAEDRVT14_TAPDS!3266
                          SAEDRVT14_TAPDS saed14rvt        
tapfiller!SAEDRVT14_TAPDS!3267
                          SAEDRVT14_TAPDS saed14rvt        
tapfiller!SAEDRVT14_TAPDS!3268
                          SAEDRVT14_TAPDS saed14rvt        
tapfiller!SAEDRVT14_TAPDS!3269
                          SAEDRVT14_TAPDS saed14rvt        
tapfiller!SAEDRVT14_TAPDS!327
                          SAEDRVT14_TAPDS saed14rvt        
tapfiller!SAEDRVT14_TAPDS!3270
                          SAEDRVT14_TAPDS saed14rvt        
tapfiller!SAEDRVT14_TAPDS!3271
                          SAEDRVT14_TAPDS saed14rvt        
tapfiller!SAEDRVT14_TAPDS!3272
                          SAEDRVT14_TAPDS saed14rvt        
tapfiller!SAEDRVT14_TAPDS!3273
                          SAEDRVT14_TAPDS saed14rvt        
tapfiller!SAEDRVT14_TAPDS!3274
                          SAEDRVT14_TAPDS saed14rvt        
tapfiller!SAEDRVT14_TAPDS!3275
                          SAEDRVT14_TAPDS saed14rvt        
tapfiller!SAEDRVT14_TAPDS!3276
                          SAEDRVT14_TAPDS saed14rvt        
tapfiller!SAEDRVT14_TAPDS!3277
                          SAEDRVT14_TAPDS saed14rvt        
tapfiller!SAEDRVT14_TAPDS!3278
                          SAEDRVT14_TAPDS saed14rvt        
tapfiller!SAEDRVT14_TAPDS!3279
                          SAEDRVT14_TAPDS saed14rvt        
tapfiller!SAEDRVT14_TAPDS!328
                          SAEDRVT14_TAPDS saed14rvt        
tapfiller!SAEDRVT14_TAPDS!3280
                          SAEDRVT14_TAPDS saed14rvt        
tapfiller!SAEDRVT14_TAPDS!3281
                          SAEDRVT14_TAPDS saed14rvt        
tapfiller!SAEDRVT14_TAPDS!3282
                          SAEDRVT14_TAPDS saed14rvt        
tapfiller!SAEDRVT14_TAPDS!3283
                          SAEDRVT14_TAPDS saed14rvt        
tapfiller!SAEDRVT14_TAPDS!3284
                          SAEDRVT14_TAPDS saed14rvt        
tapfiller!SAEDRVT14_TAPDS!3285
                          SAEDRVT14_TAPDS saed14rvt        
tapfiller!SAEDRVT14_TAPDS!3286
                          SAEDRVT14_TAPDS saed14rvt        
tapfiller!SAEDRVT14_TAPDS!3287
                          SAEDRVT14_TAPDS saed14rvt        
tapfiller!SAEDRVT14_TAPDS!3288
                          SAEDRVT14_TAPDS saed14rvt        
tapfiller!SAEDRVT14_TAPDS!3289
                          SAEDRVT14_TAPDS saed14rvt        
tapfiller!SAEDRVT14_TAPDS!329
                          SAEDRVT14_TAPDS saed14rvt        
tapfiller!SAEDRVT14_TAPDS!3290
                          SAEDRVT14_TAPDS saed14rvt        
tapfiller!SAEDRVT14_TAPDS!3291
                          SAEDRVT14_TAPDS saed14rvt        
tapfiller!SAEDRVT14_TAPDS!3292
                          SAEDRVT14_TAPDS saed14rvt        
tapfiller!SAEDRVT14_TAPDS!3293
                          SAEDRVT14_TAPDS saed14rvt        
tapfiller!SAEDRVT14_TAPDS!3294
                          SAEDRVT14_TAPDS saed14rvt        
tapfiller!SAEDRVT14_TAPDS!3295
                          SAEDRVT14_TAPDS saed14rvt        
tapfiller!SAEDRVT14_TAPDS!3296
                          SAEDRVT14_TAPDS saed14rvt        
tapfiller!SAEDRVT14_TAPDS!3297
                          SAEDRVT14_TAPDS saed14rvt        
tapfiller!SAEDRVT14_TAPDS!3298
                          SAEDRVT14_TAPDS saed14rvt        
tapfiller!SAEDRVT14_TAPDS!3299
                          SAEDRVT14_TAPDS saed14rvt        
tapfiller!SAEDRVT14_TAPDS!33
                          SAEDRVT14_TAPDS saed14rvt        
tapfiller!SAEDRVT14_TAPDS!330
                          SAEDRVT14_TAPDS saed14rvt        
tapfiller!SAEDRVT14_TAPDS!3300
                          SAEDRVT14_TAPDS saed14rvt        
tapfiller!SAEDRVT14_TAPDS!3301
                          SAEDRVT14_TAPDS saed14rvt        
tapfiller!SAEDRVT14_TAPDS!3302
                          SAEDRVT14_TAPDS saed14rvt        
tapfiller!SAEDRVT14_TAPDS!3303
                          SAEDRVT14_TAPDS saed14rvt        
tapfiller!SAEDRVT14_TAPDS!3304
                          SAEDRVT14_TAPDS saed14rvt        
tapfiller!SAEDRVT14_TAPDS!3305
                          SAEDRVT14_TAPDS saed14rvt        
tapfiller!SAEDRVT14_TAPDS!3306
                          SAEDRVT14_TAPDS saed14rvt        
tapfiller!SAEDRVT14_TAPDS!3307
                          SAEDRVT14_TAPDS saed14rvt        
tapfiller!SAEDRVT14_TAPDS!3308
                          SAEDRVT14_TAPDS saed14rvt        
tapfiller!SAEDRVT14_TAPDS!3309
                          SAEDRVT14_TAPDS saed14rvt        
tapfiller!SAEDRVT14_TAPDS!331
                          SAEDRVT14_TAPDS saed14rvt        
tapfiller!SAEDRVT14_TAPDS!3310
                          SAEDRVT14_TAPDS saed14rvt        
tapfiller!SAEDRVT14_TAPDS!3311
                          SAEDRVT14_TAPDS saed14rvt        
tapfiller!SAEDRVT14_TAPDS!3312
                          SAEDRVT14_TAPDS saed14rvt        
tapfiller!SAEDRVT14_TAPDS!3313
                          SAEDRVT14_TAPDS saed14rvt        
tapfiller!SAEDRVT14_TAPDS!3314
                          SAEDRVT14_TAPDS saed14rvt        
tapfiller!SAEDRVT14_TAPDS!3315
                          SAEDRVT14_TAPDS saed14rvt        
tapfiller!SAEDRVT14_TAPDS!3316
                          SAEDRVT14_TAPDS saed14rvt        
tapfiller!SAEDRVT14_TAPDS!3317
                          SAEDRVT14_TAPDS saed14rvt        
tapfiller!SAEDRVT14_TAPDS!3318
                          SAEDRVT14_TAPDS saed14rvt        
tapfiller!SAEDRVT14_TAPDS!3319
                          SAEDRVT14_TAPDS saed14rvt        
tapfiller!SAEDRVT14_TAPDS!332
                          SAEDRVT14_TAPDS saed14rvt        
tapfiller!SAEDRVT14_TAPDS!3320
                          SAEDRVT14_TAPDS saed14rvt        
tapfiller!SAEDRVT14_TAPDS!3321
                          SAEDRVT14_TAPDS saed14rvt        
tapfiller!SAEDRVT14_TAPDS!3322
                          SAEDRVT14_TAPDS saed14rvt        
tapfiller!SAEDRVT14_TAPDS!3323
                          SAEDRVT14_TAPDS saed14rvt        
tapfiller!SAEDRVT14_TAPDS!3324
                          SAEDRVT14_TAPDS saed14rvt        
tapfiller!SAEDRVT14_TAPDS!3325
                          SAEDRVT14_TAPDS saed14rvt        
tapfiller!SAEDRVT14_TAPDS!3326
                          SAEDRVT14_TAPDS saed14rvt        
tapfiller!SAEDRVT14_TAPDS!3327
                          SAEDRVT14_TAPDS saed14rvt        
tapfiller!SAEDRVT14_TAPDS!3328
                          SAEDRVT14_TAPDS saed14rvt        
tapfiller!SAEDRVT14_TAPDS!3329
                          SAEDRVT14_TAPDS saed14rvt        
tapfiller!SAEDRVT14_TAPDS!333
                          SAEDRVT14_TAPDS saed14rvt        
tapfiller!SAEDRVT14_TAPDS!3330
                          SAEDRVT14_TAPDS saed14rvt        
tapfiller!SAEDRVT14_TAPDS!3331
                          SAEDRVT14_TAPDS saed14rvt        
tapfiller!SAEDRVT14_TAPDS!3332
                          SAEDRVT14_TAPDS saed14rvt        
tapfiller!SAEDRVT14_TAPDS!3333
                          SAEDRVT14_TAPDS saed14rvt        
tapfiller!SAEDRVT14_TAPDS!3334
                          SAEDRVT14_TAPDS saed14rvt        
tapfiller!SAEDRVT14_TAPDS!3335
                          SAEDRVT14_TAPDS saed14rvt        
tapfiller!SAEDRVT14_TAPDS!3336
                          SAEDRVT14_TAPDS saed14rvt        
tapfiller!SAEDRVT14_TAPDS!3337
                          SAEDRVT14_TAPDS saed14rvt        
tapfiller!SAEDRVT14_TAPDS!3338
                          SAEDRVT14_TAPDS saed14rvt        
tapfiller!SAEDRVT14_TAPDS!3339
                          SAEDRVT14_TAPDS saed14rvt        
tapfiller!SAEDRVT14_TAPDS!334
                          SAEDRVT14_TAPDS saed14rvt        
tapfiller!SAEDRVT14_TAPDS!3340
                          SAEDRVT14_TAPDS saed14rvt        
tapfiller!SAEDRVT14_TAPDS!3341
                          SAEDRVT14_TAPDS saed14rvt        
tapfiller!SAEDRVT14_TAPDS!3342
                          SAEDRVT14_TAPDS saed14rvt        
tapfiller!SAEDRVT14_TAPDS!3343
                          SAEDRVT14_TAPDS saed14rvt        
tapfiller!SAEDRVT14_TAPDS!3344
                          SAEDRVT14_TAPDS saed14rvt        
tapfiller!SAEDRVT14_TAPDS!3345
                          SAEDRVT14_TAPDS saed14rvt        
tapfiller!SAEDRVT14_TAPDS!3346
                          SAEDRVT14_TAPDS saed14rvt        
tapfiller!SAEDRVT14_TAPDS!3347
                          SAEDRVT14_TAPDS saed14rvt        
tapfiller!SAEDRVT14_TAPDS!3348
                          SAEDRVT14_TAPDS saed14rvt        
tapfiller!SAEDRVT14_TAPDS!3349
                          SAEDRVT14_TAPDS saed14rvt        
tapfiller!SAEDRVT14_TAPDS!335
                          SAEDRVT14_TAPDS saed14rvt        
tapfiller!SAEDRVT14_TAPDS!3350
                          SAEDRVT14_TAPDS saed14rvt        
tapfiller!SAEDRVT14_TAPDS!3351
                          SAEDRVT14_TAPDS saed14rvt        
tapfiller!SAEDRVT14_TAPDS!3352
                          SAEDRVT14_TAPDS saed14rvt        
tapfiller!SAEDRVT14_TAPDS!3353
                          SAEDRVT14_TAPDS saed14rvt        
tapfiller!SAEDRVT14_TAPDS!3354
                          SAEDRVT14_TAPDS saed14rvt        
tapfiller!SAEDRVT14_TAPDS!3355
                          SAEDRVT14_TAPDS saed14rvt        
tapfiller!SAEDRVT14_TAPDS!3356
                          SAEDRVT14_TAPDS saed14rvt        
tapfiller!SAEDRVT14_TAPDS!3357
                          SAEDRVT14_TAPDS saed14rvt        
tapfiller!SAEDRVT14_TAPDS!3358
                          SAEDRVT14_TAPDS saed14rvt        
tapfiller!SAEDRVT14_TAPDS!3359
                          SAEDRVT14_TAPDS saed14rvt        
tapfiller!SAEDRVT14_TAPDS!336
                          SAEDRVT14_TAPDS saed14rvt        
tapfiller!SAEDRVT14_TAPDS!3360
                          SAEDRVT14_TAPDS saed14rvt        
tapfiller!SAEDRVT14_TAPDS!3361
                          SAEDRVT14_TAPDS saed14rvt        
tapfiller!SAEDRVT14_TAPDS!3362
                          SAEDRVT14_TAPDS saed14rvt        
tapfiller!SAEDRVT14_TAPDS!3363
                          SAEDRVT14_TAPDS saed14rvt        
tapfiller!SAEDRVT14_TAPDS!3364
                          SAEDRVT14_TAPDS saed14rvt        
tapfiller!SAEDRVT14_TAPDS!3365
                          SAEDRVT14_TAPDS saed14rvt        
tapfiller!SAEDRVT14_TAPDS!3366
                          SAEDRVT14_TAPDS saed14rvt        
tapfiller!SAEDRVT14_TAPDS!3367
                          SAEDRVT14_TAPDS saed14rvt        
tapfiller!SAEDRVT14_TAPDS!3368
                          SAEDRVT14_TAPDS saed14rvt        
tapfiller!SAEDRVT14_TAPDS!3369
                          SAEDRVT14_TAPDS saed14rvt        
tapfiller!SAEDRVT14_TAPDS!337
                          SAEDRVT14_TAPDS saed14rvt        
tapfiller!SAEDRVT14_TAPDS!3370
                          SAEDRVT14_TAPDS saed14rvt        
tapfiller!SAEDRVT14_TAPDS!3371
                          SAEDRVT14_TAPDS saed14rvt        
tapfiller!SAEDRVT14_TAPDS!3372
                          SAEDRVT14_TAPDS saed14rvt        
tapfiller!SAEDRVT14_TAPDS!3373
                          SAEDRVT14_TAPDS saed14rvt        
tapfiller!SAEDRVT14_TAPDS!3374
                          SAEDRVT14_TAPDS saed14rvt        
tapfiller!SAEDRVT14_TAPDS!3375
                          SAEDRVT14_TAPDS saed14rvt        
tapfiller!SAEDRVT14_TAPDS!3376
                          SAEDRVT14_TAPDS saed14rvt        
tapfiller!SAEDRVT14_TAPDS!3377
                          SAEDRVT14_TAPDS saed14rvt        
tapfiller!SAEDRVT14_TAPDS!3378
                          SAEDRVT14_TAPDS saed14rvt        
tapfiller!SAEDRVT14_TAPDS!3379
                          SAEDRVT14_TAPDS saed14rvt        
tapfiller!SAEDRVT14_TAPDS!338
                          SAEDRVT14_TAPDS saed14rvt        
tapfiller!SAEDRVT14_TAPDS!3380
                          SAEDRVT14_TAPDS saed14rvt        
tapfiller!SAEDRVT14_TAPDS!3381
                          SAEDRVT14_TAPDS saed14rvt        
tapfiller!SAEDRVT14_TAPDS!3382
                          SAEDRVT14_TAPDS saed14rvt        
tapfiller!SAEDRVT14_TAPDS!3383
                          SAEDRVT14_TAPDS saed14rvt        
tapfiller!SAEDRVT14_TAPDS!3384
                          SAEDRVT14_TAPDS saed14rvt        
tapfiller!SAEDRVT14_TAPDS!3385
                          SAEDRVT14_TAPDS saed14rvt        
tapfiller!SAEDRVT14_TAPDS!3386
                          SAEDRVT14_TAPDS saed14rvt        
tapfiller!SAEDRVT14_TAPDS!3387
                          SAEDRVT14_TAPDS saed14rvt        
tapfiller!SAEDRVT14_TAPDS!3388
                          SAEDRVT14_TAPDS saed14rvt        
tapfiller!SAEDRVT14_TAPDS!3389
                          SAEDRVT14_TAPDS saed14rvt        
tapfiller!SAEDRVT14_TAPDS!339
                          SAEDRVT14_TAPDS saed14rvt        
tapfiller!SAEDRVT14_TAPDS!3390
                          SAEDRVT14_TAPDS saed14rvt        
tapfiller!SAEDRVT14_TAPDS!3391
                          SAEDRVT14_TAPDS saed14rvt        
tapfiller!SAEDRVT14_TAPDS!3392
                          SAEDRVT14_TAPDS saed14rvt        
tapfiller!SAEDRVT14_TAPDS!3393
                          SAEDRVT14_TAPDS saed14rvt        
tapfiller!SAEDRVT14_TAPDS!3394
                          SAEDRVT14_TAPDS saed14rvt        
tapfiller!SAEDRVT14_TAPDS!3395
                          SAEDRVT14_TAPDS saed14rvt        
tapfiller!SAEDRVT14_TAPDS!3396
                          SAEDRVT14_TAPDS saed14rvt        
tapfiller!SAEDRVT14_TAPDS!3397
                          SAEDRVT14_TAPDS saed14rvt        
tapfiller!SAEDRVT14_TAPDS!3398
                          SAEDRVT14_TAPDS saed14rvt        
tapfiller!SAEDRVT14_TAPDS!3399
                          SAEDRVT14_TAPDS saed14rvt        
tapfiller!SAEDRVT14_TAPDS!34
                          SAEDRVT14_TAPDS saed14rvt        
tapfiller!SAEDRVT14_TAPDS!340
                          SAEDRVT14_TAPDS saed14rvt        
tapfiller!SAEDRVT14_TAPDS!3400
                          SAEDRVT14_TAPDS saed14rvt        
tapfiller!SAEDRVT14_TAPDS!3401
                          SAEDRVT14_TAPDS saed14rvt        
tapfiller!SAEDRVT14_TAPDS!3402
                          SAEDRVT14_TAPDS saed14rvt        
tapfiller!SAEDRVT14_TAPDS!3403
                          SAEDRVT14_TAPDS saed14rvt        
tapfiller!SAEDRVT14_TAPDS!3404
                          SAEDRVT14_TAPDS saed14rvt        
tapfiller!SAEDRVT14_TAPDS!3405
                          SAEDRVT14_TAPDS saed14rvt        
tapfiller!SAEDRVT14_TAPDS!3406
                          SAEDRVT14_TAPDS saed14rvt        
tapfiller!SAEDRVT14_TAPDS!3407
                          SAEDRVT14_TAPDS saed14rvt        
tapfiller!SAEDRVT14_TAPDS!3408
                          SAEDRVT14_TAPDS saed14rvt        
tapfiller!SAEDRVT14_TAPDS!3409
                          SAEDRVT14_TAPDS saed14rvt        
tapfiller!SAEDRVT14_TAPDS!341
                          SAEDRVT14_TAPDS saed14rvt        
tapfiller!SAEDRVT14_TAPDS!3410
                          SAEDRVT14_TAPDS saed14rvt        
tapfiller!SAEDRVT14_TAPDS!3411
                          SAEDRVT14_TAPDS saed14rvt        
tapfiller!SAEDRVT14_TAPDS!3412
                          SAEDRVT14_TAPDS saed14rvt        
tapfiller!SAEDRVT14_TAPDS!3413
                          SAEDRVT14_TAPDS saed14rvt        
tapfiller!SAEDRVT14_TAPDS!3414
                          SAEDRVT14_TAPDS saed14rvt        
tapfiller!SAEDRVT14_TAPDS!3415
                          SAEDRVT14_TAPDS saed14rvt        
tapfiller!SAEDRVT14_TAPDS!3416
                          SAEDRVT14_TAPDS saed14rvt        
tapfiller!SAEDRVT14_TAPDS!3417
                          SAEDRVT14_TAPDS saed14rvt        
tapfiller!SAEDRVT14_TAPDS!3418
                          SAEDRVT14_TAPDS saed14rvt        
tapfiller!SAEDRVT14_TAPDS!3419
                          SAEDRVT14_TAPDS saed14rvt        
tapfiller!SAEDRVT14_TAPDS!342
                          SAEDRVT14_TAPDS saed14rvt        
tapfiller!SAEDRVT14_TAPDS!3420
                          SAEDRVT14_TAPDS saed14rvt        
tapfiller!SAEDRVT14_TAPDS!3421
                          SAEDRVT14_TAPDS saed14rvt        
tapfiller!SAEDRVT14_TAPDS!3422
                          SAEDRVT14_TAPDS saed14rvt        
tapfiller!SAEDRVT14_TAPDS!3423
                          SAEDRVT14_TAPDS saed14rvt        
tapfiller!SAEDRVT14_TAPDS!3424
                          SAEDRVT14_TAPDS saed14rvt        
tapfiller!SAEDRVT14_TAPDS!3425
                          SAEDRVT14_TAPDS saed14rvt        
tapfiller!SAEDRVT14_TAPDS!3426
                          SAEDRVT14_TAPDS saed14rvt        
tapfiller!SAEDRVT14_TAPDS!3427
                          SAEDRVT14_TAPDS saed14rvt        
tapfiller!SAEDRVT14_TAPDS!3428
                          SAEDRVT14_TAPDS saed14rvt        
tapfiller!SAEDRVT14_TAPDS!3429
                          SAEDRVT14_TAPDS saed14rvt        
tapfiller!SAEDRVT14_TAPDS!343
                          SAEDRVT14_TAPDS saed14rvt        
tapfiller!SAEDRVT14_TAPDS!3430
                          SAEDRVT14_TAPDS saed14rvt        
tapfiller!SAEDRVT14_TAPDS!3431
                          SAEDRVT14_TAPDS saed14rvt        
tapfiller!SAEDRVT14_TAPDS!3432
                          SAEDRVT14_TAPDS saed14rvt        
tapfiller!SAEDRVT14_TAPDS!3433
                          SAEDRVT14_TAPDS saed14rvt        
tapfiller!SAEDRVT14_TAPDS!3434
                          SAEDRVT14_TAPDS saed14rvt        
tapfiller!SAEDRVT14_TAPDS!3435
                          SAEDRVT14_TAPDS saed14rvt        
tapfiller!SAEDRVT14_TAPDS!3436
                          SAEDRVT14_TAPDS saed14rvt        
tapfiller!SAEDRVT14_TAPDS!3437
                          SAEDRVT14_TAPDS saed14rvt        
tapfiller!SAEDRVT14_TAPDS!3438
                          SAEDRVT14_TAPDS saed14rvt        
tapfiller!SAEDRVT14_TAPDS!3439
                          SAEDRVT14_TAPDS saed14rvt        
tapfiller!SAEDRVT14_TAPDS!344
                          SAEDRVT14_TAPDS saed14rvt        
tapfiller!SAEDRVT14_TAPDS!3440
                          SAEDRVT14_TAPDS saed14rvt        
tapfiller!SAEDRVT14_TAPDS!3441
                          SAEDRVT14_TAPDS saed14rvt        
tapfiller!SAEDRVT14_TAPDS!3442
                          SAEDRVT14_TAPDS saed14rvt        
tapfiller!SAEDRVT14_TAPDS!3443
                          SAEDRVT14_TAPDS saed14rvt        
tapfiller!SAEDRVT14_TAPDS!3444
                          SAEDRVT14_TAPDS saed14rvt        
tapfiller!SAEDRVT14_TAPDS!3445
                          SAEDRVT14_TAPDS saed14rvt        
tapfiller!SAEDRVT14_TAPDS!3446
                          SAEDRVT14_TAPDS saed14rvt        
tapfiller!SAEDRVT14_TAPDS!3447
                          SAEDRVT14_TAPDS saed14rvt        
tapfiller!SAEDRVT14_TAPDS!3448
                          SAEDRVT14_TAPDS saed14rvt        
tapfiller!SAEDRVT14_TAPDS!3449
                          SAEDRVT14_TAPDS saed14rvt        
tapfiller!SAEDRVT14_TAPDS!345
                          SAEDRVT14_TAPDS saed14rvt        
tapfiller!SAEDRVT14_TAPDS!3450
                          SAEDRVT14_TAPDS saed14rvt        
tapfiller!SAEDRVT14_TAPDS!3451
                          SAEDRVT14_TAPDS saed14rvt        
tapfiller!SAEDRVT14_TAPDS!3452
                          SAEDRVT14_TAPDS saed14rvt        
tapfiller!SAEDRVT14_TAPDS!3453
                          SAEDRVT14_TAPDS saed14rvt        
tapfiller!SAEDRVT14_TAPDS!3454
                          SAEDRVT14_TAPDS saed14rvt        
tapfiller!SAEDRVT14_TAPDS!3455
                          SAEDRVT14_TAPDS saed14rvt        
tapfiller!SAEDRVT14_TAPDS!3456
                          SAEDRVT14_TAPDS saed14rvt        
tapfiller!SAEDRVT14_TAPDS!3457
                          SAEDRVT14_TAPDS saed14rvt        
tapfiller!SAEDRVT14_TAPDS!3458
                          SAEDRVT14_TAPDS saed14rvt        
tapfiller!SAEDRVT14_TAPDS!3459
                          SAEDRVT14_TAPDS saed14rvt        
tapfiller!SAEDRVT14_TAPDS!346
                          SAEDRVT14_TAPDS saed14rvt        
tapfiller!SAEDRVT14_TAPDS!3460
                          SAEDRVT14_TAPDS saed14rvt        
tapfiller!SAEDRVT14_TAPDS!3461
                          SAEDRVT14_TAPDS saed14rvt        
tapfiller!SAEDRVT14_TAPDS!3462
                          SAEDRVT14_TAPDS saed14rvt        
tapfiller!SAEDRVT14_TAPDS!3463
                          SAEDRVT14_TAPDS saed14rvt        
tapfiller!SAEDRVT14_TAPDS!3464
                          SAEDRVT14_TAPDS saed14rvt        
tapfiller!SAEDRVT14_TAPDS!3465
                          SAEDRVT14_TAPDS saed14rvt        
tapfiller!SAEDRVT14_TAPDS!3466
                          SAEDRVT14_TAPDS saed14rvt        
tapfiller!SAEDRVT14_TAPDS!3467
                          SAEDRVT14_TAPDS saed14rvt        
tapfiller!SAEDRVT14_TAPDS!3468
                          SAEDRVT14_TAPDS saed14rvt        
tapfiller!SAEDRVT14_TAPDS!3469
                          SAEDRVT14_TAPDS saed14rvt        
tapfiller!SAEDRVT14_TAPDS!347
                          SAEDRVT14_TAPDS saed14rvt        
tapfiller!SAEDRVT14_TAPDS!3470
                          SAEDRVT14_TAPDS saed14rvt        
tapfiller!SAEDRVT14_TAPDS!3471
                          SAEDRVT14_TAPDS saed14rvt        
tapfiller!SAEDRVT14_TAPDS!3472
                          SAEDRVT14_TAPDS saed14rvt        
tapfiller!SAEDRVT14_TAPDS!3473
                          SAEDRVT14_TAPDS saed14rvt        
tapfiller!SAEDRVT14_TAPDS!3474
                          SAEDRVT14_TAPDS saed14rvt        
tapfiller!SAEDRVT14_TAPDS!3475
                          SAEDRVT14_TAPDS saed14rvt        
tapfiller!SAEDRVT14_TAPDS!3476
                          SAEDRVT14_TAPDS saed14rvt        
tapfiller!SAEDRVT14_TAPDS!3477
                          SAEDRVT14_TAPDS saed14rvt        
tapfiller!SAEDRVT14_TAPDS!3478
                          SAEDRVT14_TAPDS saed14rvt        
tapfiller!SAEDRVT14_TAPDS!3479
                          SAEDRVT14_TAPDS saed14rvt        
tapfiller!SAEDRVT14_TAPDS!348
                          SAEDRVT14_TAPDS saed14rvt        
tapfiller!SAEDRVT14_TAPDS!3480
                          SAEDRVT14_TAPDS saed14rvt        
tapfiller!SAEDRVT14_TAPDS!3481
                          SAEDRVT14_TAPDS saed14rvt        
tapfiller!SAEDRVT14_TAPDS!3482
                          SAEDRVT14_TAPDS saed14rvt        
tapfiller!SAEDRVT14_TAPDS!3483
                          SAEDRVT14_TAPDS saed14rvt        
tapfiller!SAEDRVT14_TAPDS!3484
                          SAEDRVT14_TAPDS saed14rvt        
tapfiller!SAEDRVT14_TAPDS!3485
                          SAEDRVT14_TAPDS saed14rvt        
tapfiller!SAEDRVT14_TAPDS!3486
                          SAEDRVT14_TAPDS saed14rvt        
tapfiller!SAEDRVT14_TAPDS!3487
                          SAEDRVT14_TAPDS saed14rvt        
tapfiller!SAEDRVT14_TAPDS!3488
                          SAEDRVT14_TAPDS saed14rvt        
tapfiller!SAEDRVT14_TAPDS!3489
                          SAEDRVT14_TAPDS saed14rvt        
tapfiller!SAEDRVT14_TAPDS!349
                          SAEDRVT14_TAPDS saed14rvt        
tapfiller!SAEDRVT14_TAPDS!3490
                          SAEDRVT14_TAPDS saed14rvt        
tapfiller!SAEDRVT14_TAPDS!3491
                          SAEDRVT14_TAPDS saed14rvt        
tapfiller!SAEDRVT14_TAPDS!3492
                          SAEDRVT14_TAPDS saed14rvt        
tapfiller!SAEDRVT14_TAPDS!3493
                          SAEDRVT14_TAPDS saed14rvt        
tapfiller!SAEDRVT14_TAPDS!3494
                          SAEDRVT14_TAPDS saed14rvt        
tapfiller!SAEDRVT14_TAPDS!3495
                          SAEDRVT14_TAPDS saed14rvt        
tapfiller!SAEDRVT14_TAPDS!3496
                          SAEDRVT14_TAPDS saed14rvt        
tapfiller!SAEDRVT14_TAPDS!3497
                          SAEDRVT14_TAPDS saed14rvt        
tapfiller!SAEDRVT14_TAPDS!3498
                          SAEDRVT14_TAPDS saed14rvt        
tapfiller!SAEDRVT14_TAPDS!3499
                          SAEDRVT14_TAPDS saed14rvt        
tapfiller!SAEDRVT14_TAPDS!35
                          SAEDRVT14_TAPDS saed14rvt        
tapfiller!SAEDRVT14_TAPDS!350
                          SAEDRVT14_TAPDS saed14rvt        
tapfiller!SAEDRVT14_TAPDS!3500
                          SAEDRVT14_TAPDS saed14rvt        
tapfiller!SAEDRVT14_TAPDS!3501
                          SAEDRVT14_TAPDS saed14rvt        
tapfiller!SAEDRVT14_TAPDS!3502
                          SAEDRVT14_TAPDS saed14rvt        
tapfiller!SAEDRVT14_TAPDS!3503
                          SAEDRVT14_TAPDS saed14rvt        
tapfiller!SAEDRVT14_TAPDS!3504
                          SAEDRVT14_TAPDS saed14rvt        
tapfiller!SAEDRVT14_TAPDS!3505
                          SAEDRVT14_TAPDS saed14rvt        
tapfiller!SAEDRVT14_TAPDS!3506
                          SAEDRVT14_TAPDS saed14rvt        
tapfiller!SAEDRVT14_TAPDS!3507
                          SAEDRVT14_TAPDS saed14rvt        
tapfiller!SAEDRVT14_TAPDS!3508
                          SAEDRVT14_TAPDS saed14rvt        
tapfiller!SAEDRVT14_TAPDS!3509
                          SAEDRVT14_TAPDS saed14rvt        
tapfiller!SAEDRVT14_TAPDS!351
                          SAEDRVT14_TAPDS saed14rvt        
tapfiller!SAEDRVT14_TAPDS!3510
                          SAEDRVT14_TAPDS saed14rvt        
tapfiller!SAEDRVT14_TAPDS!3511
                          SAEDRVT14_TAPDS saed14rvt        
tapfiller!SAEDRVT14_TAPDS!3512
                          SAEDRVT14_TAPDS saed14rvt        
tapfiller!SAEDRVT14_TAPDS!3513
                          SAEDRVT14_TAPDS saed14rvt        
tapfiller!SAEDRVT14_TAPDS!3514
                          SAEDRVT14_TAPDS saed14rvt        
tapfiller!SAEDRVT14_TAPDS!3515
                          SAEDRVT14_TAPDS saed14rvt        
tapfiller!SAEDRVT14_TAPDS!3516
                          SAEDRVT14_TAPDS saed14rvt        
tapfiller!SAEDRVT14_TAPDS!3517
                          SAEDRVT14_TAPDS saed14rvt        
tapfiller!SAEDRVT14_TAPDS!3518
                          SAEDRVT14_TAPDS saed14rvt        
tapfiller!SAEDRVT14_TAPDS!3519
                          SAEDRVT14_TAPDS saed14rvt        
tapfiller!SAEDRVT14_TAPDS!352
                          SAEDRVT14_TAPDS saed14rvt        
tapfiller!SAEDRVT14_TAPDS!3520
                          SAEDRVT14_TAPDS saed14rvt        
tapfiller!SAEDRVT14_TAPDS!3521
                          SAEDRVT14_TAPDS saed14rvt        
tapfiller!SAEDRVT14_TAPDS!3522
                          SAEDRVT14_TAPDS saed14rvt        
tapfiller!SAEDRVT14_TAPDS!3523
                          SAEDRVT14_TAPDS saed14rvt        
tapfiller!SAEDRVT14_TAPDS!3524
                          SAEDRVT14_TAPDS saed14rvt        
tapfiller!SAEDRVT14_TAPDS!3525
                          SAEDRVT14_TAPDS saed14rvt        
tapfiller!SAEDRVT14_TAPDS!3526
                          SAEDRVT14_TAPDS saed14rvt        
tapfiller!SAEDRVT14_TAPDS!3527
                          SAEDRVT14_TAPDS saed14rvt        
tapfiller!SAEDRVT14_TAPDS!3528
                          SAEDRVT14_TAPDS saed14rvt        
tapfiller!SAEDRVT14_TAPDS!3529
                          SAEDRVT14_TAPDS saed14rvt        
tapfiller!SAEDRVT14_TAPDS!353
                          SAEDRVT14_TAPDS saed14rvt        
tapfiller!SAEDRVT14_TAPDS!3530
                          SAEDRVT14_TAPDS saed14rvt        
tapfiller!SAEDRVT14_TAPDS!3531
                          SAEDRVT14_TAPDS saed14rvt        
tapfiller!SAEDRVT14_TAPDS!3532
                          SAEDRVT14_TAPDS saed14rvt        
tapfiller!SAEDRVT14_TAPDS!3533
                          SAEDRVT14_TAPDS saed14rvt        
tapfiller!SAEDRVT14_TAPDS!3534
                          SAEDRVT14_TAPDS saed14rvt        
tapfiller!SAEDRVT14_TAPDS!3535
                          SAEDRVT14_TAPDS saed14rvt        
tapfiller!SAEDRVT14_TAPDS!3536
                          SAEDRVT14_TAPDS saed14rvt        
tapfiller!SAEDRVT14_TAPDS!3537
                          SAEDRVT14_TAPDS saed14rvt        
tapfiller!SAEDRVT14_TAPDS!3538
                          SAEDRVT14_TAPDS saed14rvt        
tapfiller!SAEDRVT14_TAPDS!3539
                          SAEDRVT14_TAPDS saed14rvt        
tapfiller!SAEDRVT14_TAPDS!354
                          SAEDRVT14_TAPDS saed14rvt        
tapfiller!SAEDRVT14_TAPDS!3540
                          SAEDRVT14_TAPDS saed14rvt        
tapfiller!SAEDRVT14_TAPDS!3541
                          SAEDRVT14_TAPDS saed14rvt        
tapfiller!SAEDRVT14_TAPDS!3542
                          SAEDRVT14_TAPDS saed14rvt        
tapfiller!SAEDRVT14_TAPDS!3543
                          SAEDRVT14_TAPDS saed14rvt        
tapfiller!SAEDRVT14_TAPDS!3544
                          SAEDRVT14_TAPDS saed14rvt        
tapfiller!SAEDRVT14_TAPDS!3545
                          SAEDRVT14_TAPDS saed14rvt        
tapfiller!SAEDRVT14_TAPDS!3546
                          SAEDRVT14_TAPDS saed14rvt        
tapfiller!SAEDRVT14_TAPDS!3547
                          SAEDRVT14_TAPDS saed14rvt        
tapfiller!SAEDRVT14_TAPDS!3548
                          SAEDRVT14_TAPDS saed14rvt        
tapfiller!SAEDRVT14_TAPDS!3549
                          SAEDRVT14_TAPDS saed14rvt        
tapfiller!SAEDRVT14_TAPDS!355
                          SAEDRVT14_TAPDS saed14rvt        
tapfiller!SAEDRVT14_TAPDS!3550
                          SAEDRVT14_TAPDS saed14rvt        
tapfiller!SAEDRVT14_TAPDS!3551
                          SAEDRVT14_TAPDS saed14rvt        
tapfiller!SAEDRVT14_TAPDS!3552
                          SAEDRVT14_TAPDS saed14rvt        
tapfiller!SAEDRVT14_TAPDS!3553
                          SAEDRVT14_TAPDS saed14rvt        
tapfiller!SAEDRVT14_TAPDS!3554
                          SAEDRVT14_TAPDS saed14rvt        
tapfiller!SAEDRVT14_TAPDS!3555
                          SAEDRVT14_TAPDS saed14rvt        
tapfiller!SAEDRVT14_TAPDS!3556
                          SAEDRVT14_TAPDS saed14rvt        
tapfiller!SAEDRVT14_TAPDS!3557
                          SAEDRVT14_TAPDS saed14rvt        
tapfiller!SAEDRVT14_TAPDS!3558
                          SAEDRVT14_TAPDS saed14rvt        
tapfiller!SAEDRVT14_TAPDS!3559
                          SAEDRVT14_TAPDS saed14rvt        
tapfiller!SAEDRVT14_TAPDS!356
                          SAEDRVT14_TAPDS saed14rvt        
tapfiller!SAEDRVT14_TAPDS!3560
                          SAEDRVT14_TAPDS saed14rvt        
tapfiller!SAEDRVT14_TAPDS!3561
                          SAEDRVT14_TAPDS saed14rvt        
tapfiller!SAEDRVT14_TAPDS!3562
                          SAEDRVT14_TAPDS saed14rvt        
tapfiller!SAEDRVT14_TAPDS!3563
                          SAEDRVT14_TAPDS saed14rvt        
tapfiller!SAEDRVT14_TAPDS!3564
                          SAEDRVT14_TAPDS saed14rvt        
tapfiller!SAEDRVT14_TAPDS!3565
                          SAEDRVT14_TAPDS saed14rvt        
tapfiller!SAEDRVT14_TAPDS!3566
                          SAEDRVT14_TAPDS saed14rvt        
tapfiller!SAEDRVT14_TAPDS!3567
                          SAEDRVT14_TAPDS saed14rvt        
tapfiller!SAEDRVT14_TAPDS!3568
                          SAEDRVT14_TAPDS saed14rvt        
tapfiller!SAEDRVT14_TAPDS!3569
                          SAEDRVT14_TAPDS saed14rvt        
tapfiller!SAEDRVT14_TAPDS!357
                          SAEDRVT14_TAPDS saed14rvt        
tapfiller!SAEDRVT14_TAPDS!3570
                          SAEDRVT14_TAPDS saed14rvt        
tapfiller!SAEDRVT14_TAPDS!3571
                          SAEDRVT14_TAPDS saed14rvt        
tapfiller!SAEDRVT14_TAPDS!3572
                          SAEDRVT14_TAPDS saed14rvt        
tapfiller!SAEDRVT14_TAPDS!3573
                          SAEDRVT14_TAPDS saed14rvt        
tapfiller!SAEDRVT14_TAPDS!3574
                          SAEDRVT14_TAPDS saed14rvt        
tapfiller!SAEDRVT14_TAPDS!3575
                          SAEDRVT14_TAPDS saed14rvt        
tapfiller!SAEDRVT14_TAPDS!3576
                          SAEDRVT14_TAPDS saed14rvt        
tapfiller!SAEDRVT14_TAPDS!3577
                          SAEDRVT14_TAPDS saed14rvt        
tapfiller!SAEDRVT14_TAPDS!3578
                          SAEDRVT14_TAPDS saed14rvt        
tapfiller!SAEDRVT14_TAPDS!3579
                          SAEDRVT14_TAPDS saed14rvt        
tapfiller!SAEDRVT14_TAPDS!358
                          SAEDRVT14_TAPDS saed14rvt        
tapfiller!SAEDRVT14_TAPDS!3580
                          SAEDRVT14_TAPDS saed14rvt        
tapfiller!SAEDRVT14_TAPDS!3581
                          SAEDRVT14_TAPDS saed14rvt        
tapfiller!SAEDRVT14_TAPDS!3582
                          SAEDRVT14_TAPDS saed14rvt        
tapfiller!SAEDRVT14_TAPDS!3583
                          SAEDRVT14_TAPDS saed14rvt        
tapfiller!SAEDRVT14_TAPDS!3584
                          SAEDRVT14_TAPDS saed14rvt        
tapfiller!SAEDRVT14_TAPDS!3585
                          SAEDRVT14_TAPDS saed14rvt        
tapfiller!SAEDRVT14_TAPDS!3586
                          SAEDRVT14_TAPDS saed14rvt        
tapfiller!SAEDRVT14_TAPDS!3587
                          SAEDRVT14_TAPDS saed14rvt        
tapfiller!SAEDRVT14_TAPDS!3588
                          SAEDRVT14_TAPDS saed14rvt        
tapfiller!SAEDRVT14_TAPDS!3589
                          SAEDRVT14_TAPDS saed14rvt        
tapfiller!SAEDRVT14_TAPDS!359
                          SAEDRVT14_TAPDS saed14rvt        
tapfiller!SAEDRVT14_TAPDS!3590
                          SAEDRVT14_TAPDS saed14rvt        
tapfiller!SAEDRVT14_TAPDS!3591
                          SAEDRVT14_TAPDS saed14rvt        
tapfiller!SAEDRVT14_TAPDS!3592
                          SAEDRVT14_TAPDS saed14rvt        
tapfiller!SAEDRVT14_TAPDS!3593
                          SAEDRVT14_TAPDS saed14rvt        
tapfiller!SAEDRVT14_TAPDS!3594
                          SAEDRVT14_TAPDS saed14rvt        
tapfiller!SAEDRVT14_TAPDS!3595
                          SAEDRVT14_TAPDS saed14rvt        
tapfiller!SAEDRVT14_TAPDS!3596
                          SAEDRVT14_TAPDS saed14rvt        
tapfiller!SAEDRVT14_TAPDS!3597
                          SAEDRVT14_TAPDS saed14rvt        
tapfiller!SAEDRVT14_TAPDS!3598
                          SAEDRVT14_TAPDS saed14rvt        
tapfiller!SAEDRVT14_TAPDS!3599
                          SAEDRVT14_TAPDS saed14rvt        
tapfiller!SAEDRVT14_TAPDS!36
                          SAEDRVT14_TAPDS saed14rvt        
tapfiller!SAEDRVT14_TAPDS!360
                          SAEDRVT14_TAPDS saed14rvt        
tapfiller!SAEDRVT14_TAPDS!3600
                          SAEDRVT14_TAPDS saed14rvt        
tapfiller!SAEDRVT14_TAPDS!3601
                          SAEDRVT14_TAPDS saed14rvt        
tapfiller!SAEDRVT14_TAPDS!3602
                          SAEDRVT14_TAPDS saed14rvt        
tapfiller!SAEDRVT14_TAPDS!3603
                          SAEDRVT14_TAPDS saed14rvt        
tapfiller!SAEDRVT14_TAPDS!3604
                          SAEDRVT14_TAPDS saed14rvt        
tapfiller!SAEDRVT14_TAPDS!3605
                          SAEDRVT14_TAPDS saed14rvt        
tapfiller!SAEDRVT14_TAPDS!3606
                          SAEDRVT14_TAPDS saed14rvt        
tapfiller!SAEDRVT14_TAPDS!3607
                          SAEDRVT14_TAPDS saed14rvt        
tapfiller!SAEDRVT14_TAPDS!3608
                          SAEDRVT14_TAPDS saed14rvt        
tapfiller!SAEDRVT14_TAPDS!3609
                          SAEDRVT14_TAPDS saed14rvt        
tapfiller!SAEDRVT14_TAPDS!361
                          SAEDRVT14_TAPDS saed14rvt        
tapfiller!SAEDRVT14_TAPDS!3610
                          SAEDRVT14_TAPDS saed14rvt        
tapfiller!SAEDRVT14_TAPDS!3611
                          SAEDRVT14_TAPDS saed14rvt        
tapfiller!SAEDRVT14_TAPDS!3612
                          SAEDRVT14_TAPDS saed14rvt        
tapfiller!SAEDRVT14_TAPDS!3613
                          SAEDRVT14_TAPDS saed14rvt        
tapfiller!SAEDRVT14_TAPDS!3614
                          SAEDRVT14_TAPDS saed14rvt        
tapfiller!SAEDRVT14_TAPDS!3615
                          SAEDRVT14_TAPDS saed14rvt        
tapfiller!SAEDRVT14_TAPDS!3616
                          SAEDRVT14_TAPDS saed14rvt        
tapfiller!SAEDRVT14_TAPDS!3617
                          SAEDRVT14_TAPDS saed14rvt        
tapfiller!SAEDRVT14_TAPDS!3618
                          SAEDRVT14_TAPDS saed14rvt        
tapfiller!SAEDRVT14_TAPDS!3619
                          SAEDRVT14_TAPDS saed14rvt        
tapfiller!SAEDRVT14_TAPDS!362
                          SAEDRVT14_TAPDS saed14rvt        
tapfiller!SAEDRVT14_TAPDS!3620
                          SAEDRVT14_TAPDS saed14rvt        
tapfiller!SAEDRVT14_TAPDS!3621
                          SAEDRVT14_TAPDS saed14rvt        
tapfiller!SAEDRVT14_TAPDS!3622
                          SAEDRVT14_TAPDS saed14rvt        
tapfiller!SAEDRVT14_TAPDS!3623
                          SAEDRVT14_TAPDS saed14rvt        
tapfiller!SAEDRVT14_TAPDS!3624
                          SAEDRVT14_TAPDS saed14rvt        
tapfiller!SAEDRVT14_TAPDS!3625
                          SAEDRVT14_TAPDS saed14rvt        
tapfiller!SAEDRVT14_TAPDS!3626
                          SAEDRVT14_TAPDS saed14rvt        
tapfiller!SAEDRVT14_TAPDS!3627
                          SAEDRVT14_TAPDS saed14rvt        
tapfiller!SAEDRVT14_TAPDS!3628
                          SAEDRVT14_TAPDS saed14rvt        
tapfiller!SAEDRVT14_TAPDS!3629
                          SAEDRVT14_TAPDS saed14rvt        
tapfiller!SAEDRVT14_TAPDS!363
                          SAEDRVT14_TAPDS saed14rvt        
tapfiller!SAEDRVT14_TAPDS!3630
                          SAEDRVT14_TAPDS saed14rvt        
tapfiller!SAEDRVT14_TAPDS!3631
                          SAEDRVT14_TAPDS saed14rvt        
tapfiller!SAEDRVT14_TAPDS!3632
                          SAEDRVT14_TAPDS saed14rvt        
tapfiller!SAEDRVT14_TAPDS!3633
                          SAEDRVT14_TAPDS saed14rvt        
tapfiller!SAEDRVT14_TAPDS!3634
                          SAEDRVT14_TAPDS saed14rvt        
tapfiller!SAEDRVT14_TAPDS!3635
                          SAEDRVT14_TAPDS saed14rvt        
tapfiller!SAEDRVT14_TAPDS!3636
                          SAEDRVT14_TAPDS saed14rvt        
tapfiller!SAEDRVT14_TAPDS!3637
                          SAEDRVT14_TAPDS saed14rvt        
tapfiller!SAEDRVT14_TAPDS!3638
                          SAEDRVT14_TAPDS saed14rvt        
tapfiller!SAEDRVT14_TAPDS!3639
                          SAEDRVT14_TAPDS saed14rvt        
tapfiller!SAEDRVT14_TAPDS!364
                          SAEDRVT14_TAPDS saed14rvt        
tapfiller!SAEDRVT14_TAPDS!3640
                          SAEDRVT14_TAPDS saed14rvt        
tapfiller!SAEDRVT14_TAPDS!3641
                          SAEDRVT14_TAPDS saed14rvt        
tapfiller!SAEDRVT14_TAPDS!3642
                          SAEDRVT14_TAPDS saed14rvt        
tapfiller!SAEDRVT14_TAPDS!3643
                          SAEDRVT14_TAPDS saed14rvt        
tapfiller!SAEDRVT14_TAPDS!3644
                          SAEDRVT14_TAPDS saed14rvt        
tapfiller!SAEDRVT14_TAPDS!3645
                          SAEDRVT14_TAPDS saed14rvt        
tapfiller!SAEDRVT14_TAPDS!3646
                          SAEDRVT14_TAPDS saed14rvt        
tapfiller!SAEDRVT14_TAPDS!3647
                          SAEDRVT14_TAPDS saed14rvt        
tapfiller!SAEDRVT14_TAPDS!3648
                          SAEDRVT14_TAPDS saed14rvt        
tapfiller!SAEDRVT14_TAPDS!3649
                          SAEDRVT14_TAPDS saed14rvt        
tapfiller!SAEDRVT14_TAPDS!365
                          SAEDRVT14_TAPDS saed14rvt        
tapfiller!SAEDRVT14_TAPDS!3650
                          SAEDRVT14_TAPDS saed14rvt        
tapfiller!SAEDRVT14_TAPDS!3651
                          SAEDRVT14_TAPDS saed14rvt        
tapfiller!SAEDRVT14_TAPDS!3652
                          SAEDRVT14_TAPDS saed14rvt        
tapfiller!SAEDRVT14_TAPDS!3653
                          SAEDRVT14_TAPDS saed14rvt        
tapfiller!SAEDRVT14_TAPDS!3654
                          SAEDRVT14_TAPDS saed14rvt        
tapfiller!SAEDRVT14_TAPDS!3655
                          SAEDRVT14_TAPDS saed14rvt        
tapfiller!SAEDRVT14_TAPDS!3656
                          SAEDRVT14_TAPDS saed14rvt        
tapfiller!SAEDRVT14_TAPDS!3657
                          SAEDRVT14_TAPDS saed14rvt        
tapfiller!SAEDRVT14_TAPDS!3658
                          SAEDRVT14_TAPDS saed14rvt        
tapfiller!SAEDRVT14_TAPDS!3659
                          SAEDRVT14_TAPDS saed14rvt        
tapfiller!SAEDRVT14_TAPDS!366
                          SAEDRVT14_TAPDS saed14rvt        
tapfiller!SAEDRVT14_TAPDS!3660
                          SAEDRVT14_TAPDS saed14rvt        
tapfiller!SAEDRVT14_TAPDS!3661
                          SAEDRVT14_TAPDS saed14rvt        
tapfiller!SAEDRVT14_TAPDS!3662
                          SAEDRVT14_TAPDS saed14rvt        
tapfiller!SAEDRVT14_TAPDS!3663
                          SAEDRVT14_TAPDS saed14rvt        
tapfiller!SAEDRVT14_TAPDS!3664
                          SAEDRVT14_TAPDS saed14rvt        
tapfiller!SAEDRVT14_TAPDS!3665
                          SAEDRVT14_TAPDS saed14rvt        
tapfiller!SAEDRVT14_TAPDS!3666
                          SAEDRVT14_TAPDS saed14rvt        
tapfiller!SAEDRVT14_TAPDS!3667
                          SAEDRVT14_TAPDS saed14rvt        
tapfiller!SAEDRVT14_TAPDS!3668
                          SAEDRVT14_TAPDS saed14rvt        
tapfiller!SAEDRVT14_TAPDS!3669
                          SAEDRVT14_TAPDS saed14rvt        
tapfiller!SAEDRVT14_TAPDS!367
                          SAEDRVT14_TAPDS saed14rvt        
tapfiller!SAEDRVT14_TAPDS!3670
                          SAEDRVT14_TAPDS saed14rvt        
tapfiller!SAEDRVT14_TAPDS!3671
                          SAEDRVT14_TAPDS saed14rvt        
tapfiller!SAEDRVT14_TAPDS!3672
                          SAEDRVT14_TAPDS saed14rvt        
tapfiller!SAEDRVT14_TAPDS!3673
                          SAEDRVT14_TAPDS saed14rvt        
tapfiller!SAEDRVT14_TAPDS!3674
                          SAEDRVT14_TAPDS saed14rvt        
tapfiller!SAEDRVT14_TAPDS!3675
                          SAEDRVT14_TAPDS saed14rvt        
tapfiller!SAEDRVT14_TAPDS!3676
                          SAEDRVT14_TAPDS saed14rvt        
tapfiller!SAEDRVT14_TAPDS!3677
                          SAEDRVT14_TAPDS saed14rvt        
tapfiller!SAEDRVT14_TAPDS!3678
                          SAEDRVT14_TAPDS saed14rvt        
tapfiller!SAEDRVT14_TAPDS!3679
                          SAEDRVT14_TAPDS saed14rvt        
tapfiller!SAEDRVT14_TAPDS!368
                          SAEDRVT14_TAPDS saed14rvt        
tapfiller!SAEDRVT14_TAPDS!3680
                          SAEDRVT14_TAPDS saed14rvt        
tapfiller!SAEDRVT14_TAPDS!3681
                          SAEDRVT14_TAPDS saed14rvt        
tapfiller!SAEDRVT14_TAPDS!3682
                          SAEDRVT14_TAPDS saed14rvt        
tapfiller!SAEDRVT14_TAPDS!3683
                          SAEDRVT14_TAPDS saed14rvt        
tapfiller!SAEDRVT14_TAPDS!3684
                          SAEDRVT14_TAPDS saed14rvt        
tapfiller!SAEDRVT14_TAPDS!3685
                          SAEDRVT14_TAPDS saed14rvt        
tapfiller!SAEDRVT14_TAPDS!3686
                          SAEDRVT14_TAPDS saed14rvt        
tapfiller!SAEDRVT14_TAPDS!3687
                          SAEDRVT14_TAPDS saed14rvt        
tapfiller!SAEDRVT14_TAPDS!3688
                          SAEDRVT14_TAPDS saed14rvt        
tapfiller!SAEDRVT14_TAPDS!3689
                          SAEDRVT14_TAPDS saed14rvt        
tapfiller!SAEDRVT14_TAPDS!369
                          SAEDRVT14_TAPDS saed14rvt        
tapfiller!SAEDRVT14_TAPDS!3690
                          SAEDRVT14_TAPDS saed14rvt        
tapfiller!SAEDRVT14_TAPDS!3691
                          SAEDRVT14_TAPDS saed14rvt        
tapfiller!SAEDRVT14_TAPDS!3692
                          SAEDRVT14_TAPDS saed14rvt        
tapfiller!SAEDRVT14_TAPDS!3693
                          SAEDRVT14_TAPDS saed14rvt        
tapfiller!SAEDRVT14_TAPDS!3694
                          SAEDRVT14_TAPDS saed14rvt        
tapfiller!SAEDRVT14_TAPDS!3695
                          SAEDRVT14_TAPDS saed14rvt        
tapfiller!SAEDRVT14_TAPDS!3696
                          SAEDRVT14_TAPDS saed14rvt        
tapfiller!SAEDRVT14_TAPDS!3697
                          SAEDRVT14_TAPDS saed14rvt        
tapfiller!SAEDRVT14_TAPDS!3698
                          SAEDRVT14_TAPDS saed14rvt        
tapfiller!SAEDRVT14_TAPDS!3699
                          SAEDRVT14_TAPDS saed14rvt        
tapfiller!SAEDRVT14_TAPDS!37
                          SAEDRVT14_TAPDS saed14rvt        
tapfiller!SAEDRVT14_TAPDS!370
                          SAEDRVT14_TAPDS saed14rvt        
tapfiller!SAEDRVT14_TAPDS!3700
                          SAEDRVT14_TAPDS saed14rvt        
tapfiller!SAEDRVT14_TAPDS!3701
                          SAEDRVT14_TAPDS saed14rvt        
tapfiller!SAEDRVT14_TAPDS!3702
                          SAEDRVT14_TAPDS saed14rvt        
tapfiller!SAEDRVT14_TAPDS!3703
                          SAEDRVT14_TAPDS saed14rvt        
tapfiller!SAEDRVT14_TAPDS!3704
                          SAEDRVT14_TAPDS saed14rvt        
tapfiller!SAEDRVT14_TAPDS!3705
                          SAEDRVT14_TAPDS saed14rvt        
tapfiller!SAEDRVT14_TAPDS!3706
                          SAEDRVT14_TAPDS saed14rvt        
tapfiller!SAEDRVT14_TAPDS!3707
                          SAEDRVT14_TAPDS saed14rvt        
tapfiller!SAEDRVT14_TAPDS!3708
                          SAEDRVT14_TAPDS saed14rvt        
tapfiller!SAEDRVT14_TAPDS!3709
                          SAEDRVT14_TAPDS saed14rvt        
tapfiller!SAEDRVT14_TAPDS!371
                          SAEDRVT14_TAPDS saed14rvt        
tapfiller!SAEDRVT14_TAPDS!3710
                          SAEDRVT14_TAPDS saed14rvt        
tapfiller!SAEDRVT14_TAPDS!3711
                          SAEDRVT14_TAPDS saed14rvt        
tapfiller!SAEDRVT14_TAPDS!3712
                          SAEDRVT14_TAPDS saed14rvt        
tapfiller!SAEDRVT14_TAPDS!3713
                          SAEDRVT14_TAPDS saed14rvt        
tapfiller!SAEDRVT14_TAPDS!3714
                          SAEDRVT14_TAPDS saed14rvt        
tapfiller!SAEDRVT14_TAPDS!3715
                          SAEDRVT14_TAPDS saed14rvt        
tapfiller!SAEDRVT14_TAPDS!3716
                          SAEDRVT14_TAPDS saed14rvt        
tapfiller!SAEDRVT14_TAPDS!3717
                          SAEDRVT14_TAPDS saed14rvt        
tapfiller!SAEDRVT14_TAPDS!3718
                          SAEDRVT14_TAPDS saed14rvt        
tapfiller!SAEDRVT14_TAPDS!3719
                          SAEDRVT14_TAPDS saed14rvt        
tapfiller!SAEDRVT14_TAPDS!372
                          SAEDRVT14_TAPDS saed14rvt        
tapfiller!SAEDRVT14_TAPDS!3720
                          SAEDRVT14_TAPDS saed14rvt        
tapfiller!SAEDRVT14_TAPDS!3721
                          SAEDRVT14_TAPDS saed14rvt        
tapfiller!SAEDRVT14_TAPDS!3722
                          SAEDRVT14_TAPDS saed14rvt        
tapfiller!SAEDRVT14_TAPDS!3723
                          SAEDRVT14_TAPDS saed14rvt        
tapfiller!SAEDRVT14_TAPDS!3724
                          SAEDRVT14_TAPDS saed14rvt        
tapfiller!SAEDRVT14_TAPDS!3725
                          SAEDRVT14_TAPDS saed14rvt        
tapfiller!SAEDRVT14_TAPDS!3726
                          SAEDRVT14_TAPDS saed14rvt        
tapfiller!SAEDRVT14_TAPDS!3727
                          SAEDRVT14_TAPDS saed14rvt        
tapfiller!SAEDRVT14_TAPDS!3728
                          SAEDRVT14_TAPDS saed14rvt        
tapfiller!SAEDRVT14_TAPDS!3729
                          SAEDRVT14_TAPDS saed14rvt        
tapfiller!SAEDRVT14_TAPDS!373
                          SAEDRVT14_TAPDS saed14rvt        
tapfiller!SAEDRVT14_TAPDS!3730
                          SAEDRVT14_TAPDS saed14rvt        
tapfiller!SAEDRVT14_TAPDS!3731
                          SAEDRVT14_TAPDS saed14rvt        
tapfiller!SAEDRVT14_TAPDS!3732
                          SAEDRVT14_TAPDS saed14rvt        
tapfiller!SAEDRVT14_TAPDS!3733
                          SAEDRVT14_TAPDS saed14rvt        
tapfiller!SAEDRVT14_TAPDS!3734
                          SAEDRVT14_TAPDS saed14rvt        
tapfiller!SAEDRVT14_TAPDS!3735
                          SAEDRVT14_TAPDS saed14rvt        
tapfiller!SAEDRVT14_TAPDS!3736
                          SAEDRVT14_TAPDS saed14rvt        
tapfiller!SAEDRVT14_TAPDS!3737
                          SAEDRVT14_TAPDS saed14rvt        
tapfiller!SAEDRVT14_TAPDS!3738
                          SAEDRVT14_TAPDS saed14rvt        
tapfiller!SAEDRVT14_TAPDS!3739
                          SAEDRVT14_TAPDS saed14rvt        
tapfiller!SAEDRVT14_TAPDS!374
                          SAEDRVT14_TAPDS saed14rvt        
tapfiller!SAEDRVT14_TAPDS!3740
                          SAEDRVT14_TAPDS saed14rvt        
tapfiller!SAEDRVT14_TAPDS!3741
                          SAEDRVT14_TAPDS saed14rvt        
tapfiller!SAEDRVT14_TAPDS!3742
                          SAEDRVT14_TAPDS saed14rvt        
tapfiller!SAEDRVT14_TAPDS!3743
                          SAEDRVT14_TAPDS saed14rvt        
tapfiller!SAEDRVT14_TAPDS!3744
                          SAEDRVT14_TAPDS saed14rvt        
tapfiller!SAEDRVT14_TAPDS!3745
                          SAEDRVT14_TAPDS saed14rvt        
tapfiller!SAEDRVT14_TAPDS!3746
                          SAEDRVT14_TAPDS saed14rvt        
tapfiller!SAEDRVT14_TAPDS!3747
                          SAEDRVT14_TAPDS saed14rvt        
tapfiller!SAEDRVT14_TAPDS!3748
                          SAEDRVT14_TAPDS saed14rvt        
tapfiller!SAEDRVT14_TAPDS!3749
                          SAEDRVT14_TAPDS saed14rvt        
tapfiller!SAEDRVT14_TAPDS!375
                          SAEDRVT14_TAPDS saed14rvt        
tapfiller!SAEDRVT14_TAPDS!3750
                          SAEDRVT14_TAPDS saed14rvt        
tapfiller!SAEDRVT14_TAPDS!3751
                          SAEDRVT14_TAPDS saed14rvt        
tapfiller!SAEDRVT14_TAPDS!3752
                          SAEDRVT14_TAPDS saed14rvt        
tapfiller!SAEDRVT14_TAPDS!3753
                          SAEDRVT14_TAPDS saed14rvt        
tapfiller!SAEDRVT14_TAPDS!3754
                          SAEDRVT14_TAPDS saed14rvt        
tapfiller!SAEDRVT14_TAPDS!3755
                          SAEDRVT14_TAPDS saed14rvt        
tapfiller!SAEDRVT14_TAPDS!3756
                          SAEDRVT14_TAPDS saed14rvt        
tapfiller!SAEDRVT14_TAPDS!3757
                          SAEDRVT14_TAPDS saed14rvt        
tapfiller!SAEDRVT14_TAPDS!3758
                          SAEDRVT14_TAPDS saed14rvt        
tapfiller!SAEDRVT14_TAPDS!3759
                          SAEDRVT14_TAPDS saed14rvt        
tapfiller!SAEDRVT14_TAPDS!376
                          SAEDRVT14_TAPDS saed14rvt        
tapfiller!SAEDRVT14_TAPDS!3760
                          SAEDRVT14_TAPDS saed14rvt        
tapfiller!SAEDRVT14_TAPDS!3761
                          SAEDRVT14_TAPDS saed14rvt        
tapfiller!SAEDRVT14_TAPDS!3762
                          SAEDRVT14_TAPDS saed14rvt        
tapfiller!SAEDRVT14_TAPDS!3763
                          SAEDRVT14_TAPDS saed14rvt        
tapfiller!SAEDRVT14_TAPDS!3764
                          SAEDRVT14_TAPDS saed14rvt        
tapfiller!SAEDRVT14_TAPDS!3765
                          SAEDRVT14_TAPDS saed14rvt        
tapfiller!SAEDRVT14_TAPDS!3766
                          SAEDRVT14_TAPDS saed14rvt        
tapfiller!SAEDRVT14_TAPDS!3767
                          SAEDRVT14_TAPDS saed14rvt        
tapfiller!SAEDRVT14_TAPDS!3768
                          SAEDRVT14_TAPDS saed14rvt        
tapfiller!SAEDRVT14_TAPDS!3769
                          SAEDRVT14_TAPDS saed14rvt        
tapfiller!SAEDRVT14_TAPDS!377
                          SAEDRVT14_TAPDS saed14rvt        
tapfiller!SAEDRVT14_TAPDS!3770
                          SAEDRVT14_TAPDS saed14rvt        
tapfiller!SAEDRVT14_TAPDS!3771
                          SAEDRVT14_TAPDS saed14rvt        
tapfiller!SAEDRVT14_TAPDS!3772
                          SAEDRVT14_TAPDS saed14rvt        
tapfiller!SAEDRVT14_TAPDS!3773
                          SAEDRVT14_TAPDS saed14rvt        
tapfiller!SAEDRVT14_TAPDS!3774
                          SAEDRVT14_TAPDS saed14rvt        
tapfiller!SAEDRVT14_TAPDS!3775
                          SAEDRVT14_TAPDS saed14rvt        
tapfiller!SAEDRVT14_TAPDS!3776
                          SAEDRVT14_TAPDS saed14rvt        
tapfiller!SAEDRVT14_TAPDS!3777
                          SAEDRVT14_TAPDS saed14rvt        
tapfiller!SAEDRVT14_TAPDS!3778
                          SAEDRVT14_TAPDS saed14rvt        
tapfiller!SAEDRVT14_TAPDS!3779
                          SAEDRVT14_TAPDS saed14rvt        
tapfiller!SAEDRVT14_TAPDS!378
                          SAEDRVT14_TAPDS saed14rvt        
tapfiller!SAEDRVT14_TAPDS!3780
                          SAEDRVT14_TAPDS saed14rvt        
tapfiller!SAEDRVT14_TAPDS!3781
                          SAEDRVT14_TAPDS saed14rvt        
tapfiller!SAEDRVT14_TAPDS!3782
                          SAEDRVT14_TAPDS saed14rvt        
tapfiller!SAEDRVT14_TAPDS!3783
                          SAEDRVT14_TAPDS saed14rvt        
tapfiller!SAEDRVT14_TAPDS!3784
                          SAEDRVT14_TAPDS saed14rvt        
tapfiller!SAEDRVT14_TAPDS!3785
                          SAEDRVT14_TAPDS saed14rvt        
tapfiller!SAEDRVT14_TAPDS!3786
                          SAEDRVT14_TAPDS saed14rvt        
tapfiller!SAEDRVT14_TAPDS!3787
                          SAEDRVT14_TAPDS saed14rvt        
tapfiller!SAEDRVT14_TAPDS!3788
                          SAEDRVT14_TAPDS saed14rvt        
tapfiller!SAEDRVT14_TAPDS!3789
                          SAEDRVT14_TAPDS saed14rvt        
tapfiller!SAEDRVT14_TAPDS!379
                          SAEDRVT14_TAPDS saed14rvt        
tapfiller!SAEDRVT14_TAPDS!3790
                          SAEDRVT14_TAPDS saed14rvt        
tapfiller!SAEDRVT14_TAPDS!3791
                          SAEDRVT14_TAPDS saed14rvt        
tapfiller!SAEDRVT14_TAPDS!3792
                          SAEDRVT14_TAPDS saed14rvt        
tapfiller!SAEDRVT14_TAPDS!3793
                          SAEDRVT14_TAPDS saed14rvt        
tapfiller!SAEDRVT14_TAPDS!3794
                          SAEDRVT14_TAPDS saed14rvt        
tapfiller!SAEDRVT14_TAPDS!3795
                          SAEDRVT14_TAPDS saed14rvt        
tapfiller!SAEDRVT14_TAPDS!3796
                          SAEDRVT14_TAPDS saed14rvt        
tapfiller!SAEDRVT14_TAPDS!3797
                          SAEDRVT14_TAPDS saed14rvt        
tapfiller!SAEDRVT14_TAPDS!3798
                          SAEDRVT14_TAPDS saed14rvt        
tapfiller!SAEDRVT14_TAPDS!3799
                          SAEDRVT14_TAPDS saed14rvt        
tapfiller!SAEDRVT14_TAPDS!38
                          SAEDRVT14_TAPDS saed14rvt        
tapfiller!SAEDRVT14_TAPDS!380
                          SAEDRVT14_TAPDS saed14rvt        
tapfiller!SAEDRVT14_TAPDS!3800
                          SAEDRVT14_TAPDS saed14rvt        
tapfiller!SAEDRVT14_TAPDS!3801
                          SAEDRVT14_TAPDS saed14rvt        
tapfiller!SAEDRVT14_TAPDS!3802
                          SAEDRVT14_TAPDS saed14rvt        
tapfiller!SAEDRVT14_TAPDS!3803
                          SAEDRVT14_TAPDS saed14rvt        
tapfiller!SAEDRVT14_TAPDS!3804
                          SAEDRVT14_TAPDS saed14rvt        
tapfiller!SAEDRVT14_TAPDS!3805
                          SAEDRVT14_TAPDS saed14rvt        
tapfiller!SAEDRVT14_TAPDS!3806
                          SAEDRVT14_TAPDS saed14rvt        
tapfiller!SAEDRVT14_TAPDS!3807
                          SAEDRVT14_TAPDS saed14rvt        
tapfiller!SAEDRVT14_TAPDS!3808
                          SAEDRVT14_TAPDS saed14rvt        
tapfiller!SAEDRVT14_TAPDS!3809
                          SAEDRVT14_TAPDS saed14rvt        
tapfiller!SAEDRVT14_TAPDS!381
                          SAEDRVT14_TAPDS saed14rvt        
tapfiller!SAEDRVT14_TAPDS!3810
                          SAEDRVT14_TAPDS saed14rvt        
tapfiller!SAEDRVT14_TAPDS!3811
                          SAEDRVT14_TAPDS saed14rvt        
tapfiller!SAEDRVT14_TAPDS!3812
                          SAEDRVT14_TAPDS saed14rvt        
tapfiller!SAEDRVT14_TAPDS!3813
                          SAEDRVT14_TAPDS saed14rvt        
tapfiller!SAEDRVT14_TAPDS!3814
                          SAEDRVT14_TAPDS saed14rvt        
tapfiller!SAEDRVT14_TAPDS!3815
                          SAEDRVT14_TAPDS saed14rvt        
tapfiller!SAEDRVT14_TAPDS!3816
                          SAEDRVT14_TAPDS saed14rvt        
tapfiller!SAEDRVT14_TAPDS!3817
                          SAEDRVT14_TAPDS saed14rvt        
tapfiller!SAEDRVT14_TAPDS!3818
                          SAEDRVT14_TAPDS saed14rvt        
tapfiller!SAEDRVT14_TAPDS!3819
                          SAEDRVT14_TAPDS saed14rvt        
tapfiller!SAEDRVT14_TAPDS!382
                          SAEDRVT14_TAPDS saed14rvt        
tapfiller!SAEDRVT14_TAPDS!3820
                          SAEDRVT14_TAPDS saed14rvt        
tapfiller!SAEDRVT14_TAPDS!3821
                          SAEDRVT14_TAPDS saed14rvt        
tapfiller!SAEDRVT14_TAPDS!3822
                          SAEDRVT14_TAPDS saed14rvt        
tapfiller!SAEDRVT14_TAPDS!3823
                          SAEDRVT14_TAPDS saed14rvt        
tapfiller!SAEDRVT14_TAPDS!3824
                          SAEDRVT14_TAPDS saed14rvt        
tapfiller!SAEDRVT14_TAPDS!3825
                          SAEDRVT14_TAPDS saed14rvt        
tapfiller!SAEDRVT14_TAPDS!3826
                          SAEDRVT14_TAPDS saed14rvt        
tapfiller!SAEDRVT14_TAPDS!3827
                          SAEDRVT14_TAPDS saed14rvt        
tapfiller!SAEDRVT14_TAPDS!3828
                          SAEDRVT14_TAPDS saed14rvt        
tapfiller!SAEDRVT14_TAPDS!3829
                          SAEDRVT14_TAPDS saed14rvt        
tapfiller!SAEDRVT14_TAPDS!383
                          SAEDRVT14_TAPDS saed14rvt        
tapfiller!SAEDRVT14_TAPDS!3830
                          SAEDRVT14_TAPDS saed14rvt        
tapfiller!SAEDRVT14_TAPDS!3831
                          SAEDRVT14_TAPDS saed14rvt        
tapfiller!SAEDRVT14_TAPDS!3832
                          SAEDRVT14_TAPDS saed14rvt        
tapfiller!SAEDRVT14_TAPDS!3833
                          SAEDRVT14_TAPDS saed14rvt        
tapfiller!SAEDRVT14_TAPDS!3834
                          SAEDRVT14_TAPDS saed14rvt        
tapfiller!SAEDRVT14_TAPDS!3835
                          SAEDRVT14_TAPDS saed14rvt        
tapfiller!SAEDRVT14_TAPDS!3836
                          SAEDRVT14_TAPDS saed14rvt        
tapfiller!SAEDRVT14_TAPDS!3837
                          SAEDRVT14_TAPDS saed14rvt        
tapfiller!SAEDRVT14_TAPDS!3838
                          SAEDRVT14_TAPDS saed14rvt        
tapfiller!SAEDRVT14_TAPDS!3839
                          SAEDRVT14_TAPDS saed14rvt        
tapfiller!SAEDRVT14_TAPDS!384
                          SAEDRVT14_TAPDS saed14rvt        
tapfiller!SAEDRVT14_TAPDS!3840
                          SAEDRVT14_TAPDS saed14rvt        
tapfiller!SAEDRVT14_TAPDS!3841
                          SAEDRVT14_TAPDS saed14rvt        
tapfiller!SAEDRVT14_TAPDS!3842
                          SAEDRVT14_TAPDS saed14rvt        
tapfiller!SAEDRVT14_TAPDS!3843
                          SAEDRVT14_TAPDS saed14rvt        
tapfiller!SAEDRVT14_TAPDS!3844
                          SAEDRVT14_TAPDS saed14rvt        
tapfiller!SAEDRVT14_TAPDS!3845
                          SAEDRVT14_TAPDS saed14rvt        
tapfiller!SAEDRVT14_TAPDS!3846
                          SAEDRVT14_TAPDS saed14rvt        
tapfiller!SAEDRVT14_TAPDS!3847
                          SAEDRVT14_TAPDS saed14rvt        
tapfiller!SAEDRVT14_TAPDS!3848
                          SAEDRVT14_TAPDS saed14rvt        
tapfiller!SAEDRVT14_TAPDS!3849
                          SAEDRVT14_TAPDS saed14rvt        
tapfiller!SAEDRVT14_TAPDS!385
                          SAEDRVT14_TAPDS saed14rvt        
tapfiller!SAEDRVT14_TAPDS!3850
                          SAEDRVT14_TAPDS saed14rvt        
tapfiller!SAEDRVT14_TAPDS!3851
                          SAEDRVT14_TAPDS saed14rvt        
tapfiller!SAEDRVT14_TAPDS!3852
                          SAEDRVT14_TAPDS saed14rvt        
tapfiller!SAEDRVT14_TAPDS!3853
                          SAEDRVT14_TAPDS saed14rvt        
tapfiller!SAEDRVT14_TAPDS!3854
                          SAEDRVT14_TAPDS saed14rvt        
tapfiller!SAEDRVT14_TAPDS!3855
                          SAEDRVT14_TAPDS saed14rvt        
tapfiller!SAEDRVT14_TAPDS!3856
                          SAEDRVT14_TAPDS saed14rvt        
tapfiller!SAEDRVT14_TAPDS!3857
                          SAEDRVT14_TAPDS saed14rvt        
tapfiller!SAEDRVT14_TAPDS!3858
                          SAEDRVT14_TAPDS saed14rvt        
tapfiller!SAEDRVT14_TAPDS!3859
                          SAEDRVT14_TAPDS saed14rvt        
tapfiller!SAEDRVT14_TAPDS!386
                          SAEDRVT14_TAPDS saed14rvt        
tapfiller!SAEDRVT14_TAPDS!3860
                          SAEDRVT14_TAPDS saed14rvt        
tapfiller!SAEDRVT14_TAPDS!3861
                          SAEDRVT14_TAPDS saed14rvt        
tapfiller!SAEDRVT14_TAPDS!3862
                          SAEDRVT14_TAPDS saed14rvt        
tapfiller!SAEDRVT14_TAPDS!3863
                          SAEDRVT14_TAPDS saed14rvt        
tapfiller!SAEDRVT14_TAPDS!3864
                          SAEDRVT14_TAPDS saed14rvt        
tapfiller!SAEDRVT14_TAPDS!3865
                          SAEDRVT14_TAPDS saed14rvt        
tapfiller!SAEDRVT14_TAPDS!3866
                          SAEDRVT14_TAPDS saed14rvt        
tapfiller!SAEDRVT14_TAPDS!3867
                          SAEDRVT14_TAPDS saed14rvt        
tapfiller!SAEDRVT14_TAPDS!3868
                          SAEDRVT14_TAPDS saed14rvt        
tapfiller!SAEDRVT14_TAPDS!3869
                          SAEDRVT14_TAPDS saed14rvt        
tapfiller!SAEDRVT14_TAPDS!387
                          SAEDRVT14_TAPDS saed14rvt        
tapfiller!SAEDRVT14_TAPDS!3870
                          SAEDRVT14_TAPDS saed14rvt        
tapfiller!SAEDRVT14_TAPDS!388
                          SAEDRVT14_TAPDS saed14rvt        
tapfiller!SAEDRVT14_TAPDS!389
                          SAEDRVT14_TAPDS saed14rvt        
tapfiller!SAEDRVT14_TAPDS!39
                          SAEDRVT14_TAPDS saed14rvt        
tapfiller!SAEDRVT14_TAPDS!390
                          SAEDRVT14_TAPDS saed14rvt        
tapfiller!SAEDRVT14_TAPDS!391
                          SAEDRVT14_TAPDS saed14rvt        
tapfiller!SAEDRVT14_TAPDS!392
                          SAEDRVT14_TAPDS saed14rvt        
tapfiller!SAEDRVT14_TAPDS!393
                          SAEDRVT14_TAPDS saed14rvt        
tapfiller!SAEDRVT14_TAPDS!394
                          SAEDRVT14_TAPDS saed14rvt        
tapfiller!SAEDRVT14_TAPDS!395
                          SAEDRVT14_TAPDS saed14rvt        
tapfiller!SAEDRVT14_TAPDS!396
                          SAEDRVT14_TAPDS saed14rvt        
tapfiller!SAEDRVT14_TAPDS!397
                          SAEDRVT14_TAPDS saed14rvt        
tapfiller!SAEDRVT14_TAPDS!398
                          SAEDRVT14_TAPDS saed14rvt        
tapfiller!SAEDRVT14_TAPDS!399
                          SAEDRVT14_TAPDS saed14rvt        
tapfiller!SAEDRVT14_TAPDS!4
                          SAEDRVT14_TAPDS saed14rvt        
tapfiller!SAEDRVT14_TAPDS!40
                          SAEDRVT14_TAPDS saed14rvt        
tapfiller!SAEDRVT14_TAPDS!400
                          SAEDRVT14_TAPDS saed14rvt        
tapfiller!SAEDRVT14_TAPDS!401
                          SAEDRVT14_TAPDS saed14rvt        
tapfiller!SAEDRVT14_TAPDS!402
                          SAEDRVT14_TAPDS saed14rvt        
tapfiller!SAEDRVT14_TAPDS!403
                          SAEDRVT14_TAPDS saed14rvt        
tapfiller!SAEDRVT14_TAPDS!404
                          SAEDRVT14_TAPDS saed14rvt        
tapfiller!SAEDRVT14_TAPDS!405
                          SAEDRVT14_TAPDS saed14rvt        
tapfiller!SAEDRVT14_TAPDS!406
                          SAEDRVT14_TAPDS saed14rvt        
tapfiller!SAEDRVT14_TAPDS!407
                          SAEDRVT14_TAPDS saed14rvt        
tapfiller!SAEDRVT14_TAPDS!408
                          SAEDRVT14_TAPDS saed14rvt        
tapfiller!SAEDRVT14_TAPDS!409
                          SAEDRVT14_TAPDS saed14rvt        
tapfiller!SAEDRVT14_TAPDS!41
                          SAEDRVT14_TAPDS saed14rvt        
tapfiller!SAEDRVT14_TAPDS!410
                          SAEDRVT14_TAPDS saed14rvt        
tapfiller!SAEDRVT14_TAPDS!411
                          SAEDRVT14_TAPDS saed14rvt        
tapfiller!SAEDRVT14_TAPDS!412
                          SAEDRVT14_TAPDS saed14rvt        
tapfiller!SAEDRVT14_TAPDS!413
                          SAEDRVT14_TAPDS saed14rvt        
tapfiller!SAEDRVT14_TAPDS!414
                          SAEDRVT14_TAPDS saed14rvt        
tapfiller!SAEDRVT14_TAPDS!415
                          SAEDRVT14_TAPDS saed14rvt        
tapfiller!SAEDRVT14_TAPDS!416
                          SAEDRVT14_TAPDS saed14rvt        
tapfiller!SAEDRVT14_TAPDS!417
                          SAEDRVT14_TAPDS saed14rvt        
tapfiller!SAEDRVT14_TAPDS!418
                          SAEDRVT14_TAPDS saed14rvt        
tapfiller!SAEDRVT14_TAPDS!419
                          SAEDRVT14_TAPDS saed14rvt        
tapfiller!SAEDRVT14_TAPDS!42
                          SAEDRVT14_TAPDS saed14rvt        
tapfiller!SAEDRVT14_TAPDS!420
                          SAEDRVT14_TAPDS saed14rvt        
tapfiller!SAEDRVT14_TAPDS!421
                          SAEDRVT14_TAPDS saed14rvt        
tapfiller!SAEDRVT14_TAPDS!422
                          SAEDRVT14_TAPDS saed14rvt        
tapfiller!SAEDRVT14_TAPDS!423
                          SAEDRVT14_TAPDS saed14rvt        
tapfiller!SAEDRVT14_TAPDS!424
                          SAEDRVT14_TAPDS saed14rvt        
tapfiller!SAEDRVT14_TAPDS!425
                          SAEDRVT14_TAPDS saed14rvt        
tapfiller!SAEDRVT14_TAPDS!426
                          SAEDRVT14_TAPDS saed14rvt        
tapfiller!SAEDRVT14_TAPDS!427
                          SAEDRVT14_TAPDS saed14rvt        
tapfiller!SAEDRVT14_TAPDS!428
                          SAEDRVT14_TAPDS saed14rvt        
tapfiller!SAEDRVT14_TAPDS!429
                          SAEDRVT14_TAPDS saed14rvt        
tapfiller!SAEDRVT14_TAPDS!43
                          SAEDRVT14_TAPDS saed14rvt        
tapfiller!SAEDRVT14_TAPDS!430
                          SAEDRVT14_TAPDS saed14rvt        
tapfiller!SAEDRVT14_TAPDS!431
                          SAEDRVT14_TAPDS saed14rvt        
tapfiller!SAEDRVT14_TAPDS!432
                          SAEDRVT14_TAPDS saed14rvt        
tapfiller!SAEDRVT14_TAPDS!433
                          SAEDRVT14_TAPDS saed14rvt        
tapfiller!SAEDRVT14_TAPDS!434
                          SAEDRVT14_TAPDS saed14rvt        
tapfiller!SAEDRVT14_TAPDS!435
                          SAEDRVT14_TAPDS saed14rvt        
tapfiller!SAEDRVT14_TAPDS!436
                          SAEDRVT14_TAPDS saed14rvt        
tapfiller!SAEDRVT14_TAPDS!437
                          SAEDRVT14_TAPDS saed14rvt        
tapfiller!SAEDRVT14_TAPDS!438
                          SAEDRVT14_TAPDS saed14rvt        
tapfiller!SAEDRVT14_TAPDS!439
                          SAEDRVT14_TAPDS saed14rvt        
tapfiller!SAEDRVT14_TAPDS!44
                          SAEDRVT14_TAPDS saed14rvt        
tapfiller!SAEDRVT14_TAPDS!440
                          SAEDRVT14_TAPDS saed14rvt        
tapfiller!SAEDRVT14_TAPDS!441
                          SAEDRVT14_TAPDS saed14rvt        
tapfiller!SAEDRVT14_TAPDS!442
                          SAEDRVT14_TAPDS saed14rvt        
tapfiller!SAEDRVT14_TAPDS!443
                          SAEDRVT14_TAPDS saed14rvt        
tapfiller!SAEDRVT14_TAPDS!444
                          SAEDRVT14_TAPDS saed14rvt        
tapfiller!SAEDRVT14_TAPDS!445
                          SAEDRVT14_TAPDS saed14rvt        
tapfiller!SAEDRVT14_TAPDS!446
                          SAEDRVT14_TAPDS saed14rvt        
tapfiller!SAEDRVT14_TAPDS!447
                          SAEDRVT14_TAPDS saed14rvt        
tapfiller!SAEDRVT14_TAPDS!448
                          SAEDRVT14_TAPDS saed14rvt        
tapfiller!SAEDRVT14_TAPDS!449
                          SAEDRVT14_TAPDS saed14rvt        
tapfiller!SAEDRVT14_TAPDS!45
                          SAEDRVT14_TAPDS saed14rvt        
tapfiller!SAEDRVT14_TAPDS!450
                          SAEDRVT14_TAPDS saed14rvt        
tapfiller!SAEDRVT14_TAPDS!451
                          SAEDRVT14_TAPDS saed14rvt        
tapfiller!SAEDRVT14_TAPDS!452
                          SAEDRVT14_TAPDS saed14rvt        
tapfiller!SAEDRVT14_TAPDS!453
                          SAEDRVT14_TAPDS saed14rvt        
tapfiller!SAEDRVT14_TAPDS!454
                          SAEDRVT14_TAPDS saed14rvt        
tapfiller!SAEDRVT14_TAPDS!455
                          SAEDRVT14_TAPDS saed14rvt        
tapfiller!SAEDRVT14_TAPDS!456
                          SAEDRVT14_TAPDS saed14rvt        
tapfiller!SAEDRVT14_TAPDS!457
                          SAEDRVT14_TAPDS saed14rvt        
tapfiller!SAEDRVT14_TAPDS!458
                          SAEDRVT14_TAPDS saed14rvt        
tapfiller!SAEDRVT14_TAPDS!459
                          SAEDRVT14_TAPDS saed14rvt        
tapfiller!SAEDRVT14_TAPDS!46
                          SAEDRVT14_TAPDS saed14rvt        
tapfiller!SAEDRVT14_TAPDS!460
                          SAEDRVT14_TAPDS saed14rvt        
tapfiller!SAEDRVT14_TAPDS!461
                          SAEDRVT14_TAPDS saed14rvt        
tapfiller!SAEDRVT14_TAPDS!462
                          SAEDRVT14_TAPDS saed14rvt        
tapfiller!SAEDRVT14_TAPDS!463
                          SAEDRVT14_TAPDS saed14rvt        
tapfiller!SAEDRVT14_TAPDS!464
                          SAEDRVT14_TAPDS saed14rvt        
tapfiller!SAEDRVT14_TAPDS!465
                          SAEDRVT14_TAPDS saed14rvt        
tapfiller!SAEDRVT14_TAPDS!466
                          SAEDRVT14_TAPDS saed14rvt        
tapfiller!SAEDRVT14_TAPDS!467
                          SAEDRVT14_TAPDS saed14rvt        
tapfiller!SAEDRVT14_TAPDS!468
                          SAEDRVT14_TAPDS saed14rvt        
tapfiller!SAEDRVT14_TAPDS!469
                          SAEDRVT14_TAPDS saed14rvt        
tapfiller!SAEDRVT14_TAPDS!47
                          SAEDRVT14_TAPDS saed14rvt        
tapfiller!SAEDRVT14_TAPDS!470
                          SAEDRVT14_TAPDS saed14rvt        
tapfiller!SAEDRVT14_TAPDS!471
                          SAEDRVT14_TAPDS saed14rvt        
tapfiller!SAEDRVT14_TAPDS!472
                          SAEDRVT14_TAPDS saed14rvt        
tapfiller!SAEDRVT14_TAPDS!473
                          SAEDRVT14_TAPDS saed14rvt        
tapfiller!SAEDRVT14_TAPDS!474
                          SAEDRVT14_TAPDS saed14rvt        
tapfiller!SAEDRVT14_TAPDS!475
                          SAEDRVT14_TAPDS saed14rvt        
tapfiller!SAEDRVT14_TAPDS!476
                          SAEDRVT14_TAPDS saed14rvt        
tapfiller!SAEDRVT14_TAPDS!477
                          SAEDRVT14_TAPDS saed14rvt        
tapfiller!SAEDRVT14_TAPDS!478
                          SAEDRVT14_TAPDS saed14rvt        
tapfiller!SAEDRVT14_TAPDS!479
                          SAEDRVT14_TAPDS saed14rvt        
tapfiller!SAEDRVT14_TAPDS!48
                          SAEDRVT14_TAPDS saed14rvt        
tapfiller!SAEDRVT14_TAPDS!480
                          SAEDRVT14_TAPDS saed14rvt        
tapfiller!SAEDRVT14_TAPDS!481
                          SAEDRVT14_TAPDS saed14rvt        
tapfiller!SAEDRVT14_TAPDS!482
                          SAEDRVT14_TAPDS saed14rvt        
tapfiller!SAEDRVT14_TAPDS!483
                          SAEDRVT14_TAPDS saed14rvt        
tapfiller!SAEDRVT14_TAPDS!484
                          SAEDRVT14_TAPDS saed14rvt        
tapfiller!SAEDRVT14_TAPDS!485
                          SAEDRVT14_TAPDS saed14rvt        
tapfiller!SAEDRVT14_TAPDS!486
                          SAEDRVT14_TAPDS saed14rvt        
tapfiller!SAEDRVT14_TAPDS!487
                          SAEDRVT14_TAPDS saed14rvt        
tapfiller!SAEDRVT14_TAPDS!488
                          SAEDRVT14_TAPDS saed14rvt        
tapfiller!SAEDRVT14_TAPDS!489
                          SAEDRVT14_TAPDS saed14rvt        
tapfiller!SAEDRVT14_TAPDS!49
                          SAEDRVT14_TAPDS saed14rvt        
tapfiller!SAEDRVT14_TAPDS!490
                          SAEDRVT14_TAPDS saed14rvt        
tapfiller!SAEDRVT14_TAPDS!491
                          SAEDRVT14_TAPDS saed14rvt        
tapfiller!SAEDRVT14_TAPDS!492
                          SAEDRVT14_TAPDS saed14rvt        
tapfiller!SAEDRVT14_TAPDS!493
                          SAEDRVT14_TAPDS saed14rvt        
tapfiller!SAEDRVT14_TAPDS!494
                          SAEDRVT14_TAPDS saed14rvt        
tapfiller!SAEDRVT14_TAPDS!495
                          SAEDRVT14_TAPDS saed14rvt        
tapfiller!SAEDRVT14_TAPDS!496
                          SAEDRVT14_TAPDS saed14rvt        
tapfiller!SAEDRVT14_TAPDS!497
                          SAEDRVT14_TAPDS saed14rvt        
tapfiller!SAEDRVT14_TAPDS!498
                          SAEDRVT14_TAPDS saed14rvt        
tapfiller!SAEDRVT14_TAPDS!499
                          SAEDRVT14_TAPDS saed14rvt        
tapfiller!SAEDRVT14_TAPDS!5
                          SAEDRVT14_TAPDS saed14rvt        
tapfiller!SAEDRVT14_TAPDS!50
                          SAEDRVT14_TAPDS saed14rvt        
tapfiller!SAEDRVT14_TAPDS!500
                          SAEDRVT14_TAPDS saed14rvt        
tapfiller!SAEDRVT14_TAPDS!501
                          SAEDRVT14_TAPDS saed14rvt        
tapfiller!SAEDRVT14_TAPDS!502
                          SAEDRVT14_TAPDS saed14rvt        
tapfiller!SAEDRVT14_TAPDS!503
                          SAEDRVT14_TAPDS saed14rvt        
tapfiller!SAEDRVT14_TAPDS!504
                          SAEDRVT14_TAPDS saed14rvt        
tapfiller!SAEDRVT14_TAPDS!505
                          SAEDRVT14_TAPDS saed14rvt        
tapfiller!SAEDRVT14_TAPDS!506
                          SAEDRVT14_TAPDS saed14rvt        
tapfiller!SAEDRVT14_TAPDS!507
                          SAEDRVT14_TAPDS saed14rvt        
tapfiller!SAEDRVT14_TAPDS!508
                          SAEDRVT14_TAPDS saed14rvt        
tapfiller!SAEDRVT14_TAPDS!509
                          SAEDRVT14_TAPDS saed14rvt        
tapfiller!SAEDRVT14_TAPDS!51
                          SAEDRVT14_TAPDS saed14rvt        
tapfiller!SAEDRVT14_TAPDS!510
                          SAEDRVT14_TAPDS saed14rvt        
tapfiller!SAEDRVT14_TAPDS!511
                          SAEDRVT14_TAPDS saed14rvt        
tapfiller!SAEDRVT14_TAPDS!512
                          SAEDRVT14_TAPDS saed14rvt        
tapfiller!SAEDRVT14_TAPDS!513
                          SAEDRVT14_TAPDS saed14rvt        
tapfiller!SAEDRVT14_TAPDS!514
                          SAEDRVT14_TAPDS saed14rvt        
tapfiller!SAEDRVT14_TAPDS!515
                          SAEDRVT14_TAPDS saed14rvt        
tapfiller!SAEDRVT14_TAPDS!516
                          SAEDRVT14_TAPDS saed14rvt        
tapfiller!SAEDRVT14_TAPDS!517
                          SAEDRVT14_TAPDS saed14rvt        
tapfiller!SAEDRVT14_TAPDS!518
                          SAEDRVT14_TAPDS saed14rvt        
tapfiller!SAEDRVT14_TAPDS!519
                          SAEDRVT14_TAPDS saed14rvt        
tapfiller!SAEDRVT14_TAPDS!52
                          SAEDRVT14_TAPDS saed14rvt        
tapfiller!SAEDRVT14_TAPDS!520
                          SAEDRVT14_TAPDS saed14rvt        
tapfiller!SAEDRVT14_TAPDS!521
                          SAEDRVT14_TAPDS saed14rvt        
tapfiller!SAEDRVT14_TAPDS!522
                          SAEDRVT14_TAPDS saed14rvt        
tapfiller!SAEDRVT14_TAPDS!523
                          SAEDRVT14_TAPDS saed14rvt        
tapfiller!SAEDRVT14_TAPDS!524
                          SAEDRVT14_TAPDS saed14rvt        
tapfiller!SAEDRVT14_TAPDS!525
                          SAEDRVT14_TAPDS saed14rvt        
tapfiller!SAEDRVT14_TAPDS!526
                          SAEDRVT14_TAPDS saed14rvt        
tapfiller!SAEDRVT14_TAPDS!527
                          SAEDRVT14_TAPDS saed14rvt        
tapfiller!SAEDRVT14_TAPDS!528
                          SAEDRVT14_TAPDS saed14rvt        
tapfiller!SAEDRVT14_TAPDS!529
                          SAEDRVT14_TAPDS saed14rvt        
tapfiller!SAEDRVT14_TAPDS!53
                          SAEDRVT14_TAPDS saed14rvt        
tapfiller!SAEDRVT14_TAPDS!530
                          SAEDRVT14_TAPDS saed14rvt        
tapfiller!SAEDRVT14_TAPDS!531
                          SAEDRVT14_TAPDS saed14rvt        
tapfiller!SAEDRVT14_TAPDS!532
                          SAEDRVT14_TAPDS saed14rvt        
tapfiller!SAEDRVT14_TAPDS!533
                          SAEDRVT14_TAPDS saed14rvt        
tapfiller!SAEDRVT14_TAPDS!534
                          SAEDRVT14_TAPDS saed14rvt        
tapfiller!SAEDRVT14_TAPDS!535
                          SAEDRVT14_TAPDS saed14rvt        
tapfiller!SAEDRVT14_TAPDS!536
                          SAEDRVT14_TAPDS saed14rvt        
tapfiller!SAEDRVT14_TAPDS!537
                          SAEDRVT14_TAPDS saed14rvt        
tapfiller!SAEDRVT14_TAPDS!538
                          SAEDRVT14_TAPDS saed14rvt        
tapfiller!SAEDRVT14_TAPDS!539
                          SAEDRVT14_TAPDS saed14rvt        
tapfiller!SAEDRVT14_TAPDS!54
                          SAEDRVT14_TAPDS saed14rvt        
tapfiller!SAEDRVT14_TAPDS!540
                          SAEDRVT14_TAPDS saed14rvt        
tapfiller!SAEDRVT14_TAPDS!541
                          SAEDRVT14_TAPDS saed14rvt        
tapfiller!SAEDRVT14_TAPDS!542
                          SAEDRVT14_TAPDS saed14rvt        
tapfiller!SAEDRVT14_TAPDS!543
                          SAEDRVT14_TAPDS saed14rvt        
tapfiller!SAEDRVT14_TAPDS!544
                          SAEDRVT14_TAPDS saed14rvt        
tapfiller!SAEDRVT14_TAPDS!545
                          SAEDRVT14_TAPDS saed14rvt        
tapfiller!SAEDRVT14_TAPDS!546
                          SAEDRVT14_TAPDS saed14rvt        
tapfiller!SAEDRVT14_TAPDS!547
                          SAEDRVT14_TAPDS saed14rvt        
tapfiller!SAEDRVT14_TAPDS!548
                          SAEDRVT14_TAPDS saed14rvt        
tapfiller!SAEDRVT14_TAPDS!549
                          SAEDRVT14_TAPDS saed14rvt        
tapfiller!SAEDRVT14_TAPDS!55
                          SAEDRVT14_TAPDS saed14rvt        
tapfiller!SAEDRVT14_TAPDS!550
                          SAEDRVT14_TAPDS saed14rvt        
tapfiller!SAEDRVT14_TAPDS!551
                          SAEDRVT14_TAPDS saed14rvt        
tapfiller!SAEDRVT14_TAPDS!552
                          SAEDRVT14_TAPDS saed14rvt        
tapfiller!SAEDRVT14_TAPDS!553
                          SAEDRVT14_TAPDS saed14rvt        
tapfiller!SAEDRVT14_TAPDS!554
                          SAEDRVT14_TAPDS saed14rvt        
tapfiller!SAEDRVT14_TAPDS!555
                          SAEDRVT14_TAPDS saed14rvt        
tapfiller!SAEDRVT14_TAPDS!556
                          SAEDRVT14_TAPDS saed14rvt        
tapfiller!SAEDRVT14_TAPDS!557
                          SAEDRVT14_TAPDS saed14rvt        
tapfiller!SAEDRVT14_TAPDS!558
                          SAEDRVT14_TAPDS saed14rvt        
tapfiller!SAEDRVT14_TAPDS!559
                          SAEDRVT14_TAPDS saed14rvt        
tapfiller!SAEDRVT14_TAPDS!56
                          SAEDRVT14_TAPDS saed14rvt        
tapfiller!SAEDRVT14_TAPDS!560
                          SAEDRVT14_TAPDS saed14rvt        
tapfiller!SAEDRVT14_TAPDS!561
                          SAEDRVT14_TAPDS saed14rvt        
tapfiller!SAEDRVT14_TAPDS!562
                          SAEDRVT14_TAPDS saed14rvt        
tapfiller!SAEDRVT14_TAPDS!563
                          SAEDRVT14_TAPDS saed14rvt        
tapfiller!SAEDRVT14_TAPDS!564
                          SAEDRVT14_TAPDS saed14rvt        
tapfiller!SAEDRVT14_TAPDS!565
                          SAEDRVT14_TAPDS saed14rvt        
tapfiller!SAEDRVT14_TAPDS!566
                          SAEDRVT14_TAPDS saed14rvt        
tapfiller!SAEDRVT14_TAPDS!567
                          SAEDRVT14_TAPDS saed14rvt        
tapfiller!SAEDRVT14_TAPDS!568
                          SAEDRVT14_TAPDS saed14rvt        
tapfiller!SAEDRVT14_TAPDS!569
                          SAEDRVT14_TAPDS saed14rvt        
tapfiller!SAEDRVT14_TAPDS!57
                          SAEDRVT14_TAPDS saed14rvt        
tapfiller!SAEDRVT14_TAPDS!570
                          SAEDRVT14_TAPDS saed14rvt        
tapfiller!SAEDRVT14_TAPDS!571
                          SAEDRVT14_TAPDS saed14rvt        
tapfiller!SAEDRVT14_TAPDS!572
                          SAEDRVT14_TAPDS saed14rvt        
tapfiller!SAEDRVT14_TAPDS!573
                          SAEDRVT14_TAPDS saed14rvt        
tapfiller!SAEDRVT14_TAPDS!574
                          SAEDRVT14_TAPDS saed14rvt        
tapfiller!SAEDRVT14_TAPDS!575
                          SAEDRVT14_TAPDS saed14rvt        
tapfiller!SAEDRVT14_TAPDS!576
                          SAEDRVT14_TAPDS saed14rvt        
tapfiller!SAEDRVT14_TAPDS!577
                          SAEDRVT14_TAPDS saed14rvt        
tapfiller!SAEDRVT14_TAPDS!578
                          SAEDRVT14_TAPDS saed14rvt        
tapfiller!SAEDRVT14_TAPDS!579
                          SAEDRVT14_TAPDS saed14rvt        
tapfiller!SAEDRVT14_TAPDS!58
                          SAEDRVT14_TAPDS saed14rvt        
tapfiller!SAEDRVT14_TAPDS!580
                          SAEDRVT14_TAPDS saed14rvt        
tapfiller!SAEDRVT14_TAPDS!581
                          SAEDRVT14_TAPDS saed14rvt        
tapfiller!SAEDRVT14_TAPDS!582
                          SAEDRVT14_TAPDS saed14rvt        
tapfiller!SAEDRVT14_TAPDS!583
                          SAEDRVT14_TAPDS saed14rvt        
tapfiller!SAEDRVT14_TAPDS!584
                          SAEDRVT14_TAPDS saed14rvt        
tapfiller!SAEDRVT14_TAPDS!585
                          SAEDRVT14_TAPDS saed14rvt        
tapfiller!SAEDRVT14_TAPDS!586
                          SAEDRVT14_TAPDS saed14rvt        
tapfiller!SAEDRVT14_TAPDS!587
                          SAEDRVT14_TAPDS saed14rvt        
tapfiller!SAEDRVT14_TAPDS!588
                          SAEDRVT14_TAPDS saed14rvt        
tapfiller!SAEDRVT14_TAPDS!589
                          SAEDRVT14_TAPDS saed14rvt        
tapfiller!SAEDRVT14_TAPDS!59
                          SAEDRVT14_TAPDS saed14rvt        
tapfiller!SAEDRVT14_TAPDS!590
                          SAEDRVT14_TAPDS saed14rvt        
tapfiller!SAEDRVT14_TAPDS!591
                          SAEDRVT14_TAPDS saed14rvt        
tapfiller!SAEDRVT14_TAPDS!592
                          SAEDRVT14_TAPDS saed14rvt        
tapfiller!SAEDRVT14_TAPDS!593
                          SAEDRVT14_TAPDS saed14rvt        
tapfiller!SAEDRVT14_TAPDS!594
                          SAEDRVT14_TAPDS saed14rvt        
tapfiller!SAEDRVT14_TAPDS!595
                          SAEDRVT14_TAPDS saed14rvt        
tapfiller!SAEDRVT14_TAPDS!596
                          SAEDRVT14_TAPDS saed14rvt        
tapfiller!SAEDRVT14_TAPDS!597
                          SAEDRVT14_TAPDS saed14rvt        
tapfiller!SAEDRVT14_TAPDS!598
                          SAEDRVT14_TAPDS saed14rvt        
tapfiller!SAEDRVT14_TAPDS!599
                          SAEDRVT14_TAPDS saed14rvt        
tapfiller!SAEDRVT14_TAPDS!6
                          SAEDRVT14_TAPDS saed14rvt        
tapfiller!SAEDRVT14_TAPDS!60
                          SAEDRVT14_TAPDS saed14rvt        
tapfiller!SAEDRVT14_TAPDS!600
                          SAEDRVT14_TAPDS saed14rvt        
tapfiller!SAEDRVT14_TAPDS!601
                          SAEDRVT14_TAPDS saed14rvt        
tapfiller!SAEDRVT14_TAPDS!602
                          SAEDRVT14_TAPDS saed14rvt        
tapfiller!SAEDRVT14_TAPDS!603
                          SAEDRVT14_TAPDS saed14rvt        
tapfiller!SAEDRVT14_TAPDS!604
                          SAEDRVT14_TAPDS saed14rvt        
tapfiller!SAEDRVT14_TAPDS!605
                          SAEDRVT14_TAPDS saed14rvt        
tapfiller!SAEDRVT14_TAPDS!606
                          SAEDRVT14_TAPDS saed14rvt        
tapfiller!SAEDRVT14_TAPDS!607
                          SAEDRVT14_TAPDS saed14rvt        
tapfiller!SAEDRVT14_TAPDS!608
                          SAEDRVT14_TAPDS saed14rvt        
tapfiller!SAEDRVT14_TAPDS!609
                          SAEDRVT14_TAPDS saed14rvt        
tapfiller!SAEDRVT14_TAPDS!61
                          SAEDRVT14_TAPDS saed14rvt        
tapfiller!SAEDRVT14_TAPDS!610
                          SAEDRVT14_TAPDS saed14rvt        
tapfiller!SAEDRVT14_TAPDS!611
                          SAEDRVT14_TAPDS saed14rvt        
tapfiller!SAEDRVT14_TAPDS!612
                          SAEDRVT14_TAPDS saed14rvt        
tapfiller!SAEDRVT14_TAPDS!613
                          SAEDRVT14_TAPDS saed14rvt        
tapfiller!SAEDRVT14_TAPDS!614
                          SAEDRVT14_TAPDS saed14rvt        
tapfiller!SAEDRVT14_TAPDS!615
                          SAEDRVT14_TAPDS saed14rvt        
tapfiller!SAEDRVT14_TAPDS!616
                          SAEDRVT14_TAPDS saed14rvt        
tapfiller!SAEDRVT14_TAPDS!617
                          SAEDRVT14_TAPDS saed14rvt        
tapfiller!SAEDRVT14_TAPDS!618
                          SAEDRVT14_TAPDS saed14rvt        
tapfiller!SAEDRVT14_TAPDS!619
                          SAEDRVT14_TAPDS saed14rvt        
tapfiller!SAEDRVT14_TAPDS!62
                          SAEDRVT14_TAPDS saed14rvt        
tapfiller!SAEDRVT14_TAPDS!620
                          SAEDRVT14_TAPDS saed14rvt        
tapfiller!SAEDRVT14_TAPDS!621
                          SAEDRVT14_TAPDS saed14rvt        
tapfiller!SAEDRVT14_TAPDS!622
                          SAEDRVT14_TAPDS saed14rvt        
tapfiller!SAEDRVT14_TAPDS!623
                          SAEDRVT14_TAPDS saed14rvt        
tapfiller!SAEDRVT14_TAPDS!624
                          SAEDRVT14_TAPDS saed14rvt        
tapfiller!SAEDRVT14_TAPDS!625
                          SAEDRVT14_TAPDS saed14rvt        
tapfiller!SAEDRVT14_TAPDS!626
                          SAEDRVT14_TAPDS saed14rvt        
tapfiller!SAEDRVT14_TAPDS!627
                          SAEDRVT14_TAPDS saed14rvt        
tapfiller!SAEDRVT14_TAPDS!628
                          SAEDRVT14_TAPDS saed14rvt        
tapfiller!SAEDRVT14_TAPDS!629
                          SAEDRVT14_TAPDS saed14rvt        
tapfiller!SAEDRVT14_TAPDS!63
                          SAEDRVT14_TAPDS saed14rvt        
tapfiller!SAEDRVT14_TAPDS!630
                          SAEDRVT14_TAPDS saed14rvt        
tapfiller!SAEDRVT14_TAPDS!631
                          SAEDRVT14_TAPDS saed14rvt        
tapfiller!SAEDRVT14_TAPDS!632
                          SAEDRVT14_TAPDS saed14rvt        
tapfiller!SAEDRVT14_TAPDS!633
                          SAEDRVT14_TAPDS saed14rvt        
tapfiller!SAEDRVT14_TAPDS!634
                          SAEDRVT14_TAPDS saed14rvt        
tapfiller!SAEDRVT14_TAPDS!635
                          SAEDRVT14_TAPDS saed14rvt        
tapfiller!SAEDRVT14_TAPDS!636
                          SAEDRVT14_TAPDS saed14rvt        
tapfiller!SAEDRVT14_TAPDS!637
                          SAEDRVT14_TAPDS saed14rvt        
tapfiller!SAEDRVT14_TAPDS!638
                          SAEDRVT14_TAPDS saed14rvt        
tapfiller!SAEDRVT14_TAPDS!639
                          SAEDRVT14_TAPDS saed14rvt        
tapfiller!SAEDRVT14_TAPDS!64
                          SAEDRVT14_TAPDS saed14rvt        
tapfiller!SAEDRVT14_TAPDS!640
                          SAEDRVT14_TAPDS saed14rvt        
tapfiller!SAEDRVT14_TAPDS!641
                          SAEDRVT14_TAPDS saed14rvt        
tapfiller!SAEDRVT14_TAPDS!642
                          SAEDRVT14_TAPDS saed14rvt        
tapfiller!SAEDRVT14_TAPDS!643
                          SAEDRVT14_TAPDS saed14rvt        
tapfiller!SAEDRVT14_TAPDS!644
                          SAEDRVT14_TAPDS saed14rvt        
tapfiller!SAEDRVT14_TAPDS!645
                          SAEDRVT14_TAPDS saed14rvt        
tapfiller!SAEDRVT14_TAPDS!646
                          SAEDRVT14_TAPDS saed14rvt        
tapfiller!SAEDRVT14_TAPDS!647
                          SAEDRVT14_TAPDS saed14rvt        
tapfiller!SAEDRVT14_TAPDS!648
                          SAEDRVT14_TAPDS saed14rvt        
tapfiller!SAEDRVT14_TAPDS!649
                          SAEDRVT14_TAPDS saed14rvt        
tapfiller!SAEDRVT14_TAPDS!65
                          SAEDRVT14_TAPDS saed14rvt        
tapfiller!SAEDRVT14_TAPDS!650
                          SAEDRVT14_TAPDS saed14rvt        
tapfiller!SAEDRVT14_TAPDS!651
                          SAEDRVT14_TAPDS saed14rvt        
tapfiller!SAEDRVT14_TAPDS!652
                          SAEDRVT14_TAPDS saed14rvt        
tapfiller!SAEDRVT14_TAPDS!653
                          SAEDRVT14_TAPDS saed14rvt        
tapfiller!SAEDRVT14_TAPDS!654
                          SAEDRVT14_TAPDS saed14rvt        
tapfiller!SAEDRVT14_TAPDS!655
                          SAEDRVT14_TAPDS saed14rvt        
tapfiller!SAEDRVT14_TAPDS!656
                          SAEDRVT14_TAPDS saed14rvt        
tapfiller!SAEDRVT14_TAPDS!657
                          SAEDRVT14_TAPDS saed14rvt        
tapfiller!SAEDRVT14_TAPDS!658
                          SAEDRVT14_TAPDS saed14rvt        
tapfiller!SAEDRVT14_TAPDS!659
                          SAEDRVT14_TAPDS saed14rvt        
tapfiller!SAEDRVT14_TAPDS!66
                          SAEDRVT14_TAPDS saed14rvt        
tapfiller!SAEDRVT14_TAPDS!660
                          SAEDRVT14_TAPDS saed14rvt        
tapfiller!SAEDRVT14_TAPDS!661
                          SAEDRVT14_TAPDS saed14rvt        
tapfiller!SAEDRVT14_TAPDS!662
                          SAEDRVT14_TAPDS saed14rvt        
tapfiller!SAEDRVT14_TAPDS!663
                          SAEDRVT14_TAPDS saed14rvt        
tapfiller!SAEDRVT14_TAPDS!664
                          SAEDRVT14_TAPDS saed14rvt        
tapfiller!SAEDRVT14_TAPDS!665
                          SAEDRVT14_TAPDS saed14rvt        
tapfiller!SAEDRVT14_TAPDS!666
                          SAEDRVT14_TAPDS saed14rvt        
tapfiller!SAEDRVT14_TAPDS!667
                          SAEDRVT14_TAPDS saed14rvt        
tapfiller!SAEDRVT14_TAPDS!668
                          SAEDRVT14_TAPDS saed14rvt        
tapfiller!SAEDRVT14_TAPDS!669
                          SAEDRVT14_TAPDS saed14rvt        
tapfiller!SAEDRVT14_TAPDS!67
                          SAEDRVT14_TAPDS saed14rvt        
tapfiller!SAEDRVT14_TAPDS!670
                          SAEDRVT14_TAPDS saed14rvt        
tapfiller!SAEDRVT14_TAPDS!671
                          SAEDRVT14_TAPDS saed14rvt        
tapfiller!SAEDRVT14_TAPDS!672
                          SAEDRVT14_TAPDS saed14rvt        
tapfiller!SAEDRVT14_TAPDS!673
                          SAEDRVT14_TAPDS saed14rvt        
tapfiller!SAEDRVT14_TAPDS!674
                          SAEDRVT14_TAPDS saed14rvt        
tapfiller!SAEDRVT14_TAPDS!675
                          SAEDRVT14_TAPDS saed14rvt        
tapfiller!SAEDRVT14_TAPDS!676
                          SAEDRVT14_TAPDS saed14rvt        
tapfiller!SAEDRVT14_TAPDS!677
                          SAEDRVT14_TAPDS saed14rvt        
tapfiller!SAEDRVT14_TAPDS!678
                          SAEDRVT14_TAPDS saed14rvt        
tapfiller!SAEDRVT14_TAPDS!679
                          SAEDRVT14_TAPDS saed14rvt        
tapfiller!SAEDRVT14_TAPDS!68
                          SAEDRVT14_TAPDS saed14rvt        
tapfiller!SAEDRVT14_TAPDS!680
                          SAEDRVT14_TAPDS saed14rvt        
tapfiller!SAEDRVT14_TAPDS!681
                          SAEDRVT14_TAPDS saed14rvt        
tapfiller!SAEDRVT14_TAPDS!682
                          SAEDRVT14_TAPDS saed14rvt        
tapfiller!SAEDRVT14_TAPDS!683
                          SAEDRVT14_TAPDS saed14rvt        
tapfiller!SAEDRVT14_TAPDS!684
                          SAEDRVT14_TAPDS saed14rvt        
tapfiller!SAEDRVT14_TAPDS!685
                          SAEDRVT14_TAPDS saed14rvt        
tapfiller!SAEDRVT14_TAPDS!686
                          SAEDRVT14_TAPDS saed14rvt        
tapfiller!SAEDRVT14_TAPDS!687
                          SAEDRVT14_TAPDS saed14rvt        
tapfiller!SAEDRVT14_TAPDS!688
                          SAEDRVT14_TAPDS saed14rvt        
tapfiller!SAEDRVT14_TAPDS!689
                          SAEDRVT14_TAPDS saed14rvt        
tapfiller!SAEDRVT14_TAPDS!69
                          SAEDRVT14_TAPDS saed14rvt        
tapfiller!SAEDRVT14_TAPDS!690
                          SAEDRVT14_TAPDS saed14rvt        
tapfiller!SAEDRVT14_TAPDS!691
                          SAEDRVT14_TAPDS saed14rvt        
tapfiller!SAEDRVT14_TAPDS!692
                          SAEDRVT14_TAPDS saed14rvt        
tapfiller!SAEDRVT14_TAPDS!693
                          SAEDRVT14_TAPDS saed14rvt        
tapfiller!SAEDRVT14_TAPDS!694
                          SAEDRVT14_TAPDS saed14rvt        
tapfiller!SAEDRVT14_TAPDS!695
                          SAEDRVT14_TAPDS saed14rvt        
tapfiller!SAEDRVT14_TAPDS!696
                          SAEDRVT14_TAPDS saed14rvt        
tapfiller!SAEDRVT14_TAPDS!697
                          SAEDRVT14_TAPDS saed14rvt        
tapfiller!SAEDRVT14_TAPDS!698
                          SAEDRVT14_TAPDS saed14rvt        
tapfiller!SAEDRVT14_TAPDS!699
                          SAEDRVT14_TAPDS saed14rvt        
tapfiller!SAEDRVT14_TAPDS!7
                          SAEDRVT14_TAPDS saed14rvt        
tapfiller!SAEDRVT14_TAPDS!70
                          SAEDRVT14_TAPDS saed14rvt        
tapfiller!SAEDRVT14_TAPDS!700
                          SAEDRVT14_TAPDS saed14rvt        
tapfiller!SAEDRVT14_TAPDS!701
                          SAEDRVT14_TAPDS saed14rvt        
tapfiller!SAEDRVT14_TAPDS!702
                          SAEDRVT14_TAPDS saed14rvt        
tapfiller!SAEDRVT14_TAPDS!703
                          SAEDRVT14_TAPDS saed14rvt        
tapfiller!SAEDRVT14_TAPDS!704
                          SAEDRVT14_TAPDS saed14rvt        
tapfiller!SAEDRVT14_TAPDS!705
                          SAEDRVT14_TAPDS saed14rvt        
tapfiller!SAEDRVT14_TAPDS!706
                          SAEDRVT14_TAPDS saed14rvt        
tapfiller!SAEDRVT14_TAPDS!707
                          SAEDRVT14_TAPDS saed14rvt        
tapfiller!SAEDRVT14_TAPDS!708
                          SAEDRVT14_TAPDS saed14rvt        
tapfiller!SAEDRVT14_TAPDS!709
                          SAEDRVT14_TAPDS saed14rvt        
tapfiller!SAEDRVT14_TAPDS!71
                          SAEDRVT14_TAPDS saed14rvt        
tapfiller!SAEDRVT14_TAPDS!710
                          SAEDRVT14_TAPDS saed14rvt        
tapfiller!SAEDRVT14_TAPDS!711
                          SAEDRVT14_TAPDS saed14rvt        
tapfiller!SAEDRVT14_TAPDS!712
                          SAEDRVT14_TAPDS saed14rvt        
tapfiller!SAEDRVT14_TAPDS!713
                          SAEDRVT14_TAPDS saed14rvt        
tapfiller!SAEDRVT14_TAPDS!714
                          SAEDRVT14_TAPDS saed14rvt        
tapfiller!SAEDRVT14_TAPDS!715
                          SAEDRVT14_TAPDS saed14rvt        
tapfiller!SAEDRVT14_TAPDS!716
                          SAEDRVT14_TAPDS saed14rvt        
tapfiller!SAEDRVT14_TAPDS!717
                          SAEDRVT14_TAPDS saed14rvt        
tapfiller!SAEDRVT14_TAPDS!718
                          SAEDRVT14_TAPDS saed14rvt        
tapfiller!SAEDRVT14_TAPDS!719
                          SAEDRVT14_TAPDS saed14rvt        
tapfiller!SAEDRVT14_TAPDS!72
                          SAEDRVT14_TAPDS saed14rvt        
tapfiller!SAEDRVT14_TAPDS!720
                          SAEDRVT14_TAPDS saed14rvt        
tapfiller!SAEDRVT14_TAPDS!721
                          SAEDRVT14_TAPDS saed14rvt        
tapfiller!SAEDRVT14_TAPDS!722
                          SAEDRVT14_TAPDS saed14rvt        
tapfiller!SAEDRVT14_TAPDS!723
                          SAEDRVT14_TAPDS saed14rvt        
tapfiller!SAEDRVT14_TAPDS!724
                          SAEDRVT14_TAPDS saed14rvt        
tapfiller!SAEDRVT14_TAPDS!725
                          SAEDRVT14_TAPDS saed14rvt        
tapfiller!SAEDRVT14_TAPDS!726
                          SAEDRVT14_TAPDS saed14rvt        
tapfiller!SAEDRVT14_TAPDS!727
                          SAEDRVT14_TAPDS saed14rvt        
tapfiller!SAEDRVT14_TAPDS!728
                          SAEDRVT14_TAPDS saed14rvt        
tapfiller!SAEDRVT14_TAPDS!729
                          SAEDRVT14_TAPDS saed14rvt        
tapfiller!SAEDRVT14_TAPDS!73
                          SAEDRVT14_TAPDS saed14rvt        
tapfiller!SAEDRVT14_TAPDS!730
                          SAEDRVT14_TAPDS saed14rvt        
tapfiller!SAEDRVT14_TAPDS!731
                          SAEDRVT14_TAPDS saed14rvt        
tapfiller!SAEDRVT14_TAPDS!732
                          SAEDRVT14_TAPDS saed14rvt        
tapfiller!SAEDRVT14_TAPDS!733
                          SAEDRVT14_TAPDS saed14rvt        
tapfiller!SAEDRVT14_TAPDS!734
                          SAEDRVT14_TAPDS saed14rvt        
tapfiller!SAEDRVT14_TAPDS!735
                          SAEDRVT14_TAPDS saed14rvt        
tapfiller!SAEDRVT14_TAPDS!736
                          SAEDRVT14_TAPDS saed14rvt        
tapfiller!SAEDRVT14_TAPDS!737
                          SAEDRVT14_TAPDS saed14rvt        
tapfiller!SAEDRVT14_TAPDS!738
                          SAEDRVT14_TAPDS saed14rvt        
tapfiller!SAEDRVT14_TAPDS!739
                          SAEDRVT14_TAPDS saed14rvt        
tapfiller!SAEDRVT14_TAPDS!74
                          SAEDRVT14_TAPDS saed14rvt        
tapfiller!SAEDRVT14_TAPDS!740
                          SAEDRVT14_TAPDS saed14rvt        
tapfiller!SAEDRVT14_TAPDS!741
                          SAEDRVT14_TAPDS saed14rvt        
tapfiller!SAEDRVT14_TAPDS!742
                          SAEDRVT14_TAPDS saed14rvt        
tapfiller!SAEDRVT14_TAPDS!743
                          SAEDRVT14_TAPDS saed14rvt        
tapfiller!SAEDRVT14_TAPDS!744
                          SAEDRVT14_TAPDS saed14rvt        
tapfiller!SAEDRVT14_TAPDS!745
                          SAEDRVT14_TAPDS saed14rvt        
tapfiller!SAEDRVT14_TAPDS!746
                          SAEDRVT14_TAPDS saed14rvt        
tapfiller!SAEDRVT14_TAPDS!747
                          SAEDRVT14_TAPDS saed14rvt        
tapfiller!SAEDRVT14_TAPDS!748
                          SAEDRVT14_TAPDS saed14rvt        
tapfiller!SAEDRVT14_TAPDS!749
                          SAEDRVT14_TAPDS saed14rvt        
tapfiller!SAEDRVT14_TAPDS!75
                          SAEDRVT14_TAPDS saed14rvt        
tapfiller!SAEDRVT14_TAPDS!750
                          SAEDRVT14_TAPDS saed14rvt        
tapfiller!SAEDRVT14_TAPDS!751
                          SAEDRVT14_TAPDS saed14rvt        
tapfiller!SAEDRVT14_TAPDS!752
                          SAEDRVT14_TAPDS saed14rvt        
tapfiller!SAEDRVT14_TAPDS!753
                          SAEDRVT14_TAPDS saed14rvt        
tapfiller!SAEDRVT14_TAPDS!754
                          SAEDRVT14_TAPDS saed14rvt        
tapfiller!SAEDRVT14_TAPDS!755
                          SAEDRVT14_TAPDS saed14rvt        
tapfiller!SAEDRVT14_TAPDS!756
                          SAEDRVT14_TAPDS saed14rvt        
tapfiller!SAEDRVT14_TAPDS!757
                          SAEDRVT14_TAPDS saed14rvt        
tapfiller!SAEDRVT14_TAPDS!758
                          SAEDRVT14_TAPDS saed14rvt        
tapfiller!SAEDRVT14_TAPDS!759
                          SAEDRVT14_TAPDS saed14rvt        
tapfiller!SAEDRVT14_TAPDS!76
                          SAEDRVT14_TAPDS saed14rvt        
tapfiller!SAEDRVT14_TAPDS!760
                          SAEDRVT14_TAPDS saed14rvt        
tapfiller!SAEDRVT14_TAPDS!761
                          SAEDRVT14_TAPDS saed14rvt        
tapfiller!SAEDRVT14_TAPDS!762
                          SAEDRVT14_TAPDS saed14rvt        
tapfiller!SAEDRVT14_TAPDS!763
                          SAEDRVT14_TAPDS saed14rvt        
tapfiller!SAEDRVT14_TAPDS!764
                          SAEDRVT14_TAPDS saed14rvt        
tapfiller!SAEDRVT14_TAPDS!765
                          SAEDRVT14_TAPDS saed14rvt        
tapfiller!SAEDRVT14_TAPDS!766
                          SAEDRVT14_TAPDS saed14rvt        
tapfiller!SAEDRVT14_TAPDS!767
                          SAEDRVT14_TAPDS saed14rvt        
tapfiller!SAEDRVT14_TAPDS!768
                          SAEDRVT14_TAPDS saed14rvt        
tapfiller!SAEDRVT14_TAPDS!769
                          SAEDRVT14_TAPDS saed14rvt        
tapfiller!SAEDRVT14_TAPDS!77
                          SAEDRVT14_TAPDS saed14rvt        
tapfiller!SAEDRVT14_TAPDS!770
                          SAEDRVT14_TAPDS saed14rvt        
tapfiller!SAEDRVT14_TAPDS!771
                          SAEDRVT14_TAPDS saed14rvt        
tapfiller!SAEDRVT14_TAPDS!772
                          SAEDRVT14_TAPDS saed14rvt        
tapfiller!SAEDRVT14_TAPDS!773
                          SAEDRVT14_TAPDS saed14rvt        
tapfiller!SAEDRVT14_TAPDS!774
                          SAEDRVT14_TAPDS saed14rvt        
tapfiller!SAEDRVT14_TAPDS!775
                          SAEDRVT14_TAPDS saed14rvt        
tapfiller!SAEDRVT14_TAPDS!776
                          SAEDRVT14_TAPDS saed14rvt        
tapfiller!SAEDRVT14_TAPDS!777
                          SAEDRVT14_TAPDS saed14rvt        
tapfiller!SAEDRVT14_TAPDS!778
                          SAEDRVT14_TAPDS saed14rvt        
tapfiller!SAEDRVT14_TAPDS!779
                          SAEDRVT14_TAPDS saed14rvt        
tapfiller!SAEDRVT14_TAPDS!78
                          SAEDRVT14_TAPDS saed14rvt        
tapfiller!SAEDRVT14_TAPDS!780
                          SAEDRVT14_TAPDS saed14rvt        
tapfiller!SAEDRVT14_TAPDS!781
                          SAEDRVT14_TAPDS saed14rvt        
tapfiller!SAEDRVT14_TAPDS!782
                          SAEDRVT14_TAPDS saed14rvt        
tapfiller!SAEDRVT14_TAPDS!783
                          SAEDRVT14_TAPDS saed14rvt        
tapfiller!SAEDRVT14_TAPDS!784
                          SAEDRVT14_TAPDS saed14rvt        
tapfiller!SAEDRVT14_TAPDS!785
                          SAEDRVT14_TAPDS saed14rvt        
tapfiller!SAEDRVT14_TAPDS!786
                          SAEDRVT14_TAPDS saed14rvt        
tapfiller!SAEDRVT14_TAPDS!787
                          SAEDRVT14_TAPDS saed14rvt        
tapfiller!SAEDRVT14_TAPDS!788
                          SAEDRVT14_TAPDS saed14rvt        
tapfiller!SAEDRVT14_TAPDS!789
                          SAEDRVT14_TAPDS saed14rvt        
tapfiller!SAEDRVT14_TAPDS!79
                          SAEDRVT14_TAPDS saed14rvt        
tapfiller!SAEDRVT14_TAPDS!790
                          SAEDRVT14_TAPDS saed14rvt        
tapfiller!SAEDRVT14_TAPDS!791
                          SAEDRVT14_TAPDS saed14rvt        
tapfiller!SAEDRVT14_TAPDS!792
                          SAEDRVT14_TAPDS saed14rvt        
tapfiller!SAEDRVT14_TAPDS!793
                          SAEDRVT14_TAPDS saed14rvt        
tapfiller!SAEDRVT14_TAPDS!794
                          SAEDRVT14_TAPDS saed14rvt        
tapfiller!SAEDRVT14_TAPDS!795
                          SAEDRVT14_TAPDS saed14rvt        
tapfiller!SAEDRVT14_TAPDS!796
                          SAEDRVT14_TAPDS saed14rvt        
tapfiller!SAEDRVT14_TAPDS!797
                          SAEDRVT14_TAPDS saed14rvt        
tapfiller!SAEDRVT14_TAPDS!798
                          SAEDRVT14_TAPDS saed14rvt        
tapfiller!SAEDRVT14_TAPDS!799
                          SAEDRVT14_TAPDS saed14rvt        
tapfiller!SAEDRVT14_TAPDS!8
                          SAEDRVT14_TAPDS saed14rvt        
tapfiller!SAEDRVT14_TAPDS!80
                          SAEDRVT14_TAPDS saed14rvt        
tapfiller!SAEDRVT14_TAPDS!800
                          SAEDRVT14_TAPDS saed14rvt        
tapfiller!SAEDRVT14_TAPDS!801
                          SAEDRVT14_TAPDS saed14rvt        
tapfiller!SAEDRVT14_TAPDS!802
                          SAEDRVT14_TAPDS saed14rvt        
tapfiller!SAEDRVT14_TAPDS!803
                          SAEDRVT14_TAPDS saed14rvt        
tapfiller!SAEDRVT14_TAPDS!804
                          SAEDRVT14_TAPDS saed14rvt        
tapfiller!SAEDRVT14_TAPDS!805
                          SAEDRVT14_TAPDS saed14rvt        
tapfiller!SAEDRVT14_TAPDS!806
                          SAEDRVT14_TAPDS saed14rvt        
tapfiller!SAEDRVT14_TAPDS!807
                          SAEDRVT14_TAPDS saed14rvt        
tapfiller!SAEDRVT14_TAPDS!808
                          SAEDRVT14_TAPDS saed14rvt        
tapfiller!SAEDRVT14_TAPDS!809
                          SAEDRVT14_TAPDS saed14rvt        
tapfiller!SAEDRVT14_TAPDS!81
                          SAEDRVT14_TAPDS saed14rvt        
tapfiller!SAEDRVT14_TAPDS!810
                          SAEDRVT14_TAPDS saed14rvt        
tapfiller!SAEDRVT14_TAPDS!811
                          SAEDRVT14_TAPDS saed14rvt        
tapfiller!SAEDRVT14_TAPDS!812
                          SAEDRVT14_TAPDS saed14rvt        
tapfiller!SAEDRVT14_TAPDS!813
                          SAEDRVT14_TAPDS saed14rvt        
tapfiller!SAEDRVT14_TAPDS!814
                          SAEDRVT14_TAPDS saed14rvt        
tapfiller!SAEDRVT14_TAPDS!815
                          SAEDRVT14_TAPDS saed14rvt        
tapfiller!SAEDRVT14_TAPDS!816
                          SAEDRVT14_TAPDS saed14rvt        
tapfiller!SAEDRVT14_TAPDS!817
                          SAEDRVT14_TAPDS saed14rvt        
tapfiller!SAEDRVT14_TAPDS!818
                          SAEDRVT14_TAPDS saed14rvt        
tapfiller!SAEDRVT14_TAPDS!819
                          SAEDRVT14_TAPDS saed14rvt        
tapfiller!SAEDRVT14_TAPDS!82
                          SAEDRVT14_TAPDS saed14rvt        
tapfiller!SAEDRVT14_TAPDS!820
                          SAEDRVT14_TAPDS saed14rvt        
tapfiller!SAEDRVT14_TAPDS!821
                          SAEDRVT14_TAPDS saed14rvt        
tapfiller!SAEDRVT14_TAPDS!822
                          SAEDRVT14_TAPDS saed14rvt        
tapfiller!SAEDRVT14_TAPDS!823
                          SAEDRVT14_TAPDS saed14rvt        
tapfiller!SAEDRVT14_TAPDS!824
                          SAEDRVT14_TAPDS saed14rvt        
tapfiller!SAEDRVT14_TAPDS!825
                          SAEDRVT14_TAPDS saed14rvt        
tapfiller!SAEDRVT14_TAPDS!826
                          SAEDRVT14_TAPDS saed14rvt        
tapfiller!SAEDRVT14_TAPDS!827
                          SAEDRVT14_TAPDS saed14rvt        
tapfiller!SAEDRVT14_TAPDS!828
                          SAEDRVT14_TAPDS saed14rvt        
tapfiller!SAEDRVT14_TAPDS!829
                          SAEDRVT14_TAPDS saed14rvt        
tapfiller!SAEDRVT14_TAPDS!83
                          SAEDRVT14_TAPDS saed14rvt        
tapfiller!SAEDRVT14_TAPDS!830
                          SAEDRVT14_TAPDS saed14rvt        
tapfiller!SAEDRVT14_TAPDS!831
                          SAEDRVT14_TAPDS saed14rvt        
tapfiller!SAEDRVT14_TAPDS!832
                          SAEDRVT14_TAPDS saed14rvt        
tapfiller!SAEDRVT14_TAPDS!833
                          SAEDRVT14_TAPDS saed14rvt        
tapfiller!SAEDRVT14_TAPDS!834
                          SAEDRVT14_TAPDS saed14rvt        
tapfiller!SAEDRVT14_TAPDS!835
                          SAEDRVT14_TAPDS saed14rvt        
tapfiller!SAEDRVT14_TAPDS!836
                          SAEDRVT14_TAPDS saed14rvt        
tapfiller!SAEDRVT14_TAPDS!837
                          SAEDRVT14_TAPDS saed14rvt        
tapfiller!SAEDRVT14_TAPDS!838
                          SAEDRVT14_TAPDS saed14rvt        
tapfiller!SAEDRVT14_TAPDS!839
                          SAEDRVT14_TAPDS saed14rvt        
tapfiller!SAEDRVT14_TAPDS!84
                          SAEDRVT14_TAPDS saed14rvt        
tapfiller!SAEDRVT14_TAPDS!840
                          SAEDRVT14_TAPDS saed14rvt        
tapfiller!SAEDRVT14_TAPDS!841
                          SAEDRVT14_TAPDS saed14rvt        
tapfiller!SAEDRVT14_TAPDS!842
                          SAEDRVT14_TAPDS saed14rvt        
tapfiller!SAEDRVT14_TAPDS!843
                          SAEDRVT14_TAPDS saed14rvt        
tapfiller!SAEDRVT14_TAPDS!844
                          SAEDRVT14_TAPDS saed14rvt        
tapfiller!SAEDRVT14_TAPDS!845
                          SAEDRVT14_TAPDS saed14rvt        
tapfiller!SAEDRVT14_TAPDS!846
                          SAEDRVT14_TAPDS saed14rvt        
tapfiller!SAEDRVT14_TAPDS!847
                          SAEDRVT14_TAPDS saed14rvt        
tapfiller!SAEDRVT14_TAPDS!848
                          SAEDRVT14_TAPDS saed14rvt        
tapfiller!SAEDRVT14_TAPDS!849
                          SAEDRVT14_TAPDS saed14rvt        
tapfiller!SAEDRVT14_TAPDS!85
                          SAEDRVT14_TAPDS saed14rvt        
tapfiller!SAEDRVT14_TAPDS!850
                          SAEDRVT14_TAPDS saed14rvt        
tapfiller!SAEDRVT14_TAPDS!851
                          SAEDRVT14_TAPDS saed14rvt        
tapfiller!SAEDRVT14_TAPDS!852
                          SAEDRVT14_TAPDS saed14rvt        
tapfiller!SAEDRVT14_TAPDS!853
                          SAEDRVT14_TAPDS saed14rvt        
tapfiller!SAEDRVT14_TAPDS!854
                          SAEDRVT14_TAPDS saed14rvt        
tapfiller!SAEDRVT14_TAPDS!855
                          SAEDRVT14_TAPDS saed14rvt        
tapfiller!SAEDRVT14_TAPDS!856
                          SAEDRVT14_TAPDS saed14rvt        
tapfiller!SAEDRVT14_TAPDS!857
                          SAEDRVT14_TAPDS saed14rvt        
tapfiller!SAEDRVT14_TAPDS!858
                          SAEDRVT14_TAPDS saed14rvt        
tapfiller!SAEDRVT14_TAPDS!859
                          SAEDRVT14_TAPDS saed14rvt        
tapfiller!SAEDRVT14_TAPDS!86
                          SAEDRVT14_TAPDS saed14rvt        
tapfiller!SAEDRVT14_TAPDS!860
                          SAEDRVT14_TAPDS saed14rvt        
tapfiller!SAEDRVT14_TAPDS!861
                          SAEDRVT14_TAPDS saed14rvt        
tapfiller!SAEDRVT14_TAPDS!862
                          SAEDRVT14_TAPDS saed14rvt        
tapfiller!SAEDRVT14_TAPDS!863
                          SAEDRVT14_TAPDS saed14rvt        
tapfiller!SAEDRVT14_TAPDS!864
                          SAEDRVT14_TAPDS saed14rvt        
tapfiller!SAEDRVT14_TAPDS!865
                          SAEDRVT14_TAPDS saed14rvt        
tapfiller!SAEDRVT14_TAPDS!866
                          SAEDRVT14_TAPDS saed14rvt        
tapfiller!SAEDRVT14_TAPDS!867
                          SAEDRVT14_TAPDS saed14rvt        
tapfiller!SAEDRVT14_TAPDS!868
                          SAEDRVT14_TAPDS saed14rvt        
tapfiller!SAEDRVT14_TAPDS!869
                          SAEDRVT14_TAPDS saed14rvt        
tapfiller!SAEDRVT14_TAPDS!87
                          SAEDRVT14_TAPDS saed14rvt        
tapfiller!SAEDRVT14_TAPDS!870
                          SAEDRVT14_TAPDS saed14rvt        
tapfiller!SAEDRVT14_TAPDS!871
                          SAEDRVT14_TAPDS saed14rvt        
tapfiller!SAEDRVT14_TAPDS!872
                          SAEDRVT14_TAPDS saed14rvt        
tapfiller!SAEDRVT14_TAPDS!873
                          SAEDRVT14_TAPDS saed14rvt        
tapfiller!SAEDRVT14_TAPDS!874
                          SAEDRVT14_TAPDS saed14rvt        
tapfiller!SAEDRVT14_TAPDS!875
                          SAEDRVT14_TAPDS saed14rvt        
tapfiller!SAEDRVT14_TAPDS!876
                          SAEDRVT14_TAPDS saed14rvt        
tapfiller!SAEDRVT14_TAPDS!877
                          SAEDRVT14_TAPDS saed14rvt        
tapfiller!SAEDRVT14_TAPDS!878
                          SAEDRVT14_TAPDS saed14rvt        
tapfiller!SAEDRVT14_TAPDS!879
                          SAEDRVT14_TAPDS saed14rvt        
tapfiller!SAEDRVT14_TAPDS!88
                          SAEDRVT14_TAPDS saed14rvt        
tapfiller!SAEDRVT14_TAPDS!880
                          SAEDRVT14_TAPDS saed14rvt        
tapfiller!SAEDRVT14_TAPDS!881
                          SAEDRVT14_TAPDS saed14rvt        
tapfiller!SAEDRVT14_TAPDS!882
                          SAEDRVT14_TAPDS saed14rvt        
tapfiller!SAEDRVT14_TAPDS!883
                          SAEDRVT14_TAPDS saed14rvt        
tapfiller!SAEDRVT14_TAPDS!884
                          SAEDRVT14_TAPDS saed14rvt        
tapfiller!SAEDRVT14_TAPDS!885
                          SAEDRVT14_TAPDS saed14rvt        
tapfiller!SAEDRVT14_TAPDS!886
                          SAEDRVT14_TAPDS saed14rvt        
tapfiller!SAEDRVT14_TAPDS!887
                          SAEDRVT14_TAPDS saed14rvt        
tapfiller!SAEDRVT14_TAPDS!888
                          SAEDRVT14_TAPDS saed14rvt        
tapfiller!SAEDRVT14_TAPDS!889
                          SAEDRVT14_TAPDS saed14rvt        
tapfiller!SAEDRVT14_TAPDS!89
                          SAEDRVT14_TAPDS saed14rvt        
tapfiller!SAEDRVT14_TAPDS!890
                          SAEDRVT14_TAPDS saed14rvt        
tapfiller!SAEDRVT14_TAPDS!891
                          SAEDRVT14_TAPDS saed14rvt        
tapfiller!SAEDRVT14_TAPDS!892
                          SAEDRVT14_TAPDS saed14rvt        
tapfiller!SAEDRVT14_TAPDS!893
                          SAEDRVT14_TAPDS saed14rvt        
tapfiller!SAEDRVT14_TAPDS!894
                          SAEDRVT14_TAPDS saed14rvt        
tapfiller!SAEDRVT14_TAPDS!895
                          SAEDRVT14_TAPDS saed14rvt        
tapfiller!SAEDRVT14_TAPDS!896
                          SAEDRVT14_TAPDS saed14rvt        
tapfiller!SAEDRVT14_TAPDS!897
                          SAEDRVT14_TAPDS saed14rvt        
tapfiller!SAEDRVT14_TAPDS!898
                          SAEDRVT14_TAPDS saed14rvt        
tapfiller!SAEDRVT14_TAPDS!899
                          SAEDRVT14_TAPDS saed14rvt        
tapfiller!SAEDRVT14_TAPDS!9
                          SAEDRVT14_TAPDS saed14rvt        
tapfiller!SAEDRVT14_TAPDS!90
                          SAEDRVT14_TAPDS saed14rvt        
tapfiller!SAEDRVT14_TAPDS!900
                          SAEDRVT14_TAPDS saed14rvt        
tapfiller!SAEDRVT14_TAPDS!901
                          SAEDRVT14_TAPDS saed14rvt        
tapfiller!SAEDRVT14_TAPDS!902
                          SAEDRVT14_TAPDS saed14rvt        
tapfiller!SAEDRVT14_TAPDS!903
                          SAEDRVT14_TAPDS saed14rvt        
tapfiller!SAEDRVT14_TAPDS!904
                          SAEDRVT14_TAPDS saed14rvt        
tapfiller!SAEDRVT14_TAPDS!905
                          SAEDRVT14_TAPDS saed14rvt        
tapfiller!SAEDRVT14_TAPDS!906
                          SAEDRVT14_TAPDS saed14rvt        
tapfiller!SAEDRVT14_TAPDS!907
                          SAEDRVT14_TAPDS saed14rvt        
tapfiller!SAEDRVT14_TAPDS!908
                          SAEDRVT14_TAPDS saed14rvt        
tapfiller!SAEDRVT14_TAPDS!909
                          SAEDRVT14_TAPDS saed14rvt        
tapfiller!SAEDRVT14_TAPDS!91
                          SAEDRVT14_TAPDS saed14rvt        
tapfiller!SAEDRVT14_TAPDS!910
                          SAEDRVT14_TAPDS saed14rvt        
tapfiller!SAEDRVT14_TAPDS!911
                          SAEDRVT14_TAPDS saed14rvt        
tapfiller!SAEDRVT14_TAPDS!912
                          SAEDRVT14_TAPDS saed14rvt        
tapfiller!SAEDRVT14_TAPDS!913
                          SAEDRVT14_TAPDS saed14rvt        
tapfiller!SAEDRVT14_TAPDS!914
                          SAEDRVT14_TAPDS saed14rvt        
tapfiller!SAEDRVT14_TAPDS!915
                          SAEDRVT14_TAPDS saed14rvt        
tapfiller!SAEDRVT14_TAPDS!916
                          SAEDRVT14_TAPDS saed14rvt        
tapfiller!SAEDRVT14_TAPDS!917
                          SAEDRVT14_TAPDS saed14rvt        
tapfiller!SAEDRVT14_TAPDS!918
                          SAEDRVT14_TAPDS saed14rvt        
tapfiller!SAEDRVT14_TAPDS!919
                          SAEDRVT14_TAPDS saed14rvt        
tapfiller!SAEDRVT14_TAPDS!92
                          SAEDRVT14_TAPDS saed14rvt        
tapfiller!SAEDRVT14_TAPDS!920
                          SAEDRVT14_TAPDS saed14rvt        
tapfiller!SAEDRVT14_TAPDS!921
                          SAEDRVT14_TAPDS saed14rvt        
tapfiller!SAEDRVT14_TAPDS!922
                          SAEDRVT14_TAPDS saed14rvt        
tapfiller!SAEDRVT14_TAPDS!923
                          SAEDRVT14_TAPDS saed14rvt        
tapfiller!SAEDRVT14_TAPDS!924
                          SAEDRVT14_TAPDS saed14rvt        
tapfiller!SAEDRVT14_TAPDS!925
                          SAEDRVT14_TAPDS saed14rvt        
tapfiller!SAEDRVT14_TAPDS!926
                          SAEDRVT14_TAPDS saed14rvt        
tapfiller!SAEDRVT14_TAPDS!927
                          SAEDRVT14_TAPDS saed14rvt        
tapfiller!SAEDRVT14_TAPDS!928
                          SAEDRVT14_TAPDS saed14rvt        
tapfiller!SAEDRVT14_TAPDS!929
                          SAEDRVT14_TAPDS saed14rvt        
tapfiller!SAEDRVT14_TAPDS!93
                          SAEDRVT14_TAPDS saed14rvt        
tapfiller!SAEDRVT14_TAPDS!930
                          SAEDRVT14_TAPDS saed14rvt        
tapfiller!SAEDRVT14_TAPDS!931
                          SAEDRVT14_TAPDS saed14rvt        
tapfiller!SAEDRVT14_TAPDS!932
                          SAEDRVT14_TAPDS saed14rvt        
tapfiller!SAEDRVT14_TAPDS!933
                          SAEDRVT14_TAPDS saed14rvt        
tapfiller!SAEDRVT14_TAPDS!934
                          SAEDRVT14_TAPDS saed14rvt        
tapfiller!SAEDRVT14_TAPDS!935
                          SAEDRVT14_TAPDS saed14rvt        
tapfiller!SAEDRVT14_TAPDS!936
                          SAEDRVT14_TAPDS saed14rvt        
tapfiller!SAEDRVT14_TAPDS!937
                          SAEDRVT14_TAPDS saed14rvt        
tapfiller!SAEDRVT14_TAPDS!938
                          SAEDRVT14_TAPDS saed14rvt        
tapfiller!SAEDRVT14_TAPDS!939
                          SAEDRVT14_TAPDS saed14rvt        
tapfiller!SAEDRVT14_TAPDS!94
                          SAEDRVT14_TAPDS saed14rvt        
tapfiller!SAEDRVT14_TAPDS!940
                          SAEDRVT14_TAPDS saed14rvt        
tapfiller!SAEDRVT14_TAPDS!941
                          SAEDRVT14_TAPDS saed14rvt        
tapfiller!SAEDRVT14_TAPDS!942
                          SAEDRVT14_TAPDS saed14rvt        
tapfiller!SAEDRVT14_TAPDS!943
                          SAEDRVT14_TAPDS saed14rvt        
tapfiller!SAEDRVT14_TAPDS!944
                          SAEDRVT14_TAPDS saed14rvt        
tapfiller!SAEDRVT14_TAPDS!945
                          SAEDRVT14_TAPDS saed14rvt        
tapfiller!SAEDRVT14_TAPDS!946
                          SAEDRVT14_TAPDS saed14rvt        
tapfiller!SAEDRVT14_TAPDS!947
                          SAEDRVT14_TAPDS saed14rvt        
tapfiller!SAEDRVT14_TAPDS!948
                          SAEDRVT14_TAPDS saed14rvt        
tapfiller!SAEDRVT14_TAPDS!949
                          SAEDRVT14_TAPDS saed14rvt        
tapfiller!SAEDRVT14_TAPDS!95
                          SAEDRVT14_TAPDS saed14rvt        
tapfiller!SAEDRVT14_TAPDS!950
                          SAEDRVT14_TAPDS saed14rvt        
tapfiller!SAEDRVT14_TAPDS!951
                          SAEDRVT14_TAPDS saed14rvt        
tapfiller!SAEDRVT14_TAPDS!952
                          SAEDRVT14_TAPDS saed14rvt        
tapfiller!SAEDRVT14_TAPDS!953
                          SAEDRVT14_TAPDS saed14rvt        
tapfiller!SAEDRVT14_TAPDS!954
                          SAEDRVT14_TAPDS saed14rvt        
tapfiller!SAEDRVT14_TAPDS!955
                          SAEDRVT14_TAPDS saed14rvt        
tapfiller!SAEDRVT14_TAPDS!956
                          SAEDRVT14_TAPDS saed14rvt        
tapfiller!SAEDRVT14_TAPDS!957
                          SAEDRVT14_TAPDS saed14rvt        
tapfiller!SAEDRVT14_TAPDS!958
                          SAEDRVT14_TAPDS saed14rvt        
tapfiller!SAEDRVT14_TAPDS!959
                          SAEDRVT14_TAPDS saed14rvt        
tapfiller!SAEDRVT14_TAPDS!96
                          SAEDRVT14_TAPDS saed14rvt        
tapfiller!SAEDRVT14_TAPDS!960
                          SAEDRVT14_TAPDS saed14rvt        
tapfiller!SAEDRVT14_TAPDS!961
                          SAEDRVT14_TAPDS saed14rvt        
tapfiller!SAEDRVT14_TAPDS!962
                          SAEDRVT14_TAPDS saed14rvt        
tapfiller!SAEDRVT14_TAPDS!963
                          SAEDRVT14_TAPDS saed14rvt        
tapfiller!SAEDRVT14_TAPDS!964
                          SAEDRVT14_TAPDS saed14rvt        
tapfiller!SAEDRVT14_TAPDS!965
                          SAEDRVT14_TAPDS saed14rvt        
tapfiller!SAEDRVT14_TAPDS!966
                          SAEDRVT14_TAPDS saed14rvt        
tapfiller!SAEDRVT14_TAPDS!967
                          SAEDRVT14_TAPDS saed14rvt        
tapfiller!SAEDRVT14_TAPDS!968
                          SAEDRVT14_TAPDS saed14rvt        
tapfiller!SAEDRVT14_TAPDS!969
                          SAEDRVT14_TAPDS saed14rvt        
tapfiller!SAEDRVT14_TAPDS!97
                          SAEDRVT14_TAPDS saed14rvt        
tapfiller!SAEDRVT14_TAPDS!970
                          SAEDRVT14_TAPDS saed14rvt        
tapfiller!SAEDRVT14_TAPDS!971
                          SAEDRVT14_TAPDS saed14rvt        
tapfiller!SAEDRVT14_TAPDS!972
                          SAEDRVT14_TAPDS saed14rvt        
tapfiller!SAEDRVT14_TAPDS!973
                          SAEDRVT14_TAPDS saed14rvt        
tapfiller!SAEDRVT14_TAPDS!974
                          SAEDRVT14_TAPDS saed14rvt        
tapfiller!SAEDRVT14_TAPDS!975
                          SAEDRVT14_TAPDS saed14rvt        
tapfiller!SAEDRVT14_TAPDS!976
                          SAEDRVT14_TAPDS saed14rvt        
tapfiller!SAEDRVT14_TAPDS!977
                          SAEDRVT14_TAPDS saed14rvt        
tapfiller!SAEDRVT14_TAPDS!978
                          SAEDRVT14_TAPDS saed14rvt        
tapfiller!SAEDRVT14_TAPDS!979
                          SAEDRVT14_TAPDS saed14rvt        
tapfiller!SAEDRVT14_TAPDS!98
                          SAEDRVT14_TAPDS saed14rvt        
tapfiller!SAEDRVT14_TAPDS!980
                          SAEDRVT14_TAPDS saed14rvt        
tapfiller!SAEDRVT14_TAPDS!981
                          SAEDRVT14_TAPDS saed14rvt        
tapfiller!SAEDRVT14_TAPDS!982
                          SAEDRVT14_TAPDS saed14rvt        
tapfiller!SAEDRVT14_TAPDS!983
                          SAEDRVT14_TAPDS saed14rvt        
tapfiller!SAEDRVT14_TAPDS!984
                          SAEDRVT14_TAPDS saed14rvt        
tapfiller!SAEDRVT14_TAPDS!985
                          SAEDRVT14_TAPDS saed14rvt        
tapfiller!SAEDRVT14_TAPDS!986
                          SAEDRVT14_TAPDS saed14rvt        
tapfiller!SAEDRVT14_TAPDS!987
                          SAEDRVT14_TAPDS saed14rvt        
tapfiller!SAEDRVT14_TAPDS!988
                          SAEDRVT14_TAPDS saed14rvt        
tapfiller!SAEDRVT14_TAPDS!989
                          SAEDRVT14_TAPDS saed14rvt        
tapfiller!SAEDRVT14_TAPDS!99
                          SAEDRVT14_TAPDS saed14rvt        
tapfiller!SAEDRVT14_TAPDS!990
                          SAEDRVT14_TAPDS saed14rvt        
tapfiller!SAEDRVT14_TAPDS!991
                          SAEDRVT14_TAPDS saed14rvt        
tapfiller!SAEDRVT14_TAPDS!992
                          SAEDRVT14_TAPDS saed14rvt        
tapfiller!SAEDRVT14_TAPDS!993
                          SAEDRVT14_TAPDS saed14rvt        
tapfiller!SAEDRVT14_TAPDS!994
                          SAEDRVT14_TAPDS saed14rvt        
tapfiller!SAEDRVT14_TAPDS!995
                          SAEDRVT14_TAPDS saed14rvt        
tapfiller!SAEDRVT14_TAPDS!996
                          SAEDRVT14_TAPDS saed14rvt        
tapfiller!SAEDRVT14_TAPDS!997
                          SAEDRVT14_TAPDS saed14rvt        
tapfiller!SAEDRVT14_TAPDS!998
                          SAEDRVT14_TAPDS saed14rvt        
tapfiller!SAEDRVT14_TAPDS!999
                          SAEDRVT14_TAPDS saed14rvt        
--------------------------------------------------------------------------------
Total 4435 cells

1
