


                              IC Compiler II (TM)

             Version O-2018.06-SP1 for linux64 - Jul 17, 2018 -SLE

                    Copyright (c) 1988 - 2018 Synopsys, Inc.
   This software and the associated documentation are proprietary to Synopsys,
 Inc. This software may only be used in accordance with the terms and conditions
 of a written license agreement with Synopsys, Inc. All other use, reproduction,
            or distribution of this software is strictly prohibited.

Loading user preference file /home/ICer/.synopsys_icc2_gui/preferences.tcl
##############################################
########### 5. CTS       #####################
##############################################
set design cv32e40p_top
cv32e40p_top
open_block ./${design}:${design}_4_placed
Warning: Technology used to create frame-view and current technology have inconsistency: Min spacings are different for layer 'M1'. (FRAM-054)
Warning: Technology 'saed14rvt_1p9m.tf' used for frame-view creation in library 'saed14rvt', is inconsistent with the current technology 'saed14nm_1p9m_mw.tf' of library "cv32e40p_top'. (NDM-102)
Information: User units loaded from library 'saed14rvt' (LNK-040)
Opening block 'cv32e40p_top:cv32e40p_top_4_placed.design' in edit mode
Information: loading PG routing via master rules, patterns, strategies and strategy via rules.
{cv32e40p_top:cv32e40p_top_4_placed.design}
copy_block -from_block ${design}:${design}_4_placed -to_block ${design}_5_cts
{cv32e40p_top:cv32e40p_top_5_cts.design}
current_block ${design}_5_cts
{cv32e40p_top:cv32e40p_top_5_cts.design}
set_host_options -max_cores 12
1
puts "start_cts"
start_cts
## CHECKS
#########
#check_physical_design -stage pre_clock_opt 
#check_clock_tree 
## CONSTRAINTS 
##############
## Here, We define more constraints on your design that are related to CTS stage.
set_driving_cell -lib_cell SAEDRVT14_BUF_4 -pin X [get_ports {clk_i scan_clk}]
Using libraries: cv32e40p_top saed14rvt
Warning: In library cv32e40p_top, no block views exist for block cv32e40p_top. (LNK-064)
Visiting block cv32e40p_top:cv32e40p_top_5_cts.design
Design 'cv32e40p_top' was successfully linked.
Warning: No port objects matched 'scan_clk' (SEL-004)
1
###OR
# set_input_transition -rise 0.3 [get_ports clk_i]
# set_input_transition -fall 0.2 [get_ports clk_i]
#### Set Clock Exceptions
set_ignored_layers -max_routing_layer M9 -min_routing_layer M1 -verbose
Information: Update of ignored layers for design cv32e40p_top:cv32e40p_top_5_cts.design succeeded.. (NDMUI-034)
1
remove_clock_tree_options -all -target_latency -target_skew -max_levels
1
set_lib_cell_purpose -exclude cts [get_lib_cells -of [get_cells *]]
Information: The design specific attribute override for lib_cell 'saed14rvt:SAEDRVT14_TIE0_V1_2.timing' is set in the current block 'cv32e40p_top_5_cts', because the actual library setting may not be overwritten. (ATTR-12)
Information: The design specific attribute override for lib_cell 'saed14rvt:SAEDRVT14_ND2_2.timing' is set in the current block 'cv32e40p_top_5_cts', because the actual library setting may not be overwritten. (ATTR-12)
Information: The design specific attribute override for lib_cell 'saed14rvt:SAEDRVT14_TAPDS.timing' is set in the current block 'cv32e40p_top_5_cts', because the actual library setting may not be overwritten. (ATTR-12)
Information: The design specific attribute override for lib_cell 'saed14rvt:SAEDRVT14_NR2_2.timing' is set in the current block 'cv32e40p_top_5_cts', because the actual library setting may not be overwritten. (ATTR-12)
Information: The design specific attribute override for lib_cell 'saed14rvt:SAEDRVT14_TIE0_4.timing' is set in the current block 'cv32e40p_top_5_cts', because the actual library setting may not be overwritten. (ATTR-12)
Information: The design specific attribute override for lib_cell 'saed14rvt:SAEDRVT14_TIE1_V1_2.timing' is set in the current block 'cv32e40p_top_5_cts', because the actual library setting may not be overwritten. (ATTR-12)
1
set_lib_cell_purpose -include cts */*_INV_S_3*
Information: The design specific attribute override for lib_cell 'saed14rvt:SAEDRVT14_INV_S_3.timing' is set in the current block 'cv32e40p_top_5_cts', because the actual library setting may not be overwritten. (ATTR-12)
1
set_lib_cell_purpose -include cts */*_INV_S_4*
Information: The design specific attribute override for lib_cell 'saed14rvt:SAEDRVT14_INV_S_4.timing' is set in the current block 'cv32e40p_top_5_cts', because the actual library setting may not be overwritten. (ATTR-12)
1
set_lib_cell_purpose -include cts */*_INV_S_6*
Information: The design specific attribute override for lib_cell 'saed14rvt:SAEDRVT14_INV_S_6.timing' is set in the current block 'cv32e40p_top_5_cts', because the actual library setting may not be overwritten. (ATTR-12)
1
set_lib_cell_purpose -include cts */*_INV_S_8*
Information: The design specific attribute override for lib_cell 'saed14rvt:SAEDRVT14_INV_S_8.timing' is set in the current block 'cv32e40p_top_5_cts', because the actual library setting may not be overwritten. (ATTR-12)
1
set_lib_cell_purpose -include hold [get_lib_cells */*DEL*]
Information: The design specific attribute override for lib_cell 'saed14rvt:SAEDRVT14_DEL_L4D100_1.timing' is set in the current block 'cv32e40p_top_5_cts', because the actual library setting may not be overwritten. (ATTR-12)
Information: The design specific attribute override for lib_cell 'saed14rvt:SAEDRVT14_DEL_L4D100_2.timing' is set in the current block 'cv32e40p_top_5_cts', because the actual library setting may not be overwritten. (ATTR-12)
Information: The design specific attribute override for lib_cell 'saed14rvt:SAEDRVT14_DELPROGS4_12.timing' is set in the current block 'cv32e40p_top_5_cts', because the actual library setting may not be overwritten. (ATTR-12)
Information: The design specific attribute override for lib_cell 'saed14rvt:SAEDRVT14_DELPROGS4_16.timing' is set in the current block 'cv32e40p_top_5_cts', because the actual library setting may not be overwritten. (ATTR-12)
Information: The design specific attribute override for lib_cell 'saed14rvt:SAEDRVT14_DELPROGS4_4.timing' is set in the current block 'cv32e40p_top_5_cts', because the actual library setting may not be overwritten. (ATTR-12)
Information: The design specific attribute override for lib_cell 'saed14rvt:SAEDRVT14_DELPROGS4_6.timing' is set in the current block 'cv32e40p_top_5_cts', because the actual library setting may not be overwritten. (ATTR-12)
Information: The design specific attribute override for lib_cell 'saed14rvt:SAEDRVT14_DELPROGS4_8.timing' is set in the current block 'cv32e40p_top_5_cts', because the actual library setting may not be overwritten. (ATTR-12)
Information: The design specific attribute override for lib_cell 'saed14rvt:SAEDRVT14_DELPROGS4_Y2_24.timing' is set in the current block 'cv32e40p_top_5_cts', because the actual library setting may not be overwritten. (ATTR-12)
Information: The design specific attribute override for lib_cell 'saed14rvt:SAEDRVT14_DEL_R2V1_1.timing' is set in the current block 'cv32e40p_top_5_cts', because the actual library setting may not be overwritten. (ATTR-12)
Information: The design specific attribute override for lib_cell 'saed14rvt:SAEDRVT14_DEL_R2V1_2.timing' is set in the current block 'cv32e40p_top_5_cts', because the actual library setting may not be overwritten. (ATTR-12)
Information: The design specific attribute override for lib_cell 'saed14rvt:SAEDRVT14_DEL_R2V2_1.timing' is set in the current block 'cv32e40p_top_5_cts', because the actual library setting may not be overwritten. (ATTR-12)
Information: The design specific attribute override for lib_cell 'saed14rvt:SAEDRVT14_DEL_R2V2_2.timing' is set in the current block 'cv32e40p_top_5_cts', because the actual library setting may not be overwritten. (ATTR-12)
Information: The design specific attribute override for lib_cell 'saed14rvt:SAEDRVT14_DEL_R2V3_1.timing' is set in the current block 'cv32e40p_top_5_cts', because the actual library setting may not be overwritten. (ATTR-12)
Information: The design specific attribute override for lib_cell 'saed14rvt:SAEDRVT14_DEL_R2V3_2.timing' is set in the current block 'cv32e40p_top_5_cts', because the actual library setting may not be overwritten. (ATTR-12)
Information: The design specific attribute override for lib_cell 'saed14rvt:SAEDRVT14_DEL_PR2V2_1.timing' is set in the current block 'cv32e40p_top_5_cts', because the actual library setting may not be overwritten. (ATTR-12)
Information: The design specific attribute override for lib_cell 'saed14rvt:SAEDRVT14_DELPROGS9_V1_4.timing' is set in the current block 'cv32e40p_top_5_cts', because the actual library setting may not be overwritten. (ATTR-12)
Information: The design specific attribute override for lib_cell 'saed14rvt:SAEDRVT14_DELPROGS9_V2_4.timing' is set in the current block 'cv32e40p_top_5_cts', because the actual library setting may not be overwritten. (ATTR-12)
1
create_routing_rule clknet_NDR -multiplier_spacing 2 -multiplier_width 2
{clknet_NDR}
set_clock_routing_rules -net_type root -rules clknet_NDR -max_routing_layer M9 -min_routing_layer M3
1
set_clock_routing_rules -net_type internal -rules clknet_NDR -max_routing_layer M9 -min_routing_layer M3
1
set_clock_routing_rules -default_rule -max_routing_layer M9 -min_routing_layer M3
1
set_max_transition -clock_path 0.100 [get_clocks ]
1
set_app_options -as_user_default -list {cts.common.max_fanout 25}
cts.common.max_fanout 25
set_clock_tree_options -corners [all_corners ] -target_skew 0.050
1
set_app_options -name cts.common.user_instance_name_prefix -value "CTS_"
cts.common.user_instance_name_prefix CTS_
set_app_options -name opt.common.user_instance_name_prefix -value "CTS_"
opt.common.user_instance_name_prefix CTS_
report_clock_settings
************************************************************
Timer Settings:
Delay Calculation Style:                   auto
Signal Integrity Analysis:                 disabled
Timing Window Analysis:                    disabled
Advanced Waveform Propagation:             disabled
Variation Type:                            fixed_derate
Clock Reconvergence Pessimism Removal:     disabled
Advanced Receiver Model:                   disabled
************************************************************
Information: Corner fast_Cmax: no PVT mismatches. (PVT-032)
Information: Corner slow_Cmax: no PVT mismatches. (PVT-032)
Information: Corner fast_Cmin: no PVT mismatches. (PVT-032)
Information: Corner slow_Cmin: no PVT mismatches. (PVT-032)
****************************************
 Report : clock settings
 Design : cv32e40p_top_5_cts
 Date   : Tue Jul  1 12:54:50 2025
****************************************


======================================
Configurations 
======================================

##Global
Mode = func
  Corner = fast_Cmax
    Max transition: 0.500
    Max capacitance: 600.000
    Target skew: 0.050
    Target latency: Not specified
  Corner = fast_Cmin
    Max transition: 0.500
    Max capacitance: 600.000
    Target skew: 0.050
    Target latency: Not specified
  Corner = slow_Cmax
    Max transition: 0.500
    Max capacitance: 600.000
    Target skew: 0.050
    Target latency: Not specified
  Corner = slow_Cmin
    Max transition: 0.500
    Max capacitance: 600.000
    Target skew: 0.050
    Target latency: Not specified

Mode = test
  Corner = fast_Cmax
    Max transition: 0.500
    Max capacitance: 600.000
    Target skew: 0.050
    Target latency: Not specified
  Corner = fast_Cmin
    Max transition: 0.500
    Max capacitance: 600.000
    Target skew: 0.050
    Target latency: Not specified
  Corner = slow_Cmax
    Max transition: 0.500
    Max capacitance: 600.000
    Target skew: 0.050
    Target latency: Not specified
  Corner = slow_Cmin
    Max transition: 0.500
    Max capacitance: 600.000
    Target skew: 0.050
    Target latency: Not specified

Mode = func
##clk_i
  Corner = fast_Cmax
    Max transition: 0.500
    Max capacitance: 600.000
    Target skew: 0.050
    Target latency: Not specified
  Corner = fast_Cmin
    Max transition: 0.500
    Max capacitance: 600.000
    Target skew: 0.050
    Target latency: Not specified
  Corner = slow_Cmax
    Max transition: 0.100
    Max capacitance: 600.000
    Target skew: 0.050
    Target latency: Not specified
  Corner = slow_Cmin
    Max transition: 0.500
    Max capacitance: 600.000
    Target skew: 0.050
    Target latency: Not specified


Mode = test
##clk_i
  Corner = fast_Cmax
    Max transition: 0.500
    Max capacitance: 600.000
    Target skew: 0.050
    Target latency: Not specified
  Corner = fast_Cmin
    Max transition: 0.500
    Max capacitance: 600.000
    Target skew: 0.050
    Target latency: Not specified
  Corner = slow_Cmax
    Max transition: 0.500
    Max capacitance: 600.000
    Target skew: 0.050
    Target latency: Not specified
  Corner = slow_Cmin
    Max transition: 0.500
    Max capacitance: 600.000
    Target skew: 0.050
    Target latency: Not specified


======================================
Routing Rules 
======================================

##Global
Routing rule for sink nets: Not specified
Routing rule for internal nets: clknet_NDR  Min Layer:M3 Max Layer:M9
Routing rule for root nets: clknet_NDR  Min Layer:M3 Max Layer:M9
Routing rule for all nets: Default Min Layer:M3 Max Layer:M9
Net-based routing rules (by set_clock_routing_rule): Not specified
Net-based routing rules (by set_routing_rule): Not specified

Mode = func

##clk_i
Routing rule for sink nets: Not specified
Routing rule for internal nets: Not specified
Routing rule for root nets: Not specified
Routing rule for all nets: Not specified
Net-based routing rules (by set_clock_routing_rule): Not specified
Net-based routing rules (by set_routing_rule): Not specified

Mode = test

##clk_i
Routing rule for sink nets: Not specified
Routing rule for internal nets: Not specified
Routing rule for root nets: Not specified
Routing rule for all nets: Not specified
Net-based routing rules (by set_clock_routing_rule): Not specified
Net-based routing rules (by set_routing_rule): Not specified


======================================
Buffers and Inverters 
======================================

##Buffers
Name                                   Area      Max Transition       Max Load
------------------------------------------------------------------------------
saed14rvt/SAEDRVT14_BUF_10            0.710                 inf        225.600
saed14rvt/SAEDRVT14_BUF_12            0.844                 inf        271.900
saed14rvt/SAEDRVT14_BUF_16            1.066                 inf        362.800
saed14rvt/SAEDRVT14_BUF_20            1.288                 inf        456.800
saed14rvt/SAEDRVT14_BUF_2             0.311                 inf         45.310
saed14rvt/SAEDRVT14_BUF_3             0.355                 inf         68.200
saed14rvt/SAEDRVT14_BUF_4             0.400                 inf         90.650
saed14rvt/SAEDRVT14_BUF_6             0.488                 inf        135.700
saed14rvt/SAEDRVT14_BUF_8             0.622                 inf        181.200
saed14rvt/SAEDRVT14_BUF_CDC_2         0.311                 inf         45.310
saed14rvt/SAEDRVT14_BUF_CDC_4         0.400                 inf         90.650
saed14rvt/SAEDRVT14_BUF_S_10          0.755                 inf        225.800
saed14rvt/SAEDRVT14_BUF_S_12          0.844                 inf        266.000
saed14rvt/SAEDRVT14_BUF_S_16          1.110                 inf        357.700
saed14rvt/SAEDRVT14_BUF_S_20          1.288                 inf        449.500
saed14rvt/SAEDRVT14_BUF_S_2           0.311                 inf         45.260
saed14rvt/SAEDRVT14_BUF_S_6           0.488                 inf        135.700
saed14rvt/SAEDRVT14_BUF_S_8           0.666                 inf        180.900
saed14rvt/SAEDRVT14_DEL_L4D100_2      0.533                 inf         46.370
saed14rvt/SAEDRVT14_DEL_R2V1_2        0.355                 inf         44.540
saed14rvt/SAEDRVT14_DEL_R2V2_2        0.488                 inf         22.280
saed14rvt/SAEDRVT14_DEL_R2V3_2        0.488                 inf         23.720
saed14rvt/SAEDRVT14_BUF_PECO_12       0.888                 inf         71.120
saed14rvt/SAEDRVT14_BUF_PECO_2        0.488                 inf         35.290
saed14rvt/SAEDRVT14_BUF_PECO_4        0.888                 inf         71.120
saed14rvt/SAEDRVT14_BUF_PECO_8        0.888                 inf         71.120
saed14rvt/SAEDRVT14_BUF_PS_3          0.444                 inf         60.110
saed14rvt/SAEDRVT14_BUF_PS_6          0.710                 inf        117.300
saed14rvt/SAEDRVT14_AOBUF_IW_3        0.533                 inf         17.750
saed14rvt/SAEDRVT14_AOBUF_IW_6        0.533                 inf         17.710

##Inverters
Name                                   Area      Max Transition       Max Load
------------------------------------------------------------------------------
saed14rvt/SAEDRVT14_INV_S_2           0.222                 inf         41.670
saed14rvt/SAEDRVT14_INV_S_3           0.311                 inf         62.580
saed14rvt/SAEDRVT14_INV_S_4           0.311                 inf         83.830
saed14rvt/SAEDRVT14_INV_S_5           0.400                 inf        105.000
saed14rvt/SAEDRVT14_INV_S_6           0.400                 inf        126.300
saed14rvt/SAEDRVT14_INV_S_7           0.488                 inf        147.700
saed14rvt/SAEDRVT14_INV_S_8           0.488                 inf        169.200


======================================
Spacing Rules 
======================================

##By design
No by design spacing rule is specified

##By clock
No by clock spacing rule is specified

##By libcell
No by libcell spacing rule is specified

##By clock and libcell
No by clock and libcell spacing rule is specified
1
## Clock Tree : Synhtesis, Optimization, and Routing
####################################################
## The 3 steps can be done with the combo command clock_opt. But below, we do them individually.
set cts_enable_drc_fixing_on_data true
true
set_app_options -name clock_opt.flow.enable_ccd -value true 
clock_opt.flow.enable_ccd true
#clock_opt
clock_opt -to build_clock
Use advanced legalizer engine : 0
Warning: Library cell saed14rvt:SAEDRVT14_ISOFSDPQ_PECO_8.frame is missing supply pins. Its power structure cannot be determined. (LGL-050)
Warning: Library cell saed14rvt:SAEDRVT14_DCAP_PV1ECO_12.frame is missing supply pins. Its power structure cannot be determined. (LGL-050)
Information: The stitching and editing of coupling caps is turned OFF for design 'cv32e40p_top:cv32e40p_top_5_cts.design'. (TIM-125)
Warning: Technology layer 'M4' setting 'pitch' is not valid (NEX-001)
Warning: Technology layer 'MRDL' setting 'pitch' is not valid (NEX-001)
Warning: Parasitic Tech Library layer 'M1' parameter 'SMIN' = 0.040 does not match 0.026 of technology file (NEX-007)
Warning: Parasitic Tech Library layer 'M2' parameter 'SMIN' = 0.040 does not match 0.026 of technology file (NEX-007)
Warning: Parasitic Tech Library layer 'M3' parameter 'SMIN' = 0.040 does not match 0.026 of technology file (NEX-007)
Warning: Parasitic Tech Library layer 'M1' parameter 'SMIN' = 0.040 does not match 0.026 of technology file (NEX-007)
Warning: Parasitic Tech Library layer 'M2' parameter 'SMIN' = 0.040 does not match 0.026 of technology file (NEX-007)
Warning: Parasitic Tech Library layer 'M3' parameter 'SMIN' = 0.040 does not match 0.026 of technology file (NEX-007)
Warning: Parasitic Tech Library layer 'M8' parameter 'WMIN' = 0.030 does not match 0.060 of technology file (NEX-007)
Warning: Parasitic Tech Library layer 'M8' parameter 'SMIN' = 0.060 does not match 0.040 of technology file (NEX-007)
Information: Design Average RC for design cv32e40p_top_5_cts  (NEX-011)
Information: r = 2.175318 ohm/um, via_r = 1.031427 ohm/cut, c = 0.126338 ff/um, cc = 0.000000 ff/um (X dir) (NEX-017)
Information: r = 2.639974 ohm/um, via_r = 0.663827 ohm/cut, c = 0.120887 ff/um, cc = 0.000000 ff/um (Y dir) (NEX-017)
Number of Site types in the design = 1
Setting up Chip Core
Chip Core shape: (170000 170000) (2739280 2738000)
Number of unique PDs = 1
Number of Power Domains = 1
Number of Voltage Areas = 1
Number of supply Nets = 2
Number of used supplies = 2

Running clock synthesis step.
************************************************************
* CTS STEP: Design Initialization for Trial Synthesis
************************************************************
Information: All clock objects will be converted from ideal to propagated clock during CTS. (CTS-105)
Information: CTS will work on the following scenarios. (CTS-101)
   func_fast_Cmax	(Mode: func; Corner: fast_Cmax)
   func_fast_Cmin	(Mode: func; Corner: fast_Cmin)
   func_slow_Cmax	(Mode: func; Corner: slow_Cmax)
   func_slow_Cmin	(Mode: func; Corner: slow_Cmin)
   test_fast_Cmax	(Mode: test; Corner: fast_Cmax)
   test_fast_Cmin	(Mode: test; Corner: fast_Cmin)
   test_slow_Cmax	(Mode: test; Corner: slow_Cmax)
   test_slow_Cmin	(Mode: test; Corner: slow_Cmin)
Information: CTS will work on all clocks in active scenarios, including 2 master clocks and 0 generated clocks. (CTS-107)
Information: Clock derating is enabled

CTS related app options set by user:
   cts.common.max_fanout = 25
   cts.common.user_instance_name_prefix = CTS_
   cts.compile.enable_local_skew = true
   cts.optimize.enable_local_skew = true

Buffer/Inverter reference list for clock tree synthesis:
   saed14rvt/SAEDRVT14_BUF_10
   saed14rvt/SAEDRVT14_BUF_12
   saed14rvt/SAEDRVT14_BUF_16
   saed14rvt/SAEDRVT14_BUF_20
   saed14rvt/SAEDRVT14_BUF_2
   saed14rvt/SAEDRVT14_BUF_3
   saed14rvt/SAEDRVT14_BUF_4
   saed14rvt/SAEDRVT14_BUF_6
   saed14rvt/SAEDRVT14_BUF_8
   saed14rvt/SAEDRVT14_BUF_CDC_2
   saed14rvt/SAEDRVT14_BUF_CDC_4
   saed14rvt/SAEDRVT14_BUF_S_10
   saed14rvt/SAEDRVT14_BUF_S_12
   saed14rvt/SAEDRVT14_BUF_S_16
   saed14rvt/SAEDRVT14_BUF_S_20
   saed14rvt/SAEDRVT14_BUF_S_2
   saed14rvt/SAEDRVT14_BUF_S_6
   saed14rvt/SAEDRVT14_BUF_S_8
   saed14rvt/SAEDRVT14_DEL_L4D100_2
   saed14rvt/SAEDRVT14_DEL_R2V1_2
   saed14rvt/SAEDRVT14_DEL_R2V2_2
   saed14rvt/SAEDRVT14_DEL_R2V3_2
   saed14rvt/SAEDRVT14_BUF_PECO_12
   saed14rvt/SAEDRVT14_BUF_PECO_2
   saed14rvt/SAEDRVT14_BUF_PECO_4
   saed14rvt/SAEDRVT14_BUF_PECO_8
   saed14rvt/SAEDRVT14_BUF_PS_3
   saed14rvt/SAEDRVT14_BUF_PS_6
   saed14rvt/SAEDRVT14_AOBUF_IW_3
   saed14rvt/SAEDRVT14_AOBUF_IW_6
   saed14rvt/SAEDRVT14_INV_S_2
   saed14rvt/SAEDRVT14_INV_S_3
   saed14rvt/SAEDRVT14_INV_S_4
   saed14rvt/SAEDRVT14_INV_S_5
   saed14rvt/SAEDRVT14_INV_S_6
   saed14rvt/SAEDRVT14_INV_S_7
   saed14rvt/SAEDRVT14_INV_S_8

ICG reference list:
   saed14rvt/SAEDRVT14_CKGTNLT_V5_12
   saed14rvt/SAEDRVT14_CKGTNLT_V5_2
   saed14rvt/SAEDRVT14_CKGTNLT_V5_3
   saed14rvt/SAEDRVT14_CKGTNLT_V5_4
   saed14rvt/SAEDRVT14_CKGTNLT_V5_5
   saed14rvt/SAEDRVT14_CKGTNLT_V5_6
   saed14rvt/SAEDRVT14_CKGTNLT_V5_8
   saed14rvt/SAEDRVT14_CKGTPLT_V5_12
   saed14rvt/SAEDRVT14_CKGTPLT_V5_16
   saed14rvt/SAEDRVT14_CKGTPLT_V5_20
   saed14rvt/SAEDRVT14_CKGTPLT_V5_24
   saed14rvt/SAEDRVT14_CKGTPLT_V5_2
   saed14rvt/SAEDRVT14_CKGTPLT_V5_3
   saed14rvt/SAEDRVT14_CKGTPLT_V5_4
   saed14rvt/SAEDRVT14_CKGTPLT_V5_5
   saed14rvt/SAEDRVT14_CKGTPLT_V5_6
   saed14rvt/SAEDRVT14_CKGTPLT_V5_8
   saed14rvt/SAEDRVT14_CKGTPL_V5_2
   saed14rvt/SAEDRVT14_CKGTPL_V5_4
   saed14rvt/SAEDRVT14_CKINVGTPLT_V7_2
   saed14rvt/SAEDRVT14_CKINVGTPLT_V7_3
   saed14rvt/SAEDRVT14_CKINVGTPLT_V7_4
   saed14rvt/SAEDRVT14_CKINVGTPLT_V7_5
   saed14rvt/SAEDRVT14_CKINVGTPLT_V7_6
   saed14rvt/SAEDRVT14_CKINVGTPLT_V7_8

Warning: Technology layer 'M4' setting 'pitch' is not valid (NEX-001)
Warning: Technology layer 'MRDL' setting 'pitch' is not valid (NEX-001)
Warning: Parasitic Tech Library layer 'M1' parameter 'SMIN' = 0.040 does not match 0.026 of technology file (NEX-007)
Warning: Parasitic Tech Library layer 'M2' parameter 'SMIN' = 0.040 does not match 0.026 of technology file (NEX-007)
Warning: Parasitic Tech Library layer 'M3' parameter 'SMIN' = 0.040 does not match 0.026 of technology file (NEX-007)
Warning: Parasitic Tech Library layer 'M1' parameter 'SMIN' = 0.040 does not match 0.026 of technology file (NEX-007)
Warning: Parasitic Tech Library layer 'M2' parameter 'SMIN' = 0.040 does not match 0.026 of technology file (NEX-007)
Warning: Parasitic Tech Library layer 'M3' parameter 'SMIN' = 0.040 does not match 0.026 of technology file (NEX-007)
Warning: Parasitic Tech Library layer 'M8' parameter 'WMIN' = 0.030 does not match 0.060 of technology file (NEX-007)
Warning: Parasitic Tech Library layer 'M8' parameter 'SMIN' = 0.060 does not match 0.040 of technology file (NEX-007)
Information: 'slow_Cmax' is identified as primary corner for initial clock tree building. (CTS-103)
Number of Site types in the design = 1
Setting up Chip Core
Chip Core shape: (170000 170000) (2739280 2738000)
Number of unique PDs = 1
Number of Power Domains = 1
Number of Voltage Areas = 1
Number of supply Nets = 2
Number of used supplies = 2
CTS NDR rule list:
   Design Base; Net Type: all;      Rule: default rule; Min Layer: M3; Max Layer: M9
   Design Base; Net Type: internal; Rule: clknet_NDR; Min Layer: M3; Max Layer: M9
   Design Base; Net Type: root;     Rule: clknet_NDR; Min Layer: M3; Max Layer: M9

Clock cell spacing rule list:
   No clock cell spacing rule is found.
Information: The run time for design initialization is 0 hr : 0 min : 2.23 sec, cpu time is 0 hr : 0 min : 3.03 sec. (CTS-104)
Begin building search trees for block cv32e40p_top:cv32e40p_top_5_cts.design
Done building search trees for block cv32e40p_top:cv32e40p_top_5_cts.design (time 0s)
Drc Mode Option: auto
Use advanced legalizer engine : 0
Warning: Library cell saed14rvt:SAEDRVT14_ISOFSDPQ_PECO_8.frame is missing supply pins. Its power structure cannot be determined. (LGL-050)
Warning: Library cell saed14rvt:SAEDRVT14_DCAP_PV1ECO_12.frame is missing supply pins. Its power structure cannot be determined. (LGL-050)
Warning: Routing direction of metal layer PO is neither "horizontal" nor "vertical".  PDC checks will not be performed on this layer. (PDC-003)
PDC app_options settings =========
	place.legalize.enable_prerouted_net_check: 1
	place.legalize.num_tracks_for_access_check: 1
	place.legalize.use_eol_spacing_for_access_check: 0
	place.legalize.allow_touch_track_for_access_check: 1
	place.legalize.reduce_conservatism_in_eol_check: 0
	place.legalize.preroute_shape_merge_distance: 0.0
	place.legalize.enable_non_preferred_direction_span_check: 0

Layer M1: cached 0 shapes out of 429 total shapes.
Layer M2: cached 0 shapes out of 0 total shapes.
Layer M3: cached 0 shapes out of 0 total shapes.
Cached 6435 vias out of 13038 total vias.
Information: Legalizer's PDC rule check is enabled
Information: Legalizer's advanced rule check is enabled
Information: The stitching and editing of coupling caps is turned OFF for design 'cv32e40p_top:cv32e40p_top_5_cts.design'. (TIM-125)
 Creating timing abstraction of clock tree(s)
For clock 'clk_i' @ corner 'fast_Cmax': latency = 0.241
For clock 'clk_i' @ corner 'fast_Cmin': latency = 0.241
For clock 'clk_i' @ corner 'slow_Cmax': latency = 0.241
For clock 'clk_i' @ corner 'slow_Cmin': latency = 0.241
For clock 'clk_i' @ corner 'fast_Cmax': latency = 0.241
For clock 'clk_i' @ corner 'fast_Cmin': latency = 0.241
For clock 'clk_i' @ corner 'slow_Cmax': latency = 0.241
For clock 'clk_i' @ corner 'slow_Cmin': latency = 0.241
 Abstraction finished successfully
OCV derate values 1.000 (early) and 1.000 (late)
Information: The stitching and editing of coupling caps is turned OFF for design 'cv32e40p_top:cv32e40p_top_5_cts.design'. (TIM-125)
Warning: Technology layer 'M4' setting 'pitch' is not valid (NEX-001)
Warning: Technology layer 'MRDL' setting 'pitch' is not valid (NEX-001)
Warning: Parasitic Tech Library layer 'M1' parameter 'SMIN' = 0.040 does not match 0.026 of technology file (NEX-007)
Warning: Parasitic Tech Library layer 'M2' parameter 'SMIN' = 0.040 does not match 0.026 of technology file (NEX-007)
Warning: Parasitic Tech Library layer 'M3' parameter 'SMIN' = 0.040 does not match 0.026 of technology file (NEX-007)
Warning: Parasitic Tech Library layer 'M1' parameter 'SMIN' = 0.040 does not match 0.026 of technology file (NEX-007)
Warning: Parasitic Tech Library layer 'M2' parameter 'SMIN' = 0.040 does not match 0.026 of technology file (NEX-007)
Warning: Parasitic Tech Library layer 'M3' parameter 'SMIN' = 0.040 does not match 0.026 of technology file (NEX-007)
Warning: Parasitic Tech Library layer 'M8' parameter 'WMIN' = 0.030 does not match 0.060 of technology file (NEX-007)
Warning: Parasitic Tech Library layer 'M8' parameter 'SMIN' = 0.060 does not match 0.040 of technology file (NEX-007)
Information: Design Average RC for design cv32e40p_top_5_cts  (NEX-011)
Information: r = 2.175318 ohm/um, via_r = 1.031427 ohm/cut, c = 0.126338 ff/um, cc = 0.000000 ff/um (X dir) (NEX-017)
Information: r = 2.639974 ohm/um, via_r = 0.663827 ohm/cut, c = 0.120887 ff/um, cc = 0.000000 ff/um (Y dir) (NEX-017)
Information: The stitching and editing of coupling caps is turned OFF for design 'cv32e40p_top:cv32e40p_top_5_cts.design'. (TIM-125)
Information: The RC mode used is VR for design 'cv32e40p_top'. (NEX-022)
Information: Update timing completed net estimation for all the timing graph nets (TIM-111)
Information: Net estimation statistics: timing graph nets = 26876, routed nets = 0, across physical hierarchy nets = 0, parasitics cached nets = 1, delay annotated nets = 0, parasitics annotated nets = 0, multi-voltage nets = 0. (TIM-112)

Mode:func             Latency(early)   Latency(late)
Clock        Updated   rise    fall    rise    fall   Corner
------------------------------------------------------------
clk_i        Yes     0.2411  0.2411  0.2411  0.2411   fast_Cmax
clk_i        Yes     0.2411  0.2411  0.2411  0.2411   fast_Cmin
clk_i        Yes     0.2411  0.2411  0.2411  0.2411   slow_Cmax
clk_i        Yes     0.2411  0.2411  0.2411  0.2411   slow_Cmin

Mode:test             Latency(early)   Latency(late)
Clock        Updated   rise    fall    rise    fall   Corner
------------------------------------------------------------
clk_i        Yes     0.2411  0.2411  0.2411  0.2411   fast_Cmax
clk_i        Yes     0.2411  0.2411  0.2411  0.2411   fast_Cmin
clk_i        Yes     0.2411  0.2411  0.2411  0.2411   slow_Cmax
clk_i        Yes     0.2411  0.2411  0.2411  0.2411   slow_Cmin

Information: The stitching and editing of coupling caps is turned OFF for design 'cv32e40p_top:cv32e40p_top_5_cts.design'. (TIM-125)
Information: Update timing completed net estimation for all the timing graph nets (TIM-111)
Information: Net estimation statistics: timing graph nets = 26876, routed nets = 0, across physical hierarchy nets = 0, parasitics cached nets = 1365, delay annotated nets = 0, parasitics annotated nets = 0, multi-voltage nets = 0. (TIM-112)
Information: All clock objects will be converted from ideal to propagated clock during CTS. (CTS-105)
Information: The net parasitics of block cv32e40p_top are cleared. (TIM-123)
Setting the local skew CTS slack threshold value to 0.050000
Using threshold of 0.050000 to filter timing paths
************************************************************
* CTS STEP: Existing Clock Tree Removal
************************************************************

No buffer or inverter has been removed.
Information: The run time for existing clock tree removal is 0 hr : 0 min : 0.03 sec, cpu time is 0 hr : 0 min : 0.03 sec. (CTS-104)
************************************************************
* CTS STEP: Clock Tree Initialization
************************************************************

Start Auto-Exception Derivations...
 No internal pin was found.
 No conflict pin was found.
 No macro pin was found for clock balance point settings.
 No macro pin was found for disabling self arcs.
Information: The run time for clock tree initialization is 0 hr : 0 min : 0.13 sec, cpu time is 0 hr : 0 min : 0.13 sec. (CTS-104)
Computing global skew target..
Setting target skew for clock: clk_i (mode func) as 0.183676
Setting target skew for clock: clk_i (mode test) as 0.183676
Drc Mode Option: auto
Enable multi-thread Tasks, number of thread is 12
Information: The stitching and editing of coupling caps is turned OFF for design 'cv32e40p_top:cv32e40p_top_5_cts.design'. (TIM-125)
Warning: Technology layer 'M4' setting 'pitch' is not valid (NEX-001)
Warning: Technology layer 'MRDL' setting 'pitch' is not valid (NEX-001)
Warning: Parasitic Tech Library layer 'M1' parameter 'SMIN' = 0.040 does not match 0.026 of technology file (NEX-007)
Warning: Parasitic Tech Library layer 'M2' parameter 'SMIN' = 0.040 does not match 0.026 of technology file (NEX-007)
Warning: Parasitic Tech Library layer 'M3' parameter 'SMIN' = 0.040 does not match 0.026 of technology file (NEX-007)
Warning: Parasitic Tech Library layer 'M1' parameter 'SMIN' = 0.040 does not match 0.026 of technology file (NEX-007)
Warning: Parasitic Tech Library layer 'M2' parameter 'SMIN' = 0.040 does not match 0.026 of technology file (NEX-007)
Warning: Parasitic Tech Library layer 'M3' parameter 'SMIN' = 0.040 does not match 0.026 of technology file (NEX-007)
Warning: Parasitic Tech Library layer 'M8' parameter 'WMIN' = 0.030 does not match 0.060 of technology file (NEX-007)
Warning: Parasitic Tech Library layer 'M8' parameter 'SMIN' = 0.060 does not match 0.040 of technology file (NEX-007)
Information: Design Average RC for design cv32e40p_top_5_cts  (NEX-011)
Information: r = 2.175318 ohm/um, via_r = 1.031427 ohm/cut, c = 0.126338 ff/um, cc = 0.000000 ff/um (X dir) (NEX-017)
Information: r = 2.639974 ohm/um, via_r = 0.663827 ohm/cut, c = 0.120887 ff/um, cc = 0.000000 ff/um (Y dir) (NEX-017)
Information: The RC mode used is VR for design 'cv32e40p_top'. (NEX-022)
Information: Update timing completed net estimation for all the timing graph nets (TIM-111)
Information: Net estimation statistics: timing graph nets = 26876, routed nets = 0, across physical hierarchy nets = 0, parasitics cached nets = 1, delay annotated nets = 0, parasitics annotated nets = 0, multi-voltage nets = 0. (TIM-112)
************************************************************
* CTS STEP: Clock Cell Relocation
************************************************************
Information: Relocated the clock cell 'core_i/sleep_unit_i/core_clock_gate_i/core_clock_gate' from (248.03, 20.00) to (166.55, 146.00). (CTS-106)
A total of 1 clock cells have been relocated
Information: The run time for clock cell relocation is 0 hr : 0 min : 0.03 sec, cpu time is 0 hr : 0 min : 0.03 sec. (CTS-104)
Information: The run time for enable resynthesis is 0 hr : 0 min : 0.03 sec, cpu time is 0 hr : 0 min : 0.03 sec. (CTS-104)
************************************************************
* CTS STEP: Gate-By-Gate Clock Tree Synthesis
************************************************************
-------------------------------------------------------------
 Gate level 2 clock tree synthesis
 driving pin = core_i/sleep_unit_i/core_clock_gate_i/core_clock_gate/Q
 Clocks:
     clk_i (func), clk_i (test)
 Design rule constraints:
     max transition  = 0.100000
     max capacitance = 600.000000
 Number of load sinks = 2255
 Number of ignore points = 0
Information: The RC mode used is VR for design 'cv32e40p_top'. (NEX-022)
 Added 96 Repeaters. Built 3 Repeater Levels
 Phase delay: core_i/sleep_unit_i/core_clock_gate_i/core_clock_gate/CK : (0.156 0.127) : skew = 0.029
-------------------------------------------------------------
 Gate level 1 clock tree synthesis
 driving pin = clk_i
 Clocks:
     clk_i (func), clk_i (test)
 Design rule constraints:
     max transition  = 0.100000
     max capacitance = 600.000000
 Number of load sinks = 3
 Number of ignore points = 0
 Number of gates with existing phase delay = 1
    1. Phase delay = (max r/f: 0.156078/__ min r/f: 0.126667/__) : skew = 0.029411 : core_i/sleep_unit_i/core_clock_gate_i/core_clock_gate/CK
 Added 3 Repeaters. Built 2 Repeater Levels
 Phase delay: clk_i : (0.194 0.086) : skew = 0.108
Information: The run time for gate-by-gate clock tree synthesis is 0 hr : 0 min : 17.72 sec, cpu time is 0 hr : 0 min : 18.30 sec. (CTS-104)
************************************************************
* CTS STEP: DRC Fixing Beyond Exceptions
************************************************************
Information: The run time for DRC fixing beyond exceptions is 0 hr : 0 min : 0.01 sec, cpu time is 0 hr : 0 min : 0.01 sec. (CTS-104)
There are 99 buffers and 0 inverters added (total area 36.63) by Clock Tree Synthesis.
************************************************************
* CTS STEP: Clock Net Global Routing
************************************************************
Warning: Cell contains tie connections which are not connected to real PG. (ZRT-511)
Turn off antenna since no rule is specified
Cell Min-Routing-Layer = M1
Cell Max-Routing-Layer = M9
Warning: Ignore 2 top cell ports with no pins. (ZRT-027)
Skipping 3 internal pins that are not physical. Set route.common.verbose_level to > 0 and run routing command to get skipped pin names.
Info: number of net_type_blockage: 0 
Via on layer (VIA1) needs more than one tracks
Warning: Layer M1 pitch 0.074 may be too small: wire/via-down 0.074, wire/via-up 0.098. (ZRT-026)
Via on layer (VIA1) needs more than one tracks
Warning: Layer M2 pitch 0.060 may be too small: wire/via-down 0.098, wire/via-up 0.060. (ZRT-026)
Via on layer (VIA3) needs more than one tracks
Warning: Layer M3 pitch 0.074 may be too small: wire/via-down 0.060, wire/via-up 0.080. (ZRT-026)
Wire on layer (M4) needs more than one tracks
Via on layer (VIA3) needs more than one tracks
Via on layer (VIA4) needs more than one tracks
Warning: Layer M4 pitch 0.074 may be too small: wire/via-down 0.107, wire/via-up 0.105. (ZRT-026)
Via on layer (VIA4) needs more than one tracks
Warning: Layer M5 pitch 0.120 may be too small: wire/via-down 0.135, wire/via-up 0.107. (ZRT-026)
Via on layer (VIA8) needs more than one tracks
Warning: Layer M8 pitch 0.120 may be too small: wire/via-down 0.107, wire/via-up 0.135. (ZRT-026)
Wire on layer (M9) needs more than one tracks
Via on layer (VIA8) needs more than one tracks
Via on layer (VIARDL) needs more than one tracks
Warning: Layer M9 pitch 0.120 may be too small: wire/via-down 0.135, wire/via-up 1.570. (ZRT-026)
Via on layer (VIARDL) needs more than one tracks
Warning: Layer MRDL pitch 0.600 may be too small: wire/via-down 4.500, wire/via-up 0.600. (ZRT-026)
Transition layer name: M3(2)
Warning: Standard cell pin SAEDRVT14_NR2_2/A1 has no valid via regions. (ZRT-044)
Warning: Standard cell pin SAEDRVT14_NR2_2/X has no valid via regions. (ZRT-044)
Warning: Standard cell pin SAEDRVT14_NR3B_4/A has no valid via regions. (ZRT-044)
Warning: Standard cell pin SAEDRVT14_OA2BB2_2/B1 has no valid via regions. (ZRT-044)
Performing initial clock net global routing ...
Loading parastics information to the router ...
Warning: Technology layer 'M4' setting 'pitch' is not valid (NEX-001)
Warning: Technology layer 'MRDL' setting 'pitch' is not valid (NEX-001)
Warning: Parasitic Tech Library layer 'M1' parameter 'SMIN' = 0.040 does not match 0.026 of technology file (NEX-007)
Warning: Parasitic Tech Library layer 'M2' parameter 'SMIN' = 0.040 does not match 0.026 of technology file (NEX-007)
Warning: Parasitic Tech Library layer 'M3' parameter 'SMIN' = 0.040 does not match 0.026 of technology file (NEX-007)
Warning: Parasitic Tech Library layer 'M1' parameter 'SMIN' = 0.040 does not match 0.026 of technology file (NEX-007)
Warning: Parasitic Tech Library layer 'M2' parameter 'SMIN' = 0.040 does not match 0.026 of technology file (NEX-007)
Warning: Parasitic Tech Library layer 'M3' parameter 'SMIN' = 0.040 does not match 0.026 of technology file (NEX-007)
Warning: Parasitic Tech Library layer 'M8' parameter 'WMIN' = 0.030 does not match 0.060 of technology file (NEX-007)
Warning: Parasitic Tech Library layer 'M8' parameter 'SMIN' = 0.060 does not match 0.040 of technology file (NEX-007)
parastics information loaded to the router.
Information: The net parasitics of block cv32e40p_top are cleared. (TIM-123)
Total number of global routed clock nets: 101
Information: The run time for clock net global routing is 0 hr : 0 min : 4.32 sec, cpu time is 0 hr : 0 min : 13.59 sec. (CTS-104)
Information: The stitching and editing of coupling caps is turned OFF for design 'cv32e40p_top:cv32e40p_top_5_cts.design'. (TIM-125)
Information: Design cv32e40p_top_5_cts has 26977 nets, 101 global routed, 0 detail routed. (NEX-024)
Warning: Technology layer 'M4' setting 'pitch' is not valid (NEX-001)
Warning: Technology layer 'MRDL' setting 'pitch' is not valid (NEX-001)
Warning: Parasitic Tech Library layer 'M1' parameter 'SMIN' = 0.040 does not match 0.026 of technology file (NEX-007)
Warning: Parasitic Tech Library layer 'M2' parameter 'SMIN' = 0.040 does not match 0.026 of technology file (NEX-007)
Warning: Parasitic Tech Library layer 'M3' parameter 'SMIN' = 0.040 does not match 0.026 of technology file (NEX-007)
Warning: Parasitic Tech Library layer 'M1' parameter 'SMIN' = 0.040 does not match 0.026 of technology file (NEX-007)
Warning: Parasitic Tech Library layer 'M2' parameter 'SMIN' = 0.040 does not match 0.026 of technology file (NEX-007)
Warning: Parasitic Tech Library layer 'M3' parameter 'SMIN' = 0.040 does not match 0.026 of technology file (NEX-007)
Warning: Parasitic Tech Library layer 'M8' parameter 'WMIN' = 0.030 does not match 0.060 of technology file (NEX-007)
Warning: Parasitic Tech Library layer 'M8' parameter 'SMIN' = 0.060 does not match 0.040 of technology file (NEX-007)
Information: The RC mode used is CTO for design 'cv32e40p_top'. (NEX-022)
Information: Update timing completed net estimation for all the timing graph nets (TIM-111)
Information: Net estimation statistics: timing graph nets = 26975, routed nets = 101, across physical hierarchy nets = 0, parasitics cached nets = 101, delay annotated nets = 0, parasitics annotated nets = 0, multi-voltage nets = 0. (TIM-112)
************************************************************
* CTS STEP: Pre-Optimization DRC Fixing
************************************************************
-------------------------------------------------------------
Fixing clock: clk_i mode: test root: clk_i

Clock QoR Before Fixing Clock Tree DRC Violation ...
Clock: clk_i, Mode: test, Root: clk_i
Information: CTS QoR Pre Initial DRC Fixing: GlobalSkew = 0.0488; ID = 0.0905; NetsWithDRC = 0; Worst Tran/Cap/Fanout cost = 0.0000/0.0000/0; ClockBufArea = 36.6300; ClockCellArea = 37.5180; Clock = clk_i; Mode = test; Corner = fast_Cmax; ClockRoot = clk_i. (CTS-037)
Information: CTS QoR Pre Initial DRC Fixing: GlobalSkew = 0.0467; ID = 0.0862; NetsWithDRC = 0; Worst Tran/Cap/Fanout cost = 0.0000/0.0000/0; ClockBufArea = 36.6300; ClockCellArea = 37.5180; Clock = clk_i; Mode = test; Corner = fast_Cmin; ClockRoot = clk_i. (CTS-037)
Information: CTS QoR Pre Initial DRC Fixing: GlobalSkew = 0.0992; ID = 0.1905; NetsWithDRC = 0; Worst Tran/Cap/Fanout cost = 0.0000/0.0000/0; ClockBufArea = 36.6300; ClockCellArea = 37.5180; Clock = clk_i; Mode = test; Corner = slow_Cmax; ClockRoot = clk_i. (CTS-037)
Information: CTS QoR Pre Initial DRC Fixing: GlobalSkew = 0.0938; ID = 0.1808; NetsWithDRC = 0; Worst Tran/Cap/Fanout cost = 0.0000/0.0000/0; ClockBufArea = 36.6300; ClockCellArea = 37.5180; Clock = clk_i; Mode = test; Corner = slow_Cmin; ClockRoot = clk_i. (CTS-037)

Starting fixing clock tree DRC Violation ...
Resized 0 cell(s), relocated 0 cell(s), cloned 0 cell(s) and inserted 0 buffer(s)/inverter(s)
Cloned 0 non-repeater gate(s)
Ran incremental ZGR 0 time(s) for 0 net(s) and restored ZGR 0 time(s) for 0 net(s)
Clock QoR After Fixing Pre-Opt DRC Violation:
Clock: clk_i, Mode: test, Root: clk_i
Information: CTS QoR Post Initial DRC Fixing: GlobalSkew = 0.0488; ID = 0.0905; NetsWithDRC = 0; Worst Tran/Cap/Fanout cost = 0.0000/0.0000/0; ClockBufArea = 36.6300; ClockCellArea = 37.5180; Clock = clk_i; Mode = test; Corner = fast_Cmax; ClockRoot = clk_i. (CTS-037)
Information: CTS QoR Post Initial DRC Fixing: GlobalSkew = 0.0467; ID = 0.0862; NetsWithDRC = 0; Worst Tran/Cap/Fanout cost = 0.0000/0.0000/0; ClockBufArea = 36.6300; ClockCellArea = 37.5180; Clock = clk_i; Mode = test; Corner = fast_Cmin; ClockRoot = clk_i. (CTS-037)
Information: CTS QoR Post Initial DRC Fixing: GlobalSkew = 0.0992; ID = 0.1905; NetsWithDRC = 0; Worst Tran/Cap/Fanout cost = 0.0000/0.0000/0; ClockBufArea = 36.6300; ClockCellArea = 37.5180; Clock = clk_i; Mode = test; Corner = slow_Cmax; ClockRoot = clk_i. (CTS-037)
Information: CTS QoR Post Initial DRC Fixing: GlobalSkew = 0.0938; ID = 0.1808; NetsWithDRC = 0; Worst Tran/Cap/Fanout cost = 0.0000/0.0000/0; ClockBufArea = 36.6300; ClockCellArea = 37.5180; Clock = clk_i; Mode = test; Corner = slow_Cmin; ClockRoot = clk_i. (CTS-037)
The elapsed time for fixing DRC violation is 0 hr : 0 min : 0.09 sec, cpu time is 0 hr : 0 min : 0.32 sec.
-------------------------------------------------------------
Fixing clock: clk_i mode: func root: clk_i

Clock QoR Before Fixing Clock Tree DRC Violation ...
Clock: clk_i, Mode: func, Root: clk_i
Information: CTS QoR Pre Initial DRC Fixing: GlobalSkew = 0.0488; ID = 0.0905; NetsWithDRC = 0; Worst Tran/Cap/Fanout cost = 0.0000/0.0000/0; ClockBufArea = 36.6300; ClockCellArea = 37.5180; Clock = clk_i; Mode = func; Corner = fast_Cmax; ClockRoot = clk_i. (CTS-037)
Information: CTS QoR Pre Initial DRC Fixing: GlobalSkew = 0.0467; ID = 0.0862; NetsWithDRC = 0; Worst Tran/Cap/Fanout cost = 0.0000/0.0000/0; ClockBufArea = 36.6300; ClockCellArea = 37.5180; Clock = clk_i; Mode = func; Corner = fast_Cmin; ClockRoot = clk_i. (CTS-037)
Information: CTS QoR Pre Initial DRC Fixing: GlobalSkew = 0.0992; ID = 0.2084; NetsWithDRC = 0; Worst Tran/Cap/Fanout cost = 0.0000/0.0000/0; ClockBufArea = 36.6300; ClockCellArea = 37.5180; Clock = clk_i; Mode = func; Corner = slow_Cmax; ClockRoot = clk_i. (CTS-037)
Information: CTS QoR Pre Initial DRC Fixing: GlobalSkew = 0.0938; ID = 0.1808; NetsWithDRC = 0; Worst Tran/Cap/Fanout cost = 0.0000/0.0000/0; ClockBufArea = 36.6300; ClockCellArea = 37.5180; Clock = clk_i; Mode = func; Corner = slow_Cmin; ClockRoot = clk_i. (CTS-037)

Starting fixing clock tree DRC Violation ...
Resized 0 cell(s), relocated 0 cell(s), cloned 0 cell(s) and inserted 0 buffer(s)/inverter(s)
Cloned 0 non-repeater gate(s)
Ran incremental ZGR 0 time(s) for 0 net(s) and restored ZGR 0 time(s) for 0 net(s)
Clock QoR After Fixing Pre-Opt DRC Violation:
Clock: clk_i, Mode: func, Root: clk_i
Information: CTS QoR Post Initial DRC Fixing: GlobalSkew = 0.0488; ID = 0.0905; NetsWithDRC = 0; Worst Tran/Cap/Fanout cost = 0.0000/0.0000/0; ClockBufArea = 36.6300; ClockCellArea = 37.5180; Clock = clk_i; Mode = func; Corner = fast_Cmax; ClockRoot = clk_i. (CTS-037)
Information: CTS QoR Post Initial DRC Fixing: GlobalSkew = 0.0467; ID = 0.0862; NetsWithDRC = 0; Worst Tran/Cap/Fanout cost = 0.0000/0.0000/0; ClockBufArea = 36.6300; ClockCellArea = 37.5180; Clock = clk_i; Mode = func; Corner = fast_Cmin; ClockRoot = clk_i. (CTS-037)
Information: CTS QoR Post Initial DRC Fixing: GlobalSkew = 0.0992; ID = 0.2084; NetsWithDRC = 0; Worst Tran/Cap/Fanout cost = 0.0000/0.0000/0; ClockBufArea = 36.6300; ClockCellArea = 37.5180; Clock = clk_i; Mode = func; Corner = slow_Cmax; ClockRoot = clk_i. (CTS-037)
Information: CTS QoR Post Initial DRC Fixing: GlobalSkew = 0.0938; ID = 0.1808; NetsWithDRC = 0; Worst Tran/Cap/Fanout cost = 0.0000/0.0000/0; ClockBufArea = 36.6300; ClockCellArea = 37.5180; Clock = clk_i; Mode = func; Corner = slow_Cmin; ClockRoot = clk_i. (CTS-037)
The elapsed time for fixing DRC violation is 0 hr : 0 min : 0.06 sec, cpu time is 0 hr : 0 min : 0.12 sec.
Information: The run time for pre-optimization DRC fixing is 0 hr : 0 min : 0.15 sec, cpu time is 0 hr : 0 min : 0.44 sec. (CTS-104)
************************************************************
* CTS STEP: Skew Latency Optimization and Area Recovery
************************************************************
-------------------------------------------------------------
Optimizing clock tree
clock: clk_i mode: func root: clk_i
Clock QoR Before Optimization:
Clock: clk_i, Mode: func, Root: clk_i
Information: CTS QoR Pre Optimization: GlobalSkew = 0.0488; ID = 0.0905; NetsWithDRC = 0; Worst Tran/Cap/Fanout cost = 0.0000/0.0000/0; ClockBufArea = 36.6300; ClockCellArea = 37.5180; Clock = clk_i; Mode = func; Corner = fast_Cmax; ClockRoot = clk_i. (CTS-037)
Information: CTS QoR Pre Optimization: GlobalSkew = 0.0467; ID = 0.0862; NetsWithDRC = 0; Worst Tran/Cap/Fanout cost = 0.0000/0.0000/0; ClockBufArea = 36.6300; ClockCellArea = 37.5180; Clock = clk_i; Mode = func; Corner = fast_Cmin; ClockRoot = clk_i. (CTS-037)
Information: CTS QoR Pre Optimization: GlobalSkew = 0.0992; ID = 0.2084; NetsWithDRC = 0; Worst Tran/Cap/Fanout cost = 0.0000/0.0000/0; ClockBufArea = 36.6300; ClockCellArea = 37.5180; Clock = clk_i; Mode = func; Corner = slow_Cmax; ClockRoot = clk_i. (CTS-037)
Information: CTS QoR Pre Optimization: GlobalSkew = 0.0938; ID = 0.1808; NetsWithDRC = 0; Worst Tran/Cap/Fanout cost = 0.0000/0.0000/0; ClockBufArea = 36.6300; ClockCellArea = 37.5180; Clock = clk_i; Mode = func; Corner = slow_Cmin; ClockRoot = clk_i. (CTS-037)

Begin Network Flow Based Optimization:
Information: Design Average RC for design cv32e40p_top_5_cts  (NEX-011)
Information: r = 2.175318 ohm/um, via_r = 1.031427 ohm/cut, c = 0.127527 ff/um, cc = 0.000000 ff/um (X dir) (NEX-017)
Information: r = 2.639974 ohm/um, via_r = 0.663827 ohm/cut, c = 0.121912 ff/um, cc = 0.000000 ff/um (Y dir) (NEX-017)
Begin building search trees for block cv32e40p_top:cv32e40p_top_5_cts.design
Done building search trees for block cv32e40p_top:cv32e40p_top_5_cts.design (time 0s)
Begin building search trees for block cv32e40p_top:cv32e40p_top_5_cts.design
Done building search trees for block cv32e40p_top:cv32e40p_top_5_cts.design (time 0s)
Begin building search trees for block cv32e40p_top:cv32e40p_top_5_cts.design
Done building search trees for block cv32e40p_top:cv32e40p_top_5_cts.design (time 0s)
Default network flow optimizer made 9 successful improvements out of 14 iterations
Resized 4, relocated 1, deleted 1, inserted 0, sizeUp Relocated 0 cells
The elapsed time for network flow optimization is 0 hr : 0 min : 6.52 sec, cpu time is 0 hr : 0 min : 11.91 sec.
Ran incremental ZGR 26 time(s) for 55 net(s) and restored ZGR 10 time(s) for 26 net(s)
Clock Qor After Network Flow Optimization:
Clock: clk_i, Mode: func, Root: clk_i
Information: CTS QoR Post Optimization: GlobalSkew = 0.0409; ID = 0.0830; NetsWithDRC = 0; Worst Tran/Cap/Fanout cost = 0.0000/0.0000/0; ClockBufArea = 36.3192; ClockCellArea = 37.2072; Clock = clk_i; Mode = func; Corner = fast_Cmax; ClockRoot = clk_i. (CTS-037)
Information: CTS QoR Post Optimization: GlobalSkew = 0.0388; ID = 0.0788; NetsWithDRC = 0; Worst Tran/Cap/Fanout cost = 0.0000/0.0000/0; ClockBufArea = 36.3192; ClockCellArea = 37.2072; Clock = clk_i; Mode = func; Corner = fast_Cmin; ClockRoot = clk_i. (CTS-037)
Information: CTS QoR Post Optimization: GlobalSkew = 0.0762; ID = 0.1820; NetsWithDRC = 0; Worst Tran/Cap/Fanout cost = 0.0000/0.0000/0; ClockBufArea = 36.3192; ClockCellArea = 37.2072; Clock = clk_i; Mode = func; Corner = slow_Cmax; ClockRoot = clk_i. (CTS-037)
Information: CTS QoR Post Optimization: GlobalSkew = 0.0721; ID = 0.1618; NetsWithDRC = 0; Worst Tran/Cap/Fanout cost = 0.0000/0.0000/0; ClockBufArea = 36.3192; ClockCellArea = 37.2072; Clock = clk_i; Mode = func; Corner = slow_Cmin; ClockRoot = clk_i. (CTS-037)

Begin Area Recovery Buffer Removal:
Begin building search trees for block cv32e40p_top:cv32e40p_top_5_cts.design
Done building search trees for block cv32e40p_top:cv32e40p_top_5_cts.design (time 0s)
Begin building search trees for block cv32e40p_top:cv32e40p_top_5_cts.design
Done building search trees for block cv32e40p_top:cv32e40p_top_5_cts.design (time 0s)
Begin building search trees for block cv32e40p_top:cv32e40p_top_5_cts.design
Done building search trees for block cv32e40p_top:cv32e40p_top_5_cts.design (time 0s)
Begin building search trees for block cv32e40p_top:cv32e40p_top_5_cts.design
Done building search trees for block cv32e40p_top:cv32e40p_top_5_cts.design (time 0s)
Begin building search trees for block cv32e40p_top:cv32e40p_top_5_cts.design
Done building search trees for block cv32e40p_top:cv32e40p_top_5_cts.design (time 0s)
Begin building search trees for block cv32e40p_top:cv32e40p_top_5_cts.design
Done building search trees for block cv32e40p_top:cv32e40p_top_5_cts.design (time 0s)
Begin building search trees for block cv32e40p_top:cv32e40p_top_5_cts.design
Done building search trees for block cv32e40p_top:cv32e40p_top_5_cts.design (time 0s)
Begin building search trees for block cv32e40p_top:cv32e40p_top_5_cts.design
Done building search trees for block cv32e40p_top:cv32e40p_top_5_cts.design (time 0s)
Begin building search trees for block cv32e40p_top:cv32e40p_top_5_cts.design
Done building search trees for block cv32e40p_top:cv32e40p_top_5_cts.design (time 0s)
Begin building search trees for block cv32e40p_top:cv32e40p_top_5_cts.design
Done building search trees for block cv32e40p_top:cv32e40p_top_5_cts.design (time 0s)
Begin building search trees for block cv32e40p_top:cv32e40p_top_5_cts.design
Done building search trees for block cv32e40p_top:cv32e40p_top_5_cts.design (time 0s)
Begin building search trees for block cv32e40p_top:cv32e40p_top_5_cts.design
Done building search trees for block cv32e40p_top:cv32e40p_top_5_cts.design (time 0s)
Begin building search trees for block cv32e40p_top:cv32e40p_top_5_cts.design
Done building search trees for block cv32e40p_top:cv32e40p_top_5_cts.design (time 0s)
Begin building search trees for block cv32e40p_top:cv32e40p_top_5_cts.design
Done building search trees for block cv32e40p_top:cv32e40p_top_5_cts.design (time 0s)
Begin building search trees for block cv32e40p_top:cv32e40p_top_5_cts.design
Done building search trees for block cv32e40p_top:cv32e40p_top_5_cts.design (time 0s)
Begin building search trees for block cv32e40p_top:cv32e40p_top_5_cts.design
Done building search trees for block cv32e40p_top:cv32e40p_top_5_cts.design (time 0s)
Begin building search trees for block cv32e40p_top:cv32e40p_top_5_cts.design
Done building search trees for block cv32e40p_top:cv32e40p_top_5_cts.design (time 0s)
Begin building search trees for block cv32e40p_top:cv32e40p_top_5_cts.design
Done building search trees for block cv32e40p_top:cv32e40p_top_5_cts.design (time 0s)
Begin building search trees for block cv32e40p_top:cv32e40p_top_5_cts.design
Done building search trees for block cv32e40p_top:cv32e40p_top_5_cts.design (time 0s)
Begin building search trees for block cv32e40p_top:cv32e40p_top_5_cts.design
Done building search trees for block cv32e40p_top:cv32e40p_top_5_cts.design (time 0s)
Begin building search trees for block cv32e40p_top:cv32e40p_top_5_cts.design
Done building search trees for block cv32e40p_top:cv32e40p_top_5_cts.design (time 0s)
Begin building search trees for block cv32e40p_top:cv32e40p_top_5_cts.design
Done building search trees for block cv32e40p_top:cv32e40p_top_5_cts.design (time 0s)
Begin building search trees for block cv32e40p_top:cv32e40p_top_5_cts.design
Done building search trees for block cv32e40p_top:cv32e40p_top_5_cts.design (time 0s)
Begin building search trees for block cv32e40p_top:cv32e40p_top_5_cts.design
Done building search trees for block cv32e40p_top:cv32e40p_top_5_cts.design (time 0s)
Begin building search trees for block cv32e40p_top:cv32e40p_top_5_cts.design
Done building search trees for block cv32e40p_top:cv32e40p_top_5_cts.design (time 0s)
Begin building search trees for block cv32e40p_top:cv32e40p_top_5_cts.design
Done building search trees for block cv32e40p_top:cv32e40p_top_5_cts.design (time 0s)
Begin building search trees for block cv32e40p_top:cv32e40p_top_5_cts.design
Done building search trees for block cv32e40p_top:cv32e40p_top_5_cts.design (time 0s)
Begin building search trees for block cv32e40p_top:cv32e40p_top_5_cts.design
Done building search trees for block cv32e40p_top:cv32e40p_top_5_cts.design (time 0s)
Begin building search trees for block cv32e40p_top:cv32e40p_top_5_cts.design
Done building search trees for block cv32e40p_top:cv32e40p_top_5_cts.design (time 0s)
Begin building search trees for block cv32e40p_top:cv32e40p_top_5_cts.design
Done building search trees for block cv32e40p_top:cv32e40p_top_5_cts.design (time 0s)
Begin building search trees for block cv32e40p_top:cv32e40p_top_5_cts.design
Done building search trees for block cv32e40p_top:cv32e40p_top_5_cts.design (time 0s)
Begin building search trees for block cv32e40p_top:cv32e40p_top_5_cts.design
Done building search trees for block cv32e40p_top:cv32e40p_top_5_cts.design (time 0s)
AR: deleted 0 cell(s)
Ran incremental ZGR 97 time(s) for 97 net(s) and restored ZGR 0 time(s) for 0 net(s)
Clock QoR After Area Recovery Removal:
Clock: clk_i, Mode: func, Root: clk_i
Information: CTS QoR Post Area Recovery: GlobalSkew = 0.0409; ID = 0.0830; NetsWithDRC = 0; Worst Tran/Cap/Fanout cost = 0.0000/0.0000/0; ClockBufArea = 36.3192; ClockCellArea = 37.2072; Clock = clk_i; Mode = func; Corner = fast_Cmax; ClockRoot = clk_i. (CTS-037)
Information: CTS QoR Post Area Recovery: GlobalSkew = 0.0388; ID = 0.0788; NetsWithDRC = 0; Worst Tran/Cap/Fanout cost = 0.0000/0.0000/0; ClockBufArea = 36.3192; ClockCellArea = 37.2072; Clock = clk_i; Mode = func; Corner = fast_Cmin; ClockRoot = clk_i. (CTS-037)
Information: CTS QoR Post Area Recovery: GlobalSkew = 0.0762; ID = 0.1820; NetsWithDRC = 0; Worst Tran/Cap/Fanout cost = 0.0000/0.0000/0; ClockBufArea = 36.3192; ClockCellArea = 37.2072; Clock = clk_i; Mode = func; Corner = slow_Cmax; ClockRoot = clk_i. (CTS-037)
Information: CTS QoR Post Area Recovery: GlobalSkew = 0.0721; ID = 0.1618; NetsWithDRC = 0; Worst Tran/Cap/Fanout cost = 0.0000/0.0000/0; ClockBufArea = 36.3192; ClockCellArea = 37.2072; Clock = clk_i; Mode = func; Corner = slow_Cmin; ClockRoot = clk_i. (CTS-037)

Begin Area Recovery Resizing:
Begin building search trees for block cv32e40p_top:cv32e40p_top_5_cts.design
Done building search trees for block cv32e40p_top:cv32e40p_top_5_cts.design (time 0s)
Begin building search trees for block cv32e40p_top:cv32e40p_top_5_cts.design
Done building search trees for block cv32e40p_top:cv32e40p_top_5_cts.design (time 0s)
AR: resized 5 out of 99 cell(s)
Ran incremental ZGR 5 time(s) for 11 net(s) and restored ZGR 1 time(s) for 22 net(s)
Clock QoR After Area Recovery Resizing:
Clock: clk_i, Mode: func, Root: clk_i
Information: CTS QoR Post Area Recovery: GlobalSkew = 0.0408; ID = 0.0829; NetsWithDRC = 0; Worst Tran/Cap/Fanout cost = 0.0000/0.0000/0; ClockBufArea = 36.0972; ClockCellArea = 36.9852; Clock = clk_i; Mode = func; Corner = fast_Cmax; ClockRoot = clk_i. (CTS-037)
Information: CTS QoR Post Area Recovery: GlobalSkew = 0.0387; ID = 0.0787; NetsWithDRC = 0; Worst Tran/Cap/Fanout cost = 0.0000/0.0000/0; ClockBufArea = 36.0972; ClockCellArea = 36.9852; Clock = clk_i; Mode = func; Corner = fast_Cmin; ClockRoot = clk_i. (CTS-037)
Information: CTS QoR Post Area Recovery: GlobalSkew = 0.0761; ID = 0.1819; NetsWithDRC = 0; Worst Tran/Cap/Fanout cost = 0.0000/0.0000/0; ClockBufArea = 36.0972; ClockCellArea = 36.9852; Clock = clk_i; Mode = func; Corner = slow_Cmax; ClockRoot = clk_i. (CTS-037)
Information: CTS QoR Post Area Recovery: GlobalSkew = 0.0718; ID = 0.1615; NetsWithDRC = 0; Worst Tran/Cap/Fanout cost = 0.0000/0.0000/0; ClockBufArea = 36.0972; ClockCellArea = 36.9852; Clock = clk_i; Mode = func; Corner = slow_Cmin; ClockRoot = clk_i. (CTS-037)
The elapsed time for area recovery is 0 hr : 0 min : 24.45 sec, cpu time is 0 hr : 1 min : 7.59 sec.
The elapsed time for optimization of clock tree is 0 hr : 0 min : 31.10 sec, cpu time is 0 hr : 1 min : 20.13 sec.
Information: The stitching and editing of coupling caps is turned OFF for design 'cv32e40p_top:cv32e40p_top_5_cts.design'. (TIM-125)
Information: Update timing completed net estimation for all the timing graph nets (TIM-111)
Information: Net estimation statistics: timing graph nets = 26974, routed nets = 100, across physical hierarchy nets = 0, parasitics cached nets = 100, delay annotated nets = 0, parasitics annotated nets = 0, multi-voltage nets = 0. (TIM-112)

Mode:func             Latency(early)   Latency(late)
Clock        Updated   rise    fall    rise    fall   Corner
------------------------------------------------------------
clk_i        Yes     0.0774  0.0774  0.0774  0.0774   fast_Cmax
clk_i        Yes     0.0736  0.0736  0.0736  0.0736   fast_Cmin
clk_i        Yes     0.1723  0.1723  0.1723  0.1723   slow_Cmax
clk_i        Yes     0.1531  0.1531  0.1531  0.1531   slow_Cmin

Mode:test             Latency(early)   Latency(late)
Clock        Updated   rise    fall    rise    fall   Corner
------------------------------------------------------------
clk_i        Yes     0.0774  0.0774  0.0774  0.0774   fast_Cmax
clk_i        Yes     0.0736  0.0736  0.0736  0.0736   fast_Cmin
clk_i        Yes     0.1609  0.1609  0.1609  0.1609   slow_Cmax
clk_i        Yes     0.1531  0.1531  0.1531  0.1531   slow_Cmin

Information: The stitching and editing of coupling caps is turned OFF for design 'cv32e40p_top:cv32e40p_top_5_cts.design'. (TIM-125)
Information: Update timing completed net estimation for all the timing graph nets (TIM-111)
Information: Net estimation statistics: timing graph nets = 26974, routed nets = 100, across physical hierarchy nets = 0, parasitics cached nets = 1472, delay annotated nets = 0, parasitics annotated nets = 0, multi-voltage nets = 0. (TIM-112)
Information: The stitching and editing of coupling caps is turned OFF for design 'cv32e40p_top:cv32e40p_top_5_cts.design'. (TIM-125)
Information: Update timing completed net estimation for all the timing graph nets (TIM-111)
Information: Net estimation statistics: timing graph nets = 26974, routed nets = 100, across physical hierarchy nets = 0, parasitics cached nets = 100, delay annotated nets = 0, parasitics annotated nets = 0, multi-voltage nets = 0. (TIM-112)
-------------------------------------------------------------
Optimizing clock tree local skew
clock: clk_i mode: func root: clk_i
Clock QoR Before Optimization:
Clock: clk_i, Mode: func, Root: clk_i
Information: CTS QoR Pre Local Skew Optimization: GlobalSkew = 0.0408; ID = 0.0829; NetsWithDRC = 0; Worst Tran/Cap/Fanout cost = 0.0000/0.0000/0; ClockBufArea = 36.0972; ClockCellArea = 36.9852; Clock = clk_i; Mode = func; Corner = fast_Cmax; ClockRoot = clk_i. (CTS-037)
Information: CTS QoR Pre Local Skew Optimization: GlobalSkew = 0.0387; ID = 0.0787; NetsWithDRC = 0; Worst Tran/Cap/Fanout cost = 0.0000/0.0000/0; ClockBufArea = 36.0972; ClockCellArea = 36.9852; Clock = clk_i; Mode = func; Corner = fast_Cmin; ClockRoot = clk_i. (CTS-037)
Information: CTS QoR Pre Local Skew Optimization: GlobalSkew = 0.0761; ID = 0.1819; NetsWithDRC = 0; Worst Tran/Cap/Fanout cost = 0.0000/0.0000/0; ClockBufArea = 36.0972; ClockCellArea = 36.9852; Clock = clk_i; Mode = func; Corner = slow_Cmax; ClockRoot = clk_i. (CTS-037)
Information: CTS QoR Pre Local Skew Optimization: GlobalSkew = 0.0718; ID = 0.1615; NetsWithDRC = 0; Worst Tran/Cap/Fanout cost = 0.0000/0.0000/0; ClockBufArea = 36.0972; ClockCellArea = 36.9852; Clock = clk_i; Mode = func; Corner = slow_Cmin; ClockRoot = clk_i. (CTS-037)

Begin Network Flow Based Optimization:
Total trial resizing 8 time(s) accepted 1 time(s)
Network Flow Optimization cpu time 00:00:00.46u 00:00:00.01s 00:00:00.28e: 
Ran incremental ZGR 1 time(s) for 2 net(s) and restored ZGR 0 time(s) for 0 net(s)
Clock Qor After Optimization:
Clock: clk_i, Mode: func, Root: clk_i
Information: CTS QoR Post Local Skew Optimization: GlobalSkew = 0.0408; ID = 0.0829; NetsWithDRC = 0; Worst Tran/Cap/Fanout cost = 0.0000/0.0000/0; ClockBufArea = 36.0972; ClockCellArea = 36.9852; Clock = clk_i; Mode = func; Corner = fast_Cmax; ClockRoot = clk_i. (CTS-037)
Information: CTS QoR Post Local Skew Optimization: GlobalSkew = 0.0387; ID = 0.0787; NetsWithDRC = 0; Worst Tran/Cap/Fanout cost = 0.0000/0.0000/0; ClockBufArea = 36.0972; ClockCellArea = 36.9852; Clock = clk_i; Mode = func; Corner = fast_Cmin; ClockRoot = clk_i. (CTS-037)
Information: CTS QoR Post Local Skew Optimization: GlobalSkew = 0.0761; ID = 0.1819; NetsWithDRC = 0; Worst Tran/Cap/Fanout cost = 0.0000/0.0000/0; ClockBufArea = 36.0972; ClockCellArea = 36.9852; Clock = clk_i; Mode = func; Corner = slow_Cmax; ClockRoot = clk_i. (CTS-037)
Information: CTS QoR Post Local Skew Optimization: GlobalSkew = 0.0718; ID = 0.1615; NetsWithDRC = 0; Worst Tran/Cap/Fanout cost = 0.0000/0.0000/0; ClockBufArea = 36.0972; ClockCellArea = 36.9852; Clock = clk_i; Mode = func; Corner = slow_Cmin; ClockRoot = clk_i. (CTS-037)
The elapsed time for optimization of clock tree is 0 hr : 0 min : 0.37 sec, cpu time is 0 hr : 0 min : 0.90 sec.
Information: The run time for skew latency optimization is 0 hr : 0 min : 45.96 sec, cpu time is 0 hr : 2 min : 14.30 sec. (CTS-104)
************************************************************
* CTS STEP: Post-Optimization DRC Fixing
************************************************************
-------------------------------------------------------------
Fixing clock: clk_i mode: test root: clk_i
Resized 0 cell(s), relocated 0 cell(s), cloned 0 cell(s) and inserted 0 buffer(s)/inverter(s)
Cloned 0 non-repeater gate(s)
Ran incremental ZGR 0 time(s) for 0 net(s) and restored ZGR 0 time(s) for 0 net(s)
Clock QoR After Fixing Post-Opt DRC Violation:
Clock: clk_i, Mode: test, Root: clk_i
Information: CTS QoR Post Final DRC Fixing: GlobalSkew = 0.0408; ID = 0.0829; NetsWithDRC = 0; Worst Tran/Cap/Fanout cost = 0.0000/0.0000/0; ClockBufArea = 36.0972; ClockCellArea = 36.9852; Clock = clk_i; Mode = test; Corner = fast_Cmax; ClockRoot = clk_i. (CTS-037)
Information: CTS QoR Post Final DRC Fixing: GlobalSkew = 0.0387; ID = 0.0787; NetsWithDRC = 0; Worst Tran/Cap/Fanout cost = 0.0000/0.0000/0; ClockBufArea = 36.0972; ClockCellArea = 36.9852; Clock = clk_i; Mode = test; Corner = fast_Cmin; ClockRoot = clk_i. (CTS-037)
Information: CTS QoR Post Final DRC Fixing: GlobalSkew = 0.0760; ID = 0.1705; NetsWithDRC = 0; Worst Tran/Cap/Fanout cost = 0.0000/0.0000/0; ClockBufArea = 36.0972; ClockCellArea = 36.9852; Clock = clk_i; Mode = test; Corner = slow_Cmax; ClockRoot = clk_i. (CTS-037)
Information: CTS QoR Post Final DRC Fixing: GlobalSkew = 0.0718; ID = 0.1615; NetsWithDRC = 0; Worst Tran/Cap/Fanout cost = 0.0000/0.0000/0; ClockBufArea = 36.0972; ClockCellArea = 36.9852; Clock = clk_i; Mode = test; Corner = slow_Cmin; ClockRoot = clk_i. (CTS-037)
The elapsed time for fixing DRC violation is 0 hr : 0 min : 0.28 sec, cpu time is 0 hr : 0 min : 0.76 sec.
-------------------------------------------------------------
Fixing clock: clk_i mode: func root: clk_i
Resized 0 cell(s), relocated 0 cell(s), cloned 0 cell(s) and inserted 0 buffer(s)/inverter(s)
Cloned 0 non-repeater gate(s)
Ran incremental ZGR 0 time(s) for 0 net(s) and restored ZGR 0 time(s) for 0 net(s)
Clock QoR After Fixing Post-Opt DRC Violation:
Clock: clk_i, Mode: func, Root: clk_i
Information: CTS QoR Post Final DRC Fixing: GlobalSkew = 0.0408; ID = 0.0829; NetsWithDRC = 0; Worst Tran/Cap/Fanout cost = 0.0000/0.0000/0; ClockBufArea = 36.0972; ClockCellArea = 36.9852; Clock = clk_i; Mode = func; Corner = fast_Cmax; ClockRoot = clk_i. (CTS-037)
Information: CTS QoR Post Final DRC Fixing: GlobalSkew = 0.0387; ID = 0.0787; NetsWithDRC = 0; Worst Tran/Cap/Fanout cost = 0.0000/0.0000/0; ClockBufArea = 36.0972; ClockCellArea = 36.9852; Clock = clk_i; Mode = func; Corner = fast_Cmin; ClockRoot = clk_i. (CTS-037)
Information: CTS QoR Post Final DRC Fixing: GlobalSkew = 0.0761; ID = 0.1819; NetsWithDRC = 0; Worst Tran/Cap/Fanout cost = 0.0000/0.0000/0; ClockBufArea = 36.0972; ClockCellArea = 36.9852; Clock = clk_i; Mode = func; Corner = slow_Cmax; ClockRoot = clk_i. (CTS-037)
Information: CTS QoR Post Final DRC Fixing: GlobalSkew = 0.0718; ID = 0.1615; NetsWithDRC = 0; Worst Tran/Cap/Fanout cost = 0.0000/0.0000/0; ClockBufArea = 36.0972; ClockCellArea = 36.9852; Clock = clk_i; Mode = func; Corner = slow_Cmin; ClockRoot = clk_i. (CTS-037)
The elapsed time for fixing DRC violation is 0 hr : 0 min : 0.06 sec, cpu time is 0 hr : 0 min : 0.09 sec.
Information: The run time for post-optimization DRC fixing is 0 hr : 0 min : 0.34 sec, cpu time is 0 hr : 0 min : 0.85 sec. (CTS-104)
All together, ran incremental ZGR 129 time(s) for 165 net(s) and restoring ZGR invoked 11 time(s) for 48 net(s)
Setting target skew for clock: clk_i (mode func corner fast_Cmax) as 0.183676
Setting target skew for clock: clk_i (mode func corner fast_Cmin) as 0.183676
Setting target skew for clock: clk_i (mode func corner slow_Cmax) as 0.183676
Setting target skew for clock: clk_i (mode func corner slow_Cmin) as 0.183676
Setting target skew for clock: clk_i (mode test corner fast_Cmax) as 0.183676
Setting target skew for clock: clk_i (mode test corner fast_Cmin) as 0.183676
Setting target skew for clock: clk_i (mode test corner slow_Cmax) as 0.183676
Setting target skew for clock: clk_i (mode test corner slow_Cmin) as 0.183676
There are 1 buffers reduced and 0 inverters added by Clock Tree Optimization.
************************************************************
* CTS STEP: Postlude
************************************************************
Information: The run time for postlude is 0 hr : 0 min : 0.19 sec, cpu time is 0 hr : 0 min : 0.19 sec. (CTS-104)
************************************************************
* CTS STEP: Summary report
************************************************************
There are 100 flat clock tree nets.
There are 99 non-sink instances (total area 36.99) on clock trees including 0 instances dont_touch.
Clock tree synthesize and optimization added 98 buffers and 0 inverters (total area 36.10).
96 buffers/inverters were inserted below 1 leaf level Gates.
 Compilation of clock trees finished successfully
 Run time for cts 00:03:52.30u 00:00:08.03s 00:01:40.61e: 

No clock balance group was found, so skip the balance
Information: The stitching and editing of coupling caps is turned OFF for design 'cv32e40p_top:cv32e40p_top_5_cts.design'. (TIM-125)
Information: Update timing completed net estimation for all the timing graph nets (TIM-111)
Information: Net estimation statistics: timing graph nets = 26974, routed nets = 100, across physical hierarchy nets = 0, parasitics cached nets = 100, delay annotated nets = 0, parasitics annotated nets = 0, multi-voltage nets = 0. (TIM-112)

Mode:func             Latency(early)   Latency(late)
Clock        Updated   rise    fall    rise    fall   Corner
------------------------------------------------------------
clk_i        Yes     0.0771  0.0771  0.0774  0.0774   fast_Cmax
clk_i        Yes     0.0733  0.0733  0.0736  0.0736   fast_Cmin
clk_i        Yes     0.1720  0.1720  0.1723  0.1723   slow_Cmax
clk_i        Yes     0.1528  0.1528  0.1531  0.1531   slow_Cmin

Mode:test             Latency(early)   Latency(late)
Clock        Updated   rise    fall    rise    fall   Corner
------------------------------------------------------------
clk_i        Yes     0.0771  0.0771  0.0774  0.0774   fast_Cmax
clk_i        Yes     0.0733  0.0733  0.0736  0.0736   fast_Cmin
clk_i        Yes     0.1607  0.1607  0.1609  0.1609   slow_Cmax
clk_i        Yes     0.1528  0.1528  0.1531  0.1531   slow_Cmin


Information: The net parasitics of block cv32e40p_top are cleared. (TIM-123)
Information: The stitching and editing of coupling caps is turned OFF for design 'cv32e40p_top:cv32e40p_top_5_cts.design'. (TIM-125)
Information: Design cv32e40p_top_5_cts has 26976 nets, 100 global routed, 0 detail routed. (NEX-024)
Warning: Technology layer 'M4' setting 'pitch' is not valid (NEX-001)
Warning: Technology layer 'MRDL' setting 'pitch' is not valid (NEX-001)
Warning: Parasitic Tech Library layer 'M1' parameter 'SMIN' = 0.040 does not match 0.026 of technology file (NEX-007)
Warning: Parasitic Tech Library layer 'M2' parameter 'SMIN' = 0.040 does not match 0.026 of technology file (NEX-007)
Warning: Parasitic Tech Library layer 'M3' parameter 'SMIN' = 0.040 does not match 0.026 of technology file (NEX-007)
Warning: Parasitic Tech Library layer 'M1' parameter 'SMIN' = 0.040 does not match 0.026 of technology file (NEX-007)
Warning: Parasitic Tech Library layer 'M2' parameter 'SMIN' = 0.040 does not match 0.026 of technology file (NEX-007)
Warning: Parasitic Tech Library layer 'M3' parameter 'SMIN' = 0.040 does not match 0.026 of technology file (NEX-007)
Warning: Parasitic Tech Library layer 'M8' parameter 'WMIN' = 0.030 does not match 0.060 of technology file (NEX-007)
Warning: Parasitic Tech Library layer 'M8' parameter 'SMIN' = 0.060 does not match 0.040 of technology file (NEX-007)
Information: The RC mode used is CTO for design 'cv32e40p_top'. (NEX-022)
Information: Design Average RC for design cv32e40p_top_5_cts  (NEX-011)
Information: r = 2.175318 ohm/um, via_r = 1.031427 ohm/cut, c = 0.127527 ff/um, cc = 0.000000 ff/um (X dir) (NEX-017)
Information: r = 2.639974 ohm/um, via_r = 0.663827 ohm/cut, c = 0.121912 ff/um, cc = 0.000000 ff/um (Y dir) (NEX-017)
Information: Update timing completed net estimation for all the timing graph nets (TIM-111)
Information: Net estimation statistics: timing graph nets = 26974, routed nets = 100, across physical hierarchy nets = 0, parasitics cached nets = 26974, delay annotated nets = 0, parasitics annotated nets = 0, multi-voltage nets = 0. (TIM-112)
npo-clock-opt command begin                   CPU:   308 s (  0.09 hr )  ELAPSE:   135 s (  0.04 hr )  MEM-PEAK:  1066 MB

npo-clock-opt timing update complete          CPU:   308 s (  0.09 hr )  ELAPSE:   135 s (  0.04 hr )  MEM-PEAK:  1066 MB
INFO: Propagating Switching Activities
INFO: Switching Activity propagation took     0.00016 sec

npo-clock-opt initial QoR
_________________________
Scenario Mapping Table
1: func_fast_Cmax
2: func_fast_Cmin
3: func_slow_Cmax
4: func_slow_Cmin
5: test_fast_Cmax
6: test_fast_Cmin
7: test_slow_Cmax
8: test_slow_Cmin

Pathgroup Mapping Table
1: **default**
2: **async_default**
3: **clock_gating_default**
4: **in2reg_default**
5: **reg2out_default**
6: **in2out_default**
7: clk_i

-----------------------------------------------------------------------------------------------------------
Scene  PG      WNS        TNS    NSV      WHV        THV    NHV
    1   1   0.0000     0.0000      0   0.0000     0.0000      0
    1   2   0.0000     0.0000      0   0.0000     0.0000      0
    1   3   0.0000     0.0000      0   0.0000     0.0000      0
    1   4   0.0000     0.0000      0   0.0000     0.0000      0
    1   5   0.0000     0.0000      0   0.0000     0.0000      0
    1   6   0.0000     0.0000      0   0.0000     0.0000      0
    1   7   0.0000     0.0000      0   0.0000     0.0000      0
    2   1   0.0000     0.0000      0   0.0000     0.0000      0
    2   2   0.0000     0.0000      0   0.0000     0.0000      0
    2   3   0.0000     0.0000      0   0.0000     0.0000      0
    2   4   0.0000     0.0000      0   0.0000     0.0000      0
    2   5   0.0000     0.0000      0   0.0000     0.0000      0
    2   6   0.0000     0.0000      0   0.0000     0.0000      0
    2   7   0.0000     0.0000      0   0.0000     0.0000      0
    3   1   0.0000     0.0000      0   0.0000     0.0000      0
    3   2   0.0000     0.0000      0   0.0000     0.0000      0
    3   3   0.0000     0.0000      0   0.0000     0.0000      0
    3   4   0.0000     0.0000      0   0.0000     0.0000      0
    3   5   0.0000     0.0000      0   0.0000     0.0000      0
    3   6   0.0000     0.0000      0   0.0000     0.0000      0
    3   7   0.0000     0.0000      0   0.0000     0.0000      0
    4   1   0.0000     0.0000      0   0.0000     0.0000      0
    4   2   0.0000     0.0000      0   0.0000     0.0000      0
    4   3   0.0000     0.0000      0   0.0000     0.0000      0
    4   4   0.0000     0.0000      0   0.0000     0.0000      0
    4   5   0.0000     0.0000      0   0.0000     0.0000      0
    4   6   0.0000     0.0000      0   0.0000     0.0000      0
    4   7   0.0000     0.0000      0   0.0000     0.0000      0
    5   1   0.0000     0.0000      0   0.0000     0.0000      0
    5   2   0.0000     0.0000      0   0.0000     0.0000      0
    5   3   0.0000     0.0000      0   0.0000     0.0000      0
    5   4   0.0000     0.0000      0   0.0000     0.0000      0
    5   5   0.0000     0.0000      0   0.0000     0.0000      0
    5   6   0.0000     0.0000      0   0.0000     0.0000      0
    5   7   0.0000     0.0000      0   0.0000     0.0000      0
    6   1   0.0000     0.0000      0   0.0000     0.0000      0
    6   2   0.0000     0.0000      0   0.0000     0.0000      0
    6   3   0.0000     0.0000      0   0.0000     0.0000      0
    6   4   0.0000     0.0000      0   0.0000     0.0000      0
    6   5   0.0000     0.0000      0   0.0000     0.0000      0
    6   6   0.0000     0.0000      0   0.0000     0.0000      0
    6   7   0.0000     0.0000      0   0.0000     0.0000      0
    7   1   0.0000     0.0000      0   0.0000     0.0000      0
    7   2   0.0000     0.0000      0   0.0000     0.0000      0
    7   3   0.0000     0.0000      0   0.0000     0.0000      0
    7   4   0.0000     0.0000      0   0.0000     0.0000      0
    7   5   0.0000     0.0000      0   0.0000     0.0000      0
    7   6   0.0000     0.0000      0   0.0000     0.0000      0
    7   7   0.0000     0.0000      0   0.0000     0.0000      0
    8   1   0.0000     0.0000      0   0.0000     0.0000      0
    8   2   0.0000     0.0000      0   0.0000     0.0000      0
    8   3   0.0000     0.0000      0   0.0000     0.0000      0
    8   4   0.0000     0.0000      0   0.0000     0.0000      0
    8   5   0.0000     0.0000      0   0.0000     0.0000      0
    8   6   0.0000     0.0000      0   0.0000     0.0000      0
    8   7   0.0000     0.0000      0   0.0000     0.0000      0
--------------------------------------------------------------------------------------------------------------------
Scene  PG      WNS        TNS    NSV      WHV        THV    NHV  MaxTrnV   MaxTranC  MaxCapV    Leakage
    1   *   0.0000     0.0000      0   0.0000     0.0000      0        0     0.0000        0          -
    2   *   0.0000     0.0000      0   0.0000     0.0000      0        0     0.0000        0          -
    3   *   0.0000     0.0000      0   0.0000     0.0000      0        0     0.0000        8          -
    4   *   0.0000     0.0000      0   0.0000     0.0000      0        0     0.0000        0          -
    5   *   0.0000     0.0000      0   0.0000     0.0000      0        0     0.0000        0          -
    6   *   0.0000     0.0000      0   0.0000     0.0000      0        0     0.0000        0          -
    7   *   0.0000     0.0000      0   0.0000     0.0000      0        0     0.0000        8          -
    8   *   0.0000     0.0000      0   0.0000     0.0000      0        0     0.0000        0          -
--------------------------------------------------------------------------------------------------------------------
Scene  PG      WNS        TNS    NSV      WHV        THV    NHV  MaxTrnV   MaxTranC  MaxCapV    Leakage         Area    InstCnt     BufCnt     InvCnt
    *   *   0.0000     0.0000      0   0.0000     0.0000      0        0     0.0000        8          -     16011.04      24689        328       3813
--------------------------------------------------------------------------------------------------------------------

npo-clock-opt initial QoR Summary       WNS        TNS    NSV      WHV        THV    NHV  MaxTrnV  MaxCapV    Leakage         Area    InstCnt
npo-clock-opt initial QoR Summary    0.0000     0.0000      0   0.0000     0.0000      0        0        8          -     16011.04      24689
Information: The netlist and extraction change observers are disabled for further incremental timing updates during on-route optimization. (TIM-119)
INFO: using 12 threads
INFO: Cluster Analysis Failed to get worst leakage scenario
Warning: Technology layer 'M4' setting 'pitch' is not valid (NEX-001)
Warning: Technology layer 'MRDL' setting 'pitch' is not valid (NEX-001)
Warning: Parasitic Tech Library layer 'M1' parameter 'SMIN' = 0.040 does not match 0.026 of technology file (NEX-007)
Warning: Parasitic Tech Library layer 'M2' parameter 'SMIN' = 0.040 does not match 0.026 of technology file (NEX-007)
Warning: Parasitic Tech Library layer 'M3' parameter 'SMIN' = 0.040 does not match 0.026 of technology file (NEX-007)
Warning: Parasitic Tech Library layer 'M1' parameter 'SMIN' = 0.040 does not match 0.026 of technology file (NEX-007)
Warning: Parasitic Tech Library layer 'M2' parameter 'SMIN' = 0.040 does not match 0.026 of technology file (NEX-007)
Warning: Parasitic Tech Library layer 'M3' parameter 'SMIN' = 0.040 does not match 0.026 of technology file (NEX-007)
Warning: Parasitic Tech Library layer 'M8' parameter 'WMIN' = 0.030 does not match 0.060 of technology file (NEX-007)
Warning: Parasitic Tech Library layer 'M8' parameter 'SMIN' = 0.060 does not match 0.040 of technology file (NEX-007)
npo-clock-opt initialization complete         CPU:   317 s (  0.09 hr )  ELAPSE:   144 s (  0.04 hr )  MEM-PEAK:  1066 MB
Use advanced legalizer engine : 0
Warning: Library cell saed14rvt:SAEDRVT14_ISOFSDPQ_PECO_8.frame is missing supply pins. Its power structure cannot be determined. (LGL-050)
Warning: Library cell saed14rvt:SAEDRVT14_DCAP_PV1ECO_12.frame is missing supply pins. Its power structure cannot be determined. (LGL-050)
npo-clock-opt optimization summary            SETUP-COST HOLD-COST LDRC-COST        AREA       POWER     ELAPSE (hr)
Number of Site types in the design = 1
Setting up Chip Core
Chip Core shape: (170000 170000) (2739280 2738000)
Number of unique PDs = 1
Number of Power Domains = 1
Number of Voltage Areas = 1
Number of supply Nets = 2
Number of used supplies = 2

    Scenario func_fast_Cmax  WNS = 0.000000, TNS = 0.000000, NVP = 0
    Scenario func_fast_Cmin  WNS = 0.000000, TNS = 0.000000, NVP = 0
    Scenario func_slow_Cmax  WNS = 0.000000, TNS = 0.000000, NVP = 0
    Scenario func_slow_Cmin  WNS = 0.000000, TNS = 0.000000, NVP = 0
    Scenario test_fast_Cmax  WNS = 0.000000, TNS = 0.000000, NVP = 0
    Scenario test_fast_Cmin  WNS = 0.000000, TNS = 0.000000, NVP = 0
    Scenario test_slow_Cmax  WNS = 0.000000, TNS = 0.000000, NVP = 0
    Scenario test_slow_Cmin  WNS = 0.000000, TNS = 0.000000, NVP = 0

     ELAPSED  WORST NEG TOTAL NEG              MAX       MAX     BUFFER    INVERTER   LVTH      LVTH      PEAK   
      TIME      SLACK     SLACK     AREA    TRAN COST CAP COST    COUNT     COUNT     COUNT    PERCENT   MEMORY  
    --------- --------- --------- --------- --------- --------- --------- --------- --------- --------- ---------
      0:02:28     0.000     0.000 18073.510     0.000     2.627       328      3813         0     0.000      1066 

Information: The netlist and extraction change observers are enabled for further incremental timing updates. (TIM-120)
Use advanced legalizer engine : 0
Warning: Library cell saed14rvt:SAEDRVT14_ISOFSDPQ_PECO_8.frame is missing supply pins. Its power structure cannot be determined. (LGL-050)
Warning: Library cell saed14rvt:SAEDRVT14_DCAP_PV1ECO_12.frame is missing supply pins. Its power structure cannot be determined. (LGL-050)

Use advanced legalizer engine : 0
Warning: Library cell saed14rvt:SAEDRVT14_ISOFSDPQ_PECO_8.frame is missing supply pins. Its power structure cannot be determined. (LGL-050)
Warning: Library cell saed14rvt:SAEDRVT14_DCAP_PV1ECO_12.frame is missing supply pins. Its power structure cannot be determined. (LGL-050)
APSINFO: No multi-Vth libcells found, turning off percentage LVT optimization flow
Drc Mode Option: auto
ABF: Best buffer=SAEDRVT14_BUF_20: best inverter=SAEDRVT14_INV_S_8: useInverter=true: effort=low: 1.324: test_slow_Cmax: 0
ABF: Best buffer=SAEDRVT14_BUF_20: best inverter=SAEDRVT14_INV_S_8: useInverter=true: effort=low: 1.324: func_slow_Cmax: 0
ABF: Best buffer=SAEDRVT14_BUF_20: best inverter=SAEDRVT14_INV_S_8: useInverter=true: effort=low: 1.324: test_slow_Cmin: 0
ABF: Best buffer=SAEDRVT14_BUF_20: best inverter=SAEDRVT14_INV_S_8: useInverter=true: effort=low: 1.324: func_slow_Cmin: 0
ABF: Best buffer=SAEDRVT14_BUF_20: best inverter=SAEDRVT14_INV_S_8: useInverter=true: effort=low: 1.324: test_fast_Cmax: 0
ABF: Best buffer=SAEDRVT14_BUF_20: best inverter=SAEDRVT14_INV_S_8: useInverter=true: effort=low: 1.324: func_fast_Cmax: 0
ABF: Best buffer=SAEDRVT14_BUF_20: best inverter=SAEDRVT14_INV_S_8: useInverter=true: effort=low: 1.324: test_fast_Cmin: 0
ABF: Best buffer=SAEDRVT14_BUF_20: best inverter=SAEDRVT14_INV_S_8: useInverter=true: effort=low: 1.324: func_fast_Cmin: 0
ABF: Core Area = 97 X 97 ()
npo-clock-opt optimization Phase 2 Iter  1          0.00      0.00        56       0.016           -           0.044
Warning: Technology layer 'M4' setting 'pitch' is not valid (NEX-001)
Warning: Technology layer 'MRDL' setting 'pitch' is not valid (NEX-001)
Warning: Parasitic Tech Library layer 'M1' parameter 'SMIN' = 0.040 does not match 0.026 of technology file (NEX-007)
Warning: Parasitic Tech Library layer 'M2' parameter 'SMIN' = 0.040 does not match 0.026 of technology file (NEX-007)
Warning: Parasitic Tech Library layer 'M3' parameter 'SMIN' = 0.040 does not match 0.026 of technology file (NEX-007)
Warning: Technology layer 'M4' setting 'pitch' is not valid (NEX-001)
Warning: Technology layer 'MRDL' setting 'pitch' is not valid (NEX-001)
Warning: Parasitic Tech Library layer 'M1' parameter 'SMIN' = 0.040 does not match 0.026 of technology file (NEX-007)
Warning: Parasitic Tech Library layer 'M2' parameter 'SMIN' = 0.040 does not match 0.026 of technology file (NEX-007)
Warning: Parasitic Tech Library layer 'M3' parameter 'SMIN' = 0.040 does not match 0.026 of technology file (NEX-007)
Warning: Parasitic Tech Library layer 'M8' parameter 'WMIN' = 0.030 does not match 0.060 of technology file (NEX-007)
Warning: Parasitic Tech Library layer 'M8' parameter 'SMIN' = 0.060 does not match 0.040 of technology file (NEX-007)
Warning: Technology layer 'M4' setting 'pitch' is not valid (NEX-001)
Warning: Technology layer 'MRDL' setting 'pitch' is not valid (NEX-001)
Warning: Parasitic Tech Library layer 'M1' parameter 'SMIN' = 0.040 does not match 0.026 of technology file (NEX-007)
Warning: Parasitic Tech Library layer 'M2' parameter 'SMIN' = 0.040 does not match 0.026 of technology file (NEX-007)
Warning: Parasitic Tech Library layer 'M3' parameter 'SMIN' = 0.040 does not match 0.026 of technology file (NEX-007)
Warning: Technology layer 'M4' setting 'pitch' is not valid (NEX-001)
Warning: Technology layer 'MRDL' setting 'pitch' is not valid (NEX-001)
Warning: Parasitic Tech Library layer 'M1' parameter 'SMIN' = 0.040 does not match 0.026 of technology file (NEX-007)
Warning: Parasitic Tech Library layer 'M2' parameter 'SMIN' = 0.040 does not match 0.026 of technology file (NEX-007)
Warning: Parasitic Tech Library layer 'M3' parameter 'SMIN' = 0.040 does not match 0.026 of technology file (NEX-007)
Warning: Parasitic Tech Library layer 'M8' parameter 'WMIN' = 0.030 does not match 0.060 of technology file (NEX-007)
Warning: Parasitic Tech Library layer 'M8' parameter 'SMIN' = 0.060 does not match 0.040 of technology file (NEX-007)
Warning: Technology layer 'M4' setting 'pitch' is not valid (NEX-001)
Warning: Technology layer 'MRDL' setting 'pitch' is not valid (NEX-001)
Warning: Parasitic Tech Library layer 'M1' parameter 'SMIN' = 0.040 does not match 0.026 of technology file (NEX-007)
Warning: Parasitic Tech Library layer 'M2' parameter 'SMIN' = 0.040 does not match 0.026 of technology file (NEX-007)
Warning: Parasitic Tech Library layer 'M3' parameter 'SMIN' = 0.040 does not match 0.026 of technology file (NEX-007)
Warning: Technology layer 'M4' setting 'pitch' is not valid (NEX-001)
Warning: Technology layer 'MRDL' setting 'pitch' is not valid (NEX-001)
Warning: Parasitic Tech Library layer 'M1' parameter 'SMIN' = 0.040 does not match 0.026 of technology file (NEX-007)
Warning: Parasitic Tech Library layer 'M2' parameter 'SMIN' = 0.040 does not match 0.026 of technology file (NEX-007)
Warning: Parasitic Tech Library layer 'M3' parameter 'SMIN' = 0.040 does not match 0.026 of technology file (NEX-007)
Warning: Parasitic Tech Library layer 'M8' parameter 'WMIN' = 0.030 does not match 0.060 of technology file (NEX-007)
Warning: Parasitic Tech Library layer 'M8' parameter 'SMIN' = 0.060 does not match 0.040 of technology file (NEX-007)
Warning: Technology layer 'M4' setting 'pitch' is not valid (NEX-001)
Warning: Technology layer 'MRDL' setting 'pitch' is not valid (NEX-001)
Warning: Parasitic Tech Library layer 'M1' parameter 'SMIN' = 0.040 does not match 0.026 of technology file (NEX-007)
Warning: Parasitic Tech Library layer 'M2' parameter 'SMIN' = 0.040 does not match 0.026 of technology file (NEX-007)
Warning: Parasitic Tech Library layer 'M3' parameter 'SMIN' = 0.040 does not match 0.026 of technology file (NEX-007)
Warning: Technology layer 'M4' setting 'pitch' is not valid (NEX-001)
Warning: Technology layer 'MRDL' setting 'pitch' is not valid (NEX-001)
Warning: Parasitic Tech Library layer 'M1' parameter 'SMIN' = 0.040 does not match 0.026 of technology file (NEX-007)
Warning: Parasitic Tech Library layer 'M2' parameter 'SMIN' = 0.040 does not match 0.026 of technology file (NEX-007)
Warning: Parasitic Tech Library layer 'M3' parameter 'SMIN' = 0.040 does not match 0.026 of technology file (NEX-007)
Warning: Parasitic Tech Library layer 'M8' parameter 'WMIN' = 0.030 does not match 0.060 of technology file (NEX-007)
Warning: Parasitic Tech Library layer 'M8' parameter 'SMIN' = 0.060 does not match 0.040 of technology file (NEX-007)
Warning: Technology layer 'M4' setting 'pitch' is not valid (NEX-001)
Warning: Technology layer 'MRDL' setting 'pitch' is not valid (NEX-001)
Warning: Parasitic Tech Library layer 'M1' parameter 'SMIN' = 0.040 does not match 0.026 of technology file (NEX-007)
Warning: Parasitic Tech Library layer 'M2' parameter 'SMIN' = 0.040 does not match 0.026 of technology file (NEX-007)
Warning: Parasitic Tech Library layer 'M3' parameter 'SMIN' = 0.040 does not match 0.026 of technology file (NEX-007)
Warning: Technology layer 'M4' setting 'pitch' is not valid (NEX-001)
Warning: Technology layer 'MRDL' setting 'pitch' is not valid (NEX-001)
Warning: Parasitic Tech Library layer 'M1' parameter 'SMIN' = 0.040 does not match 0.026 of technology file (NEX-007)
Warning: Parasitic Tech Library layer 'M2' parameter 'SMIN' = 0.040 does not match 0.026 of technology file (NEX-007)
Warning: Parasitic Tech Library layer 'M3' parameter 'SMIN' = 0.040 does not match 0.026 of technology file (NEX-007)
Warning: Parasitic Tech Library layer 'M8' parameter 'WMIN' = 0.030 does not match 0.060 of technology file (NEX-007)
Warning: Parasitic Tech Library layer 'M8' parameter 'SMIN' = 0.060 does not match 0.040 of technology file (NEX-007)
Warning: Technology layer 'M4' setting 'pitch' is not valid (NEX-001)
Warning: Technology layer 'MRDL' setting 'pitch' is not valid (NEX-001)
Warning: Parasitic Tech Library layer 'M1' parameter 'SMIN' = 0.040 does not match 0.026 of technology file (NEX-007)
Warning: Parasitic Tech Library layer 'M2' parameter 'SMIN' = 0.040 does not match 0.026 of technology file (NEX-007)
Warning: Parasitic Tech Library layer 'M3' parameter 'SMIN' = 0.040 does not match 0.026 of technology file (NEX-007)
Warning: Technology layer 'M4' setting 'pitch' is not valid (NEX-001)
Warning: Technology layer 'MRDL' setting 'pitch' is not valid (NEX-001)
Warning: Parasitic Tech Library layer 'M1' parameter 'SMIN' = 0.040 does not match 0.026 of technology file (NEX-007)
Warning: Parasitic Tech Library layer 'M2' parameter 'SMIN' = 0.040 does not match 0.026 of technology file (NEX-007)
Warning: Parasitic Tech Library layer 'M3' parameter 'SMIN' = 0.040 does not match 0.026 of technology file (NEX-007)
Warning: Parasitic Tech Library layer 'M8' parameter 'WMIN' = 0.030 does not match 0.060 of technology file (NEX-007)
Warning: Parasitic Tech Library layer 'M8' parameter 'SMIN' = 0.060 does not match 0.040 of technology file (NEX-007)
Warning: Technology layer 'M4' setting 'pitch' is not valid (NEX-001)
Warning: Technology layer 'MRDL' setting 'pitch' is not valid (NEX-001)
Warning: Parasitic Tech Library layer 'M1' parameter 'SMIN' = 0.040 does not match 0.026 of technology file (NEX-007)
Warning: Parasitic Tech Library layer 'M2' parameter 'SMIN' = 0.040 does not match 0.026 of technology file (NEX-007)
Warning: Parasitic Tech Library layer 'M3' parameter 'SMIN' = 0.040 does not match 0.026 of technology file (NEX-007)
Warning: Technology layer 'M4' setting 'pitch' is not valid (NEX-001)
Warning: Technology layer 'MRDL' setting 'pitch' is not valid (NEX-001)
Warning: Parasitic Tech Library layer 'M1' parameter 'SMIN' = 0.040 does not match 0.026 of technology file (NEX-007)
Warning: Parasitic Tech Library layer 'M2' parameter 'SMIN' = 0.040 does not match 0.026 of technology file (NEX-007)
Warning: Parasitic Tech Library layer 'M3' parameter 'SMIN' = 0.040 does not match 0.026 of technology file (NEX-007)
Warning: Parasitic Tech Library layer 'M8' parameter 'WMIN' = 0.030 does not match 0.060 of technology file (NEX-007)
Warning: Parasitic Tech Library layer 'M8' parameter 'SMIN' = 0.060 does not match 0.040 of technology file (NEX-007)
Warning: Technology layer 'M4' setting 'pitch' is not valid (NEX-001)
Warning: Technology layer 'MRDL' setting 'pitch' is not valid (NEX-001)
Warning: Parasitic Tech Library layer 'M1' parameter 'SMIN' = 0.040 does not match 0.026 of technology file (NEX-007)
Warning: Parasitic Tech Library layer 'M2' parameter 'SMIN' = 0.040 does not match 0.026 of technology file (NEX-007)
Warning: Parasitic Tech Library layer 'M3' parameter 'SMIN' = 0.040 does not match 0.026 of technology file (NEX-007)
Warning: Technology layer 'M4' setting 'pitch' is not valid (NEX-001)
Warning: Technology layer 'MRDL' setting 'pitch' is not valid (NEX-001)
Warning: Parasitic Tech Library layer 'M1' parameter 'SMIN' = 0.040 does not match 0.026 of technology file (NEX-007)
Warning: Parasitic Tech Library layer 'M2' parameter 'SMIN' = 0.040 does not match 0.026 of technology file (NEX-007)
Warning: Parasitic Tech Library layer 'M3' parameter 'SMIN' = 0.040 does not match 0.026 of technology file (NEX-007)
Warning: Parasitic Tech Library layer 'M8' parameter 'WMIN' = 0.030 does not match 0.060 of technology file (NEX-007)
Warning: Parasitic Tech Library layer 'M8' parameter 'SMIN' = 0.060 does not match 0.040 of technology file (NEX-007)
ORB: timingScenario func_slow_Cmax timingCorner slow_Cmax
INFO: No leakage and power scenarios. Using regular scenarios instead.
INFO: No active leakage scenarios. Leakage will be turned off
Warning: Technology layer 'M4' setting 'pitch' is not valid (NEX-001)
Warning: Technology layer 'MRDL' setting 'pitch' is not valid (NEX-001)
Warning: Parasitic Tech Library layer 'M1' parameter 'SMIN' = 0.040 does not match 0.026 of technology file (NEX-007)
Warning: Parasitic Tech Library layer 'M2' parameter 'SMIN' = 0.040 does not match 0.026 of technology file (NEX-007)
Warning: Parasitic Tech Library layer 'M3' parameter 'SMIN' = 0.040 does not match 0.026 of technology file (NEX-007)
ORB: Nominal = 0.007553  Design MT = inf  Target = 0.054855 (7.263 nominal)  MaxRC = 0.035405
Warning: Technology layer 'M4' setting 'pitch' is not valid (NEX-001)
Warning: Technology layer 'MRDL' setting 'pitch' is not valid (NEX-001)
Warning: Parasitic Tech Library layer 'M1' parameter 'SMIN' = 0.040 does not match 0.026 of technology file (NEX-007)
Warning: Parasitic Tech Library layer 'M2' parameter 'SMIN' = 0.040 does not match 0.026 of technology file (NEX-007)
Warning: Parasitic Tech Library layer 'M3' parameter 'SMIN' = 0.040 does not match 0.026 of technology file (NEX-007)
Warning: Technology layer 'M4' setting 'pitch' is not valid (NEX-001)
Warning: Technology layer 'MRDL' setting 'pitch' is not valid (NEX-001)
Warning: Parasitic Tech Library layer 'M1' parameter 'SMIN' = 0.040 does not match 0.026 of technology file (NEX-007)
Warning: Parasitic Tech Library layer 'M2' parameter 'SMIN' = 0.040 does not match 0.026 of technology file (NEX-007)
Warning: Parasitic Tech Library layer 'M3' parameter 'SMIN' = 0.040 does not match 0.026 of technology file (NEX-007)
Warning: Technology layer 'M4' setting 'pitch' is not valid (NEX-001)
Warning: Technology layer 'MRDL' setting 'pitch' is not valid (NEX-001)
Warning: Parasitic Tech Library layer 'M1' parameter 'SMIN' = 0.040 does not match 0.026 of technology file (NEX-007)
Warning: Parasitic Tech Library layer 'M2' parameter 'SMIN' = 0.040 does not match 0.026 of technology file (NEX-007)
Warning: Parasitic Tech Library layer 'M3' parameter 'SMIN' = 0.040 does not match 0.026 of technology file (NEX-007)
Warning: Parasitic Tech Library layer 'M8' parameter 'WMIN' = 0.030 does not match 0.060 of technology file (NEX-007)
Warning: Parasitic Tech Library layer 'M8' parameter 'SMIN' = 0.060 does not match 0.040 of technology file (NEX-007)
Warning: Technology layer 'M4' setting 'pitch' is not valid (NEX-001)
Warning: Technology layer 'MRDL' setting 'pitch' is not valid (NEX-001)
Warning: Parasitic Tech Library layer 'M1' parameter 'SMIN' = 0.040 does not match 0.026 of technology file (NEX-007)
Warning: Parasitic Tech Library layer 'M2' parameter 'SMIN' = 0.040 does not match 0.026 of technology file (NEX-007)
Warning: Parasitic Tech Library layer 'M3' parameter 'SMIN' = 0.040 does not match 0.026 of technology file (NEX-007)
Warning: Technology layer 'M4' setting 'pitch' is not valid (NEX-001)
Warning: Technology layer 'MRDL' setting 'pitch' is not valid (NEX-001)
Warning: Parasitic Tech Library layer 'M1' parameter 'SMIN' = 0.040 does not match 0.026 of technology file (NEX-007)
Warning: Parasitic Tech Library layer 'M2' parameter 'SMIN' = 0.040 does not match 0.026 of technology file (NEX-007)
Warning: Parasitic Tech Library layer 'M3' parameter 'SMIN' = 0.040 does not match 0.026 of technology file (NEX-007)
Warning: Parasitic Tech Library layer 'M8' parameter 'WMIN' = 0.030 does not match 0.060 of technology file (NEX-007)
Warning: Parasitic Tech Library layer 'M8' parameter 'SMIN' = 0.060 does not match 0.040 of technology file (NEX-007)
Warning: Technology layer 'M4' setting 'pitch' is not valid (NEX-001)
Warning: Technology layer 'MRDL' setting 'pitch' is not valid (NEX-001)
Warning: Parasitic Tech Library layer 'M1' parameter 'SMIN' = 0.040 does not match 0.026 of technology file (NEX-007)
Warning: Parasitic Tech Library layer 'M2' parameter 'SMIN' = 0.040 does not match 0.026 of technology file (NEX-007)
Warning: Parasitic Tech Library layer 'M3' parameter 'SMIN' = 0.040 does not match 0.026 of technology file (NEX-007)
Warning: Technology layer 'M4' setting 'pitch' is not valid (NEX-001)
Warning: Technology layer 'MRDL' setting 'pitch' is not valid (NEX-001)
Warning: Parasitic Tech Library layer 'M1' parameter 'SMIN' = 0.040 does not match 0.026 of technology file (NEX-007)
Warning: Parasitic Tech Library layer 'M2' parameter 'SMIN' = 0.040 does not match 0.026 of technology file (NEX-007)
Warning: Parasitic Tech Library layer 'M3' parameter 'SMIN' = 0.040 does not match 0.026 of technology file (NEX-007)
Warning: Parasitic Tech Library layer 'M8' parameter 'WMIN' = 0.030 does not match 0.060 of technology file (NEX-007)
Warning: Parasitic Tech Library layer 'M8' parameter 'SMIN' = 0.060 does not match 0.040 of technology file (NEX-007)
Warning: Technology layer 'M4' setting 'pitch' is not valid (NEX-001)
Warning: Technology layer 'MRDL' setting 'pitch' is not valid (NEX-001)
Warning: Parasitic Tech Library layer 'M1' parameter 'SMIN' = 0.040 does not match 0.026 of technology file (NEX-007)
Warning: Parasitic Tech Library layer 'M2' parameter 'SMIN' = 0.040 does not match 0.026 of technology file (NEX-007)
Warning: Parasitic Tech Library layer 'M3' parameter 'SMIN' = 0.040 does not match 0.026 of technology file (NEX-007)
Warning: Technology layer 'M4' setting 'pitch' is not valid (NEX-001)
Warning: Technology layer 'MRDL' setting 'pitch' is not valid (NEX-001)
Warning: Parasitic Tech Library layer 'M1' parameter 'SMIN' = 0.040 does not match 0.026 of technology file (NEX-007)
Warning: Parasitic Tech Library layer 'M2' parameter 'SMIN' = 0.040 does not match 0.026 of technology file (NEX-007)
Warning: Parasitic Tech Library layer 'M3' parameter 'SMIN' = 0.040 does not match 0.026 of technology file (NEX-007)
Warning: Parasitic Tech Library layer 'M8' parameter 'WMIN' = 0.030 does not match 0.060 of technology file (NEX-007)
Warning: Parasitic Tech Library layer 'M8' parameter 'SMIN' = 0.060 does not match 0.040 of technology file (NEX-007)
Warning: Technology layer 'M4' setting 'pitch' is not valid (NEX-001)
Warning: Technology layer 'MRDL' setting 'pitch' is not valid (NEX-001)
Warning: Parasitic Tech Library layer 'M1' parameter 'SMIN' = 0.040 does not match 0.026 of technology file (NEX-007)
Warning: Parasitic Tech Library layer 'M2' parameter 'SMIN' = 0.040 does not match 0.026 of technology file (NEX-007)
Warning: Parasitic Tech Library layer 'M3' parameter 'SMIN' = 0.040 does not match 0.026 of technology file (NEX-007)
Warning: Technology layer 'M4' setting 'pitch' is not valid (NEX-001)
Warning: Technology layer 'MRDL' setting 'pitch' is not valid (NEX-001)
Warning: Parasitic Tech Library layer 'M1' parameter 'SMIN' = 0.040 does not match 0.026 of technology file (NEX-007)
Warning: Parasitic Tech Library layer 'M2' parameter 'SMIN' = 0.040 does not match 0.026 of technology file (NEX-007)
Warning: Parasitic Tech Library layer 'M3' parameter 'SMIN' = 0.040 does not match 0.026 of technology file (NEX-007)
Warning: Parasitic Tech Library layer 'M8' parameter 'WMIN' = 0.030 does not match 0.060 of technology file (NEX-007)
Warning: Parasitic Tech Library layer 'M8' parameter 'SMIN' = 0.060 does not match 0.040 of technology file (NEX-007)
Warning: Technology layer 'M4' setting 'pitch' is not valid (NEX-001)
Warning: Technology layer 'MRDL' setting 'pitch' is not valid (NEX-001)
Warning: Parasitic Tech Library layer 'M1' parameter 'SMIN' = 0.040 does not match 0.026 of technology file (NEX-007)
Warning: Parasitic Tech Library layer 'M2' parameter 'SMIN' = 0.040 does not match 0.026 of technology file (NEX-007)
Warning: Parasitic Tech Library layer 'M3' parameter 'SMIN' = 0.040 does not match 0.026 of technology file (NEX-007)
Warning: Technology layer 'M4' setting 'pitch' is not valid (NEX-001)
Warning: Technology layer 'MRDL' setting 'pitch' is not valid (NEX-001)
Warning: Parasitic Tech Library layer 'M1' parameter 'SMIN' = 0.040 does not match 0.026 of technology file (NEX-007)
Warning: Parasitic Tech Library layer 'M2' parameter 'SMIN' = 0.040 does not match 0.026 of technology file (NEX-007)
Warning: Parasitic Tech Library layer 'M3' parameter 'SMIN' = 0.040 does not match 0.026 of technology file (NEX-007)
Warning: Parasitic Tech Library layer 'M8' parameter 'WMIN' = 0.030 does not match 0.060 of technology file (NEX-007)
Warning: Parasitic Tech Library layer 'M8' parameter 'SMIN' = 0.060 does not match 0.040 of technology file (NEX-007)
Warning: Technology layer 'M4' setting 'pitch' is not valid (NEX-001)
Warning: Technology layer 'MRDL' setting 'pitch' is not valid (NEX-001)
Warning: Parasitic Tech Library layer 'M1' parameter 'SMIN' = 0.040 does not match 0.026 of technology file (NEX-007)
Warning: Parasitic Tech Library layer 'M2' parameter 'SMIN' = 0.040 does not match 0.026 of technology file (NEX-007)
Warning: Parasitic Tech Library layer 'M3' parameter 'SMIN' = 0.040 does not match 0.026 of technology file (NEX-007)
Warning: Technology layer 'M4' setting 'pitch' is not valid (NEX-001)
Warning: Technology layer 'MRDL' setting 'pitch' is not valid (NEX-001)
Warning: Parasitic Tech Library layer 'M1' parameter 'SMIN' = 0.040 does not match 0.026 of technology file (NEX-007)
Warning: Parasitic Tech Library layer 'M2' parameter 'SMIN' = 0.040 does not match 0.026 of technology file (NEX-007)
Warning: Parasitic Tech Library layer 'M3' parameter 'SMIN' = 0.040 does not match 0.026 of technology file (NEX-007)
Warning: Parasitic Tech Library layer 'M8' parameter 'WMIN' = 0.030 does not match 0.060 of technology file (NEX-007)
Warning: Parasitic Tech Library layer 'M8' parameter 'SMIN' = 0.060 does not match 0.040 of technology file (NEX-007)
Warning: Technology layer 'M4' setting 'pitch' is not valid (NEX-001)
Warning: Technology layer 'MRDL' setting 'pitch' is not valid (NEX-001)
Warning: Parasitic Tech Library layer 'M1' parameter 'SMIN' = 0.040 does not match 0.026 of technology file (NEX-007)
Warning: Parasitic Tech Library layer 'M2' parameter 'SMIN' = 0.040 does not match 0.026 of technology file (NEX-007)
Warning: Parasitic Tech Library layer 'M3' parameter 'SMIN' = 0.040 does not match 0.026 of technology file (NEX-007)
Warning: Technology layer 'M4' setting 'pitch' is not valid (NEX-001)
Warning: Technology layer 'MRDL' setting 'pitch' is not valid (NEX-001)
Warning: Parasitic Tech Library layer 'M1' parameter 'SMIN' = 0.040 does not match 0.026 of technology file (NEX-007)
Warning: Parasitic Tech Library layer 'M2' parameter 'SMIN' = 0.040 does not match 0.026 of technology file (NEX-007)
Warning: Parasitic Tech Library layer 'M3' parameter 'SMIN' = 0.040 does not match 0.026 of technology file (NEX-007)
Warning: Parasitic Tech Library layer 'M8' parameter 'WMIN' = 0.030 does not match 0.060 of technology file (NEX-007)
Warning: Parasitic Tech Library layer 'M8' parameter 'SMIN' = 0.060 does not match 0.040 of technology file (NEX-007)
ORB: timingScenario func_slow_Cmax timingCorner slow_Cmax
INFO: No leakage and power scenarios. Using regular scenarios instead.
INFO: No active leakage scenarios. Leakage will be turned off
Warning: Technology layer 'M4' setting 'pitch' is not valid (NEX-001)
Warning: Technology layer 'MRDL' setting 'pitch' is not valid (NEX-001)
Warning: Parasitic Tech Library layer 'M1' parameter 'SMIN' = 0.040 does not match 0.026 of technology file (NEX-007)
Warning: Parasitic Tech Library layer 'M2' parameter 'SMIN' = 0.040 does not match 0.026 of technology file (NEX-007)
Warning: Parasitic Tech Library layer 'M3' parameter 'SMIN' = 0.040 does not match 0.026 of technology file (NEX-007)
ORB: Nominal = 0.007553  Design MT = inf  Target = 0.054855 (7.263 nominal)  MaxRC = 0.035405
Warning: Technology layer 'M4' setting 'pitch' is not valid (NEX-001)
Warning: Technology layer 'MRDL' setting 'pitch' is not valid (NEX-001)
Warning: Parasitic Tech Library layer 'M1' parameter 'SMIN' = 0.040 does not match 0.026 of technology file (NEX-007)
Warning: Parasitic Tech Library layer 'M2' parameter 'SMIN' = 0.040 does not match 0.026 of technology file (NEX-007)
Warning: Parasitic Tech Library layer 'M3' parameter 'SMIN' = 0.040 does not match 0.026 of technology file (NEX-007)
npo-clock-opt optimization Phase 2 Iter  2          0.00      0.00        56       0.016           -           0.045
Warning: Technology layer 'M4' setting 'pitch' is not valid (NEX-001)
Warning: Technology layer 'MRDL' setting 'pitch' is not valid (NEX-001)
Warning: Parasitic Tech Library layer 'M1' parameter 'SMIN' = 0.040 does not match 0.026 of technology file (NEX-007)
Warning: Parasitic Tech Library layer 'M2' parameter 'SMIN' = 0.040 does not match 0.026 of technology file (NEX-007)
Warning: Parasitic Tech Library layer 'M3' parameter 'SMIN' = 0.040 does not match 0.026 of technology file (NEX-007)
Warning: Technology layer 'M4' setting 'pitch' is not valid (NEX-001)
Warning: Technology layer 'MRDL' setting 'pitch' is not valid (NEX-001)
Warning: Parasitic Tech Library layer 'M1' parameter 'SMIN' = 0.040 does not match 0.026 of technology file (NEX-007)
Warning: Parasitic Tech Library layer 'M2' parameter 'SMIN' = 0.040 does not match 0.026 of technology file (NEX-007)
Warning: Parasitic Tech Library layer 'M3' parameter 'SMIN' = 0.040 does not match 0.026 of technology file (NEX-007)
Warning: Parasitic Tech Library layer 'M8' parameter 'WMIN' = 0.030 does not match 0.060 of technology file (NEX-007)
Warning: Parasitic Tech Library layer 'M8' parameter 'SMIN' = 0.060 does not match 0.040 of technology file (NEX-007)
Warning: Technology layer 'M4' setting 'pitch' is not valid (NEX-001)
Warning: Technology layer 'MRDL' setting 'pitch' is not valid (NEX-001)
Warning: Parasitic Tech Library layer 'M1' parameter 'SMIN' = 0.040 does not match 0.026 of technology file (NEX-007)
Warning: Parasitic Tech Library layer 'M2' parameter 'SMIN' = 0.040 does not match 0.026 of technology file (NEX-007)
Warning: Parasitic Tech Library layer 'M3' parameter 'SMIN' = 0.040 does not match 0.026 of technology file (NEX-007)
Warning: Technology layer 'M4' setting 'pitch' is not valid (NEX-001)
Warning: Technology layer 'MRDL' setting 'pitch' is not valid (NEX-001)
Warning: Parasitic Tech Library layer 'M1' parameter 'SMIN' = 0.040 does not match 0.026 of technology file (NEX-007)
Warning: Parasitic Tech Library layer 'M2' parameter 'SMIN' = 0.040 does not match 0.026 of technology file (NEX-007)
Warning: Parasitic Tech Library layer 'M3' parameter 'SMIN' = 0.040 does not match 0.026 of technology file (NEX-007)
Warning: Parasitic Tech Library layer 'M8' parameter 'WMIN' = 0.030 does not match 0.060 of technology file (NEX-007)
Warning: Parasitic Tech Library layer 'M8' parameter 'SMIN' = 0.060 does not match 0.040 of technology file (NEX-007)
Warning: Technology layer 'M4' setting 'pitch' is not valid (NEX-001)
Warning: Technology layer 'MRDL' setting 'pitch' is not valid (NEX-001)
Warning: Parasitic Tech Library layer 'M1' parameter 'SMIN' = 0.040 does not match 0.026 of technology file (NEX-007)
Warning: Parasitic Tech Library layer 'M2' parameter 'SMIN' = 0.040 does not match 0.026 of technology file (NEX-007)
Warning: Parasitic Tech Library layer 'M3' parameter 'SMIN' = 0.040 does not match 0.026 of technology file (NEX-007)
Warning: Technology layer 'M4' setting 'pitch' is not valid (NEX-001)
Warning: Technology layer 'MRDL' setting 'pitch' is not valid (NEX-001)
Warning: Parasitic Tech Library layer 'M1' parameter 'SMIN' = 0.040 does not match 0.026 of technology file (NEX-007)
Warning: Parasitic Tech Library layer 'M2' parameter 'SMIN' = 0.040 does not match 0.026 of technology file (NEX-007)
Warning: Parasitic Tech Library layer 'M3' parameter 'SMIN' = 0.040 does not match 0.026 of technology file (NEX-007)
Warning: Parasitic Tech Library layer 'M8' parameter 'WMIN' = 0.030 does not match 0.060 of technology file (NEX-007)
Warning: Parasitic Tech Library layer 'M8' parameter 'SMIN' = 0.060 does not match 0.040 of technology file (NEX-007)
Warning: Technology layer 'M4' setting 'pitch' is not valid (NEX-001)
Warning: Technology layer 'MRDL' setting 'pitch' is not valid (NEX-001)
Warning: Parasitic Tech Library layer 'M1' parameter 'SMIN' = 0.040 does not match 0.026 of technology file (NEX-007)
Warning: Parasitic Tech Library layer 'M2' parameter 'SMIN' = 0.040 does not match 0.026 of technology file (NEX-007)
Warning: Parasitic Tech Library layer 'M3' parameter 'SMIN' = 0.040 does not match 0.026 of technology file (NEX-007)
Warning: Technology layer 'M4' setting 'pitch' is not valid (NEX-001)
Warning: Technology layer 'MRDL' setting 'pitch' is not valid (NEX-001)
Warning: Parasitic Tech Library layer 'M1' parameter 'SMIN' = 0.040 does not match 0.026 of technology file (NEX-007)
Warning: Parasitic Tech Library layer 'M2' parameter 'SMIN' = 0.040 does not match 0.026 of technology file (NEX-007)
Warning: Parasitic Tech Library layer 'M3' parameter 'SMIN' = 0.040 does not match 0.026 of technology file (NEX-007)
Warning: Parasitic Tech Library layer 'M8' parameter 'WMIN' = 0.030 does not match 0.060 of technology file (NEX-007)
Warning: Parasitic Tech Library layer 'M8' parameter 'SMIN' = 0.060 does not match 0.040 of technology file (NEX-007)
Warning: Technology layer 'M4' setting 'pitch' is not valid (NEX-001)
Warning: Technology layer 'MRDL' setting 'pitch' is not valid (NEX-001)
Warning: Parasitic Tech Library layer 'M1' parameter 'SMIN' = 0.040 does not match 0.026 of technology file (NEX-007)
Warning: Parasitic Tech Library layer 'M2' parameter 'SMIN' = 0.040 does not match 0.026 of technology file (NEX-007)
Warning: Parasitic Tech Library layer 'M3' parameter 'SMIN' = 0.040 does not match 0.026 of technology file (NEX-007)
Warning: Technology layer 'M4' setting 'pitch' is not valid (NEX-001)
Warning: Technology layer 'MRDL' setting 'pitch' is not valid (NEX-001)
Warning: Parasitic Tech Library layer 'M1' parameter 'SMIN' = 0.040 does not match 0.026 of technology file (NEX-007)
Warning: Parasitic Tech Library layer 'M2' parameter 'SMIN' = 0.040 does not match 0.026 of technology file (NEX-007)
Warning: Parasitic Tech Library layer 'M3' parameter 'SMIN' = 0.040 does not match 0.026 of technology file (NEX-007)
Warning: Parasitic Tech Library layer 'M8' parameter 'WMIN' = 0.030 does not match 0.060 of technology file (NEX-007)
Warning: Parasitic Tech Library layer 'M8' parameter 'SMIN' = 0.060 does not match 0.040 of technology file (NEX-007)
Warning: Technology layer 'M4' setting 'pitch' is not valid (NEX-001)
Warning: Technology layer 'MRDL' setting 'pitch' is not valid (NEX-001)
Warning: Parasitic Tech Library layer 'M1' parameter 'SMIN' = 0.040 does not match 0.026 of technology file (NEX-007)
Warning: Parasitic Tech Library layer 'M2' parameter 'SMIN' = 0.040 does not match 0.026 of technology file (NEX-007)
Warning: Parasitic Tech Library layer 'M3' parameter 'SMIN' = 0.040 does not match 0.026 of technology file (NEX-007)
Warning: Technology layer 'M4' setting 'pitch' is not valid (NEX-001)
Warning: Technology layer 'MRDL' setting 'pitch' is not valid (NEX-001)
Warning: Parasitic Tech Library layer 'M1' parameter 'SMIN' = 0.040 does not match 0.026 of technology file (NEX-007)
Warning: Parasitic Tech Library layer 'M2' parameter 'SMIN' = 0.040 does not match 0.026 of technology file (NEX-007)
Warning: Parasitic Tech Library layer 'M3' parameter 'SMIN' = 0.040 does not match 0.026 of technology file (NEX-007)
Warning: Parasitic Tech Library layer 'M8' parameter 'WMIN' = 0.030 does not match 0.060 of technology file (NEX-007)
Warning: Parasitic Tech Library layer 'M8' parameter 'SMIN' = 0.060 does not match 0.040 of technology file (NEX-007)
Warning: Technology layer 'M4' setting 'pitch' is not valid (NEX-001)
Warning: Technology layer 'MRDL' setting 'pitch' is not valid (NEX-001)
Warning: Parasitic Tech Library layer 'M1' parameter 'SMIN' = 0.040 does not match 0.026 of technology file (NEX-007)
Warning: Parasitic Tech Library layer 'M2' parameter 'SMIN' = 0.040 does not match 0.026 of technology file (NEX-007)
Warning: Parasitic Tech Library layer 'M3' parameter 'SMIN' = 0.040 does not match 0.026 of technology file (NEX-007)
Warning: Technology layer 'M4' setting 'pitch' is not valid (NEX-001)
Warning: Technology layer 'MRDL' setting 'pitch' is not valid (NEX-001)
Warning: Parasitic Tech Library layer 'M1' parameter 'SMIN' = 0.040 does not match 0.026 of technology file (NEX-007)
Warning: Parasitic Tech Library layer 'M2' parameter 'SMIN' = 0.040 does not match 0.026 of technology file (NEX-007)
Warning: Parasitic Tech Library layer 'M3' parameter 'SMIN' = 0.040 does not match 0.026 of technology file (NEX-007)
Warning: Parasitic Tech Library layer 'M8' parameter 'WMIN' = 0.030 does not match 0.060 of technology file (NEX-007)
Warning: Parasitic Tech Library layer 'M8' parameter 'SMIN' = 0.060 does not match 0.040 of technology file (NEX-007)
Warning: Technology layer 'M4' setting 'pitch' is not valid (NEX-001)
Warning: Technology layer 'MRDL' setting 'pitch' is not valid (NEX-001)
Warning: Parasitic Tech Library layer 'M1' parameter 'SMIN' = 0.040 does not match 0.026 of technology file (NEX-007)
Warning: Parasitic Tech Library layer 'M2' parameter 'SMIN' = 0.040 does not match 0.026 of technology file (NEX-007)
Warning: Parasitic Tech Library layer 'M3' parameter 'SMIN' = 0.040 does not match 0.026 of technology file (NEX-007)
Warning: Technology layer 'M4' setting 'pitch' is not valid (NEX-001)
Warning: Technology layer 'MRDL' setting 'pitch' is not valid (NEX-001)
Warning: Parasitic Tech Library layer 'M1' parameter 'SMIN' = 0.040 does not match 0.026 of technology file (NEX-007)
Warning: Parasitic Tech Library layer 'M2' parameter 'SMIN' = 0.040 does not match 0.026 of technology file (NEX-007)
Warning: Parasitic Tech Library layer 'M3' parameter 'SMIN' = 0.040 does not match 0.026 of technology file (NEX-007)
Warning: Parasitic Tech Library layer 'M8' parameter 'WMIN' = 0.030 does not match 0.060 of technology file (NEX-007)
Warning: Parasitic Tech Library layer 'M8' parameter 'SMIN' = 0.060 does not match 0.040 of technology file (NEX-007)
ORB: timingScenario func_slow_Cmax timingCorner slow_Cmax
INFO: No leakage and power scenarios. Using regular scenarios instead.
INFO: No active leakage scenarios. Leakage will be turned off
Warning: Technology layer 'M4' setting 'pitch' is not valid (NEX-001)
Warning: Technology layer 'MRDL' setting 'pitch' is not valid (NEX-001)
Warning: Parasitic Tech Library layer 'M1' parameter 'SMIN' = 0.040 does not match 0.026 of technology file (NEX-007)
Warning: Parasitic Tech Library layer 'M2' parameter 'SMIN' = 0.040 does not match 0.026 of technology file (NEX-007)
Warning: Parasitic Tech Library layer 'M3' parameter 'SMIN' = 0.040 does not match 0.026 of technology file (NEX-007)
ORB: Nominal = 0.007553  Design MT = inf  Target = 0.054855 (7.263 nominal)  MaxRC = 0.035405
Warning: Technology layer 'M4' setting 'pitch' is not valid (NEX-001)
Warning: Technology layer 'MRDL' setting 'pitch' is not valid (NEX-001)
Warning: Parasitic Tech Library layer 'M1' parameter 'SMIN' = 0.040 does not match 0.026 of technology file (NEX-007)
Warning: Parasitic Tech Library layer 'M2' parameter 'SMIN' = 0.040 does not match 0.026 of technology file (NEX-007)
Warning: Parasitic Tech Library layer 'M3' parameter 'SMIN' = 0.040 does not match 0.026 of technology file (NEX-007)
Warning: Technology layer 'M4' setting 'pitch' is not valid (NEX-001)
Warning: Technology layer 'MRDL' setting 'pitch' is not valid (NEX-001)
Warning: Parasitic Tech Library layer 'M1' parameter 'SMIN' = 0.040 does not match 0.026 of technology file (NEX-007)
Warning: Parasitic Tech Library layer 'M2' parameter 'SMIN' = 0.040 does not match 0.026 of technology file (NEX-007)
Warning: Parasitic Tech Library layer 'M3' parameter 'SMIN' = 0.040 does not match 0.026 of technology file (NEX-007)
Warning: Parasitic Tech Library layer 'M8' parameter 'WMIN' = 0.030 does not match 0.060 of technology file (NEX-007)
Warning: Parasitic Tech Library layer 'M8' parameter 'SMIN' = 0.060 does not match 0.040 of technology file (NEX-007)
Warning: Technology layer 'M4' setting 'pitch' is not valid (NEX-001)
Warning: Technology layer 'MRDL' setting 'pitch' is not valid (NEX-001)
Warning: Parasitic Tech Library layer 'M1' parameter 'SMIN' = 0.040 does not match 0.026 of technology file (NEX-007)
Warning: Parasitic Tech Library layer 'M2' parameter 'SMIN' = 0.040 does not match 0.026 of technology file (NEX-007)
Warning: Parasitic Tech Library layer 'M3' parameter 'SMIN' = 0.040 does not match 0.026 of technology file (NEX-007)
Warning: Technology layer 'M4' setting 'pitch' is not valid (NEX-001)
Warning: Technology layer 'MRDL' setting 'pitch' is not valid (NEX-001)
Warning: Parasitic Tech Library layer 'M1' parameter 'SMIN' = 0.040 does not match 0.026 of technology file (NEX-007)
Warning: Parasitic Tech Library layer 'M2' parameter 'SMIN' = 0.040 does not match 0.026 of technology file (NEX-007)
Warning: Parasitic Tech Library layer 'M3' parameter 'SMIN' = 0.040 does not match 0.026 of technology file (NEX-007)
Warning: Parasitic Tech Library layer 'M8' parameter 'WMIN' = 0.030 does not match 0.060 of technology file (NEX-007)
Warning: Parasitic Tech Library layer 'M8' parameter 'SMIN' = 0.060 does not match 0.040 of technology file (NEX-007)
Warning: Technology layer 'M4' setting 'pitch' is not valid (NEX-001)
Warning: Technology layer 'MRDL' setting 'pitch' is not valid (NEX-001)
Warning: Parasitic Tech Library layer 'M1' parameter 'SMIN' = 0.040 does not match 0.026 of technology file (NEX-007)
Warning: Parasitic Tech Library layer 'M2' parameter 'SMIN' = 0.040 does not match 0.026 of technology file (NEX-007)
Warning: Parasitic Tech Library layer 'M3' parameter 'SMIN' = 0.040 does not match 0.026 of technology file (NEX-007)
Warning: Technology layer 'M4' setting 'pitch' is not valid (NEX-001)
Warning: Technology layer 'MRDL' setting 'pitch' is not valid (NEX-001)
Warning: Parasitic Tech Library layer 'M1' parameter 'SMIN' = 0.040 does not match 0.026 of technology file (NEX-007)
Warning: Parasitic Tech Library layer 'M2' parameter 'SMIN' = 0.040 does not match 0.026 of technology file (NEX-007)
Warning: Parasitic Tech Library layer 'M3' parameter 'SMIN' = 0.040 does not match 0.026 of technology file (NEX-007)
Warning: Parasitic Tech Library layer 'M8' parameter 'WMIN' = 0.030 does not match 0.060 of technology file (NEX-007)
Warning: Parasitic Tech Library layer 'M8' parameter 'SMIN' = 0.060 does not match 0.040 of technology file (NEX-007)
Warning: Technology layer 'M4' setting 'pitch' is not valid (NEX-001)
Warning: Technology layer 'MRDL' setting 'pitch' is not valid (NEX-001)
Warning: Parasitic Tech Library layer 'M1' parameter 'SMIN' = 0.040 does not match 0.026 of technology file (NEX-007)
Warning: Parasitic Tech Library layer 'M2' parameter 'SMIN' = 0.040 does not match 0.026 of technology file (NEX-007)
Warning: Parasitic Tech Library layer 'M3' parameter 'SMIN' = 0.040 does not match 0.026 of technology file (NEX-007)
Warning: Technology layer 'M4' setting 'pitch' is not valid (NEX-001)
Warning: Technology layer 'MRDL' setting 'pitch' is not valid (NEX-001)
Warning: Parasitic Tech Library layer 'M1' parameter 'SMIN' = 0.040 does not match 0.026 of technology file (NEX-007)
Warning: Parasitic Tech Library layer 'M2' parameter 'SMIN' = 0.040 does not match 0.026 of technology file (NEX-007)
Warning: Parasitic Tech Library layer 'M3' parameter 'SMIN' = 0.040 does not match 0.026 of technology file (NEX-007)
Warning: Parasitic Tech Library layer 'M8' parameter 'WMIN' = 0.030 does not match 0.060 of technology file (NEX-007)
Warning: Parasitic Tech Library layer 'M8' parameter 'SMIN' = 0.060 does not match 0.040 of technology file (NEX-007)
Warning: Technology layer 'M4' setting 'pitch' is not valid (NEX-001)
Warning: Technology layer 'MRDL' setting 'pitch' is not valid (NEX-001)
Warning: Parasitic Tech Library layer 'M1' parameter 'SMIN' = 0.040 does not match 0.026 of technology file (NEX-007)
Warning: Parasitic Tech Library layer 'M2' parameter 'SMIN' = 0.040 does not match 0.026 of technology file (NEX-007)
Warning: Parasitic Tech Library layer 'M3' parameter 'SMIN' = 0.040 does not match 0.026 of technology file (NEX-007)
Warning: Technology layer 'M4' setting 'pitch' is not valid (NEX-001)
Warning: Technology layer 'MRDL' setting 'pitch' is not valid (NEX-001)
Warning: Parasitic Tech Library layer 'M1' parameter 'SMIN' = 0.040 does not match 0.026 of technology file (NEX-007)
Warning: Parasitic Tech Library layer 'M2' parameter 'SMIN' = 0.040 does not match 0.026 of technology file (NEX-007)
Warning: Parasitic Tech Library layer 'M3' parameter 'SMIN' = 0.040 does not match 0.026 of technology file (NEX-007)
Warning: Parasitic Tech Library layer 'M8' parameter 'WMIN' = 0.030 does not match 0.060 of technology file (NEX-007)
Warning: Parasitic Tech Library layer 'M8' parameter 'SMIN' = 0.060 does not match 0.040 of technology file (NEX-007)
Warning: Technology layer 'M4' setting 'pitch' is not valid (NEX-001)
Warning: Technology layer 'MRDL' setting 'pitch' is not valid (NEX-001)
Warning: Parasitic Tech Library layer 'M1' parameter 'SMIN' = 0.040 does not match 0.026 of technology file (NEX-007)
Warning: Parasitic Tech Library layer 'M2' parameter 'SMIN' = 0.040 does not match 0.026 of technology file (NEX-007)
Warning: Parasitic Tech Library layer 'M3' parameter 'SMIN' = 0.040 does not match 0.026 of technology file (NEX-007)
Warning: Technology layer 'M4' setting 'pitch' is not valid (NEX-001)
Warning: Technology layer 'MRDL' setting 'pitch' is not valid (NEX-001)
Warning: Parasitic Tech Library layer 'M1' parameter 'SMIN' = 0.040 does not match 0.026 of technology file (NEX-007)
Warning: Parasitic Tech Library layer 'M2' parameter 'SMIN' = 0.040 does not match 0.026 of technology file (NEX-007)
Warning: Parasitic Tech Library layer 'M3' parameter 'SMIN' = 0.040 does not match 0.026 of technology file (NEX-007)
Warning: Parasitic Tech Library layer 'M8' parameter 'WMIN' = 0.030 does not match 0.060 of technology file (NEX-007)
Warning: Parasitic Tech Library layer 'M8' parameter 'SMIN' = 0.060 does not match 0.040 of technology file (NEX-007)
Warning: Technology layer 'M4' setting 'pitch' is not valid (NEX-001)
Warning: Technology layer 'MRDL' setting 'pitch' is not valid (NEX-001)
Warning: Parasitic Tech Library layer 'M1' parameter 'SMIN' = 0.040 does not match 0.026 of technology file (NEX-007)
Warning: Parasitic Tech Library layer 'M2' parameter 'SMIN' = 0.040 does not match 0.026 of technology file (NEX-007)
Warning: Parasitic Tech Library layer 'M3' parameter 'SMIN' = 0.040 does not match 0.026 of technology file (NEX-007)
Warning: Technology layer 'M4' setting 'pitch' is not valid (NEX-001)
Warning: Technology layer 'MRDL' setting 'pitch' is not valid (NEX-001)
Warning: Parasitic Tech Library layer 'M1' parameter 'SMIN' = 0.040 does not match 0.026 of technology file (NEX-007)
Warning: Parasitic Tech Library layer 'M2' parameter 'SMIN' = 0.040 does not match 0.026 of technology file (NEX-007)
Warning: Parasitic Tech Library layer 'M3' parameter 'SMIN' = 0.040 does not match 0.026 of technology file (NEX-007)
Warning: Parasitic Tech Library layer 'M8' parameter 'WMIN' = 0.030 does not match 0.060 of technology file (NEX-007)
Warning: Parasitic Tech Library layer 'M8' parameter 'SMIN' = 0.060 does not match 0.040 of technology file (NEX-007)
Warning: Technology layer 'M4' setting 'pitch' is not valid (NEX-001)
Warning: Technology layer 'MRDL' setting 'pitch' is not valid (NEX-001)
Warning: Parasitic Tech Library layer 'M1' parameter 'SMIN' = 0.040 does not match 0.026 of technology file (NEX-007)
Warning: Parasitic Tech Library layer 'M2' parameter 'SMIN' = 0.040 does not match 0.026 of technology file (NEX-007)
Warning: Parasitic Tech Library layer 'M3' parameter 'SMIN' = 0.040 does not match 0.026 of technology file (NEX-007)
Warning: Technology layer 'M4' setting 'pitch' is not valid (NEX-001)
Warning: Technology layer 'MRDL' setting 'pitch' is not valid (NEX-001)
Warning: Parasitic Tech Library layer 'M1' parameter 'SMIN' = 0.040 does not match 0.026 of technology file (NEX-007)
Warning: Parasitic Tech Library layer 'M2' parameter 'SMIN' = 0.040 does not match 0.026 of technology file (NEX-007)
Warning: Parasitic Tech Library layer 'M3' parameter 'SMIN' = 0.040 does not match 0.026 of technology file (NEX-007)
Warning: Parasitic Tech Library layer 'M8' parameter 'WMIN' = 0.030 does not match 0.060 of technology file (NEX-007)
Warning: Parasitic Tech Library layer 'M8' parameter 'SMIN' = 0.060 does not match 0.040 of technology file (NEX-007)
ORB: timingScenario func_slow_Cmax timingCorner slow_Cmax
INFO: No leakage and power scenarios. Using regular scenarios instead.
INFO: No active leakage scenarios. Leakage will be turned off
Warning: Technology layer 'M4' setting 'pitch' is not valid (NEX-001)
Warning: Technology layer 'MRDL' setting 'pitch' is not valid (NEX-001)
Warning: Parasitic Tech Library layer 'M1' parameter 'SMIN' = 0.040 does not match 0.026 of technology file (NEX-007)
Warning: Parasitic Tech Library layer 'M2' parameter 'SMIN' = 0.040 does not match 0.026 of technology file (NEX-007)
Warning: Parasitic Tech Library layer 'M3' parameter 'SMIN' = 0.040 does not match 0.026 of technology file (NEX-007)
ORB: Nominal = 0.007553  Design MT = inf  Target = 0.054855 (7.263 nominal)  MaxRC = 0.035405
Warning: Technology layer 'M4' setting 'pitch' is not valid (NEX-001)
Warning: Technology layer 'MRDL' setting 'pitch' is not valid (NEX-001)
Warning: Parasitic Tech Library layer 'M1' parameter 'SMIN' = 0.040 does not match 0.026 of technology file (NEX-007)
Warning: Parasitic Tech Library layer 'M2' parameter 'SMIN' = 0.040 does not match 0.026 of technology file (NEX-007)
Warning: Parasitic Tech Library layer 'M3' parameter 'SMIN' = 0.040 does not match 0.026 of technology file (NEX-007)
Warning: Technology layer 'M4' setting 'pitch' is not valid (NEX-001)
Warning: Technology layer 'MRDL' setting 'pitch' is not valid (NEX-001)
Warning: Parasitic Tech Library layer 'M1' parameter 'SMIN' = 0.040 does not match 0.026 of technology file (NEX-007)
Warning: Parasitic Tech Library layer 'M2' parameter 'SMIN' = 0.040 does not match 0.026 of technology file (NEX-007)
Warning: Parasitic Tech Library layer 'M3' parameter 'SMIN' = 0.040 does not match 0.026 of technology file (NEX-007)
Warning: Parasitic Tech Library layer 'M8' parameter 'WMIN' = 0.030 does not match 0.060 of technology file (NEX-007)
Warning: Parasitic Tech Library layer 'M8' parameter 'SMIN' = 0.060 does not match 0.040 of technology file (NEX-007)
Warning: Technology layer 'M4' setting 'pitch' is not valid (NEX-001)
Warning: Technology layer 'MRDL' setting 'pitch' is not valid (NEX-001)
Warning: Parasitic Tech Library layer 'M1' parameter 'SMIN' = 0.040 does not match 0.026 of technology file (NEX-007)
Warning: Parasitic Tech Library layer 'M2' parameter 'SMIN' = 0.040 does not match 0.026 of technology file (NEX-007)
Warning: Parasitic Tech Library layer 'M3' parameter 'SMIN' = 0.040 does not match 0.026 of technology file (NEX-007)
Warning: Technology layer 'M4' setting 'pitch' is not valid (NEX-001)
Warning: Technology layer 'MRDL' setting 'pitch' is not valid (NEX-001)
Warning: Parasitic Tech Library layer 'M1' parameter 'SMIN' = 0.040 does not match 0.026 of technology file (NEX-007)
Warning: Parasitic Tech Library layer 'M2' parameter 'SMIN' = 0.040 does not match 0.026 of technology file (NEX-007)
Warning: Parasitic Tech Library layer 'M3' parameter 'SMIN' = 0.040 does not match 0.026 of technology file (NEX-007)
Warning: Parasitic Tech Library layer 'M8' parameter 'WMIN' = 0.030 does not match 0.060 of technology file (NEX-007)
Warning: Parasitic Tech Library layer 'M8' parameter 'SMIN' = 0.060 does not match 0.040 of technology file (NEX-007)
Warning: Technology layer 'M4' setting 'pitch' is not valid (NEX-001)
Warning: Technology layer 'MRDL' setting 'pitch' is not valid (NEX-001)
Warning: Parasitic Tech Library layer 'M1' parameter 'SMIN' = 0.040 does not match 0.026 of technology file (NEX-007)
Warning: Parasitic Tech Library layer 'M2' parameter 'SMIN' = 0.040 does not match 0.026 of technology file (NEX-007)
Warning: Parasitic Tech Library layer 'M3' parameter 'SMIN' = 0.040 does not match 0.026 of technology file (NEX-007)
Warning: Technology layer 'M4' setting 'pitch' is not valid (NEX-001)
Warning: Technology layer 'MRDL' setting 'pitch' is not valid (NEX-001)
Warning: Parasitic Tech Library layer 'M1' parameter 'SMIN' = 0.040 does not match 0.026 of technology file (NEX-007)
Warning: Parasitic Tech Library layer 'M2' parameter 'SMIN' = 0.040 does not match 0.026 of technology file (NEX-007)
Warning: Parasitic Tech Library layer 'M3' parameter 'SMIN' = 0.040 does not match 0.026 of technology file (NEX-007)
Warning: Parasitic Tech Library layer 'M8' parameter 'WMIN' = 0.030 does not match 0.060 of technology file (NEX-007)
Warning: Parasitic Tech Library layer 'M8' parameter 'SMIN' = 0.060 does not match 0.040 of technology file (NEX-007)
Warning: Technology layer 'M4' setting 'pitch' is not valid (NEX-001)
Warning: Technology layer 'MRDL' setting 'pitch' is not valid (NEX-001)
Warning: Parasitic Tech Library layer 'M1' parameter 'SMIN' = 0.040 does not match 0.026 of technology file (NEX-007)
Warning: Parasitic Tech Library layer 'M2' parameter 'SMIN' = 0.040 does not match 0.026 of technology file (NEX-007)
Warning: Parasitic Tech Library layer 'M3' parameter 'SMIN' = 0.040 does not match 0.026 of technology file (NEX-007)
Warning: Technology layer 'M4' setting 'pitch' is not valid (NEX-001)
Warning: Technology layer 'MRDL' setting 'pitch' is not valid (NEX-001)
Warning: Parasitic Tech Library layer 'M1' parameter 'SMIN' = 0.040 does not match 0.026 of technology file (NEX-007)
Warning: Parasitic Tech Library layer 'M2' parameter 'SMIN' = 0.040 does not match 0.026 of technology file (NEX-007)
Warning: Parasitic Tech Library layer 'M3' parameter 'SMIN' = 0.040 does not match 0.026 of technology file (NEX-007)
Warning: Parasitic Tech Library layer 'M8' parameter 'WMIN' = 0.030 does not match 0.060 of technology file (NEX-007)
Warning: Parasitic Tech Library layer 'M8' parameter 'SMIN' = 0.060 does not match 0.040 of technology file (NEX-007)
Warning: Technology layer 'M4' setting 'pitch' is not valid (NEX-001)
Warning: Technology layer 'MRDL' setting 'pitch' is not valid (NEX-001)
Warning: Parasitic Tech Library layer 'M1' parameter 'SMIN' = 0.040 does not match 0.026 of technology file (NEX-007)
Warning: Parasitic Tech Library layer 'M2' parameter 'SMIN' = 0.040 does not match 0.026 of technology file (NEX-007)
Warning: Parasitic Tech Library layer 'M3' parameter 'SMIN' = 0.040 does not match 0.026 of technology file (NEX-007)
Warning: Technology layer 'M4' setting 'pitch' is not valid (NEX-001)
Warning: Technology layer 'MRDL' setting 'pitch' is not valid (NEX-001)
Warning: Parasitic Tech Library layer 'M1' parameter 'SMIN' = 0.040 does not match 0.026 of technology file (NEX-007)
Warning: Parasitic Tech Library layer 'M2' parameter 'SMIN' = 0.040 does not match 0.026 of technology file (NEX-007)
Warning: Parasitic Tech Library layer 'M3' parameter 'SMIN' = 0.040 does not match 0.026 of technology file (NEX-007)
Warning: Parasitic Tech Library layer 'M8' parameter 'WMIN' = 0.030 does not match 0.060 of technology file (NEX-007)
Warning: Parasitic Tech Library layer 'M8' parameter 'SMIN' = 0.060 does not match 0.040 of technology file (NEX-007)
Warning: Technology layer 'M4' setting 'pitch' is not valid (NEX-001)
Warning: Technology layer 'MRDL' setting 'pitch' is not valid (NEX-001)
Warning: Parasitic Tech Library layer 'M1' parameter 'SMIN' = 0.040 does not match 0.026 of technology file (NEX-007)
Warning: Parasitic Tech Library layer 'M2' parameter 'SMIN' = 0.040 does not match 0.026 of technology file (NEX-007)
Warning: Parasitic Tech Library layer 'M3' parameter 'SMIN' = 0.040 does not match 0.026 of technology file (NEX-007)
Warning: Technology layer 'M4' setting 'pitch' is not valid (NEX-001)
Warning: Technology layer 'MRDL' setting 'pitch' is not valid (NEX-001)
Warning: Parasitic Tech Library layer 'M1' parameter 'SMIN' = 0.040 does not match 0.026 of technology file (NEX-007)
Warning: Parasitic Tech Library layer 'M2' parameter 'SMIN' = 0.040 does not match 0.026 of technology file (NEX-007)
Warning: Parasitic Tech Library layer 'M3' parameter 'SMIN' = 0.040 does not match 0.026 of technology file (NEX-007)
Warning: Parasitic Tech Library layer 'M8' parameter 'WMIN' = 0.030 does not match 0.060 of technology file (NEX-007)
Warning: Parasitic Tech Library layer 'M8' parameter 'SMIN' = 0.060 does not match 0.040 of technology file (NEX-007)
Warning: Technology layer 'M4' setting 'pitch' is not valid (NEX-001)
Warning: Technology layer 'MRDL' setting 'pitch' is not valid (NEX-001)
Warning: Parasitic Tech Library layer 'M1' parameter 'SMIN' = 0.040 does not match 0.026 of technology file (NEX-007)
Warning: Parasitic Tech Library layer 'M2' parameter 'SMIN' = 0.040 does not match 0.026 of technology file (NEX-007)
Warning: Parasitic Tech Library layer 'M3' parameter 'SMIN' = 0.040 does not match 0.026 of technology file (NEX-007)
Warning: Technology layer 'M4' setting 'pitch' is not valid (NEX-001)
Warning: Technology layer 'MRDL' setting 'pitch' is not valid (NEX-001)
Warning: Parasitic Tech Library layer 'M1' parameter 'SMIN' = 0.040 does not match 0.026 of technology file (NEX-007)
Warning: Parasitic Tech Library layer 'M2' parameter 'SMIN' = 0.040 does not match 0.026 of technology file (NEX-007)
Warning: Parasitic Tech Library layer 'M3' parameter 'SMIN' = 0.040 does not match 0.026 of technology file (NEX-007)
Warning: Parasitic Tech Library layer 'M8' parameter 'WMIN' = 0.030 does not match 0.060 of technology file (NEX-007)
Warning: Parasitic Tech Library layer 'M8' parameter 'SMIN' = 0.060 does not match 0.040 of technology file (NEX-007)
Warning: Technology layer 'M4' setting 'pitch' is not valid (NEX-001)
Warning: Technology layer 'MRDL' setting 'pitch' is not valid (NEX-001)
Warning: Parasitic Tech Library layer 'M1' parameter 'SMIN' = 0.040 does not match 0.026 of technology file (NEX-007)
Warning: Parasitic Tech Library layer 'M2' parameter 'SMIN' = 0.040 does not match 0.026 of technology file (NEX-007)
Warning: Parasitic Tech Library layer 'M3' parameter 'SMIN' = 0.040 does not match 0.026 of technology file (NEX-007)
Warning: Technology layer 'M4' setting 'pitch' is not valid (NEX-001)
Warning: Technology layer 'MRDL' setting 'pitch' is not valid (NEX-001)
Warning: Parasitic Tech Library layer 'M1' parameter 'SMIN' = 0.040 does not match 0.026 of technology file (NEX-007)
Warning: Parasitic Tech Library layer 'M2' parameter 'SMIN' = 0.040 does not match 0.026 of technology file (NEX-007)
Warning: Parasitic Tech Library layer 'M3' parameter 'SMIN' = 0.040 does not match 0.026 of technology file (NEX-007)
Warning: Parasitic Tech Library layer 'M8' parameter 'WMIN' = 0.030 does not match 0.060 of technology file (NEX-007)
Warning: Parasitic Tech Library layer 'M8' parameter 'SMIN' = 0.060 does not match 0.040 of technology file (NEX-007)
ORB: timingScenario func_slow_Cmax timingCorner slow_Cmax
INFO: No leakage and power scenarios. Using regular scenarios instead.
INFO: No active leakage scenarios. Leakage will be turned off
Warning: Technology layer 'M4' setting 'pitch' is not valid (NEX-001)
Warning: Technology layer 'MRDL' setting 'pitch' is not valid (NEX-001)
Warning: Parasitic Tech Library layer 'M1' parameter 'SMIN' = 0.040 does not match 0.026 of technology file (NEX-007)
Warning: Parasitic Tech Library layer 'M2' parameter 'SMIN' = 0.040 does not match 0.026 of technology file (NEX-007)
Warning: Parasitic Tech Library layer 'M3' parameter 'SMIN' = 0.040 does not match 0.026 of technology file (NEX-007)
ORB: Nominal = 0.007553  Design MT = inf  Target = 0.054855 (7.263 nominal)  MaxRC = 0.035405
Warning: Technology layer 'M4' setting 'pitch' is not valid (NEX-001)
Warning: Technology layer 'MRDL' setting 'pitch' is not valid (NEX-001)
Warning: Parasitic Tech Library layer 'M1' parameter 'SMIN' = 0.040 does not match 0.026 of technology file (NEX-007)
Warning: Parasitic Tech Library layer 'M2' parameter 'SMIN' = 0.040 does not match 0.026 of technology file (NEX-007)
Warning: Parasitic Tech Library layer 'M3' parameter 'SMIN' = 0.040 does not match 0.026 of technology file (NEX-007)
Warning: Technology layer 'M4' setting 'pitch' is not valid (NEX-001)
Warning: Technology layer 'MRDL' setting 'pitch' is not valid (NEX-001)
Warning: Parasitic Tech Library layer 'M1' parameter 'SMIN' = 0.040 does not match 0.026 of technology file (NEX-007)
Warning: Parasitic Tech Library layer 'M2' parameter 'SMIN' = 0.040 does not match 0.026 of technology file (NEX-007)
Warning: Parasitic Tech Library layer 'M3' parameter 'SMIN' = 0.040 does not match 0.026 of technology file (NEX-007)
Warning: Parasitic Tech Library layer 'M8' parameter 'WMIN' = 0.030 does not match 0.060 of technology file (NEX-007)
Warning: Parasitic Tech Library layer 'M8' parameter 'SMIN' = 0.060 does not match 0.040 of technology file (NEX-007)
Warning: Technology layer 'M4' setting 'pitch' is not valid (NEX-001)
Warning: Technology layer 'MRDL' setting 'pitch' is not valid (NEX-001)
Warning: Parasitic Tech Library layer 'M1' parameter 'SMIN' = 0.040 does not match 0.026 of technology file (NEX-007)
Warning: Parasitic Tech Library layer 'M2' parameter 'SMIN' = 0.040 does not match 0.026 of technology file (NEX-007)
Warning: Parasitic Tech Library layer 'M3' parameter 'SMIN' = 0.040 does not match 0.026 of technology file (NEX-007)
Warning: Technology layer 'M4' setting 'pitch' is not valid (NEX-001)
Warning: Technology layer 'MRDL' setting 'pitch' is not valid (NEX-001)
Warning: Parasitic Tech Library layer 'M1' parameter 'SMIN' = 0.040 does not match 0.026 of technology file (NEX-007)
Warning: Parasitic Tech Library layer 'M2' parameter 'SMIN' = 0.040 does not match 0.026 of technology file (NEX-007)
Warning: Parasitic Tech Library layer 'M3' parameter 'SMIN' = 0.040 does not match 0.026 of technology file (NEX-007)
Warning: Parasitic Tech Library layer 'M8' parameter 'WMIN' = 0.030 does not match 0.060 of technology file (NEX-007)
Warning: Parasitic Tech Library layer 'M8' parameter 'SMIN' = 0.060 does not match 0.040 of technology file (NEX-007)
Warning: Technology layer 'M4' setting 'pitch' is not valid (NEX-001)
Warning: Technology layer 'MRDL' setting 'pitch' is not valid (NEX-001)
Warning: Parasitic Tech Library layer 'M1' parameter 'SMIN' = 0.040 does not match 0.026 of technology file (NEX-007)
Warning: Parasitic Tech Library layer 'M2' parameter 'SMIN' = 0.040 does not match 0.026 of technology file (NEX-007)
Warning: Parasitic Tech Library layer 'M3' parameter 'SMIN' = 0.040 does not match 0.026 of technology file (NEX-007)
Warning: Technology layer 'M4' setting 'pitch' is not valid (NEX-001)
Warning: Technology layer 'MRDL' setting 'pitch' is not valid (NEX-001)
Warning: Parasitic Tech Library layer 'M1' parameter 'SMIN' = 0.040 does not match 0.026 of technology file (NEX-007)
Warning: Parasitic Tech Library layer 'M2' parameter 'SMIN' = 0.040 does not match 0.026 of technology file (NEX-007)
Warning: Parasitic Tech Library layer 'M3' parameter 'SMIN' = 0.040 does not match 0.026 of technology file (NEX-007)
Warning: Parasitic Tech Library layer 'M8' parameter 'WMIN' = 0.030 does not match 0.060 of technology file (NEX-007)
Warning: Parasitic Tech Library layer 'M8' parameter 'SMIN' = 0.060 does not match 0.040 of technology file (NEX-007)
Warning: Technology layer 'M4' setting 'pitch' is not valid (NEX-001)
Warning: Technology layer 'MRDL' setting 'pitch' is not valid (NEX-001)
Warning: Parasitic Tech Library layer 'M1' parameter 'SMIN' = 0.040 does not match 0.026 of technology file (NEX-007)
Warning: Parasitic Tech Library layer 'M2' parameter 'SMIN' = 0.040 does not match 0.026 of technology file (NEX-007)
Warning: Parasitic Tech Library layer 'M3' parameter 'SMIN' = 0.040 does not match 0.026 of technology file (NEX-007)
Warning: Technology layer 'M4' setting 'pitch' is not valid (NEX-001)
Warning: Technology layer 'MRDL' setting 'pitch' is not valid (NEX-001)
Warning: Parasitic Tech Library layer 'M1' parameter 'SMIN' = 0.040 does not match 0.026 of technology file (NEX-007)
Warning: Parasitic Tech Library layer 'M2' parameter 'SMIN' = 0.040 does not match 0.026 of technology file (NEX-007)
Warning: Parasitic Tech Library layer 'M3' parameter 'SMIN' = 0.040 does not match 0.026 of technology file (NEX-007)
Warning: Parasitic Tech Library layer 'M8' parameter 'WMIN' = 0.030 does not match 0.060 of technology file (NEX-007)
Warning: Parasitic Tech Library layer 'M8' parameter 'SMIN' = 0.060 does not match 0.040 of technology file (NEX-007)
Warning: Technology layer 'M4' setting 'pitch' is not valid (NEX-001)
Warning: Technology layer 'MRDL' setting 'pitch' is not valid (NEX-001)
Warning: Parasitic Tech Library layer 'M1' parameter 'SMIN' = 0.040 does not match 0.026 of technology file (NEX-007)
Warning: Parasitic Tech Library layer 'M2' parameter 'SMIN' = 0.040 does not match 0.026 of technology file (NEX-007)
Warning: Parasitic Tech Library layer 'M3' parameter 'SMIN' = 0.040 does not match 0.026 of technology file (NEX-007)
Warning: Technology layer 'M4' setting 'pitch' is not valid (NEX-001)
Warning: Technology layer 'MRDL' setting 'pitch' is not valid (NEX-001)
Warning: Parasitic Tech Library layer 'M1' parameter 'SMIN' = 0.040 does not match 0.026 of technology file (NEX-007)
Warning: Parasitic Tech Library layer 'M2' parameter 'SMIN' = 0.040 does not match 0.026 of technology file (NEX-007)
Warning: Parasitic Tech Library layer 'M3' parameter 'SMIN' = 0.040 does not match 0.026 of technology file (NEX-007)
Warning: Parasitic Tech Library layer 'M8' parameter 'WMIN' = 0.030 does not match 0.060 of technology file (NEX-007)
Warning: Parasitic Tech Library layer 'M8' parameter 'SMIN' = 0.060 does not match 0.040 of technology file (NEX-007)
Warning: Technology layer 'M4' setting 'pitch' is not valid (NEX-001)
Warning: Technology layer 'MRDL' setting 'pitch' is not valid (NEX-001)
Warning: Parasitic Tech Library layer 'M1' parameter 'SMIN' = 0.040 does not match 0.026 of technology file (NEX-007)
Warning: Parasitic Tech Library layer 'M2' parameter 'SMIN' = 0.040 does not match 0.026 of technology file (NEX-007)
Warning: Parasitic Tech Library layer 'M3' parameter 'SMIN' = 0.040 does not match 0.026 of technology file (NEX-007)
Warning: Technology layer 'M4' setting 'pitch' is not valid (NEX-001)
Warning: Technology layer 'MRDL' setting 'pitch' is not valid (NEX-001)
Warning: Parasitic Tech Library layer 'M1' parameter 'SMIN' = 0.040 does not match 0.026 of technology file (NEX-007)
Warning: Parasitic Tech Library layer 'M2' parameter 'SMIN' = 0.040 does not match 0.026 of technology file (NEX-007)
Warning: Parasitic Tech Library layer 'M3' parameter 'SMIN' = 0.040 does not match 0.026 of technology file (NEX-007)
Warning: Parasitic Tech Library layer 'M8' parameter 'WMIN' = 0.030 does not match 0.060 of technology file (NEX-007)
Warning: Parasitic Tech Library layer 'M8' parameter 'SMIN' = 0.060 does not match 0.040 of technology file (NEX-007)
Warning: Technology layer 'M4' setting 'pitch' is not valid (NEX-001)
Warning: Technology layer 'MRDL' setting 'pitch' is not valid (NEX-001)
Warning: Parasitic Tech Library layer 'M1' parameter 'SMIN' = 0.040 does not match 0.026 of technology file (NEX-007)
Warning: Parasitic Tech Library layer 'M2' parameter 'SMIN' = 0.040 does not match 0.026 of technology file (NEX-007)
Warning: Parasitic Tech Library layer 'M3' parameter 'SMIN' = 0.040 does not match 0.026 of technology file (NEX-007)
Warning: Technology layer 'M4' setting 'pitch' is not valid (NEX-001)
Warning: Technology layer 'MRDL' setting 'pitch' is not valid (NEX-001)
Warning: Parasitic Tech Library layer 'M1' parameter 'SMIN' = 0.040 does not match 0.026 of technology file (NEX-007)
Warning: Parasitic Tech Library layer 'M2' parameter 'SMIN' = 0.040 does not match 0.026 of technology file (NEX-007)
Warning: Parasitic Tech Library layer 'M3' parameter 'SMIN' = 0.040 does not match 0.026 of technology file (NEX-007)
Warning: Parasitic Tech Library layer 'M8' parameter 'WMIN' = 0.030 does not match 0.060 of technology file (NEX-007)
Warning: Parasitic Tech Library layer 'M8' parameter 'SMIN' = 0.060 does not match 0.040 of technology file (NEX-007)
Warning: Technology layer 'M4' setting 'pitch' is not valid (NEX-001)
Warning: Technology layer 'MRDL' setting 'pitch' is not valid (NEX-001)
Warning: Parasitic Tech Library layer 'M1' parameter 'SMIN' = 0.040 does not match 0.026 of technology file (NEX-007)
Warning: Parasitic Tech Library layer 'M2' parameter 'SMIN' = 0.040 does not match 0.026 of technology file (NEX-007)
Warning: Parasitic Tech Library layer 'M3' parameter 'SMIN' = 0.040 does not match 0.026 of technology file (NEX-007)
Warning: Technology layer 'M4' setting 'pitch' is not valid (NEX-001)
Warning: Technology layer 'MRDL' setting 'pitch' is not valid (NEX-001)
Warning: Parasitic Tech Library layer 'M1' parameter 'SMIN' = 0.040 does not match 0.026 of technology file (NEX-007)
Warning: Parasitic Tech Library layer 'M2' parameter 'SMIN' = 0.040 does not match 0.026 of technology file (NEX-007)
Warning: Parasitic Tech Library layer 'M3' parameter 'SMIN' = 0.040 does not match 0.026 of technology file (NEX-007)
Warning: Parasitic Tech Library layer 'M8' parameter 'WMIN' = 0.030 does not match 0.060 of technology file (NEX-007)
Warning: Parasitic Tech Library layer 'M8' parameter 'SMIN' = 0.060 does not match 0.040 of technology file (NEX-007)
ORB: timingScenario func_slow_Cmax timingCorner slow_Cmax
INFO: No leakage and power scenarios. Using regular scenarios instead.
INFO: No active leakage scenarios. Leakage will be turned off
Warning: Technology layer 'M4' setting 'pitch' is not valid (NEX-001)
Warning: Technology layer 'MRDL' setting 'pitch' is not valid (NEX-001)
Warning: Parasitic Tech Library layer 'M1' parameter 'SMIN' = 0.040 does not match 0.026 of technology file (NEX-007)
Warning: Parasitic Tech Library layer 'M2' parameter 'SMIN' = 0.040 does not match 0.026 of technology file (NEX-007)
Warning: Parasitic Tech Library layer 'M3' parameter 'SMIN' = 0.040 does not match 0.026 of technology file (NEX-007)
ORB: Nominal = 0.007553  Design MT = inf  Target = 0.054855 (7.263 nominal)  MaxRC = 0.035405
Warning: Technology layer 'M4' setting 'pitch' is not valid (NEX-001)
Warning: Technology layer 'MRDL' setting 'pitch' is not valid (NEX-001)
Warning: Parasitic Tech Library layer 'M1' parameter 'SMIN' = 0.040 does not match 0.026 of technology file (NEX-007)
Warning: Parasitic Tech Library layer 'M2' parameter 'SMIN' = 0.040 does not match 0.026 of technology file (NEX-007)
Warning: Parasitic Tech Library layer 'M3' parameter 'SMIN' = 0.040 does not match 0.026 of technology file (NEX-007)
Warning: Technology layer 'M4' setting 'pitch' is not valid (NEX-001)
Warning: Technology layer 'MRDL' setting 'pitch' is not valid (NEX-001)
Warning: Parasitic Tech Library layer 'M1' parameter 'SMIN' = 0.040 does not match 0.026 of technology file (NEX-007)
Warning: Parasitic Tech Library layer 'M2' parameter 'SMIN' = 0.040 does not match 0.026 of technology file (NEX-007)
Warning: Parasitic Tech Library layer 'M3' parameter 'SMIN' = 0.040 does not match 0.026 of technology file (NEX-007)
Warning: Parasitic Tech Library layer 'M8' parameter 'WMIN' = 0.030 does not match 0.060 of technology file (NEX-007)
Warning: Parasitic Tech Library layer 'M8' parameter 'SMIN' = 0.060 does not match 0.040 of technology file (NEX-007)
Warning: Technology layer 'M4' setting 'pitch' is not valid (NEX-001)
Warning: Technology layer 'MRDL' setting 'pitch' is not valid (NEX-001)
Warning: Parasitic Tech Library layer 'M1' parameter 'SMIN' = 0.040 does not match 0.026 of technology file (NEX-007)
Warning: Parasitic Tech Library layer 'M2' parameter 'SMIN' = 0.040 does not match 0.026 of technology file (NEX-007)
Warning: Parasitic Tech Library layer 'M3' parameter 'SMIN' = 0.040 does not match 0.026 of technology file (NEX-007)
Warning: Technology layer 'M4' setting 'pitch' is not valid (NEX-001)
Warning: Technology layer 'MRDL' setting 'pitch' is not valid (NEX-001)
Warning: Parasitic Tech Library layer 'M1' parameter 'SMIN' = 0.040 does not match 0.026 of technology file (NEX-007)
Warning: Parasitic Tech Library layer 'M2' parameter 'SMIN' = 0.040 does not match 0.026 of technology file (NEX-007)
Warning: Parasitic Tech Library layer 'M3' parameter 'SMIN' = 0.040 does not match 0.026 of technology file (NEX-007)
Warning: Parasitic Tech Library layer 'M8' parameter 'WMIN' = 0.030 does not match 0.060 of technology file (NEX-007)
Warning: Parasitic Tech Library layer 'M8' parameter 'SMIN' = 0.060 does not match 0.040 of technology file (NEX-007)
Warning: Technology layer 'M4' setting 'pitch' is not valid (NEX-001)
Warning: Technology layer 'MRDL' setting 'pitch' is not valid (NEX-001)
Warning: Parasitic Tech Library layer 'M1' parameter 'SMIN' = 0.040 does not match 0.026 of technology file (NEX-007)
Warning: Parasitic Tech Library layer 'M2' parameter 'SMIN' = 0.040 does not match 0.026 of technology file (NEX-007)
Warning: Parasitic Tech Library layer 'M3' parameter 'SMIN' = 0.040 does not match 0.026 of technology file (NEX-007)
Warning: Technology layer 'M4' setting 'pitch' is not valid (NEX-001)
Warning: Technology layer 'MRDL' setting 'pitch' is not valid (NEX-001)
Warning: Parasitic Tech Library layer 'M1' parameter 'SMIN' = 0.040 does not match 0.026 of technology file (NEX-007)
Warning: Parasitic Tech Library layer 'M2' parameter 'SMIN' = 0.040 does not match 0.026 of technology file (NEX-007)
Warning: Parasitic Tech Library layer 'M3' parameter 'SMIN' = 0.040 does not match 0.026 of technology file (NEX-007)
Warning: Parasitic Tech Library layer 'M8' parameter 'WMIN' = 0.030 does not match 0.060 of technology file (NEX-007)
Warning: Parasitic Tech Library layer 'M8' parameter 'SMIN' = 0.060 does not match 0.040 of technology file (NEX-007)
Warning: Technology layer 'M4' setting 'pitch' is not valid (NEX-001)
Warning: Technology layer 'MRDL' setting 'pitch' is not valid (NEX-001)
Warning: Parasitic Tech Library layer 'M1' parameter 'SMIN' = 0.040 does not match 0.026 of technology file (NEX-007)
Warning: Parasitic Tech Library layer 'M2' parameter 'SMIN' = 0.040 does not match 0.026 of technology file (NEX-007)
Warning: Parasitic Tech Library layer 'M3' parameter 'SMIN' = 0.040 does not match 0.026 of technology file (NEX-007)
Warning: Technology layer 'M4' setting 'pitch' is not valid (NEX-001)
Warning: Technology layer 'MRDL' setting 'pitch' is not valid (NEX-001)
Warning: Parasitic Tech Library layer 'M1' parameter 'SMIN' = 0.040 does not match 0.026 of technology file (NEX-007)
Warning: Parasitic Tech Library layer 'M2' parameter 'SMIN' = 0.040 does not match 0.026 of technology file (NEX-007)
Warning: Parasitic Tech Library layer 'M3' parameter 'SMIN' = 0.040 does not match 0.026 of technology file (NEX-007)
Warning: Parasitic Tech Library layer 'M8' parameter 'WMIN' = 0.030 does not match 0.060 of technology file (NEX-007)
Warning: Parasitic Tech Library layer 'M8' parameter 'SMIN' = 0.060 does not match 0.040 of technology file (NEX-007)
Warning: Technology layer 'M4' setting 'pitch' is not valid (NEX-001)
Warning: Technology layer 'MRDL' setting 'pitch' is not valid (NEX-001)
Warning: Parasitic Tech Library layer 'M1' parameter 'SMIN' = 0.040 does not match 0.026 of technology file (NEX-007)
Warning: Parasitic Tech Library layer 'M2' parameter 'SMIN' = 0.040 does not match 0.026 of technology file (NEX-007)
Warning: Parasitic Tech Library layer 'M3' parameter 'SMIN' = 0.040 does not match 0.026 of technology file (NEX-007)
Warning: Technology layer 'M4' setting 'pitch' is not valid (NEX-001)
Warning: Technology layer 'MRDL' setting 'pitch' is not valid (NEX-001)
Warning: Parasitic Tech Library layer 'M1' parameter 'SMIN' = 0.040 does not match 0.026 of technology file (NEX-007)
Warning: Parasitic Tech Library layer 'M2' parameter 'SMIN' = 0.040 does not match 0.026 of technology file (NEX-007)
Warning: Parasitic Tech Library layer 'M3' parameter 'SMIN' = 0.040 does not match 0.026 of technology file (NEX-007)
Warning: Parasitic Tech Library layer 'M8' parameter 'WMIN' = 0.030 does not match 0.060 of technology file (NEX-007)
Warning: Parasitic Tech Library layer 'M8' parameter 'SMIN' = 0.060 does not match 0.040 of technology file (NEX-007)
Warning: Technology layer 'M4' setting 'pitch' is not valid (NEX-001)
Warning: Technology layer 'MRDL' setting 'pitch' is not valid (NEX-001)
Warning: Parasitic Tech Library layer 'M1' parameter 'SMIN' = 0.040 does not match 0.026 of technology file (NEX-007)
Warning: Parasitic Tech Library layer 'M2' parameter 'SMIN' = 0.040 does not match 0.026 of technology file (NEX-007)
Warning: Parasitic Tech Library layer 'M3' parameter 'SMIN' = 0.040 does not match 0.026 of technology file (NEX-007)
Warning: Technology layer 'M4' setting 'pitch' is not valid (NEX-001)
Warning: Technology layer 'MRDL' setting 'pitch' is not valid (NEX-001)
Warning: Parasitic Tech Library layer 'M1' parameter 'SMIN' = 0.040 does not match 0.026 of technology file (NEX-007)
Warning: Parasitic Tech Library layer 'M2' parameter 'SMIN' = 0.040 does not match 0.026 of technology file (NEX-007)
Warning: Parasitic Tech Library layer 'M3' parameter 'SMIN' = 0.040 does not match 0.026 of technology file (NEX-007)
Warning: Parasitic Tech Library layer 'M8' parameter 'WMIN' = 0.030 does not match 0.060 of technology file (NEX-007)
Warning: Parasitic Tech Library layer 'M8' parameter 'SMIN' = 0.060 does not match 0.040 of technology file (NEX-007)
Warning: Technology layer 'M4' setting 'pitch' is not valid (NEX-001)
Warning: Technology layer 'MRDL' setting 'pitch' is not valid (NEX-001)
Warning: Parasitic Tech Library layer 'M1' parameter 'SMIN' = 0.040 does not match 0.026 of technology file (NEX-007)
Warning: Parasitic Tech Library layer 'M2' parameter 'SMIN' = 0.040 does not match 0.026 of technology file (NEX-007)
Warning: Parasitic Tech Library layer 'M3' parameter 'SMIN' = 0.040 does not match 0.026 of technology file (NEX-007)
Warning: Technology layer 'M4' setting 'pitch' is not valid (NEX-001)
Warning: Technology layer 'MRDL' setting 'pitch' is not valid (NEX-001)
Warning: Parasitic Tech Library layer 'M1' parameter 'SMIN' = 0.040 does not match 0.026 of technology file (NEX-007)
Warning: Parasitic Tech Library layer 'M2' parameter 'SMIN' = 0.040 does not match 0.026 of technology file (NEX-007)
Warning: Parasitic Tech Library layer 'M3' parameter 'SMIN' = 0.040 does not match 0.026 of technology file (NEX-007)
Warning: Parasitic Tech Library layer 'M8' parameter 'WMIN' = 0.030 does not match 0.060 of technology file (NEX-007)
Warning: Parasitic Tech Library layer 'M8' parameter 'SMIN' = 0.060 does not match 0.040 of technology file (NEX-007)
Warning: Technology layer 'M4' setting 'pitch' is not valid (NEX-001)
Warning: Technology layer 'MRDL' setting 'pitch' is not valid (NEX-001)
Warning: Parasitic Tech Library layer 'M1' parameter 'SMIN' = 0.040 does not match 0.026 of technology file (NEX-007)
Warning: Parasitic Tech Library layer 'M2' parameter 'SMIN' = 0.040 does not match 0.026 of technology file (NEX-007)
Warning: Parasitic Tech Library layer 'M3' parameter 'SMIN' = 0.040 does not match 0.026 of technology file (NEX-007)
Warning: Technology layer 'M4' setting 'pitch' is not valid (NEX-001)
Warning: Technology layer 'MRDL' setting 'pitch' is not valid (NEX-001)
Warning: Parasitic Tech Library layer 'M1' parameter 'SMIN' = 0.040 does not match 0.026 of technology file (NEX-007)
Warning: Parasitic Tech Library layer 'M2' parameter 'SMIN' = 0.040 does not match 0.026 of technology file (NEX-007)
Warning: Parasitic Tech Library layer 'M3' parameter 'SMIN' = 0.040 does not match 0.026 of technology file (NEX-007)
Warning: Parasitic Tech Library layer 'M8' parameter 'WMIN' = 0.030 does not match 0.060 of technology file (NEX-007)
Warning: Parasitic Tech Library layer 'M8' parameter 'SMIN' = 0.060 does not match 0.040 of technology file (NEX-007)
ORB: timingScenario func_slow_Cmax timingCorner slow_Cmax
INFO: No leakage and power scenarios. Using regular scenarios instead.
INFO: No active leakage scenarios. Leakage will be turned off
Warning: Technology layer 'M4' setting 'pitch' is not valid (NEX-001)
Warning: Technology layer 'MRDL' setting 'pitch' is not valid (NEX-001)
Warning: Parasitic Tech Library layer 'M1' parameter 'SMIN' = 0.040 does not match 0.026 of technology file (NEX-007)
Warning: Parasitic Tech Library layer 'M2' parameter 'SMIN' = 0.040 does not match 0.026 of technology file (NEX-007)
Warning: Parasitic Tech Library layer 'M3' parameter 'SMIN' = 0.040 does not match 0.026 of technology file (NEX-007)
ORB: Nominal = 0.007553  Design MT = inf  Target = 0.054855 (7.263 nominal)  MaxRC = 0.035405
Warning: Technology layer 'M4' setting 'pitch' is not valid (NEX-001)
Warning: Technology layer 'MRDL' setting 'pitch' is not valid (NEX-001)
Warning: Parasitic Tech Library layer 'M1' parameter 'SMIN' = 0.040 does not match 0.026 of technology file (NEX-007)
Warning: Parasitic Tech Library layer 'M2' parameter 'SMIN' = 0.040 does not match 0.026 of technology file (NEX-007)
Warning: Parasitic Tech Library layer 'M3' parameter 'SMIN' = 0.040 does not match 0.026 of technology file (NEX-007)
Warning: Technology layer 'M4' setting 'pitch' is not valid (NEX-001)
Warning: Technology layer 'MRDL' setting 'pitch' is not valid (NEX-001)
Warning: Parasitic Tech Library layer 'M1' parameter 'SMIN' = 0.040 does not match 0.026 of technology file (NEX-007)
Warning: Parasitic Tech Library layer 'M2' parameter 'SMIN' = 0.040 does not match 0.026 of technology file (NEX-007)
Warning: Parasitic Tech Library layer 'M3' parameter 'SMIN' = 0.040 does not match 0.026 of technology file (NEX-007)
Warning: Parasitic Tech Library layer 'M8' parameter 'WMIN' = 0.030 does not match 0.060 of technology file (NEX-007)
Warning: Parasitic Tech Library layer 'M8' parameter 'SMIN' = 0.060 does not match 0.040 of technology file (NEX-007)
Warning: Technology layer 'M4' setting 'pitch' is not valid (NEX-001)
Warning: Technology layer 'MRDL' setting 'pitch' is not valid (NEX-001)
Warning: Parasitic Tech Library layer 'M1' parameter 'SMIN' = 0.040 does not match 0.026 of technology file (NEX-007)
Warning: Parasitic Tech Library layer 'M2' parameter 'SMIN' = 0.040 does not match 0.026 of technology file (NEX-007)
Warning: Parasitic Tech Library layer 'M3' parameter 'SMIN' = 0.040 does not match 0.026 of technology file (NEX-007)
Warning: Technology layer 'M4' setting 'pitch' is not valid (NEX-001)
Warning: Technology layer 'MRDL' setting 'pitch' is not valid (NEX-001)
Warning: Parasitic Tech Library layer 'M1' parameter 'SMIN' = 0.040 does not match 0.026 of technology file (NEX-007)
Warning: Parasitic Tech Library layer 'M2' parameter 'SMIN' = 0.040 does not match 0.026 of technology file (NEX-007)
Warning: Parasitic Tech Library layer 'M3' parameter 'SMIN' = 0.040 does not match 0.026 of technology file (NEX-007)
Warning: Parasitic Tech Library layer 'M8' parameter 'WMIN' = 0.030 does not match 0.060 of technology file (NEX-007)
Warning: Parasitic Tech Library layer 'M8' parameter 'SMIN' = 0.060 does not match 0.040 of technology file (NEX-007)
Warning: Technology layer 'M4' setting 'pitch' is not valid (NEX-001)
Warning: Technology layer 'MRDL' setting 'pitch' is not valid (NEX-001)
Warning: Parasitic Tech Library layer 'M1' parameter 'SMIN' = 0.040 does not match 0.026 of technology file (NEX-007)
Warning: Parasitic Tech Library layer 'M2' parameter 'SMIN' = 0.040 does not match 0.026 of technology file (NEX-007)
Warning: Parasitic Tech Library layer 'M3' parameter 'SMIN' = 0.040 does not match 0.026 of technology file (NEX-007)
Warning: Technology layer 'M4' setting 'pitch' is not valid (NEX-001)
Warning: Technology layer 'MRDL' setting 'pitch' is not valid (NEX-001)
Warning: Parasitic Tech Library layer 'M1' parameter 'SMIN' = 0.040 does not match 0.026 of technology file (NEX-007)
Warning: Parasitic Tech Library layer 'M2' parameter 'SMIN' = 0.040 does not match 0.026 of technology file (NEX-007)
Warning: Parasitic Tech Library layer 'M3' parameter 'SMIN' = 0.040 does not match 0.026 of technology file (NEX-007)
Warning: Parasitic Tech Library layer 'M8' parameter 'WMIN' = 0.030 does not match 0.060 of technology file (NEX-007)
Warning: Parasitic Tech Library layer 'M8' parameter 'SMIN' = 0.060 does not match 0.040 of technology file (NEX-007)
Warning: Technology layer 'M4' setting 'pitch' is not valid (NEX-001)
Warning: Technology layer 'MRDL' setting 'pitch' is not valid (NEX-001)
Warning: Parasitic Tech Library layer 'M1' parameter 'SMIN' = 0.040 does not match 0.026 of technology file (NEX-007)
Warning: Parasitic Tech Library layer 'M2' parameter 'SMIN' = 0.040 does not match 0.026 of technology file (NEX-007)
Warning: Parasitic Tech Library layer 'M3' parameter 'SMIN' = 0.040 does not match 0.026 of technology file (NEX-007)
Warning: Technology layer 'M4' setting 'pitch' is not valid (NEX-001)
Warning: Technology layer 'MRDL' setting 'pitch' is not valid (NEX-001)
Warning: Parasitic Tech Library layer 'M1' parameter 'SMIN' = 0.040 does not match 0.026 of technology file (NEX-007)
Warning: Parasitic Tech Library layer 'M2' parameter 'SMIN' = 0.040 does not match 0.026 of technology file (NEX-007)
Warning: Parasitic Tech Library layer 'M3' parameter 'SMIN' = 0.040 does not match 0.026 of technology file (NEX-007)
Warning: Parasitic Tech Library layer 'M8' parameter 'WMIN' = 0.030 does not match 0.060 of technology file (NEX-007)
Warning: Parasitic Tech Library layer 'M8' parameter 'SMIN' = 0.060 does not match 0.040 of technology file (NEX-007)
Warning: Technology layer 'M4' setting 'pitch' is not valid (NEX-001)
Warning: Technology layer 'MRDL' setting 'pitch' is not valid (NEX-001)
Warning: Parasitic Tech Library layer 'M1' parameter 'SMIN' = 0.040 does not match 0.026 of technology file (NEX-007)
Warning: Parasitic Tech Library layer 'M2' parameter 'SMIN' = 0.040 does not match 0.026 of technology file (NEX-007)
Warning: Parasitic Tech Library layer 'M3' parameter 'SMIN' = 0.040 does not match 0.026 of technology file (NEX-007)
Warning: Technology layer 'M4' setting 'pitch' is not valid (NEX-001)
Warning: Technology layer 'MRDL' setting 'pitch' is not valid (NEX-001)
Warning: Parasitic Tech Library layer 'M1' parameter 'SMIN' = 0.040 does not match 0.026 of technology file (NEX-007)
Warning: Parasitic Tech Library layer 'M2' parameter 'SMIN' = 0.040 does not match 0.026 of technology file (NEX-007)
Warning: Parasitic Tech Library layer 'M3' parameter 'SMIN' = 0.040 does not match 0.026 of technology file (NEX-007)
Warning: Parasitic Tech Library layer 'M8' parameter 'WMIN' = 0.030 does not match 0.060 of technology file (NEX-007)
Warning: Parasitic Tech Library layer 'M8' parameter 'SMIN' = 0.060 does not match 0.040 of technology file (NEX-007)
Warning: Technology layer 'M4' setting 'pitch' is not valid (NEX-001)
Warning: Technology layer 'MRDL' setting 'pitch' is not valid (NEX-001)
Warning: Parasitic Tech Library layer 'M1' parameter 'SMIN' = 0.040 does not match 0.026 of technology file (NEX-007)
Warning: Parasitic Tech Library layer 'M2' parameter 'SMIN' = 0.040 does not match 0.026 of technology file (NEX-007)
Warning: Parasitic Tech Library layer 'M3' parameter 'SMIN' = 0.040 does not match 0.026 of technology file (NEX-007)
Warning: Technology layer 'M4' setting 'pitch' is not valid (NEX-001)
Warning: Technology layer 'MRDL' setting 'pitch' is not valid (NEX-001)
Warning: Parasitic Tech Library layer 'M1' parameter 'SMIN' = 0.040 does not match 0.026 of technology file (NEX-007)
Warning: Parasitic Tech Library layer 'M2' parameter 'SMIN' = 0.040 does not match 0.026 of technology file (NEX-007)
Warning: Parasitic Tech Library layer 'M3' parameter 'SMIN' = 0.040 does not match 0.026 of technology file (NEX-007)
Warning: Parasitic Tech Library layer 'M8' parameter 'WMIN' = 0.030 does not match 0.060 of technology file (NEX-007)
Warning: Parasitic Tech Library layer 'M8' parameter 'SMIN' = 0.060 does not match 0.040 of technology file (NEX-007)
Warning: Technology layer 'M4' setting 'pitch' is not valid (NEX-001)
Warning: Technology layer 'MRDL' setting 'pitch' is not valid (NEX-001)
Warning: Parasitic Tech Library layer 'M1' parameter 'SMIN' = 0.040 does not match 0.026 of technology file (NEX-007)
Warning: Parasitic Tech Library layer 'M2' parameter 'SMIN' = 0.040 does not match 0.026 of technology file (NEX-007)
Warning: Parasitic Tech Library layer 'M3' parameter 'SMIN' = 0.040 does not match 0.026 of technology file (NEX-007)
Warning: Technology layer 'M4' setting 'pitch' is not valid (NEX-001)
Warning: Technology layer 'MRDL' setting 'pitch' is not valid (NEX-001)
Warning: Parasitic Tech Library layer 'M1' parameter 'SMIN' = 0.040 does not match 0.026 of technology file (NEX-007)
Warning: Parasitic Tech Library layer 'M2' parameter 'SMIN' = 0.040 does not match 0.026 of technology file (NEX-007)
Warning: Parasitic Tech Library layer 'M3' parameter 'SMIN' = 0.040 does not match 0.026 of technology file (NEX-007)
Warning: Parasitic Tech Library layer 'M8' parameter 'WMIN' = 0.030 does not match 0.060 of technology file (NEX-007)
Warning: Parasitic Tech Library layer 'M8' parameter 'SMIN' = 0.060 does not match 0.040 of technology file (NEX-007)
Warning: Technology layer 'M4' setting 'pitch' is not valid (NEX-001)
Warning: Technology layer 'MRDL' setting 'pitch' is not valid (NEX-001)
Warning: Parasitic Tech Library layer 'M1' parameter 'SMIN' = 0.040 does not match 0.026 of technology file (NEX-007)
Warning: Parasitic Tech Library layer 'M2' parameter 'SMIN' = 0.040 does not match 0.026 of technology file (NEX-007)
Warning: Parasitic Tech Library layer 'M3' parameter 'SMIN' = 0.040 does not match 0.026 of technology file (NEX-007)
Warning: Technology layer 'M4' setting 'pitch' is not valid (NEX-001)
Warning: Technology layer 'MRDL' setting 'pitch' is not valid (NEX-001)
Warning: Parasitic Tech Library layer 'M1' parameter 'SMIN' = 0.040 does not match 0.026 of technology file (NEX-007)
Warning: Parasitic Tech Library layer 'M2' parameter 'SMIN' = 0.040 does not match 0.026 of technology file (NEX-007)
Warning: Parasitic Tech Library layer 'M3' parameter 'SMIN' = 0.040 does not match 0.026 of technology file (NEX-007)
Warning: Parasitic Tech Library layer 'M8' parameter 'WMIN' = 0.030 does not match 0.060 of technology file (NEX-007)
Warning: Parasitic Tech Library layer 'M8' parameter 'SMIN' = 0.060 does not match 0.040 of technology file (NEX-007)
ORB: timingScenario func_slow_Cmax timingCorner slow_Cmax
INFO: No leakage and power scenarios. Using regular scenarios instead.
INFO: No active leakage scenarios. Leakage will be turned off
Warning: Technology layer 'M4' setting 'pitch' is not valid (NEX-001)
Warning: Technology layer 'MRDL' setting 'pitch' is not valid (NEX-001)
Warning: Parasitic Tech Library layer 'M1' parameter 'SMIN' = 0.040 does not match 0.026 of technology file (NEX-007)
Warning: Parasitic Tech Library layer 'M2' parameter 'SMIN' = 0.040 does not match 0.026 of technology file (NEX-007)
Warning: Parasitic Tech Library layer 'M3' parameter 'SMIN' = 0.040 does not match 0.026 of technology file (NEX-007)
ORB: Nominal = 0.007553  Design MT = inf  Target = 0.054855 (7.263 nominal)  MaxRC = 0.035405
Warning: Technology layer 'M4' setting 'pitch' is not valid (NEX-001)
Warning: Technology layer 'MRDL' setting 'pitch' is not valid (NEX-001)
Warning: Parasitic Tech Library layer 'M1' parameter 'SMIN' = 0.040 does not match 0.026 of technology file (NEX-007)
Warning: Parasitic Tech Library layer 'M2' parameter 'SMIN' = 0.040 does not match 0.026 of technology file (NEX-007)
Warning: Parasitic Tech Library layer 'M3' parameter 'SMIN' = 0.040 does not match 0.026 of technology file (NEX-007)
Warning: Technology layer 'M4' setting 'pitch' is not valid (NEX-001)
Warning: Technology layer 'MRDL' setting 'pitch' is not valid (NEX-001)
Warning: Parasitic Tech Library layer 'M1' parameter 'SMIN' = 0.040 does not match 0.026 of technology file (NEX-007)
Warning: Parasitic Tech Library layer 'M2' parameter 'SMIN' = 0.040 does not match 0.026 of technology file (NEX-007)
Warning: Parasitic Tech Library layer 'M3' parameter 'SMIN' = 0.040 does not match 0.026 of technology file (NEX-007)
Warning: Parasitic Tech Library layer 'M8' parameter 'WMIN' = 0.030 does not match 0.060 of technology file (NEX-007)
Warning: Parasitic Tech Library layer 'M8' parameter 'SMIN' = 0.060 does not match 0.040 of technology file (NEX-007)
Warning: Technology layer 'M4' setting 'pitch' is not valid (NEX-001)
Warning: Technology layer 'MRDL' setting 'pitch' is not valid (NEX-001)
Warning: Parasitic Tech Library layer 'M1' parameter 'SMIN' = 0.040 does not match 0.026 of technology file (NEX-007)
Warning: Parasitic Tech Library layer 'M2' parameter 'SMIN' = 0.040 does not match 0.026 of technology file (NEX-007)
Warning: Parasitic Tech Library layer 'M3' parameter 'SMIN' = 0.040 does not match 0.026 of technology file (NEX-007)
Warning: Technology layer 'M4' setting 'pitch' is not valid (NEX-001)
Warning: Technology layer 'MRDL' setting 'pitch' is not valid (NEX-001)
Warning: Parasitic Tech Library layer 'M1' parameter 'SMIN' = 0.040 does not match 0.026 of technology file (NEX-007)
Warning: Parasitic Tech Library layer 'M2' parameter 'SMIN' = 0.040 does not match 0.026 of technology file (NEX-007)
Warning: Parasitic Tech Library layer 'M3' parameter 'SMIN' = 0.040 does not match 0.026 of technology file (NEX-007)
Warning: Parasitic Tech Library layer 'M8' parameter 'WMIN' = 0.030 does not match 0.060 of technology file (NEX-007)
Warning: Parasitic Tech Library layer 'M8' parameter 'SMIN' = 0.060 does not match 0.040 of technology file (NEX-007)
Warning: Technology layer 'M4' setting 'pitch' is not valid (NEX-001)
Warning: Technology layer 'MRDL' setting 'pitch' is not valid (NEX-001)
Warning: Parasitic Tech Library layer 'M1' parameter 'SMIN' = 0.040 does not match 0.026 of technology file (NEX-007)
Warning: Parasitic Tech Library layer 'M2' parameter 'SMIN' = 0.040 does not match 0.026 of technology file (NEX-007)
Warning: Parasitic Tech Library layer 'M3' parameter 'SMIN' = 0.040 does not match 0.026 of technology file (NEX-007)
Warning: Technology layer 'M4' setting 'pitch' is not valid (NEX-001)
Warning: Technology layer 'MRDL' setting 'pitch' is not valid (NEX-001)
Warning: Parasitic Tech Library layer 'M1' parameter 'SMIN' = 0.040 does not match 0.026 of technology file (NEX-007)
Warning: Parasitic Tech Library layer 'M2' parameter 'SMIN' = 0.040 does not match 0.026 of technology file (NEX-007)
Warning: Parasitic Tech Library layer 'M3' parameter 'SMIN' = 0.040 does not match 0.026 of technology file (NEX-007)
Warning: Parasitic Tech Library layer 'M8' parameter 'WMIN' = 0.030 does not match 0.060 of technology file (NEX-007)
Warning: Parasitic Tech Library layer 'M8' parameter 'SMIN' = 0.060 does not match 0.040 of technology file (NEX-007)
Warning: Technology layer 'M4' setting 'pitch' is not valid (NEX-001)
Warning: Technology layer 'MRDL' setting 'pitch' is not valid (NEX-001)
Warning: Parasitic Tech Library layer 'M1' parameter 'SMIN' = 0.040 does not match 0.026 of technology file (NEX-007)
Warning: Parasitic Tech Library layer 'M2' parameter 'SMIN' = 0.040 does not match 0.026 of technology file (NEX-007)
Warning: Parasitic Tech Library layer 'M3' parameter 'SMIN' = 0.040 does not match 0.026 of technology file (NEX-007)
Warning: Technology layer 'M4' setting 'pitch' is not valid (NEX-001)
Warning: Technology layer 'MRDL' setting 'pitch' is not valid (NEX-001)
Warning: Parasitic Tech Library layer 'M1' parameter 'SMIN' = 0.040 does not match 0.026 of technology file (NEX-007)
Warning: Parasitic Tech Library layer 'M2' parameter 'SMIN' = 0.040 does not match 0.026 of technology file (NEX-007)
Warning: Parasitic Tech Library layer 'M3' parameter 'SMIN' = 0.040 does not match 0.026 of technology file (NEX-007)
Warning: Parasitic Tech Library layer 'M8' parameter 'WMIN' = 0.030 does not match 0.060 of technology file (NEX-007)
Warning: Parasitic Tech Library layer 'M8' parameter 'SMIN' = 0.060 does not match 0.040 of technology file (NEX-007)
Warning: Technology layer 'M4' setting 'pitch' is not valid (NEX-001)
Warning: Technology layer 'MRDL' setting 'pitch' is not valid (NEX-001)
Warning: Parasitic Tech Library layer 'M1' parameter 'SMIN' = 0.040 does not match 0.026 of technology file (NEX-007)
Warning: Parasitic Tech Library layer 'M2' parameter 'SMIN' = 0.040 does not match 0.026 of technology file (NEX-007)
Warning: Parasitic Tech Library layer 'M3' parameter 'SMIN' = 0.040 does not match 0.026 of technology file (NEX-007)
Warning: Technology layer 'M4' setting 'pitch' is not valid (NEX-001)
Warning: Technology layer 'MRDL' setting 'pitch' is not valid (NEX-001)
Warning: Parasitic Tech Library layer 'M1' parameter 'SMIN' = 0.040 does not match 0.026 of technology file (NEX-007)
Warning: Parasitic Tech Library layer 'M2' parameter 'SMIN' = 0.040 does not match 0.026 of technology file (NEX-007)
Warning: Parasitic Tech Library layer 'M3' parameter 'SMIN' = 0.040 does not match 0.026 of technology file (NEX-007)
Warning: Parasitic Tech Library layer 'M8' parameter 'WMIN' = 0.030 does not match 0.060 of technology file (NEX-007)
Warning: Parasitic Tech Library layer 'M8' parameter 'SMIN' = 0.060 does not match 0.040 of technology file (NEX-007)
Warning: Technology layer 'M4' setting 'pitch' is not valid (NEX-001)
Warning: Technology layer 'MRDL' setting 'pitch' is not valid (NEX-001)
Warning: Parasitic Tech Library layer 'M1' parameter 'SMIN' = 0.040 does not match 0.026 of technology file (NEX-007)
Warning: Parasitic Tech Library layer 'M2' parameter 'SMIN' = 0.040 does not match 0.026 of technology file (NEX-007)
Warning: Parasitic Tech Library layer 'M3' parameter 'SMIN' = 0.040 does not match 0.026 of technology file (NEX-007)
Warning: Technology layer 'M4' setting 'pitch' is not valid (NEX-001)
Warning: Technology layer 'MRDL' setting 'pitch' is not valid (NEX-001)
Warning: Parasitic Tech Library layer 'M1' parameter 'SMIN' = 0.040 does not match 0.026 of technology file (NEX-007)
Warning: Parasitic Tech Library layer 'M2' parameter 'SMIN' = 0.040 does not match 0.026 of technology file (NEX-007)
Warning: Parasitic Tech Library layer 'M3' parameter 'SMIN' = 0.040 does not match 0.026 of technology file (NEX-007)
Warning: Parasitic Tech Library layer 'M8' parameter 'WMIN' = 0.030 does not match 0.060 of technology file (NEX-007)
Warning: Parasitic Tech Library layer 'M8' parameter 'SMIN' = 0.060 does not match 0.040 of technology file (NEX-007)
Warning: Technology layer 'M4' setting 'pitch' is not valid (NEX-001)
Warning: Technology layer 'MRDL' setting 'pitch' is not valid (NEX-001)
Warning: Parasitic Tech Library layer 'M1' parameter 'SMIN' = 0.040 does not match 0.026 of technology file (NEX-007)
Warning: Parasitic Tech Library layer 'M2' parameter 'SMIN' = 0.040 does not match 0.026 of technology file (NEX-007)
Warning: Parasitic Tech Library layer 'M3' parameter 'SMIN' = 0.040 does not match 0.026 of technology file (NEX-007)
Warning: Technology layer 'M4' setting 'pitch' is not valid (NEX-001)
Warning: Technology layer 'MRDL' setting 'pitch' is not valid (NEX-001)
Warning: Parasitic Tech Library layer 'M1' parameter 'SMIN' = 0.040 does not match 0.026 of technology file (NEX-007)
Warning: Parasitic Tech Library layer 'M2' parameter 'SMIN' = 0.040 does not match 0.026 of technology file (NEX-007)
Warning: Parasitic Tech Library layer 'M3' parameter 'SMIN' = 0.040 does not match 0.026 of technology file (NEX-007)
Warning: Parasitic Tech Library layer 'M8' parameter 'WMIN' = 0.030 does not match 0.060 of technology file (NEX-007)
Warning: Parasitic Tech Library layer 'M8' parameter 'SMIN' = 0.060 does not match 0.040 of technology file (NEX-007)
Warning: Technology layer 'M4' setting 'pitch' is not valid (NEX-001)
Warning: Technology layer 'MRDL' setting 'pitch' is not valid (NEX-001)
Warning: Parasitic Tech Library layer 'M1' parameter 'SMIN' = 0.040 does not match 0.026 of technology file (NEX-007)
Warning: Parasitic Tech Library layer 'M2' parameter 'SMIN' = 0.040 does not match 0.026 of technology file (NEX-007)
Warning: Parasitic Tech Library layer 'M3' parameter 'SMIN' = 0.040 does not match 0.026 of technology file (NEX-007)
Warning: Technology layer 'M4' setting 'pitch' is not valid (NEX-001)
Warning: Technology layer 'MRDL' setting 'pitch' is not valid (NEX-001)
Warning: Parasitic Tech Library layer 'M1' parameter 'SMIN' = 0.040 does not match 0.026 of technology file (NEX-007)
Warning: Parasitic Tech Library layer 'M2' parameter 'SMIN' = 0.040 does not match 0.026 of technology file (NEX-007)
Warning: Parasitic Tech Library layer 'M3' parameter 'SMIN' = 0.040 does not match 0.026 of technology file (NEX-007)
Warning: Parasitic Tech Library layer 'M8' parameter 'WMIN' = 0.030 does not match 0.060 of technology file (NEX-007)
Warning: Parasitic Tech Library layer 'M8' parameter 'SMIN' = 0.060 does not match 0.040 of technology file (NEX-007)
ORB: timingScenario func_slow_Cmax timingCorner slow_Cmax
INFO: No leakage and power scenarios. Using regular scenarios instead.
INFO: No active leakage scenarios. Leakage will be turned off
Warning: Technology layer 'M4' setting 'pitch' is not valid (NEX-001)
Warning: Technology layer 'MRDL' setting 'pitch' is not valid (NEX-001)
Warning: Parasitic Tech Library layer 'M1' parameter 'SMIN' = 0.040 does not match 0.026 of technology file (NEX-007)
Warning: Parasitic Tech Library layer 'M2' parameter 'SMIN' = 0.040 does not match 0.026 of technology file (NEX-007)
Warning: Parasitic Tech Library layer 'M3' parameter 'SMIN' = 0.040 does not match 0.026 of technology file (NEX-007)
ORB: Nominal = 0.007553  Design MT = inf  Target = 0.054855 (7.263 nominal)  MaxRC = 0.035405
Warning: Technology layer 'M4' setting 'pitch' is not valid (NEX-001)
Warning: Technology layer 'MRDL' setting 'pitch' is not valid (NEX-001)
Warning: Parasitic Tech Library layer 'M1' parameter 'SMIN' = 0.040 does not match 0.026 of technology file (NEX-007)
Warning: Parasitic Tech Library layer 'M2' parameter 'SMIN' = 0.040 does not match 0.026 of technology file (NEX-007)
Warning: Parasitic Tech Library layer 'M3' parameter 'SMIN' = 0.040 does not match 0.026 of technology file (NEX-007)
Warning: Technology layer 'M4' setting 'pitch' is not valid (NEX-001)
Warning: Technology layer 'MRDL' setting 'pitch' is not valid (NEX-001)
Warning: Parasitic Tech Library layer 'M1' parameter 'SMIN' = 0.040 does not match 0.026 of technology file (NEX-007)
Warning: Parasitic Tech Library layer 'M2' parameter 'SMIN' = 0.040 does not match 0.026 of technology file (NEX-007)
Warning: Parasitic Tech Library layer 'M3' parameter 'SMIN' = 0.040 does not match 0.026 of technology file (NEX-007)
Warning: Parasitic Tech Library layer 'M8' parameter 'WMIN' = 0.030 does not match 0.060 of technology file (NEX-007)
Warning: Parasitic Tech Library layer 'M8' parameter 'SMIN' = 0.060 does not match 0.040 of technology file (NEX-007)
Warning: Technology layer 'M4' setting 'pitch' is not valid (NEX-001)
Warning: Technology layer 'MRDL' setting 'pitch' is not valid (NEX-001)
Warning: Parasitic Tech Library layer 'M1' parameter 'SMIN' = 0.040 does not match 0.026 of technology file (NEX-007)
Warning: Parasitic Tech Library layer 'M2' parameter 'SMIN' = 0.040 does not match 0.026 of technology file (NEX-007)
Warning: Parasitic Tech Library layer 'M3' parameter 'SMIN' = 0.040 does not match 0.026 of technology file (NEX-007)
Warning: Technology layer 'M4' setting 'pitch' is not valid (NEX-001)
Warning: Technology layer 'MRDL' setting 'pitch' is not valid (NEX-001)
Warning: Parasitic Tech Library layer 'M1' parameter 'SMIN' = 0.040 does not match 0.026 of technology file (NEX-007)
Warning: Parasitic Tech Library layer 'M2' parameter 'SMIN' = 0.040 does not match 0.026 of technology file (NEX-007)
Warning: Parasitic Tech Library layer 'M3' parameter 'SMIN' = 0.040 does not match 0.026 of technology file (NEX-007)
Warning: Parasitic Tech Library layer 'M8' parameter 'WMIN' = 0.030 does not match 0.060 of technology file (NEX-007)
Warning: Parasitic Tech Library layer 'M8' parameter 'SMIN' = 0.060 does not match 0.040 of technology file (NEX-007)
Warning: Technology layer 'M4' setting 'pitch' is not valid (NEX-001)
Warning: Technology layer 'MRDL' setting 'pitch' is not valid (NEX-001)
Warning: Parasitic Tech Library layer 'M1' parameter 'SMIN' = 0.040 does not match 0.026 of technology file (NEX-007)
Warning: Parasitic Tech Library layer 'M2' parameter 'SMIN' = 0.040 does not match 0.026 of technology file (NEX-007)
Warning: Parasitic Tech Library layer 'M3' parameter 'SMIN' = 0.040 does not match 0.026 of technology file (NEX-007)
Warning: Technology layer 'M4' setting 'pitch' is not valid (NEX-001)
Warning: Technology layer 'MRDL' setting 'pitch' is not valid (NEX-001)
Warning: Parasitic Tech Library layer 'M1' parameter 'SMIN' = 0.040 does not match 0.026 of technology file (NEX-007)
Warning: Parasitic Tech Library layer 'M2' parameter 'SMIN' = 0.040 does not match 0.026 of technology file (NEX-007)
Warning: Parasitic Tech Library layer 'M3' parameter 'SMIN' = 0.040 does not match 0.026 of technology file (NEX-007)
Warning: Parasitic Tech Library layer 'M8' parameter 'WMIN' = 0.030 does not match 0.060 of technology file (NEX-007)
Warning: Parasitic Tech Library layer 'M8' parameter 'SMIN' = 0.060 does not match 0.040 of technology file (NEX-007)
Warning: Technology layer 'M4' setting 'pitch' is not valid (NEX-001)
Warning: Technology layer 'MRDL' setting 'pitch' is not valid (NEX-001)
Warning: Parasitic Tech Library layer 'M1' parameter 'SMIN' = 0.040 does not match 0.026 of technology file (NEX-007)
Warning: Parasitic Tech Library layer 'M2' parameter 'SMIN' = 0.040 does not match 0.026 of technology file (NEX-007)
Warning: Parasitic Tech Library layer 'M3' parameter 'SMIN' = 0.040 does not match 0.026 of technology file (NEX-007)
Warning: Technology layer 'M4' setting 'pitch' is not valid (NEX-001)
Warning: Technology layer 'MRDL' setting 'pitch' is not valid (NEX-001)
Warning: Parasitic Tech Library layer 'M1' parameter 'SMIN' = 0.040 does not match 0.026 of technology file (NEX-007)
Warning: Parasitic Tech Library layer 'M2' parameter 'SMIN' = 0.040 does not match 0.026 of technology file (NEX-007)
Warning: Parasitic Tech Library layer 'M3' parameter 'SMIN' = 0.040 does not match 0.026 of technology file (NEX-007)
Warning: Parasitic Tech Library layer 'M8' parameter 'WMIN' = 0.030 does not match 0.060 of technology file (NEX-007)
Warning: Parasitic Tech Library layer 'M8' parameter 'SMIN' = 0.060 does not match 0.040 of technology file (NEX-007)
Warning: Technology layer 'M4' setting 'pitch' is not valid (NEX-001)
Warning: Technology layer 'MRDL' setting 'pitch' is not valid (NEX-001)
Warning: Parasitic Tech Library layer 'M1' parameter 'SMIN' = 0.040 does not match 0.026 of technology file (NEX-007)
Warning: Parasitic Tech Library layer 'M2' parameter 'SMIN' = 0.040 does not match 0.026 of technology file (NEX-007)
Warning: Parasitic Tech Library layer 'M3' parameter 'SMIN' = 0.040 does not match 0.026 of technology file (NEX-007)
Warning: Technology layer 'M4' setting 'pitch' is not valid (NEX-001)
Warning: Technology layer 'MRDL' setting 'pitch' is not valid (NEX-001)
Warning: Parasitic Tech Library layer 'M1' parameter 'SMIN' = 0.040 does not match 0.026 of technology file (NEX-007)
Warning: Parasitic Tech Library layer 'M2' parameter 'SMIN' = 0.040 does not match 0.026 of technology file (NEX-007)
Warning: Parasitic Tech Library layer 'M3' parameter 'SMIN' = 0.040 does not match 0.026 of technology file (NEX-007)
Warning: Parasitic Tech Library layer 'M8' parameter 'WMIN' = 0.030 does not match 0.060 of technology file (NEX-007)
Warning: Parasitic Tech Library layer 'M8' parameter 'SMIN' = 0.060 does not match 0.040 of technology file (NEX-007)
Warning: Technology layer 'M4' setting 'pitch' is not valid (NEX-001)
Warning: Technology layer 'MRDL' setting 'pitch' is not valid (NEX-001)
Warning: Parasitic Tech Library layer 'M1' parameter 'SMIN' = 0.040 does not match 0.026 of technology file (NEX-007)
Warning: Parasitic Tech Library layer 'M2' parameter 'SMIN' = 0.040 does not match 0.026 of technology file (NEX-007)
Warning: Parasitic Tech Library layer 'M3' parameter 'SMIN' = 0.040 does not match 0.026 of technology file (NEX-007)
Warning: Technology layer 'M4' setting 'pitch' is not valid (NEX-001)
Warning: Technology layer 'MRDL' setting 'pitch' is not valid (NEX-001)
Warning: Parasitic Tech Library layer 'M1' parameter 'SMIN' = 0.040 does not match 0.026 of technology file (NEX-007)
Warning: Parasitic Tech Library layer 'M2' parameter 'SMIN' = 0.040 does not match 0.026 of technology file (NEX-007)
Warning: Parasitic Tech Library layer 'M3' parameter 'SMIN' = 0.040 does not match 0.026 of technology file (NEX-007)
Warning: Parasitic Tech Library layer 'M8' parameter 'WMIN' = 0.030 does not match 0.060 of technology file (NEX-007)
Warning: Parasitic Tech Library layer 'M8' parameter 'SMIN' = 0.060 does not match 0.040 of technology file (NEX-007)
Warning: Technology layer 'M4' setting 'pitch' is not valid (NEX-001)
Warning: Technology layer 'MRDL' setting 'pitch' is not valid (NEX-001)
Warning: Parasitic Tech Library layer 'M1' parameter 'SMIN' = 0.040 does not match 0.026 of technology file (NEX-007)
Warning: Parasitic Tech Library layer 'M2' parameter 'SMIN' = 0.040 does not match 0.026 of technology file (NEX-007)
Warning: Parasitic Tech Library layer 'M3' parameter 'SMIN' = 0.040 does not match 0.026 of technology file (NEX-007)
Warning: Technology layer 'M4' setting 'pitch' is not valid (NEX-001)
Warning: Technology layer 'MRDL' setting 'pitch' is not valid (NEX-001)
Warning: Parasitic Tech Library layer 'M1' parameter 'SMIN' = 0.040 does not match 0.026 of technology file (NEX-007)
Warning: Parasitic Tech Library layer 'M2' parameter 'SMIN' = 0.040 does not match 0.026 of technology file (NEX-007)
Warning: Parasitic Tech Library layer 'M3' parameter 'SMIN' = 0.040 does not match 0.026 of technology file (NEX-007)
Warning: Parasitic Tech Library layer 'M8' parameter 'WMIN' = 0.030 does not match 0.060 of technology file (NEX-007)
Warning: Parasitic Tech Library layer 'M8' parameter 'SMIN' = 0.060 does not match 0.040 of technology file (NEX-007)
Warning: Technology layer 'M4' setting 'pitch' is not valid (NEX-001)
Warning: Technology layer 'MRDL' setting 'pitch' is not valid (NEX-001)
Warning: Parasitic Tech Library layer 'M1' parameter 'SMIN' = 0.040 does not match 0.026 of technology file (NEX-007)
Warning: Parasitic Tech Library layer 'M2' parameter 'SMIN' = 0.040 does not match 0.026 of technology file (NEX-007)
Warning: Parasitic Tech Library layer 'M3' parameter 'SMIN' = 0.040 does not match 0.026 of technology file (NEX-007)
Warning: Technology layer 'M4' setting 'pitch' is not valid (NEX-001)
Warning: Technology layer 'MRDL' setting 'pitch' is not valid (NEX-001)
Warning: Parasitic Tech Library layer 'M1' parameter 'SMIN' = 0.040 does not match 0.026 of technology file (NEX-007)
Warning: Parasitic Tech Library layer 'M2' parameter 'SMIN' = 0.040 does not match 0.026 of technology file (NEX-007)
Warning: Parasitic Tech Library layer 'M3' parameter 'SMIN' = 0.040 does not match 0.026 of technology file (NEX-007)
Warning: Parasitic Tech Library layer 'M8' parameter 'WMIN' = 0.030 does not match 0.060 of technology file (NEX-007)
Warning: Parasitic Tech Library layer 'M8' parameter 'SMIN' = 0.060 does not match 0.040 of technology file (NEX-007)
ORB: timingScenario func_slow_Cmax timingCorner slow_Cmax
INFO: No leakage and power scenarios. Using regular scenarios instead.
INFO: No active leakage scenarios. Leakage will be turned off
Warning: Technology layer 'M4' setting 'pitch' is not valid (NEX-001)
Warning: Technology layer 'MRDL' setting 'pitch' is not valid (NEX-001)
Warning: Parasitic Tech Library layer 'M1' parameter 'SMIN' = 0.040 does not match 0.026 of technology file (NEX-007)
Warning: Parasitic Tech Library layer 'M2' parameter 'SMIN' = 0.040 does not match 0.026 of technology file (NEX-007)
Warning: Parasitic Tech Library layer 'M3' parameter 'SMIN' = 0.040 does not match 0.026 of technology file (NEX-007)
ORB: Nominal = 0.007553  Design MT = inf  Target = 0.054855 (7.263 nominal)  MaxRC = 0.035405
Warning: Technology layer 'M4' setting 'pitch' is not valid (NEX-001)
Warning: Technology layer 'MRDL' setting 'pitch' is not valid (NEX-001)
Warning: Parasitic Tech Library layer 'M1' parameter 'SMIN' = 0.040 does not match 0.026 of technology file (NEX-007)
Warning: Parasitic Tech Library layer 'M2' parameter 'SMIN' = 0.040 does not match 0.026 of technology file (NEX-007)
Warning: Parasitic Tech Library layer 'M3' parameter 'SMIN' = 0.040 does not match 0.026 of technology file (NEX-007)
Warning: Technology layer 'M4' setting 'pitch' is not valid (NEX-001)
Warning: Technology layer 'MRDL' setting 'pitch' is not valid (NEX-001)
Warning: Parasitic Tech Library layer 'M1' parameter 'SMIN' = 0.040 does not match 0.026 of technology file (NEX-007)
Warning: Parasitic Tech Library layer 'M2' parameter 'SMIN' = 0.040 does not match 0.026 of technology file (NEX-007)
Warning: Parasitic Tech Library layer 'M3' parameter 'SMIN' = 0.040 does not match 0.026 of technology file (NEX-007)
Warning: Parasitic Tech Library layer 'M8' parameter 'WMIN' = 0.030 does not match 0.060 of technology file (NEX-007)
Warning: Parasitic Tech Library layer 'M8' parameter 'SMIN' = 0.060 does not match 0.040 of technology file (NEX-007)
Warning: Technology layer 'M4' setting 'pitch' is not valid (NEX-001)
Warning: Technology layer 'MRDL' setting 'pitch' is not valid (NEX-001)
Warning: Parasitic Tech Library layer 'M1' parameter 'SMIN' = 0.040 does not match 0.026 of technology file (NEX-007)
Warning: Parasitic Tech Library layer 'M2' parameter 'SMIN' = 0.040 does not match 0.026 of technology file (NEX-007)
Warning: Parasitic Tech Library layer 'M3' parameter 'SMIN' = 0.040 does not match 0.026 of technology file (NEX-007)
Warning: Technology layer 'M4' setting 'pitch' is not valid (NEX-001)
Warning: Technology layer 'MRDL' setting 'pitch' is not valid (NEX-001)
Warning: Parasitic Tech Library layer 'M1' parameter 'SMIN' = 0.040 does not match 0.026 of technology file (NEX-007)
Warning: Parasitic Tech Library layer 'M2' parameter 'SMIN' = 0.040 does not match 0.026 of technology file (NEX-007)
Warning: Parasitic Tech Library layer 'M3' parameter 'SMIN' = 0.040 does not match 0.026 of technology file (NEX-007)
Warning: Parasitic Tech Library layer 'M8' parameter 'WMIN' = 0.030 does not match 0.060 of technology file (NEX-007)
Warning: Parasitic Tech Library layer 'M8' parameter 'SMIN' = 0.060 does not match 0.040 of technology file (NEX-007)
Warning: Technology layer 'M4' setting 'pitch' is not valid (NEX-001)
Warning: Technology layer 'MRDL' setting 'pitch' is not valid (NEX-001)
Warning: Parasitic Tech Library layer 'M1' parameter 'SMIN' = 0.040 does not match 0.026 of technology file (NEX-007)
Warning: Parasitic Tech Library layer 'M2' parameter 'SMIN' = 0.040 does not match 0.026 of technology file (NEX-007)
Warning: Parasitic Tech Library layer 'M3' parameter 'SMIN' = 0.040 does not match 0.026 of technology file (NEX-007)
Warning: Technology layer 'M4' setting 'pitch' is not valid (NEX-001)
Warning: Technology layer 'MRDL' setting 'pitch' is not valid (NEX-001)
Warning: Parasitic Tech Library layer 'M1' parameter 'SMIN' = 0.040 does not match 0.026 of technology file (NEX-007)
Warning: Parasitic Tech Library layer 'M2' parameter 'SMIN' = 0.040 does not match 0.026 of technology file (NEX-007)
Warning: Parasitic Tech Library layer 'M3' parameter 'SMIN' = 0.040 does not match 0.026 of technology file (NEX-007)
Warning: Parasitic Tech Library layer 'M8' parameter 'WMIN' = 0.030 does not match 0.060 of technology file (NEX-007)
Warning: Parasitic Tech Library layer 'M8' parameter 'SMIN' = 0.060 does not match 0.040 of technology file (NEX-007)
Warning: Technology layer 'M4' setting 'pitch' is not valid (NEX-001)
Warning: Technology layer 'MRDL' setting 'pitch' is not valid (NEX-001)
Warning: Parasitic Tech Library layer 'M1' parameter 'SMIN' = 0.040 does not match 0.026 of technology file (NEX-007)
Warning: Parasitic Tech Library layer 'M2' parameter 'SMIN' = 0.040 does not match 0.026 of technology file (NEX-007)
Warning: Parasitic Tech Library layer 'M3' parameter 'SMIN' = 0.040 does not match 0.026 of technology file (NEX-007)
Warning: Technology layer 'M4' setting 'pitch' is not valid (NEX-001)
Warning: Technology layer 'MRDL' setting 'pitch' is not valid (NEX-001)
Warning: Parasitic Tech Library layer 'M1' parameter 'SMIN' = 0.040 does not match 0.026 of technology file (NEX-007)
Warning: Parasitic Tech Library layer 'M2' parameter 'SMIN' = 0.040 does not match 0.026 of technology file (NEX-007)
Warning: Parasitic Tech Library layer 'M3' parameter 'SMIN' = 0.040 does not match 0.026 of technology file (NEX-007)
Warning: Parasitic Tech Library layer 'M8' parameter 'WMIN' = 0.030 does not match 0.060 of technology file (NEX-007)
Warning: Parasitic Tech Library layer 'M8' parameter 'SMIN' = 0.060 does not match 0.040 of technology file (NEX-007)
Warning: Technology layer 'M4' setting 'pitch' is not valid (NEX-001)
Warning: Technology layer 'MRDL' setting 'pitch' is not valid (NEX-001)
Warning: Parasitic Tech Library layer 'M1' parameter 'SMIN' = 0.040 does not match 0.026 of technology file (NEX-007)
Warning: Parasitic Tech Library layer 'M2' parameter 'SMIN' = 0.040 does not match 0.026 of technology file (NEX-007)
Warning: Parasitic Tech Library layer 'M3' parameter 'SMIN' = 0.040 does not match 0.026 of technology file (NEX-007)
Warning: Technology layer 'M4' setting 'pitch' is not valid (NEX-001)
Warning: Technology layer 'MRDL' setting 'pitch' is not valid (NEX-001)
Warning: Parasitic Tech Library layer 'M1' parameter 'SMIN' = 0.040 does not match 0.026 of technology file (NEX-007)
Warning: Parasitic Tech Library layer 'M2' parameter 'SMIN' = 0.040 does not match 0.026 of technology file (NEX-007)
Warning: Parasitic Tech Library layer 'M3' parameter 'SMIN' = 0.040 does not match 0.026 of technology file (NEX-007)
Warning: Parasitic Tech Library layer 'M8' parameter 'WMIN' = 0.030 does not match 0.060 of technology file (NEX-007)
Warning: Parasitic Tech Library layer 'M8' parameter 'SMIN' = 0.060 does not match 0.040 of technology file (NEX-007)
Warning: Technology layer 'M4' setting 'pitch' is not valid (NEX-001)
Warning: Technology layer 'MRDL' setting 'pitch' is not valid (NEX-001)
Warning: Parasitic Tech Library layer 'M1' parameter 'SMIN' = 0.040 does not match 0.026 of technology file (NEX-007)
Warning: Parasitic Tech Library layer 'M2' parameter 'SMIN' = 0.040 does not match 0.026 of technology file (NEX-007)
Warning: Parasitic Tech Library layer 'M3' parameter 'SMIN' = 0.040 does not match 0.026 of technology file (NEX-007)
Warning: Technology layer 'M4' setting 'pitch' is not valid (NEX-001)
Warning: Technology layer 'MRDL' setting 'pitch' is not valid (NEX-001)
Warning: Parasitic Tech Library layer 'M1' parameter 'SMIN' = 0.040 does not match 0.026 of technology file (NEX-007)
Warning: Parasitic Tech Library layer 'M2' parameter 'SMIN' = 0.040 does not match 0.026 of technology file (NEX-007)
Warning: Parasitic Tech Library layer 'M3' parameter 'SMIN' = 0.040 does not match 0.026 of technology file (NEX-007)
Warning: Parasitic Tech Library layer 'M8' parameter 'WMIN' = 0.030 does not match 0.060 of technology file (NEX-007)
Warning: Parasitic Tech Library layer 'M8' parameter 'SMIN' = 0.060 does not match 0.040 of technology file (NEX-007)
Warning: Technology layer 'M4' setting 'pitch' is not valid (NEX-001)
Warning: Technology layer 'MRDL' setting 'pitch' is not valid (NEX-001)
Warning: Parasitic Tech Library layer 'M1' parameter 'SMIN' = 0.040 does not match 0.026 of technology file (NEX-007)
Warning: Parasitic Tech Library layer 'M2' parameter 'SMIN' = 0.040 does not match 0.026 of technology file (NEX-007)
Warning: Parasitic Tech Library layer 'M3' parameter 'SMIN' = 0.040 does not match 0.026 of technology file (NEX-007)
Warning: Technology layer 'M4' setting 'pitch' is not valid (NEX-001)
Warning: Technology layer 'MRDL' setting 'pitch' is not valid (NEX-001)
Warning: Parasitic Tech Library layer 'M1' parameter 'SMIN' = 0.040 does not match 0.026 of technology file (NEX-007)
Warning: Parasitic Tech Library layer 'M2' parameter 'SMIN' = 0.040 does not match 0.026 of technology file (NEX-007)
Warning: Parasitic Tech Library layer 'M3' parameter 'SMIN' = 0.040 does not match 0.026 of technology file (NEX-007)
Warning: Parasitic Tech Library layer 'M8' parameter 'WMIN' = 0.030 does not match 0.060 of technology file (NEX-007)
Warning: Parasitic Tech Library layer 'M8' parameter 'SMIN' = 0.060 does not match 0.040 of technology file (NEX-007)
Warning: Technology layer 'M4' setting 'pitch' is not valid (NEX-001)
Warning: Technology layer 'MRDL' setting 'pitch' is not valid (NEX-001)
Warning: Parasitic Tech Library layer 'M1' parameter 'SMIN' = 0.040 does not match 0.026 of technology file (NEX-007)
Warning: Parasitic Tech Library layer 'M2' parameter 'SMIN' = 0.040 does not match 0.026 of technology file (NEX-007)
Warning: Parasitic Tech Library layer 'M3' parameter 'SMIN' = 0.040 does not match 0.026 of technology file (NEX-007)
Warning: Technology layer 'M4' setting 'pitch' is not valid (NEX-001)
Warning: Technology layer 'MRDL' setting 'pitch' is not valid (NEX-001)
Warning: Parasitic Tech Library layer 'M1' parameter 'SMIN' = 0.040 does not match 0.026 of technology file (NEX-007)
Warning: Parasitic Tech Library layer 'M2' parameter 'SMIN' = 0.040 does not match 0.026 of technology file (NEX-007)
Warning: Parasitic Tech Library layer 'M3' parameter 'SMIN' = 0.040 does not match 0.026 of technology file (NEX-007)
Warning: Parasitic Tech Library layer 'M8' parameter 'WMIN' = 0.030 does not match 0.060 of technology file (NEX-007)
Warning: Parasitic Tech Library layer 'M8' parameter 'SMIN' = 0.060 does not match 0.040 of technology file (NEX-007)
ORB: timingScenario func_slow_Cmax timingCorner slow_Cmax
INFO: No leakage and power scenarios. Using regular scenarios instead.
INFO: No active leakage scenarios. Leakage will be turned off
Warning: Technology layer 'M4' setting 'pitch' is not valid (NEX-001)
Warning: Technology layer 'MRDL' setting 'pitch' is not valid (NEX-001)
Warning: Parasitic Tech Library layer 'M1' parameter 'SMIN' = 0.040 does not match 0.026 of technology file (NEX-007)
Warning: Parasitic Tech Library layer 'M2' parameter 'SMIN' = 0.040 does not match 0.026 of technology file (NEX-007)
Warning: Parasitic Tech Library layer 'M3' parameter 'SMIN' = 0.040 does not match 0.026 of technology file (NEX-007)
ORB: Nominal = 0.007553  Design MT = inf  Target = 0.054855 (7.263 nominal)  MaxRC = 0.035405
Warning: Technology layer 'M4' setting 'pitch' is not valid (NEX-001)
Warning: Technology layer 'MRDL' setting 'pitch' is not valid (NEX-001)
Warning: Parasitic Tech Library layer 'M1' parameter 'SMIN' = 0.040 does not match 0.026 of technology file (NEX-007)
Warning: Parasitic Tech Library layer 'M2' parameter 'SMIN' = 0.040 does not match 0.026 of technology file (NEX-007)
Warning: Parasitic Tech Library layer 'M3' parameter 'SMIN' = 0.040 does not match 0.026 of technology file (NEX-007)
Warning: Technology layer 'M4' setting 'pitch' is not valid (NEX-001)
Warning: Technology layer 'MRDL' setting 'pitch' is not valid (NEX-001)
Warning: Parasitic Tech Library layer 'M1' parameter 'SMIN' = 0.040 does not match 0.026 of technology file (NEX-007)
Warning: Parasitic Tech Library layer 'M2' parameter 'SMIN' = 0.040 does not match 0.026 of technology file (NEX-007)
Warning: Parasitic Tech Library layer 'M3' parameter 'SMIN' = 0.040 does not match 0.026 of technology file (NEX-007)
Warning: Parasitic Tech Library layer 'M8' parameter 'WMIN' = 0.030 does not match 0.060 of technology file (NEX-007)
Warning: Parasitic Tech Library layer 'M8' parameter 'SMIN' = 0.060 does not match 0.040 of technology file (NEX-007)
Warning: Technology layer 'M4' setting 'pitch' is not valid (NEX-001)
Warning: Technology layer 'MRDL' setting 'pitch' is not valid (NEX-001)
Warning: Parasitic Tech Library layer 'M1' parameter 'SMIN' = 0.040 does not match 0.026 of technology file (NEX-007)
Warning: Parasitic Tech Library layer 'M2' parameter 'SMIN' = 0.040 does not match 0.026 of technology file (NEX-007)
Warning: Parasitic Tech Library layer 'M3' parameter 'SMIN' = 0.040 does not match 0.026 of technology file (NEX-007)
Warning: Technology layer 'M4' setting 'pitch' is not valid (NEX-001)
Warning: Technology layer 'MRDL' setting 'pitch' is not valid (NEX-001)
Warning: Parasitic Tech Library layer 'M1' parameter 'SMIN' = 0.040 does not match 0.026 of technology file (NEX-007)
Warning: Parasitic Tech Library layer 'M2' parameter 'SMIN' = 0.040 does not match 0.026 of technology file (NEX-007)
Warning: Parasitic Tech Library layer 'M3' parameter 'SMIN' = 0.040 does not match 0.026 of technology file (NEX-007)
Warning: Parasitic Tech Library layer 'M8' parameter 'WMIN' = 0.030 does not match 0.060 of technology file (NEX-007)
Warning: Parasitic Tech Library layer 'M8' parameter 'SMIN' = 0.060 does not match 0.040 of technology file (NEX-007)
Warning: Technology layer 'M4' setting 'pitch' is not valid (NEX-001)
Warning: Technology layer 'MRDL' setting 'pitch' is not valid (NEX-001)
Warning: Parasitic Tech Library layer 'M1' parameter 'SMIN' = 0.040 does not match 0.026 of technology file (NEX-007)
Warning: Parasitic Tech Library layer 'M2' parameter 'SMIN' = 0.040 does not match 0.026 of technology file (NEX-007)
Warning: Parasitic Tech Library layer 'M3' parameter 'SMIN' = 0.040 does not match 0.026 of technology file (NEX-007)
Warning: Technology layer 'M4' setting 'pitch' is not valid (NEX-001)
Warning: Technology layer 'MRDL' setting 'pitch' is not valid (NEX-001)
Warning: Parasitic Tech Library layer 'M1' parameter 'SMIN' = 0.040 does not match 0.026 of technology file (NEX-007)
Warning: Parasitic Tech Library layer 'M2' parameter 'SMIN' = 0.040 does not match 0.026 of technology file (NEX-007)
Warning: Parasitic Tech Library layer 'M3' parameter 'SMIN' = 0.040 does not match 0.026 of technology file (NEX-007)
Warning: Parasitic Tech Library layer 'M8' parameter 'WMIN' = 0.030 does not match 0.060 of technology file (NEX-007)
Warning: Parasitic Tech Library layer 'M8' parameter 'SMIN' = 0.060 does not match 0.040 of technology file (NEX-007)
Warning: Technology layer 'M4' setting 'pitch' is not valid (NEX-001)
Warning: Technology layer 'MRDL' setting 'pitch' is not valid (NEX-001)
Warning: Parasitic Tech Library layer 'M1' parameter 'SMIN' = 0.040 does not match 0.026 of technology file (NEX-007)
Warning: Parasitic Tech Library layer 'M2' parameter 'SMIN' = 0.040 does not match 0.026 of technology file (NEX-007)
Warning: Parasitic Tech Library layer 'M3' parameter 'SMIN' = 0.040 does not match 0.026 of technology file (NEX-007)
Warning: Technology layer 'M4' setting 'pitch' is not valid (NEX-001)
Warning: Technology layer 'MRDL' setting 'pitch' is not valid (NEX-001)
Warning: Parasitic Tech Library layer 'M1' parameter 'SMIN' = 0.040 does not match 0.026 of technology file (NEX-007)
Warning: Parasitic Tech Library layer 'M2' parameter 'SMIN' = 0.040 does not match 0.026 of technology file (NEX-007)
Warning: Parasitic Tech Library layer 'M3' parameter 'SMIN' = 0.040 does not match 0.026 of technology file (NEX-007)
Warning: Parasitic Tech Library layer 'M8' parameter 'WMIN' = 0.030 does not match 0.060 of technology file (NEX-007)
Warning: Parasitic Tech Library layer 'M8' parameter 'SMIN' = 0.060 does not match 0.040 of technology file (NEX-007)
Warning: Technology layer 'M4' setting 'pitch' is not valid (NEX-001)
Warning: Technology layer 'MRDL' setting 'pitch' is not valid (NEX-001)
Warning: Parasitic Tech Library layer 'M1' parameter 'SMIN' = 0.040 does not match 0.026 of technology file (NEX-007)
Warning: Parasitic Tech Library layer 'M2' parameter 'SMIN' = 0.040 does not match 0.026 of technology file (NEX-007)
Warning: Parasitic Tech Library layer 'M3' parameter 'SMIN' = 0.040 does not match 0.026 of technology file (NEX-007)
Warning: Technology layer 'M4' setting 'pitch' is not valid (NEX-001)
Warning: Technology layer 'MRDL' setting 'pitch' is not valid (NEX-001)
Warning: Parasitic Tech Library layer 'M1' parameter 'SMIN' = 0.040 does not match 0.026 of technology file (NEX-007)
Warning: Parasitic Tech Library layer 'M2' parameter 'SMIN' = 0.040 does not match 0.026 of technology file (NEX-007)
Warning: Parasitic Tech Library layer 'M3' parameter 'SMIN' = 0.040 does not match 0.026 of technology file (NEX-007)
Warning: Parasitic Tech Library layer 'M8' parameter 'WMIN' = 0.030 does not match 0.060 of technology file (NEX-007)
Warning: Parasitic Tech Library layer 'M8' parameter 'SMIN' = 0.060 does not match 0.040 of technology file (NEX-007)
Warning: Technology layer 'M4' setting 'pitch' is not valid (NEX-001)
Warning: Technology layer 'MRDL' setting 'pitch' is not valid (NEX-001)
Warning: Parasitic Tech Library layer 'M1' parameter 'SMIN' = 0.040 does not match 0.026 of technology file (NEX-007)
Warning: Parasitic Tech Library layer 'M2' parameter 'SMIN' = 0.040 does not match 0.026 of technology file (NEX-007)
Warning: Parasitic Tech Library layer 'M3' parameter 'SMIN' = 0.040 does not match 0.026 of technology file (NEX-007)
Warning: Technology layer 'M4' setting 'pitch' is not valid (NEX-001)
Warning: Technology layer 'MRDL' setting 'pitch' is not valid (NEX-001)
Warning: Parasitic Tech Library layer 'M1' parameter 'SMIN' = 0.040 does not match 0.026 of technology file (NEX-007)
Warning: Parasitic Tech Library layer 'M2' parameter 'SMIN' = 0.040 does not match 0.026 of technology file (NEX-007)
Warning: Parasitic Tech Library layer 'M3' parameter 'SMIN' = 0.040 does not match 0.026 of technology file (NEX-007)
Warning: Parasitic Tech Library layer 'M8' parameter 'WMIN' = 0.030 does not match 0.060 of technology file (NEX-007)
Warning: Parasitic Tech Library layer 'M8' parameter 'SMIN' = 0.060 does not match 0.040 of technology file (NEX-007)
Warning: Technology layer 'M4' setting 'pitch' is not valid (NEX-001)
Warning: Technology layer 'MRDL' setting 'pitch' is not valid (NEX-001)
Warning: Parasitic Tech Library layer 'M1' parameter 'SMIN' = 0.040 does not match 0.026 of technology file (NEX-007)
Warning: Parasitic Tech Library layer 'M2' parameter 'SMIN' = 0.040 does not match 0.026 of technology file (NEX-007)
Warning: Parasitic Tech Library layer 'M3' parameter 'SMIN' = 0.040 does not match 0.026 of technology file (NEX-007)
Warning: Technology layer 'M4' setting 'pitch' is not valid (NEX-001)
Warning: Technology layer 'MRDL' setting 'pitch' is not valid (NEX-001)
Warning: Parasitic Tech Library layer 'M1' parameter 'SMIN' = 0.040 does not match 0.026 of technology file (NEX-007)
Warning: Parasitic Tech Library layer 'M2' parameter 'SMIN' = 0.040 does not match 0.026 of technology file (NEX-007)
Warning: Parasitic Tech Library layer 'M3' parameter 'SMIN' = 0.040 does not match 0.026 of technology file (NEX-007)
Warning: Parasitic Tech Library layer 'M8' parameter 'WMIN' = 0.030 does not match 0.060 of technology file (NEX-007)
Warning: Parasitic Tech Library layer 'M8' parameter 'SMIN' = 0.060 does not match 0.040 of technology file (NEX-007)
Warning: Technology layer 'M4' setting 'pitch' is not valid (NEX-001)
Warning: Technology layer 'MRDL' setting 'pitch' is not valid (NEX-001)
Warning: Parasitic Tech Library layer 'M1' parameter 'SMIN' = 0.040 does not match 0.026 of technology file (NEX-007)
Warning: Parasitic Tech Library layer 'M2' parameter 'SMIN' = 0.040 does not match 0.026 of technology file (NEX-007)
Warning: Parasitic Tech Library layer 'M3' parameter 'SMIN' = 0.040 does not match 0.026 of technology file (NEX-007)
Warning: Technology layer 'M4' setting 'pitch' is not valid (NEX-001)
Warning: Technology layer 'MRDL' setting 'pitch' is not valid (NEX-001)
Warning: Parasitic Tech Library layer 'M1' parameter 'SMIN' = 0.040 does not match 0.026 of technology file (NEX-007)
Warning: Parasitic Tech Library layer 'M2' parameter 'SMIN' = 0.040 does not match 0.026 of technology file (NEX-007)
Warning: Parasitic Tech Library layer 'M3' parameter 'SMIN' = 0.040 does not match 0.026 of technology file (NEX-007)
Warning: Parasitic Tech Library layer 'M8' parameter 'WMIN' = 0.030 does not match 0.060 of technology file (NEX-007)
Warning: Parasitic Tech Library layer 'M8' parameter 'SMIN' = 0.060 does not match 0.040 of technology file (NEX-007)
ORB: timingScenario func_slow_Cmax timingCorner slow_Cmax
INFO: No leakage and power scenarios. Using regular scenarios instead.
INFO: No active leakage scenarios. Leakage will be turned off
Warning: Technology layer 'M4' setting 'pitch' is not valid (NEX-001)
Warning: Technology layer 'MRDL' setting 'pitch' is not valid (NEX-001)
Warning: Parasitic Tech Library layer 'M1' parameter 'SMIN' = 0.040 does not match 0.026 of technology file (NEX-007)
Warning: Parasitic Tech Library layer 'M2' parameter 'SMIN' = 0.040 does not match 0.026 of technology file (NEX-007)
Warning: Parasitic Tech Library layer 'M3' parameter 'SMIN' = 0.040 does not match 0.026 of technology file (NEX-007)
ORB: Nominal = 0.007553  Design MT = inf  Target = 0.054855 (7.263 nominal)  MaxRC = 0.035405
Warning: Technology layer 'M4' setting 'pitch' is not valid (NEX-001)
Warning: Technology layer 'MRDL' setting 'pitch' is not valid (NEX-001)
Warning: Parasitic Tech Library layer 'M1' parameter 'SMIN' = 0.040 does not match 0.026 of technology file (NEX-007)
Warning: Parasitic Tech Library layer 'M2' parameter 'SMIN' = 0.040 does not match 0.026 of technology file (NEX-007)
Warning: Parasitic Tech Library layer 'M3' parameter 'SMIN' = 0.040 does not match 0.026 of technology file (NEX-007)
Warning: Technology layer 'M4' setting 'pitch' is not valid (NEX-001)
Warning: Technology layer 'MRDL' setting 'pitch' is not valid (NEX-001)
Warning: Parasitic Tech Library layer 'M1' parameter 'SMIN' = 0.040 does not match 0.026 of technology file (NEX-007)
Warning: Parasitic Tech Library layer 'M2' parameter 'SMIN' = 0.040 does not match 0.026 of technology file (NEX-007)
Warning: Parasitic Tech Library layer 'M3' parameter 'SMIN' = 0.040 does not match 0.026 of technology file (NEX-007)
Warning: Parasitic Tech Library layer 'M8' parameter 'WMIN' = 0.030 does not match 0.060 of technology file (NEX-007)
Warning: Parasitic Tech Library layer 'M8' parameter 'SMIN' = 0.060 does not match 0.040 of technology file (NEX-007)
Warning: Technology layer 'M4' setting 'pitch' is not valid (NEX-001)
Warning: Technology layer 'MRDL' setting 'pitch' is not valid (NEX-001)
Warning: Parasitic Tech Library layer 'M1' parameter 'SMIN' = 0.040 does not match 0.026 of technology file (NEX-007)
Warning: Parasitic Tech Library layer 'M2' parameter 'SMIN' = 0.040 does not match 0.026 of technology file (NEX-007)
Warning: Parasitic Tech Library layer 'M3' parameter 'SMIN' = 0.040 does not match 0.026 of technology file (NEX-007)
Warning: Technology layer 'M4' setting 'pitch' is not valid (NEX-001)
Warning: Technology layer 'MRDL' setting 'pitch' is not valid (NEX-001)
Warning: Parasitic Tech Library layer 'M1' parameter 'SMIN' = 0.040 does not match 0.026 of technology file (NEX-007)
Warning: Parasitic Tech Library layer 'M2' parameter 'SMIN' = 0.040 does not match 0.026 of technology file (NEX-007)
Warning: Parasitic Tech Library layer 'M3' parameter 'SMIN' = 0.040 does not match 0.026 of technology file (NEX-007)
Warning: Parasitic Tech Library layer 'M8' parameter 'WMIN' = 0.030 does not match 0.060 of technology file (NEX-007)
Warning: Parasitic Tech Library layer 'M8' parameter 'SMIN' = 0.060 does not match 0.040 of technology file (NEX-007)
Warning: Technology layer 'M4' setting 'pitch' is not valid (NEX-001)
Warning: Technology layer 'MRDL' setting 'pitch' is not valid (NEX-001)
Warning: Parasitic Tech Library layer 'M1' parameter 'SMIN' = 0.040 does not match 0.026 of technology file (NEX-007)
Warning: Parasitic Tech Library layer 'M2' parameter 'SMIN' = 0.040 does not match 0.026 of technology file (NEX-007)
Warning: Parasitic Tech Library layer 'M3' parameter 'SMIN' = 0.040 does not match 0.026 of technology file (NEX-007)
Warning: Technology layer 'M4' setting 'pitch' is not valid (NEX-001)
Warning: Technology layer 'MRDL' setting 'pitch' is not valid (NEX-001)
Warning: Parasitic Tech Library layer 'M1' parameter 'SMIN' = 0.040 does not match 0.026 of technology file (NEX-007)
Warning: Parasitic Tech Library layer 'M2' parameter 'SMIN' = 0.040 does not match 0.026 of technology file (NEX-007)
Warning: Parasitic Tech Library layer 'M3' parameter 'SMIN' = 0.040 does not match 0.026 of technology file (NEX-007)
Warning: Parasitic Tech Library layer 'M8' parameter 'WMIN' = 0.030 does not match 0.060 of technology file (NEX-007)
Warning: Parasitic Tech Library layer 'M8' parameter 'SMIN' = 0.060 does not match 0.040 of technology file (NEX-007)
Warning: Technology layer 'M4' setting 'pitch' is not valid (NEX-001)
Warning: Technology layer 'MRDL' setting 'pitch' is not valid (NEX-001)
Warning: Parasitic Tech Library layer 'M1' parameter 'SMIN' = 0.040 does not match 0.026 of technology file (NEX-007)
Warning: Parasitic Tech Library layer 'M2' parameter 'SMIN' = 0.040 does not match 0.026 of technology file (NEX-007)
Warning: Parasitic Tech Library layer 'M3' parameter 'SMIN' = 0.040 does not match 0.026 of technology file (NEX-007)
Warning: Technology layer 'M4' setting 'pitch' is not valid (NEX-001)
Warning: Technology layer 'MRDL' setting 'pitch' is not valid (NEX-001)
Warning: Parasitic Tech Library layer 'M1' parameter 'SMIN' = 0.040 does not match 0.026 of technology file (NEX-007)
Warning: Parasitic Tech Library layer 'M2' parameter 'SMIN' = 0.040 does not match 0.026 of technology file (NEX-007)
Warning: Parasitic Tech Library layer 'M3' parameter 'SMIN' = 0.040 does not match 0.026 of technology file (NEX-007)
Warning: Parasitic Tech Library layer 'M8' parameter 'WMIN' = 0.030 does not match 0.060 of technology file (NEX-007)
Warning: Parasitic Tech Library layer 'M8' parameter 'SMIN' = 0.060 does not match 0.040 of technology file (NEX-007)
Warning: Technology layer 'M4' setting 'pitch' is not valid (NEX-001)
Warning: Technology layer 'MRDL' setting 'pitch' is not valid (NEX-001)
Warning: Parasitic Tech Library layer 'M1' parameter 'SMIN' = 0.040 does not match 0.026 of technology file (NEX-007)
Warning: Parasitic Tech Library layer 'M2' parameter 'SMIN' = 0.040 does not match 0.026 of technology file (NEX-007)
Warning: Parasitic Tech Library layer 'M3' parameter 'SMIN' = 0.040 does not match 0.026 of technology file (NEX-007)
Warning: Technology layer 'M4' setting 'pitch' is not valid (NEX-001)
Warning: Technology layer 'MRDL' setting 'pitch' is not valid (NEX-001)
Warning: Parasitic Tech Library layer 'M1' parameter 'SMIN' = 0.040 does not match 0.026 of technology file (NEX-007)
Warning: Parasitic Tech Library layer 'M2' parameter 'SMIN' = 0.040 does not match 0.026 of technology file (NEX-007)
Warning: Parasitic Tech Library layer 'M3' parameter 'SMIN' = 0.040 does not match 0.026 of technology file (NEX-007)
Warning: Parasitic Tech Library layer 'M8' parameter 'WMIN' = 0.030 does not match 0.060 of technology file (NEX-007)
Warning: Parasitic Tech Library layer 'M8' parameter 'SMIN' = 0.060 does not match 0.040 of technology file (NEX-007)
Warning: Technology layer 'M4' setting 'pitch' is not valid (NEX-001)
Warning: Technology layer 'MRDL' setting 'pitch' is not valid (NEX-001)
Warning: Parasitic Tech Library layer 'M1' parameter 'SMIN' = 0.040 does not match 0.026 of technology file (NEX-007)
Warning: Parasitic Tech Library layer 'M2' parameter 'SMIN' = 0.040 does not match 0.026 of technology file (NEX-007)
Warning: Parasitic Tech Library layer 'M3' parameter 'SMIN' = 0.040 does not match 0.026 of technology file (NEX-007)
Warning: Technology layer 'M4' setting 'pitch' is not valid (NEX-001)
Warning: Technology layer 'MRDL' setting 'pitch' is not valid (NEX-001)
Warning: Parasitic Tech Library layer 'M1' parameter 'SMIN' = 0.040 does not match 0.026 of technology file (NEX-007)
Warning: Parasitic Tech Library layer 'M2' parameter 'SMIN' = 0.040 does not match 0.026 of technology file (NEX-007)
Warning: Parasitic Tech Library layer 'M3' parameter 'SMIN' = 0.040 does not match 0.026 of technology file (NEX-007)
Warning: Parasitic Tech Library layer 'M8' parameter 'WMIN' = 0.030 does not match 0.060 of technology file (NEX-007)
Warning: Parasitic Tech Library layer 'M8' parameter 'SMIN' = 0.060 does not match 0.040 of technology file (NEX-007)
Warning: Technology layer 'M4' setting 'pitch' is not valid (NEX-001)
Warning: Technology layer 'MRDL' setting 'pitch' is not valid (NEX-001)
Warning: Parasitic Tech Library layer 'M1' parameter 'SMIN' = 0.040 does not match 0.026 of technology file (NEX-007)
Warning: Parasitic Tech Library layer 'M2' parameter 'SMIN' = 0.040 does not match 0.026 of technology file (NEX-007)
Warning: Parasitic Tech Library layer 'M3' parameter 'SMIN' = 0.040 does not match 0.026 of technology file (NEX-007)
Warning: Technology layer 'M4' setting 'pitch' is not valid (NEX-001)
Warning: Technology layer 'MRDL' setting 'pitch' is not valid (NEX-001)
Warning: Parasitic Tech Library layer 'M1' parameter 'SMIN' = 0.040 does not match 0.026 of technology file (NEX-007)
Warning: Parasitic Tech Library layer 'M2' parameter 'SMIN' = 0.040 does not match 0.026 of technology file (NEX-007)
Warning: Parasitic Tech Library layer 'M3' parameter 'SMIN' = 0.040 does not match 0.026 of technology file (NEX-007)
Warning: Parasitic Tech Library layer 'M8' parameter 'WMIN' = 0.030 does not match 0.060 of technology file (NEX-007)
Warning: Parasitic Tech Library layer 'M8' parameter 'SMIN' = 0.060 does not match 0.040 of technology file (NEX-007)
Warning: Technology layer 'M4' setting 'pitch' is not valid (NEX-001)
Warning: Technology layer 'MRDL' setting 'pitch' is not valid (NEX-001)
Warning: Parasitic Tech Library layer 'M1' parameter 'SMIN' = 0.040 does not match 0.026 of technology file (NEX-007)
Warning: Parasitic Tech Library layer 'M2' parameter 'SMIN' = 0.040 does not match 0.026 of technology file (NEX-007)
Warning: Parasitic Tech Library layer 'M3' parameter 'SMIN' = 0.040 does not match 0.026 of technology file (NEX-007)
Warning: Technology layer 'M4' setting 'pitch' is not valid (NEX-001)
Warning: Technology layer 'MRDL' setting 'pitch' is not valid (NEX-001)
Warning: Parasitic Tech Library layer 'M1' parameter 'SMIN' = 0.040 does not match 0.026 of technology file (NEX-007)
Warning: Parasitic Tech Library layer 'M2' parameter 'SMIN' = 0.040 does not match 0.026 of technology file (NEX-007)
Warning: Parasitic Tech Library layer 'M3' parameter 'SMIN' = 0.040 does not match 0.026 of technology file (NEX-007)
Warning: Parasitic Tech Library layer 'M8' parameter 'WMIN' = 0.030 does not match 0.060 of technology file (NEX-007)
Warning: Parasitic Tech Library layer 'M8' parameter 'SMIN' = 0.060 does not match 0.040 of technology file (NEX-007)
ORB: timingScenario func_slow_Cmax timingCorner slow_Cmax
INFO: No leakage and power scenarios. Using regular scenarios instead.
INFO: No active leakage scenarios. Leakage will be turned off
Warning: Technology layer 'M4' setting 'pitch' is not valid (NEX-001)
Warning: Technology layer 'MRDL' setting 'pitch' is not valid (NEX-001)
Warning: Parasitic Tech Library layer 'M1' parameter 'SMIN' = 0.040 does not match 0.026 of technology file (NEX-007)
Warning: Parasitic Tech Library layer 'M2' parameter 'SMIN' = 0.040 does not match 0.026 of technology file (NEX-007)
Warning: Parasitic Tech Library layer 'M3' parameter 'SMIN' = 0.040 does not match 0.026 of technology file (NEX-007)
ORB: Nominal = 0.007553  Design MT = inf  Target = 0.054855 (7.263 nominal)  MaxRC = 0.035405
Warning: Technology layer 'M4' setting 'pitch' is not valid (NEX-001)
Warning: Technology layer 'MRDL' setting 'pitch' is not valid (NEX-001)
Warning: Parasitic Tech Library layer 'M1' parameter 'SMIN' = 0.040 does not match 0.026 of technology file (NEX-007)
Warning: Parasitic Tech Library layer 'M2' parameter 'SMIN' = 0.040 does not match 0.026 of technology file (NEX-007)
Warning: Parasitic Tech Library layer 'M3' parameter 'SMIN' = 0.040 does not match 0.026 of technology file (NEX-007)
Warning: Technology layer 'M4' setting 'pitch' is not valid (NEX-001)
Warning: Technology layer 'MRDL' setting 'pitch' is not valid (NEX-001)
Warning: Parasitic Tech Library layer 'M1' parameter 'SMIN' = 0.040 does not match 0.026 of technology file (NEX-007)
Warning: Parasitic Tech Library layer 'M2' parameter 'SMIN' = 0.040 does not match 0.026 of technology file (NEX-007)
Warning: Parasitic Tech Library layer 'M3' parameter 'SMIN' = 0.040 does not match 0.026 of technology file (NEX-007)
Warning: Parasitic Tech Library layer 'M8' parameter 'WMIN' = 0.030 does not match 0.060 of technology file (NEX-007)
Warning: Parasitic Tech Library layer 'M8' parameter 'SMIN' = 0.060 does not match 0.040 of technology file (NEX-007)
Warning: Technology layer 'M4' setting 'pitch' is not valid (NEX-001)
Warning: Technology layer 'MRDL' setting 'pitch' is not valid (NEX-001)
Warning: Parasitic Tech Library layer 'M1' parameter 'SMIN' = 0.040 does not match 0.026 of technology file (NEX-007)
Warning: Parasitic Tech Library layer 'M2' parameter 'SMIN' = 0.040 does not match 0.026 of technology file (NEX-007)
Warning: Parasitic Tech Library layer 'M3' parameter 'SMIN' = 0.040 does not match 0.026 of technology file (NEX-007)
Warning: Technology layer 'M4' setting 'pitch' is not valid (NEX-001)
Warning: Technology layer 'MRDL' setting 'pitch' is not valid (NEX-001)
Warning: Parasitic Tech Library layer 'M1' parameter 'SMIN' = 0.040 does not match 0.026 of technology file (NEX-007)
Warning: Parasitic Tech Library layer 'M2' parameter 'SMIN' = 0.040 does not match 0.026 of technology file (NEX-007)
Warning: Parasitic Tech Library layer 'M3' parameter 'SMIN' = 0.040 does not match 0.026 of technology file (NEX-007)
Warning: Parasitic Tech Library layer 'M8' parameter 'WMIN' = 0.030 does not match 0.060 of technology file (NEX-007)
Warning: Parasitic Tech Library layer 'M8' parameter 'SMIN' = 0.060 does not match 0.040 of technology file (NEX-007)
Warning: Technology layer 'M4' setting 'pitch' is not valid (NEX-001)
Warning: Technology layer 'MRDL' setting 'pitch' is not valid (NEX-001)
Warning: Parasitic Tech Library layer 'M1' parameter 'SMIN' = 0.040 does not match 0.026 of technology file (NEX-007)
Warning: Parasitic Tech Library layer 'M2' parameter 'SMIN' = 0.040 does not match 0.026 of technology file (NEX-007)
Warning: Parasitic Tech Library layer 'M3' parameter 'SMIN' = 0.040 does not match 0.026 of technology file (NEX-007)
Warning: Technology layer 'M4' setting 'pitch' is not valid (NEX-001)
Warning: Technology layer 'MRDL' setting 'pitch' is not valid (NEX-001)
Warning: Parasitic Tech Library layer 'M1' parameter 'SMIN' = 0.040 does not match 0.026 of technology file (NEX-007)
Warning: Parasitic Tech Library layer 'M2' parameter 'SMIN' = 0.040 does not match 0.026 of technology file (NEX-007)
Warning: Parasitic Tech Library layer 'M3' parameter 'SMIN' = 0.040 does not match 0.026 of technology file (NEX-007)
Warning: Parasitic Tech Library layer 'M8' parameter 'WMIN' = 0.030 does not match 0.060 of technology file (NEX-007)
Warning: Parasitic Tech Library layer 'M8' parameter 'SMIN' = 0.060 does not match 0.040 of technology file (NEX-007)
Warning: Technology layer 'M4' setting 'pitch' is not valid (NEX-001)
Warning: Technology layer 'MRDL' setting 'pitch' is not valid (NEX-001)
Warning: Parasitic Tech Library layer 'M1' parameter 'SMIN' = 0.040 does not match 0.026 of technology file (NEX-007)
Warning: Parasitic Tech Library layer 'M2' parameter 'SMIN' = 0.040 does not match 0.026 of technology file (NEX-007)
Warning: Parasitic Tech Library layer 'M3' parameter 'SMIN' = 0.040 does not match 0.026 of technology file (NEX-007)
Warning: Technology layer 'M4' setting 'pitch' is not valid (NEX-001)
Warning: Technology layer 'MRDL' setting 'pitch' is not valid (NEX-001)
Warning: Parasitic Tech Library layer 'M1' parameter 'SMIN' = 0.040 does not match 0.026 of technology file (NEX-007)
Warning: Parasitic Tech Library layer 'M2' parameter 'SMIN' = 0.040 does not match 0.026 of technology file (NEX-007)
Warning: Parasitic Tech Library layer 'M3' parameter 'SMIN' = 0.040 does not match 0.026 of technology file (NEX-007)
Warning: Parasitic Tech Library layer 'M8' parameter 'WMIN' = 0.030 does not match 0.060 of technology file (NEX-007)
Warning: Parasitic Tech Library layer 'M8' parameter 'SMIN' = 0.060 does not match 0.040 of technology file (NEX-007)
Warning: Technology layer 'M4' setting 'pitch' is not valid (NEX-001)
Warning: Technology layer 'MRDL' setting 'pitch' is not valid (NEX-001)
Warning: Parasitic Tech Library layer 'M1' parameter 'SMIN' = 0.040 does not match 0.026 of technology file (NEX-007)
Warning: Parasitic Tech Library layer 'M2' parameter 'SMIN' = 0.040 does not match 0.026 of technology file (NEX-007)
Warning: Parasitic Tech Library layer 'M3' parameter 'SMIN' = 0.040 does not match 0.026 of technology file (NEX-007)
Warning: Technology layer 'M4' setting 'pitch' is not valid (NEX-001)
Warning: Technology layer 'MRDL' setting 'pitch' is not valid (NEX-001)
Warning: Parasitic Tech Library layer 'M1' parameter 'SMIN' = 0.040 does not match 0.026 of technology file (NEX-007)
Warning: Parasitic Tech Library layer 'M2' parameter 'SMIN' = 0.040 does not match 0.026 of technology file (NEX-007)
Warning: Parasitic Tech Library layer 'M3' parameter 'SMIN' = 0.040 does not match 0.026 of technology file (NEX-007)
Warning: Parasitic Tech Library layer 'M8' parameter 'WMIN' = 0.030 does not match 0.060 of technology file (NEX-007)
Warning: Parasitic Tech Library layer 'M8' parameter 'SMIN' = 0.060 does not match 0.040 of technology file (NEX-007)
Warning: Technology layer 'M4' setting 'pitch' is not valid (NEX-001)
Warning: Technology layer 'MRDL' setting 'pitch' is not valid (NEX-001)
Warning: Parasitic Tech Library layer 'M1' parameter 'SMIN' = 0.040 does not match 0.026 of technology file (NEX-007)
Warning: Parasitic Tech Library layer 'M2' parameter 'SMIN' = 0.040 does not match 0.026 of technology file (NEX-007)
Warning: Parasitic Tech Library layer 'M3' parameter 'SMIN' = 0.040 does not match 0.026 of technology file (NEX-007)
Warning: Technology layer 'M4' setting 'pitch' is not valid (NEX-001)
Warning: Technology layer 'MRDL' setting 'pitch' is not valid (NEX-001)
Warning: Parasitic Tech Library layer 'M1' parameter 'SMIN' = 0.040 does not match 0.026 of technology file (NEX-007)
Warning: Parasitic Tech Library layer 'M2' parameter 'SMIN' = 0.040 does not match 0.026 of technology file (NEX-007)
Warning: Parasitic Tech Library layer 'M3' parameter 'SMIN' = 0.040 does not match 0.026 of technology file (NEX-007)
Warning: Parasitic Tech Library layer 'M8' parameter 'WMIN' = 0.030 does not match 0.060 of technology file (NEX-007)
Warning: Parasitic Tech Library layer 'M8' parameter 'SMIN' = 0.060 does not match 0.040 of technology file (NEX-007)
Warning: Technology layer 'M4' setting 'pitch' is not valid (NEX-001)
Warning: Technology layer 'MRDL' setting 'pitch' is not valid (NEX-001)
Warning: Parasitic Tech Library layer 'M1' parameter 'SMIN' = 0.040 does not match 0.026 of technology file (NEX-007)
Warning: Parasitic Tech Library layer 'M2' parameter 'SMIN' = 0.040 does not match 0.026 of technology file (NEX-007)
Warning: Parasitic Tech Library layer 'M3' parameter 'SMIN' = 0.040 does not match 0.026 of technology file (NEX-007)
Warning: Technology layer 'M4' setting 'pitch' is not valid (NEX-001)
Warning: Technology layer 'MRDL' setting 'pitch' is not valid (NEX-001)
Warning: Parasitic Tech Library layer 'M1' parameter 'SMIN' = 0.040 does not match 0.026 of technology file (NEX-007)
Warning: Parasitic Tech Library layer 'M2' parameter 'SMIN' = 0.040 does not match 0.026 of technology file (NEX-007)
Warning: Parasitic Tech Library layer 'M3' parameter 'SMIN' = 0.040 does not match 0.026 of technology file (NEX-007)
Warning: Parasitic Tech Library layer 'M8' parameter 'WMIN' = 0.030 does not match 0.060 of technology file (NEX-007)
Warning: Parasitic Tech Library layer 'M8' parameter 'SMIN' = 0.060 does not match 0.040 of technology file (NEX-007)
Warning: Technology layer 'M4' setting 'pitch' is not valid (NEX-001)
Warning: Technology layer 'MRDL' setting 'pitch' is not valid (NEX-001)
Warning: Parasitic Tech Library layer 'M1' parameter 'SMIN' = 0.040 does not match 0.026 of technology file (NEX-007)
Warning: Parasitic Tech Library layer 'M2' parameter 'SMIN' = 0.040 does not match 0.026 of technology file (NEX-007)
Warning: Parasitic Tech Library layer 'M3' parameter 'SMIN' = 0.040 does not match 0.026 of technology file (NEX-007)
Warning: Technology layer 'M4' setting 'pitch' is not valid (NEX-001)
Warning: Technology layer 'MRDL' setting 'pitch' is not valid (NEX-001)
Warning: Parasitic Tech Library layer 'M1' parameter 'SMIN' = 0.040 does not match 0.026 of technology file (NEX-007)
Warning: Parasitic Tech Library layer 'M2' parameter 'SMIN' = 0.040 does not match 0.026 of technology file (NEX-007)
Warning: Parasitic Tech Library layer 'M3' parameter 'SMIN' = 0.040 does not match 0.026 of technology file (NEX-007)
Warning: Parasitic Tech Library layer 'M8' parameter 'WMIN' = 0.030 does not match 0.060 of technology file (NEX-007)
Warning: Parasitic Tech Library layer 'M8' parameter 'SMIN' = 0.060 does not match 0.040 of technology file (NEX-007)
ORB: timingScenario func_slow_Cmax timingCorner slow_Cmax
INFO: No leakage and power scenarios. Using regular scenarios instead.
INFO: No active leakage scenarios. Leakage will be turned off
Warning: Technology layer 'M4' setting 'pitch' is not valid (NEX-001)
Warning: Technology layer 'MRDL' setting 'pitch' is not valid (NEX-001)
Warning: Parasitic Tech Library layer 'M1' parameter 'SMIN' = 0.040 does not match 0.026 of technology file (NEX-007)
Warning: Parasitic Tech Library layer 'M2' parameter 'SMIN' = 0.040 does not match 0.026 of technology file (NEX-007)
Warning: Parasitic Tech Library layer 'M3' parameter 'SMIN' = 0.040 does not match 0.026 of technology file (NEX-007)
ORB: Nominal = 0.007553  Design MT = inf  Target = 0.054855 (7.263 nominal)  MaxRC = 0.035405
Begin building search trees for block cv32e40p_top:SCRATCH_DESIGN_2147483650.design
Begin building search trees for block cv32e40p_top:SCRATCH_DESIGN_2147483649.design
Begin building search trees for block cv32e40p_top:SCRATCH_DESIGN_2147483652.design
Done building search trees for block cv32e40p_top:SCRATCH_DESIGN_2147483649.design (time 0s)
Done building search trees for block cv32e40p_top:SCRATCH_DESIGN_2147483652.design (time 0s)
Begin building search trees for block cv32e40p_top:SCRATCH_DESIGN_2147483654.design
Done building search trees for block cv32e40p_top:SCRATCH_DESIGN_2147483654.design (time 0s)
Begin building search trees for block cv32e40p_top:SCRATCH_DESIGN_2147483655.design
Begin building search trees for block cv32e40p_top:SCRATCH_DESIGN_2147483653.design
Done building search trees for block cv32e40p_top:SCRATCH_DESIGN_2147483653.design (time 0s)
Done building search trees for block cv32e40p_top:SCRATCH_DESIGN_2147483655.design (time 0s)
Done building search trees for block cv32e40p_top:SCRATCH_DESIGN_2147483650.design (time 0s)
Begin building search trees for block cv32e40p_top:SCRATCH_DESIGN_2147483651.design
Done building search trees for block cv32e40p_top:SCRATCH_DESIGN_2147483651.design (time 0s)
Begin building search trees for block cv32e40p_top:SCRATCH_DESIGN_2147483648.design
Done building search trees for block cv32e40p_top:SCRATCH_DESIGN_2147483648.design (time 0s)
Warning: Technology layer 'M4' setting 'pitch' is not valid (NEX-001)
Warning: Technology layer 'MRDL' setting 'pitch' is not valid (NEX-001)
Warning: Parasitic Tech Library layer 'M1' parameter 'SMIN' = 0.040 does not match 0.026 of technology file (NEX-007)
Warning: Parasitic Tech Library layer 'M2' parameter 'SMIN' = 0.040 does not match 0.026 of technology file (NEX-007)
Warning: Technology layer 'M4' setting 'pitch' is not valid (NEX-001)
Warning: Technology layer 'MRDL' setting 'pitch' is not valid (NEX-001)
Warning: Technology layer 'M4' setting 'pitch' is not valid (NEX-001)
Warning: Technology layer 'MRDL' setting 'pitch' is not valid (NEX-001)
Warning: Parasitic Tech Library layer 'M3' parameter 'SMIN' = 0.040 does not match 0.026 of technology file (NEX-007)
Warning: Parasitic Tech Library layer 'M1' parameter 'SMIN' = 0.040 does not match 0.026 of technology file (NEX-007)
Warning: Parasitic Tech Library layer 'M1' parameter 'SMIN' = 0.040 does not match 0.026 of technology file (NEX-007)
Warning: Parasitic Tech Library layer 'M2' parameter 'SMIN' = 0.040 does not match 0.026 of technology file (NEX-007)
Warning: Parasitic Tech Library layer 'M2' parameter 'SMIN' = 0.040 does not match 0.026 of technology file (NEX-007)
Warning: Parasitic Tech Library layer 'M3' parameter 'SMIN' = 0.040 does not match 0.026 of technology file (NEX-007)
Warning: Parasitic Tech Library layer 'M3' parameter 'SMIN' = 0.040 does not match 0.026 of technology file (NEX-007)
Warning: Technology layer 'M4' setting 'pitch' is not valid (NEX-001)
Warning: Technology layer 'MRDL' setting 'pitch' is not valid (NEX-001)
Warning: Technology layer 'M4' setting 'pitch' is not valid (NEX-001)
Warning: Technology layer 'MRDL' setting 'pitch' is not valid (NEX-001)
Warning: Parasitic Tech Library layer 'M1' parameter 'SMIN' = 0.040 does not match 0.026 of technology file (NEX-007)
Warning: Parasitic Tech Library layer 'M1' parameter 'SMIN' = 0.040 does not match 0.026 of technology file (NEX-007)
Warning: Parasitic Tech Library layer 'M2' parameter 'SMIN' = 0.040 does not match 0.026 of technology file (NEX-007)
Warning: Parasitic Tech Library layer 'M3' parameter 'SMIN' = 0.040 does not match 0.026 of technology file (NEX-007)
Warning: Parasitic Tech Library layer 'M2' parameter 'SMIN' = 0.040 does not match 0.026 of technology file (NEX-007)
Warning: Parasitic Tech Library layer 'M3' parameter 'SMIN' = 0.040 does not match 0.026 of technology file (NEX-007)
Warning: Technology layer 'M4' setting 'pitch' is not valid (NEX-001)
Warning: Technology layer 'MRDL' setting 'pitch' is not valid (NEX-001)
Warning: Parasitic Tech Library layer 'M1' parameter 'SMIN' = 0.040 does not match 0.026 of technology file (NEX-007)
Warning: Parasitic Tech Library layer 'M2' parameter 'SMIN' = 0.040 does not match 0.026 of technology file (NEX-007)
Warning: Parasitic Tech Library layer 'M3' parameter 'SMIN' = 0.040 does not match 0.026 of technology file (NEX-007)
Warning: Technology layer 'M4' setting 'pitch' is not valid (NEX-001)
Warning: Technology layer 'MRDL' setting 'pitch' is not valid (NEX-001)
Warning: Parasitic Tech Library layer 'M1' parameter 'SMIN' = 0.040 does not match 0.026 of technology file (NEX-007)
Warning: Parasitic Tech Library layer 'M2' parameter 'SMIN' = 0.040 does not match 0.026 of technology file (NEX-007)
Warning: Technology layer 'M4' setting 'pitch' is not valid (NEX-001)
Warning: Technology layer 'MRDL' setting 'pitch' is not valid (NEX-001)
Warning: Parasitic Tech Library layer 'M3' parameter 'SMIN' = 0.040 does not match 0.026 of technology file (NEX-007)
Warning: Parasitic Tech Library layer 'M1' parameter 'SMIN' = 0.040 does not match 0.026 of technology file (NEX-007)
Warning: Parasitic Tech Library layer 'M2' parameter 'SMIN' = 0.040 does not match 0.026 of technology file (NEX-007)
Warning: Parasitic Tech Library layer 'M3' parameter 'SMIN' = 0.040 does not match 0.026 of technology file (NEX-007)
Warning: Technology layer 'M4' setting 'pitch' is not valid (NEX-001)
Warning: Technology layer 'MRDL' setting 'pitch' is not valid (NEX-001)
Warning: Technology layer 'M4' setting 'pitch' is not valid (NEX-001)
Warning: Technology layer 'MRDL' setting 'pitch' is not valid (NEX-001)
Warning: Parasitic Tech Library layer 'M1' parameter 'SMIN' = 0.040 does not match 0.026 of technology file (NEX-007)
Warning: Parasitic Tech Library layer 'M1' parameter 'SMIN' = 0.040 does not match 0.026 of technology file (NEX-007)
Warning: Parasitic Tech Library layer 'M2' parameter 'SMIN' = 0.040 does not match 0.026 of technology file (NEX-007)
Warning: Technology layer 'M4' setting 'pitch' is not valid (NEX-001)
Warning: Technology layer 'MRDL' setting 'pitch' is not valid (NEX-001)
Warning: Parasitic Tech Library layer 'M3' parameter 'SMIN' = 0.040 does not match 0.026 of technology file (NEX-007)
Warning: Parasitic Tech Library layer 'M1' parameter 'SMIN' = 0.040 does not match 0.026 of technology file (NEX-007)
Warning: Parasitic Tech Library layer 'M2' parameter 'SMIN' = 0.040 does not match 0.026 of technology file (NEX-007)
Warning: Parasitic Tech Library layer 'M3' parameter 'SMIN' = 0.040 does not match 0.026 of technology file (NEX-007)
Warning: Parasitic Tech Library layer 'M2' parameter 'SMIN' = 0.040 does not match 0.026 of technology file (NEX-007)
Warning: Parasitic Tech Library layer 'M3' parameter 'SMIN' = 0.040 does not match 0.026 of technology file (NEX-007)
Warning: Technology layer 'M4' setting 'pitch' is not valid (NEX-001)
Warning: Technology layer 'MRDL' setting 'pitch' is not valid (NEX-001)
Warning: Parasitic Tech Library layer 'M1' parameter 'SMIN' = 0.040 does not match 0.026 of technology file (NEX-007)
Warning: Parasitic Tech Library layer 'M2' parameter 'SMIN' = 0.040 does not match 0.026 of technology file (NEX-007)
Warning: Parasitic Tech Library layer 'M3' parameter 'SMIN' = 0.040 does not match 0.026 of technology file (NEX-007)
Warning: Technology layer 'M4' setting 'pitch' is not valid (NEX-001)
Warning: Technology layer 'MRDL' setting 'pitch' is not valid (NEX-001)
Warning: Technology layer 'M4' setting 'pitch' is not valid (NEX-001)
Warning: Technology layer 'MRDL' setting 'pitch' is not valid (NEX-001)
Warning: Parasitic Tech Library layer 'M1' parameter 'SMIN' = 0.040 does not match 0.026 of technology file (NEX-007)
Warning: Parasitic Tech Library layer 'M2' parameter 'SMIN' = 0.040 does not match 0.026 of technology file (NEX-007)
Warning: Parasitic Tech Library layer 'M1' parameter 'SMIN' = 0.040 does not match 0.026 of technology file (NEX-007)
Warning: Parasitic Tech Library layer 'M2' parameter 'SMIN' = 0.040 does not match 0.026 of technology file (NEX-007)
Warning: Parasitic Tech Library layer 'M3' parameter 'SMIN' = 0.040 does not match 0.026 of technology file (NEX-007)
Warning: Parasitic Tech Library layer 'M3' parameter 'SMIN' = 0.040 does not match 0.026 of technology file (NEX-007)
Warning: Technology layer 'M4' setting 'pitch' is not valid (NEX-001)
Warning: Technology layer 'MRDL' setting 'pitch' is not valid (NEX-001)
Warning: Parasitic Tech Library layer 'M1' parameter 'SMIN' = 0.040 does not match 0.026 of technology file (NEX-007)
Warning: Parasitic Tech Library layer 'M2' parameter 'SMIN' = 0.040 does not match 0.026 of technology file (NEX-007)
Warning: Parasitic Tech Library layer 'M3' parameter 'SMIN' = 0.040 does not match 0.026 of technology file (NEX-007)
Warning: Technology layer 'M4' setting 'pitch' is not valid (NEX-001)
Warning: Technology layer 'MRDL' setting 'pitch' is not valid (NEX-001)
Warning: Parasitic Tech Library layer 'M1' parameter 'SMIN' = 0.040 does not match 0.026 of technology file (NEX-007)
Warning: Parasitic Tech Library layer 'M2' parameter 'SMIN' = 0.040 does not match 0.026 of technology file (NEX-007)
Warning: Parasitic Tech Library layer 'M3' parameter 'SMIN' = 0.040 does not match 0.026 of technology file (NEX-007)
Warning: Technology layer 'M4' setting 'pitch' is not valid (NEX-001)
Warning: Technology layer 'MRDL' setting 'pitch' is not valid (NEX-001)
Warning: Parasitic Tech Library layer 'M1' parameter 'SMIN' = 0.040 does not match 0.026 of technology file (NEX-007)
Warning: Parasitic Tech Library layer 'M2' parameter 'SMIN' = 0.040 does not match 0.026 of technology file (NEX-007)
Warning: Parasitic Tech Library layer 'M3' parameter 'SMIN' = 0.040 does not match 0.026 of technology file (NEX-007)
Warning: Technology layer 'M4' setting 'pitch' is not valid (NEX-001)
Warning: Technology layer 'MRDL' setting 'pitch' is not valid (NEX-001)
Warning: Parasitic Tech Library layer 'M1' parameter 'SMIN' = 0.040 does not match 0.026 of technology file (NEX-007)
Warning: Parasitic Tech Library layer 'M2' parameter 'SMIN' = 0.040 does not match 0.026 of technology file (NEX-007)
Warning: Parasitic Tech Library layer 'M3' parameter 'SMIN' = 0.040 does not match 0.026 of technology file (NEX-007)
Warning: Technology layer 'M4' setting 'pitch' is not valid (NEX-001)
Warning: Technology layer 'MRDL' setting 'pitch' is not valid (NEX-001)
Warning: Parasitic Tech Library layer 'M1' parameter 'SMIN' = 0.040 does not match 0.026 of technology file (NEX-007)
Warning: Parasitic Tech Library layer 'M2' parameter 'SMIN' = 0.040 does not match 0.026 of technology file (NEX-007)
Warning: Parasitic Tech Library layer 'M3' parameter 'SMIN' = 0.040 does not match 0.026 of technology file (NEX-007)
Warning: Technology layer 'M4' setting 'pitch' is not valid (NEX-001)
Warning: Technology layer 'MRDL' setting 'pitch' is not valid (NEX-001)
Warning: Parasitic Tech Library layer 'M1' parameter 'SMIN' = 0.040 does not match 0.026 of technology file (NEX-007)
Warning: Parasitic Tech Library layer 'M2' parameter 'SMIN' = 0.040 does not match 0.026 of technology file (NEX-007)
Warning: Parasitic Tech Library layer 'M3' parameter 'SMIN' = 0.040 does not match 0.026 of technology file (NEX-007)
Warning: Technology layer 'M4' setting 'pitch' is not valid (NEX-001)
Warning: Technology layer 'MRDL' setting 'pitch' is not valid (NEX-001)
Warning: Parasitic Tech Library layer 'M1' parameter 'SMIN' = 0.040 does not match 0.026 of technology file (NEX-007)
Warning: Parasitic Tech Library layer 'M2' parameter 'SMIN' = 0.040 does not match 0.026 of technology file (NEX-007)
Warning: Parasitic Tech Library layer 'M3' parameter 'SMIN' = 0.040 does not match 0.026 of technology file (NEX-007)
Warning: Technology layer 'M4' setting 'pitch' is not valid (NEX-001)
Warning: Technology layer 'MRDL' setting 'pitch' is not valid (NEX-001)
Warning: Parasitic Tech Library layer 'M1' parameter 'SMIN' = 0.040 does not match 0.026 of technology file (NEX-007)
Warning: Parasitic Tech Library layer 'M2' parameter 'SMIN' = 0.040 does not match 0.026 of technology file (NEX-007)
Warning: Parasitic Tech Library layer 'M3' parameter 'SMIN' = 0.040 does not match 0.026 of technology file (NEX-007)
Warning: Technology layer 'M4' setting 'pitch' is not valid (NEX-001)
Warning: Technology layer 'MRDL' setting 'pitch' is not valid (NEX-001)
Warning: Parasitic Tech Library layer 'M1' parameter 'SMIN' = 0.040 does not match 0.026 of technology file (NEX-007)
Warning: Parasitic Tech Library layer 'M2' parameter 'SMIN' = 0.040 does not match 0.026 of technology file (NEX-007)
Warning: Parasitic Tech Library layer 'M3' parameter 'SMIN' = 0.040 does not match 0.026 of technology file (NEX-007)
Warning: Technology layer 'M4' setting 'pitch' is not valid (NEX-001)
Warning: Technology layer 'MRDL' setting 'pitch' is not valid (NEX-001)
Warning: Parasitic Tech Library layer 'M1' parameter 'SMIN' = 0.040 does not match 0.026 of technology file (NEX-007)
Warning: Parasitic Tech Library layer 'M2' parameter 'SMIN' = 0.040 does not match 0.026 of technology file (NEX-007)
Warning: Parasitic Tech Library layer 'M3' parameter 'SMIN' = 0.040 does not match 0.026 of technology file (NEX-007)
Warning: Technology layer 'M4' setting 'pitch' is not valid (NEX-001)
Warning: Technology layer 'MRDL' setting 'pitch' is not valid (NEX-001)
Warning: Parasitic Tech Library layer 'M1' parameter 'SMIN' = 0.040 does not match 0.026 of technology file (NEX-007)
Warning: Parasitic Tech Library layer 'M2' parameter 'SMIN' = 0.040 does not match 0.026 of technology file (NEX-007)
Warning: Parasitic Tech Library layer 'M3' parameter 'SMIN' = 0.040 does not match 0.026 of technology file (NEX-007)
Warning: Technology layer 'M4' setting 'pitch' is not valid (NEX-001)
Warning: Technology layer 'MRDL' setting 'pitch' is not valid (NEX-001)
Warning: Parasitic Tech Library layer 'M1' parameter 'SMIN' = 0.040 does not match 0.026 of technology file (NEX-007)
Warning: Parasitic Tech Library layer 'M2' parameter 'SMIN' = 0.040 does not match 0.026 of technology file (NEX-007)
Warning: Parasitic Tech Library layer 'M3' parameter 'SMIN' = 0.040 does not match 0.026 of technology file (NEX-007)
Warning: Parasitic Tech Library layer 'M8' parameter 'WMIN' = 0.030 does not match 0.060 of technology file (NEX-007)
Warning: Parasitic Tech Library layer 'M8' parameter 'SMIN' = 0.060 does not match 0.040 of technology file (NEX-007)
Warning: Technology layer 'M4' setting 'pitch' is not valid (NEX-001)
Warning: Technology layer 'MRDL' setting 'pitch' is not valid (NEX-001)
Warning: Parasitic Tech Library layer 'M1' parameter 'SMIN' = 0.040 does not match 0.026 of technology file (NEX-007)
Warning: Parasitic Tech Library layer 'M2' parameter 'SMIN' = 0.040 does not match 0.026 of technology file (NEX-007)
Warning: Parasitic Tech Library layer 'M3' parameter 'SMIN' = 0.040 does not match 0.026 of technology file (NEX-007)
Warning: Technology layer 'M4' setting 'pitch' is not valid (NEX-001)
Warning: Technology layer 'MRDL' setting 'pitch' is not valid (NEX-001)
Warning: Parasitic Tech Library layer 'M1' parameter 'SMIN' = 0.040 does not match 0.026 of technology file (NEX-007)
Warning: Parasitic Tech Library layer 'M2' parameter 'SMIN' = 0.040 does not match 0.026 of technology file (NEX-007)
Warning: Parasitic Tech Library layer 'M3' parameter 'SMIN' = 0.040 does not match 0.026 of technology file (NEX-007)
Warning: Parasitic Tech Library layer 'M8' parameter 'WMIN' = 0.030 does not match 0.060 of technology file (NEX-007)
Warning: Parasitic Tech Library layer 'M8' parameter 'SMIN' = 0.060 does not match 0.040 of technology file (NEX-007)
Warning: Technology layer 'M4' setting 'pitch' is not valid (NEX-001)
Warning: Technology layer 'MRDL' setting 'pitch' is not valid (NEX-001)
Warning: Parasitic Tech Library layer 'M1' parameter 'SMIN' = 0.040 does not match 0.026 of technology file (NEX-007)
Warning: Parasitic Tech Library layer 'M2' parameter 'SMIN' = 0.040 does not match 0.026 of technology file (NEX-007)
Warning: Parasitic Tech Library layer 'M3' parameter 'SMIN' = 0.040 does not match 0.026 of technology file (NEX-007)
Warning: Technology layer 'M4' setting 'pitch' is not valid (NEX-001)
Warning: Technology layer 'MRDL' setting 'pitch' is not valid (NEX-001)
Warning: Parasitic Tech Library layer 'M1' parameter 'SMIN' = 0.040 does not match 0.026 of technology file (NEX-007)
Warning: Parasitic Tech Library layer 'M2' parameter 'SMIN' = 0.040 does not match 0.026 of technology file (NEX-007)
Warning: Parasitic Tech Library layer 'M3' parameter 'SMIN' = 0.040 does not match 0.026 of technology file (NEX-007)
Warning: Parasitic Tech Library layer 'M8' parameter 'WMIN' = 0.030 does not match 0.060 of technology file (NEX-007)
Warning: Parasitic Tech Library layer 'M8' parameter 'SMIN' = 0.060 does not match 0.040 of technology file (NEX-007)
Warning: Technology layer 'M4' setting 'pitch' is not valid (NEX-001)
Warning: Technology layer 'MRDL' setting 'pitch' is not valid (NEX-001)
Warning: Parasitic Tech Library layer 'M1' parameter 'SMIN' = 0.040 does not match 0.026 of technology file (NEX-007)
Warning: Parasitic Tech Library layer 'M2' parameter 'SMIN' = 0.040 does not match 0.026 of technology file (NEX-007)
Warning: Parasitic Tech Library layer 'M3' parameter 'SMIN' = 0.040 does not match 0.026 of technology file (NEX-007)
Warning: Technology layer 'M4' setting 'pitch' is not valid (NEX-001)
Warning: Technology layer 'MRDL' setting 'pitch' is not valid (NEX-001)
Warning: Parasitic Tech Library layer 'M1' parameter 'SMIN' = 0.040 does not match 0.026 of technology file (NEX-007)
Warning: Parasitic Tech Library layer 'M2' parameter 'SMIN' = 0.040 does not match 0.026 of technology file (NEX-007)
Warning: Parasitic Tech Library layer 'M3' parameter 'SMIN' = 0.040 does not match 0.026 of technology file (NEX-007)
Warning: Parasitic Tech Library layer 'M8' parameter 'WMIN' = 0.030 does not match 0.060 of technology file (NEX-007)
Warning: Parasitic Tech Library layer 'M8' parameter 'SMIN' = 0.060 does not match 0.040 of technology file (NEX-007)
Warning: Technology layer 'M4' setting 'pitch' is not valid (NEX-001)
Warning: Technology layer 'MRDL' setting 'pitch' is not valid (NEX-001)
Warning: Parasitic Tech Library layer 'M1' parameter 'SMIN' = 0.040 does not match 0.026 of technology file (NEX-007)
Warning: Parasitic Tech Library layer 'M2' parameter 'SMIN' = 0.040 does not match 0.026 of technology file (NEX-007)
Warning: Parasitic Tech Library layer 'M3' parameter 'SMIN' = 0.040 does not match 0.026 of technology file (NEX-007)
Warning: Technology layer 'M4' setting 'pitch' is not valid (NEX-001)
Warning: Technology layer 'MRDL' setting 'pitch' is not valid (NEX-001)
Warning: Parasitic Tech Library layer 'M1' parameter 'SMIN' = 0.040 does not match 0.026 of technology file (NEX-007)
Warning: Parasitic Tech Library layer 'M2' parameter 'SMIN' = 0.040 does not match 0.026 of technology file (NEX-007)
Warning: Parasitic Tech Library layer 'M3' parameter 'SMIN' = 0.040 does not match 0.026 of technology file (NEX-007)
Warning: Parasitic Tech Library layer 'M8' parameter 'WMIN' = 0.030 does not match 0.060 of technology file (NEX-007)
Warning: Parasitic Tech Library layer 'M8' parameter 'SMIN' = 0.060 does not match 0.040 of technology file (NEX-007)
Warning: Technology layer 'M4' setting 'pitch' is not valid (NEX-001)
Warning: Technology layer 'MRDL' setting 'pitch' is not valid (NEX-001)
Warning: Parasitic Tech Library layer 'M1' parameter 'SMIN' = 0.040 does not match 0.026 of technology file (NEX-007)
Warning: Parasitic Tech Library layer 'M2' parameter 'SMIN' = 0.040 does not match 0.026 of technology file (NEX-007)
Warning: Parasitic Tech Library layer 'M3' parameter 'SMIN' = 0.040 does not match 0.026 of technology file (NEX-007)
Warning: Technology layer 'M4' setting 'pitch' is not valid (NEX-001)
Warning: Technology layer 'MRDL' setting 'pitch' is not valid (NEX-001)
Warning: Parasitic Tech Library layer 'M1' parameter 'SMIN' = 0.040 does not match 0.026 of technology file (NEX-007)
Warning: Parasitic Tech Library layer 'M2' parameter 'SMIN' = 0.040 does not match 0.026 of technology file (NEX-007)
Warning: Parasitic Tech Library layer 'M3' parameter 'SMIN' = 0.040 does not match 0.026 of technology file (NEX-007)
Warning: Parasitic Tech Library layer 'M8' parameter 'WMIN' = 0.030 does not match 0.060 of technology file (NEX-007)
Warning: Parasitic Tech Library layer 'M8' parameter 'SMIN' = 0.060 does not match 0.040 of technology file (NEX-007)
Warning: Technology layer 'M4' setting 'pitch' is not valid (NEX-001)
Warning: Technology layer 'MRDL' setting 'pitch' is not valid (NEX-001)
Warning: Parasitic Tech Library layer 'M1' parameter 'SMIN' = 0.040 does not match 0.026 of technology file (NEX-007)
Warning: Parasitic Tech Library layer 'M2' parameter 'SMIN' = 0.040 does not match 0.026 of technology file (NEX-007)
Warning: Parasitic Tech Library layer 'M3' parameter 'SMIN' = 0.040 does not match 0.026 of technology file (NEX-007)
Warning: Technology layer 'M4' setting 'pitch' is not valid (NEX-001)
Warning: Technology layer 'MRDL' setting 'pitch' is not valid (NEX-001)
Warning: Parasitic Tech Library layer 'M1' parameter 'SMIN' = 0.040 does not match 0.026 of technology file (NEX-007)
Warning: Parasitic Tech Library layer 'M2' parameter 'SMIN' = 0.040 does not match 0.026 of technology file (NEX-007)
Warning: Parasitic Tech Library layer 'M3' parameter 'SMIN' = 0.040 does not match 0.026 of technology file (NEX-007)
Warning: Parasitic Tech Library layer 'M8' parameter 'WMIN' = 0.030 does not match 0.060 of technology file (NEX-007)
Warning: Parasitic Tech Library layer 'M8' parameter 'SMIN' = 0.060 does not match 0.040 of technology file (NEX-007)
Warning: Technology layer 'M4' setting 'pitch' is not valid (NEX-001)
Warning: Technology layer 'MRDL' setting 'pitch' is not valid (NEX-001)
Warning: Parasitic Tech Library layer 'M1' parameter 'SMIN' = 0.040 does not match 0.026 of technology file (NEX-007)
Warning: Parasitic Tech Library layer 'M2' parameter 'SMIN' = 0.040 does not match 0.026 of technology file (NEX-007)
Warning: Parasitic Tech Library layer 'M3' parameter 'SMIN' = 0.040 does not match 0.026 of technology file (NEX-007)
Warning: Technology layer 'M4' setting 'pitch' is not valid (NEX-001)
Warning: Technology layer 'MRDL' setting 'pitch' is not valid (NEX-001)
Warning: Parasitic Tech Library layer 'M1' parameter 'SMIN' = 0.040 does not match 0.026 of technology file (NEX-007)
Warning: Parasitic Tech Library layer 'M2' parameter 'SMIN' = 0.040 does not match 0.026 of technology file (NEX-007)
Warning: Parasitic Tech Library layer 'M3' parameter 'SMIN' = 0.040 does not match 0.026 of technology file (NEX-007)
Warning: Parasitic Tech Library layer 'M8' parameter 'WMIN' = 0.030 does not match 0.060 of technology file (NEX-007)
Warning: Parasitic Tech Library layer 'M8' parameter 'SMIN' = 0.060 does not match 0.040 of technology file (NEX-007)
ORB: timingScenario func_slow_Cmax timingCorner slow_Cmax
INFO: No leakage and power scenarios. Using regular scenarios instead.
INFO: No active leakage scenarios. Leakage will be turned off
Warning: Technology layer 'M4' setting 'pitch' is not valid (NEX-001)
Warning: Technology layer 'MRDL' setting 'pitch' is not valid (NEX-001)
Warning: Parasitic Tech Library layer 'M1' parameter 'SMIN' = 0.040 does not match 0.026 of technology file (NEX-007)
Warning: Parasitic Tech Library layer 'M2' parameter 'SMIN' = 0.040 does not match 0.026 of technology file (NEX-007)
Warning: Parasitic Tech Library layer 'M3' parameter 'SMIN' = 0.040 does not match 0.026 of technology file (NEX-007)
ORB: Nominal = 0.007553  Design MT = inf  Target = 0.054855 (7.263 nominal)  MaxRC = 0.035405
Warning: Technology layer 'M4' setting 'pitch' is not valid (NEX-001)
Warning: Technology layer 'MRDL' setting 'pitch' is not valid (NEX-001)
Warning: Parasitic Tech Library layer 'M1' parameter 'SMIN' = 0.040 does not match 0.026 of technology file (NEX-007)
Warning: Parasitic Tech Library layer 'M2' parameter 'SMIN' = 0.040 does not match 0.026 of technology file (NEX-007)
Warning: Parasitic Tech Library layer 'M3' parameter 'SMIN' = 0.040 does not match 0.026 of technology file (NEX-007)
Warning: Technology layer 'M4' setting 'pitch' is not valid (NEX-001)
Warning: Technology layer 'MRDL' setting 'pitch' is not valid (NEX-001)
Warning: Parasitic Tech Library layer 'M1' parameter 'SMIN' = 0.040 does not match 0.026 of technology file (NEX-007)
Warning: Parasitic Tech Library layer 'M2' parameter 'SMIN' = 0.040 does not match 0.026 of technology file (NEX-007)
Warning: Parasitic Tech Library layer 'M3' parameter 'SMIN' = 0.040 does not match 0.026 of technology file (NEX-007)
Warning: Technology layer 'M4' setting 'pitch' is not valid (NEX-001)
Warning: Technology layer 'MRDL' setting 'pitch' is not valid (NEX-001)
Warning: Parasitic Tech Library layer 'M1' parameter 'SMIN' = 0.040 does not match 0.026 of technology file (NEX-007)
Warning: Parasitic Tech Library layer 'M2' parameter 'SMIN' = 0.040 does not match 0.026 of technology file (NEX-007)
Warning: Parasitic Tech Library layer 'M3' parameter 'SMIN' = 0.040 does not match 0.026 of technology file (NEX-007)
Warning: Parasitic Tech Library layer 'M8' parameter 'WMIN' = 0.030 does not match 0.060 of technology file (NEX-007)
Warning: Parasitic Tech Library layer 'M8' parameter 'SMIN' = 0.060 does not match 0.040 of technology file (NEX-007)
Warning: Technology layer 'M4' setting 'pitch' is not valid (NEX-001)
Warning: Technology layer 'MRDL' setting 'pitch' is not valid (NEX-001)
Warning: Parasitic Tech Library layer 'M1' parameter 'SMIN' = 0.040 does not match 0.026 of technology file (NEX-007)
Warning: Parasitic Tech Library layer 'M2' parameter 'SMIN' = 0.040 does not match 0.026 of technology file (NEX-007)
Warning: Parasitic Tech Library layer 'M3' parameter 'SMIN' = 0.040 does not match 0.026 of technology file (NEX-007)
Warning: Technology layer 'M4' setting 'pitch' is not valid (NEX-001)
Warning: Technology layer 'MRDL' setting 'pitch' is not valid (NEX-001)
Warning: Parasitic Tech Library layer 'M1' parameter 'SMIN' = 0.040 does not match 0.026 of technology file (NEX-007)
Warning: Parasitic Tech Library layer 'M2' parameter 'SMIN' = 0.040 does not match 0.026 of technology file (NEX-007)
Warning: Parasitic Tech Library layer 'M3' parameter 'SMIN' = 0.040 does not match 0.026 of technology file (NEX-007)
Warning: Parasitic Tech Library layer 'M8' parameter 'WMIN' = 0.030 does not match 0.060 of technology file (NEX-007)
Warning: Parasitic Tech Library layer 'M8' parameter 'SMIN' = 0.060 does not match 0.040 of technology file (NEX-007)
Warning: Technology layer 'M4' setting 'pitch' is not valid (NEX-001)
Warning: Technology layer 'MRDL' setting 'pitch' is not valid (NEX-001)
Warning: Parasitic Tech Library layer 'M1' parameter 'SMIN' = 0.040 does not match 0.026 of technology file (NEX-007)
Warning: Parasitic Tech Library layer 'M2' parameter 'SMIN' = 0.040 does not match 0.026 of technology file (NEX-007)
Warning: Parasitic Tech Library layer 'M3' parameter 'SMIN' = 0.040 does not match 0.026 of technology file (NEX-007)
Warning: Technology layer 'M4' setting 'pitch' is not valid (NEX-001)
Warning: Technology layer 'MRDL' setting 'pitch' is not valid (NEX-001)
Warning: Parasitic Tech Library layer 'M1' parameter 'SMIN' = 0.040 does not match 0.026 of technology file (NEX-007)
Warning: Parasitic Tech Library layer 'M2' parameter 'SMIN' = 0.040 does not match 0.026 of technology file (NEX-007)
Warning: Parasitic Tech Library layer 'M3' parameter 'SMIN' = 0.040 does not match 0.026 of technology file (NEX-007)
Warning: Parasitic Tech Library layer 'M8' parameter 'WMIN' = 0.030 does not match 0.060 of technology file (NEX-007)
Warning: Parasitic Tech Library layer 'M8' parameter 'SMIN' = 0.060 does not match 0.040 of technology file (NEX-007)
Warning: Technology layer 'M4' setting 'pitch' is not valid (NEX-001)
Warning: Technology layer 'MRDL' setting 'pitch' is not valid (NEX-001)
Warning: Parasitic Tech Library layer 'M1' parameter 'SMIN' = 0.040 does not match 0.026 of technology file (NEX-007)
Warning: Parasitic Tech Library layer 'M2' parameter 'SMIN' = 0.040 does not match 0.026 of technology file (NEX-007)
Warning: Parasitic Tech Library layer 'M3' parameter 'SMIN' = 0.040 does not match 0.026 of technology file (NEX-007)
Warning: Technology layer 'M4' setting 'pitch' is not valid (NEX-001)
Warning: Technology layer 'MRDL' setting 'pitch' is not valid (NEX-001)
Warning: Parasitic Tech Library layer 'M1' parameter 'SMIN' = 0.040 does not match 0.026 of technology file (NEX-007)
Warning: Parasitic Tech Library layer 'M2' parameter 'SMIN' = 0.040 does not match 0.026 of technology file (NEX-007)
Warning: Parasitic Tech Library layer 'M3' parameter 'SMIN' = 0.040 does not match 0.026 of technology file (NEX-007)
Warning: Parasitic Tech Library layer 'M8' parameter 'WMIN' = 0.030 does not match 0.060 of technology file (NEX-007)
Warning: Parasitic Tech Library layer 'M8' parameter 'SMIN' = 0.060 does not match 0.040 of technology file (NEX-007)
Warning: Technology layer 'M4' setting 'pitch' is not valid (NEX-001)
Warning: Technology layer 'MRDL' setting 'pitch' is not valid (NEX-001)
Warning: Parasitic Tech Library layer 'M1' parameter 'SMIN' = 0.040 does not match 0.026 of technology file (NEX-007)
Warning: Parasitic Tech Library layer 'M2' parameter 'SMIN' = 0.040 does not match 0.026 of technology file (NEX-007)
Warning: Parasitic Tech Library layer 'M3' parameter 'SMIN' = 0.040 does not match 0.026 of technology file (NEX-007)
Warning: Technology layer 'M4' setting 'pitch' is not valid (NEX-001)
Warning: Technology layer 'MRDL' setting 'pitch' is not valid (NEX-001)
Warning: Parasitic Tech Library layer 'M1' parameter 'SMIN' = 0.040 does not match 0.026 of technology file (NEX-007)
Warning: Parasitic Tech Library layer 'M2' parameter 'SMIN' = 0.040 does not match 0.026 of technology file (NEX-007)
Warning: Parasitic Tech Library layer 'M3' parameter 'SMIN' = 0.040 does not match 0.026 of technology file (NEX-007)
Warning: Parasitic Tech Library layer 'M8' parameter 'WMIN' = 0.030 does not match 0.060 of technology file (NEX-007)
Warning: Parasitic Tech Library layer 'M8' parameter 'SMIN' = 0.060 does not match 0.040 of technology file (NEX-007)
Warning: Technology layer 'M4' setting 'pitch' is not valid (NEX-001)
Warning: Technology layer 'MRDL' setting 'pitch' is not valid (NEX-001)
Warning: Parasitic Tech Library layer 'M1' parameter 'SMIN' = 0.040 does not match 0.026 of technology file (NEX-007)
Warning: Parasitic Tech Library layer 'M2' parameter 'SMIN' = 0.040 does not match 0.026 of technology file (NEX-007)
Warning: Parasitic Tech Library layer 'M3' parameter 'SMIN' = 0.040 does not match 0.026 of technology file (NEX-007)
Warning: Technology layer 'M4' setting 'pitch' is not valid (NEX-001)
Warning: Technology layer 'MRDL' setting 'pitch' is not valid (NEX-001)
Warning: Parasitic Tech Library layer 'M1' parameter 'SMIN' = 0.040 does not match 0.026 of technology file (NEX-007)
Warning: Parasitic Tech Library layer 'M2' parameter 'SMIN' = 0.040 does not match 0.026 of technology file (NEX-007)
Warning: Parasitic Tech Library layer 'M3' parameter 'SMIN' = 0.040 does not match 0.026 of technology file (NEX-007)
Warning: Parasitic Tech Library layer 'M8' parameter 'WMIN' = 0.030 does not match 0.060 of technology file (NEX-007)
Warning: Parasitic Tech Library layer 'M8' parameter 'SMIN' = 0.060 does not match 0.040 of technology file (NEX-007)
Warning: Technology layer 'M4' setting 'pitch' is not valid (NEX-001)
Warning: Technology layer 'MRDL' setting 'pitch' is not valid (NEX-001)
Warning: Parasitic Tech Library layer 'M1' parameter 'SMIN' = 0.040 does not match 0.026 of technology file (NEX-007)
Warning: Parasitic Tech Library layer 'M2' parameter 'SMIN' = 0.040 does not match 0.026 of technology file (NEX-007)
Warning: Parasitic Tech Library layer 'M3' parameter 'SMIN' = 0.040 does not match 0.026 of technology file (NEX-007)
Warning: Technology layer 'M4' setting 'pitch' is not valid (NEX-001)
Warning: Technology layer 'MRDL' setting 'pitch' is not valid (NEX-001)
Warning: Parasitic Tech Library layer 'M1' parameter 'SMIN' = 0.040 does not match 0.026 of technology file (NEX-007)
Warning: Parasitic Tech Library layer 'M2' parameter 'SMIN' = 0.040 does not match 0.026 of technology file (NEX-007)
Warning: Parasitic Tech Library layer 'M3' parameter 'SMIN' = 0.040 does not match 0.026 of technology file (NEX-007)
Warning: Parasitic Tech Library layer 'M8' parameter 'WMIN' = 0.030 does not match 0.060 of technology file (NEX-007)
Warning: Parasitic Tech Library layer 'M8' parameter 'SMIN' = 0.060 does not match 0.040 of technology file (NEX-007)
Warning: Technology layer 'M4' setting 'pitch' is not valid (NEX-001)
Warning: Technology layer 'MRDL' setting 'pitch' is not valid (NEX-001)
Warning: Parasitic Tech Library layer 'M1' parameter 'SMIN' = 0.040 does not match 0.026 of technology file (NEX-007)
Warning: Parasitic Tech Library layer 'M2' parameter 'SMIN' = 0.040 does not match 0.026 of technology file (NEX-007)
Warning: Parasitic Tech Library layer 'M3' parameter 'SMIN' = 0.040 does not match 0.026 of technology file (NEX-007)
Warning: Technology layer 'M4' setting 'pitch' is not valid (NEX-001)
Warning: Technology layer 'MRDL' setting 'pitch' is not valid (NEX-001)
Warning: Parasitic Tech Library layer 'M1' parameter 'SMIN' = 0.040 does not match 0.026 of technology file (NEX-007)
Warning: Parasitic Tech Library layer 'M2' parameter 'SMIN' = 0.040 does not match 0.026 of technology file (NEX-007)
Warning: Parasitic Tech Library layer 'M3' parameter 'SMIN' = 0.040 does not match 0.026 of technology file (NEX-007)
Warning: Parasitic Tech Library layer 'M8' parameter 'WMIN' = 0.030 does not match 0.060 of technology file (NEX-007)
Warning: Parasitic Tech Library layer 'M8' parameter 'SMIN' = 0.060 does not match 0.040 of technology file (NEX-007)
ORB: timingScenario func_slow_Cmax timingCorner slow_Cmax
INFO: No leakage and power scenarios. Using regular scenarios instead.
INFO: No active leakage scenarios. Leakage will be turned off
Warning: Technology layer 'M4' setting 'pitch' is not valid (NEX-001)
Warning: Technology layer 'MRDL' setting 'pitch' is not valid (NEX-001)
Warning: Parasitic Tech Library layer 'M1' parameter 'SMIN' = 0.040 does not match 0.026 of technology file (NEX-007)
Warning: Parasitic Tech Library layer 'M2' parameter 'SMIN' = 0.040 does not match 0.026 of technology file (NEX-007)
Warning: Parasitic Tech Library layer 'M3' parameter 'SMIN' = 0.040 does not match 0.026 of technology file (NEX-007)
ORB: Nominal = 0.007553  Design MT = inf  Target = 0.054855 (7.263 nominal)  MaxRC = 0.035405
Warning: Technology layer 'M4' setting 'pitch' is not valid (NEX-001)
Warning: Technology layer 'MRDL' setting 'pitch' is not valid (NEX-001)
Warning: Parasitic Tech Library layer 'M1' parameter 'SMIN' = 0.040 does not match 0.026 of technology file (NEX-007)
Warning: Parasitic Tech Library layer 'M2' parameter 'SMIN' = 0.040 does not match 0.026 of technology file (NEX-007)
Warning: Parasitic Tech Library layer 'M3' parameter 'SMIN' = 0.040 does not match 0.026 of technology file (NEX-007)
Warning: Technology layer 'M4' setting 'pitch' is not valid (NEX-001)
Warning: Technology layer 'MRDL' setting 'pitch' is not valid (NEX-001)
Warning: Parasitic Tech Library layer 'M1' parameter 'SMIN' = 0.040 does not match 0.026 of technology file (NEX-007)
Warning: Parasitic Tech Library layer 'M2' parameter 'SMIN' = 0.040 does not match 0.026 of technology file (NEX-007)
Warning: Parasitic Tech Library layer 'M3' parameter 'SMIN' = 0.040 does not match 0.026 of technology file (NEX-007)
Warning: Parasitic Tech Library layer 'M8' parameter 'WMIN' = 0.030 does not match 0.060 of technology file (NEX-007)
Warning: Parasitic Tech Library layer 'M8' parameter 'SMIN' = 0.060 does not match 0.040 of technology file (NEX-007)
Warning: Technology layer 'M4' setting 'pitch' is not valid (NEX-001)
Warning: Technology layer 'MRDL' setting 'pitch' is not valid (NEX-001)
Warning: Parasitic Tech Library layer 'M1' parameter 'SMIN' = 0.040 does not match 0.026 of technology file (NEX-007)
Warning: Parasitic Tech Library layer 'M2' parameter 'SMIN' = 0.040 does not match 0.026 of technology file (NEX-007)
Warning: Parasitic Tech Library layer 'M3' parameter 'SMIN' = 0.040 does not match 0.026 of technology file (NEX-007)
Warning: Technology layer 'M4' setting 'pitch' is not valid (NEX-001)
Warning: Technology layer 'MRDL' setting 'pitch' is not valid (NEX-001)
Warning: Parasitic Tech Library layer 'M1' parameter 'SMIN' = 0.040 does not match 0.026 of technology file (NEX-007)
Warning: Parasitic Tech Library layer 'M2' parameter 'SMIN' = 0.040 does not match 0.026 of technology file (NEX-007)
Warning: Parasitic Tech Library layer 'M3' parameter 'SMIN' = 0.040 does not match 0.026 of technology file (NEX-007)
Warning: Parasitic Tech Library layer 'M8' parameter 'WMIN' = 0.030 does not match 0.060 of technology file (NEX-007)
Warning: Parasitic Tech Library layer 'M8' parameter 'SMIN' = 0.060 does not match 0.040 of technology file (NEX-007)
Warning: Technology layer 'M4' setting 'pitch' is not valid (NEX-001)
Warning: Technology layer 'MRDL' setting 'pitch' is not valid (NEX-001)
Warning: Parasitic Tech Library layer 'M1' parameter 'SMIN' = 0.040 does not match 0.026 of technology file (NEX-007)
Warning: Parasitic Tech Library layer 'M2' parameter 'SMIN' = 0.040 does not match 0.026 of technology file (NEX-007)
Warning: Parasitic Tech Library layer 'M3' parameter 'SMIN' = 0.040 does not match 0.026 of technology file (NEX-007)
Warning: Technology layer 'M4' setting 'pitch' is not valid (NEX-001)
Warning: Technology layer 'MRDL' setting 'pitch' is not valid (NEX-001)
Warning: Parasitic Tech Library layer 'M1' parameter 'SMIN' = 0.040 does not match 0.026 of technology file (NEX-007)
Warning: Parasitic Tech Library layer 'M2' parameter 'SMIN' = 0.040 does not match 0.026 of technology file (NEX-007)
Warning: Parasitic Tech Library layer 'M3' parameter 'SMIN' = 0.040 does not match 0.026 of technology file (NEX-007)
Warning: Parasitic Tech Library layer 'M8' parameter 'WMIN' = 0.030 does not match 0.060 of technology file (NEX-007)
Warning: Parasitic Tech Library layer 'M8' parameter 'SMIN' = 0.060 does not match 0.040 of technology file (NEX-007)
Warning: Technology layer 'M4' setting 'pitch' is not valid (NEX-001)
Warning: Technology layer 'MRDL' setting 'pitch' is not valid (NEX-001)
Warning: Parasitic Tech Library layer 'M1' parameter 'SMIN' = 0.040 does not match 0.026 of technology file (NEX-007)
Warning: Parasitic Tech Library layer 'M2' parameter 'SMIN' = 0.040 does not match 0.026 of technology file (NEX-007)
Warning: Parasitic Tech Library layer 'M3' parameter 'SMIN' = 0.040 does not match 0.026 of technology file (NEX-007)
Warning: Technology layer 'M4' setting 'pitch' is not valid (NEX-001)
Warning: Technology layer 'MRDL' setting 'pitch' is not valid (NEX-001)
Warning: Parasitic Tech Library layer 'M1' parameter 'SMIN' = 0.040 does not match 0.026 of technology file (NEX-007)
Warning: Parasitic Tech Library layer 'M2' parameter 'SMIN' = 0.040 does not match 0.026 of technology file (NEX-007)
Warning: Parasitic Tech Library layer 'M3' parameter 'SMIN' = 0.040 does not match 0.026 of technology file (NEX-007)
Warning: Parasitic Tech Library layer 'M8' parameter 'WMIN' = 0.030 does not match 0.060 of technology file (NEX-007)
Warning: Parasitic Tech Library layer 'M8' parameter 'SMIN' = 0.060 does not match 0.040 of technology file (NEX-007)
Warning: Technology layer 'M4' setting 'pitch' is not valid (NEX-001)
Warning: Technology layer 'MRDL' setting 'pitch' is not valid (NEX-001)
Warning: Parasitic Tech Library layer 'M1' parameter 'SMIN' = 0.040 does not match 0.026 of technology file (NEX-007)
Warning: Parasitic Tech Library layer 'M2' parameter 'SMIN' = 0.040 does not match 0.026 of technology file (NEX-007)
Warning: Parasitic Tech Library layer 'M3' parameter 'SMIN' = 0.040 does not match 0.026 of technology file (NEX-007)
Warning: Technology layer 'M4' setting 'pitch' is not valid (NEX-001)
Warning: Technology layer 'MRDL' setting 'pitch' is not valid (NEX-001)
Warning: Parasitic Tech Library layer 'M1' parameter 'SMIN' = 0.040 does not match 0.026 of technology file (NEX-007)
Warning: Parasitic Tech Library layer 'M2' parameter 'SMIN' = 0.040 does not match 0.026 of technology file (NEX-007)
Warning: Parasitic Tech Library layer 'M3' parameter 'SMIN' = 0.040 does not match 0.026 of technology file (NEX-007)
Warning: Parasitic Tech Library layer 'M8' parameter 'WMIN' = 0.030 does not match 0.060 of technology file (NEX-007)
Warning: Parasitic Tech Library layer 'M8' parameter 'SMIN' = 0.060 does not match 0.040 of technology file (NEX-007)
Warning: Technology layer 'M4' setting 'pitch' is not valid (NEX-001)
Warning: Technology layer 'MRDL' setting 'pitch' is not valid (NEX-001)
Warning: Parasitic Tech Library layer 'M1' parameter 'SMIN' = 0.040 does not match 0.026 of technology file (NEX-007)
Warning: Parasitic Tech Library layer 'M2' parameter 'SMIN' = 0.040 does not match 0.026 of technology file (NEX-007)
Warning: Parasitic Tech Library layer 'M3' parameter 'SMIN' = 0.040 does not match 0.026 of technology file (NEX-007)
Warning: Technology layer 'M4' setting 'pitch' is not valid (NEX-001)
Warning: Technology layer 'MRDL' setting 'pitch' is not valid (NEX-001)
Warning: Parasitic Tech Library layer 'M1' parameter 'SMIN' = 0.040 does not match 0.026 of technology file (NEX-007)
Warning: Parasitic Tech Library layer 'M2' parameter 'SMIN' = 0.040 does not match 0.026 of technology file (NEX-007)
Warning: Parasitic Tech Library layer 'M3' parameter 'SMIN' = 0.040 does not match 0.026 of technology file (NEX-007)
Warning: Parasitic Tech Library layer 'M8' parameter 'WMIN' = 0.030 does not match 0.060 of technology file (NEX-007)
Warning: Parasitic Tech Library layer 'M8' parameter 'SMIN' = 0.060 does not match 0.040 of technology file (NEX-007)
Warning: Technology layer 'M4' setting 'pitch' is not valid (NEX-001)
Warning: Technology layer 'MRDL' setting 'pitch' is not valid (NEX-001)
Warning: Parasitic Tech Library layer 'M1' parameter 'SMIN' = 0.040 does not match 0.026 of technology file (NEX-007)
Warning: Parasitic Tech Library layer 'M2' parameter 'SMIN' = 0.040 does not match 0.026 of technology file (NEX-007)
Warning: Parasitic Tech Library layer 'M3' parameter 'SMIN' = 0.040 does not match 0.026 of technology file (NEX-007)
Warning: Technology layer 'M4' setting 'pitch' is not valid (NEX-001)
Warning: Technology layer 'MRDL' setting 'pitch' is not valid (NEX-001)
Warning: Parasitic Tech Library layer 'M1' parameter 'SMIN' = 0.040 does not match 0.026 of technology file (NEX-007)
Warning: Parasitic Tech Library layer 'M2' parameter 'SMIN' = 0.040 does not match 0.026 of technology file (NEX-007)
Warning: Parasitic Tech Library layer 'M3' parameter 'SMIN' = 0.040 does not match 0.026 of technology file (NEX-007)
Warning: Parasitic Tech Library layer 'M8' parameter 'WMIN' = 0.030 does not match 0.060 of technology file (NEX-007)
Warning: Parasitic Tech Library layer 'M8' parameter 'SMIN' = 0.060 does not match 0.040 of technology file (NEX-007)
Warning: Technology layer 'M4' setting 'pitch' is not valid (NEX-001)
Warning: Technology layer 'MRDL' setting 'pitch' is not valid (NEX-001)
Warning: Parasitic Tech Library layer 'M1' parameter 'SMIN' = 0.040 does not match 0.026 of technology file (NEX-007)
Warning: Parasitic Tech Library layer 'M2' parameter 'SMIN' = 0.040 does not match 0.026 of technology file (NEX-007)
Warning: Parasitic Tech Library layer 'M3' parameter 'SMIN' = 0.040 does not match 0.026 of technology file (NEX-007)
Warning: Technology layer 'M4' setting 'pitch' is not valid (NEX-001)
Warning: Technology layer 'MRDL' setting 'pitch' is not valid (NEX-001)
Warning: Parasitic Tech Library layer 'M1' parameter 'SMIN' = 0.040 does not match 0.026 of technology file (NEX-007)
Warning: Parasitic Tech Library layer 'M2' parameter 'SMIN' = 0.040 does not match 0.026 of technology file (NEX-007)
Warning: Parasitic Tech Library layer 'M3' parameter 'SMIN' = 0.040 does not match 0.026 of technology file (NEX-007)
Warning: Parasitic Tech Library layer 'M8' parameter 'WMIN' = 0.030 does not match 0.060 of technology file (NEX-007)
Warning: Parasitic Tech Library layer 'M8' parameter 'SMIN' = 0.060 does not match 0.040 of technology file (NEX-007)
ORB: timingScenario func_slow_Cmax timingCorner slow_Cmax
INFO: No leakage and power scenarios. Using regular scenarios instead.
INFO: No active leakage scenarios. Leakage will be turned off
Warning: Technology layer 'M4' setting 'pitch' is not valid (NEX-001)
Warning: Technology layer 'MRDL' setting 'pitch' is not valid (NEX-001)
Warning: Parasitic Tech Library layer 'M1' parameter 'SMIN' = 0.040 does not match 0.026 of technology file (NEX-007)
Warning: Parasitic Tech Library layer 'M2' parameter 'SMIN' = 0.040 does not match 0.026 of technology file (NEX-007)
Warning: Parasitic Tech Library layer 'M3' parameter 'SMIN' = 0.040 does not match 0.026 of technology file (NEX-007)
ORB: Nominal = 0.007553  Design MT = inf  Target = 0.054855 (7.263 nominal)  MaxRC = 0.035405
Warning: Technology layer 'M4' setting 'pitch' is not valid (NEX-001)
Warning: Technology layer 'MRDL' setting 'pitch' is not valid (NEX-001)
Warning: Parasitic Tech Library layer 'M1' parameter 'SMIN' = 0.040 does not match 0.026 of technology file (NEX-007)
Warning: Parasitic Tech Library layer 'M2' parameter 'SMIN' = 0.040 does not match 0.026 of technology file (NEX-007)
Warning: Parasitic Tech Library layer 'M3' parameter 'SMIN' = 0.040 does not match 0.026 of technology file (NEX-007)
Warning: Technology layer 'M4' setting 'pitch' is not valid (NEX-001)
Warning: Technology layer 'MRDL' setting 'pitch' is not valid (NEX-001)
Warning: Parasitic Tech Library layer 'M1' parameter 'SMIN' = 0.040 does not match 0.026 of technology file (NEX-007)
Warning: Parasitic Tech Library layer 'M2' parameter 'SMIN' = 0.040 does not match 0.026 of technology file (NEX-007)
Warning: Parasitic Tech Library layer 'M3' parameter 'SMIN' = 0.040 does not match 0.026 of technology file (NEX-007)
Warning: Parasitic Tech Library layer 'M8' parameter 'WMIN' = 0.030 does not match 0.060 of technology file (NEX-007)
Warning: Parasitic Tech Library layer 'M8' parameter 'SMIN' = 0.060 does not match 0.040 of technology file (NEX-007)
Warning: Technology layer 'M4' setting 'pitch' is not valid (NEX-001)
Warning: Technology layer 'MRDL' setting 'pitch' is not valid (NEX-001)
Warning: Parasitic Tech Library layer 'M1' parameter 'SMIN' = 0.040 does not match 0.026 of technology file (NEX-007)
Warning: Parasitic Tech Library layer 'M2' parameter 'SMIN' = 0.040 does not match 0.026 of technology file (NEX-007)
Warning: Parasitic Tech Library layer 'M3' parameter 'SMIN' = 0.040 does not match 0.026 of technology file (NEX-007)
Warning: Technology layer 'M4' setting 'pitch' is not valid (NEX-001)
Warning: Technology layer 'MRDL' setting 'pitch' is not valid (NEX-001)
Warning: Parasitic Tech Library layer 'M1' parameter 'SMIN' = 0.040 does not match 0.026 of technology file (NEX-007)
Warning: Parasitic Tech Library layer 'M2' parameter 'SMIN' = 0.040 does not match 0.026 of technology file (NEX-007)
Warning: Parasitic Tech Library layer 'M3' parameter 'SMIN' = 0.040 does not match 0.026 of technology file (NEX-007)
Warning: Parasitic Tech Library layer 'M8' parameter 'WMIN' = 0.030 does not match 0.060 of technology file (NEX-007)
Warning: Parasitic Tech Library layer 'M8' parameter 'SMIN' = 0.060 does not match 0.040 of technology file (NEX-007)
Warning: Technology layer 'M4' setting 'pitch' is not valid (NEX-001)
Warning: Technology layer 'MRDL' setting 'pitch' is not valid (NEX-001)
Warning: Parasitic Tech Library layer 'M1' parameter 'SMIN' = 0.040 does not match 0.026 of technology file (NEX-007)
Warning: Parasitic Tech Library layer 'M2' parameter 'SMIN' = 0.040 does not match 0.026 of technology file (NEX-007)
Warning: Parasitic Tech Library layer 'M3' parameter 'SMIN' = 0.040 does not match 0.026 of technology file (NEX-007)
Warning: Technology layer 'M4' setting 'pitch' is not valid (NEX-001)
Warning: Technology layer 'MRDL' setting 'pitch' is not valid (NEX-001)
Warning: Parasitic Tech Library layer 'M1' parameter 'SMIN' = 0.040 does not match 0.026 of technology file (NEX-007)
Warning: Parasitic Tech Library layer 'M2' parameter 'SMIN' = 0.040 does not match 0.026 of technology file (NEX-007)
Warning: Parasitic Tech Library layer 'M3' parameter 'SMIN' = 0.040 does not match 0.026 of technology file (NEX-007)
Warning: Parasitic Tech Library layer 'M8' parameter 'WMIN' = 0.030 does not match 0.060 of technology file (NEX-007)
Warning: Parasitic Tech Library layer 'M8' parameter 'SMIN' = 0.060 does not match 0.040 of technology file (NEX-007)
Warning: Technology layer 'M4' setting 'pitch' is not valid (NEX-001)
Warning: Technology layer 'MRDL' setting 'pitch' is not valid (NEX-001)
Warning: Parasitic Tech Library layer 'M1' parameter 'SMIN' = 0.040 does not match 0.026 of technology file (NEX-007)
Warning: Parasitic Tech Library layer 'M2' parameter 'SMIN' = 0.040 does not match 0.026 of technology file (NEX-007)
Warning: Parasitic Tech Library layer 'M3' parameter 'SMIN' = 0.040 does not match 0.026 of technology file (NEX-007)
Warning: Technology layer 'M4' setting 'pitch' is not valid (NEX-001)
Warning: Technology layer 'MRDL' setting 'pitch' is not valid (NEX-001)
Warning: Parasitic Tech Library layer 'M1' parameter 'SMIN' = 0.040 does not match 0.026 of technology file (NEX-007)
Warning: Parasitic Tech Library layer 'M2' parameter 'SMIN' = 0.040 does not match 0.026 of technology file (NEX-007)
Warning: Parasitic Tech Library layer 'M3' parameter 'SMIN' = 0.040 does not match 0.026 of technology file (NEX-007)
Warning: Parasitic Tech Library layer 'M8' parameter 'WMIN' = 0.030 does not match 0.060 of technology file (NEX-007)
Warning: Parasitic Tech Library layer 'M8' parameter 'SMIN' = 0.060 does not match 0.040 of technology file (NEX-007)
Warning: Technology layer 'M4' setting 'pitch' is not valid (NEX-001)
Warning: Technology layer 'MRDL' setting 'pitch' is not valid (NEX-001)
Warning: Parasitic Tech Library layer 'M1' parameter 'SMIN' = 0.040 does not match 0.026 of technology file (NEX-007)
Warning: Parasitic Tech Library layer 'M2' parameter 'SMIN' = 0.040 does not match 0.026 of technology file (NEX-007)
Warning: Parasitic Tech Library layer 'M3' parameter 'SMIN' = 0.040 does not match 0.026 of technology file (NEX-007)
Warning: Technology layer 'M4' setting 'pitch' is not valid (NEX-001)
Warning: Technology layer 'MRDL' setting 'pitch' is not valid (NEX-001)
Warning: Parasitic Tech Library layer 'M1' parameter 'SMIN' = 0.040 does not match 0.026 of technology file (NEX-007)
Warning: Parasitic Tech Library layer 'M2' parameter 'SMIN' = 0.040 does not match 0.026 of technology file (NEX-007)
Warning: Parasitic Tech Library layer 'M3' parameter 'SMIN' = 0.040 does not match 0.026 of technology file (NEX-007)
Warning: Parasitic Tech Library layer 'M8' parameter 'WMIN' = 0.030 does not match 0.060 of technology file (NEX-007)
Warning: Parasitic Tech Library layer 'M8' parameter 'SMIN' = 0.060 does not match 0.040 of technology file (NEX-007)
Warning: Technology layer 'M4' setting 'pitch' is not valid (NEX-001)
Warning: Technology layer 'MRDL' setting 'pitch' is not valid (NEX-001)
Warning: Parasitic Tech Library layer 'M1' parameter 'SMIN' = 0.040 does not match 0.026 of technology file (NEX-007)
Warning: Parasitic Tech Library layer 'M2' parameter 'SMIN' = 0.040 does not match 0.026 of technology file (NEX-007)
Warning: Parasitic Tech Library layer 'M3' parameter 'SMIN' = 0.040 does not match 0.026 of technology file (NEX-007)
Warning: Technology layer 'M4' setting 'pitch' is not valid (NEX-001)
Warning: Technology layer 'MRDL' setting 'pitch' is not valid (NEX-001)
Warning: Parasitic Tech Library layer 'M1' parameter 'SMIN' = 0.040 does not match 0.026 of technology file (NEX-007)
Warning: Parasitic Tech Library layer 'M2' parameter 'SMIN' = 0.040 does not match 0.026 of technology file (NEX-007)
Warning: Parasitic Tech Library layer 'M3' parameter 'SMIN' = 0.040 does not match 0.026 of technology file (NEX-007)
Warning: Parasitic Tech Library layer 'M8' parameter 'WMIN' = 0.030 does not match 0.060 of technology file (NEX-007)
Warning: Parasitic Tech Library layer 'M8' parameter 'SMIN' = 0.060 does not match 0.040 of technology file (NEX-007)
Warning: Technology layer 'M4' setting 'pitch' is not valid (NEX-001)
Warning: Technology layer 'MRDL' setting 'pitch' is not valid (NEX-001)
Warning: Parasitic Tech Library layer 'M1' parameter 'SMIN' = 0.040 does not match 0.026 of technology file (NEX-007)
Warning: Parasitic Tech Library layer 'M2' parameter 'SMIN' = 0.040 does not match 0.026 of technology file (NEX-007)
Warning: Parasitic Tech Library layer 'M3' parameter 'SMIN' = 0.040 does not match 0.026 of technology file (NEX-007)
Warning: Technology layer 'M4' setting 'pitch' is not valid (NEX-001)
Warning: Technology layer 'MRDL' setting 'pitch' is not valid (NEX-001)
Warning: Parasitic Tech Library layer 'M1' parameter 'SMIN' = 0.040 does not match 0.026 of technology file (NEX-007)
Warning: Parasitic Tech Library layer 'M2' parameter 'SMIN' = 0.040 does not match 0.026 of technology file (NEX-007)
Warning: Parasitic Tech Library layer 'M3' parameter 'SMIN' = 0.040 does not match 0.026 of technology file (NEX-007)
Warning: Parasitic Tech Library layer 'M8' parameter 'WMIN' = 0.030 does not match 0.060 of technology file (NEX-007)
Warning: Parasitic Tech Library layer 'M8' parameter 'SMIN' = 0.060 does not match 0.040 of technology file (NEX-007)
Warning: Technology layer 'M4' setting 'pitch' is not valid (NEX-001)
Warning: Technology layer 'MRDL' setting 'pitch' is not valid (NEX-001)
Warning: Parasitic Tech Library layer 'M1' parameter 'SMIN' = 0.040 does not match 0.026 of technology file (NEX-007)
Warning: Parasitic Tech Library layer 'M2' parameter 'SMIN' = 0.040 does not match 0.026 of technology file (NEX-007)
Warning: Parasitic Tech Library layer 'M3' parameter 'SMIN' = 0.040 does not match 0.026 of technology file (NEX-007)
Warning: Technology layer 'M4' setting 'pitch' is not valid (NEX-001)
Warning: Technology layer 'MRDL' setting 'pitch' is not valid (NEX-001)
Warning: Parasitic Tech Library layer 'M1' parameter 'SMIN' = 0.040 does not match 0.026 of technology file (NEX-007)
Warning: Parasitic Tech Library layer 'M2' parameter 'SMIN' = 0.040 does not match 0.026 of technology file (NEX-007)
Warning: Parasitic Tech Library layer 'M3' parameter 'SMIN' = 0.040 does not match 0.026 of technology file (NEX-007)
Warning: Parasitic Tech Library layer 'M8' parameter 'WMIN' = 0.030 does not match 0.060 of technology file (NEX-007)
Warning: Parasitic Tech Library layer 'M8' parameter 'SMIN' = 0.060 does not match 0.040 of technology file (NEX-007)
ORB: timingScenario func_slow_Cmax timingCorner slow_Cmax
INFO: No leakage and power scenarios. Using regular scenarios instead.
INFO: No active leakage scenarios. Leakage will be turned off
Warning: Technology layer 'M4' setting 'pitch' is not valid (NEX-001)
Warning: Technology layer 'MRDL' setting 'pitch' is not valid (NEX-001)
Warning: Parasitic Tech Library layer 'M1' parameter 'SMIN' = 0.040 does not match 0.026 of technology file (NEX-007)
Warning: Parasitic Tech Library layer 'M2' parameter 'SMIN' = 0.040 does not match 0.026 of technology file (NEX-007)
Warning: Parasitic Tech Library layer 'M3' parameter 'SMIN' = 0.040 does not match 0.026 of technology file (NEX-007)
ORB: Nominal = 0.007553  Design MT = inf  Target = 0.054855 (7.263 nominal)  MaxRC = 0.035405
Warning: Technology layer 'M4' setting 'pitch' is not valid (NEX-001)
Warning: Technology layer 'MRDL' setting 'pitch' is not valid (NEX-001)
Warning: Parasitic Tech Library layer 'M1' parameter 'SMIN' = 0.040 does not match 0.026 of technology file (NEX-007)
Warning: Parasitic Tech Library layer 'M2' parameter 'SMIN' = 0.040 does not match 0.026 of technology file (NEX-007)
Warning: Parasitic Tech Library layer 'M3' parameter 'SMIN' = 0.040 does not match 0.026 of technology file (NEX-007)
Warning: Technology layer 'M4' setting 'pitch' is not valid (NEX-001)
Warning: Technology layer 'MRDL' setting 'pitch' is not valid (NEX-001)
Warning: Parasitic Tech Library layer 'M1' parameter 'SMIN' = 0.040 does not match 0.026 of technology file (NEX-007)
Warning: Parasitic Tech Library layer 'M2' parameter 'SMIN' = 0.040 does not match 0.026 of technology file (NEX-007)
Warning: Parasitic Tech Library layer 'M3' parameter 'SMIN' = 0.040 does not match 0.026 of technology file (NEX-007)
Warning: Parasitic Tech Library layer 'M8' parameter 'WMIN' = 0.030 does not match 0.060 of technology file (NEX-007)
Warning: Parasitic Tech Library layer 'M8' parameter 'SMIN' = 0.060 does not match 0.040 of technology file (NEX-007)
Warning: Technology layer 'M4' setting 'pitch' is not valid (NEX-001)
Warning: Technology layer 'MRDL' setting 'pitch' is not valid (NEX-001)
Warning: Parasitic Tech Library layer 'M1' parameter 'SMIN' = 0.040 does not match 0.026 of technology file (NEX-007)
Warning: Parasitic Tech Library layer 'M2' parameter 'SMIN' = 0.040 does not match 0.026 of technology file (NEX-007)
Warning: Parasitic Tech Library layer 'M3' parameter 'SMIN' = 0.040 does not match 0.026 of technology file (NEX-007)
Warning: Technology layer 'M4' setting 'pitch' is not valid (NEX-001)
Warning: Technology layer 'MRDL' setting 'pitch' is not valid (NEX-001)
Warning: Parasitic Tech Library layer 'M1' parameter 'SMIN' = 0.040 does not match 0.026 of technology file (NEX-007)
Warning: Parasitic Tech Library layer 'M2' parameter 'SMIN' = 0.040 does not match 0.026 of technology file (NEX-007)
Warning: Parasitic Tech Library layer 'M3' parameter 'SMIN' = 0.040 does not match 0.026 of technology file (NEX-007)
Warning: Parasitic Tech Library layer 'M8' parameter 'WMIN' = 0.030 does not match 0.060 of technology file (NEX-007)
Warning: Parasitic Tech Library layer 'M8' parameter 'SMIN' = 0.060 does not match 0.040 of technology file (NEX-007)
Warning: Technology layer 'M4' setting 'pitch' is not valid (NEX-001)
Warning: Technology layer 'MRDL' setting 'pitch' is not valid (NEX-001)
Warning: Parasitic Tech Library layer 'M1' parameter 'SMIN' = 0.040 does not match 0.026 of technology file (NEX-007)
Warning: Parasitic Tech Library layer 'M2' parameter 'SMIN' = 0.040 does not match 0.026 of technology file (NEX-007)
Warning: Parasitic Tech Library layer 'M3' parameter 'SMIN' = 0.040 does not match 0.026 of technology file (NEX-007)
Warning: Technology layer 'M4' setting 'pitch' is not valid (NEX-001)
Warning: Technology layer 'MRDL' setting 'pitch' is not valid (NEX-001)
Warning: Parasitic Tech Library layer 'M1' parameter 'SMIN' = 0.040 does not match 0.026 of technology file (NEX-007)
Warning: Parasitic Tech Library layer 'M2' parameter 'SMIN' = 0.040 does not match 0.026 of technology file (NEX-007)
Warning: Parasitic Tech Library layer 'M3' parameter 'SMIN' = 0.040 does not match 0.026 of technology file (NEX-007)
Warning: Parasitic Tech Library layer 'M8' parameter 'WMIN' = 0.030 does not match 0.060 of technology file (NEX-007)
Warning: Parasitic Tech Library layer 'M8' parameter 'SMIN' = 0.060 does not match 0.040 of technology file (NEX-007)
Warning: Technology layer 'M4' setting 'pitch' is not valid (NEX-001)
Warning: Technology layer 'MRDL' setting 'pitch' is not valid (NEX-001)
Warning: Parasitic Tech Library layer 'M1' parameter 'SMIN' = 0.040 does not match 0.026 of technology file (NEX-007)
Warning: Parasitic Tech Library layer 'M2' parameter 'SMIN' = 0.040 does not match 0.026 of technology file (NEX-007)
Warning: Parasitic Tech Library layer 'M3' parameter 'SMIN' = 0.040 does not match 0.026 of technology file (NEX-007)
Warning: Technology layer 'M4' setting 'pitch' is not valid (NEX-001)
Warning: Technology layer 'MRDL' setting 'pitch' is not valid (NEX-001)
Warning: Parasitic Tech Library layer 'M1' parameter 'SMIN' = 0.040 does not match 0.026 of technology file (NEX-007)
Warning: Parasitic Tech Library layer 'M2' parameter 'SMIN' = 0.040 does not match 0.026 of technology file (NEX-007)
Warning: Parasitic Tech Library layer 'M3' parameter 'SMIN' = 0.040 does not match 0.026 of technology file (NEX-007)
Warning: Parasitic Tech Library layer 'M8' parameter 'WMIN' = 0.030 does not match 0.060 of technology file (NEX-007)
Warning: Parasitic Tech Library layer 'M8' parameter 'SMIN' = 0.060 does not match 0.040 of technology file (NEX-007)
Warning: Technology layer 'M4' setting 'pitch' is not valid (NEX-001)
Warning: Technology layer 'MRDL' setting 'pitch' is not valid (NEX-001)
Warning: Parasitic Tech Library layer 'M1' parameter 'SMIN' = 0.040 does not match 0.026 of technology file (NEX-007)
Warning: Parasitic Tech Library layer 'M2' parameter 'SMIN' = 0.040 does not match 0.026 of technology file (NEX-007)
Warning: Parasitic Tech Library layer 'M3' parameter 'SMIN' = 0.040 does not match 0.026 of technology file (NEX-007)
Warning: Technology layer 'M4' setting 'pitch' is not valid (NEX-001)
Warning: Technology layer 'MRDL' setting 'pitch' is not valid (NEX-001)
Warning: Parasitic Tech Library layer 'M1' parameter 'SMIN' = 0.040 does not match 0.026 of technology file (NEX-007)
Warning: Parasitic Tech Library layer 'M2' parameter 'SMIN' = 0.040 does not match 0.026 of technology file (NEX-007)
Warning: Parasitic Tech Library layer 'M3' parameter 'SMIN' = 0.040 does not match 0.026 of technology file (NEX-007)
Warning: Parasitic Tech Library layer 'M8' parameter 'WMIN' = 0.030 does not match 0.060 of technology file (NEX-007)
Warning: Parasitic Tech Library layer 'M8' parameter 'SMIN' = 0.060 does not match 0.040 of technology file (NEX-007)
Warning: Technology layer 'M4' setting 'pitch' is not valid (NEX-001)
Warning: Technology layer 'MRDL' setting 'pitch' is not valid (NEX-001)
Warning: Parasitic Tech Library layer 'M1' parameter 'SMIN' = 0.040 does not match 0.026 of technology file (NEX-007)
Warning: Parasitic Tech Library layer 'M2' parameter 'SMIN' = 0.040 does not match 0.026 of technology file (NEX-007)
Warning: Parasitic Tech Library layer 'M3' parameter 'SMIN' = 0.040 does not match 0.026 of technology file (NEX-007)
Warning: Technology layer 'M4' setting 'pitch' is not valid (NEX-001)
Warning: Technology layer 'MRDL' setting 'pitch' is not valid (NEX-001)
Warning: Parasitic Tech Library layer 'M1' parameter 'SMIN' = 0.040 does not match 0.026 of technology file (NEX-007)
Warning: Parasitic Tech Library layer 'M2' parameter 'SMIN' = 0.040 does not match 0.026 of technology file (NEX-007)
Warning: Parasitic Tech Library layer 'M3' parameter 'SMIN' = 0.040 does not match 0.026 of technology file (NEX-007)
Warning: Parasitic Tech Library layer 'M8' parameter 'WMIN' = 0.030 does not match 0.060 of technology file (NEX-007)
Warning: Parasitic Tech Library layer 'M8' parameter 'SMIN' = 0.060 does not match 0.040 of technology file (NEX-007)
Warning: Technology layer 'M4' setting 'pitch' is not valid (NEX-001)
Warning: Technology layer 'MRDL' setting 'pitch' is not valid (NEX-001)
Warning: Parasitic Tech Library layer 'M1' parameter 'SMIN' = 0.040 does not match 0.026 of technology file (NEX-007)
Warning: Parasitic Tech Library layer 'M2' parameter 'SMIN' = 0.040 does not match 0.026 of technology file (NEX-007)
Warning: Parasitic Tech Library layer 'M3' parameter 'SMIN' = 0.040 does not match 0.026 of technology file (NEX-007)
Warning: Technology layer 'M4' setting 'pitch' is not valid (NEX-001)
Warning: Technology layer 'MRDL' setting 'pitch' is not valid (NEX-001)
Warning: Parasitic Tech Library layer 'M1' parameter 'SMIN' = 0.040 does not match 0.026 of technology file (NEX-007)
Warning: Parasitic Tech Library layer 'M2' parameter 'SMIN' = 0.040 does not match 0.026 of technology file (NEX-007)
Warning: Parasitic Tech Library layer 'M3' parameter 'SMIN' = 0.040 does not match 0.026 of technology file (NEX-007)
Warning: Parasitic Tech Library layer 'M8' parameter 'WMIN' = 0.030 does not match 0.060 of technology file (NEX-007)
Warning: Parasitic Tech Library layer 'M8' parameter 'SMIN' = 0.060 does not match 0.040 of technology file (NEX-007)
Warning: Technology layer 'M4' setting 'pitch' is not valid (NEX-001)
Warning: Technology layer 'MRDL' setting 'pitch' is not valid (NEX-001)
Warning: Parasitic Tech Library layer 'M1' parameter 'SMIN' = 0.040 does not match 0.026 of technology file (NEX-007)
Warning: Parasitic Tech Library layer 'M2' parameter 'SMIN' = 0.040 does not match 0.026 of technology file (NEX-007)
Warning: Parasitic Tech Library layer 'M3' parameter 'SMIN' = 0.040 does not match 0.026 of technology file (NEX-007)
Warning: Technology layer 'M4' setting 'pitch' is not valid (NEX-001)
Warning: Technology layer 'MRDL' setting 'pitch' is not valid (NEX-001)
Warning: Parasitic Tech Library layer 'M1' parameter 'SMIN' = 0.040 does not match 0.026 of technology file (NEX-007)
Warning: Parasitic Tech Library layer 'M2' parameter 'SMIN' = 0.040 does not match 0.026 of technology file (NEX-007)
Warning: Parasitic Tech Library layer 'M3' parameter 'SMIN' = 0.040 does not match 0.026 of technology file (NEX-007)
Warning: Parasitic Tech Library layer 'M8' parameter 'WMIN' = 0.030 does not match 0.060 of technology file (NEX-007)
Warning: Parasitic Tech Library layer 'M8' parameter 'SMIN' = 0.060 does not match 0.040 of technology file (NEX-007)
ORB: timingScenario func_slow_Cmax timingCorner slow_Cmax
INFO: No leakage and power scenarios. Using regular scenarios instead.
INFO: No active leakage scenarios. Leakage will be turned off
Warning: Technology layer 'M4' setting 'pitch' is not valid (NEX-001)
Warning: Technology layer 'MRDL' setting 'pitch' is not valid (NEX-001)
Warning: Parasitic Tech Library layer 'M1' parameter 'SMIN' = 0.040 does not match 0.026 of technology file (NEX-007)
Warning: Parasitic Tech Library layer 'M2' parameter 'SMIN' = 0.040 does not match 0.026 of technology file (NEX-007)
Warning: Parasitic Tech Library layer 'M3' parameter 'SMIN' = 0.040 does not match 0.026 of technology file (NEX-007)
ORB: Nominal = 0.007553  Design MT = inf  Target = 0.054855 (7.263 nominal)  MaxRC = 0.035405
Warning: Technology layer 'M4' setting 'pitch' is not valid (NEX-001)
Warning: Technology layer 'MRDL' setting 'pitch' is not valid (NEX-001)
Warning: Parasitic Tech Library layer 'M1' parameter 'SMIN' = 0.040 does not match 0.026 of technology file (NEX-007)
Warning: Parasitic Tech Library layer 'M2' parameter 'SMIN' = 0.040 does not match 0.026 of technology file (NEX-007)
Warning: Parasitic Tech Library layer 'M3' parameter 'SMIN' = 0.040 does not match 0.026 of technology file (NEX-007)
Warning: Technology layer 'M4' setting 'pitch' is not valid (NEX-001)
Warning: Technology layer 'MRDL' setting 'pitch' is not valid (NEX-001)
Warning: Parasitic Tech Library layer 'M1' parameter 'SMIN' = 0.040 does not match 0.026 of technology file (NEX-007)
Warning: Parasitic Tech Library layer 'M2' parameter 'SMIN' = 0.040 does not match 0.026 of technology file (NEX-007)
Warning: Parasitic Tech Library layer 'M3' parameter 'SMIN' = 0.040 does not match 0.026 of technology file (NEX-007)
Warning: Parasitic Tech Library layer 'M8' parameter 'WMIN' = 0.030 does not match 0.060 of technology file (NEX-007)
Warning: Parasitic Tech Library layer 'M8' parameter 'SMIN' = 0.060 does not match 0.040 of technology file (NEX-007)
Warning: Technology layer 'M4' setting 'pitch' is not valid (NEX-001)
Warning: Technology layer 'MRDL' setting 'pitch' is not valid (NEX-001)
Warning: Parasitic Tech Library layer 'M1' parameter 'SMIN' = 0.040 does not match 0.026 of technology file (NEX-007)
Warning: Parasitic Tech Library layer 'M2' parameter 'SMIN' = 0.040 does not match 0.026 of technology file (NEX-007)
Warning: Parasitic Tech Library layer 'M3' parameter 'SMIN' = 0.040 does not match 0.026 of technology file (NEX-007)
Warning: Technology layer 'M4' setting 'pitch' is not valid (NEX-001)
Warning: Technology layer 'MRDL' setting 'pitch' is not valid (NEX-001)
Warning: Parasitic Tech Library layer 'M1' parameter 'SMIN' = 0.040 does not match 0.026 of technology file (NEX-007)
Warning: Parasitic Tech Library layer 'M2' parameter 'SMIN' = 0.040 does not match 0.026 of technology file (NEX-007)
Warning: Parasitic Tech Library layer 'M3' parameter 'SMIN' = 0.040 does not match 0.026 of technology file (NEX-007)
Warning: Parasitic Tech Library layer 'M8' parameter 'WMIN' = 0.030 does not match 0.060 of technology file (NEX-007)
Warning: Parasitic Tech Library layer 'M8' parameter 'SMIN' = 0.060 does not match 0.040 of technology file (NEX-007)
Warning: Technology layer 'M4' setting 'pitch' is not valid (NEX-001)
Warning: Technology layer 'MRDL' setting 'pitch' is not valid (NEX-001)
Warning: Parasitic Tech Library layer 'M1' parameter 'SMIN' = 0.040 does not match 0.026 of technology file (NEX-007)
Warning: Parasitic Tech Library layer 'M2' parameter 'SMIN' = 0.040 does not match 0.026 of technology file (NEX-007)
Warning: Parasitic Tech Library layer 'M3' parameter 'SMIN' = 0.040 does not match 0.026 of technology file (NEX-007)
Warning: Technology layer 'M4' setting 'pitch' is not valid (NEX-001)
Warning: Technology layer 'MRDL' setting 'pitch' is not valid (NEX-001)
Warning: Parasitic Tech Library layer 'M1' parameter 'SMIN' = 0.040 does not match 0.026 of technology file (NEX-007)
Warning: Parasitic Tech Library layer 'M2' parameter 'SMIN' = 0.040 does not match 0.026 of technology file (NEX-007)
Warning: Parasitic Tech Library layer 'M3' parameter 'SMIN' = 0.040 does not match 0.026 of technology file (NEX-007)
Warning: Parasitic Tech Library layer 'M8' parameter 'WMIN' = 0.030 does not match 0.060 of technology file (NEX-007)
Warning: Parasitic Tech Library layer 'M8' parameter 'SMIN' = 0.060 does not match 0.040 of technology file (NEX-007)
Warning: Technology layer 'M4' setting 'pitch' is not valid (NEX-001)
Warning: Technology layer 'MRDL' setting 'pitch' is not valid (NEX-001)
Warning: Parasitic Tech Library layer 'M1' parameter 'SMIN' = 0.040 does not match 0.026 of technology file (NEX-007)
Warning: Parasitic Tech Library layer 'M2' parameter 'SMIN' = 0.040 does not match 0.026 of technology file (NEX-007)
Warning: Parasitic Tech Library layer 'M3' parameter 'SMIN' = 0.040 does not match 0.026 of technology file (NEX-007)
Warning: Technology layer 'M4' setting 'pitch' is not valid (NEX-001)
Warning: Technology layer 'MRDL' setting 'pitch' is not valid (NEX-001)
Warning: Parasitic Tech Library layer 'M1' parameter 'SMIN' = 0.040 does not match 0.026 of technology file (NEX-007)
Warning: Parasitic Tech Library layer 'M2' parameter 'SMIN' = 0.040 does not match 0.026 of technology file (NEX-007)
Warning: Parasitic Tech Library layer 'M3' parameter 'SMIN' = 0.040 does not match 0.026 of technology file (NEX-007)
Warning: Parasitic Tech Library layer 'M8' parameter 'WMIN' = 0.030 does not match 0.060 of technology file (NEX-007)
Warning: Parasitic Tech Library layer 'M8' parameter 'SMIN' = 0.060 does not match 0.040 of technology file (NEX-007)
Warning: Technology layer 'M4' setting 'pitch' is not valid (NEX-001)
Warning: Technology layer 'MRDL' setting 'pitch' is not valid (NEX-001)
Warning: Parasitic Tech Library layer 'M1' parameter 'SMIN' = 0.040 does not match 0.026 of technology file (NEX-007)
Warning: Parasitic Tech Library layer 'M2' parameter 'SMIN' = 0.040 does not match 0.026 of technology file (NEX-007)
Warning: Parasitic Tech Library layer 'M3' parameter 'SMIN' = 0.040 does not match 0.026 of technology file (NEX-007)
Warning: Technology layer 'M4' setting 'pitch' is not valid (NEX-001)
Warning: Technology layer 'MRDL' setting 'pitch' is not valid (NEX-001)
Warning: Parasitic Tech Library layer 'M1' parameter 'SMIN' = 0.040 does not match 0.026 of technology file (NEX-007)
Warning: Parasitic Tech Library layer 'M2' parameter 'SMIN' = 0.040 does not match 0.026 of technology file (NEX-007)
Warning: Parasitic Tech Library layer 'M3' parameter 'SMIN' = 0.040 does not match 0.026 of technology file (NEX-007)
Warning: Parasitic Tech Library layer 'M8' parameter 'WMIN' = 0.030 does not match 0.060 of technology file (NEX-007)
Warning: Parasitic Tech Library layer 'M8' parameter 'SMIN' = 0.060 does not match 0.040 of technology file (NEX-007)
Warning: Technology layer 'M4' setting 'pitch' is not valid (NEX-001)
Warning: Technology layer 'MRDL' setting 'pitch' is not valid (NEX-001)
Warning: Parasitic Tech Library layer 'M1' parameter 'SMIN' = 0.040 does not match 0.026 of technology file (NEX-007)
Warning: Parasitic Tech Library layer 'M2' parameter 'SMIN' = 0.040 does not match 0.026 of technology file (NEX-007)
Warning: Parasitic Tech Library layer 'M3' parameter 'SMIN' = 0.040 does not match 0.026 of technology file (NEX-007)
Warning: Technology layer 'M4' setting 'pitch' is not valid (NEX-001)
Warning: Technology layer 'MRDL' setting 'pitch' is not valid (NEX-001)
Warning: Parasitic Tech Library layer 'M1' parameter 'SMIN' = 0.040 does not match 0.026 of technology file (NEX-007)
Warning: Parasitic Tech Library layer 'M2' parameter 'SMIN' = 0.040 does not match 0.026 of technology file (NEX-007)
Warning: Parasitic Tech Library layer 'M3' parameter 'SMIN' = 0.040 does not match 0.026 of technology file (NEX-007)
Warning: Parasitic Tech Library layer 'M8' parameter 'WMIN' = 0.030 does not match 0.060 of technology file (NEX-007)
Warning: Parasitic Tech Library layer 'M8' parameter 'SMIN' = 0.060 does not match 0.040 of technology file (NEX-007)
Warning: Technology layer 'M4' setting 'pitch' is not valid (NEX-001)
Warning: Technology layer 'MRDL' setting 'pitch' is not valid (NEX-001)
Warning: Parasitic Tech Library layer 'M1' parameter 'SMIN' = 0.040 does not match 0.026 of technology file (NEX-007)
Warning: Parasitic Tech Library layer 'M2' parameter 'SMIN' = 0.040 does not match 0.026 of technology file (NEX-007)
Warning: Parasitic Tech Library layer 'M3' parameter 'SMIN' = 0.040 does not match 0.026 of technology file (NEX-007)
Warning: Technology layer 'M4' setting 'pitch' is not valid (NEX-001)
Warning: Technology layer 'MRDL' setting 'pitch' is not valid (NEX-001)
Warning: Parasitic Tech Library layer 'M1' parameter 'SMIN' = 0.040 does not match 0.026 of technology file (NEX-007)
Warning: Parasitic Tech Library layer 'M2' parameter 'SMIN' = 0.040 does not match 0.026 of technology file (NEX-007)
Warning: Parasitic Tech Library layer 'M3' parameter 'SMIN' = 0.040 does not match 0.026 of technology file (NEX-007)
Warning: Parasitic Tech Library layer 'M8' parameter 'WMIN' = 0.030 does not match 0.060 of technology file (NEX-007)
Warning: Parasitic Tech Library layer 'M8' parameter 'SMIN' = 0.060 does not match 0.040 of technology file (NEX-007)
Warning: Technology layer 'M4' setting 'pitch' is not valid (NEX-001)
Warning: Technology layer 'MRDL' setting 'pitch' is not valid (NEX-001)
Warning: Parasitic Tech Library layer 'M1' parameter 'SMIN' = 0.040 does not match 0.026 of technology file (NEX-007)
Warning: Parasitic Tech Library layer 'M2' parameter 'SMIN' = 0.040 does not match 0.026 of technology file (NEX-007)
Warning: Parasitic Tech Library layer 'M3' parameter 'SMIN' = 0.040 does not match 0.026 of technology file (NEX-007)
Warning: Technology layer 'M4' setting 'pitch' is not valid (NEX-001)
Warning: Technology layer 'MRDL' setting 'pitch' is not valid (NEX-001)
Warning: Parasitic Tech Library layer 'M1' parameter 'SMIN' = 0.040 does not match 0.026 of technology file (NEX-007)
Warning: Parasitic Tech Library layer 'M2' parameter 'SMIN' = 0.040 does not match 0.026 of technology file (NEX-007)
Warning: Parasitic Tech Library layer 'M3' parameter 'SMIN' = 0.040 does not match 0.026 of technology file (NEX-007)
Warning: Parasitic Tech Library layer 'M8' parameter 'WMIN' = 0.030 does not match 0.060 of technology file (NEX-007)
Warning: Parasitic Tech Library layer 'M8' parameter 'SMIN' = 0.060 does not match 0.040 of technology file (NEX-007)
ORB: timingScenario func_slow_Cmax timingCorner slow_Cmax
INFO: No leakage and power scenarios. Using regular scenarios instead.
INFO: No active leakage scenarios. Leakage will be turned off
Warning: Technology layer 'M4' setting 'pitch' is not valid (NEX-001)
Warning: Technology layer 'MRDL' setting 'pitch' is not valid (NEX-001)
Warning: Parasitic Tech Library layer 'M1' parameter 'SMIN' = 0.040 does not match 0.026 of technology file (NEX-007)
Warning: Parasitic Tech Library layer 'M2' parameter 'SMIN' = 0.040 does not match 0.026 of technology file (NEX-007)
Warning: Parasitic Tech Library layer 'M3' parameter 'SMIN' = 0.040 does not match 0.026 of technology file (NEX-007)
ORB: Nominal = 0.007553  Design MT = inf  Target = 0.054855 (7.263 nominal)  MaxRC = 0.035405
Warning: Technology layer 'M4' setting 'pitch' is not valid (NEX-001)
Warning: Technology layer 'MRDL' setting 'pitch' is not valid (NEX-001)
Warning: Parasitic Tech Library layer 'M1' parameter 'SMIN' = 0.040 does not match 0.026 of technology file (NEX-007)
Warning: Parasitic Tech Library layer 'M2' parameter 'SMIN' = 0.040 does not match 0.026 of technology file (NEX-007)
Warning: Parasitic Tech Library layer 'M3' parameter 'SMIN' = 0.040 does not match 0.026 of technology file (NEX-007)
Warning: Technology layer 'M4' setting 'pitch' is not valid (NEX-001)
Warning: Technology layer 'MRDL' setting 'pitch' is not valid (NEX-001)
Warning: Parasitic Tech Library layer 'M1' parameter 'SMIN' = 0.040 does not match 0.026 of technology file (NEX-007)
Warning: Parasitic Tech Library layer 'M2' parameter 'SMIN' = 0.040 does not match 0.026 of technology file (NEX-007)
Warning: Parasitic Tech Library layer 'M3' parameter 'SMIN' = 0.040 does not match 0.026 of technology file (NEX-007)
Warning: Parasitic Tech Library layer 'M8' parameter 'WMIN' = 0.030 does not match 0.060 of technology file (NEX-007)
Warning: Parasitic Tech Library layer 'M8' parameter 'SMIN' = 0.060 does not match 0.040 of technology file (NEX-007)
Warning: Technology layer 'M4' setting 'pitch' is not valid (NEX-001)
Warning: Technology layer 'MRDL' setting 'pitch' is not valid (NEX-001)
Warning: Parasitic Tech Library layer 'M1' parameter 'SMIN' = 0.040 does not match 0.026 of technology file (NEX-007)
Warning: Parasitic Tech Library layer 'M2' parameter 'SMIN' = 0.040 does not match 0.026 of technology file (NEX-007)
Warning: Parasitic Tech Library layer 'M3' parameter 'SMIN' = 0.040 does not match 0.026 of technology file (NEX-007)
Warning: Technology layer 'M4' setting 'pitch' is not valid (NEX-001)
Warning: Technology layer 'MRDL' setting 'pitch' is not valid (NEX-001)
Warning: Parasitic Tech Library layer 'M1' parameter 'SMIN' = 0.040 does not match 0.026 of technology file (NEX-007)
Warning: Parasitic Tech Library layer 'M2' parameter 'SMIN' = 0.040 does not match 0.026 of technology file (NEX-007)
Warning: Parasitic Tech Library layer 'M3' parameter 'SMIN' = 0.040 does not match 0.026 of technology file (NEX-007)
Warning: Parasitic Tech Library layer 'M8' parameter 'WMIN' = 0.030 does not match 0.060 of technology file (NEX-007)
Warning: Parasitic Tech Library layer 'M8' parameter 'SMIN' = 0.060 does not match 0.040 of technology file (NEX-007)
Warning: Technology layer 'M4' setting 'pitch' is not valid (NEX-001)
Warning: Technology layer 'MRDL' setting 'pitch' is not valid (NEX-001)
Warning: Parasitic Tech Library layer 'M1' parameter 'SMIN' = 0.040 does not match 0.026 of technology file (NEX-007)
Warning: Parasitic Tech Library layer 'M2' parameter 'SMIN' = 0.040 does not match 0.026 of technology file (NEX-007)
Warning: Parasitic Tech Library layer 'M3' parameter 'SMIN' = 0.040 does not match 0.026 of technology file (NEX-007)
Warning: Technology layer 'M4' setting 'pitch' is not valid (NEX-001)
Warning: Technology layer 'MRDL' setting 'pitch' is not valid (NEX-001)
Warning: Parasitic Tech Library layer 'M1' parameter 'SMIN' = 0.040 does not match 0.026 of technology file (NEX-007)
Warning: Parasitic Tech Library layer 'M2' parameter 'SMIN' = 0.040 does not match 0.026 of technology file (NEX-007)
Warning: Parasitic Tech Library layer 'M3' parameter 'SMIN' = 0.040 does not match 0.026 of technology file (NEX-007)
Warning: Parasitic Tech Library layer 'M8' parameter 'WMIN' = 0.030 does not match 0.060 of technology file (NEX-007)
Warning: Parasitic Tech Library layer 'M8' parameter 'SMIN' = 0.060 does not match 0.040 of technology file (NEX-007)
Warning: Technology layer 'M4' setting 'pitch' is not valid (NEX-001)
Warning: Technology layer 'MRDL' setting 'pitch' is not valid (NEX-001)
Warning: Parasitic Tech Library layer 'M1' parameter 'SMIN' = 0.040 does not match 0.026 of technology file (NEX-007)
Warning: Parasitic Tech Library layer 'M2' parameter 'SMIN' = 0.040 does not match 0.026 of technology file (NEX-007)
Warning: Parasitic Tech Library layer 'M3' parameter 'SMIN' = 0.040 does not match 0.026 of technology file (NEX-007)
Warning: Technology layer 'M4' setting 'pitch' is not valid (NEX-001)
Warning: Technology layer 'MRDL' setting 'pitch' is not valid (NEX-001)
Warning: Parasitic Tech Library layer 'M1' parameter 'SMIN' = 0.040 does not match 0.026 of technology file (NEX-007)
Warning: Parasitic Tech Library layer 'M2' parameter 'SMIN' = 0.040 does not match 0.026 of technology file (NEX-007)
Warning: Parasitic Tech Library layer 'M3' parameter 'SMIN' = 0.040 does not match 0.026 of technology file (NEX-007)
Warning: Parasitic Tech Library layer 'M8' parameter 'WMIN' = 0.030 does not match 0.060 of technology file (NEX-007)
Warning: Parasitic Tech Library layer 'M8' parameter 'SMIN' = 0.060 does not match 0.040 of technology file (NEX-007)
Warning: Technology layer 'M4' setting 'pitch' is not valid (NEX-001)
Warning: Technology layer 'MRDL' setting 'pitch' is not valid (NEX-001)
Warning: Parasitic Tech Library layer 'M1' parameter 'SMIN' = 0.040 does not match 0.026 of technology file (NEX-007)
Warning: Parasitic Tech Library layer 'M2' parameter 'SMIN' = 0.040 does not match 0.026 of technology file (NEX-007)
Warning: Parasitic Tech Library layer 'M3' parameter 'SMIN' = 0.040 does not match 0.026 of technology file (NEX-007)
Warning: Technology layer 'M4' setting 'pitch' is not valid (NEX-001)
Warning: Technology layer 'MRDL' setting 'pitch' is not valid (NEX-001)
Warning: Parasitic Tech Library layer 'M1' parameter 'SMIN' = 0.040 does not match 0.026 of technology file (NEX-007)
Warning: Parasitic Tech Library layer 'M2' parameter 'SMIN' = 0.040 does not match 0.026 of technology file (NEX-007)
Warning: Parasitic Tech Library layer 'M3' parameter 'SMIN' = 0.040 does not match 0.026 of technology file (NEX-007)
Warning: Parasitic Tech Library layer 'M8' parameter 'WMIN' = 0.030 does not match 0.060 of technology file (NEX-007)
Warning: Parasitic Tech Library layer 'M8' parameter 'SMIN' = 0.060 does not match 0.040 of technology file (NEX-007)
Warning: Technology layer 'M4' setting 'pitch' is not valid (NEX-001)
Warning: Technology layer 'MRDL' setting 'pitch' is not valid (NEX-001)
Warning: Parasitic Tech Library layer 'M1' parameter 'SMIN' = 0.040 does not match 0.026 of technology file (NEX-007)
Warning: Parasitic Tech Library layer 'M2' parameter 'SMIN' = 0.040 does not match 0.026 of technology file (NEX-007)
Warning: Parasitic Tech Library layer 'M3' parameter 'SMIN' = 0.040 does not match 0.026 of technology file (NEX-007)
Warning: Technology layer 'M4' setting 'pitch' is not valid (NEX-001)
Warning: Technology layer 'MRDL' setting 'pitch' is not valid (NEX-001)
Warning: Parasitic Tech Library layer 'M1' parameter 'SMIN' = 0.040 does not match 0.026 of technology file (NEX-007)
Warning: Parasitic Tech Library layer 'M2' parameter 'SMIN' = 0.040 does not match 0.026 of technology file (NEX-007)
Warning: Parasitic Tech Library layer 'M3' parameter 'SMIN' = 0.040 does not match 0.026 of technology file (NEX-007)
Warning: Parasitic Tech Library layer 'M8' parameter 'WMIN' = 0.030 does not match 0.060 of technology file (NEX-007)
Warning: Parasitic Tech Library layer 'M8' parameter 'SMIN' = 0.060 does not match 0.040 of technology file (NEX-007)
Warning: Technology layer 'M4' setting 'pitch' is not valid (NEX-001)
Warning: Technology layer 'MRDL' setting 'pitch' is not valid (NEX-001)
Warning: Parasitic Tech Library layer 'M1' parameter 'SMIN' = 0.040 does not match 0.026 of technology file (NEX-007)
Warning: Parasitic Tech Library layer 'M2' parameter 'SMIN' = 0.040 does not match 0.026 of technology file (NEX-007)
Warning: Parasitic Tech Library layer 'M3' parameter 'SMIN' = 0.040 does not match 0.026 of technology file (NEX-007)
Warning: Technology layer 'M4' setting 'pitch' is not valid (NEX-001)
Warning: Technology layer 'MRDL' setting 'pitch' is not valid (NEX-001)
Warning: Parasitic Tech Library layer 'M1' parameter 'SMIN' = 0.040 does not match 0.026 of technology file (NEX-007)
Warning: Parasitic Tech Library layer 'M2' parameter 'SMIN' = 0.040 does not match 0.026 of technology file (NEX-007)
Warning: Parasitic Tech Library layer 'M3' parameter 'SMIN' = 0.040 does not match 0.026 of technology file (NEX-007)
Warning: Parasitic Tech Library layer 'M8' parameter 'WMIN' = 0.030 does not match 0.060 of technology file (NEX-007)
Warning: Parasitic Tech Library layer 'M8' parameter 'SMIN' = 0.060 does not match 0.040 of technology file (NEX-007)
Warning: Technology layer 'M4' setting 'pitch' is not valid (NEX-001)
Warning: Technology layer 'MRDL' setting 'pitch' is not valid (NEX-001)
Warning: Parasitic Tech Library layer 'M1' parameter 'SMIN' = 0.040 does not match 0.026 of technology file (NEX-007)
Warning: Parasitic Tech Library layer 'M2' parameter 'SMIN' = 0.040 does not match 0.026 of technology file (NEX-007)
Warning: Parasitic Tech Library layer 'M3' parameter 'SMIN' = 0.040 does not match 0.026 of technology file (NEX-007)
Warning: Technology layer 'M4' setting 'pitch' is not valid (NEX-001)
Warning: Technology layer 'MRDL' setting 'pitch' is not valid (NEX-001)
Warning: Parasitic Tech Library layer 'M1' parameter 'SMIN' = 0.040 does not match 0.026 of technology file (NEX-007)
Warning: Parasitic Tech Library layer 'M2' parameter 'SMIN' = 0.040 does not match 0.026 of technology file (NEX-007)
Warning: Parasitic Tech Library layer 'M3' parameter 'SMIN' = 0.040 does not match 0.026 of technology file (NEX-007)
Warning: Parasitic Tech Library layer 'M8' parameter 'WMIN' = 0.030 does not match 0.060 of technology file (NEX-007)
Warning: Parasitic Tech Library layer 'M8' parameter 'SMIN' = 0.060 does not match 0.040 of technology file (NEX-007)
ORB: timingScenario func_slow_Cmax timingCorner slow_Cmax
INFO: No leakage and power scenarios. Using regular scenarios instead.
INFO: No active leakage scenarios. Leakage will be turned off
Warning: Technology layer 'M4' setting 'pitch' is not valid (NEX-001)
Warning: Technology layer 'MRDL' setting 'pitch' is not valid (NEX-001)
Warning: Parasitic Tech Library layer 'M1' parameter 'SMIN' = 0.040 does not match 0.026 of technology file (NEX-007)
Warning: Parasitic Tech Library layer 'M2' parameter 'SMIN' = 0.040 does not match 0.026 of technology file (NEX-007)
Warning: Parasitic Tech Library layer 'M3' parameter 'SMIN' = 0.040 does not match 0.026 of technology file (NEX-007)
ORB: Nominal = 0.007553  Design MT = inf  Target = 0.054855 (7.263 nominal)  MaxRC = 0.035405
Warning: Technology layer 'M4' setting 'pitch' is not valid (NEX-001)
Warning: Technology layer 'MRDL' setting 'pitch' is not valid (NEX-001)
Warning: Parasitic Tech Library layer 'M1' parameter 'SMIN' = 0.040 does not match 0.026 of technology file (NEX-007)
Warning: Parasitic Tech Library layer 'M2' parameter 'SMIN' = 0.040 does not match 0.026 of technology file (NEX-007)
Warning: Parasitic Tech Library layer 'M3' parameter 'SMIN' = 0.040 does not match 0.026 of technology file (NEX-007)
Warning: Technology layer 'M4' setting 'pitch' is not valid (NEX-001)
Warning: Technology layer 'MRDL' setting 'pitch' is not valid (NEX-001)
Warning: Parasitic Tech Library layer 'M1' parameter 'SMIN' = 0.040 does not match 0.026 of technology file (NEX-007)
Warning: Parasitic Tech Library layer 'M2' parameter 'SMIN' = 0.040 does not match 0.026 of technology file (NEX-007)
Warning: Parasitic Tech Library layer 'M3' parameter 'SMIN' = 0.040 does not match 0.026 of technology file (NEX-007)
Warning: Parasitic Tech Library layer 'M8' parameter 'WMIN' = 0.030 does not match 0.060 of technology file (NEX-007)
Warning: Parasitic Tech Library layer 'M8' parameter 'SMIN' = 0.060 does not match 0.040 of technology file (NEX-007)
Warning: Technology layer 'M4' setting 'pitch' is not valid (NEX-001)
Warning: Technology layer 'MRDL' setting 'pitch' is not valid (NEX-001)
Warning: Parasitic Tech Library layer 'M1' parameter 'SMIN' = 0.040 does not match 0.026 of technology file (NEX-007)
Warning: Parasitic Tech Library layer 'M2' parameter 'SMIN' = 0.040 does not match 0.026 of technology file (NEX-007)
Warning: Parasitic Tech Library layer 'M3' parameter 'SMIN' = 0.040 does not match 0.026 of technology file (NEX-007)
Warning: Technology layer 'M4' setting 'pitch' is not valid (NEX-001)
Warning: Technology layer 'MRDL' setting 'pitch' is not valid (NEX-001)
Warning: Parasitic Tech Library layer 'M1' parameter 'SMIN' = 0.040 does not match 0.026 of technology file (NEX-007)
Warning: Parasitic Tech Library layer 'M2' parameter 'SMIN' = 0.040 does not match 0.026 of technology file (NEX-007)
Warning: Parasitic Tech Library layer 'M3' parameter 'SMIN' = 0.040 does not match 0.026 of technology file (NEX-007)
Warning: Parasitic Tech Library layer 'M8' parameter 'WMIN' = 0.030 does not match 0.060 of technology file (NEX-007)
Warning: Parasitic Tech Library layer 'M8' parameter 'SMIN' = 0.060 does not match 0.040 of technology file (NEX-007)
Warning: Technology layer 'M4' setting 'pitch' is not valid (NEX-001)
Warning: Technology layer 'MRDL' setting 'pitch' is not valid (NEX-001)
Warning: Parasitic Tech Library layer 'M1' parameter 'SMIN' = 0.040 does not match 0.026 of technology file (NEX-007)
Warning: Parasitic Tech Library layer 'M2' parameter 'SMIN' = 0.040 does not match 0.026 of technology file (NEX-007)
Warning: Parasitic Tech Library layer 'M3' parameter 'SMIN' = 0.040 does not match 0.026 of technology file (NEX-007)
Warning: Technology layer 'M4' setting 'pitch' is not valid (NEX-001)
Warning: Technology layer 'MRDL' setting 'pitch' is not valid (NEX-001)
Warning: Parasitic Tech Library layer 'M1' parameter 'SMIN' = 0.040 does not match 0.026 of technology file (NEX-007)
Warning: Parasitic Tech Library layer 'M2' parameter 'SMIN' = 0.040 does not match 0.026 of technology file (NEX-007)
Warning: Parasitic Tech Library layer 'M3' parameter 'SMIN' = 0.040 does not match 0.026 of technology file (NEX-007)
Warning: Parasitic Tech Library layer 'M8' parameter 'WMIN' = 0.030 does not match 0.060 of technology file (NEX-007)
Warning: Parasitic Tech Library layer 'M8' parameter 'SMIN' = 0.060 does not match 0.040 of technology file (NEX-007)
Warning: Technology layer 'M4' setting 'pitch' is not valid (NEX-001)
Warning: Technology layer 'MRDL' setting 'pitch' is not valid (NEX-001)
Warning: Parasitic Tech Library layer 'M1' parameter 'SMIN' = 0.040 does not match 0.026 of technology file (NEX-007)
Warning: Parasitic Tech Library layer 'M2' parameter 'SMIN' = 0.040 does not match 0.026 of technology file (NEX-007)
Warning: Parasitic Tech Library layer 'M3' parameter 'SMIN' = 0.040 does not match 0.026 of technology file (NEX-007)
Warning: Technology layer 'M4' setting 'pitch' is not valid (NEX-001)
Warning: Technology layer 'MRDL' setting 'pitch' is not valid (NEX-001)
Warning: Parasitic Tech Library layer 'M1' parameter 'SMIN' = 0.040 does not match 0.026 of technology file (NEX-007)
Warning: Parasitic Tech Library layer 'M2' parameter 'SMIN' = 0.040 does not match 0.026 of technology file (NEX-007)
Warning: Parasitic Tech Library layer 'M3' parameter 'SMIN' = 0.040 does not match 0.026 of technology file (NEX-007)
Warning: Parasitic Tech Library layer 'M8' parameter 'WMIN' = 0.030 does not match 0.060 of technology file (NEX-007)
Warning: Parasitic Tech Library layer 'M8' parameter 'SMIN' = 0.060 does not match 0.040 of technology file (NEX-007)
Warning: Technology layer 'M4' setting 'pitch' is not valid (NEX-001)
Warning: Technology layer 'MRDL' setting 'pitch' is not valid (NEX-001)
Warning: Parasitic Tech Library layer 'M1' parameter 'SMIN' = 0.040 does not match 0.026 of technology file (NEX-007)
Warning: Parasitic Tech Library layer 'M2' parameter 'SMIN' = 0.040 does not match 0.026 of technology file (NEX-007)
Warning: Parasitic Tech Library layer 'M3' parameter 'SMIN' = 0.040 does not match 0.026 of technology file (NEX-007)
Warning: Technology layer 'M4' setting 'pitch' is not valid (NEX-001)
Warning: Technology layer 'MRDL' setting 'pitch' is not valid (NEX-001)
Warning: Parasitic Tech Library layer 'M1' parameter 'SMIN' = 0.040 does not match 0.026 of technology file (NEX-007)
Warning: Parasitic Tech Library layer 'M2' parameter 'SMIN' = 0.040 does not match 0.026 of technology file (NEX-007)
Warning: Parasitic Tech Library layer 'M3' parameter 'SMIN' = 0.040 does not match 0.026 of technology file (NEX-007)
Warning: Parasitic Tech Library layer 'M8' parameter 'WMIN' = 0.030 does not match 0.060 of technology file (NEX-007)
Warning: Parasitic Tech Library layer 'M8' parameter 'SMIN' = 0.060 does not match 0.040 of technology file (NEX-007)
Warning: Technology layer 'M4' setting 'pitch' is not valid (NEX-001)
Warning: Technology layer 'MRDL' setting 'pitch' is not valid (NEX-001)
Warning: Parasitic Tech Library layer 'M1' parameter 'SMIN' = 0.040 does not match 0.026 of technology file (NEX-007)
Warning: Parasitic Tech Library layer 'M2' parameter 'SMIN' = 0.040 does not match 0.026 of technology file (NEX-007)
Warning: Parasitic Tech Library layer 'M3' parameter 'SMIN' = 0.040 does not match 0.026 of technology file (NEX-007)
Warning: Technology layer 'M4' setting 'pitch' is not valid (NEX-001)
Warning: Technology layer 'MRDL' setting 'pitch' is not valid (NEX-001)
Warning: Parasitic Tech Library layer 'M1' parameter 'SMIN' = 0.040 does not match 0.026 of technology file (NEX-007)
Warning: Parasitic Tech Library layer 'M2' parameter 'SMIN' = 0.040 does not match 0.026 of technology file (NEX-007)
Warning: Parasitic Tech Library layer 'M3' parameter 'SMIN' = 0.040 does not match 0.026 of technology file (NEX-007)
Warning: Parasitic Tech Library layer 'M8' parameter 'WMIN' = 0.030 does not match 0.060 of technology file (NEX-007)
Warning: Parasitic Tech Library layer 'M8' parameter 'SMIN' = 0.060 does not match 0.040 of technology file (NEX-007)
Warning: Technology layer 'M4' setting 'pitch' is not valid (NEX-001)
Warning: Technology layer 'MRDL' setting 'pitch' is not valid (NEX-001)
Warning: Parasitic Tech Library layer 'M1' parameter 'SMIN' = 0.040 does not match 0.026 of technology file (NEX-007)
Warning: Parasitic Tech Library layer 'M2' parameter 'SMIN' = 0.040 does not match 0.026 of technology file (NEX-007)
Warning: Parasitic Tech Library layer 'M3' parameter 'SMIN' = 0.040 does not match 0.026 of technology file (NEX-007)
Warning: Technology layer 'M4' setting 'pitch' is not valid (NEX-001)
Warning: Technology layer 'MRDL' setting 'pitch' is not valid (NEX-001)
Warning: Parasitic Tech Library layer 'M1' parameter 'SMIN' = 0.040 does not match 0.026 of technology file (NEX-007)
Warning: Parasitic Tech Library layer 'M2' parameter 'SMIN' = 0.040 does not match 0.026 of technology file (NEX-007)
Warning: Parasitic Tech Library layer 'M3' parameter 'SMIN' = 0.040 does not match 0.026 of technology file (NEX-007)
Warning: Parasitic Tech Library layer 'M8' parameter 'WMIN' = 0.030 does not match 0.060 of technology file (NEX-007)
Warning: Parasitic Tech Library layer 'M8' parameter 'SMIN' = 0.060 does not match 0.040 of technology file (NEX-007)
Warning: Technology layer 'M4' setting 'pitch' is not valid (NEX-001)
Warning: Technology layer 'MRDL' setting 'pitch' is not valid (NEX-001)
Warning: Parasitic Tech Library layer 'M1' parameter 'SMIN' = 0.040 does not match 0.026 of technology file (NEX-007)
Warning: Parasitic Tech Library layer 'M2' parameter 'SMIN' = 0.040 does not match 0.026 of technology file (NEX-007)
Warning: Parasitic Tech Library layer 'M3' parameter 'SMIN' = 0.040 does not match 0.026 of technology file (NEX-007)
Warning: Technology layer 'M4' setting 'pitch' is not valid (NEX-001)
Warning: Technology layer 'MRDL' setting 'pitch' is not valid (NEX-001)
Warning: Parasitic Tech Library layer 'M1' parameter 'SMIN' = 0.040 does not match 0.026 of technology file (NEX-007)
Warning: Parasitic Tech Library layer 'M2' parameter 'SMIN' = 0.040 does not match 0.026 of technology file (NEX-007)
Warning: Parasitic Tech Library layer 'M3' parameter 'SMIN' = 0.040 does not match 0.026 of technology file (NEX-007)
Warning: Parasitic Tech Library layer 'M8' parameter 'WMIN' = 0.030 does not match 0.060 of technology file (NEX-007)
Warning: Parasitic Tech Library layer 'M8' parameter 'SMIN' = 0.060 does not match 0.040 of technology file (NEX-007)
ORB: timingScenario func_slow_Cmax timingCorner slow_Cmax
INFO: No leakage and power scenarios. Using regular scenarios instead.
INFO: No active leakage scenarios. Leakage will be turned off
Warning: Technology layer 'M4' setting 'pitch' is not valid (NEX-001)
Warning: Technology layer 'MRDL' setting 'pitch' is not valid (NEX-001)
Warning: Parasitic Tech Library layer 'M1' parameter 'SMIN' = 0.040 does not match 0.026 of technology file (NEX-007)
Warning: Parasitic Tech Library layer 'M2' parameter 'SMIN' = 0.040 does not match 0.026 of technology file (NEX-007)
Warning: Parasitic Tech Library layer 'M3' parameter 'SMIN' = 0.040 does not match 0.026 of technology file (NEX-007)
ORB: Nominal = 0.007553  Design MT = inf  Target = 0.054855 (7.263 nominal)  MaxRC = 0.035405
Warning: Technology layer 'M4' setting 'pitch' is not valid (NEX-001)
Warning: Technology layer 'MRDL' setting 'pitch' is not valid (NEX-001)
Warning: Parasitic Tech Library layer 'M1' parameter 'SMIN' = 0.040 does not match 0.026 of technology file (NEX-007)
Warning: Parasitic Tech Library layer 'M2' parameter 'SMIN' = 0.040 does not match 0.026 of technology file (NEX-007)
Warning: Parasitic Tech Library layer 'M3' parameter 'SMIN' = 0.040 does not match 0.026 of technology file (NEX-007)
Warning: Technology layer 'M4' setting 'pitch' is not valid (NEX-001)
Warning: Technology layer 'MRDL' setting 'pitch' is not valid (NEX-001)
Warning: Parasitic Tech Library layer 'M1' parameter 'SMIN' = 0.040 does not match 0.026 of technology file (NEX-007)
Warning: Parasitic Tech Library layer 'M2' parameter 'SMIN' = 0.040 does not match 0.026 of technology file (NEX-007)
Warning: Parasitic Tech Library layer 'M3' parameter 'SMIN' = 0.040 does not match 0.026 of technology file (NEX-007)
Warning: Parasitic Tech Library layer 'M8' parameter 'WMIN' = 0.030 does not match 0.060 of technology file (NEX-007)
Warning: Parasitic Tech Library layer 'M8' parameter 'SMIN' = 0.060 does not match 0.040 of technology file (NEX-007)
Warning: Technology layer 'M4' setting 'pitch' is not valid (NEX-001)
Warning: Technology layer 'MRDL' setting 'pitch' is not valid (NEX-001)
Warning: Parasitic Tech Library layer 'M1' parameter 'SMIN' = 0.040 does not match 0.026 of technology file (NEX-007)
Warning: Parasitic Tech Library layer 'M2' parameter 'SMIN' = 0.040 does not match 0.026 of technology file (NEX-007)
Warning: Parasitic Tech Library layer 'M3' parameter 'SMIN' = 0.040 does not match 0.026 of technology file (NEX-007)
Warning: Technology layer 'M4' setting 'pitch' is not valid (NEX-001)
Warning: Technology layer 'MRDL' setting 'pitch' is not valid (NEX-001)
Warning: Parasitic Tech Library layer 'M1' parameter 'SMIN' = 0.040 does not match 0.026 of technology file (NEX-007)
Warning: Parasitic Tech Library layer 'M2' parameter 'SMIN' = 0.040 does not match 0.026 of technology file (NEX-007)
Warning: Parasitic Tech Library layer 'M3' parameter 'SMIN' = 0.040 does not match 0.026 of technology file (NEX-007)
Warning: Parasitic Tech Library layer 'M8' parameter 'WMIN' = 0.030 does not match 0.060 of technology file (NEX-007)
Warning: Parasitic Tech Library layer 'M8' parameter 'SMIN' = 0.060 does not match 0.040 of technology file (NEX-007)
Warning: Technology layer 'M4' setting 'pitch' is not valid (NEX-001)
Warning: Technology layer 'MRDL' setting 'pitch' is not valid (NEX-001)
Warning: Parasitic Tech Library layer 'M1' parameter 'SMIN' = 0.040 does not match 0.026 of technology file (NEX-007)
Warning: Parasitic Tech Library layer 'M2' parameter 'SMIN' = 0.040 does not match 0.026 of technology file (NEX-007)
Warning: Parasitic Tech Library layer 'M3' parameter 'SMIN' = 0.040 does not match 0.026 of technology file (NEX-007)
Warning: Technology layer 'M4' setting 'pitch' is not valid (NEX-001)
Warning: Technology layer 'MRDL' setting 'pitch' is not valid (NEX-001)
Warning: Parasitic Tech Library layer 'M1' parameter 'SMIN' = 0.040 does not match 0.026 of technology file (NEX-007)
Warning: Parasitic Tech Library layer 'M2' parameter 'SMIN' = 0.040 does not match 0.026 of technology file (NEX-007)
Warning: Parasitic Tech Library layer 'M3' parameter 'SMIN' = 0.040 does not match 0.026 of technology file (NEX-007)
Warning: Parasitic Tech Library layer 'M8' parameter 'WMIN' = 0.030 does not match 0.060 of technology file (NEX-007)
Warning: Parasitic Tech Library layer 'M8' parameter 'SMIN' = 0.060 does not match 0.040 of technology file (NEX-007)
Warning: Technology layer 'M4' setting 'pitch' is not valid (NEX-001)
Warning: Technology layer 'MRDL' setting 'pitch' is not valid (NEX-001)
Warning: Parasitic Tech Library layer 'M1' parameter 'SMIN' = 0.040 does not match 0.026 of technology file (NEX-007)
Warning: Parasitic Tech Library layer 'M2' parameter 'SMIN' = 0.040 does not match 0.026 of technology file (NEX-007)
Warning: Parasitic Tech Library layer 'M3' parameter 'SMIN' = 0.040 does not match 0.026 of technology file (NEX-007)
Warning: Technology layer 'M4' setting 'pitch' is not valid (NEX-001)
Warning: Technology layer 'MRDL' setting 'pitch' is not valid (NEX-001)
Warning: Parasitic Tech Library layer 'M1' parameter 'SMIN' = 0.040 does not match 0.026 of technology file (NEX-007)
Warning: Parasitic Tech Library layer 'M2' parameter 'SMIN' = 0.040 does not match 0.026 of technology file (NEX-007)
Warning: Parasitic Tech Library layer 'M3' parameter 'SMIN' = 0.040 does not match 0.026 of technology file (NEX-007)
Warning: Parasitic Tech Library layer 'M8' parameter 'WMIN' = 0.030 does not match 0.060 of technology file (NEX-007)
Warning: Parasitic Tech Library layer 'M8' parameter 'SMIN' = 0.060 does not match 0.040 of technology file (NEX-007)
Warning: Technology layer 'M4' setting 'pitch' is not valid (NEX-001)
Warning: Technology layer 'MRDL' setting 'pitch' is not valid (NEX-001)
Warning: Parasitic Tech Library layer 'M1' parameter 'SMIN' = 0.040 does not match 0.026 of technology file (NEX-007)
Warning: Parasitic Tech Library layer 'M2' parameter 'SMIN' = 0.040 does not match 0.026 of technology file (NEX-007)
Warning: Parasitic Tech Library layer 'M3' parameter 'SMIN' = 0.040 does not match 0.026 of technology file (NEX-007)
Warning: Technology layer 'M4' setting 'pitch' is not valid (NEX-001)
Warning: Technology layer 'MRDL' setting 'pitch' is not valid (NEX-001)
Warning: Parasitic Tech Library layer 'M1' parameter 'SMIN' = 0.040 does not match 0.026 of technology file (NEX-007)
Warning: Parasitic Tech Library layer 'M2' parameter 'SMIN' = 0.040 does not match 0.026 of technology file (NEX-007)
Warning: Parasitic Tech Library layer 'M3' parameter 'SMIN' = 0.040 does not match 0.026 of technology file (NEX-007)
Warning: Parasitic Tech Library layer 'M8' parameter 'WMIN' = 0.030 does not match 0.060 of technology file (NEX-007)
Warning: Parasitic Tech Library layer 'M8' parameter 'SMIN' = 0.060 does not match 0.040 of technology file (NEX-007)
Warning: Technology layer 'M4' setting 'pitch' is not valid (NEX-001)
Warning: Technology layer 'MRDL' setting 'pitch' is not valid (NEX-001)
Warning: Parasitic Tech Library layer 'M1' parameter 'SMIN' = 0.040 does not match 0.026 of technology file (NEX-007)
Warning: Parasitic Tech Library layer 'M2' parameter 'SMIN' = 0.040 does not match 0.026 of technology file (NEX-007)
Warning: Parasitic Tech Library layer 'M3' parameter 'SMIN' = 0.040 does not match 0.026 of technology file (NEX-007)
Warning: Technology layer 'M4' setting 'pitch' is not valid (NEX-001)
Warning: Technology layer 'MRDL' setting 'pitch' is not valid (NEX-001)
Warning: Parasitic Tech Library layer 'M1' parameter 'SMIN' = 0.040 does not match 0.026 of technology file (NEX-007)
Warning: Parasitic Tech Library layer 'M2' parameter 'SMIN' = 0.040 does not match 0.026 of technology file (NEX-007)
Warning: Parasitic Tech Library layer 'M3' parameter 'SMIN' = 0.040 does not match 0.026 of technology file (NEX-007)
Warning: Parasitic Tech Library layer 'M8' parameter 'WMIN' = 0.030 does not match 0.060 of technology file (NEX-007)
Warning: Parasitic Tech Library layer 'M8' parameter 'SMIN' = 0.060 does not match 0.040 of technology file (NEX-007)
Warning: Technology layer 'M4' setting 'pitch' is not valid (NEX-001)
Warning: Technology layer 'MRDL' setting 'pitch' is not valid (NEX-001)
Warning: Parasitic Tech Library layer 'M1' parameter 'SMIN' = 0.040 does not match 0.026 of technology file (NEX-007)
Warning: Parasitic Tech Library layer 'M2' parameter 'SMIN' = 0.040 does not match 0.026 of technology file (NEX-007)
Warning: Parasitic Tech Library layer 'M3' parameter 'SMIN' = 0.040 does not match 0.026 of technology file (NEX-007)
Warning: Technology layer 'M4' setting 'pitch' is not valid (NEX-001)
Warning: Technology layer 'MRDL' setting 'pitch' is not valid (NEX-001)
Warning: Parasitic Tech Library layer 'M1' parameter 'SMIN' = 0.040 does not match 0.026 of technology file (NEX-007)
Warning: Parasitic Tech Library layer 'M2' parameter 'SMIN' = 0.040 does not match 0.026 of technology file (NEX-007)
Warning: Parasitic Tech Library layer 'M3' parameter 'SMIN' = 0.040 does not match 0.026 of technology file (NEX-007)
Warning: Parasitic Tech Library layer 'M8' parameter 'WMIN' = 0.030 does not match 0.060 of technology file (NEX-007)
Warning: Parasitic Tech Library layer 'M8' parameter 'SMIN' = 0.060 does not match 0.040 of technology file (NEX-007)
Warning: Technology layer 'M4' setting 'pitch' is not valid (NEX-001)
Warning: Technology layer 'MRDL' setting 'pitch' is not valid (NEX-001)
Warning: Parasitic Tech Library layer 'M1' parameter 'SMIN' = 0.040 does not match 0.026 of technology file (NEX-007)
Warning: Parasitic Tech Library layer 'M2' parameter 'SMIN' = 0.040 does not match 0.026 of technology file (NEX-007)
Warning: Parasitic Tech Library layer 'M3' parameter 'SMIN' = 0.040 does not match 0.026 of technology file (NEX-007)
Warning: Technology layer 'M4' setting 'pitch' is not valid (NEX-001)
Warning: Technology layer 'MRDL' setting 'pitch' is not valid (NEX-001)
Warning: Parasitic Tech Library layer 'M1' parameter 'SMIN' = 0.040 does not match 0.026 of technology file (NEX-007)
Warning: Parasitic Tech Library layer 'M2' parameter 'SMIN' = 0.040 does not match 0.026 of technology file (NEX-007)
Warning: Parasitic Tech Library layer 'M3' parameter 'SMIN' = 0.040 does not match 0.026 of technology file (NEX-007)
Warning: Parasitic Tech Library layer 'M8' parameter 'WMIN' = 0.030 does not match 0.060 of technology file (NEX-007)
Warning: Parasitic Tech Library layer 'M8' parameter 'SMIN' = 0.060 does not match 0.040 of technology file (NEX-007)
ORB: timingScenario func_slow_Cmax timingCorner slow_Cmax
INFO: No leakage and power scenarios. Using regular scenarios instead.
INFO: No active leakage scenarios. Leakage will be turned off
Warning: Technology layer 'M4' setting 'pitch' is not valid (NEX-001)
Warning: Technology layer 'MRDL' setting 'pitch' is not valid (NEX-001)
Warning: Parasitic Tech Library layer 'M1' parameter 'SMIN' = 0.040 does not match 0.026 of technology file (NEX-007)
Warning: Parasitic Tech Library layer 'M2' parameter 'SMIN' = 0.040 does not match 0.026 of technology file (NEX-007)
Warning: Parasitic Tech Library layer 'M3' parameter 'SMIN' = 0.040 does not match 0.026 of technology file (NEX-007)
ORB: Nominal = 0.007553  Design MT = inf  Target = 0.054855 (7.263 nominal)  MaxRC = 0.035405
Warning: Technology layer 'M4' setting 'pitch' is not valid (NEX-001)
Warning: Technology layer 'MRDL' setting 'pitch' is not valid (NEX-001)
Warning: Parasitic Tech Library layer 'M1' parameter 'SMIN' = 0.040 does not match 0.026 of technology file (NEX-007)
Warning: Parasitic Tech Library layer 'M2' parameter 'SMIN' = 0.040 does not match 0.026 of technology file (NEX-007)
Warning: Parasitic Tech Library layer 'M3' parameter 'SMIN' = 0.040 does not match 0.026 of technology file (NEX-007)
Warning: Technology layer 'M4' setting 'pitch' is not valid (NEX-001)
Warning: Technology layer 'MRDL' setting 'pitch' is not valid (NEX-001)
Warning: Parasitic Tech Library layer 'M1' parameter 'SMIN' = 0.040 does not match 0.026 of technology file (NEX-007)
Warning: Parasitic Tech Library layer 'M2' parameter 'SMIN' = 0.040 does not match 0.026 of technology file (NEX-007)
Warning: Parasitic Tech Library layer 'M3' parameter 'SMIN' = 0.040 does not match 0.026 of technology file (NEX-007)
Warning: Parasitic Tech Library layer 'M8' parameter 'WMIN' = 0.030 does not match 0.060 of technology file (NEX-007)
Warning: Parasitic Tech Library layer 'M8' parameter 'SMIN' = 0.060 does not match 0.040 of technology file (NEX-007)
Warning: Technology layer 'M4' setting 'pitch' is not valid (NEX-001)
Warning: Technology layer 'MRDL' setting 'pitch' is not valid (NEX-001)
Warning: Parasitic Tech Library layer 'M1' parameter 'SMIN' = 0.040 does not match 0.026 of technology file (NEX-007)
Warning: Parasitic Tech Library layer 'M2' parameter 'SMIN' = 0.040 does not match 0.026 of technology file (NEX-007)
Warning: Parasitic Tech Library layer 'M3' parameter 'SMIN' = 0.040 does not match 0.026 of technology file (NEX-007)
Warning: Technology layer 'M4' setting 'pitch' is not valid (NEX-001)
Warning: Technology layer 'MRDL' setting 'pitch' is not valid (NEX-001)
Warning: Parasitic Tech Library layer 'M1' parameter 'SMIN' = 0.040 does not match 0.026 of technology file (NEX-007)
Warning: Parasitic Tech Library layer 'M2' parameter 'SMIN' = 0.040 does not match 0.026 of technology file (NEX-007)
Warning: Parasitic Tech Library layer 'M3' parameter 'SMIN' = 0.040 does not match 0.026 of technology file (NEX-007)
Warning: Parasitic Tech Library layer 'M8' parameter 'WMIN' = 0.030 does not match 0.060 of technology file (NEX-007)
Warning: Parasitic Tech Library layer 'M8' parameter 'SMIN' = 0.060 does not match 0.040 of technology file (NEX-007)
Warning: Technology layer 'M4' setting 'pitch' is not valid (NEX-001)
Warning: Technology layer 'MRDL' setting 'pitch' is not valid (NEX-001)
Warning: Parasitic Tech Library layer 'M1' parameter 'SMIN' = 0.040 does not match 0.026 of technology file (NEX-007)
Warning: Parasitic Tech Library layer 'M2' parameter 'SMIN' = 0.040 does not match 0.026 of technology file (NEX-007)
Warning: Parasitic Tech Library layer 'M3' parameter 'SMIN' = 0.040 does not match 0.026 of technology file (NEX-007)
Warning: Technology layer 'M4' setting 'pitch' is not valid (NEX-001)
Warning: Technology layer 'MRDL' setting 'pitch' is not valid (NEX-001)
Warning: Parasitic Tech Library layer 'M1' parameter 'SMIN' = 0.040 does not match 0.026 of technology file (NEX-007)
Warning: Parasitic Tech Library layer 'M2' parameter 'SMIN' = 0.040 does not match 0.026 of technology file (NEX-007)
Warning: Parasitic Tech Library layer 'M3' parameter 'SMIN' = 0.040 does not match 0.026 of technology file (NEX-007)
Warning: Parasitic Tech Library layer 'M8' parameter 'WMIN' = 0.030 does not match 0.060 of technology file (NEX-007)
Warning: Parasitic Tech Library layer 'M8' parameter 'SMIN' = 0.060 does not match 0.040 of technology file (NEX-007)
Warning: Technology layer 'M4' setting 'pitch' is not valid (NEX-001)
Warning: Technology layer 'MRDL' setting 'pitch' is not valid (NEX-001)
Warning: Parasitic Tech Library layer 'M1' parameter 'SMIN' = 0.040 does not match 0.026 of technology file (NEX-007)
Warning: Parasitic Tech Library layer 'M2' parameter 'SMIN' = 0.040 does not match 0.026 of technology file (NEX-007)
Warning: Parasitic Tech Library layer 'M3' parameter 'SMIN' = 0.040 does not match 0.026 of technology file (NEX-007)
Warning: Technology layer 'M4' setting 'pitch' is not valid (NEX-001)
Warning: Technology layer 'MRDL' setting 'pitch' is not valid (NEX-001)
Warning: Parasitic Tech Library layer 'M1' parameter 'SMIN' = 0.040 does not match 0.026 of technology file (NEX-007)
Warning: Parasitic Tech Library layer 'M2' parameter 'SMIN' = 0.040 does not match 0.026 of technology file (NEX-007)
Warning: Parasitic Tech Library layer 'M3' parameter 'SMIN' = 0.040 does not match 0.026 of technology file (NEX-007)
Warning: Parasitic Tech Library layer 'M8' parameter 'WMIN' = 0.030 does not match 0.060 of technology file (NEX-007)
Warning: Parasitic Tech Library layer 'M8' parameter 'SMIN' = 0.060 does not match 0.040 of technology file (NEX-007)
Warning: Technology layer 'M4' setting 'pitch' is not valid (NEX-001)
Warning: Technology layer 'MRDL' setting 'pitch' is not valid (NEX-001)
Warning: Parasitic Tech Library layer 'M1' parameter 'SMIN' = 0.040 does not match 0.026 of technology file (NEX-007)
Warning: Parasitic Tech Library layer 'M2' parameter 'SMIN' = 0.040 does not match 0.026 of technology file (NEX-007)
Warning: Parasitic Tech Library layer 'M3' parameter 'SMIN' = 0.040 does not match 0.026 of technology file (NEX-007)
Warning: Technology layer 'M4' setting 'pitch' is not valid (NEX-001)
Warning: Technology layer 'MRDL' setting 'pitch' is not valid (NEX-001)
Warning: Parasitic Tech Library layer 'M1' parameter 'SMIN' = 0.040 does not match 0.026 of technology file (NEX-007)
Warning: Parasitic Tech Library layer 'M2' parameter 'SMIN' = 0.040 does not match 0.026 of technology file (NEX-007)
Warning: Parasitic Tech Library layer 'M3' parameter 'SMIN' = 0.040 does not match 0.026 of technology file (NEX-007)
Warning: Parasitic Tech Library layer 'M8' parameter 'WMIN' = 0.030 does not match 0.060 of technology file (NEX-007)
Warning: Parasitic Tech Library layer 'M8' parameter 'SMIN' = 0.060 does not match 0.040 of technology file (NEX-007)
Warning: Technology layer 'M4' setting 'pitch' is not valid (NEX-001)
Warning: Technology layer 'MRDL' setting 'pitch' is not valid (NEX-001)
Warning: Parasitic Tech Library layer 'M1' parameter 'SMIN' = 0.040 does not match 0.026 of technology file (NEX-007)
Warning: Parasitic Tech Library layer 'M2' parameter 'SMIN' = 0.040 does not match 0.026 of technology file (NEX-007)
Warning: Parasitic Tech Library layer 'M3' parameter 'SMIN' = 0.040 does not match 0.026 of technology file (NEX-007)
Warning: Technology layer 'M4' setting 'pitch' is not valid (NEX-001)
Warning: Technology layer 'MRDL' setting 'pitch' is not valid (NEX-001)
Warning: Parasitic Tech Library layer 'M1' parameter 'SMIN' = 0.040 does not match 0.026 of technology file (NEX-007)
Warning: Parasitic Tech Library layer 'M2' parameter 'SMIN' = 0.040 does not match 0.026 of technology file (NEX-007)
Warning: Parasitic Tech Library layer 'M3' parameter 'SMIN' = 0.040 does not match 0.026 of technology file (NEX-007)
Warning: Parasitic Tech Library layer 'M8' parameter 'WMIN' = 0.030 does not match 0.060 of technology file (NEX-007)
Warning: Parasitic Tech Library layer 'M8' parameter 'SMIN' = 0.060 does not match 0.040 of technology file (NEX-007)
Warning: Technology layer 'M4' setting 'pitch' is not valid (NEX-001)
Warning: Technology layer 'MRDL' setting 'pitch' is not valid (NEX-001)
Warning: Parasitic Tech Library layer 'M1' parameter 'SMIN' = 0.040 does not match 0.026 of technology file (NEX-007)
Warning: Parasitic Tech Library layer 'M2' parameter 'SMIN' = 0.040 does not match 0.026 of technology file (NEX-007)
Warning: Parasitic Tech Library layer 'M3' parameter 'SMIN' = 0.040 does not match 0.026 of technology file (NEX-007)
Warning: Technology layer 'M4' setting 'pitch' is not valid (NEX-001)
Warning: Technology layer 'MRDL' setting 'pitch' is not valid (NEX-001)
Warning: Parasitic Tech Library layer 'M1' parameter 'SMIN' = 0.040 does not match 0.026 of technology file (NEX-007)
Warning: Parasitic Tech Library layer 'M2' parameter 'SMIN' = 0.040 does not match 0.026 of technology file (NEX-007)
Warning: Parasitic Tech Library layer 'M3' parameter 'SMIN' = 0.040 does not match 0.026 of technology file (NEX-007)
Warning: Parasitic Tech Library layer 'M8' parameter 'WMIN' = 0.030 does not match 0.060 of technology file (NEX-007)
Warning: Parasitic Tech Library layer 'M8' parameter 'SMIN' = 0.060 does not match 0.040 of technology file (NEX-007)
Warning: Technology layer 'M4' setting 'pitch' is not valid (NEX-001)
Warning: Technology layer 'MRDL' setting 'pitch' is not valid (NEX-001)
Warning: Parasitic Tech Library layer 'M1' parameter 'SMIN' = 0.040 does not match 0.026 of technology file (NEX-007)
Warning: Parasitic Tech Library layer 'M2' parameter 'SMIN' = 0.040 does not match 0.026 of technology file (NEX-007)
Warning: Parasitic Tech Library layer 'M3' parameter 'SMIN' = 0.040 does not match 0.026 of technology file (NEX-007)
Warning: Technology layer 'M4' setting 'pitch' is not valid (NEX-001)
Warning: Technology layer 'MRDL' setting 'pitch' is not valid (NEX-001)
Warning: Parasitic Tech Library layer 'M1' parameter 'SMIN' = 0.040 does not match 0.026 of technology file (NEX-007)
Warning: Parasitic Tech Library layer 'M2' parameter 'SMIN' = 0.040 does not match 0.026 of technology file (NEX-007)
Warning: Parasitic Tech Library layer 'M3' parameter 'SMIN' = 0.040 does not match 0.026 of technology file (NEX-007)
Warning: Parasitic Tech Library layer 'M8' parameter 'WMIN' = 0.030 does not match 0.060 of technology file (NEX-007)
Warning: Parasitic Tech Library layer 'M8' parameter 'SMIN' = 0.060 does not match 0.040 of technology file (NEX-007)
ORB: timingScenario func_slow_Cmax timingCorner slow_Cmax
INFO: No leakage and power scenarios. Using regular scenarios instead.
INFO: No active leakage scenarios. Leakage will be turned off
Warning: Technology layer 'M4' setting 'pitch' is not valid (NEX-001)
Warning: Technology layer 'MRDL' setting 'pitch' is not valid (NEX-001)
Warning: Parasitic Tech Library layer 'M1' parameter 'SMIN' = 0.040 does not match 0.026 of technology file (NEX-007)
Warning: Parasitic Tech Library layer 'M2' parameter 'SMIN' = 0.040 does not match 0.026 of technology file (NEX-007)
Warning: Parasitic Tech Library layer 'M3' parameter 'SMIN' = 0.040 does not match 0.026 of technology file (NEX-007)
ORB: Nominal = 0.007553  Design MT = inf  Target = 0.054855 (7.263 nominal)  MaxRC = 0.035405
Warning: Technology layer 'M4' setting 'pitch' is not valid (NEX-001)
Warning: Technology layer 'MRDL' setting 'pitch' is not valid (NEX-001)
Warning: Parasitic Tech Library layer 'M1' parameter 'SMIN' = 0.040 does not match 0.026 of technology file (NEX-007)
Warning: Parasitic Tech Library layer 'M2' parameter 'SMIN' = 0.040 does not match 0.026 of technology file (NEX-007)
Warning: Parasitic Tech Library layer 'M3' parameter 'SMIN' = 0.040 does not match 0.026 of technology file (NEX-007)
Warning: Technology layer 'M4' setting 'pitch' is not valid (NEX-001)
Warning: Technology layer 'MRDL' setting 'pitch' is not valid (NEX-001)
Warning: Parasitic Tech Library layer 'M1' parameter 'SMIN' = 0.040 does not match 0.026 of technology file (NEX-007)
Warning: Parasitic Tech Library layer 'M2' parameter 'SMIN' = 0.040 does not match 0.026 of technology file (NEX-007)
Warning: Parasitic Tech Library layer 'M3' parameter 'SMIN' = 0.040 does not match 0.026 of technology file (NEX-007)
Warning: Parasitic Tech Library layer 'M8' parameter 'WMIN' = 0.030 does not match 0.060 of technology file (NEX-007)
Warning: Parasitic Tech Library layer 'M8' parameter 'SMIN' = 0.060 does not match 0.040 of technology file (NEX-007)
Warning: Technology layer 'M4' setting 'pitch' is not valid (NEX-001)
Warning: Technology layer 'MRDL' setting 'pitch' is not valid (NEX-001)
Warning: Parasitic Tech Library layer 'M1' parameter 'SMIN' = 0.040 does not match 0.026 of technology file (NEX-007)
Warning: Parasitic Tech Library layer 'M2' parameter 'SMIN' = 0.040 does not match 0.026 of technology file (NEX-007)
Warning: Parasitic Tech Library layer 'M3' parameter 'SMIN' = 0.040 does not match 0.026 of technology file (NEX-007)
Warning: Technology layer 'M4' setting 'pitch' is not valid (NEX-001)
Warning: Technology layer 'MRDL' setting 'pitch' is not valid (NEX-001)
Warning: Parasitic Tech Library layer 'M1' parameter 'SMIN' = 0.040 does not match 0.026 of technology file (NEX-007)
Warning: Parasitic Tech Library layer 'M2' parameter 'SMIN' = 0.040 does not match 0.026 of technology file (NEX-007)
Warning: Parasitic Tech Library layer 'M3' parameter 'SMIN' = 0.040 does not match 0.026 of technology file (NEX-007)
Warning: Parasitic Tech Library layer 'M8' parameter 'WMIN' = 0.030 does not match 0.060 of technology file (NEX-007)
Warning: Parasitic Tech Library layer 'M8' parameter 'SMIN' = 0.060 does not match 0.040 of technology file (NEX-007)
Warning: Technology layer 'M4' setting 'pitch' is not valid (NEX-001)
Warning: Technology layer 'MRDL' setting 'pitch' is not valid (NEX-001)
Warning: Parasitic Tech Library layer 'M1' parameter 'SMIN' = 0.040 does not match 0.026 of technology file (NEX-007)
Warning: Parasitic Tech Library layer 'M2' parameter 'SMIN' = 0.040 does not match 0.026 of technology file (NEX-007)
Warning: Parasitic Tech Library layer 'M3' parameter 'SMIN' = 0.040 does not match 0.026 of technology file (NEX-007)
Warning: Technology layer 'M4' setting 'pitch' is not valid (NEX-001)
Warning: Technology layer 'MRDL' setting 'pitch' is not valid (NEX-001)
Warning: Parasitic Tech Library layer 'M1' parameter 'SMIN' = 0.040 does not match 0.026 of technology file (NEX-007)
Warning: Parasitic Tech Library layer 'M2' parameter 'SMIN' = 0.040 does not match 0.026 of technology file (NEX-007)
Warning: Parasitic Tech Library layer 'M3' parameter 'SMIN' = 0.040 does not match 0.026 of technology file (NEX-007)
Warning: Parasitic Tech Library layer 'M8' parameter 'WMIN' = 0.030 does not match 0.060 of technology file (NEX-007)
Warning: Parasitic Tech Library layer 'M8' parameter 'SMIN' = 0.060 does not match 0.040 of technology file (NEX-007)
Warning: Technology layer 'M4' setting 'pitch' is not valid (NEX-001)
Warning: Technology layer 'MRDL' setting 'pitch' is not valid (NEX-001)
Warning: Parasitic Tech Library layer 'M1' parameter 'SMIN' = 0.040 does not match 0.026 of technology file (NEX-007)
Warning: Parasitic Tech Library layer 'M2' parameter 'SMIN' = 0.040 does not match 0.026 of technology file (NEX-007)
Warning: Parasitic Tech Library layer 'M3' parameter 'SMIN' = 0.040 does not match 0.026 of technology file (NEX-007)
Warning: Technology layer 'M4' setting 'pitch' is not valid (NEX-001)
Warning: Technology layer 'MRDL' setting 'pitch' is not valid (NEX-001)
Warning: Parasitic Tech Library layer 'M1' parameter 'SMIN' = 0.040 does not match 0.026 of technology file (NEX-007)
Warning: Parasitic Tech Library layer 'M2' parameter 'SMIN' = 0.040 does not match 0.026 of technology file (NEX-007)
Warning: Parasitic Tech Library layer 'M3' parameter 'SMIN' = 0.040 does not match 0.026 of technology file (NEX-007)
Warning: Parasitic Tech Library layer 'M8' parameter 'WMIN' = 0.030 does not match 0.060 of technology file (NEX-007)
Warning: Parasitic Tech Library layer 'M8' parameter 'SMIN' = 0.060 does not match 0.040 of technology file (NEX-007)
Warning: Technology layer 'M4' setting 'pitch' is not valid (NEX-001)
Warning: Technology layer 'MRDL' setting 'pitch' is not valid (NEX-001)
Warning: Parasitic Tech Library layer 'M1' parameter 'SMIN' = 0.040 does not match 0.026 of technology file (NEX-007)
Warning: Parasitic Tech Library layer 'M2' parameter 'SMIN' = 0.040 does not match 0.026 of technology file (NEX-007)
Warning: Parasitic Tech Library layer 'M3' parameter 'SMIN' = 0.040 does not match 0.026 of technology file (NEX-007)
Warning: Technology layer 'M4' setting 'pitch' is not valid (NEX-001)
Warning: Technology layer 'MRDL' setting 'pitch' is not valid (NEX-001)
Warning: Parasitic Tech Library layer 'M1' parameter 'SMIN' = 0.040 does not match 0.026 of technology file (NEX-007)
Warning: Parasitic Tech Library layer 'M2' parameter 'SMIN' = 0.040 does not match 0.026 of technology file (NEX-007)
Warning: Parasitic Tech Library layer 'M3' parameter 'SMIN' = 0.040 does not match 0.026 of technology file (NEX-007)
Warning: Parasitic Tech Library layer 'M8' parameter 'WMIN' = 0.030 does not match 0.060 of technology file (NEX-007)
Warning: Parasitic Tech Library layer 'M8' parameter 'SMIN' = 0.060 does not match 0.040 of technology file (NEX-007)
Warning: Technology layer 'M4' setting 'pitch' is not valid (NEX-001)
Warning: Technology layer 'MRDL' setting 'pitch' is not valid (NEX-001)
Warning: Parasitic Tech Library layer 'M1' parameter 'SMIN' = 0.040 does not match 0.026 of technology file (NEX-007)
Warning: Parasitic Tech Library layer 'M2' parameter 'SMIN' = 0.040 does not match 0.026 of technology file (NEX-007)
Warning: Parasitic Tech Library layer 'M3' parameter 'SMIN' = 0.040 does not match 0.026 of technology file (NEX-007)
Warning: Technology layer 'M4' setting 'pitch' is not valid (NEX-001)
Warning: Technology layer 'MRDL' setting 'pitch' is not valid (NEX-001)
Warning: Parasitic Tech Library layer 'M1' parameter 'SMIN' = 0.040 does not match 0.026 of technology file (NEX-007)
Warning: Parasitic Tech Library layer 'M2' parameter 'SMIN' = 0.040 does not match 0.026 of technology file (NEX-007)
Warning: Parasitic Tech Library layer 'M3' parameter 'SMIN' = 0.040 does not match 0.026 of technology file (NEX-007)
Warning: Parasitic Tech Library layer 'M8' parameter 'WMIN' = 0.030 does not match 0.060 of technology file (NEX-007)
Warning: Parasitic Tech Library layer 'M8' parameter 'SMIN' = 0.060 does not match 0.040 of technology file (NEX-007)
Warning: Technology layer 'M4' setting 'pitch' is not valid (NEX-001)
Warning: Technology layer 'MRDL' setting 'pitch' is not valid (NEX-001)
Warning: Parasitic Tech Library layer 'M1' parameter 'SMIN' = 0.040 does not match 0.026 of technology file (NEX-007)
Warning: Parasitic Tech Library layer 'M2' parameter 'SMIN' = 0.040 does not match 0.026 of technology file (NEX-007)
Warning: Parasitic Tech Library layer 'M3' parameter 'SMIN' = 0.040 does not match 0.026 of technology file (NEX-007)
Warning: Technology layer 'M4' setting 'pitch' is not valid (NEX-001)
Warning: Technology layer 'MRDL' setting 'pitch' is not valid (NEX-001)
Warning: Parasitic Tech Library layer 'M1' parameter 'SMIN' = 0.040 does not match 0.026 of technology file (NEX-007)
Warning: Parasitic Tech Library layer 'M2' parameter 'SMIN' = 0.040 does not match 0.026 of technology file (NEX-007)
Warning: Parasitic Tech Library layer 'M3' parameter 'SMIN' = 0.040 does not match 0.026 of technology file (NEX-007)
Warning: Parasitic Tech Library layer 'M8' parameter 'WMIN' = 0.030 does not match 0.060 of technology file (NEX-007)
Warning: Parasitic Tech Library layer 'M8' parameter 'SMIN' = 0.060 does not match 0.040 of technology file (NEX-007)
Warning: Technology layer 'M4' setting 'pitch' is not valid (NEX-001)
Warning: Technology layer 'MRDL' setting 'pitch' is not valid (NEX-001)
Warning: Parasitic Tech Library layer 'M1' parameter 'SMIN' = 0.040 does not match 0.026 of technology file (NEX-007)
Warning: Parasitic Tech Library layer 'M2' parameter 'SMIN' = 0.040 does not match 0.026 of technology file (NEX-007)
Warning: Parasitic Tech Library layer 'M3' parameter 'SMIN' = 0.040 does not match 0.026 of technology file (NEX-007)
Warning: Technology layer 'M4' setting 'pitch' is not valid (NEX-001)
Warning: Technology layer 'MRDL' setting 'pitch' is not valid (NEX-001)
Warning: Parasitic Tech Library layer 'M1' parameter 'SMIN' = 0.040 does not match 0.026 of technology file (NEX-007)
Warning: Parasitic Tech Library layer 'M2' parameter 'SMIN' = 0.040 does not match 0.026 of technology file (NEX-007)
Warning: Parasitic Tech Library layer 'M3' parameter 'SMIN' = 0.040 does not match 0.026 of technology file (NEX-007)
Warning: Parasitic Tech Library layer 'M8' parameter 'WMIN' = 0.030 does not match 0.060 of technology file (NEX-007)
Warning: Parasitic Tech Library layer 'M8' parameter 'SMIN' = 0.060 does not match 0.040 of technology file (NEX-007)
ORB: timingScenario func_slow_Cmax timingCorner slow_Cmax
INFO: No leakage and power scenarios. Using regular scenarios instead.
INFO: No active leakage scenarios. Leakage will be turned off
Warning: Technology layer 'M4' setting 'pitch' is not valid (NEX-001)
Warning: Technology layer 'MRDL' setting 'pitch' is not valid (NEX-001)
Warning: Parasitic Tech Library layer 'M1' parameter 'SMIN' = 0.040 does not match 0.026 of technology file (NEX-007)
Warning: Parasitic Tech Library layer 'M2' parameter 'SMIN' = 0.040 does not match 0.026 of technology file (NEX-007)
Warning: Parasitic Tech Library layer 'M3' parameter 'SMIN' = 0.040 does not match 0.026 of technology file (NEX-007)
ORB: Nominal = 0.007553  Design MT = inf  Target = 0.054855 (7.263 nominal)  MaxRC = 0.035405
Warning: Technology layer 'M4' setting 'pitch' is not valid (NEX-001)
Warning: Technology layer 'MRDL' setting 'pitch' is not valid (NEX-001)
Warning: Parasitic Tech Library layer 'M1' parameter 'SMIN' = 0.040 does not match 0.026 of technology file (NEX-007)
Warning: Parasitic Tech Library layer 'M2' parameter 'SMIN' = 0.040 does not match 0.026 of technology file (NEX-007)
Warning: Parasitic Tech Library layer 'M3' parameter 'SMIN' = 0.040 does not match 0.026 of technology file (NEX-007)
Warning: Technology layer 'M4' setting 'pitch' is not valid (NEX-001)
Warning: Technology layer 'MRDL' setting 'pitch' is not valid (NEX-001)
Warning: Parasitic Tech Library layer 'M1' parameter 'SMIN' = 0.040 does not match 0.026 of technology file (NEX-007)
Warning: Parasitic Tech Library layer 'M2' parameter 'SMIN' = 0.040 does not match 0.026 of technology file (NEX-007)
Warning: Parasitic Tech Library layer 'M3' parameter 'SMIN' = 0.040 does not match 0.026 of technology file (NEX-007)
Warning: Parasitic Tech Library layer 'M8' parameter 'WMIN' = 0.030 does not match 0.060 of technology file (NEX-007)
Warning: Parasitic Tech Library layer 'M8' parameter 'SMIN' = 0.060 does not match 0.040 of technology file (NEX-007)
Warning: Technology layer 'M4' setting 'pitch' is not valid (NEX-001)
Warning: Technology layer 'MRDL' setting 'pitch' is not valid (NEX-001)
Warning: Parasitic Tech Library layer 'M1' parameter 'SMIN' = 0.040 does not match 0.026 of technology file (NEX-007)
Warning: Parasitic Tech Library layer 'M2' parameter 'SMIN' = 0.040 does not match 0.026 of technology file (NEX-007)
Warning: Parasitic Tech Library layer 'M3' parameter 'SMIN' = 0.040 does not match 0.026 of technology file (NEX-007)
Warning: Technology layer 'M4' setting 'pitch' is not valid (NEX-001)
Warning: Technology layer 'MRDL' setting 'pitch' is not valid (NEX-001)
Warning: Parasitic Tech Library layer 'M1' parameter 'SMIN' = 0.040 does not match 0.026 of technology file (NEX-007)
Warning: Parasitic Tech Library layer 'M2' parameter 'SMIN' = 0.040 does not match 0.026 of technology file (NEX-007)
Warning: Parasitic Tech Library layer 'M3' parameter 'SMIN' = 0.040 does not match 0.026 of technology file (NEX-007)
Warning: Parasitic Tech Library layer 'M8' parameter 'WMIN' = 0.030 does not match 0.060 of technology file (NEX-007)
Warning: Parasitic Tech Library layer 'M8' parameter 'SMIN' = 0.060 does not match 0.040 of technology file (NEX-007)
Warning: Technology layer 'M4' setting 'pitch' is not valid (NEX-001)
Warning: Technology layer 'MRDL' setting 'pitch' is not valid (NEX-001)
Warning: Parasitic Tech Library layer 'M1' parameter 'SMIN' = 0.040 does not match 0.026 of technology file (NEX-007)
Warning: Parasitic Tech Library layer 'M2' parameter 'SMIN' = 0.040 does not match 0.026 of technology file (NEX-007)
Warning: Parasitic Tech Library layer 'M3' parameter 'SMIN' = 0.040 does not match 0.026 of technology file (NEX-007)
Warning: Technology layer 'M4' setting 'pitch' is not valid (NEX-001)
Warning: Technology layer 'MRDL' setting 'pitch' is not valid (NEX-001)
Warning: Parasitic Tech Library layer 'M1' parameter 'SMIN' = 0.040 does not match 0.026 of technology file (NEX-007)
Warning: Parasitic Tech Library layer 'M2' parameter 'SMIN' = 0.040 does not match 0.026 of technology file (NEX-007)
Warning: Parasitic Tech Library layer 'M3' parameter 'SMIN' = 0.040 does not match 0.026 of technology file (NEX-007)
Warning: Parasitic Tech Library layer 'M8' parameter 'WMIN' = 0.030 does not match 0.060 of technology file (NEX-007)
Warning: Parasitic Tech Library layer 'M8' parameter 'SMIN' = 0.060 does not match 0.040 of technology file (NEX-007)
Warning: Technology layer 'M4' setting 'pitch' is not valid (NEX-001)
Warning: Technology layer 'MRDL' setting 'pitch' is not valid (NEX-001)
Warning: Parasitic Tech Library layer 'M1' parameter 'SMIN' = 0.040 does not match 0.026 of technology file (NEX-007)
Warning: Parasitic Tech Library layer 'M2' parameter 'SMIN' = 0.040 does not match 0.026 of technology file (NEX-007)
Warning: Parasitic Tech Library layer 'M3' parameter 'SMIN' = 0.040 does not match 0.026 of technology file (NEX-007)
Warning: Technology layer 'M4' setting 'pitch' is not valid (NEX-001)
Warning: Technology layer 'MRDL' setting 'pitch' is not valid (NEX-001)
Warning: Parasitic Tech Library layer 'M1' parameter 'SMIN' = 0.040 does not match 0.026 of technology file (NEX-007)
Warning: Parasitic Tech Library layer 'M2' parameter 'SMIN' = 0.040 does not match 0.026 of technology file (NEX-007)
Warning: Parasitic Tech Library layer 'M3' parameter 'SMIN' = 0.040 does not match 0.026 of technology file (NEX-007)
Warning: Parasitic Tech Library layer 'M8' parameter 'WMIN' = 0.030 does not match 0.060 of technology file (NEX-007)
Warning: Parasitic Tech Library layer 'M8' parameter 'SMIN' = 0.060 does not match 0.040 of technology file (NEX-007)
Warning: Technology layer 'M4' setting 'pitch' is not valid (NEX-001)
Warning: Technology layer 'MRDL' setting 'pitch' is not valid (NEX-001)
Warning: Parasitic Tech Library layer 'M1' parameter 'SMIN' = 0.040 does not match 0.026 of technology file (NEX-007)
Warning: Parasitic Tech Library layer 'M2' parameter 'SMIN' = 0.040 does not match 0.026 of technology file (NEX-007)
Warning: Parasitic Tech Library layer 'M3' parameter 'SMIN' = 0.040 does not match 0.026 of technology file (NEX-007)
Warning: Technology layer 'M4' setting 'pitch' is not valid (NEX-001)
Warning: Technology layer 'MRDL' setting 'pitch' is not valid (NEX-001)
Warning: Parasitic Tech Library layer 'M1' parameter 'SMIN' = 0.040 does not match 0.026 of technology file (NEX-007)
Warning: Parasitic Tech Library layer 'M2' parameter 'SMIN' = 0.040 does not match 0.026 of technology file (NEX-007)
Warning: Parasitic Tech Library layer 'M3' parameter 'SMIN' = 0.040 does not match 0.026 of technology file (NEX-007)
Warning: Parasitic Tech Library layer 'M8' parameter 'WMIN' = 0.030 does not match 0.060 of technology file (NEX-007)
Warning: Parasitic Tech Library layer 'M8' parameter 'SMIN' = 0.060 does not match 0.040 of technology file (NEX-007)
Warning: Technology layer 'M4' setting 'pitch' is not valid (NEX-001)
Warning: Technology layer 'MRDL' setting 'pitch' is not valid (NEX-001)
Warning: Parasitic Tech Library layer 'M1' parameter 'SMIN' = 0.040 does not match 0.026 of technology file (NEX-007)
Warning: Parasitic Tech Library layer 'M2' parameter 'SMIN' = 0.040 does not match 0.026 of technology file (NEX-007)
Warning: Parasitic Tech Library layer 'M3' parameter 'SMIN' = 0.040 does not match 0.026 of technology file (NEX-007)
Warning: Technology layer 'M4' setting 'pitch' is not valid (NEX-001)
Warning: Technology layer 'MRDL' setting 'pitch' is not valid (NEX-001)
Warning: Parasitic Tech Library layer 'M1' parameter 'SMIN' = 0.040 does not match 0.026 of technology file (NEX-007)
Warning: Parasitic Tech Library layer 'M2' parameter 'SMIN' = 0.040 does not match 0.026 of technology file (NEX-007)
Warning: Parasitic Tech Library layer 'M3' parameter 'SMIN' = 0.040 does not match 0.026 of technology file (NEX-007)
Warning: Parasitic Tech Library layer 'M8' parameter 'WMIN' = 0.030 does not match 0.060 of technology file (NEX-007)
Warning: Parasitic Tech Library layer 'M8' parameter 'SMIN' = 0.060 does not match 0.040 of technology file (NEX-007)
Warning: Technology layer 'M4' setting 'pitch' is not valid (NEX-001)
Warning: Technology layer 'MRDL' setting 'pitch' is not valid (NEX-001)
Warning: Parasitic Tech Library layer 'M1' parameter 'SMIN' = 0.040 does not match 0.026 of technology file (NEX-007)
Warning: Parasitic Tech Library layer 'M2' parameter 'SMIN' = 0.040 does not match 0.026 of technology file (NEX-007)
Warning: Parasitic Tech Library layer 'M3' parameter 'SMIN' = 0.040 does not match 0.026 of technology file (NEX-007)
Warning: Technology layer 'M4' setting 'pitch' is not valid (NEX-001)
Warning: Technology layer 'MRDL' setting 'pitch' is not valid (NEX-001)
Warning: Parasitic Tech Library layer 'M1' parameter 'SMIN' = 0.040 does not match 0.026 of technology file (NEX-007)
Warning: Parasitic Tech Library layer 'M2' parameter 'SMIN' = 0.040 does not match 0.026 of technology file (NEX-007)
Warning: Parasitic Tech Library layer 'M3' parameter 'SMIN' = 0.040 does not match 0.026 of technology file (NEX-007)
Warning: Parasitic Tech Library layer 'M8' parameter 'WMIN' = 0.030 does not match 0.060 of technology file (NEX-007)
Warning: Parasitic Tech Library layer 'M8' parameter 'SMIN' = 0.060 does not match 0.040 of technology file (NEX-007)
Warning: Technology layer 'M4' setting 'pitch' is not valid (NEX-001)
Warning: Technology layer 'MRDL' setting 'pitch' is not valid (NEX-001)
Warning: Parasitic Tech Library layer 'M1' parameter 'SMIN' = 0.040 does not match 0.026 of technology file (NEX-007)
Warning: Parasitic Tech Library layer 'M2' parameter 'SMIN' = 0.040 does not match 0.026 of technology file (NEX-007)
Warning: Parasitic Tech Library layer 'M3' parameter 'SMIN' = 0.040 does not match 0.026 of technology file (NEX-007)
Warning: Technology layer 'M4' setting 'pitch' is not valid (NEX-001)
Warning: Technology layer 'MRDL' setting 'pitch' is not valid (NEX-001)
Warning: Parasitic Tech Library layer 'M1' parameter 'SMIN' = 0.040 does not match 0.026 of technology file (NEX-007)
Warning: Parasitic Tech Library layer 'M2' parameter 'SMIN' = 0.040 does not match 0.026 of technology file (NEX-007)
Warning: Parasitic Tech Library layer 'M3' parameter 'SMIN' = 0.040 does not match 0.026 of technology file (NEX-007)
Warning: Parasitic Tech Library layer 'M8' parameter 'WMIN' = 0.030 does not match 0.060 of technology file (NEX-007)
Warning: Parasitic Tech Library layer 'M8' parameter 'SMIN' = 0.060 does not match 0.040 of technology file (NEX-007)
ORB: timingScenario func_slow_Cmax timingCorner slow_Cmax
INFO: No leakage and power scenarios. Using regular scenarios instead.
INFO: No active leakage scenarios. Leakage will be turned off
Warning: Technology layer 'M4' setting 'pitch' is not valid (NEX-001)
Warning: Technology layer 'MRDL' setting 'pitch' is not valid (NEX-001)
Warning: Parasitic Tech Library layer 'M1' parameter 'SMIN' = 0.040 does not match 0.026 of technology file (NEX-007)
Warning: Parasitic Tech Library layer 'M2' parameter 'SMIN' = 0.040 does not match 0.026 of technology file (NEX-007)
Warning: Parasitic Tech Library layer 'M3' parameter 'SMIN' = 0.040 does not match 0.026 of technology file (NEX-007)
ORB: Nominal = 0.007553  Design MT = inf  Target = 0.054855 (7.263 nominal)  MaxRC = 0.035405
Warning: Technology layer 'M4' setting 'pitch' is not valid (NEX-001)
Warning: Technology layer 'MRDL' setting 'pitch' is not valid (NEX-001)
Warning: Parasitic Tech Library layer 'M1' parameter 'SMIN' = 0.040 does not match 0.026 of technology file (NEX-007)
Warning: Parasitic Tech Library layer 'M2' parameter 'SMIN' = 0.040 does not match 0.026 of technology file (NEX-007)
Warning: Parasitic Tech Library layer 'M3' parameter 'SMIN' = 0.040 does not match 0.026 of technology file (NEX-007)
Warning: Technology layer 'M4' setting 'pitch' is not valid (NEX-001)
Warning: Technology layer 'MRDL' setting 'pitch' is not valid (NEX-001)
Warning: Parasitic Tech Library layer 'M1' parameter 'SMIN' = 0.040 does not match 0.026 of technology file (NEX-007)
Warning: Parasitic Tech Library layer 'M2' parameter 'SMIN' = 0.040 does not match 0.026 of technology file (NEX-007)
Warning: Parasitic Tech Library layer 'M3' parameter 'SMIN' = 0.040 does not match 0.026 of technology file (NEX-007)
Warning: Parasitic Tech Library layer 'M8' parameter 'WMIN' = 0.030 does not match 0.060 of technology file (NEX-007)
Warning: Parasitic Tech Library layer 'M8' parameter 'SMIN' = 0.060 does not match 0.040 of technology file (NEX-007)
Warning: Technology layer 'M4' setting 'pitch' is not valid (NEX-001)
Warning: Technology layer 'MRDL' setting 'pitch' is not valid (NEX-001)
Warning: Parasitic Tech Library layer 'M1' parameter 'SMIN' = 0.040 does not match 0.026 of technology file (NEX-007)
Warning: Parasitic Tech Library layer 'M2' parameter 'SMIN' = 0.040 does not match 0.026 of technology file (NEX-007)
Warning: Parasitic Tech Library layer 'M3' parameter 'SMIN' = 0.040 does not match 0.026 of technology file (NEX-007)
Warning: Technology layer 'M4' setting 'pitch' is not valid (NEX-001)
Warning: Technology layer 'MRDL' setting 'pitch' is not valid (NEX-001)
Warning: Parasitic Tech Library layer 'M1' parameter 'SMIN' = 0.040 does not match 0.026 of technology file (NEX-007)
Warning: Parasitic Tech Library layer 'M2' parameter 'SMIN' = 0.040 does not match 0.026 of technology file (NEX-007)
Warning: Parasitic Tech Library layer 'M3' parameter 'SMIN' = 0.040 does not match 0.026 of technology file (NEX-007)
Warning: Parasitic Tech Library layer 'M8' parameter 'WMIN' = 0.030 does not match 0.060 of technology file (NEX-007)
Warning: Parasitic Tech Library layer 'M8' parameter 'SMIN' = 0.060 does not match 0.040 of technology file (NEX-007)
Warning: Technology layer 'M4' setting 'pitch' is not valid (NEX-001)
Warning: Technology layer 'MRDL' setting 'pitch' is not valid (NEX-001)
Warning: Parasitic Tech Library layer 'M1' parameter 'SMIN' = 0.040 does not match 0.026 of technology file (NEX-007)
Warning: Parasitic Tech Library layer 'M2' parameter 'SMIN' = 0.040 does not match 0.026 of technology file (NEX-007)
Warning: Parasitic Tech Library layer 'M3' parameter 'SMIN' = 0.040 does not match 0.026 of technology file (NEX-007)
Warning: Technology layer 'M4' setting 'pitch' is not valid (NEX-001)
Warning: Technology layer 'MRDL' setting 'pitch' is not valid (NEX-001)
Warning: Parasitic Tech Library layer 'M1' parameter 'SMIN' = 0.040 does not match 0.026 of technology file (NEX-007)
Warning: Parasitic Tech Library layer 'M2' parameter 'SMIN' = 0.040 does not match 0.026 of technology file (NEX-007)
Warning: Parasitic Tech Library layer 'M3' parameter 'SMIN' = 0.040 does not match 0.026 of technology file (NEX-007)
Warning: Parasitic Tech Library layer 'M8' parameter 'WMIN' = 0.030 does not match 0.060 of technology file (NEX-007)
Warning: Parasitic Tech Library layer 'M8' parameter 'SMIN' = 0.060 does not match 0.040 of technology file (NEX-007)
Warning: Technology layer 'M4' setting 'pitch' is not valid (NEX-001)
Warning: Technology layer 'MRDL' setting 'pitch' is not valid (NEX-001)
Warning: Parasitic Tech Library layer 'M1' parameter 'SMIN' = 0.040 does not match 0.026 of technology file (NEX-007)
Warning: Parasitic Tech Library layer 'M2' parameter 'SMIN' = 0.040 does not match 0.026 of technology file (NEX-007)
Warning: Parasitic Tech Library layer 'M3' parameter 'SMIN' = 0.040 does not match 0.026 of technology file (NEX-007)
Warning: Technology layer 'M4' setting 'pitch' is not valid (NEX-001)
Warning: Technology layer 'MRDL' setting 'pitch' is not valid (NEX-001)
Warning: Parasitic Tech Library layer 'M1' parameter 'SMIN' = 0.040 does not match 0.026 of technology file (NEX-007)
Warning: Parasitic Tech Library layer 'M2' parameter 'SMIN' = 0.040 does not match 0.026 of technology file (NEX-007)
Warning: Parasitic Tech Library layer 'M3' parameter 'SMIN' = 0.040 does not match 0.026 of technology file (NEX-007)
Warning: Parasitic Tech Library layer 'M8' parameter 'WMIN' = 0.030 does not match 0.060 of technology file (NEX-007)
Warning: Parasitic Tech Library layer 'M8' parameter 'SMIN' = 0.060 does not match 0.040 of technology file (NEX-007)
Warning: Technology layer 'M4' setting 'pitch' is not valid (NEX-001)
Warning: Technology layer 'MRDL' setting 'pitch' is not valid (NEX-001)
Warning: Parasitic Tech Library layer 'M1' parameter 'SMIN' = 0.040 does not match 0.026 of technology file (NEX-007)
Warning: Parasitic Tech Library layer 'M2' parameter 'SMIN' = 0.040 does not match 0.026 of technology file (NEX-007)
Warning: Parasitic Tech Library layer 'M3' parameter 'SMIN' = 0.040 does not match 0.026 of technology file (NEX-007)
Warning: Technology layer 'M4' setting 'pitch' is not valid (NEX-001)
Warning: Technology layer 'MRDL' setting 'pitch' is not valid (NEX-001)
Warning: Parasitic Tech Library layer 'M1' parameter 'SMIN' = 0.040 does not match 0.026 of technology file (NEX-007)
Warning: Parasitic Tech Library layer 'M2' parameter 'SMIN' = 0.040 does not match 0.026 of technology file (NEX-007)
Warning: Parasitic Tech Library layer 'M3' parameter 'SMIN' = 0.040 does not match 0.026 of technology file (NEX-007)
Warning: Parasitic Tech Library layer 'M8' parameter 'WMIN' = 0.030 does not match 0.060 of technology file (NEX-007)
Warning: Parasitic Tech Library layer 'M8' parameter 'SMIN' = 0.060 does not match 0.040 of technology file (NEX-007)
Warning: Technology layer 'M4' setting 'pitch' is not valid (NEX-001)
Warning: Technology layer 'MRDL' setting 'pitch' is not valid (NEX-001)
Warning: Parasitic Tech Library layer 'M1' parameter 'SMIN' = 0.040 does not match 0.026 of technology file (NEX-007)
Warning: Parasitic Tech Library layer 'M2' parameter 'SMIN' = 0.040 does not match 0.026 of technology file (NEX-007)
Warning: Parasitic Tech Library layer 'M3' parameter 'SMIN' = 0.040 does not match 0.026 of technology file (NEX-007)
Warning: Technology layer 'M4' setting 'pitch' is not valid (NEX-001)
Warning: Technology layer 'MRDL' setting 'pitch' is not valid (NEX-001)
Warning: Parasitic Tech Library layer 'M1' parameter 'SMIN' = 0.040 does not match 0.026 of technology file (NEX-007)
Warning: Parasitic Tech Library layer 'M2' parameter 'SMIN' = 0.040 does not match 0.026 of technology file (NEX-007)
Warning: Parasitic Tech Library layer 'M3' parameter 'SMIN' = 0.040 does not match 0.026 of technology file (NEX-007)
Warning: Parasitic Tech Library layer 'M8' parameter 'WMIN' = 0.030 does not match 0.060 of technology file (NEX-007)
Warning: Parasitic Tech Library layer 'M8' parameter 'SMIN' = 0.060 does not match 0.040 of technology file (NEX-007)
Warning: Technology layer 'M4' setting 'pitch' is not valid (NEX-001)
Warning: Technology layer 'MRDL' setting 'pitch' is not valid (NEX-001)
Warning: Parasitic Tech Library layer 'M1' parameter 'SMIN' = 0.040 does not match 0.026 of technology file (NEX-007)
Warning: Parasitic Tech Library layer 'M2' parameter 'SMIN' = 0.040 does not match 0.026 of technology file (NEX-007)
Warning: Parasitic Tech Library layer 'M3' parameter 'SMIN' = 0.040 does not match 0.026 of technology file (NEX-007)
Warning: Technology layer 'M4' setting 'pitch' is not valid (NEX-001)
Warning: Technology layer 'MRDL' setting 'pitch' is not valid (NEX-001)
Warning: Parasitic Tech Library layer 'M1' parameter 'SMIN' = 0.040 does not match 0.026 of technology file (NEX-007)
Warning: Parasitic Tech Library layer 'M2' parameter 'SMIN' = 0.040 does not match 0.026 of technology file (NEX-007)
Warning: Parasitic Tech Library layer 'M3' parameter 'SMIN' = 0.040 does not match 0.026 of technology file (NEX-007)
Warning: Parasitic Tech Library layer 'M8' parameter 'WMIN' = 0.030 does not match 0.060 of technology file (NEX-007)
Warning: Parasitic Tech Library layer 'M8' parameter 'SMIN' = 0.060 does not match 0.040 of technology file (NEX-007)
Warning: Technology layer 'M4' setting 'pitch' is not valid (NEX-001)
Warning: Technology layer 'MRDL' setting 'pitch' is not valid (NEX-001)
Warning: Parasitic Tech Library layer 'M1' parameter 'SMIN' = 0.040 does not match 0.026 of technology file (NEX-007)
Warning: Parasitic Tech Library layer 'M2' parameter 'SMIN' = 0.040 does not match 0.026 of technology file (NEX-007)
Warning: Parasitic Tech Library layer 'M3' parameter 'SMIN' = 0.040 does not match 0.026 of technology file (NEX-007)
Warning: Technology layer 'M4' setting 'pitch' is not valid (NEX-001)
Warning: Technology layer 'MRDL' setting 'pitch' is not valid (NEX-001)
Warning: Parasitic Tech Library layer 'M1' parameter 'SMIN' = 0.040 does not match 0.026 of technology file (NEX-007)
Warning: Parasitic Tech Library layer 'M2' parameter 'SMIN' = 0.040 does not match 0.026 of technology file (NEX-007)
Warning: Parasitic Tech Library layer 'M3' parameter 'SMIN' = 0.040 does not match 0.026 of technology file (NEX-007)
Warning: Parasitic Tech Library layer 'M8' parameter 'WMIN' = 0.030 does not match 0.060 of technology file (NEX-007)
Warning: Parasitic Tech Library layer 'M8' parameter 'SMIN' = 0.060 does not match 0.040 of technology file (NEX-007)
ORB: timingScenario func_slow_Cmax timingCorner slow_Cmax
INFO: No leakage and power scenarios. Using regular scenarios instead.
INFO: No active leakage scenarios. Leakage will be turned off
Warning: Technology layer 'M4' setting 'pitch' is not valid (NEX-001)
Warning: Technology layer 'MRDL' setting 'pitch' is not valid (NEX-001)
Warning: Parasitic Tech Library layer 'M1' parameter 'SMIN' = 0.040 does not match 0.026 of technology file (NEX-007)
Warning: Parasitic Tech Library layer 'M2' parameter 'SMIN' = 0.040 does not match 0.026 of technology file (NEX-007)
Warning: Parasitic Tech Library layer 'M3' parameter 'SMIN' = 0.040 does not match 0.026 of technology file (NEX-007)
ORB: Nominal = 0.007553  Design MT = inf  Target = 0.054855 (7.263 nominal)  MaxRC = 0.035405
npo-clock-opt optimization Phase 2 Iter  3          0.00      0.00         7       0.016           -           0.049
Warning: Technology layer 'M4' setting 'pitch' is not valid (NEX-001)
Warning: Technology layer 'MRDL' setting 'pitch' is not valid (NEX-001)
Warning: Parasitic Tech Library layer 'M1' parameter 'SMIN' = 0.040 does not match 0.026 of technology file (NEX-007)
Warning: Parasitic Tech Library layer 'M2' parameter 'SMIN' = 0.040 does not match 0.026 of technology file (NEX-007)
Warning: Parasitic Tech Library layer 'M3' parameter 'SMIN' = 0.040 does not match 0.026 of technology file (NEX-007)
Warning: Technology layer 'M4' setting 'pitch' is not valid (NEX-001)
Warning: Technology layer 'MRDL' setting 'pitch' is not valid (NEX-001)
Warning: Parasitic Tech Library layer 'M1' parameter 'SMIN' = 0.040 does not match 0.026 of technology file (NEX-007)
Warning: Parasitic Tech Library layer 'M2' parameter 'SMIN' = 0.040 does not match 0.026 of technology file (NEX-007)
Warning: Parasitic Tech Library layer 'M3' parameter 'SMIN' = 0.040 does not match 0.026 of technology file (NEX-007)
Warning: Technology layer 'M4' setting 'pitch' is not valid (NEX-001)
Warning: Technology layer 'MRDL' setting 'pitch' is not valid (NEX-001)
Warning: Parasitic Tech Library layer 'M1' parameter 'SMIN' = 0.040 does not match 0.026 of technology file (NEX-007)
Warning: Parasitic Tech Library layer 'M2' parameter 'SMIN' = 0.040 does not match 0.026 of technology file (NEX-007)
Warning: Parasitic Tech Library layer 'M3' parameter 'SMIN' = 0.040 does not match 0.026 of technology file (NEX-007)

Layer name: M1, Mask name: metal1, Layer number: 19
Layer name: M2, Mask name: metal2, Layer number: 21
Layer name: M3, Mask name: metal3, Layer number: 23
Layer name: M4, Mask name: metal4, Layer number: 25
Layer name: M5, Mask name: metal5, Layer number: 27
Layer name: M6, Mask name: metal6, Layer number: 29
Layer name: M7, Mask name: metal7, Layer number: 31
Layer name: M8, Mask name: metal8, Layer number: 33
Layer name: M9, Mask name: metal9, Layer number: 35
CCL: Total Usage Adjustment : 1
route.global.debug_compact_coef 4
Warning: Cell contains tie connections which are not connected to real PG. (ZRT-511)
Turn off antenna since no rule is specified
Cell Min-Routing-Layer = M1
Cell Max-Routing-Layer = M9
Warning: There is no constraint to limit maximum number of secondary power and ground (PG) pins in a cluster. (ZRT-536)
Warning: There is no constraint to limit maximum number of secondary power and ground (PG) pins in a cluster. (ZRT-536)
Warning: There is no constraint to limit maximum number of secondary power and ground (PG) pins in a cluster. (ZRT-536)
Warning: There is no constraint to limit maximum number of secondary power and ground (PG) pins in a cluster. (ZRT-536)
Warning: There is no constraint to limit maximum number of secondary power and ground (PG) pins in a cluster. (ZRT-536)
Warning: There is no constraint to limit maximum number of secondary power and ground (PG) pins in a cluster. (ZRT-536)
Warning: There is no constraint to limit maximum number of secondary power and ground (PG) pins in a cluster. (ZRT-536)
Warning: There is no constraint to limit maximum number of secondary power and ground (PG) pins in a cluster. (ZRT-536)
Warning: There is no constraint to limit maximum number of secondary power and ground (PG) pins in a cluster. (ZRT-536)
Warning: There is no constraint to limit maximum number of secondary power and ground (PG) pins in a cluster. (ZRT-536)
Warning: There is no constraint to limit maximum number of secondary power and ground (PG) pins in a cluster. (ZRT-536)
Warning: There is no constraint to limit maximum number of secondary power and ground (PG) pins in a cluster. (ZRT-536)
Warning: There is no constraint to limit maximum number of secondary power and ground (PG) pins in a cluster. (ZRT-536)
Warning: There is no constraint to limit maximum number of secondary power and ground (PG) pins in a cluster. (ZRT-536)
Warning: There is no constraint to limit maximum number of secondary power and ground (PG) pins in a cluster. (ZRT-536)
Warning: There is no constraint to limit maximum number of secondary power and ground (PG) pins in a cluster. (ZRT-536)
Warning: Ignore 2 top cell ports with no pins. (ZRT-027)
Skipping 3 internal pins that are not physical. Set route.common.verbose_level to > 0 and run routing command to get skipped pin names.
Info: number of net_type_blockage: 0 
Via on layer (VIA1) needs more than one tracks
Warning: Layer M1 pitch 0.074 may be too small: wire/via-down 0.074, wire/via-up 0.098. (ZRT-026)
Via on layer (VIA1) needs more than one tracks
Warning: Layer M2 pitch 0.060 may be too small: wire/via-down 0.098, wire/via-up 0.060. (ZRT-026)
Via on layer (VIA3) needs more than one tracks
Warning: Layer M3 pitch 0.074 may be too small: wire/via-down 0.060, wire/via-up 0.080. (ZRT-026)
Wire on layer (M4) needs more than one tracks
Via on layer (VIA3) needs more than one tracks
Via on layer (VIA4) needs more than one tracks
Warning: Layer M4 pitch 0.074 may be too small: wire/via-down 0.107, wire/via-up 0.105. (ZRT-026)
Via on layer (VIA4) needs more than one tracks
Warning: Layer M5 pitch 0.120 may be too small: wire/via-down 0.135, wire/via-up 0.107. (ZRT-026)
Via on layer (VIA8) needs more than one tracks
Warning: Layer M8 pitch 0.120 may be too small: wire/via-down 0.107, wire/via-up 0.135. (ZRT-026)
Wire on layer (M9) needs more than one tracks
Via on layer (VIA8) needs more than one tracks
Via on layer (VIARDL) needs more than one tracks
Warning: Layer M9 pitch 0.120 may be too small: wire/via-down 0.135, wire/via-up 1.570. (ZRT-026)
Via on layer (VIARDL) needs more than one tracks
Warning: Layer MRDL pitch 0.600 may be too small: wire/via-down 4.500, wire/via-up 0.600. (ZRT-026)
Transition layer name: M3(2)
Warning: Standard cell pin SAEDRVT14_BUF_PECO_12/VDD has no valid via regions. (ZRT-044)
Warning: Standard cell pin SAEDRVT14_BUF_PECO_2/VDD has no valid via regions. (ZRT-044)
Warning: Standard cell pin SAEDRVT14_BUF_PECO_4/VDD has no valid via regions. (ZRT-044)
Warning: Standard cell pin SAEDRVT14_BUF_PECO_8/VDD has no valid via regions. (ZRT-044)
Warning: Standard cell pin SAEDRVT14_BUF_PS_3/VDD has no valid via regions. (ZRT-044)
Warning: Standard cell pin SAEDRVT14_BUF_PS_6/VDD has no valid via regions. (ZRT-044)
Warning: Standard cell pin SAEDRVT14_AOBUF_IW_3/VDD has no valid via regions. (ZRT-044)
Warning: Standard cell pin SAEDRVT14_AOBUF_IW_6/VDD has no valid via regions. (ZRT-044)
Warning: Standard cell pin SAEDRVT14_NR2_2/A1 has no valid via regions. (ZRT-044)
Warning: Standard cell pin SAEDRVT14_NR2_2/X has no valid via regions. (ZRT-044)
Warning: Standard cell pin SAEDRVT14_OA2BB2_2/B1 has no valid via regions. (ZRT-044)
Warning: Standard cell pin SAEDRVT14_NR3B_4/A has no valid via regions. (ZRT-044)
Loading parastics information to the router ...
Warning: Technology layer 'M4' setting 'pitch' is not valid (NEX-001)
Warning: Technology layer 'MRDL' setting 'pitch' is not valid (NEX-001)
Warning: Parasitic Tech Library layer 'M1' parameter 'SMIN' = 0.040 does not match 0.026 of technology file (NEX-007)
Warning: Parasitic Tech Library layer 'M2' parameter 'SMIN' = 0.040 does not match 0.026 of technology file (NEX-007)
Warning: Parasitic Tech Library layer 'M3' parameter 'SMIN' = 0.040 does not match 0.026 of technology file (NEX-007)
Warning: Parasitic Tech Library layer 'M1' parameter 'SMIN' = 0.040 does not match 0.026 of technology file (NEX-007)
Warning: Parasitic Tech Library layer 'M2' parameter 'SMIN' = 0.040 does not match 0.026 of technology file (NEX-007)
Warning: Parasitic Tech Library layer 'M3' parameter 'SMIN' = 0.040 does not match 0.026 of technology file (NEX-007)
Warning: Parasitic Tech Library layer 'M8' parameter 'WMIN' = 0.030 does not match 0.060 of technology file (NEX-007)
Warning: Parasitic Tech Library layer 'M8' parameter 'SMIN' = 0.060 does not match 0.040 of technology file (NEX-007)
parastics information loaded to the router.
Information: RC layer preference is turned on for this design. (ZRT-613)
Updating congestion ...
Updating congestion ...
route.global.debug_compact_coef 1
INFO: Derive row count 30 from GR congestion map (121/4)
INFO: Derive col count 30 from GR congestion map (121/4)
Drc Mode Option: auto
ABF: Best buffer=SAEDRVT14_BUF_20: best inverter=SAEDRVT14_INV_S_8: useInverter=true: effort=low: 1.324: test_slow_Cmax: 0
ABF: Best buffer=SAEDRVT14_BUF_20: best inverter=SAEDRVT14_INV_S_8: useInverter=true: effort=low: 1.324: func_slow_Cmax: 0
ABF: Best buffer=SAEDRVT14_BUF_20: best inverter=SAEDRVT14_INV_S_8: useInverter=true: effort=low: 1.324: test_slow_Cmin: 0
ABF: Best buffer=SAEDRVT14_BUF_20: best inverter=SAEDRVT14_INV_S_8: useInverter=true: effort=low: 1.324: func_slow_Cmin: 0
ABF: Best buffer=SAEDRVT14_BUF_20: best inverter=SAEDRVT14_INV_S_8: useInverter=true: effort=low: 1.324: test_fast_Cmax: 0
ABF: Best buffer=SAEDRVT14_BUF_20: best inverter=SAEDRVT14_INV_S_8: useInverter=true: effort=low: 1.324: func_fast_Cmax: 0
ABF: Best buffer=SAEDRVT14_BUF_20: best inverter=SAEDRVT14_INV_S_8: useInverter=true: effort=low: 1.324: test_fast_Cmin: 0
ABF: Best buffer=SAEDRVT14_BUF_20: best inverter=SAEDRVT14_INV_S_8: useInverter=true: effort=low: 1.324: func_fast_Cmin: 0
ABF: Core Area = 97 X 97 ()
npo-clock-opt optimization Phase 3 Iter  1          0.00      0.00         0       0.016           -           0.051
npo-clock-opt optimization Phase 3 Iter  2          0.00      0.00         0       0.016           -           0.051
npo-clock-opt optimization Phase 3 Iter  3          0.00      0.00         0       0.016           -           0.051
npo-clock-opt optimization Phase 3 Iter  4          0.00      0.00         0       0.016           -           0.051
PBO-INFO:  LR disabled
npo-clock-opt optimization Phase 3 Iter  5          0.00      0.00         0       0.016           -           0.052
npo-clock-opt optimization Phase 3 Iter  6          0.00      0.00         0       0.016           -           0.052
PBO-INFO:  LR disabled
npo-clock-opt optimization Phase 3 Iter  7          0.00      0.00         0       0.016           -           0.052

npo-clock-opt optimization Phase 4 Iter  1          0.00      0.00         0       0.016           -           0.053
Scenario func::fast_Cmax : setup = true, hold = true
Scenario func::fast_Cmin : setup = true, hold = true
Scenario func::slow_Cmax : setup = true, hold = true
Scenario func::slow_Cmin : setup = true, hold = true
Scenario test::fast_Cmax : setup = true, hold = true
Scenario test::fast_Cmin : setup = true, hold = true
Scenario test::slow_Cmax : setup = true, hold = true
Scenario test::slow_Cmin : setup = true, hold = true
USKEW Characterizer: Characterizing delay with Cell/Wire delay model...
Information: CTS will work on the following scenarios. (CTS-101)
   func_fast_Cmax	(Mode: func; Corner: fast_Cmax)
   func_fast_Cmin	(Mode: func; Corner: fast_Cmin)
   func_slow_Cmax	(Mode: func; Corner: slow_Cmax)
   func_slow_Cmin	(Mode: func; Corner: slow_Cmin)
   test_fast_Cmax	(Mode: test; Corner: fast_Cmax)
   test_fast_Cmin	(Mode: test; Corner: fast_Cmin)
   test_slow_Cmax	(Mode: test; Corner: slow_Cmax)
   test_slow_Cmin	(Mode: test; Corner: slow_Cmin)
Information: CTS will work on all clocks in active scenarios, including 2 master clocks and 0 generated clocks. (CTS-107)
Information: Clock derating is enabled

CTS related app options set by user:
   cts.common.max_fanout = 25
   cts.common.user_instance_name_prefix = CTS_

Warning: Technology layer 'M4' setting 'pitch' is not valid (NEX-001)
Warning: Technology layer 'MRDL' setting 'pitch' is not valid (NEX-001)
Warning: Parasitic Tech Library layer 'M1' parameter 'SMIN' = 0.040 does not match 0.026 of technology file (NEX-007)
Warning: Parasitic Tech Library layer 'M2' parameter 'SMIN' = 0.040 does not match 0.026 of technology file (NEX-007)
Warning: Parasitic Tech Library layer 'M3' parameter 'SMIN' = 0.040 does not match 0.026 of technology file (NEX-007)
Warning: Parasitic Tech Library layer 'M1' parameter 'SMIN' = 0.040 does not match 0.026 of technology file (NEX-007)
Warning: Parasitic Tech Library layer 'M2' parameter 'SMIN' = 0.040 does not match 0.026 of technology file (NEX-007)
Warning: Parasitic Tech Library layer 'M3' parameter 'SMIN' = 0.040 does not match 0.026 of technology file (NEX-007)
Warning: Parasitic Tech Library layer 'M8' parameter 'WMIN' = 0.030 does not match 0.060 of technology file (NEX-007)
Warning: Parasitic Tech Library layer 'M8' parameter 'SMIN' = 0.060 does not match 0.040 of technology file (NEX-007)
Information: 'slow_Cmax' is identified as primary corner for initial clock tree building. (CTS-103)
USKEW Characterizer: corner: slow_Cmax, cornerDelay: 1.000
USKEW Characterizer: corner: slow_Cmin, cornerDelay: 0.918
USKEW Characterizer: corner: fast_Cmax, cornerDelay: 0.557
USKEW Characterizer: corner: fast_Cmin, cornerDelay: 0.509
USKEW Characterizer: corner: fast_Cmax, scalingFactor: 0.557
USKEW Characterizer: corner: fast_Cmin, scalingFactor: 0.509
USKEW Characterizer: corner: slow_Cmax, scalingFactor: 1.000
USKEW Characterizer: corner: slow_Cmin, scalingFactor: 0.918
Information: Useful skew mode is propagated
Initial QoR
    WNS(setup)=0.023 TNS(setup)=0.000 WEIGHTED_TNS(setup)=0.000 SetupCost(setup)=0.000
    WNS(hold)=0.016 TNS(hold)=0.000 WEIGHTED_TNS(hold)=0.000
    QOR cost (setup and hold) = -0.000
    Scenario func_fast_Cmax  WNS = 0, WEIGHTED_GROUP_SLACK = 0, TNS = 0, NVP = 0
    Scenario func_fast_Cmin  WNS = 0, WEIGHTED_GROUP_SLACK = 0, TNS = 0, NVP = 0
    Scenario func_slow_Cmax  WNS = 0, WEIGHTED_GROUP_SLACK = 0, TNS = 0, NVP = 0
    Scenario func_slow_Cmin  WNS = 0, WEIGHTED_GROUP_SLACK = 0, TNS = 0, NVP = 0
    Scenario test_fast_Cmax  WNS = 0, WEIGHTED_GROUP_SLACK = 0, TNS = 0, NVP = 0
    Scenario test_fast_Cmin  WNS = 0, WEIGHTED_GROUP_SLACK = 0, TNS = 0, NVP = 0
    Scenario test_slow_Cmax  WNS = 0, WEIGHTED_GROUP_SLACK = 0, TNS = 0, NVP = 0
    Scenario test_slow_Cmin  WNS = 0, WEIGHTED_GROUP_SLACK = 0, TNS = 0, NVP = 0
    Scenario func_fast_Cmax  WNHS = 0, TNHS = 0, NHVP = 0
    Scenario func_fast_Cmin  WNHS = 0, TNHS = 0, NHVP = 0
    Scenario func_slow_Cmax  WNHS = 0, TNHS = 0, NHVP = 0
    Scenario func_slow_Cmin  WNHS = 0, TNHS = 0, NHVP = 0
    Scenario test_fast_Cmax  WNHS = 0, TNHS = 0, NHVP = 0
    Scenario test_fast_Cmin  WNHS = 0, TNHS = 0, NHVP = 0
    Scenario test_slow_Cmax  WNHS = 0, TNHS = 0, NHVP = 0
    Scenario test_slow_Cmin  WNHS = 0, TNHS = 0, NHVP = 0
INFO: Global useful skew initial qor is good enough.
Relaxing offsets
CTS: CPUTIME for useful skew computation: 00:00:02.06u 00:00:00.02s 00:00:00.97e: 
Number of Site types in the design = 1
Setting up Chip Core
Chip Core shape: (170000 170000) (2739280 2738000)
Number of unique PDs = 1
Number of Power Domains = 1
Number of Voltage Areas = 1
Number of supply Nets = 2
Number of used supplies = 2
Information: Terminating the integrated optimization with useful skew. (OPT-033)
Use advanced legalizer engine : 0
Warning: Library cell saed14rvt:SAEDRVT14_ISOFSDPQ_PECO_8.frame is missing supply pins. Its power structure cannot be determined. (LGL-050)
Warning: Library cell saed14rvt:SAEDRVT14_DCAP_PV1ECO_12.frame is missing supply pins. Its power structure cannot be determined. (LGL-050)
Information: Current block utilization is '0.24230', effective utilization is '0.33168'. (OPT-055)

    Scenario func_fast_Cmax  WNS = 0.000000, TNS = 0.000000, NVP = 0
    Scenario func_fast_Cmin  WNS = 0.000000, TNS = 0.000000, NVP = 0
    Scenario func_slow_Cmax  WNS = 0.000000, TNS = 0.000000, NVP = 0
    Scenario func_slow_Cmin  WNS = 0.000000, TNS = 0.000000, NVP = 0
    Scenario test_fast_Cmax  WNS = 0.000000, TNS = 0.000000, NVP = 0
    Scenario test_fast_Cmin  WNS = 0.000000, TNS = 0.000000, NVP = 0
    Scenario test_slow_Cmax  WNS = 0.000000, TNS = 0.000000, NVP = 0
    Scenario test_slow_Cmin  WNS = 0.000000, TNS = 0.000000, NVP = 0
    Scenario func_fast_Cmax  WNHS = 0.000000, TNHS = 0.000000, NHVP = 0
    Scenario func_fast_Cmin  WNHS = 0.000000, TNHS = 0.000000, NHVP = 0
    Scenario func_slow_Cmax  WNHS = 0.000000, TNHS = 0.000000, NHVP = 0
    Scenario func_slow_Cmin  WNHS = 0.000000, TNHS = 0.000000, NHVP = 0
    Scenario test_fast_Cmax  WNHS = 0.000000, TNHS = 0.000000, NHVP = 0
    Scenario test_fast_Cmin  WNHS = 0.000000, TNHS = 0.000000, NHVP = 0
    Scenario test_slow_Cmax  WNHS = 0.000000, TNHS = 0.000000, NHVP = 0
    Scenario test_slow_Cmin  WNHS = 0.000000, TNHS = 0.000000, NHVP = 0

     ELAPSED  WORST NEG TOTAL NEG              MAX       MAX     BUFFER    INVERTER   LVTH      LVTH      PEAK     MIN DELAY 
      TIME      SLACK     SLACK     AREA    TRAN COST CAP COST    COUNT     COUNT     COUNT    PERCENT   MEMORY       COST   
    --------- --------- --------- --------- --------- --------- --------- --------- --------- --------- --------- -----------
      0:03:18     0.000     0.000 18077.992     0.000     0.035       339      3817         0     0.000      1171     0.016


npo-clock-opt optimization Phase 5 Iter  1          0.00      0.00         7       0.016           -           0.056
Number of Site types in the design = 1
Setting up Chip Core
Chip Core shape: (170000 170000) (2739280 2738000)
Number of unique PDs = 1
Number of Power Domains = 1
Number of Voltage Areas = 1
Number of supply Nets = 2
Number of used supplies = 2
remove buffers/inverters in clock clk_i:
  98 buffer(s) and 0 inverter(s) have been removed
Begin building search trees for block cv32e40p_top:cv32e40p_top_5_cts.design
Done building search trees for block cv32e40p_top:cv32e40p_top_5_cts.design (time 0s)
remove buffers/inverters in clock clk_i:
  no buffer or inverter has been removed

A total of 98 buffer(s) and 0 inverter(s) have been removed.
Remove clock trees finished successfully
synthesize_clock_trees
************************************************************
* CTS STEP: Design Initialization for Clock Synthesis
************************************************************
Information: All clock objects will be converted from ideal to propagated clock during CTS. (CTS-105)
Information: CTS will work on the following scenarios. (CTS-101)
   func_fast_Cmax	(Mode: func; Corner: fast_Cmax)
   func_fast_Cmin	(Mode: func; Corner: fast_Cmin)
   func_slow_Cmax	(Mode: func; Corner: slow_Cmax)
   func_slow_Cmin	(Mode: func; Corner: slow_Cmin)
   test_fast_Cmax	(Mode: test; Corner: fast_Cmax)
   test_fast_Cmin	(Mode: test; Corner: fast_Cmin)
   test_slow_Cmax	(Mode: test; Corner: slow_Cmax)
   test_slow_Cmin	(Mode: test; Corner: slow_Cmin)
Information: CTS will work on all clocks in active scenarios, including 2 master clocks and 0 generated clocks. (CTS-107)
Information: Clock derating is enabled

CTS related app options set by user:
   cts.common.max_fanout = 25
   cts.common.user_instance_name_prefix = CTS_
   cts.compile.enable_cell_relocation = leaf_only
   cts.compile.enable_local_skew = true
   cts.optimize.enable_local_skew = true

Buffer/Inverter reference list for clock tree synthesis:
   saed14rvt/SAEDRVT14_BUF_10
   saed14rvt/SAEDRVT14_BUF_12
   saed14rvt/SAEDRVT14_BUF_16
   saed14rvt/SAEDRVT14_BUF_20
   saed14rvt/SAEDRVT14_BUF_2
   saed14rvt/SAEDRVT14_BUF_3
   saed14rvt/SAEDRVT14_BUF_4
   saed14rvt/SAEDRVT14_BUF_6
   saed14rvt/SAEDRVT14_BUF_8
   saed14rvt/SAEDRVT14_BUF_CDC_2
   saed14rvt/SAEDRVT14_BUF_CDC_4
   saed14rvt/SAEDRVT14_BUF_S_10
   saed14rvt/SAEDRVT14_BUF_S_12
   saed14rvt/SAEDRVT14_BUF_S_16
   saed14rvt/SAEDRVT14_BUF_S_20
   saed14rvt/SAEDRVT14_BUF_S_2
   saed14rvt/SAEDRVT14_BUF_S_6
   saed14rvt/SAEDRVT14_BUF_S_8
   saed14rvt/SAEDRVT14_DEL_L4D100_2
   saed14rvt/SAEDRVT14_DEL_R2V1_2
   saed14rvt/SAEDRVT14_DEL_R2V2_2
   saed14rvt/SAEDRVT14_DEL_R2V3_2
   saed14rvt/SAEDRVT14_BUF_PECO_12
   saed14rvt/SAEDRVT14_BUF_PECO_2
   saed14rvt/SAEDRVT14_BUF_PECO_4
   saed14rvt/SAEDRVT14_BUF_PECO_8
   saed14rvt/SAEDRVT14_BUF_PS_3
   saed14rvt/SAEDRVT14_BUF_PS_6
   saed14rvt/SAEDRVT14_AOBUF_IW_3
   saed14rvt/SAEDRVT14_AOBUF_IW_6
   saed14rvt/SAEDRVT14_INV_S_2
   saed14rvt/SAEDRVT14_INV_S_3
   saed14rvt/SAEDRVT14_INV_S_4
   saed14rvt/SAEDRVT14_INV_S_5
   saed14rvt/SAEDRVT14_INV_S_6
   saed14rvt/SAEDRVT14_INV_S_7
   saed14rvt/SAEDRVT14_INV_S_8

ICG reference list:
   saed14rvt/SAEDRVT14_CKGTNLT_V5_12
   saed14rvt/SAEDRVT14_CKGTNLT_V5_2
   saed14rvt/SAEDRVT14_CKGTNLT_V5_3
   saed14rvt/SAEDRVT14_CKGTNLT_V5_4
   saed14rvt/SAEDRVT14_CKGTNLT_V5_5
   saed14rvt/SAEDRVT14_CKGTNLT_V5_6
   saed14rvt/SAEDRVT14_CKGTNLT_V5_8
   saed14rvt/SAEDRVT14_CKGTPLT_V5_12
   saed14rvt/SAEDRVT14_CKGTPLT_V5_16
   saed14rvt/SAEDRVT14_CKGTPLT_V5_20
   saed14rvt/SAEDRVT14_CKGTPLT_V5_24
   saed14rvt/SAEDRVT14_CKGTPLT_V5_2
   saed14rvt/SAEDRVT14_CKGTPLT_V5_3
   saed14rvt/SAEDRVT14_CKGTPLT_V5_4
   saed14rvt/SAEDRVT14_CKGTPLT_V5_5
   saed14rvt/SAEDRVT14_CKGTPLT_V5_6
   saed14rvt/SAEDRVT14_CKGTPLT_V5_8
   saed14rvt/SAEDRVT14_CKGTPL_V5_2
   saed14rvt/SAEDRVT14_CKGTPL_V5_4
   saed14rvt/SAEDRVT14_CKINVGTPLT_V7_2
   saed14rvt/SAEDRVT14_CKINVGTPLT_V7_3
   saed14rvt/SAEDRVT14_CKINVGTPLT_V7_4
   saed14rvt/SAEDRVT14_CKINVGTPLT_V7_5
   saed14rvt/SAEDRVT14_CKINVGTPLT_V7_6
   saed14rvt/SAEDRVT14_CKINVGTPLT_V7_8

Warning: Technology layer 'M4' setting 'pitch' is not valid (NEX-001)
Warning: Technology layer 'MRDL' setting 'pitch' is not valid (NEX-001)
Warning: Parasitic Tech Library layer 'M1' parameter 'SMIN' = 0.040 does not match 0.026 of technology file (NEX-007)
Warning: Parasitic Tech Library layer 'M2' parameter 'SMIN' = 0.040 does not match 0.026 of technology file (NEX-007)
Warning: Parasitic Tech Library layer 'M3' parameter 'SMIN' = 0.040 does not match 0.026 of technology file (NEX-007)
Warning: Parasitic Tech Library layer 'M1' parameter 'SMIN' = 0.040 does not match 0.026 of technology file (NEX-007)
Warning: Parasitic Tech Library layer 'M2' parameter 'SMIN' = 0.040 does not match 0.026 of technology file (NEX-007)
Warning: Parasitic Tech Library layer 'M3' parameter 'SMIN' = 0.040 does not match 0.026 of technology file (NEX-007)
Warning: Parasitic Tech Library layer 'M8' parameter 'WMIN' = 0.030 does not match 0.060 of technology file (NEX-007)
Warning: Parasitic Tech Library layer 'M8' parameter 'SMIN' = 0.060 does not match 0.040 of technology file (NEX-007)
Information: 'slow_Cmax' is identified as primary corner for initial clock tree building. (CTS-103)
Number of Site types in the design = 1
Setting up Chip Core
Chip Core shape: (170000 170000) (2739280 2738000)
Number of unique PDs = 1
Number of Power Domains = 1
Number of Voltage Areas = 1
Number of supply Nets = 2
Number of used supplies = 2
CTS NDR rule list:
   Design Base; Net Type: all;      Rule: default rule; Min Layer: M3; Max Layer: M9
   Design Base; Net Type: internal; Rule: clknet_NDR; Min Layer: M3; Max Layer: M9
   Design Base; Net Type: root;     Rule: clknet_NDR; Min Layer: M3; Max Layer: M9

Clock cell spacing rule list:
   No clock cell spacing rule is found.
Information: The run time for design initialization is 0 hr : 0 min : 2.41 sec, cpu time is 0 hr : 0 min : 3.46 sec. (CTS-104)
Drc Mode Option: auto
Use advanced legalizer engine : 0
Warning: Library cell saed14rvt:SAEDRVT14_ISOFSDPQ_PECO_8.frame is missing supply pins. Its power structure cannot be determined. (LGL-050)
Warning: Library cell saed14rvt:SAEDRVT14_DCAP_PV1ECO_12.frame is missing supply pins. Its power structure cannot be determined. (LGL-050)
Warning: Routing direction of metal layer PO is neither "horizontal" nor "vertical".  PDC checks will not be performed on this layer. (PDC-003)
PDC app_options settings =========
	place.legalize.enable_prerouted_net_check: 1
	place.legalize.num_tracks_for_access_check: 1
	place.legalize.use_eol_spacing_for_access_check: 0
	place.legalize.allow_touch_track_for_access_check: 1
	place.legalize.reduce_conservatism_in_eol_check: 0
	place.legalize.preroute_shape_merge_distance: 0.0
	place.legalize.enable_non_preferred_direction_span_check: 0

Layer M1: cached 0 shapes out of 429 total shapes.
Layer M2: cached 0 shapes out of 0 total shapes.
Layer M3: cached 0 shapes out of 0 total shapes.
Cached 6435 vias out of 13038 total vias.
Information: Legalizer's PDC rule check is enabled
Information: Legalizer's advanced rule check is enabled
Information: The stitching and editing of coupling caps is turned OFF for design 'cv32e40p_top:cv32e40p_top_5_cts.design'. (TIM-125)
 Creating timing abstraction of clock tree(s)
For clock 'clk_i' @ corner 'fast_Cmax': latency = 0.241
For clock 'clk_i' @ corner 'fast_Cmin': latency = 0.241
For clock 'clk_i' @ corner 'slow_Cmax': latency = 0.241
For clock 'clk_i' @ corner 'slow_Cmin': latency = 0.241
For clock 'clk_i' @ corner 'fast_Cmax': latency = 0.241
For clock 'clk_i' @ corner 'fast_Cmin': latency = 0.241
For clock 'clk_i' @ corner 'slow_Cmax': latency = 0.241
For clock 'clk_i' @ corner 'slow_Cmin': latency = 0.241
 Abstraction finished successfully
OCV derate values 1.000 (early) and 1.000 (late)
Information: The net parasitics of block cv32e40p_top are cleared. (TIM-123)
Information: The stitching and editing of coupling caps is turned OFF for design 'cv32e40p_top:cv32e40p_top_5_cts.design'. (TIM-125)
Warning: Technology layer 'M4' setting 'pitch' is not valid (NEX-001)
Warning: Technology layer 'MRDL' setting 'pitch' is not valid (NEX-001)
Warning: Parasitic Tech Library layer 'M1' parameter 'SMIN' = 0.040 does not match 0.026 of technology file (NEX-007)
Warning: Parasitic Tech Library layer 'M2' parameter 'SMIN' = 0.040 does not match 0.026 of technology file (NEX-007)
Warning: Parasitic Tech Library layer 'M3' parameter 'SMIN' = 0.040 does not match 0.026 of technology file (NEX-007)
Warning: Parasitic Tech Library layer 'M1' parameter 'SMIN' = 0.040 does not match 0.026 of technology file (NEX-007)
Warning: Parasitic Tech Library layer 'M2' parameter 'SMIN' = 0.040 does not match 0.026 of technology file (NEX-007)
Warning: Parasitic Tech Library layer 'M3' parameter 'SMIN' = 0.040 does not match 0.026 of technology file (NEX-007)
Warning: Parasitic Tech Library layer 'M8' parameter 'WMIN' = 0.030 does not match 0.060 of technology file (NEX-007)
Warning: Parasitic Tech Library layer 'M8' parameter 'SMIN' = 0.060 does not match 0.040 of technology file (NEX-007)
Information: Design Average RC for design cv32e40p_top_5_cts  (NEX-011)
Information: r = 2.175318 ohm/um, via_r = 1.031427 ohm/cut, c = 0.126338 ff/um, cc = 0.000000 ff/um (X dir) (NEX-017)
Information: r = 2.639974 ohm/um, via_r = 0.663827 ohm/cut, c = 0.120887 ff/um, cc = 0.000000 ff/um (Y dir) (NEX-017)
Information: The stitching and editing of coupling caps is turned OFF for design 'cv32e40p_top:cv32e40p_top_5_cts.design'. (TIM-125)
Information: The RC mode used is VR for design 'cv32e40p_top'. (NEX-022)
Information: Update timing completed net estimation for all the timing graph nets (TIM-111)
Information: Net estimation statistics: timing graph nets = 26891, routed nets = 0, across physical hierarchy nets = 0, parasitics cached nets = 1, delay annotated nets = 0, parasitics annotated nets = 0, multi-voltage nets = 0. (TIM-112)

Mode:func             Latency(early)   Latency(late)
Clock        Updated   rise    fall    rise    fall   Corner
------------------------------------------------------------
clk_i        Yes     0.2414  0.2414  0.2414  0.2414   fast_Cmax
clk_i        Yes     0.2414  0.2414  0.2414  0.2414   fast_Cmin
clk_i        Yes     0.2414  0.2414  0.2414  0.2414   slow_Cmax
clk_i        Yes     0.2414  0.2414  0.2414  0.2414   slow_Cmin

Mode:test             Latency(early)   Latency(late)
Clock        Updated   rise    fall    rise    fall   Corner
------------------------------------------------------------
clk_i        Yes     0.2414  0.2414  0.2414  0.2414   fast_Cmax
clk_i        Yes     0.2414  0.2414  0.2414  0.2414   fast_Cmin
clk_i        Yes     0.2414  0.2414  0.2414  0.2414   slow_Cmax
clk_i        Yes     0.2414  0.2414  0.2414  0.2414   slow_Cmin

Information: The stitching and editing of coupling caps is turned OFF for design 'cv32e40p_top:cv32e40p_top_5_cts.design'. (TIM-125)
Information: Update timing completed net estimation for all the timing graph nets (TIM-111)
Information: Net estimation statistics: timing graph nets = 26891, routed nets = 0, across physical hierarchy nets = 0, parasitics cached nets = 26890, delay annotated nets = 0, parasitics annotated nets = 0, multi-voltage nets = 0. (TIM-112)
Information: All clock objects will be converted from ideal to propagated clock during CTS. (CTS-105)
Information: The net parasitics of block cv32e40p_top are cleared. (TIM-123)
Setting the local skew CTS slack threshold value to 0.050000
Using threshold of 0.050000 to filter timing paths
************************************************************
* CTS STEP: Existing Clock Tree Removal
************************************************************

No buffer or inverter has been removed.
Information: The run time for existing clock tree removal is 0 hr : 0 min : 0.04 sec, cpu time is 0 hr : 0 min : 0.04 sec. (CTS-104)
************************************************************
* CTS STEP: Clock Tree Initialization
************************************************************

Start Auto-Exception Derivations...
 No internal pin was found.
 No conflict pin was found.
 No macro pin was found for clock balance point settings.
 No macro pin was found for disabling self arcs.
Information: The run time for clock tree initialization is 0 hr : 0 min : 0.14 sec, cpu time is 0 hr : 0 min : 0.14 sec. (CTS-104)
Drc Mode Option: auto
Enable multi-thread Tasks, number of thread is 12
Information: The stitching and editing of coupling caps is turned OFF for design 'cv32e40p_top:cv32e40p_top_5_cts.design'. (TIM-125)
Warning: Technology layer 'M4' setting 'pitch' is not valid (NEX-001)
Warning: Technology layer 'MRDL' setting 'pitch' is not valid (NEX-001)
Warning: Parasitic Tech Library layer 'M1' parameter 'SMIN' = 0.040 does not match 0.026 of technology file (NEX-007)
Warning: Parasitic Tech Library layer 'M2' parameter 'SMIN' = 0.040 does not match 0.026 of technology file (NEX-007)
Warning: Parasitic Tech Library layer 'M3' parameter 'SMIN' = 0.040 does not match 0.026 of technology file (NEX-007)
Warning: Parasitic Tech Library layer 'M1' parameter 'SMIN' = 0.040 does not match 0.026 of technology file (NEX-007)
Warning: Parasitic Tech Library layer 'M2' parameter 'SMIN' = 0.040 does not match 0.026 of technology file (NEX-007)
Warning: Parasitic Tech Library layer 'M3' parameter 'SMIN' = 0.040 does not match 0.026 of technology file (NEX-007)
Warning: Parasitic Tech Library layer 'M8' parameter 'WMIN' = 0.030 does not match 0.060 of technology file (NEX-007)
Warning: Parasitic Tech Library layer 'M8' parameter 'SMIN' = 0.060 does not match 0.040 of technology file (NEX-007)
Information: Design Average RC for design cv32e40p_top_5_cts  (NEX-011)
Information: r = 2.175318 ohm/um, via_r = 1.031427 ohm/cut, c = 0.126338 ff/um, cc = 0.000000 ff/um (X dir) (NEX-017)
Information: r = 2.639974 ohm/um, via_r = 0.663827 ohm/cut, c = 0.120887 ff/um, cc = 0.000000 ff/um (Y dir) (NEX-017)
Information: The RC mode used is VR for design 'cv32e40p_top'. (NEX-022)
Information: Update timing completed net estimation for all the timing graph nets (TIM-111)
Information: Net estimation statistics: timing graph nets = 26891, routed nets = 0, across physical hierarchy nets = 0, parasitics cached nets = 1, delay annotated nets = 0, parasitics annotated nets = 0, multi-voltage nets = 0. (TIM-112)
************************************************************
* CTS STEP: Clock Cell Relocation
************************************************************
Information: Relocated the clock cell 'core_i/sleep_unit_i/core_clock_gate_i/core_clock_gate' from (166.55, 146.00) to (166.48, 146.00). (CTS-106)
A total of 1 clock cells have been relocated
Information: The run time for clock cell relocation is 0 hr : 0 min : 0.03 sec, cpu time is 0 hr : 0 min : 0.03 sec. (CTS-104)
Information: The run time for enable resynthesis is 0 hr : 0 min : 0.03 sec, cpu time is 0 hr : 0 min : 0.03 sec. (CTS-104)
************************************************************
* CTS STEP: Gate-By-Gate Clock Tree Synthesis
************************************************************
-------------------------------------------------------------
 Gate level 2 clock tree synthesis
 driving pin = core_i/sleep_unit_i/core_clock_gate_i/core_clock_gate/Q
 Clocks:
     clk_i (func), clk_i (test)
 Design rule constraints:
     max transition  = 0.100000
     max capacitance = 600.000000
 Number of load sinks = 2255
 Number of ignore points = 0
Information: The RC mode used is VR for design 'cv32e40p_top'. (NEX-022)
 Added 97 Repeaters. Built 3 Repeater Levels
 Phase delay: core_i/sleep_unit_i/core_clock_gate_i/core_clock_gate/CK : (0.158 0.133) : skew = 0.025
-------------------------------------------------------------
 Gate level 1 clock tree synthesis
 driving pin = clk_i
 Clocks:
     clk_i (func), clk_i (test)
 Design rule constraints:
     max transition  = 0.100000
     max capacitance = 600.000000
 Number of load sinks = 3
 Number of ignore points = 0
 Number of gates with existing phase delay = 1
    1. Phase delay = (max r/f: 0.158043/__ min r/f: 0.132732/__) : skew = 0.025311 : core_i/sleep_unit_i/core_clock_gate_i/core_clock_gate/CK
 Added 3 Repeaters. Built 2 Repeater Levels
 Phase delay: clk_i : (0.196 0.086) : skew = 0.110
Information: The run time for gate-by-gate clock tree synthesis is 0 hr : 0 min : 18.79 sec, cpu time is 0 hr : 0 min : 19.38 sec. (CTS-104)
************************************************************
* CTS STEP: DRC Fixing Beyond Exceptions
************************************************************
Information: The run time for DRC fixing beyond exceptions is 0 hr : 0 min : 0.00 sec, cpu time is 0 hr : 0 min : 0.01 sec. (CTS-104)
There are 100 buffers and 0 inverters added (total area 37.25) by Clock Tree Synthesis.
************************************************************
* CTS STEP: Clock Net Global Routing
************************************************************
CONG:: clock NDRs defined on this design: 3 rules:
Created 2 new NDRs to be used for SI prevention:
   NDR: default_rule_equivalent_ndr_double_spacing ... (width-mult: 1.00, spacing-mult: 1.00)
   NDR: clknet_NDR_ext_spacing ... (width-mult: 2.00, spacing-mult: 2.00)
Warning: Cell contains tie connections which are not connected to real PG. (ZRT-511)
Turn off antenna since no rule is specified
Cell Min-Routing-Layer = M1
Cell Max-Routing-Layer = M9
Warning: There is no constraint to limit maximum number of secondary power and ground (PG) pins in a cluster. (ZRT-536)
Warning: There is no constraint to limit maximum number of secondary power and ground (PG) pins in a cluster. (ZRT-536)
Warning: There is no constraint to limit maximum number of secondary power and ground (PG) pins in a cluster. (ZRT-536)
Warning: There is no constraint to limit maximum number of secondary power and ground (PG) pins in a cluster. (ZRT-536)
Warning: There is no constraint to limit maximum number of secondary power and ground (PG) pins in a cluster. (ZRT-536)
Warning: There is no constraint to limit maximum number of secondary power and ground (PG) pins in a cluster. (ZRT-536)
Warning: There is no constraint to limit maximum number of secondary power and ground (PG) pins in a cluster. (ZRT-536)
Warning: There is no constraint to limit maximum number of secondary power and ground (PG) pins in a cluster. (ZRT-536)
Warning: There is no constraint to limit maximum number of secondary power and ground (PG) pins in a cluster. (ZRT-536)
Warning: There is no constraint to limit maximum number of secondary power and ground (PG) pins in a cluster. (ZRT-536)
Warning: There is no constraint to limit maximum number of secondary power and ground (PG) pins in a cluster. (ZRT-536)
Warning: There is no constraint to limit maximum number of secondary power and ground (PG) pins in a cluster. (ZRT-536)
Warning: There is no constraint to limit maximum number of secondary power and ground (PG) pins in a cluster. (ZRT-536)
Warning: There is no constraint to limit maximum number of secondary power and ground (PG) pins in a cluster. (ZRT-536)
Warning: There is no constraint to limit maximum number of secondary power and ground (PG) pins in a cluster. (ZRT-536)
Warning: There is no constraint to limit maximum number of secondary power and ground (PG) pins in a cluster. (ZRT-536)
Warning: Ignore 2 top cell ports with no pins. (ZRT-027)
Skipping 3 internal pins that are not physical. Set route.common.verbose_level to > 0 and run routing command to get skipped pin names.
Info: number of net_type_blockage: 0 
Via on layer (VIA1) needs more than one tracks
Warning: Layer M1 pitch 0.074 may be too small: wire/via-down 0.074, wire/via-up 0.098. (ZRT-026)
Via on layer (VIA1) needs more than one tracks
Warning: Layer M2 pitch 0.060 may be too small: wire/via-down 0.098, wire/via-up 0.060. (ZRT-026)
Via on layer (VIA3) needs more than one tracks
Warning: Layer M3 pitch 0.074 may be too small: wire/via-down 0.060, wire/via-up 0.080. (ZRT-026)
Wire on layer (M4) needs more than one tracks
Via on layer (VIA3) needs more than one tracks
Via on layer (VIA4) needs more than one tracks
Warning: Layer M4 pitch 0.074 may be too small: wire/via-down 0.107, wire/via-up 0.105. (ZRT-026)
Via on layer (VIA4) needs more than one tracks
Warning: Layer M5 pitch 0.120 may be too small: wire/via-down 0.135, wire/via-up 0.107. (ZRT-026)
Via on layer (VIA8) needs more than one tracks
Warning: Layer M8 pitch 0.120 may be too small: wire/via-down 0.107, wire/via-up 0.135. (ZRT-026)
Wire on layer (M9) needs more than one tracks
Via on layer (VIA8) needs more than one tracks
Via on layer (VIARDL) needs more than one tracks
Warning: Layer M9 pitch 0.120 may be too small: wire/via-down 0.135, wire/via-up 1.570. (ZRT-026)
Via on layer (VIARDL) needs more than one tracks
Warning: Layer MRDL pitch 0.600 may be too small: wire/via-down 4.500, wire/via-up 0.600. (ZRT-026)
Transition layer name: M3(2)
Warning: Standard cell pin SAEDRVT14_BUF_PECO_12/VDD has no valid via regions. (ZRT-044)
Warning: Standard cell pin SAEDRVT14_BUF_PS_3/VDD has no valid via regions. (ZRT-044)
Warning: Standard cell pin SAEDRVT14_BUF_PECO_2/VDD has no valid via regions. (ZRT-044)
Warning: Standard cell pin SAEDRVT14_BUF_PECO_4/VDD has no valid via regions. (ZRT-044)
Warning: Standard cell pin SAEDRVT14_BUF_PS_6/VDD has no valid via regions. (ZRT-044)
Warning: Standard cell pin SAEDRVT14_AOBUF_IW_3/VDD has no valid via regions. (ZRT-044)
Warning: Standard cell pin SAEDRVT14_BUF_PECO_8/VDD has no valid via regions. (ZRT-044)
Warning: Standard cell pin SAEDRVT14_AOBUF_IW_6/VDD has no valid via regions. (ZRT-044)
Warning: Standard cell pin SAEDRVT14_OA2BB2_2/B1 has no valid via regions. (ZRT-044)
Warning: Standard cell pin SAEDRVT14_NR2_2/A1 has no valid via regions. (ZRT-044)
Warning: Standard cell pin SAEDRVT14_NR2_2/X has no valid via regions. (ZRT-044)
Warning: Standard cell pin SAEDRVT14_NR3B_4/A has no valid via regions. (ZRT-044)
Performing initial clock net global routing ...
Loading parastics information to the router ...
Warning: Technology layer 'M4' setting 'pitch' is not valid (NEX-001)
Warning: Technology layer 'MRDL' setting 'pitch' is not valid (NEX-001)
Warning: Parasitic Tech Library layer 'M1' parameter 'SMIN' = 0.040 does not match 0.026 of technology file (NEX-007)
Warning: Parasitic Tech Library layer 'M2' parameter 'SMIN' = 0.040 does not match 0.026 of technology file (NEX-007)
Warning: Parasitic Tech Library layer 'M3' parameter 'SMIN' = 0.040 does not match 0.026 of technology file (NEX-007)
Warning: Parasitic Tech Library layer 'M1' parameter 'SMIN' = 0.040 does not match 0.026 of technology file (NEX-007)
Warning: Parasitic Tech Library layer 'M2' parameter 'SMIN' = 0.040 does not match 0.026 of technology file (NEX-007)
Warning: Parasitic Tech Library layer 'M3' parameter 'SMIN' = 0.040 does not match 0.026 of technology file (NEX-007)
Warning: Parasitic Tech Library layer 'M8' parameter 'WMIN' = 0.030 does not match 0.060 of technology file (NEX-007)
Warning: Parasitic Tech Library layer 'M8' parameter 'SMIN' = 0.060 does not match 0.040 of technology file (NEX-007)
parastics information loaded to the router.
Information: The net parasitics of block cv32e40p_top are cleared. (TIM-123)
Total number of global routed clock nets: 102
Information: The run time for clock net global routing is 0 hr : 0 min : 4.87 sec, cpu time is 0 hr : 0 min : 16.38 sec. (CTS-104)
Information: The stitching and editing of coupling caps is turned OFF for design 'cv32e40p_top:cv32e40p_top_5_cts.design'. (TIM-125)
Information: Design cv32e40p_top_5_cts has 26993 nets, 102 global routed, 0 detail routed. (NEX-024)
Warning: Technology layer 'M4' setting 'pitch' is not valid (NEX-001)
Warning: Technology layer 'MRDL' setting 'pitch' is not valid (NEX-001)
Warning: Parasitic Tech Library layer 'M1' parameter 'SMIN' = 0.040 does not match 0.026 of technology file (NEX-007)
Warning: Parasitic Tech Library layer 'M2' parameter 'SMIN' = 0.040 does not match 0.026 of technology file (NEX-007)
Warning: Parasitic Tech Library layer 'M3' parameter 'SMIN' = 0.040 does not match 0.026 of technology file (NEX-007)
Warning: Parasitic Tech Library layer 'M1' parameter 'SMIN' = 0.040 does not match 0.026 of technology file (NEX-007)
Warning: Parasitic Tech Library layer 'M2' parameter 'SMIN' = 0.040 does not match 0.026 of technology file (NEX-007)
Warning: Parasitic Tech Library layer 'M3' parameter 'SMIN' = 0.040 does not match 0.026 of technology file (NEX-007)
Warning: Parasitic Tech Library layer 'M8' parameter 'WMIN' = 0.030 does not match 0.060 of technology file (NEX-007)
Warning: Parasitic Tech Library layer 'M8' parameter 'SMIN' = 0.060 does not match 0.040 of technology file (NEX-007)
Information: The RC mode used is CTO for design 'cv32e40p_top'. (NEX-022)
Information: Update timing completed net estimation for all the timing graph nets (TIM-111)
Information: Net estimation statistics: timing graph nets = 26991, routed nets = 102, across physical hierarchy nets = 0, parasitics cached nets = 102, delay annotated nets = 0, parasitics annotated nets = 0, multi-voltage nets = 0. (TIM-112)
************************************************************
* CTS STEP: Pre-Optimization DRC Fixing
************************************************************
-------------------------------------------------------------
Fixing clock: clk_i mode: test root: clk_i

Clock QoR Before Fixing Clock Tree DRC Violation ...
Clock: clk_i, Mode: test, Root: clk_i
Information: CTS QoR Pre Initial DRC Fixing: GlobalSkew = 0.0515; ID = 0.0912; NetsWithDRC = 0; Worst Tran/Cap/Fanout cost = 0.0000/0.0000/0; ClockBufArea = 37.2516; ClockCellArea = 38.1396; Clock = clk_i; Mode = test; Corner = fast_Cmax; ClockRoot = clk_i. (CTS-037)
Information: CTS QoR Pre Initial DRC Fixing: GlobalSkew = 0.0489; ID = 0.0868; NetsWithDRC = 0; Worst Tran/Cap/Fanout cost = 0.0000/0.0000/0; ClockBufArea = 37.2516; ClockCellArea = 38.1396; Clock = clk_i; Mode = test; Corner = fast_Cmin; ClockRoot = clk_i. (CTS-037)
Information: CTS QoR Pre Initial DRC Fixing: GlobalSkew = 0.1049; ID = 0.1920; NetsWithDRC = 0; Worst Tran/Cap/Fanout cost = 0.0000/0.0000/0; ClockBufArea = 37.2516; ClockCellArea = 38.1396; Clock = clk_i; Mode = test; Corner = slow_Cmax; ClockRoot = clk_i. (CTS-037)
Information: CTS QoR Pre Initial DRC Fixing: GlobalSkew = 0.0990; ID = 0.1825; NetsWithDRC = 0; Worst Tran/Cap/Fanout cost = 0.0000/0.0000/0; ClockBufArea = 37.2516; ClockCellArea = 38.1396; Clock = clk_i; Mode = test; Corner = slow_Cmin; ClockRoot = clk_i. (CTS-037)

Starting fixing clock tree DRC Violation ...
Resized 0 cell(s), relocated 0 cell(s), cloned 0 cell(s) and inserted 0 buffer(s)/inverter(s)
Cloned 0 non-repeater gate(s)
Ran incremental ZGR 0 time(s) for 0 net(s) and restored ZGR 0 time(s) for 0 net(s)
Clock QoR After Fixing Pre-Opt DRC Violation:
Clock: clk_i, Mode: test, Root: clk_i
Information: CTS QoR Post Initial DRC Fixing: GlobalSkew = 0.0515; ID = 0.0912; NetsWithDRC = 0; Worst Tran/Cap/Fanout cost = 0.0000/0.0000/0; ClockBufArea = 37.2516; ClockCellArea = 38.1396; Clock = clk_i; Mode = test; Corner = fast_Cmax; ClockRoot = clk_i. (CTS-037)
Information: CTS QoR Post Initial DRC Fixing: GlobalSkew = 0.0489; ID = 0.0868; NetsWithDRC = 0; Worst Tran/Cap/Fanout cost = 0.0000/0.0000/0; ClockBufArea = 37.2516; ClockCellArea = 38.1396; Clock = clk_i; Mode = test; Corner = fast_Cmin; ClockRoot = clk_i. (CTS-037)
Information: CTS QoR Post Initial DRC Fixing: GlobalSkew = 0.1049; ID = 0.1920; NetsWithDRC = 0; Worst Tran/Cap/Fanout cost = 0.0000/0.0000/0; ClockBufArea = 37.2516; ClockCellArea = 38.1396; Clock = clk_i; Mode = test; Corner = slow_Cmax; ClockRoot = clk_i. (CTS-037)
Information: CTS QoR Post Initial DRC Fixing: GlobalSkew = 0.0990; ID = 0.1825; NetsWithDRC = 0; Worst Tran/Cap/Fanout cost = 0.0000/0.0000/0; ClockBufArea = 37.2516; ClockCellArea = 38.1396; Clock = clk_i; Mode = test; Corner = slow_Cmin; ClockRoot = clk_i. (CTS-037)
The elapsed time for fixing DRC violation is 0 hr : 0 min : 0.11 sec, cpu time is 0 hr : 0 min : 0.32 sec.
-------------------------------------------------------------
Fixing clock: clk_i mode: func root: clk_i

Clock QoR Before Fixing Clock Tree DRC Violation ...
Clock: clk_i, Mode: func, Root: clk_i
Information: CTS QoR Pre Initial DRC Fixing: GlobalSkew = 0.0515; ID = 0.0912; NetsWithDRC = 0; Worst Tran/Cap/Fanout cost = 0.0000/0.0000/0; ClockBufArea = 37.2516; ClockCellArea = 38.1396; Clock = clk_i; Mode = func; Corner = fast_Cmax; ClockRoot = clk_i. (CTS-037)
Information: CTS QoR Pre Initial DRC Fixing: GlobalSkew = 0.0489; ID = 0.0868; NetsWithDRC = 0; Worst Tran/Cap/Fanout cost = 0.0000/0.0000/0; ClockBufArea = 37.2516; ClockCellArea = 38.1396; Clock = clk_i; Mode = func; Corner = fast_Cmin; ClockRoot = clk_i. (CTS-037)
Information: CTS QoR Pre Initial DRC Fixing: GlobalSkew = 0.1049; ID = 0.2099; NetsWithDRC = 0; Worst Tran/Cap/Fanout cost = 0.0000/0.0000/0; ClockBufArea = 37.2516; ClockCellArea = 38.1396; Clock = clk_i; Mode = func; Corner = slow_Cmax; ClockRoot = clk_i. (CTS-037)
Information: CTS QoR Pre Initial DRC Fixing: GlobalSkew = 0.0990; ID = 0.1825; NetsWithDRC = 0; Worst Tran/Cap/Fanout cost = 0.0000/0.0000/0; ClockBufArea = 37.2516; ClockCellArea = 38.1396; Clock = clk_i; Mode = func; Corner = slow_Cmin; ClockRoot = clk_i. (CTS-037)

Starting fixing clock tree DRC Violation ...
Resized 0 cell(s), relocated 0 cell(s), cloned 0 cell(s) and inserted 0 buffer(s)/inverter(s)
Cloned 0 non-repeater gate(s)
Ran incremental ZGR 0 time(s) for 0 net(s) and restored ZGR 0 time(s) for 0 net(s)
Clock QoR After Fixing Pre-Opt DRC Violation:
Clock: clk_i, Mode: func, Root: clk_i
Information: CTS QoR Post Initial DRC Fixing: GlobalSkew = 0.0515; ID = 0.0912; NetsWithDRC = 0; Worst Tran/Cap/Fanout cost = 0.0000/0.0000/0; ClockBufArea = 37.2516; ClockCellArea = 38.1396; Clock = clk_i; Mode = func; Corner = fast_Cmax; ClockRoot = clk_i. (CTS-037)
Information: CTS QoR Post Initial DRC Fixing: GlobalSkew = 0.0489; ID = 0.0868; NetsWithDRC = 0; Worst Tran/Cap/Fanout cost = 0.0000/0.0000/0; ClockBufArea = 37.2516; ClockCellArea = 38.1396; Clock = clk_i; Mode = func; Corner = fast_Cmin; ClockRoot = clk_i. (CTS-037)
Information: CTS QoR Post Initial DRC Fixing: GlobalSkew = 0.1049; ID = 0.2099; NetsWithDRC = 0; Worst Tran/Cap/Fanout cost = 0.0000/0.0000/0; ClockBufArea = 37.2516; ClockCellArea = 38.1396; Clock = clk_i; Mode = func; Corner = slow_Cmax; ClockRoot = clk_i. (CTS-037)
Information: CTS QoR Post Initial DRC Fixing: GlobalSkew = 0.0990; ID = 0.1825; NetsWithDRC = 0; Worst Tran/Cap/Fanout cost = 0.0000/0.0000/0; ClockBufArea = 37.2516; ClockCellArea = 38.1396; Clock = clk_i; Mode = func; Corner = slow_Cmin; ClockRoot = clk_i. (CTS-037)
The elapsed time for fixing DRC violation is 0 hr : 0 min : 0.08 sec, cpu time is 0 hr : 0 min : 0.14 sec.
Information: The run time for pre-optimization DRC fixing is 0 hr : 0 min : 0.19 sec, cpu time is 0 hr : 0 min : 0.45 sec. (CTS-104)
************************************************************
* CTS STEP: Useful skew computation
************************************************************
INFO: Global useful skew initial qor is good enough.
CTS: CPUTIME for useful skew computation: 00:00:00.00u 00:00:00.00s 00:00:00.00e: 
Information: The run time for useful skew computation is 0 hr : 0 min : 0.00 sec, cpu time is 0 hr : 0 min : 0.00 sec. (CTS-104)
************************************************************
* CTS STEP: Skew Latency Optimization and Area Recovery
************************************************************
-------------------------------------------------------------
Optimizing clock tree
clock: clk_i mode: func root: clk_i
Clock QoR Before Optimization:
Clock: clk_i, Mode: func, Root: clk_i
Information: CTS QoR Pre Optimization: GlobalSkew = 0.0515; ID = 0.0912; NetsWithDRC = 0; Worst Tran/Cap/Fanout cost = 0.0000/0.0000/0; ClockBufArea = 37.2516; ClockCellArea = 38.1396; Clock = clk_i; Mode = func; Corner = fast_Cmax; ClockRoot = clk_i. (CTS-037)
Information: CTS QoR Pre Optimization: GlobalSkew = 0.0489; ID = 0.0868; NetsWithDRC = 0; Worst Tran/Cap/Fanout cost = 0.0000/0.0000/0; ClockBufArea = 37.2516; ClockCellArea = 38.1396; Clock = clk_i; Mode = func; Corner = fast_Cmin; ClockRoot = clk_i. (CTS-037)
Information: CTS QoR Pre Optimization: GlobalSkew = 0.1049; ID = 0.2099; NetsWithDRC = 0; Worst Tran/Cap/Fanout cost = 0.0000/0.0000/0; ClockBufArea = 37.2516; ClockCellArea = 38.1396; Clock = clk_i; Mode = func; Corner = slow_Cmax; ClockRoot = clk_i. (CTS-037)
Information: CTS QoR Pre Optimization: GlobalSkew = 0.0990; ID = 0.1825; NetsWithDRC = 0; Worst Tran/Cap/Fanout cost = 0.0000/0.0000/0; ClockBufArea = 37.2516; ClockCellArea = 38.1396; Clock = clk_i; Mode = func; Corner = slow_Cmin; ClockRoot = clk_i. (CTS-037)

Begin Pre-Opt preprocessing:
Pre-Opt preprocessing cpu time 00:00:02.75u 00:00:00.45s 00:00:03.20e: 
Ran incremental ZGR 0 time(s) for 0 net(s) and restored ZGR 0 time(s) for 0 net(s)
Clock Qor After Pre-Opt preprocessing:
Clock: clk_i, Mode: func, Root: clk_i
Information: CTS QoR Pre Optimization: GlobalSkew = 0.0515; ID = 0.0912; NetsWithDRC = 0; Worst Tran/Cap/Fanout cost = 0.0000/0.0000/0; ClockBufArea = 37.2516; ClockCellArea = 38.1396; Clock = clk_i; Mode = func; Corner = fast_Cmax; ClockRoot = clk_i. (CTS-037)
Information: CTS QoR Pre Optimization: GlobalSkew = 0.0489; ID = 0.0868; NetsWithDRC = 0; Worst Tran/Cap/Fanout cost = 0.0000/0.0000/0; ClockBufArea = 37.2516; ClockCellArea = 38.1396; Clock = clk_i; Mode = func; Corner = fast_Cmin; ClockRoot = clk_i. (CTS-037)
Information: CTS QoR Pre Optimization: GlobalSkew = 0.1049; ID = 0.2099; NetsWithDRC = 0; Worst Tran/Cap/Fanout cost = 0.0000/0.0000/0; ClockBufArea = 37.2516; ClockCellArea = 38.1396; Clock = clk_i; Mode = func; Corner = slow_Cmax; ClockRoot = clk_i. (CTS-037)
Information: CTS QoR Pre Optimization: GlobalSkew = 0.0990; ID = 0.1825; NetsWithDRC = 0; Worst Tran/Cap/Fanout cost = 0.0000/0.0000/0; ClockBufArea = 37.2516; ClockCellArea = 38.1396; Clock = clk_i; Mode = func; Corner = slow_Cmin; ClockRoot = clk_i. (CTS-037)

Begin Network Flow Based Optimization:
Information: Design Average RC for design cv32e40p_top_5_cts  (NEX-011)
Information: r = 2.175318 ohm/um, via_r = 1.031427 ohm/cut, c = 0.127527 ff/um, cc = 0.000000 ff/um (X dir) (NEX-017)
Information: r = 2.639974 ohm/um, via_r = 0.663827 ohm/cut, c = 0.121912 ff/um, cc = 0.000000 ff/um (Y dir) (NEX-017)
Begin building search trees for block cv32e40p_top:cv32e40p_top_5_cts.design
Done building search trees for block cv32e40p_top:cv32e40p_top_5_cts.design (time 0s)
Begin building search trees for block cv32e40p_top:cv32e40p_top_5_cts.design
Done building search trees for block cv32e40p_top:cv32e40p_top_5_cts.design (time 0s)
Begin building search trees for block cv32e40p_top:cv32e40p_top_5_cts.design
Done building search trees for block cv32e40p_top:cv32e40p_top_5_cts.design (time 0s)
Default network flow optimizer made 7 successful improvements out of 11 iterations
Resized 3, relocated 1, deleted 1, inserted 0, sizeUp Relocated 0 cells
SKEWOPT total number of balance points adjusted 0
The elapsed time for network flow optimization is 0 hr : 0 min : 2.87 sec, cpu time is 0 hr : 0 min : 7.02 sec.
Ran incremental ZGR 21 time(s) for 45 net(s) and restored ZGR 7 time(s) for 20 net(s)
Clock Qor After Network Flow Optimization:
Clock: clk_i, Mode: func, Root: clk_i
Information: CTS QoR Post Optimization: GlobalSkew = 0.0432; ID = 0.0834; NetsWithDRC = 0; Worst Tran/Cap/Fanout cost = 0.0000/0.0000/0; ClockBufArea = 37.4736; ClockCellArea = 38.3616; Clock = clk_i; Mode = func; Corner = fast_Cmax; ClockRoot = clk_i. (CTS-037)
Information: CTS QoR Post Optimization: GlobalSkew = 0.0409; ID = 0.0792; NetsWithDRC = 0; Worst Tran/Cap/Fanout cost = 0.0000/0.0000/0; ClockBufArea = 37.4736; ClockCellArea = 38.3616; Clock = clk_i; Mode = func; Corner = fast_Cmin; ClockRoot = clk_i. (CTS-037)
Information: CTS QoR Post Optimization: GlobalSkew = 0.0817; ID = 0.1835; NetsWithDRC = 0; Worst Tran/Cap/Fanout cost = 0.0000/0.0000/0; ClockBufArea = 37.4736; ClockCellArea = 38.3616; Clock = clk_i; Mode = func; Corner = slow_Cmax; ClockRoot = clk_i. (CTS-037)
Information: CTS QoR Post Optimization: GlobalSkew = 0.0769; ID = 0.1633; NetsWithDRC = 0; Worst Tran/Cap/Fanout cost = 0.0000/0.0000/0; ClockBufArea = 37.4736; ClockCellArea = 38.3616; Clock = clk_i; Mode = func; Corner = slow_Cmin; ClockRoot = clk_i. (CTS-037)

Begin Layer Optimization:

Beginning layer optimization ...
Begin building search trees for block cv32e40p_top:cv32e40p_top_5_cts.design
Done building search trees for block cv32e40p_top:cv32e40p_top_5_cts.design (time 0s)
Begin building search trees for block cv32e40p_top:cv32e40p_top_5_cts.design
Done building search trees for block cv32e40p_top:cv32e40p_top_5_cts.design (time 0s)
Begin building search trees for block cv32e40p_top:cv32e40p_top_5_cts.design
Done building search trees for block cv32e40p_top:cv32e40p_top_5_cts.design (time 0s)
Begin building search trees for block cv32e40p_top:cv32e40p_top_5_cts.design
Done building search trees for block cv32e40p_top:cv32e40p_top_5_cts.design (time 0s)
Begin building search trees for block cv32e40p_top:cv32e40p_top_5_cts.design
Done building search trees for block cv32e40p_top:cv32e40p_top_5_cts.design (time 0s)
Begin building search trees for block cv32e40p_top:cv32e40p_top_5_cts.design
Done building search trees for block cv32e40p_top:cv32e40p_top_5_cts.design (time 0s)
Begin building search trees for block cv32e40p_top:cv32e40p_top_5_cts.design
Done building search trees for block cv32e40p_top:cv32e40p_top_5_cts.design (time 0s)
Begin building search trees for block cv32e40p_top:cv32e40p_top_5_cts.design
Done building search trees for block cv32e40p_top:cv32e40p_top_5_cts.design (time 0s)
All clocks: total net count: 100
All clocks: total committed/restored net count: 100/0
All clocks: total count of nets with two layers: 0 (skipped)
All clocks: total count of nets with unchanged layers: 0

Ending layer optimization ...

The elapsed time for layer optimization is 0 hr : 0 min : 6.97 sec, cpu time is 0 hr : 0 min : 8.84 sec.
Ran incremental ZGR 59 time(s) for 59 net(s) and restored ZGR 0 time(s) for 0 net(s)
Clock Qor After Layer Optimization:
Clock: clk_i, Mode: func, Root: clk_i
Information: CTS QoR Post Optimization: GlobalSkew = 0.0432; ID = 0.0834; NetsWithDRC = 0; Worst Tran/Cap/Fanout cost = 0.0000/0.0000/0; ClockBufArea = 37.4736; ClockCellArea = 38.3616; Clock = clk_i; Mode = func; Corner = fast_Cmax; ClockRoot = clk_i. (CTS-037)
Information: CTS QoR Post Optimization: GlobalSkew = 0.0409; ID = 0.0792; NetsWithDRC = 0; Worst Tran/Cap/Fanout cost = 0.0000/0.0000/0; ClockBufArea = 37.4736; ClockCellArea = 38.3616; Clock = clk_i; Mode = func; Corner = fast_Cmin; ClockRoot = clk_i. (CTS-037)
Information: CTS QoR Post Optimization: GlobalSkew = 0.0817; ID = 0.1835; NetsWithDRC = 0; Worst Tran/Cap/Fanout cost = 0.0000/0.0000/0; ClockBufArea = 37.4736; ClockCellArea = 38.3616; Clock = clk_i; Mode = func; Corner = slow_Cmax; ClockRoot = clk_i. (CTS-037)
Information: CTS QoR Post Optimization: GlobalSkew = 0.0769; ID = 0.1633; NetsWithDRC = 0; Worst Tran/Cap/Fanout cost = 0.0000/0.0000/0; ClockBufArea = 37.4736; ClockCellArea = 38.3616; Clock = clk_i; Mode = func; Corner = slow_Cmin; ClockRoot = clk_i. (CTS-037)

Begin Area Recovery Buffer Removal:
Begin building search trees for block cv32e40p_top:cv32e40p_top_5_cts.design
Done building search trees for block cv32e40p_top:cv32e40p_top_5_cts.design (time 0s)
Begin building search trees for block cv32e40p_top:cv32e40p_top_5_cts.design
Done building search trees for block cv32e40p_top:cv32e40p_top_5_cts.design (time 0s)
Begin building search trees for block cv32e40p_top:cv32e40p_top_5_cts.design
Done building search trees for block cv32e40p_top:cv32e40p_top_5_cts.design (time 0s)
Begin building search trees for block cv32e40p_top:cv32e40p_top_5_cts.design
Done building search trees for block cv32e40p_top:cv32e40p_top_5_cts.design (time 0s)
Begin building search trees for block cv32e40p_top:cv32e40p_top_5_cts.design
Done building search trees for block cv32e40p_top:cv32e40p_top_5_cts.design (time 0s)
Begin building search trees for block cv32e40p_top:cv32e40p_top_5_cts.design
Done building search trees for block cv32e40p_top:cv32e40p_top_5_cts.design (time 0s)
Begin building search trees for block cv32e40p_top:cv32e40p_top_5_cts.design
Done building search trees for block cv32e40p_top:cv32e40p_top_5_cts.design (time 0s)
Begin building search trees for block cv32e40p_top:cv32e40p_top_5_cts.design
Done building search trees for block cv32e40p_top:cv32e40p_top_5_cts.design (time 0s)
Begin building search trees for block cv32e40p_top:cv32e40p_top_5_cts.design
Done building search trees for block cv32e40p_top:cv32e40p_top_5_cts.design (time 0s)
Begin building search trees for block cv32e40p_top:cv32e40p_top_5_cts.design
Done building search trees for block cv32e40p_top:cv32e40p_top_5_cts.design (time 0s)
Begin building search trees for block cv32e40p_top:cv32e40p_top_5_cts.design
Done building search trees for block cv32e40p_top:cv32e40p_top_5_cts.design (time 0s)
Begin building search trees for block cv32e40p_top:cv32e40p_top_5_cts.design
Done building search trees for block cv32e40p_top:cv32e40p_top_5_cts.design (time 0s)
Begin building search trees for block cv32e40p_top:cv32e40p_top_5_cts.design
Done building search trees for block cv32e40p_top:cv32e40p_top_5_cts.design (time 0s)
Begin building search trees for block cv32e40p_top:cv32e40p_top_5_cts.design
Done building search trees for block cv32e40p_top:cv32e40p_top_5_cts.design (time 0s)
Begin building search trees for block cv32e40p_top:cv32e40p_top_5_cts.design
Done building search trees for block cv32e40p_top:cv32e40p_top_5_cts.design (time 0s)
Begin building search trees for block cv32e40p_top:cv32e40p_top_5_cts.design
Done building search trees for block cv32e40p_top:cv32e40p_top_5_cts.design (time 0s)
Begin building search trees for block cv32e40p_top:cv32e40p_top_5_cts.design
Done building search trees for block cv32e40p_top:cv32e40p_top_5_cts.design (time 0s)
Begin building search trees for block cv32e40p_top:cv32e40p_top_5_cts.design
Done building search trees for block cv32e40p_top:cv32e40p_top_5_cts.design (time 0s)
Begin building search trees for block cv32e40p_top:cv32e40p_top_5_cts.design
Done building search trees for block cv32e40p_top:cv32e40p_top_5_cts.design (time 0s)
Begin building search trees for block cv32e40p_top:cv32e40p_top_5_cts.design
Done building search trees for block cv32e40p_top:cv32e40p_top_5_cts.design (time 0s)
Begin building search trees for block cv32e40p_top:cv32e40p_top_5_cts.design
Done building search trees for block cv32e40p_top:cv32e40p_top_5_cts.design (time 0s)
Begin building search trees for block cv32e40p_top:cv32e40p_top_5_cts.design
Done building search trees for block cv32e40p_top:cv32e40p_top_5_cts.design (time 0s)
Begin building search trees for block cv32e40p_top:cv32e40p_top_5_cts.design
Done building search trees for block cv32e40p_top:cv32e40p_top_5_cts.design (time 0s)
Begin building search trees for block cv32e40p_top:cv32e40p_top_5_cts.design
Done building search trees for block cv32e40p_top:cv32e40p_top_5_cts.design (time 0s)
Begin building search trees for block cv32e40p_top:cv32e40p_top_5_cts.design
Done building search trees for block cv32e40p_top:cv32e40p_top_5_cts.design (time 0s)
Begin building search trees for block cv32e40p_top:cv32e40p_top_5_cts.design
Done building search trees for block cv32e40p_top:cv32e40p_top_5_cts.design (time 0s)
Begin building search trees for block cv32e40p_top:cv32e40p_top_5_cts.design
Done building search trees for block cv32e40p_top:cv32e40p_top_5_cts.design (time 0s)
Begin building search trees for block cv32e40p_top:cv32e40p_top_5_cts.design
Done building search trees for block cv32e40p_top:cv32e40p_top_5_cts.design (time 0s)
Begin building search trees for block cv32e40p_top:cv32e40p_top_5_cts.design
Done building search trees for block cv32e40p_top:cv32e40p_top_5_cts.design (time 0s)
Begin building search trees for block cv32e40p_top:cv32e40p_top_5_cts.design
Done building search trees for block cv32e40p_top:cv32e40p_top_5_cts.design (time 0s)
Begin building search trees for block cv32e40p_top:cv32e40p_top_5_cts.design
Done building search trees for block cv32e40p_top:cv32e40p_top_5_cts.design (time 0s)
AR: deleted 0 cell(s)
Ran incremental ZGR 97 time(s) for 97 net(s) and restored ZGR 0 time(s) for 0 net(s)
Clock QoR After Area Recovery Removal:
Clock: clk_i, Mode: func, Root: clk_i
Information: CTS QoR Post Area Recovery: GlobalSkew = 0.0432; ID = 0.0834; NetsWithDRC = 0; Worst Tran/Cap/Fanout cost = 0.0000/0.0000/0; ClockBufArea = 37.4736; ClockCellArea = 38.3616; Clock = clk_i; Mode = func; Corner = fast_Cmax; ClockRoot = clk_i. (CTS-037)
Information: CTS QoR Post Area Recovery: GlobalSkew = 0.0409; ID = 0.0792; NetsWithDRC = 0; Worst Tran/Cap/Fanout cost = 0.0000/0.0000/0; ClockBufArea = 37.4736; ClockCellArea = 38.3616; Clock = clk_i; Mode = func; Corner = fast_Cmin; ClockRoot = clk_i. (CTS-037)
Information: CTS QoR Post Area Recovery: GlobalSkew = 0.0817; ID = 0.1835; NetsWithDRC = 0; Worst Tran/Cap/Fanout cost = 0.0000/0.0000/0; ClockBufArea = 37.4736; ClockCellArea = 38.3616; Clock = clk_i; Mode = func; Corner = slow_Cmax; ClockRoot = clk_i. (CTS-037)
Information: CTS QoR Post Area Recovery: GlobalSkew = 0.0769; ID = 0.1633; NetsWithDRC = 0; Worst Tran/Cap/Fanout cost = 0.0000/0.0000/0; ClockBufArea = 37.4736; ClockCellArea = 38.3616; Clock = clk_i; Mode = func; Corner = slow_Cmin; ClockRoot = clk_i. (CTS-037)

Begin Area Recovery Resizing:
Begin building search trees for block cv32e40p_top:cv32e40p_top_5_cts.design
Done building search trees for block cv32e40p_top:cv32e40p_top_5_cts.design (time 0s)
AR: resized 15 out of 100 cell(s)
Ran incremental ZGR 3 time(s) for 18 net(s) and restored ZGR 0 time(s) for 0 net(s)
Clock QoR After Area Recovery Resizing:
Clock: clk_i, Mode: func, Root: clk_i
Information: CTS QoR Post Area Recovery: GlobalSkew = 0.0431; ID = 0.0833; NetsWithDRC = 0; Worst Tran/Cap/Fanout cost = 0.0000/0.0000/0; ClockBufArea = 36.5412; ClockCellArea = 37.4292; Clock = clk_i; Mode = func; Corner = fast_Cmax; ClockRoot = clk_i. (CTS-037)
Information: CTS QoR Post Area Recovery: GlobalSkew = 0.0408; ID = 0.0791; NetsWithDRC = 0; Worst Tran/Cap/Fanout cost = 0.0000/0.0000/0; ClockBufArea = 36.5412; ClockCellArea = 37.4292; Clock = clk_i; Mode = func; Corner = fast_Cmin; ClockRoot = clk_i. (CTS-037)
Information: CTS QoR Post Area Recovery: GlobalSkew = 0.0817; ID = 0.1834; NetsWithDRC = 0; Worst Tran/Cap/Fanout cost = 0.0000/0.0000/0; ClockBufArea = 36.5412; ClockCellArea = 37.4292; Clock = clk_i; Mode = func; Corner = slow_Cmax; ClockRoot = clk_i. (CTS-037)
Information: CTS QoR Post Area Recovery: GlobalSkew = 0.0768; ID = 0.1631; NetsWithDRC = 0; Worst Tran/Cap/Fanout cost = 0.0000/0.0000/0; ClockBufArea = 36.5412; ClockCellArea = 37.4292; Clock = clk_i; Mode = func; Corner = slow_Cmin; ClockRoot = clk_i. (CTS-037)
The elapsed time for area recovery is 0 hr : 0 min : 26.13 sec, cpu time is 0 hr : 1 min : 23.65 sec.
The elapsed time for optimization of clock tree is 0 hr : 0 min : 39.33 sec, cpu time is 0 hr : 1 min : 43.37 sec.
-------------------------------------------------------------
SI prevention through NDR promotion
NDR promotion for clock: clk_i mode: test root: clk_i
Clock QoR Before Optimization:
Clock: clk_i, Mode: test, Root: clk_i
Information: CTS QoR Pre Optimization: GlobalSkew = 0.0431; ID = 0.0833; NetsWithDRC = 0; Worst Tran/Cap/Fanout cost = 0.0000/0.0000/0; ClockBufArea = 36.5412; ClockCellArea = 37.4292; Clock = clk_i; Mode = test; Corner = fast_Cmax; ClockRoot = clk_i. (CTS-037)
Information: CTS QoR Pre Optimization: GlobalSkew = 0.0408; ID = 0.0791; NetsWithDRC = 0; Worst Tran/Cap/Fanout cost = 0.0000/0.0000/0; ClockBufArea = 36.5412; ClockCellArea = 37.4292; Clock = clk_i; Mode = test; Corner = fast_Cmin; ClockRoot = clk_i. (CTS-037)
Information: CTS QoR Pre Optimization: GlobalSkew = 0.0817; ID = 0.1720; NetsWithDRC = 0; Worst Tran/Cap/Fanout cost = 0.0000/0.0000/0; ClockBufArea = 36.5412; ClockCellArea = 37.4292; Clock = clk_i; Mode = test; Corner = slow_Cmax; ClockRoot = clk_i. (CTS-037)
Information: CTS QoR Pre Optimization: GlobalSkew = 0.0768; ID = 0.1631; NetsWithDRC = 0; Worst Tran/Cap/Fanout cost = 0.0000/0.0000/0; ClockBufArea = 36.5412; ClockCellArea = 37.4292; Clock = clk_i; Mode = test; Corner = slow_Cmin; ClockRoot = clk_i. (CTS-037)
Routing 26889 data signal nets ... 

Start congestion route ...
Information: The run time for congestion route is 0 hr : 0 min : 17.70 sec, cpu time is 0 hr : 0 min : 20.66 sec. (CTS-104)
Begin building search trees for block cv32e40p_top:cv32e40p_top_5_cts.design
Done building search trees for block cv32e40p_top:cv32e40p_top_5_cts.design (time 0s)
Information: The RC mode used is CTO for design 'cv32e40p_top'. (NEX-022)
Information: Update timing completed net estimation for all the timing graph nets (TIM-111)
Information: Net estimation statistics: timing graph nets = 26990, routed nets = 101, across physical hierarchy nets = 0, parasitics cached nets = 102, delay annotated nets = 0, parasitics annotated nets = 0, multi-voltage nets = 0. (TIM-112)
Begin building search trees for block cv32e40p_top:cv32e40p_top_5_cts.design
Done building search trees for block cv32e40p_top:cv32e40p_top_5_cts.design (time 0s)
Begin building search trees for block cv32e40p_top:cv32e40p_top_5_cts.design
Done building search trees for block cv32e40p_top:cv32e40p_top_5_cts.design (time 0s)
Begin building search trees for block cv32e40p_top:cv32e40p_top_5_cts.design
Done building search trees for block cv32e40p_top:cv32e40p_top_5_cts.design (time 0s)
Number of processed non-congested nets: 51/51 ...
Number of nets for which NDR promotion was successful: 44
Number of nets for which NDR promotion failed: 7
Clock QoR After Area Congestion Aware NDR Promotion:
Clock: clk_i, Mode: test, Root: clk_i
Information: CTS QoR Post Area Recovery: GlobalSkew = 0.0431; ID = 0.0831; NetsWithDRC = 0; Worst Tran/Cap/Fanout cost = 0.0000/0.0000/0; ClockBufArea = 36.5412; ClockCellArea = 37.4292; Clock = clk_i; Mode = test; Corner = fast_Cmax; ClockRoot = clk_i. (CTS-037)
Information: CTS QoR Post Area Recovery: GlobalSkew = 0.0406; ID = 0.0788; NetsWithDRC = 0; Worst Tran/Cap/Fanout cost = 0.0000/0.0000/0; ClockBufArea = 36.5412; ClockCellArea = 37.4292; Clock = clk_i; Mode = test; Corner = fast_Cmin; ClockRoot = clk_i. (CTS-037)
Information: CTS QoR Post Area Recovery: GlobalSkew = 0.0817; ID = 0.1719; NetsWithDRC = 0; Worst Tran/Cap/Fanout cost = 0.0000/0.0000/0; ClockBufArea = 36.5412; ClockCellArea = 37.4292; Clock = clk_i; Mode = test; Corner = slow_Cmax; ClockRoot = clk_i. (CTS-037)
Information: CTS QoR Post Area Recovery: GlobalSkew = 0.0766; ID = 0.1628; NetsWithDRC = 0; Worst Tran/Cap/Fanout cost = 0.0000/0.0000/0; ClockBufArea = 36.5412; ClockCellArea = 37.4292; Clock = clk_i; Mode = test; Corner = slow_Cmin; ClockRoot = clk_i. (CTS-037)
The elapsed time for NDR promotion is 0 hr : 0 min : 26.77 sec, cpu time is 0 hr : 0 min : 35.46 sec.
-------------------------------------------------------------
SI prevention through NDR promotion
NDR promotion for clock: clk_i mode: func root: clk_i
Clock QoR Before Optimization:
Clock: clk_i, Mode: func, Root: clk_i
Information: CTS QoR Pre Optimization: GlobalSkew = 0.0431; ID = 0.0831; NetsWithDRC = 0; Worst Tran/Cap/Fanout cost = 0.0000/0.0000/0; ClockBufArea = 36.5412; ClockCellArea = 37.4292; Clock = clk_i; Mode = func; Corner = fast_Cmax; ClockRoot = clk_i. (CTS-037)
Information: CTS QoR Pre Optimization: GlobalSkew = 0.0406; ID = 0.0788; NetsWithDRC = 0; Worst Tran/Cap/Fanout cost = 0.0000/0.0000/0; ClockBufArea = 36.5412; ClockCellArea = 37.4292; Clock = clk_i; Mode = func; Corner = fast_Cmin; ClockRoot = clk_i. (CTS-037)
Information: CTS QoR Pre Optimization: GlobalSkew = 0.0817; ID = 0.1823; NetsWithDRC = 0; Worst Tran/Cap/Fanout cost = 0.0000/0.0000/0; ClockBufArea = 36.5412; ClockCellArea = 37.4292; Clock = clk_i; Mode = func; Corner = slow_Cmax; ClockRoot = clk_i. (CTS-037)
Information: CTS QoR Pre Optimization: GlobalSkew = 0.0766; ID = 0.1628; NetsWithDRC = 0; Worst Tran/Cap/Fanout cost = 0.0000/0.0000/0; ClockBufArea = 36.5412; ClockCellArea = 37.4292; Clock = clk_i; Mode = func; Corner = slow_Cmin; ClockRoot = clk_i. (CTS-037)
Clock QoR After Area Congestion Aware NDR Promotion:
Clock: clk_i, Mode: func, Root: clk_i
Information: CTS QoR Post Area Recovery: GlobalSkew = 0.0431; ID = 0.0831; NetsWithDRC = 0; Worst Tran/Cap/Fanout cost = 0.0000/0.0000/0; ClockBufArea = 36.5412; ClockCellArea = 37.4292; Clock = clk_i; Mode = func; Corner = fast_Cmax; ClockRoot = clk_i. (CTS-037)
Information: CTS QoR Post Area Recovery: GlobalSkew = 0.0406; ID = 0.0788; NetsWithDRC = 0; Worst Tran/Cap/Fanout cost = 0.0000/0.0000/0; ClockBufArea = 36.5412; ClockCellArea = 37.4292; Clock = clk_i; Mode = func; Corner = fast_Cmin; ClockRoot = clk_i. (CTS-037)
Information: CTS QoR Post Area Recovery: GlobalSkew = 0.0817; ID = 0.1823; NetsWithDRC = 0; Worst Tran/Cap/Fanout cost = 0.0000/0.0000/0; ClockBufArea = 36.5412; ClockCellArea = 37.4292; Clock = clk_i; Mode = func; Corner = slow_Cmax; ClockRoot = clk_i. (CTS-037)
Information: CTS QoR Post Area Recovery: GlobalSkew = 0.0766; ID = 0.1628; NetsWithDRC = 0; Worst Tran/Cap/Fanout cost = 0.0000/0.0000/0; ClockBufArea = 36.5412; ClockCellArea = 37.4292; Clock = clk_i; Mode = func; Corner = slow_Cmin; ClockRoot = clk_i. (CTS-037)
The elapsed time for NDR promotion is 0 hr : 0 min : 0.18 sec, cpu time is 0 hr : 0 min : 0.24 sec.
Information: The run time for SI prevention through NDR promotion is 0 hr : 0 min : 26.95 sec, cpu time is 0 hr : 0 min : 35.70 sec. (CTS-104)
Information: The stitching and editing of coupling caps is turned OFF for design 'cv32e40p_top:cv32e40p_top_5_cts.design'. (TIM-125)
Information: Update timing completed net estimation for all the timing graph nets (TIM-111)
Information: Net estimation statistics: timing graph nets = 26990, routed nets = 101, across physical hierarchy nets = 0, parasitics cached nets = 101, delay annotated nets = 0, parasitics annotated nets = 0, multi-voltage nets = 0. (TIM-112)

Mode:func             Latency(early)   Latency(late)
Clock        Updated   rise    fall    rise    fall   Corner
------------------------------------------------------------
clk_i        Yes     0.0770  0.0770  0.0770  0.0770   fast_Cmax
clk_i        Yes     0.0733  0.0733  0.0733  0.0733   fast_Cmin
clk_i        Yes     0.1711  0.1711  0.1711  0.1711   slow_Cmax
clk_i        Yes     0.1529  0.1529  0.1529  0.1529   slow_Cmin

Mode:test             Latency(early)   Latency(late)
Clock        Updated   rise    fall    rise    fall   Corner
------------------------------------------------------------
clk_i        Yes     0.0770  0.0770  0.0770  0.0770   fast_Cmax
clk_i        Yes     0.0733  0.0733  0.0733  0.0733   fast_Cmin
clk_i        Yes     0.1607  0.1607  0.1607  0.1607   slow_Cmax
clk_i        Yes     0.1529  0.1529  0.1529  0.1529   slow_Cmin

Information: The stitching and editing of coupling caps is turned OFF for design 'cv32e40p_top:cv32e40p_top_5_cts.design'. (TIM-125)
Information: Update timing completed net estimation for all the timing graph nets (TIM-111)
Information: Net estimation statistics: timing graph nets = 26990, routed nets = 101, across physical hierarchy nets = 0, parasitics cached nets = 26990, delay annotated nets = 0, parasitics annotated nets = 0, multi-voltage nets = 0. (TIM-112)
Information: The stitching and editing of coupling caps is turned OFF for design 'cv32e40p_top:cv32e40p_top_5_cts.design'. (TIM-125)
Information: Update timing completed net estimation for all the timing graph nets (TIM-111)
Information: Net estimation statistics: timing graph nets = 26990, routed nets = 101, across physical hierarchy nets = 0, parasitics cached nets = 101, delay annotated nets = 0, parasitics annotated nets = 0, multi-voltage nets = 0. (TIM-112)
-------------------------------------------------------------
Optimizing clock tree local skew
clock: clk_i mode: func root: clk_i
Clock QoR Before Optimization:
Clock: clk_i, Mode: func, Root: clk_i
Information: CTS QoR Pre Local Skew Optimization: GlobalSkew = 0.0431; ID = 0.0831; NetsWithDRC = 0; Worst Tran/Cap/Fanout cost = 0.0000/0.0000/0; ClockBufArea = 36.5412; ClockCellArea = 37.4292; Clock = clk_i; Mode = func; Corner = fast_Cmax; ClockRoot = clk_i. (CTS-037)
Information: CTS QoR Pre Local Skew Optimization: GlobalSkew = 0.0406; ID = 0.0788; NetsWithDRC = 0; Worst Tran/Cap/Fanout cost = 0.0000/0.0000/0; ClockBufArea = 36.5412; ClockCellArea = 37.4292; Clock = clk_i; Mode = func; Corner = fast_Cmin; ClockRoot = clk_i. (CTS-037)
Information: CTS QoR Pre Local Skew Optimization: GlobalSkew = 0.0817; ID = 0.1823; NetsWithDRC = 0; Worst Tran/Cap/Fanout cost = 0.0000/0.0000/0; ClockBufArea = 36.5412; ClockCellArea = 37.4292; Clock = clk_i; Mode = func; Corner = slow_Cmax; ClockRoot = clk_i. (CTS-037)
Information: CTS QoR Pre Local Skew Optimization: GlobalSkew = 0.0766; ID = 0.1628; NetsWithDRC = 0; Worst Tran/Cap/Fanout cost = 0.0000/0.0000/0; ClockBufArea = 36.5412; ClockCellArea = 37.4292; Clock = clk_i; Mode = func; Corner = slow_Cmin; ClockRoot = clk_i. (CTS-037)

Begin Network Flow Based Optimization:
Total trial resizing 0 time(s) accepted 0 time(s)
AR: local skew for area recovery by removal and sizing
Begin building search trees for block cv32e40p_top:cv32e40p_top_5_cts.design
Done building search trees for block cv32e40p_top:cv32e40p_top_5_cts.design (time 0s)
Begin building search trees for block cv32e40p_top:cv32e40p_top_5_cts.design
Done building search trees for block cv32e40p_top:cv32e40p_top_5_cts.design (time 0s)
Begin building search trees for block cv32e40p_top:cv32e40p_top_5_cts.design
Done building search trees for block cv32e40p_top:cv32e40p_top_5_cts.design (time 0s)
Begin building search trees for block cv32e40p_top:cv32e40p_top_5_cts.design
Done building search trees for block cv32e40p_top:cv32e40p_top_5_cts.design (time 0s)
Begin building search trees for block cv32e40p_top:cv32e40p_top_5_cts.design
Done building search trees for block cv32e40p_top:cv32e40p_top_5_cts.design (time 0s)
Begin building search trees for block cv32e40p_top:cv32e40p_top_5_cts.design
Done building search trees for block cv32e40p_top:cv32e40p_top_5_cts.design (time 0s)
Begin building search trees for block cv32e40p_top:cv32e40p_top_5_cts.design
Done building search trees for block cv32e40p_top:cv32e40p_top_5_cts.design (time 0s)
Begin building search trees for block cv32e40p_top:cv32e40p_top_5_cts.design
Done building search trees for block cv32e40p_top:cv32e40p_top_5_cts.design (time 0s)
Begin building search trees for block cv32e40p_top:cv32e40p_top_5_cts.design
Done building search trees for block cv32e40p_top:cv32e40p_top_5_cts.design (time 0s)
Begin building search trees for block cv32e40p_top:cv32e40p_top_5_cts.design
Done building search trees for block cv32e40p_top:cv32e40p_top_5_cts.design (time 0s)
Begin building search trees for block cv32e40p_top:cv32e40p_top_5_cts.design
Done building search trees for block cv32e40p_top:cv32e40p_top_5_cts.design (time 0s)
Begin building search trees for block cv32e40p_top:cv32e40p_top_5_cts.design
Done building search trees for block cv32e40p_top:cv32e40p_top_5_cts.design (time 0s)
Begin building search trees for block cv32e40p_top:cv32e40p_top_5_cts.design
Done building search trees for block cv32e40p_top:cv32e40p_top_5_cts.design (time 0s)
Begin building search trees for block cv32e40p_top:cv32e40p_top_5_cts.design
Done building search trees for block cv32e40p_top:cv32e40p_top_5_cts.design (time 0s)
Begin building search trees for block cv32e40p_top:cv32e40p_top_5_cts.design
Done building search trees for block cv32e40p_top:cv32e40p_top_5_cts.design (time 0s)
Begin building search trees for block cv32e40p_top:cv32e40p_top_5_cts.design
Done building search trees for block cv32e40p_top:cv32e40p_top_5_cts.design (time 0s)
Begin building search trees for block cv32e40p_top:cv32e40p_top_5_cts.design
Done building search trees for block cv32e40p_top:cv32e40p_top_5_cts.design (time 0s)
Begin building search trees for block cv32e40p_top:cv32e40p_top_5_cts.design
Done building search trees for block cv32e40p_top:cv32e40p_top_5_cts.design (time 0s)
Begin building search trees for block cv32e40p_top:cv32e40p_top_5_cts.design
Done building search trees for block cv32e40p_top:cv32e40p_top_5_cts.design (time 0s)
Begin building search trees for block cv32e40p_top:cv32e40p_top_5_cts.design
Done building search trees for block cv32e40p_top:cv32e40p_top_5_cts.design (time 0s)
Begin building search trees for block cv32e40p_top:cv32e40p_top_5_cts.design
Done building search trees for block cv32e40p_top:cv32e40p_top_5_cts.design (time 0s)
Begin building search trees for block cv32e40p_top:cv32e40p_top_5_cts.design
Done building search trees for block cv32e40p_top:cv32e40p_top_5_cts.design (time 0s)
Begin building search trees for block cv32e40p_top:cv32e40p_top_5_cts.design
Done building search trees for block cv32e40p_top:cv32e40p_top_5_cts.design (time 0s)
Begin building search trees for block cv32e40p_top:cv32e40p_top_5_cts.design
Done building search trees for block cv32e40p_top:cv32e40p_top_5_cts.design (time 0s)
Begin building search trees for block cv32e40p_top:cv32e40p_top_5_cts.design
Done building search trees for block cv32e40p_top:cv32e40p_top_5_cts.design (time 0s)
Begin building search trees for block cv32e40p_top:cv32e40p_top_5_cts.design
Done building search trees for block cv32e40p_top:cv32e40p_top_5_cts.design (time 0s)
Begin building search trees for block cv32e40p_top:cv32e40p_top_5_cts.design
Done building search trees for block cv32e40p_top:cv32e40p_top_5_cts.design (time 0s)
Begin building search trees for block cv32e40p_top:cv32e40p_top_5_cts.design
Done building search trees for block cv32e40p_top:cv32e40p_top_5_cts.design (time 0s)
Begin building search trees for block cv32e40p_top:cv32e40p_top_5_cts.design
Done building search trees for block cv32e40p_top:cv32e40p_top_5_cts.design (time 0s)
Begin building search trees for block cv32e40p_top:cv32e40p_top_5_cts.design
Done building search trees for block cv32e40p_top:cv32e40p_top_5_cts.design (time 0s)
Begin building search trees for block cv32e40p_top:cv32e40p_top_5_cts.design
Done building search trees for block cv32e40p_top:cv32e40p_top_5_cts.design (time 0s)
Begin building search trees for block cv32e40p_top:cv32e40p_top_5_cts.design
Done building search trees for block cv32e40p_top:cv32e40p_top_5_cts.design (time 0s)
Begin building search trees for block cv32e40p_top:cv32e40p_top_5_cts.design
Done building search trees for block cv32e40p_top:cv32e40p_top_5_cts.design (time 0s)
AR: deleted 0 cell(s)
AR: resized 0 out of 100 cell(s)
Info: scanning clock net routing for possible rerouting/topology_adjustments
Begin building search trees for block cv32e40p_top:cv32e40p_top_5_cts.design
Done building search trees for block cv32e40p_top:cv32e40p_top_5_cts.design (time 0s)
Begin building search trees for block cv32e40p_top:cv32e40p_top_5_cts.design
Done building search trees for block cv32e40p_top:cv32e40p_top_5_cts.design (time 0s)
Begin building search trees for block cv32e40p_top:cv32e40p_top_5_cts.design
Done building search trees for block cv32e40p_top:cv32e40p_top_5_cts.design (time 0s)
Begin building search trees for block cv32e40p_top:cv32e40p_top_5_cts.design
Done building search trees for block cv32e40p_top:cv32e40p_top_5_cts.design (time 0s)
Begin building search trees for block cv32e40p_top:cv32e40p_top_5_cts.design
Done building search trees for block cv32e40p_top:cv32e40p_top_5_cts.design (time 0s)
Info: done scanning clock net routing_topologies, 0 adjustments
Network Flow Optimization cpu time 00:02:56.90u 00:00:03.45s 00:00:45.90e: 
Ran incremental ZGR 97 time(s) for 97 net(s) and restored ZGR 102 time(s) for 102 net(s)
Clock Qor After Optimization:
Clock: clk_i, Mode: func, Root: clk_i
Information: CTS QoR Post Local Skew Optimization: GlobalSkew = 0.0431; ID = 0.0831; NetsWithDRC = 0; Worst Tran/Cap/Fanout cost = 0.0000/0.0000/0; ClockBufArea = 36.5412; ClockCellArea = 37.4292; Clock = clk_i; Mode = func; Corner = fast_Cmax; ClockRoot = clk_i. (CTS-037)
Information: CTS QoR Post Local Skew Optimization: GlobalSkew = 0.0406; ID = 0.0788; NetsWithDRC = 0; Worst Tran/Cap/Fanout cost = 0.0000/0.0000/0; ClockBufArea = 36.5412; ClockCellArea = 37.4292; Clock = clk_i; Mode = func; Corner = fast_Cmin; ClockRoot = clk_i. (CTS-037)
Information: CTS QoR Post Local Skew Optimization: GlobalSkew = 0.0817; ID = 0.1823; NetsWithDRC = 0; Worst Tran/Cap/Fanout cost = 0.0000/0.0000/0; ClockBufArea = 36.5412; ClockCellArea = 37.4292; Clock = clk_i; Mode = func; Corner = slow_Cmax; ClockRoot = clk_i. (CTS-037)
Information: CTS QoR Post Local Skew Optimization: GlobalSkew = 0.0766; ID = 0.1628; NetsWithDRC = 0; Worst Tran/Cap/Fanout cost = 0.0000/0.0000/0; ClockBufArea = 36.5412; ClockCellArea = 37.4292; Clock = clk_i; Mode = func; Corner = slow_Cmin; ClockRoot = clk_i. (CTS-037)
The elapsed time for optimization of clock tree is 0 hr : 0 min : 45.99 sec, cpu time is 0 hr : 3 min : 0.77 sec.
Information: The run time for skew latency optimization is 0 hr : 1 min : 24.15 sec, cpu time is 0 hr : 4 min : 36.79 sec. (CTS-104)
************************************************************
* CTS STEP: Post-Optimization DRC Fixing
************************************************************
-------------------------------------------------------------
Fixing clock: clk_i mode: test root: clk_i
Resized 0 cell(s), relocated 0 cell(s), cloned 0 cell(s) and inserted 0 buffer(s)/inverter(s)
Cloned 0 non-repeater gate(s)
Ran incremental ZGR 0 time(s) for 0 net(s) and restored ZGR 0 time(s) for 0 net(s)
Clock QoR After Fixing Post-Opt DRC Violation:
Clock: clk_i, Mode: test, Root: clk_i
Information: CTS QoR Post Final DRC Fixing: GlobalSkew = 0.0431; ID = 0.0831; NetsWithDRC = 0; Worst Tran/Cap/Fanout cost = 0.0000/0.0000/0; ClockBufArea = 36.5412; ClockCellArea = 37.4292; Clock = clk_i; Mode = test; Corner = fast_Cmax; ClockRoot = clk_i. (CTS-037)
Information: CTS QoR Post Final DRC Fixing: GlobalSkew = 0.0406; ID = 0.0788; NetsWithDRC = 0; Worst Tran/Cap/Fanout cost = 0.0000/0.0000/0; ClockBufArea = 36.5412; ClockCellArea = 37.4292; Clock = clk_i; Mode = test; Corner = fast_Cmin; ClockRoot = clk_i. (CTS-037)
Information: CTS QoR Post Final DRC Fixing: GlobalSkew = 0.0817; ID = 0.1719; NetsWithDRC = 0; Worst Tran/Cap/Fanout cost = 0.0000/0.0000/0; ClockBufArea = 36.5412; ClockCellArea = 37.4292; Clock = clk_i; Mode = test; Corner = slow_Cmax; ClockRoot = clk_i. (CTS-037)
Information: CTS QoR Post Final DRC Fixing: GlobalSkew = 0.0766; ID = 0.1628; NetsWithDRC = 0; Worst Tran/Cap/Fanout cost = 0.0000/0.0000/0; ClockBufArea = 36.5412; ClockCellArea = 37.4292; Clock = clk_i; Mode = test; Corner = slow_Cmin; ClockRoot = clk_i. (CTS-037)
The elapsed time for fixing DRC violation is 0 hr : 0 min : 0.29 sec, cpu time is 0 hr : 0 min : 0.78 sec.
-------------------------------------------------------------
Fixing clock: clk_i mode: func root: clk_i
Resized 0 cell(s), relocated 0 cell(s), cloned 0 cell(s) and inserted 0 buffer(s)/inverter(s)
Cloned 0 non-repeater gate(s)
Ran incremental ZGR 0 time(s) for 0 net(s) and restored ZGR 0 time(s) for 0 net(s)
Clock QoR After Fixing Post-Opt DRC Violation:
Clock: clk_i, Mode: func, Root: clk_i
Information: CTS QoR Post Final DRC Fixing: GlobalSkew = 0.0431; ID = 0.0831; NetsWithDRC = 0; Worst Tran/Cap/Fanout cost = 0.0000/0.0000/0; ClockBufArea = 36.5412; ClockCellArea = 37.4292; Clock = clk_i; Mode = func; Corner = fast_Cmax; ClockRoot = clk_i. (CTS-037)
Information: CTS QoR Post Final DRC Fixing: GlobalSkew = 0.0406; ID = 0.0788; NetsWithDRC = 0; Worst Tran/Cap/Fanout cost = 0.0000/0.0000/0; ClockBufArea = 36.5412; ClockCellArea = 37.4292; Clock = clk_i; Mode = func; Corner = fast_Cmin; ClockRoot = clk_i. (CTS-037)
Information: CTS QoR Post Final DRC Fixing: GlobalSkew = 0.0817; ID = 0.1823; NetsWithDRC = 0; Worst Tran/Cap/Fanout cost = 0.0000/0.0000/0; ClockBufArea = 36.5412; ClockCellArea = 37.4292; Clock = clk_i; Mode = func; Corner = slow_Cmax; ClockRoot = clk_i. (CTS-037)
Information: CTS QoR Post Final DRC Fixing: GlobalSkew = 0.0766; ID = 0.1628; NetsWithDRC = 0; Worst Tran/Cap/Fanout cost = 0.0000/0.0000/0; ClockBufArea = 36.5412; ClockCellArea = 37.4292; Clock = clk_i; Mode = func; Corner = slow_Cmin; ClockRoot = clk_i. (CTS-037)
The elapsed time for fixing DRC violation is 0 hr : 0 min : 0.06 sec, cpu time is 0 hr : 0 min : 0.09 sec.
Information: The run time for post-optimization DRC fixing is 0 hr : 0 min : 0.35 sec, cpu time is 0 hr : 0 min : 0.87 sec. (CTS-104)
All together, ran incremental ZGR 277 time(s) for 316 net(s) and restoring ZGR invoked 109 time(s) for 122 net(s)
There are 1 buffers reduced and 0 inverters added by Clock Tree Optimization.
************************************************************
* CTS STEP: Postlude
************************************************************
Mark clock trees...
Marking clock synthesized attributes

nplDplc2Placer::setParam(effort,1)
nplDplc2Placer::setParam(debug,0)
nplDplc2Placer::setParam(site_check,2)
nplDplc2Placer::setParam(app_firm_wgt,0)
Warning: Routing direction of metal layer PO is neither "horizontal" nor "vertical".  PDC checks will not be performed on this layer. (PDC-003)
PDC app_options settings =========
	place.legalize.enable_prerouted_net_check: 1
	place.legalize.num_tracks_for_access_check: 1
	place.legalize.use_eol_spacing_for_access_check: 0
	place.legalize.allow_touch_track_for_access_check: 1
	place.legalize.reduce_conservatism_in_eol_check: 0
	place.legalize.preroute_shape_merge_distance: 0.0
	place.legalize.enable_non_preferred_direction_span_check: 0

Layer M1: cached 0 shapes out of 534 total shapes.
Layer M2: cached 0 shapes out of 1290 total shapes.
Layer M3: cached 0 shapes out of 2128 total shapes.
Cached 6435 vias out of 18871 total vias.

Legalizing Top Level Design cv32e40p_top ... 
Warning: Library cell saed14rvt:SAEDRVT14_ISOFSDPQ_PECO_8.frame is missing supply pins. Its power structure cannot be determined. (LGL-050)
Warning: Library cell saed14rvt:SAEDRVT14_DCAP_PV1ECO_12.frame is missing supply pins. Its power structure cannot be determined. (LGL-050)
Warning: Routing direction of metal layer PO is neither "horizontal" nor "vertical".  PDC checks will not be performed on this layer. (PDC-003)
=====> Processed 110 ref cells (25 fillers) from library

Bounds/Regions In This Design:
        Area    Num Cells  Exclusive Name
 (square um)
     65979.1        28576        Yes DEFAULT_VA

Warning: max_legality_failures=5000 ignored.
	To use it, set limit_legality_checks to true.
Warning: max_legality_check_range=500 ignored.
	To use it, set limit_legality_checks to true.
Optimizing attract points
    Done attract points (1 sec)
Starting legalizer.
Warning: Exclusive bound 'DEFAULT' has no cells.
Optimizing Exclusive Bound 'DEFAULT_VA' (2/2)
    Done Exclusive Bound 'DEFAULT_VA' (2/2) (5 sec)
Legalization complete (8 total sec)

****************************************
  Report : Placement Attempts
  Site   : unit
****************************************

number of cells:                  28576
number of references:               110
number of site rows:                428
number of locations attempted:   466197
number of locations failed:           3  (0.0%)

Legality of references at locations:
1 references had failures.

Worst 1 references by total failures:
 CELLS       UNFLIPPED                       FLIPPED                REFERENCE NAME
         ATTEMPTS  FAILURES            ATTEMPTS  FAILURES           
     9        114         0 (  0.0%)         96         3 (  3.1%)  SAEDRVT14_OA211_2

Worst 1 references by failure rate:
 CELLS       UNFLIPPED                       FLIPPED                REFERENCE NAME
         ATTEMPTS  FAILURES            ATTEMPTS  FAILURES           
     9        114         0 (  0.0%)         96         3 (  3.1%)  SAEDRVT14_OA211_2

Legality of references in rows:
0 references had row failures.

****************************************
  Report : Cell Displacements
****************************************

number of cells aggregated:       22297 (291696 total sites)
avg row height over cells:        0.600 um
rms cell displacement:            0.028 um ( 0.05 row height)
rms weighted cell displacement:   0.028 um ( 0.05 row height)
max cell displacement:            1.011 um ( 1.69 row height)
avg cell displacement:            0.001 um ( 0.00 row height)
avg weighted cell displacement:   0.001 um ( 0.00 row height)
number of cells moved:               73
number of large displacements:        0
large displacement threshold:     3.000 row height

Displacements of worst 10 cells:
Cell: core_i/cs_registers_i/U2027 (SAEDRVT14_AO22_2)
  Input location: (188.606,103.4)
  Legal location: (187.792,104)
  Displacement:   1.011 um ( 1.69 row height)
Cell: PLACE_optlc_871 (SAEDRVT14_TIE0_4)
  Input location: (211.546,120.2)
  Legal location: (210.732,120.2)
  Displacement:   0.814 um ( 1.36 row height)
Cell: core_i/id_stage_i/register_file_i/U5069 (SAEDRVT14_INV_S_2)
  Input location: (219.168,195.8)
  Legal location: (218.65,196.4)
  Displacement:   0.793 um ( 1.32 row height)
Cell: core_i/id_stage_i/register_file_i/U2402 (SAEDRVT14_AO22_2)
  Input location: (217.466,195.8)
  Legal location: (216.726,195.8)
  Displacement:   0.740 um ( 1.23 row height)
Cell: core_i/id_stage_i/register_file_i/U4550 (SAEDRVT14_AO22_2)
  Input location: (223.312,265.4)
  Legal location: (222.572,265.4)
  Displacement:   0.740 um ( 1.23 row height)
Cell: core_i/id_stage_i/decoder_i/U225 (SAEDRVT14_OAI22_3)
  Input location: (141.69,122)
  Legal location: (140.95,122)
  Displacement:   0.740 um ( 1.23 row height)
Cell: core_i/load_store_unit_i/U538 (SAEDRVT14_INV_S_2)
  Input location: (130.812,177.2)
  Legal location: (130.516,176.6)
  Displacement:   0.669 um ( 1.12 row height)
Cell: core_i/id_stage_i/register_file_i/U3587 (SAEDRVT14_AO22_2)
  Input location: (212.434,253.4)
  Legal location: (213.1,253.4)
  Displacement:   0.666 um ( 1.11 row height)
Cell: core_i/if_stage_i/U108 (SAEDRVT14_AOI222_2)
  Input location: (234.708,68)
  Legal location: (234.042,68)
  Displacement:   0.666 um ( 1.11 row height)
Cell: core_i/load_store_unit_i/U414 (SAEDRVT14_AOI222_2)
  Input location: (116.456,182)
  Legal location: (115.79,182)
  Displacement:   0.666 um ( 1.11 row height)

 Successfully legalize placement.
Information: The run time for postlude is 0 hr : 0 min : 13.65 sec, cpu time is 0 hr : 0 min : 13.65 sec. (CTS-104)
************************************************************
* CTS STEP: Summary report
************************************************************
There are 101 flat clock tree nets.
There are 100 non-sink instances (total area 37.43) on clock trees including 0 instances dont_touch.
Clock tree synthesize and optimization added 99 buffers and 0 inverters (total area 36.54).
97 buffers/inverters were inserted below 1 leaf level Gates.
 Compilation of clock trees finished successfully
 Run time for cts 00:08:12.76u 00:00:14.51s 00:03:08.22e: 

Summary of messages during CTS:
===============================================================
  Tag   Count  Type           Description
---------------------------------------------------------------
 No error or warning message.
1

No clock balance group was found, so skip the balance
Information: The stitching and editing of coupling caps is turned OFF for design 'cv32e40p_top:cv32e40p_top_5_cts.design'. (TIM-125)
Number of Site types in the design = 1
Setting up Chip Core
Chip Core shape: (170000 170000) (2739280 2738000)
Number of unique PDs = 1
Number of Power Domains = 1
Number of Voltage Areas = 1
Number of supply Nets = 2
Number of used supplies = 2
Use advanced legalizer engine : 0
Warning: Library cell saed14rvt:SAEDRVT14_ISOFSDPQ_PECO_8.frame is missing supply pins. Its power structure cannot be determined. (LGL-050)
Warning: Library cell saed14rvt:SAEDRVT14_DCAP_PV1ECO_12.frame is missing supply pins. Its power structure cannot be determined. (LGL-050)
Information: Current block utilization is '0.24230', effective utilization is '0.33169'. (OPT-055)
Information: Update timing completed net estimation for all the timing graph nets (TIM-111)
Information: Net estimation statistics: timing graph nets = 26990, routed nets = 101, across physical hierarchy nets = 0, parasitics cached nets = 26990, delay annotated nets = 0, parasitics annotated nets = 0, multi-voltage nets = 0. (TIM-112)

    Scenario func_slow_Cmax  WNS = 0.000000, TNS = 0.000000, NVP = 0
    Scenario test_slow_Cmax  WNS = 0.000000, TNS = 0.000000, NVP = 0

     ELAPSED  WORST NEG TOTAL NEG              MAX       MAX     BUFFER    INVERTER   LVTH      LVTH      PEAK   
      TIME      SLACK     SLACK     AREA    TRAN COST CAP COST    COUNT     COUNT     COUNT    PERCENT   MEMORY  
    --------- --------- --------- --------- --------- --------- --------- --------- --------- --------- ---------
      0:06:37     0.000     0.000 18078.438     0.000     0.010       340      3817         0     0.000      1417 


npo-clock-opt optimization Phase 6 Iter  1          0.00      0.00         7       0.016           -           0.111

Enable dominated scenarios

npo-clock-opt optimization complete                 0.00      0.00         0       0.016           -           0.111
Co-efficient Ratio Summary:
4.193421605155  6.578038173730  2.479639287277  7.744187540401  0.485050000353  3.179565833784  5.567214754587  2.894454387461  6.565921017863  -9.017937605874  3.105271904937  9.865897409851  6.078155764085  2.744589641123
8.318115604907  9.699225026083  2.464623950064  1.382370221226  9.387184029619  3.142429406669  0.968752789964  6.613180723294  4.146578893224  -7.876358018112  2.192736655037  0.965104541094  2.700171343881  3.840731764440
3.750206053169  7.663458842299  6.212201167950  7.759678473967  7.862243056717  0.402387977150  0.032845095897  0.596111512371  4.701287496892  -7.205135612169  8.279952840609  1.185195590997  3.334469308244  5.867980431622
7.173894385364  9.669819999761  7.591487347087  7.632106393266  7.679078063326  9.831314288630  1.878805817928  3.230072343539  1.226270137326  -7.050450594780  2.404529625072  6.131222944054  4.100243966110  1.274099289655
4.570746653063  5.624878808820  7.826857253678  4.759133418263  5.409027926377  2.609823652834  0.626142538674  6.381676652919  9.187474122495  -0.513656896621  5.028171104239  6.111283946103  6.181406312107  1.581956065776
7.486041822107  9.584562469756  2.041727387119  3.921160867338  0.650488682345  9.472458902409  3.368484394994  4.897111549020  6.860149344452  -2.000104151691  9.096946493356  2.199411209512  0.915934067443  5.466373008426
Information: The net parasitics of block cv32e40p_top are cleared. (TIM-123)
Information: The stitching and editing of coupling caps is turned OFF for design 'cv32e40p_top:cv32e40p_top_5_cts.design'. (TIM-125)
Information: Design cv32e40p_top_5_cts has 26992 nets, 101 global routed, 0 detail routed. (NEX-024)
Warning: Technology layer 'M4' setting 'pitch' is not valid (NEX-001)
Warning: Technology layer 'MRDL' setting 'pitch' is not valid (NEX-001)
Warning: Parasitic Tech Library layer 'M1' parameter 'SMIN' = 0.040 does not match 0.026 of technology file (NEX-007)
Warning: Parasitic Tech Library layer 'M2' parameter 'SMIN' = 0.040 does not match 0.026 of technology file (NEX-007)
Warning: Parasitic Tech Library layer 'M3' parameter 'SMIN' = 0.040 does not match 0.026 of technology file (NEX-007)
Warning: Parasitic Tech Library layer 'M1' parameter 'SMIN' = 0.040 does not match 0.026 of technology file (NEX-007)
Warning: Parasitic Tech Library layer 'M2' parameter 'SMIN' = 0.040 does not match 0.026 of technology file (NEX-007)
Warning: Parasitic Tech Library layer 'M3' parameter 'SMIN' = 0.040 does not match 0.026 of technology file (NEX-007)
Warning: Parasitic Tech Library layer 'M8' parameter 'WMIN' = 0.030 does not match 0.060 of technology file (NEX-007)
Warning: Parasitic Tech Library layer 'M8' parameter 'SMIN' = 0.060 does not match 0.040 of technology file (NEX-007)
Information: The RC mode used is CTO for design 'cv32e40p_top'. (NEX-022)
Information: Design Average RC for design cv32e40p_top_5_cts  (NEX-011)
Information: r = 2.175318 ohm/um, via_r = 1.031427 ohm/cut, c = 0.127527 ff/um, cc = 0.000000 ff/um (X dir) (NEX-017)
Information: r = 2.639974 ohm/um, via_r = 0.663827 ohm/cut, c = 0.121912 ff/um, cc = 0.000000 ff/um (Y dir) (NEX-017)
Information: Update timing completed net estimation for all the timing graph nets (TIM-111)
Information: Net estimation statistics: timing graph nets = 26990, routed nets = 101, across physical hierarchy nets = 0, parasitics cached nets = 26990, delay annotated nets = 0, parasitics annotated nets = 0, multi-voltage nets = 0. (TIM-112)

npo-clock-opt final QoR
_______________________
Scenario Mapping Table
1: func_fast_Cmax
2: func_fast_Cmin
3: func_slow_Cmax
4: func_slow_Cmin
5: test_fast_Cmax
6: test_fast_Cmin
7: test_slow_Cmax
8: test_slow_Cmin

Pathgroup Mapping Table
1: **default**
2: **async_default**
3: **clock_gating_default**
4: **in2reg_default**
5: **reg2out_default**
6: **in2out_default**
7: clk_i

-----------------------------------------------------------------------------------------------------------
Scene  PG      WNS        TNS    NSV      WHV        THV    NHV
    1   1   0.0000     0.0000      0   0.0000     0.0000      0
    1   2   0.0000     0.0000      0   0.0000     0.0000      0
    1   3   0.0000     0.0000      0   0.0000     0.0000      0
    1   4   0.0000     0.0000      0   0.0000     0.0000      0
    1   5   0.0000     0.0000      0   0.0000     0.0000      0
    1   6   0.0000     0.0000      0   0.0000     0.0000      0
    1   7   0.0000     0.0000      0   0.0000     0.0000      0
    2   1   0.0000     0.0000      0   0.0000     0.0000      0
    2   2   0.0000     0.0000      0   0.0000     0.0000      0
    2   3   0.0000     0.0000      0   0.0000     0.0000      0
    2   4   0.0000     0.0000      0   0.0000     0.0000      0
    2   5   0.0000     0.0000      0   0.0000     0.0000      0
    2   6   0.0000     0.0000      0   0.0000     0.0000      0
    2   7   0.0000     0.0000      0   0.0000     0.0000      0
    3   1   0.0000     0.0000      0   0.0000     0.0000      0
    3   2   0.0000     0.0000      0   0.0000     0.0000      0
    3   3   0.0000     0.0000      0   0.0000     0.0000      0
    3   4   0.0000     0.0000      0   0.0000     0.0000      0
    3   5   0.0000     0.0000      0   0.0000     0.0000      0
    3   6   0.0000     0.0000      0   0.0000     0.0000      0
    3   7   0.0000     0.0000      0   0.0000     0.0000      0
    4   1   0.0000     0.0000      0   0.0000     0.0000      0
    4   2   0.0000     0.0000      0   0.0000     0.0000      0
    4   3   0.0000     0.0000      0   0.0000     0.0000      0
    4   4   0.0000     0.0000      0   0.0000     0.0000      0
    4   5   0.0000     0.0000      0   0.0000     0.0000      0
    4   6   0.0000     0.0000      0   0.0000     0.0000      0
    4   7   0.0000     0.0000      0   0.0000     0.0000      0
    5   1   0.0000     0.0000      0   0.0000     0.0000      0
    5   2   0.0000     0.0000      0   0.0000     0.0000      0
    5   3   0.0000     0.0000      0   0.0000     0.0000      0
    5   4   0.0000     0.0000      0   0.0000     0.0000      0
    5   5   0.0000     0.0000      0   0.0000     0.0000      0
    5   6   0.0000     0.0000      0   0.0000     0.0000      0
    5   7   0.0000     0.0000      0   0.0000     0.0000      0
    6   1   0.0000     0.0000      0   0.0000     0.0000      0
    6   2   0.0000     0.0000      0   0.0000     0.0000      0
    6   3   0.0000     0.0000      0   0.0000     0.0000      0
    6   4   0.0000     0.0000      0   0.0000     0.0000      0
    6   5   0.0000     0.0000      0   0.0000     0.0000      0
    6   6   0.0000     0.0000      0   0.0000     0.0000      0
    6   7   0.0000     0.0000      0   0.0000     0.0000      0
    7   1   0.0000     0.0000      0   0.0000     0.0000      0
    7   2   0.0000     0.0000      0   0.0000     0.0000      0
    7   3   0.0000     0.0000      0   0.0000     0.0000      0
    7   4   0.0000     0.0000      0   0.0000     0.0000      0
    7   5   0.0000     0.0000      0   0.0000     0.0000      0
    7   6   0.0000     0.0000      0   0.0000     0.0000      0
    7   7   0.0000     0.0000      0   0.0000     0.0000      0
    8   1   0.0000     0.0000      0   0.0000     0.0000      0
    8   2   0.0000     0.0000      0   0.0000     0.0000      0
    8   3   0.0000     0.0000      0   0.0000     0.0000      0
    8   4   0.0000     0.0000      0   0.0000     0.0000      0
    8   5   0.0000     0.0000      0   0.0000     0.0000      0
    8   6   0.0000     0.0000      0   0.0000     0.0000      0
    8   7   0.0000     0.0000      0   0.0000     0.0000      0
--------------------------------------------------------------------------------------------------------------------
Scene  PG      WNS        TNS    NSV      WHV        THV    NHV  MaxTrnV   MaxTranC  MaxCapV    Leakage
    1   *   0.0000     0.0000      0   0.0000     0.0000      0        0     0.0000        0          -
    2   *   0.0000     0.0000      0   0.0000     0.0000      0        0     0.0000        0          -
    3   *   0.0000     0.0000      0   0.0000     0.0000      0        0     0.0000        1          -
    4   *   0.0000     0.0000      0   0.0000     0.0000      0        0     0.0000        0          -
    5   *   0.0000     0.0000      0   0.0000     0.0000      0        0     0.0000        0          -
    6   *   0.0000     0.0000      0   0.0000     0.0000      0        0     0.0000        0          -
    7   *   0.0000     0.0000      0   0.0000     0.0000      0        0     0.0000        1          -
    8   *   0.0000     0.0000      0   0.0000     0.0000      0        0     0.0000        0          -
--------------------------------------------------------------------------------------------------------------------
Scene  PG      WNS        TNS    NSV      WHV        THV    NHV  MaxTrnV   MaxTranC  MaxCapV    Leakage         Area    InstCnt     BufCnt     InvCnt
    *   *   0.0000     0.0000      0   0.0000     0.0000      0        0     0.0000        1          -     16015.97      24705        340       3817
--------------------------------------------------------------------------------------------------------------------

npo-clock-opt final QoR Summary         WNS        TNS    NSV      WHV        THV    NHV  MaxTrnV  MaxCapV    Leakage         Area    InstCnt
npo-clock-opt final QoR Summary      0.0000     0.0000      0   0.0000     0.0000      0        0        1          -     16015.97      24705

npo-clock-opt command complete                CPU:   985 s (  0.27 hr )  ELAPSE:   408 s (  0.11 hr )  MEM-PEAK:  1417 MB
npo-clock-opt command statistics  CPU=677 sec (0.19 hr) ELAPSED=273 sec (0.08 hr) MEM-PEAK=1.384 GB

Information: Running auto PG connection. (NDM-099)
1
clock_opt -to route_clock
Use advanced legalizer engine : 0
Warning: Library cell saed14rvt:SAEDRVT14_ISOFSDPQ_PECO_8.frame is missing supply pins. Its power structure cannot be determined. (LGL-050)
Warning: Library cell saed14rvt:SAEDRVT14_DCAP_PV1ECO_12.frame is missing supply pins. Its power structure cannot be determined. (LGL-050)
Number of Site types in the design = 1
Setting up Chip Core
Chip Core shape: (170000 170000) (2739280 2738000)
Number of unique PDs = 1
Number of Power Domains = 1
Number of Voltage Areas = 1
Number of supply Nets = 2
Number of used supplies = 2

Running clock synthesis step.
************************************************************
* CTS STEP: Design Initialization for Trial Synthesis
************************************************************
Information: All clock objects will be converted from ideal to propagated clock during CTS. (CTS-105)
Information: CTS will work on the following scenarios. (CTS-101)
   func_fast_Cmax	(Mode: func; Corner: fast_Cmax)
   func_fast_Cmin	(Mode: func; Corner: fast_Cmin)
   func_slow_Cmax	(Mode: func; Corner: slow_Cmax)
   func_slow_Cmin	(Mode: func; Corner: slow_Cmin)
   test_fast_Cmax	(Mode: test; Corner: fast_Cmax)
   test_fast_Cmin	(Mode: test; Corner: fast_Cmin)
   test_slow_Cmax	(Mode: test; Corner: slow_Cmax)
   test_slow_Cmin	(Mode: test; Corner: slow_Cmin)
Information: CTS will work on all clocks in active scenarios, including 2 master clocks and 0 generated clocks. (CTS-107)
Information: Clock derating is enabled

CTS related app options set by user:
   cts.common.max_fanout = 25
   cts.common.user_instance_name_prefix = CTS_
   cts.compile.enable_local_skew = true
   cts.optimize.enable_local_skew = true

Buffer/Inverter reference list for clock tree synthesis:
   saed14rvt/SAEDRVT14_BUF_10
   saed14rvt/SAEDRVT14_BUF_12
   saed14rvt/SAEDRVT14_BUF_16
   saed14rvt/SAEDRVT14_BUF_20
   saed14rvt/SAEDRVT14_BUF_2
   saed14rvt/SAEDRVT14_BUF_3
   saed14rvt/SAEDRVT14_BUF_4
   saed14rvt/SAEDRVT14_BUF_6
   saed14rvt/SAEDRVT14_BUF_8
   saed14rvt/SAEDRVT14_BUF_CDC_2
   saed14rvt/SAEDRVT14_BUF_CDC_4
   saed14rvt/SAEDRVT14_BUF_S_10
   saed14rvt/SAEDRVT14_BUF_S_12
   saed14rvt/SAEDRVT14_BUF_S_16
   saed14rvt/SAEDRVT14_BUF_S_20
   saed14rvt/SAEDRVT14_BUF_S_2
   saed14rvt/SAEDRVT14_BUF_S_6
   saed14rvt/SAEDRVT14_BUF_S_8
   saed14rvt/SAEDRVT14_DEL_L4D100_2
   saed14rvt/SAEDRVT14_DEL_R2V1_2
   saed14rvt/SAEDRVT14_DEL_R2V2_2
   saed14rvt/SAEDRVT14_DEL_R2V3_2
   saed14rvt/SAEDRVT14_BUF_PECO_12
   saed14rvt/SAEDRVT14_BUF_PECO_2
   saed14rvt/SAEDRVT14_BUF_PECO_4
   saed14rvt/SAEDRVT14_BUF_PECO_8
   saed14rvt/SAEDRVT14_BUF_PS_3
   saed14rvt/SAEDRVT14_BUF_PS_6
   saed14rvt/SAEDRVT14_AOBUF_IW_3
   saed14rvt/SAEDRVT14_AOBUF_IW_6
   saed14rvt/SAEDRVT14_INV_S_2
   saed14rvt/SAEDRVT14_INV_S_3
   saed14rvt/SAEDRVT14_INV_S_4
   saed14rvt/SAEDRVT14_INV_S_5
   saed14rvt/SAEDRVT14_INV_S_6
   saed14rvt/SAEDRVT14_INV_S_7
   saed14rvt/SAEDRVT14_INV_S_8

ICG reference list:
   saed14rvt/SAEDRVT14_CKGTNLT_V5_12
   saed14rvt/SAEDRVT14_CKGTNLT_V5_2
   saed14rvt/SAEDRVT14_CKGTNLT_V5_3
   saed14rvt/SAEDRVT14_CKGTNLT_V5_4
   saed14rvt/SAEDRVT14_CKGTNLT_V5_5
   saed14rvt/SAEDRVT14_CKGTNLT_V5_6
   saed14rvt/SAEDRVT14_CKGTNLT_V5_8
   saed14rvt/SAEDRVT14_CKGTPLT_V5_12
   saed14rvt/SAEDRVT14_CKGTPLT_V5_16
   saed14rvt/SAEDRVT14_CKGTPLT_V5_20
   saed14rvt/SAEDRVT14_CKGTPLT_V5_24
   saed14rvt/SAEDRVT14_CKGTPLT_V5_2
   saed14rvt/SAEDRVT14_CKGTPLT_V5_3
   saed14rvt/SAEDRVT14_CKGTPLT_V5_4
   saed14rvt/SAEDRVT14_CKGTPLT_V5_5
   saed14rvt/SAEDRVT14_CKGTPLT_V5_6
   saed14rvt/SAEDRVT14_CKGTPLT_V5_8
   saed14rvt/SAEDRVT14_CKGTPL_V5_2
   saed14rvt/SAEDRVT14_CKGTPL_V5_4
   saed14rvt/SAEDRVT14_CKINVGTPLT_V7_2
   saed14rvt/SAEDRVT14_CKINVGTPLT_V7_3
   saed14rvt/SAEDRVT14_CKINVGTPLT_V7_4
   saed14rvt/SAEDRVT14_CKINVGTPLT_V7_5
   saed14rvt/SAEDRVT14_CKINVGTPLT_V7_6
   saed14rvt/SAEDRVT14_CKINVGTPLT_V7_8

Warning: Technology layer 'M4' setting 'pitch' is not valid (NEX-001)
Warning: Technology layer 'MRDL' setting 'pitch' is not valid (NEX-001)
Warning: Parasitic Tech Library layer 'M1' parameter 'SMIN' = 0.040 does not match 0.026 of technology file (NEX-007)
Warning: Parasitic Tech Library layer 'M2' parameter 'SMIN' = 0.040 does not match 0.026 of technology file (NEX-007)
Warning: Parasitic Tech Library layer 'M3' parameter 'SMIN' = 0.040 does not match 0.026 of technology file (NEX-007)
Warning: Parasitic Tech Library layer 'M1' parameter 'SMIN' = 0.040 does not match 0.026 of technology file (NEX-007)
Warning: Parasitic Tech Library layer 'M2' parameter 'SMIN' = 0.040 does not match 0.026 of technology file (NEX-007)
Warning: Parasitic Tech Library layer 'M3' parameter 'SMIN' = 0.040 does not match 0.026 of technology file (NEX-007)
Warning: Parasitic Tech Library layer 'M8' parameter 'WMIN' = 0.030 does not match 0.060 of technology file (NEX-007)
Warning: Parasitic Tech Library layer 'M8' parameter 'SMIN' = 0.060 does not match 0.040 of technology file (NEX-007)
Information: 'slow_Cmax' is identified as primary corner for initial clock tree building. (CTS-103)
Number of Site types in the design = 1
Setting up Chip Core
Chip Core shape: (170000 170000) (2739280 2738000)
Number of unique PDs = 1
Number of Power Domains = 1
Number of Voltage Areas = 1
Number of supply Nets = 2
Number of used supplies = 2
CTS NDR rule list:
   Design Base; Net Type: all;      Rule: default rule; Min Layer: M3; Max Layer: M9
   Design Base; Net Type: internal; Rule: clknet_NDR; Min Layer: M3; Max Layer: M9
   Design Base; Net Type: root;     Rule: clknet_NDR; Min Layer: M3; Max Layer: M9

Clock cell spacing rule list:
   No clock cell spacing rule is found.
Information: The run time for design initialization is 0 hr : 0 min : 1.21 sec, cpu time is 0 hr : 0 min : 1.22 sec. (CTS-104)
Drc Mode Option: auto
Use advanced legalizer engine : 0
Warning: Library cell saed14rvt:SAEDRVT14_ISOFSDPQ_PECO_8.frame is missing supply pins. Its power structure cannot be determined. (LGL-050)
Warning: Library cell saed14rvt:SAEDRVT14_DCAP_PV1ECO_12.frame is missing supply pins. Its power structure cannot be determined. (LGL-050)
Warning: Routing direction of metal layer PO is neither "horizontal" nor "vertical".  PDC checks will not be performed on this layer. (PDC-003)
PDC app_options settings =========
	place.legalize.enable_prerouted_net_check: 1
	place.legalize.num_tracks_for_access_check: 1
	place.legalize.use_eol_spacing_for_access_check: 0
	place.legalize.allow_touch_track_for_access_check: 1
	place.legalize.reduce_conservatism_in_eol_check: 0
	place.legalize.preroute_shape_merge_distance: 0.0
	place.legalize.enable_non_preferred_direction_span_check: 0

Layer M1: cached 0 shapes out of 534 total shapes.
Layer M2: cached 0 shapes out of 1290 total shapes.
Layer M3: cached 0 shapes out of 2128 total shapes.
Cached 6435 vias out of 18871 total vias.
Information: Legalizer's PDC rule check is enabled
Information: Legalizer's advanced rule check is enabled
Information: The stitching and editing of coupling caps is turned OFF for design 'cv32e40p_top:cv32e40p_top_5_cts.design'. (TIM-125)
 Creating timing abstraction of clock tree(s)
For clock 'clk_i' @ corner 'fast_Cmax': latency = 0.257
For clock 'clk_i' @ corner 'fast_Cmin': latency = 0.257
For clock 'clk_i' @ corner 'slow_Cmax': latency = 0.257
For clock 'clk_i' @ corner 'slow_Cmin': latency = 0.257
For clock 'clk_i' @ corner 'fast_Cmax': latency = 0.257
For clock 'clk_i' @ corner 'fast_Cmin': latency = 0.257
For clock 'clk_i' @ corner 'slow_Cmax': latency = 0.257
For clock 'clk_i' @ corner 'slow_Cmin': latency = 0.257
 Abstraction finished successfully
OCV derate values 1.000 (early) and 1.000 (late)
Information: The net parasitics of block cv32e40p_top are cleared. (TIM-123)
Information: The stitching and editing of coupling caps is turned OFF for design 'cv32e40p_top:cv32e40p_top_5_cts.design'. (TIM-125)
Information: Design cv32e40p_top_5_cts has 26992 nets, 101 global routed, 0 detail routed. (NEX-024)
Warning: Technology layer 'M4' setting 'pitch' is not valid (NEX-001)
Warning: Technology layer 'MRDL' setting 'pitch' is not valid (NEX-001)
Warning: Parasitic Tech Library layer 'M1' parameter 'SMIN' = 0.040 does not match 0.026 of technology file (NEX-007)
Warning: Parasitic Tech Library layer 'M2' parameter 'SMIN' = 0.040 does not match 0.026 of technology file (NEX-007)
Warning: Parasitic Tech Library layer 'M3' parameter 'SMIN' = 0.040 does not match 0.026 of technology file (NEX-007)
Warning: Parasitic Tech Library layer 'M1' parameter 'SMIN' = 0.040 does not match 0.026 of technology file (NEX-007)
Warning: Parasitic Tech Library layer 'M2' parameter 'SMIN' = 0.040 does not match 0.026 of technology file (NEX-007)
Warning: Parasitic Tech Library layer 'M3' parameter 'SMIN' = 0.040 does not match 0.026 of technology file (NEX-007)
Warning: Parasitic Tech Library layer 'M8' parameter 'WMIN' = 0.030 does not match 0.060 of technology file (NEX-007)
Warning: Parasitic Tech Library layer 'M8' parameter 'SMIN' = 0.060 does not match 0.040 of technology file (NEX-007)
Information: The stitching and editing of coupling caps is turned OFF for design 'cv32e40p_top:cv32e40p_top_5_cts.design'. (TIM-125)
Information: The RC mode used is CTO for design 'cv32e40p_top'. (NEX-022)
Information: Update timing completed net estimation for all the timing graph nets (TIM-111)
Information: Net estimation statistics: timing graph nets = 26990, routed nets = 101, across physical hierarchy nets = 0, parasitics cached nets = 101, delay annotated nets = 0, parasitics annotated nets = 0, multi-voltage nets = 0. (TIM-112)

Mode:func             Latency(early)   Latency(late)
Clock        Updated   rise    fall    rise    fall   Corner
------------------------------------------------------------
clk_i        Yes     0.2574  0.2574  0.2574  0.2574   fast_Cmax
clk_i        Yes     0.2574  0.2574  0.2574  0.2574   fast_Cmin
clk_i        Yes     0.2574  0.2574  0.2574  0.2574   slow_Cmax
clk_i        Yes     0.2574  0.2574  0.2574  0.2574   slow_Cmin

Mode:test             Latency(early)   Latency(late)
Clock        Updated   rise    fall    rise    fall   Corner
------------------------------------------------------------
clk_i        Yes     0.2574  0.2574  0.2574  0.2574   fast_Cmax
clk_i        Yes     0.2574  0.2574  0.2574  0.2574   fast_Cmin
clk_i        Yes     0.2574  0.2574  0.2574  0.2574   slow_Cmax
clk_i        Yes     0.2574  0.2574  0.2574  0.2574   slow_Cmin

Information: The stitching and editing of coupling caps is turned OFF for design 'cv32e40p_top:cv32e40p_top_5_cts.design'. (TIM-125)
Information: Design Average RC for design cv32e40p_top_5_cts  (NEX-011)
Information: r = 2.175318 ohm/um, via_r = 1.031427 ohm/cut, c = 0.127527 ff/um, cc = 0.000000 ff/um (X dir) (NEX-017)
Information: r = 2.639974 ohm/um, via_r = 0.663827 ohm/cut, c = 0.121912 ff/um, cc = 0.000000 ff/um (Y dir) (NEX-017)
Information: Update timing completed net estimation for all the timing graph nets (TIM-111)
Information: Net estimation statistics: timing graph nets = 26990, routed nets = 101, across physical hierarchy nets = 0, parasitics cached nets = 1475, delay annotated nets = 0, parasitics annotated nets = 0, multi-voltage nets = 0. (TIM-112)
Information: All clock objects will be converted from ideal to propagated clock during CTS. (CTS-105)
Information: The net parasitics of block cv32e40p_top are cleared. (TIM-123)
Setting the local skew CTS slack threshold value to 0.050000
Using threshold of 0.050000 to filter timing paths
************************************************************
* CTS STEP: Existing Clock Tree Removal
************************************************************
Begin building search trees for block cv32e40p_top:cv32e40p_top_5_cts.design
Done building search trees for block cv32e40p_top:cv32e40p_top_5_cts.design (time 0s)

A total of 99 buffer(s) and 0 inverter(s) have been removed.
Information: The run time for existing clock tree removal is 0 hr : 0 min : 0.32 sec, cpu time is 0 hr : 0 min : 0.49 sec. (CTS-104)
************************************************************
* CTS STEP: Clock Tree Initialization
************************************************************

Start Auto-Exception Derivations...
 No internal pin was found.
 No conflict pin was found.
 No macro pin was found for clock balance point settings.
 No macro pin was found for disabling self arcs.
Information: The run time for clock tree initialization is 0 hr : 0 min : 0.16 sec, cpu time is 0 hr : 0 min : 0.16 sec. (CTS-104)
Computing global skew target..
Setting target skew for clock: clk_i (mode func) as 0.180438
Setting target skew for clock: clk_i (mode test) as 0.180438
Drc Mode Option: auto
Enable multi-thread Tasks, number of thread is 12
Information: The stitching and editing of coupling caps is turned OFF for design 'cv32e40p_top:cv32e40p_top_5_cts.design'. (TIM-125)
Warning: Technology layer 'M4' setting 'pitch' is not valid (NEX-001)
Warning: Technology layer 'MRDL' setting 'pitch' is not valid (NEX-001)
Warning: Parasitic Tech Library layer 'M1' parameter 'SMIN' = 0.040 does not match 0.026 of technology file (NEX-007)
Warning: Parasitic Tech Library layer 'M2' parameter 'SMIN' = 0.040 does not match 0.026 of technology file (NEX-007)
Warning: Parasitic Tech Library layer 'M3' parameter 'SMIN' = 0.040 does not match 0.026 of technology file (NEX-007)
Warning: Parasitic Tech Library layer 'M1' parameter 'SMIN' = 0.040 does not match 0.026 of technology file (NEX-007)
Warning: Parasitic Tech Library layer 'M2' parameter 'SMIN' = 0.040 does not match 0.026 of technology file (NEX-007)
Warning: Parasitic Tech Library layer 'M3' parameter 'SMIN' = 0.040 does not match 0.026 of technology file (NEX-007)
Warning: Parasitic Tech Library layer 'M8' parameter 'WMIN' = 0.030 does not match 0.060 of technology file (NEX-007)
Warning: Parasitic Tech Library layer 'M8' parameter 'SMIN' = 0.060 does not match 0.040 of technology file (NEX-007)
Information: Design Average RC for design cv32e40p_top_5_cts  (NEX-011)
Information: r = 2.175318 ohm/um, via_r = 1.031427 ohm/cut, c = 0.126338 ff/um, cc = 0.000000 ff/um (X dir) (NEX-017)
Information: r = 2.639974 ohm/um, via_r = 0.663827 ohm/cut, c = 0.120887 ff/um, cc = 0.000000 ff/um (Y dir) (NEX-017)
Information: The RC mode used is VR for design 'cv32e40p_top'. (NEX-022)
Information: Update timing completed net estimation for all the timing graph nets (TIM-111)
Information: Net estimation statistics: timing graph nets = 26891, routed nets = 0, across physical hierarchy nets = 0, parasitics cached nets = 1, delay annotated nets = 0, parasitics annotated nets = 0, multi-voltage nets = 0. (TIM-112)
************************************************************
* CTS STEP: Clock Cell Relocation
************************************************************
Information: Relocated the clock cell 'core_i/sleep_unit_i/core_clock_gate_i/core_clock_gate' from (166.48, 146.00) to (166.48, 146.00). (CTS-106)
A total of 0 clock cells have been relocated
Information: The run time for clock cell relocation is 0 hr : 0 min : 0.03 sec, cpu time is 0 hr : 0 min : 0.03 sec. (CTS-104)
Information: The run time for enable resynthesis is 0 hr : 0 min : 0.03 sec, cpu time is 0 hr : 0 min : 0.03 sec. (CTS-104)
************************************************************
* CTS STEP: Gate-By-Gate Clock Tree Synthesis
************************************************************
-------------------------------------------------------------
 Gate level 2 clock tree synthesis
 driving pin = core_i/sleep_unit_i/core_clock_gate_i/core_clock_gate/Q
 Clocks:
     clk_i (func), clk_i (test)
 Design rule constraints:
     max transition  = 0.100000
     max capacitance = 600.000000
 Number of load sinks = 2255
 Number of ignore points = 0
Information: The RC mode used is VR for design 'cv32e40p_top'. (NEX-022)
 Added 97 Repeaters. Built 3 Repeater Levels
 Phase delay: core_i/sleep_unit_i/core_clock_gate_i/core_clock_gate/CK : (0.158 0.133) : skew = 0.025
-------------------------------------------------------------
 Gate level 1 clock tree synthesis
 driving pin = clk_i
 Clocks:
     clk_i (func), clk_i (test)
 Design rule constraints:
     max transition  = 0.100000
     max capacitance = 600.000000
 Number of load sinks = 3
 Number of ignore points = 0
 Number of gates with existing phase delay = 1
    1. Phase delay = (max r/f: 0.158024/__ min r/f: 0.132732/__) : skew = 0.025291 : core_i/sleep_unit_i/core_clock_gate_i/core_clock_gate/CK
 Added 3 Repeaters. Built 2 Repeater Levels
 Phase delay: clk_i : (0.196 0.086) : skew = 0.110
Information: The run time for gate-by-gate clock tree synthesis is 0 hr : 0 min : 17.79 sec, cpu time is 0 hr : 0 min : 18.27 sec. (CTS-104)
************************************************************
* CTS STEP: DRC Fixing Beyond Exceptions
************************************************************
Information: The run time for DRC fixing beyond exceptions is 0 hr : 0 min : 0.00 sec, cpu time is 0 hr : 0 min : 0.00 sec. (CTS-104)
There are 100 buffers and 0 inverters added (total area 37.25) by Clock Tree Synthesis.
************************************************************
* CTS STEP: Clock Net Global Routing
************************************************************
Warning: Cell contains tie connections which are not connected to real PG. (ZRT-511)
Turn off antenna since no rule is specified
Cell Min-Routing-Layer = M1
Cell Max-Routing-Layer = M9
Warning: There is no constraint to limit maximum number of secondary power and ground (PG) pins in a cluster. (ZRT-536)
Warning: There is no constraint to limit maximum number of secondary power and ground (PG) pins in a cluster. (ZRT-536)
Warning: There is no constraint to limit maximum number of secondary power and ground (PG) pins in a cluster. (ZRT-536)
Warning: There is no constraint to limit maximum number of secondary power and ground (PG) pins in a cluster. (ZRT-536)
Warning: There is no constraint to limit maximum number of secondary power and ground (PG) pins in a cluster. (ZRT-536)
Warning: There is no constraint to limit maximum number of secondary power and ground (PG) pins in a cluster. (ZRT-536)
Warning: There is no constraint to limit maximum number of secondary power and ground (PG) pins in a cluster. (ZRT-536)
Warning: There is no constraint to limit maximum number of secondary power and ground (PG) pins in a cluster. (ZRT-536)
Warning: There is no constraint to limit maximum number of secondary power and ground (PG) pins in a cluster. (ZRT-536)
Warning: There is no constraint to limit maximum number of secondary power and ground (PG) pins in a cluster. (ZRT-536)
Warning: There is no constraint to limit maximum number of secondary power and ground (PG) pins in a cluster. (ZRT-536)
Warning: There is no constraint to limit maximum number of secondary power and ground (PG) pins in a cluster. (ZRT-536)
Warning: There is no constraint to limit maximum number of secondary power and ground (PG) pins in a cluster. (ZRT-536)
Warning: There is no constraint to limit maximum number of secondary power and ground (PG) pins in a cluster. (ZRT-536)
Warning: There is no constraint to limit maximum number of secondary power and ground (PG) pins in a cluster. (ZRT-536)
Warning: There is no constraint to limit maximum number of secondary power and ground (PG) pins in a cluster. (ZRT-536)
Warning: Ignore 2 top cell ports with no pins. (ZRT-027)
Skipping 3 internal pins that are not physical. Set route.common.verbose_level to > 0 and run routing command to get skipped pin names.
Info: number of net_type_blockage: 0 
Via on layer (VIA1) needs more than one tracks
Warning: Layer M1 pitch 0.074 may be too small: wire/via-down 0.074, wire/via-up 0.098. (ZRT-026)
Via on layer (VIA1) needs more than one tracks
Warning: Layer M2 pitch 0.060 may be too small: wire/via-down 0.098, wire/via-up 0.060. (ZRT-026)
Via on layer (VIA3) needs more than one tracks
Warning: Layer M3 pitch 0.074 may be too small: wire/via-down 0.060, wire/via-up 0.080. (ZRT-026)
Wire on layer (M4) needs more than one tracks
Via on layer (VIA3) needs more than one tracks
Via on layer (VIA4) needs more than one tracks
Warning: Layer M4 pitch 0.074 may be too small: wire/via-down 0.107, wire/via-up 0.105. (ZRT-026)
Via on layer (VIA4) needs more than one tracks
Warning: Layer M5 pitch 0.120 may be too small: wire/via-down 0.135, wire/via-up 0.107. (ZRT-026)
Via on layer (VIA8) needs more than one tracks
Warning: Layer M8 pitch 0.120 may be too small: wire/via-down 0.107, wire/via-up 0.135. (ZRT-026)
Wire on layer (M9) needs more than one tracks
Via on layer (VIA8) needs more than one tracks
Via on layer (VIARDL) needs more than one tracks
Warning: Layer M9 pitch 0.120 may be too small: wire/via-down 0.135, wire/via-up 1.570. (ZRT-026)
Via on layer (VIARDL) needs more than one tracks
Warning: Layer MRDL pitch 0.600 may be too small: wire/via-down 4.500, wire/via-up 0.600. (ZRT-026)
Transition layer name: M3(2)
Warning: Standard cell pin SAEDRVT14_OA2BB2_2/B1 has no valid via regions. (ZRT-044)
Warning: Standard cell pin SAEDRVT14_BUF_PS_3/VDD has no valid via regions. (ZRT-044)
Warning: Standard cell pin SAEDRVT14_BUF_PECO_12/VDD has no valid via regions. (ZRT-044)
Warning: Standard cell pin SAEDRVT14_BUF_PS_6/VDD has no valid via regions. (ZRT-044)
Warning: Standard cell pin SAEDRVT14_AOBUF_IW_3/VDD has no valid via regions. (ZRT-044)
Warning: Standard cell pin SAEDRVT14_AOBUF_IW_6/VDD has no valid via regions. (ZRT-044)
Warning: Standard cell pin SAEDRVT14_BUF_PECO_2/VDD has no valid via regions. (ZRT-044)
Warning: Standard cell pin SAEDRVT14_BUF_PECO_4/VDD has no valid via regions. (ZRT-044)
Warning: Standard cell pin SAEDRVT14_BUF_PECO_8/VDD has no valid via regions. (ZRT-044)
Warning: Standard cell pin SAEDRVT14_NR2_2/A1 has no valid via regions. (ZRT-044)
Warning: Standard cell pin SAEDRVT14_NR2_2/X has no valid via regions. (ZRT-044)
Warning: Standard cell pin SAEDRVT14_NR3B_4/A has no valid via regions. (ZRT-044)
Performing initial clock net global routing ...
Loading parastics information to the router ...
Warning: Technology layer 'M4' setting 'pitch' is not valid (NEX-001)
Warning: Technology layer 'MRDL' setting 'pitch' is not valid (NEX-001)
Warning: Parasitic Tech Library layer 'M1' parameter 'SMIN' = 0.040 does not match 0.026 of technology file (NEX-007)
Warning: Parasitic Tech Library layer 'M2' parameter 'SMIN' = 0.040 does not match 0.026 of technology file (NEX-007)
Warning: Parasitic Tech Library layer 'M3' parameter 'SMIN' = 0.040 does not match 0.026 of technology file (NEX-007)
Warning: Parasitic Tech Library layer 'M1' parameter 'SMIN' = 0.040 does not match 0.026 of technology file (NEX-007)
Warning: Parasitic Tech Library layer 'M2' parameter 'SMIN' = 0.040 does not match 0.026 of technology file (NEX-007)
Warning: Parasitic Tech Library layer 'M3' parameter 'SMIN' = 0.040 does not match 0.026 of technology file (NEX-007)
Warning: Parasitic Tech Library layer 'M8' parameter 'WMIN' = 0.030 does not match 0.060 of technology file (NEX-007)
Warning: Parasitic Tech Library layer 'M8' parameter 'SMIN' = 0.060 does not match 0.040 of technology file (NEX-007)
parastics information loaded to the router.
Information: The net parasitics of block cv32e40p_top are cleared. (TIM-123)
Total number of global routed clock nets: 102
Information: The run time for clock net global routing is 0 hr : 0 min : 4.98 sec, cpu time is 0 hr : 0 min : 16.42 sec. (CTS-104)
Information: The stitching and editing of coupling caps is turned OFF for design 'cv32e40p_top:cv32e40p_top_5_cts.design'. (TIM-125)
Information: Design cv32e40p_top_5_cts has 26993 nets, 102 global routed, 0 detail routed. (NEX-024)
Warning: Technology layer 'M4' setting 'pitch' is not valid (NEX-001)
Warning: Technology layer 'MRDL' setting 'pitch' is not valid (NEX-001)
Warning: Parasitic Tech Library layer 'M1' parameter 'SMIN' = 0.040 does not match 0.026 of technology file (NEX-007)
Warning: Parasitic Tech Library layer 'M2' parameter 'SMIN' = 0.040 does not match 0.026 of technology file (NEX-007)
Warning: Parasitic Tech Library layer 'M3' parameter 'SMIN' = 0.040 does not match 0.026 of technology file (NEX-007)
Warning: Parasitic Tech Library layer 'M1' parameter 'SMIN' = 0.040 does not match 0.026 of technology file (NEX-007)
Warning: Parasitic Tech Library layer 'M2' parameter 'SMIN' = 0.040 does not match 0.026 of technology file (NEX-007)
Warning: Parasitic Tech Library layer 'M3' parameter 'SMIN' = 0.040 does not match 0.026 of technology file (NEX-007)
Warning: Parasitic Tech Library layer 'M8' parameter 'WMIN' = 0.030 does not match 0.060 of technology file (NEX-007)
Warning: Parasitic Tech Library layer 'M8' parameter 'SMIN' = 0.060 does not match 0.040 of technology file (NEX-007)
Information: The RC mode used is CTO for design 'cv32e40p_top'. (NEX-022)
Information: Update timing completed net estimation for all the timing graph nets (TIM-111)
Information: Net estimation statistics: timing graph nets = 26991, routed nets = 102, across physical hierarchy nets = 0, parasitics cached nets = 102, delay annotated nets = 0, parasitics annotated nets = 0, multi-voltage nets = 0. (TIM-112)
************************************************************
* CTS STEP: Pre-Optimization DRC Fixing
************************************************************
-------------------------------------------------------------
Fixing clock: clk_i mode: test root: clk_i

Clock QoR Before Fixing Clock Tree DRC Violation ...
Clock: clk_i, Mode: test, Root: clk_i
Information: CTS QoR Pre Initial DRC Fixing: GlobalSkew = 0.0504; ID = 0.0900; NetsWithDRC = 0; Worst Tran/Cap/Fanout cost = 0.0000/0.0000/0; ClockBufArea = 37.2516; ClockCellArea = 38.1396; Clock = clk_i; Mode = test; Corner = fast_Cmax; ClockRoot = clk_i. (CTS-037)
Information: CTS QoR Pre Initial DRC Fixing: GlobalSkew = 0.0480; ID = 0.0858; NetsWithDRC = 0; Worst Tran/Cap/Fanout cost = 0.0000/0.0000/0; ClockBufArea = 37.2516; ClockCellArea = 38.1396; Clock = clk_i; Mode = test; Corner = fast_Cmin; ClockRoot = clk_i. (CTS-037)
Information: CTS QoR Pre Initial DRC Fixing: GlobalSkew = 0.1044; ID = 0.1916; NetsWithDRC = 0; Worst Tran/Cap/Fanout cost = 0.0000/0.0000/0; ClockBufArea = 37.2516; ClockCellArea = 38.1396; Clock = clk_i; Mode = test; Corner = slow_Cmax; ClockRoot = clk_i. (CTS-037)
Information: CTS QoR Pre Initial DRC Fixing: GlobalSkew = 0.0984; ID = 0.1819; NetsWithDRC = 0; Worst Tran/Cap/Fanout cost = 0.0000/0.0000/0; ClockBufArea = 37.2516; ClockCellArea = 38.1396; Clock = clk_i; Mode = test; Corner = slow_Cmin; ClockRoot = clk_i. (CTS-037)

Starting fixing clock tree DRC Violation ...
Resized 0 cell(s), relocated 0 cell(s), cloned 0 cell(s) and inserted 0 buffer(s)/inverter(s)
Cloned 0 non-repeater gate(s)
Ran incremental ZGR 0 time(s) for 0 net(s) and restored ZGR 0 time(s) for 0 net(s)
Clock QoR After Fixing Pre-Opt DRC Violation:
Clock: clk_i, Mode: test, Root: clk_i
Information: CTS QoR Post Initial DRC Fixing: GlobalSkew = 0.0504; ID = 0.0900; NetsWithDRC = 0; Worst Tran/Cap/Fanout cost = 0.0000/0.0000/0; ClockBufArea = 37.2516; ClockCellArea = 38.1396; Clock = clk_i; Mode = test; Corner = fast_Cmax; ClockRoot = clk_i. (CTS-037)
Information: CTS QoR Post Initial DRC Fixing: GlobalSkew = 0.0480; ID = 0.0858; NetsWithDRC = 0; Worst Tran/Cap/Fanout cost = 0.0000/0.0000/0; ClockBufArea = 37.2516; ClockCellArea = 38.1396; Clock = clk_i; Mode = test; Corner = fast_Cmin; ClockRoot = clk_i. (CTS-037)
Information: CTS QoR Post Initial DRC Fixing: GlobalSkew = 0.1044; ID = 0.1916; NetsWithDRC = 0; Worst Tran/Cap/Fanout cost = 0.0000/0.0000/0; ClockBufArea = 37.2516; ClockCellArea = 38.1396; Clock = clk_i; Mode = test; Corner = slow_Cmax; ClockRoot = clk_i. (CTS-037)
Information: CTS QoR Post Initial DRC Fixing: GlobalSkew = 0.0984; ID = 0.1819; NetsWithDRC = 0; Worst Tran/Cap/Fanout cost = 0.0000/0.0000/0; ClockBufArea = 37.2516; ClockCellArea = 38.1396; Clock = clk_i; Mode = test; Corner = slow_Cmin; ClockRoot = clk_i. (CTS-037)
The elapsed time for fixing DRC violation is 0 hr : 0 min : 0.11 sec, cpu time is 0 hr : 0 min : 0.36 sec.
-------------------------------------------------------------
Fixing clock: clk_i mode: func root: clk_i

Clock QoR Before Fixing Clock Tree DRC Violation ...
Clock: clk_i, Mode: func, Root: clk_i
Information: CTS QoR Pre Initial DRC Fixing: GlobalSkew = 0.0504; ID = 0.0900; NetsWithDRC = 0; Worst Tran/Cap/Fanout cost = 0.0000/0.0000/0; ClockBufArea = 37.2516; ClockCellArea = 38.1396; Clock = clk_i; Mode = func; Corner = fast_Cmax; ClockRoot = clk_i. (CTS-037)
Information: CTS QoR Pre Initial DRC Fixing: GlobalSkew = 0.0480; ID = 0.0858; NetsWithDRC = 0; Worst Tran/Cap/Fanout cost = 0.0000/0.0000/0; ClockBufArea = 37.2516; ClockCellArea = 38.1396; Clock = clk_i; Mode = func; Corner = fast_Cmin; ClockRoot = clk_i. (CTS-037)
Information: CTS QoR Pre Initial DRC Fixing: GlobalSkew = 0.1044; ID = 0.2095; NetsWithDRC = 0; Worst Tran/Cap/Fanout cost = 0.0000/0.0000/0; ClockBufArea = 37.2516; ClockCellArea = 38.1396; Clock = clk_i; Mode = func; Corner = slow_Cmax; ClockRoot = clk_i. (CTS-037)
Information: CTS QoR Pre Initial DRC Fixing: GlobalSkew = 0.0984; ID = 0.1819; NetsWithDRC = 0; Worst Tran/Cap/Fanout cost = 0.0000/0.0000/0; ClockBufArea = 37.2516; ClockCellArea = 38.1396; Clock = clk_i; Mode = func; Corner = slow_Cmin; ClockRoot = clk_i. (CTS-037)

Starting fixing clock tree DRC Violation ...
Resized 0 cell(s), relocated 0 cell(s), cloned 0 cell(s) and inserted 0 buffer(s)/inverter(s)
Cloned 0 non-repeater gate(s)
Ran incremental ZGR 0 time(s) for 0 net(s) and restored ZGR 0 time(s) for 0 net(s)
Clock QoR After Fixing Pre-Opt DRC Violation:
Clock: clk_i, Mode: func, Root: clk_i
Information: CTS QoR Post Initial DRC Fixing: GlobalSkew = 0.0504; ID = 0.0900; NetsWithDRC = 0; Worst Tran/Cap/Fanout cost = 0.0000/0.0000/0; ClockBufArea = 37.2516; ClockCellArea = 38.1396; Clock = clk_i; Mode = func; Corner = fast_Cmax; ClockRoot = clk_i. (CTS-037)
Information: CTS QoR Post Initial DRC Fixing: GlobalSkew = 0.0480; ID = 0.0858; NetsWithDRC = 0; Worst Tran/Cap/Fanout cost = 0.0000/0.0000/0; ClockBufArea = 37.2516; ClockCellArea = 38.1396; Clock = clk_i; Mode = func; Corner = fast_Cmin; ClockRoot = clk_i. (CTS-037)
Information: CTS QoR Post Initial DRC Fixing: GlobalSkew = 0.1044; ID = 0.2095; NetsWithDRC = 0; Worst Tran/Cap/Fanout cost = 0.0000/0.0000/0; ClockBufArea = 37.2516; ClockCellArea = 38.1396; Clock = clk_i; Mode = func; Corner = slow_Cmax; ClockRoot = clk_i. (CTS-037)
Information: CTS QoR Post Initial DRC Fixing: GlobalSkew = 0.0984; ID = 0.1819; NetsWithDRC = 0; Worst Tran/Cap/Fanout cost = 0.0000/0.0000/0; ClockBufArea = 37.2516; ClockCellArea = 38.1396; Clock = clk_i; Mode = func; Corner = slow_Cmin; ClockRoot = clk_i. (CTS-037)
The elapsed time for fixing DRC violation is 0 hr : 0 min : 0.07 sec, cpu time is 0 hr : 0 min : 0.12 sec.
Information: The run time for pre-optimization DRC fixing is 0 hr : 0 min : 0.17 sec, cpu time is 0 hr : 0 min : 0.48 sec. (CTS-104)
************************************************************
* CTS STEP: Skew Latency Optimization and Area Recovery
************************************************************
-------------------------------------------------------------
Optimizing clock tree
clock: clk_i mode: func root: clk_i
Clock QoR Before Optimization:
Clock: clk_i, Mode: func, Root: clk_i
Information: CTS QoR Pre Optimization: GlobalSkew = 0.0504; ID = 0.0900; NetsWithDRC = 0; Worst Tran/Cap/Fanout cost = 0.0000/0.0000/0; ClockBufArea = 37.2516; ClockCellArea = 38.1396; Clock = clk_i; Mode = func; Corner = fast_Cmax; ClockRoot = clk_i. (CTS-037)
Information: CTS QoR Pre Optimization: GlobalSkew = 0.0480; ID = 0.0858; NetsWithDRC = 0; Worst Tran/Cap/Fanout cost = 0.0000/0.0000/0; ClockBufArea = 37.2516; ClockCellArea = 38.1396; Clock = clk_i; Mode = func; Corner = fast_Cmin; ClockRoot = clk_i. (CTS-037)
Information: CTS QoR Pre Optimization: GlobalSkew = 0.1044; ID = 0.2095; NetsWithDRC = 0; Worst Tran/Cap/Fanout cost = 0.0000/0.0000/0; ClockBufArea = 37.2516; ClockCellArea = 38.1396; Clock = clk_i; Mode = func; Corner = slow_Cmax; ClockRoot = clk_i. (CTS-037)
Information: CTS QoR Pre Optimization: GlobalSkew = 0.0984; ID = 0.1819; NetsWithDRC = 0; Worst Tran/Cap/Fanout cost = 0.0000/0.0000/0; ClockBufArea = 37.2516; ClockCellArea = 38.1396; Clock = clk_i; Mode = func; Corner = slow_Cmin; ClockRoot = clk_i. (CTS-037)

Begin Network Flow Based Optimization:
Information: Design Average RC for design cv32e40p_top_5_cts  (NEX-011)
Information: r = 2.175318 ohm/um, via_r = 1.031427 ohm/cut, c = 0.127527 ff/um, cc = 0.000000 ff/um (X dir) (NEX-017)
Information: r = 2.639974 ohm/um, via_r = 0.663827 ohm/cut, c = 0.121912 ff/um, cc = 0.000000 ff/um (Y dir) (NEX-017)
Begin building search trees for block cv32e40p_top:cv32e40p_top_5_cts.design
Done building search trees for block cv32e40p_top:cv32e40p_top_5_cts.design (time 0s)
Begin building search trees for block cv32e40p_top:cv32e40p_top_5_cts.design
Done building search trees for block cv32e40p_top:cv32e40p_top_5_cts.design (time 0s)
Begin building search trees for block cv32e40p_top:cv32e40p_top_5_cts.design
Done building search trees for block cv32e40p_top:cv32e40p_top_5_cts.design (time 0s)
Begin building search trees for block cv32e40p_top:cv32e40p_top_5_cts.design
Done building search trees for block cv32e40p_top:cv32e40p_top_5_cts.design (time 0s)
Default network flow optimizer made 10 successful improvements out of 14 iterations
Resized 5, relocated 1, deleted 1, inserted 0, sizeUp Relocated 0 cells
The elapsed time for network flow optimization is 0 hr : 0 min : 6.01 sec, cpu time is 0 hr : 0 min : 10.96 sec.
Ran incremental ZGR 25 time(s) for 53 net(s) and restored ZGR 8 time(s) for 24 net(s)
Clock Qor After Network Flow Optimization:
Clock: clk_i, Mode: func, Root: clk_i
Information: CTS QoR Post Optimization: GlobalSkew = 0.0403; ID = 0.0805; NetsWithDRC = 0; Worst Tran/Cap/Fanout cost = 0.0000/0.0000/0; ClockBufArea = 37.9176; ClockCellArea = 38.8056; Clock = clk_i; Mode = func; Corner = fast_Cmax; ClockRoot = clk_i. (CTS-037)
Information: CTS QoR Post Optimization: GlobalSkew = 0.0382; ID = 0.0765; NetsWithDRC = 0; Worst Tran/Cap/Fanout cost = 0.0000/0.0000/0; ClockBufArea = 37.9176; ClockCellArea = 38.8056; Clock = clk_i; Mode = func; Corner = fast_Cmin; ClockRoot = clk_i. (CTS-037)
Information: CTS QoR Post Optimization: GlobalSkew = 0.0783; ID = 0.1801; NetsWithDRC = 0; Worst Tran/Cap/Fanout cost = 0.0000/0.0000/0; ClockBufArea = 37.9176; ClockCellArea = 38.8056; Clock = clk_i; Mode = func; Corner = slow_Cmax; ClockRoot = clk_i. (CTS-037)
Information: CTS QoR Post Optimization: GlobalSkew = 0.0735; ID = 0.1599; NetsWithDRC = 0; Worst Tran/Cap/Fanout cost = 0.0000/0.0000/0; ClockBufArea = 37.9176; ClockCellArea = 38.8056; Clock = clk_i; Mode = func; Corner = slow_Cmin; ClockRoot = clk_i. (CTS-037)

Begin Area Recovery Buffer Removal:
Begin building search trees for block cv32e40p_top:cv32e40p_top_5_cts.design
Done building search trees for block cv32e40p_top:cv32e40p_top_5_cts.design (time 0s)
Begin building search trees for block cv32e40p_top:cv32e40p_top_5_cts.design
Done building search trees for block cv32e40p_top:cv32e40p_top_5_cts.design (time 0s)
Begin building search trees for block cv32e40p_top:cv32e40p_top_5_cts.design
Done building search trees for block cv32e40p_top:cv32e40p_top_5_cts.design (time 0s)
Begin building search trees for block cv32e40p_top:cv32e40p_top_5_cts.design
Done building search trees for block cv32e40p_top:cv32e40p_top_5_cts.design (time 0s)
Begin building search trees for block cv32e40p_top:cv32e40p_top_5_cts.design
Done building search trees for block cv32e40p_top:cv32e40p_top_5_cts.design (time 0s)
Begin building search trees for block cv32e40p_top:cv32e40p_top_5_cts.design
Done building search trees for block cv32e40p_top:cv32e40p_top_5_cts.design (time 0s)
Begin building search trees for block cv32e40p_top:cv32e40p_top_5_cts.design
Done building search trees for block cv32e40p_top:cv32e40p_top_5_cts.design (time 0s)
Begin building search trees for block cv32e40p_top:cv32e40p_top_5_cts.design
Done building search trees for block cv32e40p_top:cv32e40p_top_5_cts.design (time 0s)
Begin building search trees for block cv32e40p_top:cv32e40p_top_5_cts.design
Done building search trees for block cv32e40p_top:cv32e40p_top_5_cts.design (time 0s)
Begin building search trees for block cv32e40p_top:cv32e40p_top_5_cts.design
Done building search trees for block cv32e40p_top:cv32e40p_top_5_cts.design (time 0s)
Begin building search trees for block cv32e40p_top:cv32e40p_top_5_cts.design
Done building search trees for block cv32e40p_top:cv32e40p_top_5_cts.design (time 0s)
Begin building search trees for block cv32e40p_top:cv32e40p_top_5_cts.design
Done building search trees for block cv32e40p_top:cv32e40p_top_5_cts.design (time 0s)
Begin building search trees for block cv32e40p_top:cv32e40p_top_5_cts.design
Done building search trees for block cv32e40p_top:cv32e40p_top_5_cts.design (time 0s)
Begin building search trees for block cv32e40p_top:cv32e40p_top_5_cts.design
Done building search trees for block cv32e40p_top:cv32e40p_top_5_cts.design (time 0s)
Begin building search trees for block cv32e40p_top:cv32e40p_top_5_cts.design
Done building search trees for block cv32e40p_top:cv32e40p_top_5_cts.design (time 0s)
Begin building search trees for block cv32e40p_top:cv32e40p_top_5_cts.design
Done building search trees for block cv32e40p_top:cv32e40p_top_5_cts.design (time 0s)
Begin building search trees for block cv32e40p_top:cv32e40p_top_5_cts.design
Done building search trees for block cv32e40p_top:cv32e40p_top_5_cts.design (time 0s)
Begin building search trees for block cv32e40p_top:cv32e40p_top_5_cts.design
Done building search trees for block cv32e40p_top:cv32e40p_top_5_cts.design (time 0s)
Begin building search trees for block cv32e40p_top:cv32e40p_top_5_cts.design
Done building search trees for block cv32e40p_top:cv32e40p_top_5_cts.design (time 0s)
Begin building search trees for block cv32e40p_top:cv32e40p_top_5_cts.design
Done building search trees for block cv32e40p_top:cv32e40p_top_5_cts.design (time 0s)
Begin building search trees for block cv32e40p_top:cv32e40p_top_5_cts.design
Done building search trees for block cv32e40p_top:cv32e40p_top_5_cts.design (time 0s)
Begin building search trees for block cv32e40p_top:cv32e40p_top_5_cts.design
Done building search trees for block cv32e40p_top:cv32e40p_top_5_cts.design (time 0s)
Begin building search trees for block cv32e40p_top:cv32e40p_top_5_cts.design
Done building search trees for block cv32e40p_top:cv32e40p_top_5_cts.design (time 0s)
Begin building search trees for block cv32e40p_top:cv32e40p_top_5_cts.design
Done building search trees for block cv32e40p_top:cv32e40p_top_5_cts.design (time 0s)
Begin building search trees for block cv32e40p_top:cv32e40p_top_5_cts.design
Done building search trees for block cv32e40p_top:cv32e40p_top_5_cts.design (time 0s)
AR: deleted 0 cell(s)
Ran incremental ZGR 97 time(s) for 97 net(s) and restored ZGR 0 time(s) for 0 net(s)
Clock QoR After Area Recovery Removal:
Clock: clk_i, Mode: func, Root: clk_i
Information: CTS QoR Post Area Recovery: GlobalSkew = 0.0403; ID = 0.0805; NetsWithDRC = 0; Worst Tran/Cap/Fanout cost = 0.0000/0.0000/0; ClockBufArea = 37.9176; ClockCellArea = 38.8056; Clock = clk_i; Mode = func; Corner = fast_Cmax; ClockRoot = clk_i. (CTS-037)
Information: CTS QoR Post Area Recovery: GlobalSkew = 0.0382; ID = 0.0765; NetsWithDRC = 0; Worst Tran/Cap/Fanout cost = 0.0000/0.0000/0; ClockBufArea = 37.9176; ClockCellArea = 38.8056; Clock = clk_i; Mode = func; Corner = fast_Cmin; ClockRoot = clk_i. (CTS-037)
Information: CTS QoR Post Area Recovery: GlobalSkew = 0.0783; ID = 0.1801; NetsWithDRC = 0; Worst Tran/Cap/Fanout cost = 0.0000/0.0000/0; ClockBufArea = 37.9176; ClockCellArea = 38.8056; Clock = clk_i; Mode = func; Corner = slow_Cmax; ClockRoot = clk_i. (CTS-037)
Information: CTS QoR Post Area Recovery: GlobalSkew = 0.0735; ID = 0.1599; NetsWithDRC = 0; Worst Tran/Cap/Fanout cost = 0.0000/0.0000/0; ClockBufArea = 37.9176; ClockCellArea = 38.8056; Clock = clk_i; Mode = func; Corner = slow_Cmin; ClockRoot = clk_i. (CTS-037)

Begin Area Recovery Resizing:
Begin building search trees for block cv32e40p_top:cv32e40p_top_5_cts.design
Done building search trees for block cv32e40p_top:cv32e40p_top_5_cts.design (time 0s)
Begin building search trees for block cv32e40p_top:cv32e40p_top_5_cts.design
Done building search trees for block cv32e40p_top:cv32e40p_top_5_cts.design (time 0s)
AR: resized 13 out of 100 cell(s)
Ran incremental ZGR 6 time(s) for 23 net(s) and restored ZGR 3 time(s) for 24 net(s)
Clock QoR After Area Recovery Resizing:
Clock: clk_i, Mode: func, Root: clk_i
Information: CTS QoR Post Area Recovery: GlobalSkew = 0.0402; ID = 0.0804; NetsWithDRC = 0; Worst Tran/Cap/Fanout cost = 0.0000/0.0000/0; ClockBufArea = 37.2072; ClockCellArea = 38.0952; Clock = clk_i; Mode = func; Corner = fast_Cmax; ClockRoot = clk_i. (CTS-037)
Information: CTS QoR Post Area Recovery: GlobalSkew = 0.0382; ID = 0.0765; NetsWithDRC = 0; Worst Tran/Cap/Fanout cost = 0.0000/0.0000/0; ClockBufArea = 37.2072; ClockCellArea = 38.0952; Clock = clk_i; Mode = func; Corner = fast_Cmin; ClockRoot = clk_i. (CTS-037)
Information: CTS QoR Post Area Recovery: GlobalSkew = 0.0782; ID = 0.1800; NetsWithDRC = 0; Worst Tran/Cap/Fanout cost = 0.0000/0.0000/0; ClockBufArea = 37.2072; ClockCellArea = 38.0952; Clock = clk_i; Mode = func; Corner = slow_Cmax; ClockRoot = clk_i. (CTS-037)
Information: CTS QoR Post Area Recovery: GlobalSkew = 0.0734; ID = 0.1597; NetsWithDRC = 0; Worst Tran/Cap/Fanout cost = 0.0000/0.0000/0; ClockBufArea = 37.2072; ClockCellArea = 38.0952; Clock = clk_i; Mode = func; Corner = slow_Cmin; ClockRoot = clk_i. (CTS-037)
The elapsed time for area recovery is 0 hr : 0 min : 21.25 sec, cpu time is 0 hr : 0 min : 55.94 sec.
The elapsed time for optimization of clock tree is 0 hr : 0 min : 27.37 sec, cpu time is 0 hr : 1 min : 7.33 sec.
Information: The stitching and editing of coupling caps is turned OFF for design 'cv32e40p_top:cv32e40p_top_5_cts.design'. (TIM-125)
Information: Update timing completed net estimation for all the timing graph nets (TIM-111)
Information: Net estimation statistics: timing graph nets = 26990, routed nets = 101, across physical hierarchy nets = 0, parasitics cached nets = 101, delay annotated nets = 0, parasitics annotated nets = 0, multi-voltage nets = 0. (TIM-112)

Mode:func             Latency(early)   Latency(late)
Clock        Updated   rise    fall    rise    fall   Corner
------------------------------------------------------------
clk_i        Yes     0.0760  0.0760  0.0760  0.0760   fast_Cmax
clk_i        Yes     0.0725  0.0725  0.0725  0.0725   fast_Cmin
clk_i        Yes     0.1704  0.1704  0.1704  0.1704   slow_Cmax
clk_i        Yes     0.1514  0.1514  0.1514  0.1514   slow_Cmin

Mode:test             Latency(early)   Latency(late)
Clock        Updated   rise    fall    rise    fall   Corner
------------------------------------------------------------
clk_i        Yes     0.0760  0.0760  0.0760  0.0760   fast_Cmax
clk_i        Yes     0.0725  0.0725  0.0725  0.0725   fast_Cmin
clk_i        Yes     0.1590  0.1590  0.1590  0.1590   slow_Cmax
clk_i        Yes     0.1514  0.1514  0.1514  0.1514   slow_Cmin

Information: The stitching and editing of coupling caps is turned OFF for design 'cv32e40p_top:cv32e40p_top_5_cts.design'. (TIM-125)
Information: Update timing completed net estimation for all the timing graph nets (TIM-111)
Information: Net estimation statistics: timing graph nets = 26990, routed nets = 101, across physical hierarchy nets = 0, parasitics cached nets = 1475, delay annotated nets = 0, parasitics annotated nets = 0, multi-voltage nets = 0. (TIM-112)
Information: The stitching and editing of coupling caps is turned OFF for design 'cv32e40p_top:cv32e40p_top_5_cts.design'. (TIM-125)
Information: Update timing completed net estimation for all the timing graph nets (TIM-111)
Information: Net estimation statistics: timing graph nets = 26990, routed nets = 101, across physical hierarchy nets = 0, parasitics cached nets = 101, delay annotated nets = 0, parasitics annotated nets = 0, multi-voltage nets = 0. (TIM-112)
-------------------------------------------------------------
Optimizing clock tree local skew
clock: clk_i mode: func root: clk_i
Clock QoR Before Optimization:
Clock: clk_i, Mode: func, Root: clk_i
Information: CTS QoR Pre Local Skew Optimization: GlobalSkew = 0.0402; ID = 0.0804; NetsWithDRC = 0; Worst Tran/Cap/Fanout cost = 0.0000/0.0000/0; ClockBufArea = 37.2072; ClockCellArea = 38.0952; Clock = clk_i; Mode = func; Corner = fast_Cmax; ClockRoot = clk_i. (CTS-037)
Information: CTS QoR Pre Local Skew Optimization: GlobalSkew = 0.0382; ID = 0.0765; NetsWithDRC = 0; Worst Tran/Cap/Fanout cost = 0.0000/0.0000/0; ClockBufArea = 37.2072; ClockCellArea = 38.0952; Clock = clk_i; Mode = func; Corner = fast_Cmin; ClockRoot = clk_i. (CTS-037)
Information: CTS QoR Pre Local Skew Optimization: GlobalSkew = 0.0782; ID = 0.1800; NetsWithDRC = 0; Worst Tran/Cap/Fanout cost = 0.0000/0.0000/0; ClockBufArea = 37.2072; ClockCellArea = 38.0952; Clock = clk_i; Mode = func; Corner = slow_Cmax; ClockRoot = clk_i. (CTS-037)
Information: CTS QoR Pre Local Skew Optimization: GlobalSkew = 0.0734; ID = 0.1597; NetsWithDRC = 0; Worst Tran/Cap/Fanout cost = 0.0000/0.0000/0; ClockBufArea = 37.2072; ClockCellArea = 38.0952; Clock = clk_i; Mode = func; Corner = slow_Cmin; ClockRoot = clk_i. (CTS-037)

Begin Network Flow Based Optimization:
Total trial resizing 7 time(s) accepted 0 time(s)
Network Flow Optimization cpu time 00:00:00.71u 00:00:00.02s 00:00:00.37e: 
Ran incremental ZGR 1 time(s) for 2 net(s) and restored ZGR 1 time(s) for 2 net(s)
Clock Qor After Optimization:
Clock: clk_i, Mode: func, Root: clk_i
Information: CTS QoR Post Local Skew Optimization: GlobalSkew = 0.0403; ID = 0.0804; NetsWithDRC = 0; Worst Tran/Cap/Fanout cost = 0.0000/0.0000/0; ClockBufArea = 37.2072; ClockCellArea = 38.0952; Clock = clk_i; Mode = func; Corner = fast_Cmax; ClockRoot = clk_i. (CTS-037)
Information: CTS QoR Post Local Skew Optimization: GlobalSkew = 0.0382; ID = 0.0765; NetsWithDRC = 0; Worst Tran/Cap/Fanout cost = 0.0000/0.0000/0; ClockBufArea = 37.2072; ClockCellArea = 38.0952; Clock = clk_i; Mode = func; Corner = fast_Cmin; ClockRoot = clk_i. (CTS-037)
Information: CTS QoR Post Local Skew Optimization: GlobalSkew = 0.0783; ID = 0.1800; NetsWithDRC = 0; Worst Tran/Cap/Fanout cost = 0.0000/0.0000/0; ClockBufArea = 37.2072; ClockCellArea = 38.0952; Clock = clk_i; Mode = func; Corner = slow_Cmax; ClockRoot = clk_i. (CTS-037)
Information: CTS QoR Post Local Skew Optimization: GlobalSkew = 0.0734; ID = 0.1598; NetsWithDRC = 0; Worst Tran/Cap/Fanout cost = 0.0000/0.0000/0; ClockBufArea = 37.2072; ClockCellArea = 38.0952; Clock = clk_i; Mode = func; Corner = slow_Cmin; ClockRoot = clk_i. (CTS-037)
The elapsed time for optimization of clock tree is 0 hr : 0 min : 0.45 sec, cpu time is 0 hr : 0 min : 1.17 sec.
Information: The run time for skew latency optimization is 0 hr : 0 min : 41.06 sec, cpu time is 0 hr : 1 min : 58.84 sec. (CTS-104)
************************************************************
* CTS STEP: Post-Optimization DRC Fixing
************************************************************
-------------------------------------------------------------
Fixing clock: clk_i mode: test root: clk_i
Resized 0 cell(s), relocated 0 cell(s), cloned 0 cell(s) and inserted 0 buffer(s)/inverter(s)
Cloned 0 non-repeater gate(s)
Ran incremental ZGR 0 time(s) for 0 net(s) and restored ZGR 0 time(s) for 0 net(s)
Clock QoR After Fixing Post-Opt DRC Violation:
Clock: clk_i, Mode: test, Root: clk_i
Information: CTS QoR Post Final DRC Fixing: GlobalSkew = 0.0403; ID = 0.0804; NetsWithDRC = 0; Worst Tran/Cap/Fanout cost = 0.0000/0.0000/0; ClockBufArea = 37.2072; ClockCellArea = 38.0952; Clock = clk_i; Mode = test; Corner = fast_Cmax; ClockRoot = clk_i. (CTS-037)
Information: CTS QoR Post Final DRC Fixing: GlobalSkew = 0.0382; ID = 0.0765; NetsWithDRC = 0; Worst Tran/Cap/Fanout cost = 0.0000/0.0000/0; ClockBufArea = 37.2072; ClockCellArea = 38.0952; Clock = clk_i; Mode = test; Corner = fast_Cmin; ClockRoot = clk_i. (CTS-037)
Information: CTS QoR Post Final DRC Fixing: GlobalSkew = 0.0783; ID = 0.1686; NetsWithDRC = 0; Worst Tran/Cap/Fanout cost = 0.0000/0.0000/0; ClockBufArea = 37.2072; ClockCellArea = 38.0952; Clock = clk_i; Mode = test; Corner = slow_Cmax; ClockRoot = clk_i. (CTS-037)
Information: CTS QoR Post Final DRC Fixing: GlobalSkew = 0.0734; ID = 0.1598; NetsWithDRC = 0; Worst Tran/Cap/Fanout cost = 0.0000/0.0000/0; ClockBufArea = 37.2072; ClockCellArea = 38.0952; Clock = clk_i; Mode = test; Corner = slow_Cmin; ClockRoot = clk_i. (CTS-037)
The elapsed time for fixing DRC violation is 0 hr : 0 min : 0.23 sec, cpu time is 0 hr : 0 min : 0.67 sec.
-------------------------------------------------------------
Fixing clock: clk_i mode: func root: clk_i
Resized 0 cell(s), relocated 0 cell(s), cloned 0 cell(s) and inserted 0 buffer(s)/inverter(s)
Cloned 0 non-repeater gate(s)
Ran incremental ZGR 0 time(s) for 0 net(s) and restored ZGR 0 time(s) for 0 net(s)
Clock QoR After Fixing Post-Opt DRC Violation:
Clock: clk_i, Mode: func, Root: clk_i
Information: CTS QoR Post Final DRC Fixing: GlobalSkew = 0.0403; ID = 0.0804; NetsWithDRC = 0; Worst Tran/Cap/Fanout cost = 0.0000/0.0000/0; ClockBufArea = 37.2072; ClockCellArea = 38.0952; Clock = clk_i; Mode = func; Corner = fast_Cmax; ClockRoot = clk_i. (CTS-037)
Information: CTS QoR Post Final DRC Fixing: GlobalSkew = 0.0382; ID = 0.0765; NetsWithDRC = 0; Worst Tran/Cap/Fanout cost = 0.0000/0.0000/0; ClockBufArea = 37.2072; ClockCellArea = 38.0952; Clock = clk_i; Mode = func; Corner = fast_Cmin; ClockRoot = clk_i. (CTS-037)
Information: CTS QoR Post Final DRC Fixing: GlobalSkew = 0.0783; ID = 0.1800; NetsWithDRC = 0; Worst Tran/Cap/Fanout cost = 0.0000/0.0000/0; ClockBufArea = 37.2072; ClockCellArea = 38.0952; Clock = clk_i; Mode = func; Corner = slow_Cmax; ClockRoot = clk_i. (CTS-037)
Information: CTS QoR Post Final DRC Fixing: GlobalSkew = 0.0734; ID = 0.1598; NetsWithDRC = 0; Worst Tran/Cap/Fanout cost = 0.0000/0.0000/0; ClockBufArea = 37.2072; ClockCellArea = 38.0952; Clock = clk_i; Mode = func; Corner = slow_Cmin; ClockRoot = clk_i. (CTS-037)
The elapsed time for fixing DRC violation is 0 hr : 0 min : 0.07 sec, cpu time is 0 hr : 0 min : 0.10 sec.
Information: The run time for post-optimization DRC fixing is 0 hr : 0 min : 0.30 sec, cpu time is 0 hr : 0 min : 0.76 sec. (CTS-104)
All together, ran incremental ZGR 129 time(s) for 175 net(s) and restoring ZGR invoked 12 time(s) for 50 net(s)
Setting target skew for clock: clk_i (mode func corner fast_Cmax) as 0.180438
Setting target skew for clock: clk_i (mode func corner fast_Cmin) as 0.180438
Setting target skew for clock: clk_i (mode func corner slow_Cmax) as 0.180438
Setting target skew for clock: clk_i (mode func corner slow_Cmin) as 0.180438
Setting target skew for clock: clk_i (mode test corner fast_Cmax) as 0.180438
Setting target skew for clock: clk_i (mode test corner fast_Cmin) as 0.180438
Setting target skew for clock: clk_i (mode test corner slow_Cmax) as 0.180438
Setting target skew for clock: clk_i (mode test corner slow_Cmin) as 0.180438
There are 1 buffers reduced and 0 inverters added by Clock Tree Optimization.
************************************************************
* CTS STEP: Postlude
************************************************************
Information: The run time for postlude is 0 hr : 0 min : 0.25 sec, cpu time is 0 hr : 0 min : 0.25 sec. (CTS-104)
************************************************************
* CTS STEP: Summary report
************************************************************
There are 101 flat clock tree nets.
There are 100 non-sink instances (total area 38.10) on clock trees including 0 instances dont_touch.
Clock tree synthesize and optimization added 99 buffers and 0 inverters (total area 37.21).
97 buffers/inverters were inserted below 1 leaf level Gates.
 Compilation of clock trees finished successfully
 Run time for cts 00:03:40.54u 00:00:03.04s 00:01:33.40e: 

No clock balance group was found, so skip the balance
Information: The stitching and editing of coupling caps is turned OFF for design 'cv32e40p_top:cv32e40p_top_5_cts.design'. (TIM-125)
Information: Update timing completed net estimation for all the timing graph nets (TIM-111)
Information: Net estimation statistics: timing graph nets = 26990, routed nets = 101, across physical hierarchy nets = 0, parasitics cached nets = 101, delay annotated nets = 0, parasitics annotated nets = 0, multi-voltage nets = 0. (TIM-112)

Mode:func             Latency(early)   Latency(late)
Clock        Updated   rise    fall    rise    fall   Corner
------------------------------------------------------------
clk_i        Yes     0.0757  0.0757  0.0760  0.0760   fast_Cmax
clk_i        Yes     0.0721  0.0721  0.0725  0.0725   fast_Cmin
clk_i        Yes     0.1701  0.1701  0.1704  0.1704   slow_Cmax
clk_i        Yes     0.1511  0.1511  0.1514  0.1514   slow_Cmin

Mode:test             Latency(early)   Latency(late)
Clock        Updated   rise    fall    rise    fall   Corner
------------------------------------------------------------
clk_i        Yes     0.0757  0.0757  0.0760  0.0760   fast_Cmax
clk_i        Yes     0.0721  0.0721  0.0725  0.0725   fast_Cmin
clk_i        Yes     0.1588  0.1588  0.1590  0.1590   slow_Cmax
clk_i        Yes     0.1511  0.1511  0.1514  0.1514   slow_Cmin


Information: The net parasitics of block cv32e40p_top are cleared. (TIM-123)
Information: The stitching and editing of coupling caps is turned OFF for design 'cv32e40p_top:cv32e40p_top_5_cts.design'. (TIM-125)
Information: Design cv32e40p_top_5_cts has 26992 nets, 101 global routed, 0 detail routed. (NEX-024)
Warning: Technology layer 'M4' setting 'pitch' is not valid (NEX-001)
Warning: Technology layer 'MRDL' setting 'pitch' is not valid (NEX-001)
Warning: Parasitic Tech Library layer 'M1' parameter 'SMIN' = 0.040 does not match 0.026 of technology file (NEX-007)
Warning: Parasitic Tech Library layer 'M2' parameter 'SMIN' = 0.040 does not match 0.026 of technology file (NEX-007)
Warning: Parasitic Tech Library layer 'M3' parameter 'SMIN' = 0.040 does not match 0.026 of technology file (NEX-007)
Warning: Parasitic Tech Library layer 'M1' parameter 'SMIN' = 0.040 does not match 0.026 of technology file (NEX-007)
Warning: Parasitic Tech Library layer 'M2' parameter 'SMIN' = 0.040 does not match 0.026 of technology file (NEX-007)
Warning: Parasitic Tech Library layer 'M3' parameter 'SMIN' = 0.040 does not match 0.026 of technology file (NEX-007)
Warning: Parasitic Tech Library layer 'M8' parameter 'WMIN' = 0.030 does not match 0.060 of technology file (NEX-007)
Warning: Parasitic Tech Library layer 'M8' parameter 'SMIN' = 0.060 does not match 0.040 of technology file (NEX-007)
Information: The RC mode used is CTO for design 'cv32e40p_top'. (NEX-022)
Information: Design Average RC for design cv32e40p_top_5_cts  (NEX-011)
Information: r = 2.175318 ohm/um, via_r = 1.031427 ohm/cut, c = 0.127527 ff/um, cc = 0.000000 ff/um (X dir) (NEX-017)
Information: r = 2.639974 ohm/um, via_r = 0.663827 ohm/cut, c = 0.121912 ff/um, cc = 0.000000 ff/um (Y dir) (NEX-017)
Information: Update timing completed net estimation for all the timing graph nets (TIM-111)
Information: Net estimation statistics: timing graph nets = 26990, routed nets = 101, across physical hierarchy nets = 0, parasitics cached nets = 26990, delay annotated nets = 0, parasitics annotated nets = 0, multi-voltage nets = 0. (TIM-112)
npo-clock-opt command begin                   CPU:  1259 s (  0.35 hr )  ELAPSE:   512 s (  0.14 hr )  MEM-PEAK:  1417 MB

npo-clock-opt timing update complete          CPU:  1259 s (  0.35 hr )  ELAPSE:   512 s (  0.14 hr )  MEM-PEAK:  1417 MB
INFO: Propagating Switching Activities
INFO: Switching Activity propagation took     0.00013 sec

npo-clock-opt initial QoR
_________________________
Scenario Mapping Table
1: func_fast_Cmax
2: func_fast_Cmin
3: func_slow_Cmax
4: func_slow_Cmin
5: test_fast_Cmax
6: test_fast_Cmin
7: test_slow_Cmax
8: test_slow_Cmin

Pathgroup Mapping Table
1: **default**
2: **async_default**
3: **clock_gating_default**
4: **in2reg_default**
5: **reg2out_default**
6: **in2out_default**
7: clk_i

-----------------------------------------------------------------------------------------------------------
Scene  PG      WNS        TNS    NSV      WHV        THV    NHV
    1   1   0.0000     0.0000      0   0.0000     0.0000      0
    1   2   0.0000     0.0000      0   0.0000     0.0000      0
    1   3   0.0000     0.0000      0   0.0000     0.0000      0
    1   4   0.0000     0.0000      0   0.0000     0.0000      0
    1   5   0.0000     0.0000      0   0.0000     0.0000      0
    1   6   0.0000     0.0000      0   0.0000     0.0000      0
    1   7   0.0000     0.0000      0   0.0000     0.0000      0
    2   1   0.0000     0.0000      0   0.0000     0.0000      0
    2   2   0.0000     0.0000      0   0.0000     0.0000      0
    2   3   0.0000     0.0000      0   0.0000     0.0000      0
    2   4   0.0000     0.0000      0   0.0000     0.0000      0
    2   5   0.0000     0.0000      0   0.0000     0.0000      0
    2   6   0.0000     0.0000      0   0.0000     0.0000      0
    2   7   0.0000     0.0000      0   0.0000     0.0000      0
    3   1   0.0000     0.0000      0   0.0000     0.0000      0
    3   2   0.0000     0.0000      0   0.0000     0.0000      0
    3   3   0.0000     0.0000      0   0.0000     0.0000      0
    3   4   0.0000     0.0000      0   0.0000     0.0000      0
    3   5   0.0000     0.0000      0   0.0000     0.0000      0
    3   6   0.0000     0.0000      0   0.0000     0.0000      0
    3   7   0.0000     0.0000      0   0.0000     0.0000      0
    4   1   0.0000     0.0000      0   0.0000     0.0000      0
    4   2   0.0000     0.0000      0   0.0000     0.0000      0
    4   3   0.0000     0.0000      0   0.0000     0.0000      0
    4   4   0.0000     0.0000      0   0.0000     0.0000      0
    4   5   0.0000     0.0000      0   0.0000     0.0000      0
    4   6   0.0000     0.0000      0   0.0000     0.0000      0
    4   7   0.0000     0.0000      0   0.0000     0.0000      0
    5   1   0.0000     0.0000      0   0.0000     0.0000      0
    5   2   0.0000     0.0000      0   0.0000     0.0000      0
    5   3   0.0000     0.0000      0   0.0000     0.0000      0
    5   4   0.0000     0.0000      0   0.0000     0.0000      0
    5   5   0.0000     0.0000      0   0.0000     0.0000      0
    5   6   0.0000     0.0000      0   0.0000     0.0000      0
    5   7   0.0000     0.0000      0   0.0000     0.0000      0
    6   1   0.0000     0.0000      0   0.0000     0.0000      0
    6   2   0.0000     0.0000      0   0.0000     0.0000      0
    6   3   0.0000     0.0000      0   0.0000     0.0000      0
    6   4   0.0000     0.0000      0   0.0000     0.0000      0
    6   5   0.0000     0.0000      0   0.0000     0.0000      0
    6   6   0.0000     0.0000      0   0.0000     0.0000      0
    6   7   0.0000     0.0000      0   0.0000     0.0000      0
    7   1   0.0000     0.0000      0   0.0000     0.0000      0
    7   2   0.0000     0.0000      0   0.0000     0.0000      0
    7   3   0.0000     0.0000      0   0.0000     0.0000      0
    7   4   0.0000     0.0000      0   0.0000     0.0000      0
    7   5   0.0000     0.0000      0   0.0000     0.0000      0
    7   6   0.0000     0.0000      0   0.0000     0.0000      0
    7   7   0.0000     0.0000      0   0.0000     0.0000      0
    8   1   0.0000     0.0000      0   0.0000     0.0000      0
    8   2   0.0000     0.0000      0   0.0000     0.0000      0
    8   3   0.0000     0.0000      0   0.0000     0.0000      0
    8   4   0.0000     0.0000      0   0.0000     0.0000      0
    8   5   0.0000     0.0000      0   0.0000     0.0000      0
    8   6   0.0000     0.0000      0   0.0000     0.0000      0
    8   7   0.0000     0.0000      0   0.0000     0.0000      0
--------------------------------------------------------------------------------------------------------------------
Scene  PG      WNS        TNS    NSV      WHV        THV    NHV  MaxTrnV   MaxTranC  MaxCapV    Leakage
    1   *   0.0000     0.0000      0   0.0000     0.0000      0        0     0.0000        0          -
    2   *   0.0000     0.0000      0   0.0000     0.0000      0        0     0.0000        0          -
    3   *   0.0000     0.0000      0   0.0000     0.0000      0        0     0.0000        1          -
    4   *   0.0000     0.0000      0   0.0000     0.0000      0        0     0.0000        0          -
    5   *   0.0000     0.0000      0   0.0000     0.0000      0        0     0.0000        0          -
    6   *   0.0000     0.0000      0   0.0000     0.0000      0        0     0.0000        0          -
    7   *   0.0000     0.0000      0   0.0000     0.0000      0        0     0.0000        1          -
    8   *   0.0000     0.0000      0   0.0000     0.0000      0        0     0.0000        0          -
--------------------------------------------------------------------------------------------------------------------
Scene  PG      WNS        TNS    NSV      WHV        THV    NHV  MaxTrnV   MaxTranC  MaxCapV    Leakage         Area    InstCnt     BufCnt     InvCnt
    *   *   0.0000     0.0000      0   0.0000     0.0000      0        0     0.0000        1          -     16016.63      24705        340       3817
--------------------------------------------------------------------------------------------------------------------

npo-clock-opt initial QoR Summary       WNS        TNS    NSV      WHV        THV    NHV  MaxTrnV  MaxCapV    Leakage         Area    InstCnt
npo-clock-opt initial QoR Summary    0.0000     0.0000      0   0.0000     0.0000      0        0        1          -     16016.63      24705
Information: The netlist and extraction change observers are disabled for further incremental timing updates during on-route optimization. (TIM-119)
INFO: using 12 threads
INFO: Cluster Analysis Failed to get worst leakage scenario
Warning: Technology layer 'M4' setting 'pitch' is not valid (NEX-001)
Warning: Technology layer 'MRDL' setting 'pitch' is not valid (NEX-001)
Warning: Parasitic Tech Library layer 'M1' parameter 'SMIN' = 0.040 does not match 0.026 of technology file (NEX-007)
Warning: Parasitic Tech Library layer 'M2' parameter 'SMIN' = 0.040 does not match 0.026 of technology file (NEX-007)
Warning: Parasitic Tech Library layer 'M3' parameter 'SMIN' = 0.040 does not match 0.026 of technology file (NEX-007)
Warning: Parasitic Tech Library layer 'M1' parameter 'SMIN' = 0.040 does not match 0.026 of technology file (NEX-007)
Warning: Parasitic Tech Library layer 'M2' parameter 'SMIN' = 0.040 does not match 0.026 of technology file (NEX-007)
Warning: Parasitic Tech Library layer 'M3' parameter 'SMIN' = 0.040 does not match 0.026 of technology file (NEX-007)
Warning: Parasitic Tech Library layer 'M8' parameter 'WMIN' = 0.030 does not match 0.060 of technology file (NEX-007)
Warning: Parasitic Tech Library layer 'M8' parameter 'SMIN' = 0.060 does not match 0.040 of technology file (NEX-007)
npo-clock-opt initialization complete         CPU:  1263 s (  0.35 hr )  ELAPSE:   516 s (  0.14 hr )  MEM-PEAK:  1417 MB
Use advanced legalizer engine : 0
Warning: Library cell saed14rvt:SAEDRVT14_ISOFSDPQ_PECO_8.frame is missing supply pins. Its power structure cannot be determined. (LGL-050)
Warning: Library cell saed14rvt:SAEDRVT14_DCAP_PV1ECO_12.frame is missing supply pins. Its power structure cannot be determined. (LGL-050)
npo-clock-opt optimization summary            SETUP-COST HOLD-COST LDRC-COST        AREA       POWER     ELAPSE (hr)
Number of Site types in the design = 1
Setting up Chip Core
Chip Core shape: (170000 170000) (2739280 2738000)
Number of unique PDs = 1
Number of Power Domains = 1
Number of Voltage Areas = 1
Number of supply Nets = 2
Number of used supplies = 2

    Scenario func_fast_Cmax  WNS = 0.000000, TNS = 0.000000, NVP = 0
    Scenario func_fast_Cmin  WNS = 0.000000, TNS = 0.000000, NVP = 0
    Scenario func_slow_Cmax  WNS = 0.000000, TNS = 0.000000, NVP = 0
    Scenario func_slow_Cmin  WNS = 0.000000, TNS = 0.000000, NVP = 0
    Scenario test_fast_Cmax  WNS = 0.000000, TNS = 0.000000, NVP = 0
    Scenario test_fast_Cmin  WNS = 0.000000, TNS = 0.000000, NVP = 0
    Scenario test_slow_Cmax  WNS = 0.000000, TNS = 0.000000, NVP = 0
    Scenario test_slow_Cmin  WNS = 0.000000, TNS = 0.000000, NVP = 0

     ELAPSED  WORST NEG TOTAL NEG              MAX       MAX     BUFFER    INVERTER   LVTH      LVTH      PEAK   
      TIME      SLACK     SLACK     AREA    TRAN COST CAP COST    COUNT     COUNT     COUNT    PERCENT   MEMORY  
    --------- --------- --------- --------- --------- --------- --------- --------- --------- --------- ---------
      0:08:39     0.000     0.000 18079.104     0.000     0.003       340      3817         0     0.000      1417 

Information: The netlist and extraction change observers are enabled for further incremental timing updates. (TIM-120)
Use advanced legalizer engine : 0
Warning: Library cell saed14rvt:SAEDRVT14_ISOFSDPQ_PECO_8.frame is missing supply pins. Its power structure cannot be determined. (LGL-050)
Warning: Library cell saed14rvt:SAEDRVT14_DCAP_PV1ECO_12.frame is missing supply pins. Its power structure cannot be determined. (LGL-050)

Use advanced legalizer engine : 0
Warning: Library cell saed14rvt:SAEDRVT14_ISOFSDPQ_PECO_8.frame is missing supply pins. Its power structure cannot be determined. (LGL-050)
Warning: Library cell saed14rvt:SAEDRVT14_DCAP_PV1ECO_12.frame is missing supply pins. Its power structure cannot be determined. (LGL-050)
APSINFO: No multi-Vth libcells found, turning off percentage LVT optimization flow
Drc Mode Option: auto
ABF: Best buffer=SAEDRVT14_BUF_20: best inverter=SAEDRVT14_INV_S_8: useInverter=true: effort=low: 1.323: test_slow_Cmax: 0
ABF: Best buffer=SAEDRVT14_BUF_20: best inverter=SAEDRVT14_INV_S_8: useInverter=true: effort=low: 1.323: func_slow_Cmax: 0
ABF: Best buffer=SAEDRVT14_BUF_20: best inverter=SAEDRVT14_INV_S_8: useInverter=true: effort=low: 1.323: test_slow_Cmin: 0
ABF: Best buffer=SAEDRVT14_BUF_20: best inverter=SAEDRVT14_INV_S_8: useInverter=true: effort=low: 1.323: func_slow_Cmin: 0
ABF: Best buffer=SAEDRVT14_BUF_20: best inverter=SAEDRVT14_INV_S_8: useInverter=true: effort=low: 1.323: test_fast_Cmax: 0
ABF: Best buffer=SAEDRVT14_BUF_20: best inverter=SAEDRVT14_INV_S_8: useInverter=true: effort=low: 1.323: func_fast_Cmax: 0
ABF: Best buffer=SAEDRVT14_BUF_20: best inverter=SAEDRVT14_INV_S_8: useInverter=true: effort=low: 1.323: test_fast_Cmin: 0
ABF: Best buffer=SAEDRVT14_BUF_20: best inverter=SAEDRVT14_INV_S_8: useInverter=true: effort=low: 1.323: func_fast_Cmin: 0
ABF: Core Area = 97 X 97 ()
npo-clock-opt optimization Phase 2 Iter  1          0.00      0.00         7       0.016           -           0.147
Warning: Technology layer 'M4' setting 'pitch' is not valid (NEX-001)
Warning: Technology layer 'MRDL' setting 'pitch' is not valid (NEX-001)
Warning: Parasitic Tech Library layer 'M1' parameter 'SMIN' = 0.040 does not match 0.026 of technology file (NEX-007)
Warning: Parasitic Tech Library layer 'M2' parameter 'SMIN' = 0.040 does not match 0.026 of technology file (NEX-007)
Warning: Parasitic Tech Library layer 'M3' parameter 'SMIN' = 0.040 does not match 0.026 of technology file (NEX-007)
Warning: Technology layer 'M4' setting 'pitch' is not valid (NEX-001)
Warning: Technology layer 'MRDL' setting 'pitch' is not valid (NEX-001)
Warning: Parasitic Tech Library layer 'M1' parameter 'SMIN' = 0.040 does not match 0.026 of technology file (NEX-007)
Warning: Parasitic Tech Library layer 'M2' parameter 'SMIN' = 0.040 does not match 0.026 of technology file (NEX-007)
Warning: Parasitic Tech Library layer 'M3' parameter 'SMIN' = 0.040 does not match 0.026 of technology file (NEX-007)
Warning: Parasitic Tech Library layer 'M8' parameter 'WMIN' = 0.030 does not match 0.060 of technology file (NEX-007)
Warning: Parasitic Tech Library layer 'M8' parameter 'SMIN' = 0.060 does not match 0.040 of technology file (NEX-007)
Warning: Technology layer 'M4' setting 'pitch' is not valid (NEX-001)
Warning: Technology layer 'MRDL' setting 'pitch' is not valid (NEX-001)
Warning: Parasitic Tech Library layer 'M1' parameter 'SMIN' = 0.040 does not match 0.026 of technology file (NEX-007)
Warning: Parasitic Tech Library layer 'M2' parameter 'SMIN' = 0.040 does not match 0.026 of technology file (NEX-007)
Warning: Parasitic Tech Library layer 'M3' parameter 'SMIN' = 0.040 does not match 0.026 of technology file (NEX-007)
Warning: Technology layer 'M4' setting 'pitch' is not valid (NEX-001)
Warning: Technology layer 'MRDL' setting 'pitch' is not valid (NEX-001)
Warning: Parasitic Tech Library layer 'M1' parameter 'SMIN' = 0.040 does not match 0.026 of technology file (NEX-007)
Warning: Parasitic Tech Library layer 'M2' parameter 'SMIN' = 0.040 does not match 0.026 of technology file (NEX-007)
Warning: Parasitic Tech Library layer 'M3' parameter 'SMIN' = 0.040 does not match 0.026 of technology file (NEX-007)
Warning: Parasitic Tech Library layer 'M8' parameter 'WMIN' = 0.030 does not match 0.060 of technology file (NEX-007)
Warning: Parasitic Tech Library layer 'M8' parameter 'SMIN' = 0.060 does not match 0.040 of technology file (NEX-007)
Warning: Technology layer 'M4' setting 'pitch' is not valid (NEX-001)
Warning: Technology layer 'MRDL' setting 'pitch' is not valid (NEX-001)
Warning: Parasitic Tech Library layer 'M1' parameter 'SMIN' = 0.040 does not match 0.026 of technology file (NEX-007)
Warning: Parasitic Tech Library layer 'M2' parameter 'SMIN' = 0.040 does not match 0.026 of technology file (NEX-007)
Warning: Parasitic Tech Library layer 'M3' parameter 'SMIN' = 0.040 does not match 0.026 of technology file (NEX-007)
Warning: Technology layer 'M4' setting 'pitch' is not valid (NEX-001)
Warning: Technology layer 'MRDL' setting 'pitch' is not valid (NEX-001)
Warning: Parasitic Tech Library layer 'M1' parameter 'SMIN' = 0.040 does not match 0.026 of technology file (NEX-007)
Warning: Parasitic Tech Library layer 'M2' parameter 'SMIN' = 0.040 does not match 0.026 of technology file (NEX-007)
Warning: Parasitic Tech Library layer 'M3' parameter 'SMIN' = 0.040 does not match 0.026 of technology file (NEX-007)
Warning: Parasitic Tech Library layer 'M8' parameter 'WMIN' = 0.030 does not match 0.060 of technology file (NEX-007)
Warning: Parasitic Tech Library layer 'M8' parameter 'SMIN' = 0.060 does not match 0.040 of technology file (NEX-007)
Warning: Technology layer 'M4' setting 'pitch' is not valid (NEX-001)
Warning: Technology layer 'MRDL' setting 'pitch' is not valid (NEX-001)
Warning: Parasitic Tech Library layer 'M1' parameter 'SMIN' = 0.040 does not match 0.026 of technology file (NEX-007)
Warning: Parasitic Tech Library layer 'M2' parameter 'SMIN' = 0.040 does not match 0.026 of technology file (NEX-007)
Warning: Parasitic Tech Library layer 'M3' parameter 'SMIN' = 0.040 does not match 0.026 of technology file (NEX-007)
Warning: Technology layer 'M4' setting 'pitch' is not valid (NEX-001)
Warning: Technology layer 'MRDL' setting 'pitch' is not valid (NEX-001)
Warning: Parasitic Tech Library layer 'M1' parameter 'SMIN' = 0.040 does not match 0.026 of technology file (NEX-007)
Warning: Parasitic Tech Library layer 'M2' parameter 'SMIN' = 0.040 does not match 0.026 of technology file (NEX-007)
Warning: Parasitic Tech Library layer 'M3' parameter 'SMIN' = 0.040 does not match 0.026 of technology file (NEX-007)
Warning: Parasitic Tech Library layer 'M8' parameter 'WMIN' = 0.030 does not match 0.060 of technology file (NEX-007)
Warning: Parasitic Tech Library layer 'M8' parameter 'SMIN' = 0.060 does not match 0.040 of technology file (NEX-007)
Warning: Technology layer 'M4' setting 'pitch' is not valid (NEX-001)
Warning: Technology layer 'MRDL' setting 'pitch' is not valid (NEX-001)
Warning: Parasitic Tech Library layer 'M1' parameter 'SMIN' = 0.040 does not match 0.026 of technology file (NEX-007)
Warning: Parasitic Tech Library layer 'M2' parameter 'SMIN' = 0.040 does not match 0.026 of technology file (NEX-007)
Warning: Parasitic Tech Library layer 'M3' parameter 'SMIN' = 0.040 does not match 0.026 of technology file (NEX-007)
Warning: Technology layer 'M4' setting 'pitch' is not valid (NEX-001)
Warning: Technology layer 'MRDL' setting 'pitch' is not valid (NEX-001)
Warning: Parasitic Tech Library layer 'M1' parameter 'SMIN' = 0.040 does not match 0.026 of technology file (NEX-007)
Warning: Parasitic Tech Library layer 'M2' parameter 'SMIN' = 0.040 does not match 0.026 of technology file (NEX-007)
Warning: Parasitic Tech Library layer 'M3' parameter 'SMIN' = 0.040 does not match 0.026 of technology file (NEX-007)
Warning: Parasitic Tech Library layer 'M8' parameter 'WMIN' = 0.030 does not match 0.060 of technology file (NEX-007)
Warning: Parasitic Tech Library layer 'M8' parameter 'SMIN' = 0.060 does not match 0.040 of technology file (NEX-007)
Warning: Technology layer 'M4' setting 'pitch' is not valid (NEX-001)
Warning: Technology layer 'MRDL' setting 'pitch' is not valid (NEX-001)
Warning: Parasitic Tech Library layer 'M1' parameter 'SMIN' = 0.040 does not match 0.026 of technology file (NEX-007)
Warning: Parasitic Tech Library layer 'M2' parameter 'SMIN' = 0.040 does not match 0.026 of technology file (NEX-007)
Warning: Parasitic Tech Library layer 'M3' parameter 'SMIN' = 0.040 does not match 0.026 of technology file (NEX-007)
Warning: Technology layer 'M4' setting 'pitch' is not valid (NEX-001)
Warning: Technology layer 'MRDL' setting 'pitch' is not valid (NEX-001)
Warning: Parasitic Tech Library layer 'M1' parameter 'SMIN' = 0.040 does not match 0.026 of technology file (NEX-007)
Warning: Parasitic Tech Library layer 'M2' parameter 'SMIN' = 0.040 does not match 0.026 of technology file (NEX-007)
Warning: Parasitic Tech Library layer 'M3' parameter 'SMIN' = 0.040 does not match 0.026 of technology file (NEX-007)
Warning: Parasitic Tech Library layer 'M8' parameter 'WMIN' = 0.030 does not match 0.060 of technology file (NEX-007)
Warning: Parasitic Tech Library layer 'M8' parameter 'SMIN' = 0.060 does not match 0.040 of technology file (NEX-007)
Warning: Technology layer 'M4' setting 'pitch' is not valid (NEX-001)
Warning: Technology layer 'MRDL' setting 'pitch' is not valid (NEX-001)
Warning: Parasitic Tech Library layer 'M1' parameter 'SMIN' = 0.040 does not match 0.026 of technology file (NEX-007)
Warning: Parasitic Tech Library layer 'M2' parameter 'SMIN' = 0.040 does not match 0.026 of technology file (NEX-007)
Warning: Parasitic Tech Library layer 'M3' parameter 'SMIN' = 0.040 does not match 0.026 of technology file (NEX-007)
Warning: Technology layer 'M4' setting 'pitch' is not valid (NEX-001)
Warning: Technology layer 'MRDL' setting 'pitch' is not valid (NEX-001)
Warning: Parasitic Tech Library layer 'M1' parameter 'SMIN' = 0.040 does not match 0.026 of technology file (NEX-007)
Warning: Parasitic Tech Library layer 'M2' parameter 'SMIN' = 0.040 does not match 0.026 of technology file (NEX-007)
Warning: Parasitic Tech Library layer 'M3' parameter 'SMIN' = 0.040 does not match 0.026 of technology file (NEX-007)
Warning: Parasitic Tech Library layer 'M8' parameter 'WMIN' = 0.030 does not match 0.060 of technology file (NEX-007)
Warning: Parasitic Tech Library layer 'M8' parameter 'SMIN' = 0.060 does not match 0.040 of technology file (NEX-007)
Warning: Technology layer 'M4' setting 'pitch' is not valid (NEX-001)
Warning: Technology layer 'MRDL' setting 'pitch' is not valid (NEX-001)
Warning: Parasitic Tech Library layer 'M1' parameter 'SMIN' = 0.040 does not match 0.026 of technology file (NEX-007)
Warning: Parasitic Tech Library layer 'M2' parameter 'SMIN' = 0.040 does not match 0.026 of technology file (NEX-007)
Warning: Parasitic Tech Library layer 'M3' parameter 'SMIN' = 0.040 does not match 0.026 of technology file (NEX-007)
Warning: Technology layer 'M4' setting 'pitch' is not valid (NEX-001)
Warning: Technology layer 'MRDL' setting 'pitch' is not valid (NEX-001)
Warning: Parasitic Tech Library layer 'M1' parameter 'SMIN' = 0.040 does not match 0.026 of technology file (NEX-007)
Warning: Parasitic Tech Library layer 'M2' parameter 'SMIN' = 0.040 does not match 0.026 of technology file (NEX-007)
Warning: Parasitic Tech Library layer 'M3' parameter 'SMIN' = 0.040 does not match 0.026 of technology file (NEX-007)
Warning: Parasitic Tech Library layer 'M8' parameter 'WMIN' = 0.030 does not match 0.060 of technology file (NEX-007)
Warning: Parasitic Tech Library layer 'M8' parameter 'SMIN' = 0.060 does not match 0.040 of technology file (NEX-007)
ORB: timingScenario func_slow_Cmax timingCorner slow_Cmax
INFO: No leakage and power scenarios. Using regular scenarios instead.
INFO: No active leakage scenarios. Leakage will be turned off
Warning: Technology layer 'M4' setting 'pitch' is not valid (NEX-001)
Warning: Technology layer 'MRDL' setting 'pitch' is not valid (NEX-001)
Warning: Parasitic Tech Library layer 'M1' parameter 'SMIN' = 0.040 does not match 0.026 of technology file (NEX-007)
Warning: Parasitic Tech Library layer 'M2' parameter 'SMIN' = 0.040 does not match 0.026 of technology file (NEX-007)
Warning: Parasitic Tech Library layer 'M3' parameter 'SMIN' = 0.040 does not match 0.026 of technology file (NEX-007)
ORB: Nominal = 0.007553  Design MT = inf  Target = 0.054855 (7.263 nominal)  MaxRC = 0.035405
Warning: Technology layer 'M4' setting 'pitch' is not valid (NEX-001)
Warning: Technology layer 'MRDL' setting 'pitch' is not valid (NEX-001)
Warning: Parasitic Tech Library layer 'M1' parameter 'SMIN' = 0.040 does not match 0.026 of technology file (NEX-007)
Warning: Parasitic Tech Library layer 'M2' parameter 'SMIN' = 0.040 does not match 0.026 of technology file (NEX-007)
Warning: Parasitic Tech Library layer 'M3' parameter 'SMIN' = 0.040 does not match 0.026 of technology file (NEX-007)
Warning: Technology layer 'M4' setting 'pitch' is not valid (NEX-001)
Warning: Technology layer 'MRDL' setting 'pitch' is not valid (NEX-001)
Warning: Parasitic Tech Library layer 'M1' parameter 'SMIN' = 0.040 does not match 0.026 of technology file (NEX-007)
Warning: Parasitic Tech Library layer 'M2' parameter 'SMIN' = 0.040 does not match 0.026 of technology file (NEX-007)
Warning: Parasitic Tech Library layer 'M3' parameter 'SMIN' = 0.040 does not match 0.026 of technology file (NEX-007)
Warning: Technology layer 'M4' setting 'pitch' is not valid (NEX-001)
Warning: Technology layer 'MRDL' setting 'pitch' is not valid (NEX-001)
Warning: Parasitic Tech Library layer 'M1' parameter 'SMIN' = 0.040 does not match 0.026 of technology file (NEX-007)
Warning: Parasitic Tech Library layer 'M2' parameter 'SMIN' = 0.040 does not match 0.026 of technology file (NEX-007)
Warning: Parasitic Tech Library layer 'M3' parameter 'SMIN' = 0.040 does not match 0.026 of technology file (NEX-007)
Warning: Parasitic Tech Library layer 'M8' parameter 'WMIN' = 0.030 does not match 0.060 of technology file (NEX-007)
Warning: Parasitic Tech Library layer 'M8' parameter 'SMIN' = 0.060 does not match 0.040 of technology file (NEX-007)
Warning: Technology layer 'M4' setting 'pitch' is not valid (NEX-001)
Warning: Technology layer 'MRDL' setting 'pitch' is not valid (NEX-001)
Warning: Parasitic Tech Library layer 'M1' parameter 'SMIN' = 0.040 does not match 0.026 of technology file (NEX-007)
Warning: Parasitic Tech Library layer 'M2' parameter 'SMIN' = 0.040 does not match 0.026 of technology file (NEX-007)
Warning: Parasitic Tech Library layer 'M3' parameter 'SMIN' = 0.040 does not match 0.026 of technology file (NEX-007)
Warning: Technology layer 'M4' setting 'pitch' is not valid (NEX-001)
Warning: Technology layer 'MRDL' setting 'pitch' is not valid (NEX-001)
Warning: Parasitic Tech Library layer 'M1' parameter 'SMIN' = 0.040 does not match 0.026 of technology file (NEX-007)
Warning: Parasitic Tech Library layer 'M2' parameter 'SMIN' = 0.040 does not match 0.026 of technology file (NEX-007)
Warning: Parasitic Tech Library layer 'M3' parameter 'SMIN' = 0.040 does not match 0.026 of technology file (NEX-007)
Warning: Parasitic Tech Library layer 'M8' parameter 'WMIN' = 0.030 does not match 0.060 of technology file (NEX-007)
Warning: Parasitic Tech Library layer 'M8' parameter 'SMIN' = 0.060 does not match 0.040 of technology file (NEX-007)
Warning: Technology layer 'M4' setting 'pitch' is not valid (NEX-001)
Warning: Technology layer 'MRDL' setting 'pitch' is not valid (NEX-001)
Warning: Parasitic Tech Library layer 'M1' parameter 'SMIN' = 0.040 does not match 0.026 of technology file (NEX-007)
Warning: Parasitic Tech Library layer 'M2' parameter 'SMIN' = 0.040 does not match 0.026 of technology file (NEX-007)
Warning: Parasitic Tech Library layer 'M3' parameter 'SMIN' = 0.040 does not match 0.026 of technology file (NEX-007)
Warning: Technology layer 'M4' setting 'pitch' is not valid (NEX-001)
Warning: Technology layer 'MRDL' setting 'pitch' is not valid (NEX-001)
Warning: Parasitic Tech Library layer 'M1' parameter 'SMIN' = 0.040 does not match 0.026 of technology file (NEX-007)
Warning: Parasitic Tech Library layer 'M2' parameter 'SMIN' = 0.040 does not match 0.026 of technology file (NEX-007)
Warning: Parasitic Tech Library layer 'M3' parameter 'SMIN' = 0.040 does not match 0.026 of technology file (NEX-007)
Warning: Parasitic Tech Library layer 'M8' parameter 'WMIN' = 0.030 does not match 0.060 of technology file (NEX-007)
Warning: Parasitic Tech Library layer 'M8' parameter 'SMIN' = 0.060 does not match 0.040 of technology file (NEX-007)
Warning: Technology layer 'M4' setting 'pitch' is not valid (NEX-001)
Warning: Technology layer 'MRDL' setting 'pitch' is not valid (NEX-001)
Warning: Parasitic Tech Library layer 'M1' parameter 'SMIN' = 0.040 does not match 0.026 of technology file (NEX-007)
Warning: Parasitic Tech Library layer 'M2' parameter 'SMIN' = 0.040 does not match 0.026 of technology file (NEX-007)
Warning: Parasitic Tech Library layer 'M3' parameter 'SMIN' = 0.040 does not match 0.026 of technology file (NEX-007)
Warning: Technology layer 'M4' setting 'pitch' is not valid (NEX-001)
Warning: Technology layer 'MRDL' setting 'pitch' is not valid (NEX-001)
Warning: Parasitic Tech Library layer 'M1' parameter 'SMIN' = 0.040 does not match 0.026 of technology file (NEX-007)
Warning: Parasitic Tech Library layer 'M2' parameter 'SMIN' = 0.040 does not match 0.026 of technology file (NEX-007)
Warning: Parasitic Tech Library layer 'M3' parameter 'SMIN' = 0.040 does not match 0.026 of technology file (NEX-007)
Warning: Parasitic Tech Library layer 'M8' parameter 'WMIN' = 0.030 does not match 0.060 of technology file (NEX-007)
Warning: Parasitic Tech Library layer 'M8' parameter 'SMIN' = 0.060 does not match 0.040 of technology file (NEX-007)
Warning: Technology layer 'M4' setting 'pitch' is not valid (NEX-001)
Warning: Technology layer 'MRDL' setting 'pitch' is not valid (NEX-001)
Warning: Parasitic Tech Library layer 'M1' parameter 'SMIN' = 0.040 does not match 0.026 of technology file (NEX-007)
Warning: Parasitic Tech Library layer 'M2' parameter 'SMIN' = 0.040 does not match 0.026 of technology file (NEX-007)
Warning: Parasitic Tech Library layer 'M3' parameter 'SMIN' = 0.040 does not match 0.026 of technology file (NEX-007)
Warning: Technology layer 'M4' setting 'pitch' is not valid (NEX-001)
Warning: Technology layer 'MRDL' setting 'pitch' is not valid (NEX-001)
Warning: Parasitic Tech Library layer 'M1' parameter 'SMIN' = 0.040 does not match 0.026 of technology file (NEX-007)
Warning: Parasitic Tech Library layer 'M2' parameter 'SMIN' = 0.040 does not match 0.026 of technology file (NEX-007)
Warning: Parasitic Tech Library layer 'M3' parameter 'SMIN' = 0.040 does not match 0.026 of technology file (NEX-007)
Warning: Parasitic Tech Library layer 'M8' parameter 'WMIN' = 0.030 does not match 0.060 of technology file (NEX-007)
Warning: Parasitic Tech Library layer 'M8' parameter 'SMIN' = 0.060 does not match 0.040 of technology file (NEX-007)
Warning: Technology layer 'M4' setting 'pitch' is not valid (NEX-001)
Warning: Technology layer 'MRDL' setting 'pitch' is not valid (NEX-001)
Warning: Parasitic Tech Library layer 'M1' parameter 'SMIN' = 0.040 does not match 0.026 of technology file (NEX-007)
Warning: Parasitic Tech Library layer 'M2' parameter 'SMIN' = 0.040 does not match 0.026 of technology file (NEX-007)
Warning: Parasitic Tech Library layer 'M3' parameter 'SMIN' = 0.040 does not match 0.026 of technology file (NEX-007)
Warning: Technology layer 'M4' setting 'pitch' is not valid (NEX-001)
Warning: Technology layer 'MRDL' setting 'pitch' is not valid (NEX-001)
Warning: Parasitic Tech Library layer 'M1' parameter 'SMIN' = 0.040 does not match 0.026 of technology file (NEX-007)
Warning: Parasitic Tech Library layer 'M2' parameter 'SMIN' = 0.040 does not match 0.026 of technology file (NEX-007)
Warning: Parasitic Tech Library layer 'M3' parameter 'SMIN' = 0.040 does not match 0.026 of technology file (NEX-007)
Warning: Parasitic Tech Library layer 'M8' parameter 'WMIN' = 0.030 does not match 0.060 of technology file (NEX-007)
Warning: Parasitic Tech Library layer 'M8' parameter 'SMIN' = 0.060 does not match 0.040 of technology file (NEX-007)
Warning: Technology layer 'M4' setting 'pitch' is not valid (NEX-001)
Warning: Technology layer 'MRDL' setting 'pitch' is not valid (NEX-001)
Warning: Parasitic Tech Library layer 'M1' parameter 'SMIN' = 0.040 does not match 0.026 of technology file (NEX-007)
Warning: Parasitic Tech Library layer 'M2' parameter 'SMIN' = 0.040 does not match 0.026 of technology file (NEX-007)
Warning: Parasitic Tech Library layer 'M3' parameter 'SMIN' = 0.040 does not match 0.026 of technology file (NEX-007)
Warning: Technology layer 'M4' setting 'pitch' is not valid (NEX-001)
Warning: Technology layer 'MRDL' setting 'pitch' is not valid (NEX-001)
Warning: Parasitic Tech Library layer 'M1' parameter 'SMIN' = 0.040 does not match 0.026 of technology file (NEX-007)
Warning: Parasitic Tech Library layer 'M2' parameter 'SMIN' = 0.040 does not match 0.026 of technology file (NEX-007)
Warning: Parasitic Tech Library layer 'M3' parameter 'SMIN' = 0.040 does not match 0.026 of technology file (NEX-007)
Warning: Parasitic Tech Library layer 'M8' parameter 'WMIN' = 0.030 does not match 0.060 of technology file (NEX-007)
Warning: Parasitic Tech Library layer 'M8' parameter 'SMIN' = 0.060 does not match 0.040 of technology file (NEX-007)
Warning: Technology layer 'M4' setting 'pitch' is not valid (NEX-001)
Warning: Technology layer 'MRDL' setting 'pitch' is not valid (NEX-001)
Warning: Parasitic Tech Library layer 'M1' parameter 'SMIN' = 0.040 does not match 0.026 of technology file (NEX-007)
Warning: Parasitic Tech Library layer 'M2' parameter 'SMIN' = 0.040 does not match 0.026 of technology file (NEX-007)
Warning: Parasitic Tech Library layer 'M3' parameter 'SMIN' = 0.040 does not match 0.026 of technology file (NEX-007)
Warning: Technology layer 'M4' setting 'pitch' is not valid (NEX-001)
Warning: Technology layer 'MRDL' setting 'pitch' is not valid (NEX-001)
Warning: Parasitic Tech Library layer 'M1' parameter 'SMIN' = 0.040 does not match 0.026 of technology file (NEX-007)
Warning: Parasitic Tech Library layer 'M2' parameter 'SMIN' = 0.040 does not match 0.026 of technology file (NEX-007)
Warning: Parasitic Tech Library layer 'M3' parameter 'SMIN' = 0.040 does not match 0.026 of technology file (NEX-007)
Warning: Parasitic Tech Library layer 'M8' parameter 'WMIN' = 0.030 does not match 0.060 of technology file (NEX-007)
Warning: Parasitic Tech Library layer 'M8' parameter 'SMIN' = 0.060 does not match 0.040 of technology file (NEX-007)
ORB: timingScenario func_slow_Cmax timingCorner slow_Cmax
INFO: No leakage and power scenarios. Using regular scenarios instead.
INFO: No active leakage scenarios. Leakage will be turned off
Warning: Technology layer 'M4' setting 'pitch' is not valid (NEX-001)
Warning: Technology layer 'MRDL' setting 'pitch' is not valid (NEX-001)
Warning: Parasitic Tech Library layer 'M1' parameter 'SMIN' = 0.040 does not match 0.026 of technology file (NEX-007)
Warning: Parasitic Tech Library layer 'M2' parameter 'SMIN' = 0.040 does not match 0.026 of technology file (NEX-007)
Warning: Parasitic Tech Library layer 'M3' parameter 'SMIN' = 0.040 does not match 0.026 of technology file (NEX-007)
ORB: Nominal = 0.007553  Design MT = inf  Target = 0.054855 (7.263 nominal)  MaxRC = 0.035405
Warning: Technology layer 'M4' setting 'pitch' is not valid (NEX-001)
Warning: Technology layer 'MRDL' setting 'pitch' is not valid (NEX-001)
Warning: Parasitic Tech Library layer 'M1' parameter 'SMIN' = 0.040 does not match 0.026 of technology file (NEX-007)
Warning: Parasitic Tech Library layer 'M2' parameter 'SMIN' = 0.040 does not match 0.026 of technology file (NEX-007)
Warning: Parasitic Tech Library layer 'M3' parameter 'SMIN' = 0.040 does not match 0.026 of technology file (NEX-007)
npo-clock-opt optimization Phase 2 Iter  2          0.00      0.00         7       0.016           -           0.148
Warning: Technology layer 'M4' setting 'pitch' is not valid (NEX-001)
Warning: Technology layer 'MRDL' setting 'pitch' is not valid (NEX-001)
Warning: Parasitic Tech Library layer 'M1' parameter 'SMIN' = 0.040 does not match 0.026 of technology file (NEX-007)
Warning: Parasitic Tech Library layer 'M2' parameter 'SMIN' = 0.040 does not match 0.026 of technology file (NEX-007)
Warning: Parasitic Tech Library layer 'M3' parameter 'SMIN' = 0.040 does not match 0.026 of technology file (NEX-007)
Warning: Technology layer 'M4' setting 'pitch' is not valid (NEX-001)
Warning: Technology layer 'MRDL' setting 'pitch' is not valid (NEX-001)
Warning: Parasitic Tech Library layer 'M1' parameter 'SMIN' = 0.040 does not match 0.026 of technology file (NEX-007)
Warning: Parasitic Tech Library layer 'M2' parameter 'SMIN' = 0.040 does not match 0.026 of technology file (NEX-007)
Warning: Parasitic Tech Library layer 'M3' parameter 'SMIN' = 0.040 does not match 0.026 of technology file (NEX-007)
Warning: Parasitic Tech Library layer 'M8' parameter 'WMIN' = 0.030 does not match 0.060 of technology file (NEX-007)
Warning: Parasitic Tech Library layer 'M8' parameter 'SMIN' = 0.060 does not match 0.040 of technology file (NEX-007)
Warning: Technology layer 'M4' setting 'pitch' is not valid (NEX-001)
Warning: Technology layer 'MRDL' setting 'pitch' is not valid (NEX-001)
Warning: Parasitic Tech Library layer 'M1' parameter 'SMIN' = 0.040 does not match 0.026 of technology file (NEX-007)
Warning: Parasitic Tech Library layer 'M2' parameter 'SMIN' = 0.040 does not match 0.026 of technology file (NEX-007)
Warning: Parasitic Tech Library layer 'M3' parameter 'SMIN' = 0.040 does not match 0.026 of technology file (NEX-007)
Warning: Technology layer 'M4' setting 'pitch' is not valid (NEX-001)
Warning: Technology layer 'MRDL' setting 'pitch' is not valid (NEX-001)
Warning: Parasitic Tech Library layer 'M1' parameter 'SMIN' = 0.040 does not match 0.026 of technology file (NEX-007)
Warning: Parasitic Tech Library layer 'M2' parameter 'SMIN' = 0.040 does not match 0.026 of technology file (NEX-007)
Warning: Parasitic Tech Library layer 'M3' parameter 'SMIN' = 0.040 does not match 0.026 of technology file (NEX-007)
Warning: Parasitic Tech Library layer 'M8' parameter 'WMIN' = 0.030 does not match 0.060 of technology file (NEX-007)
Warning: Parasitic Tech Library layer 'M8' parameter 'SMIN' = 0.060 does not match 0.040 of technology file (NEX-007)
Warning: Technology layer 'M4' setting 'pitch' is not valid (NEX-001)
Warning: Technology layer 'MRDL' setting 'pitch' is not valid (NEX-001)
Warning: Parasitic Tech Library layer 'M1' parameter 'SMIN' = 0.040 does not match 0.026 of technology file (NEX-007)
Warning: Parasitic Tech Library layer 'M2' parameter 'SMIN' = 0.040 does not match 0.026 of technology file (NEX-007)
Warning: Parasitic Tech Library layer 'M3' parameter 'SMIN' = 0.040 does not match 0.026 of technology file (NEX-007)
Warning: Technology layer 'M4' setting 'pitch' is not valid (NEX-001)
Warning: Technology layer 'MRDL' setting 'pitch' is not valid (NEX-001)
Warning: Parasitic Tech Library layer 'M1' parameter 'SMIN' = 0.040 does not match 0.026 of technology file (NEX-007)
Warning: Parasitic Tech Library layer 'M2' parameter 'SMIN' = 0.040 does not match 0.026 of technology file (NEX-007)
Warning: Parasitic Tech Library layer 'M3' parameter 'SMIN' = 0.040 does not match 0.026 of technology file (NEX-007)
Warning: Parasitic Tech Library layer 'M8' parameter 'WMIN' = 0.030 does not match 0.060 of technology file (NEX-007)
Warning: Parasitic Tech Library layer 'M8' parameter 'SMIN' = 0.060 does not match 0.040 of technology file (NEX-007)
Warning: Technology layer 'M4' setting 'pitch' is not valid (NEX-001)
Warning: Technology layer 'MRDL' setting 'pitch' is not valid (NEX-001)
Warning: Parasitic Tech Library layer 'M1' parameter 'SMIN' = 0.040 does not match 0.026 of technology file (NEX-007)
Warning: Parasitic Tech Library layer 'M2' parameter 'SMIN' = 0.040 does not match 0.026 of technology file (NEX-007)
Warning: Parasitic Tech Library layer 'M3' parameter 'SMIN' = 0.040 does not match 0.026 of technology file (NEX-007)
Warning: Technology layer 'M4' setting 'pitch' is not valid (NEX-001)
Warning: Technology layer 'MRDL' setting 'pitch' is not valid (NEX-001)
Warning: Parasitic Tech Library layer 'M1' parameter 'SMIN' = 0.040 does not match 0.026 of technology file (NEX-007)
Warning: Parasitic Tech Library layer 'M2' parameter 'SMIN' = 0.040 does not match 0.026 of technology file (NEX-007)
Warning: Parasitic Tech Library layer 'M3' parameter 'SMIN' = 0.040 does not match 0.026 of technology file (NEX-007)
Warning: Parasitic Tech Library layer 'M8' parameter 'WMIN' = 0.030 does not match 0.060 of technology file (NEX-007)
Warning: Parasitic Tech Library layer 'M8' parameter 'SMIN' = 0.060 does not match 0.040 of technology file (NEX-007)
Warning: Technology layer 'M4' setting 'pitch' is not valid (NEX-001)
Warning: Technology layer 'MRDL' setting 'pitch' is not valid (NEX-001)
Warning: Parasitic Tech Library layer 'M1' parameter 'SMIN' = 0.040 does not match 0.026 of technology file (NEX-007)
Warning: Parasitic Tech Library layer 'M2' parameter 'SMIN' = 0.040 does not match 0.026 of technology file (NEX-007)
Warning: Parasitic Tech Library layer 'M3' parameter 'SMIN' = 0.040 does not match 0.026 of technology file (NEX-007)
Warning: Technology layer 'M4' setting 'pitch' is not valid (NEX-001)
Warning: Technology layer 'MRDL' setting 'pitch' is not valid (NEX-001)
Warning: Parasitic Tech Library layer 'M1' parameter 'SMIN' = 0.040 does not match 0.026 of technology file (NEX-007)
Warning: Parasitic Tech Library layer 'M2' parameter 'SMIN' = 0.040 does not match 0.026 of technology file (NEX-007)
Warning: Parasitic Tech Library layer 'M3' parameter 'SMIN' = 0.040 does not match 0.026 of technology file (NEX-007)
Warning: Parasitic Tech Library layer 'M8' parameter 'WMIN' = 0.030 does not match 0.060 of technology file (NEX-007)
Warning: Parasitic Tech Library layer 'M8' parameter 'SMIN' = 0.060 does not match 0.040 of technology file (NEX-007)
Warning: Technology layer 'M4' setting 'pitch' is not valid (NEX-001)
Warning: Technology layer 'MRDL' setting 'pitch' is not valid (NEX-001)
Warning: Parasitic Tech Library layer 'M1' parameter 'SMIN' = 0.040 does not match 0.026 of technology file (NEX-007)
Warning: Parasitic Tech Library layer 'M2' parameter 'SMIN' = 0.040 does not match 0.026 of technology file (NEX-007)
Warning: Parasitic Tech Library layer 'M3' parameter 'SMIN' = 0.040 does not match 0.026 of technology file (NEX-007)
Warning: Technology layer 'M4' setting 'pitch' is not valid (NEX-001)
Warning: Technology layer 'MRDL' setting 'pitch' is not valid (NEX-001)
Warning: Parasitic Tech Library layer 'M1' parameter 'SMIN' = 0.040 does not match 0.026 of technology file (NEX-007)
Warning: Parasitic Tech Library layer 'M2' parameter 'SMIN' = 0.040 does not match 0.026 of technology file (NEX-007)
Warning: Parasitic Tech Library layer 'M3' parameter 'SMIN' = 0.040 does not match 0.026 of technology file (NEX-007)
Warning: Parasitic Tech Library layer 'M8' parameter 'WMIN' = 0.030 does not match 0.060 of technology file (NEX-007)
Warning: Parasitic Tech Library layer 'M8' parameter 'SMIN' = 0.060 does not match 0.040 of technology file (NEX-007)
Warning: Technology layer 'M4' setting 'pitch' is not valid (NEX-001)
Warning: Technology layer 'MRDL' setting 'pitch' is not valid (NEX-001)
Warning: Parasitic Tech Library layer 'M1' parameter 'SMIN' = 0.040 does not match 0.026 of technology file (NEX-007)
Warning: Parasitic Tech Library layer 'M2' parameter 'SMIN' = 0.040 does not match 0.026 of technology file (NEX-007)
Warning: Parasitic Tech Library layer 'M3' parameter 'SMIN' = 0.040 does not match 0.026 of technology file (NEX-007)
Warning: Technology layer 'M4' setting 'pitch' is not valid (NEX-001)
Warning: Technology layer 'MRDL' setting 'pitch' is not valid (NEX-001)
Warning: Parasitic Tech Library layer 'M1' parameter 'SMIN' = 0.040 does not match 0.026 of technology file (NEX-007)
Warning: Parasitic Tech Library layer 'M2' parameter 'SMIN' = 0.040 does not match 0.026 of technology file (NEX-007)
Warning: Parasitic Tech Library layer 'M3' parameter 'SMIN' = 0.040 does not match 0.026 of technology file (NEX-007)
Warning: Parasitic Tech Library layer 'M8' parameter 'WMIN' = 0.030 does not match 0.060 of technology file (NEX-007)
Warning: Parasitic Tech Library layer 'M8' parameter 'SMIN' = 0.060 does not match 0.040 of technology file (NEX-007)
Warning: Technology layer 'M4' setting 'pitch' is not valid (NEX-001)
Warning: Technology layer 'MRDL' setting 'pitch' is not valid (NEX-001)
Warning: Parasitic Tech Library layer 'M1' parameter 'SMIN' = 0.040 does not match 0.026 of technology file (NEX-007)
Warning: Parasitic Tech Library layer 'M2' parameter 'SMIN' = 0.040 does not match 0.026 of technology file (NEX-007)
Warning: Parasitic Tech Library layer 'M3' parameter 'SMIN' = 0.040 does not match 0.026 of technology file (NEX-007)
Warning: Technology layer 'M4' setting 'pitch' is not valid (NEX-001)
Warning: Technology layer 'MRDL' setting 'pitch' is not valid (NEX-001)
Warning: Parasitic Tech Library layer 'M1' parameter 'SMIN' = 0.040 does not match 0.026 of technology file (NEX-007)
Warning: Parasitic Tech Library layer 'M2' parameter 'SMIN' = 0.040 does not match 0.026 of technology file (NEX-007)
Warning: Parasitic Tech Library layer 'M3' parameter 'SMIN' = 0.040 does not match 0.026 of technology file (NEX-007)
Warning: Parasitic Tech Library layer 'M8' parameter 'WMIN' = 0.030 does not match 0.060 of technology file (NEX-007)
Warning: Parasitic Tech Library layer 'M8' parameter 'SMIN' = 0.060 does not match 0.040 of technology file (NEX-007)
ORB: timingScenario func_slow_Cmax timingCorner slow_Cmax
INFO: No leakage and power scenarios. Using regular scenarios instead.
INFO: No active leakage scenarios. Leakage will be turned off
Warning: Technology layer 'M4' setting 'pitch' is not valid (NEX-001)
Warning: Technology layer 'MRDL' setting 'pitch' is not valid (NEX-001)
Warning: Parasitic Tech Library layer 'M1' parameter 'SMIN' = 0.040 does not match 0.026 of technology file (NEX-007)
Warning: Parasitic Tech Library layer 'M2' parameter 'SMIN' = 0.040 does not match 0.026 of technology file (NEX-007)
Warning: Parasitic Tech Library layer 'M3' parameter 'SMIN' = 0.040 does not match 0.026 of technology file (NEX-007)
ORB: Nominal = 0.007553  Design MT = inf  Target = 0.054855 (7.263 nominal)  MaxRC = 0.035405
Warning: Technology layer 'M4' setting 'pitch' is not valid (NEX-001)
Warning: Technology layer 'MRDL' setting 'pitch' is not valid (NEX-001)
Warning: Parasitic Tech Library layer 'M1' parameter 'SMIN' = 0.040 does not match 0.026 of technology file (NEX-007)
Warning: Parasitic Tech Library layer 'M2' parameter 'SMIN' = 0.040 does not match 0.026 of technology file (NEX-007)
Warning: Parasitic Tech Library layer 'M3' parameter 'SMIN' = 0.040 does not match 0.026 of technology file (NEX-007)
Warning: Technology layer 'M4' setting 'pitch' is not valid (NEX-001)
Warning: Technology layer 'MRDL' setting 'pitch' is not valid (NEX-001)
Warning: Parasitic Tech Library layer 'M1' parameter 'SMIN' = 0.040 does not match 0.026 of technology file (NEX-007)
Warning: Parasitic Tech Library layer 'M2' parameter 'SMIN' = 0.040 does not match 0.026 of technology file (NEX-007)
Warning: Parasitic Tech Library layer 'M3' parameter 'SMIN' = 0.040 does not match 0.026 of technology file (NEX-007)
Warning: Parasitic Tech Library layer 'M8' parameter 'WMIN' = 0.030 does not match 0.060 of technology file (NEX-007)
Warning: Parasitic Tech Library layer 'M8' parameter 'SMIN' = 0.060 does not match 0.040 of technology file (NEX-007)
Warning: Technology layer 'M4' setting 'pitch' is not valid (NEX-001)
Warning: Technology layer 'MRDL' setting 'pitch' is not valid (NEX-001)
Warning: Parasitic Tech Library layer 'M1' parameter 'SMIN' = 0.040 does not match 0.026 of technology file (NEX-007)
Warning: Parasitic Tech Library layer 'M2' parameter 'SMIN' = 0.040 does not match 0.026 of technology file (NEX-007)
Warning: Parasitic Tech Library layer 'M3' parameter 'SMIN' = 0.040 does not match 0.026 of technology file (NEX-007)
Warning: Technology layer 'M4' setting 'pitch' is not valid (NEX-001)
Warning: Technology layer 'MRDL' setting 'pitch' is not valid (NEX-001)
Warning: Parasitic Tech Library layer 'M1' parameter 'SMIN' = 0.040 does not match 0.026 of technology file (NEX-007)
Warning: Parasitic Tech Library layer 'M2' parameter 'SMIN' = 0.040 does not match 0.026 of technology file (NEX-007)
Warning: Parasitic Tech Library layer 'M3' parameter 'SMIN' = 0.040 does not match 0.026 of technology file (NEX-007)
Warning: Parasitic Tech Library layer 'M8' parameter 'WMIN' = 0.030 does not match 0.060 of technology file (NEX-007)
Warning: Parasitic Tech Library layer 'M8' parameter 'SMIN' = 0.060 does not match 0.040 of technology file (NEX-007)
Warning: Technology layer 'M4' setting 'pitch' is not valid (NEX-001)
Warning: Technology layer 'MRDL' setting 'pitch' is not valid (NEX-001)
Warning: Parasitic Tech Library layer 'M1' parameter 'SMIN' = 0.040 does not match 0.026 of technology file (NEX-007)
Warning: Parasitic Tech Library layer 'M2' parameter 'SMIN' = 0.040 does not match 0.026 of technology file (NEX-007)
Warning: Parasitic Tech Library layer 'M3' parameter 'SMIN' = 0.040 does not match 0.026 of technology file (NEX-007)
Warning: Technology layer 'M4' setting 'pitch' is not valid (NEX-001)
Warning: Technology layer 'MRDL' setting 'pitch' is not valid (NEX-001)
Warning: Parasitic Tech Library layer 'M1' parameter 'SMIN' = 0.040 does not match 0.026 of technology file (NEX-007)
Warning: Parasitic Tech Library layer 'M2' parameter 'SMIN' = 0.040 does not match 0.026 of technology file (NEX-007)
Warning: Parasitic Tech Library layer 'M3' parameter 'SMIN' = 0.040 does not match 0.026 of technology file (NEX-007)
Warning: Parasitic Tech Library layer 'M8' parameter 'WMIN' = 0.030 does not match 0.060 of technology file (NEX-007)
Warning: Parasitic Tech Library layer 'M8' parameter 'SMIN' = 0.060 does not match 0.040 of technology file (NEX-007)
Warning: Technology layer 'M4' setting 'pitch' is not valid (NEX-001)
Warning: Technology layer 'MRDL' setting 'pitch' is not valid (NEX-001)
Warning: Parasitic Tech Library layer 'M1' parameter 'SMIN' = 0.040 does not match 0.026 of technology file (NEX-007)
Warning: Parasitic Tech Library layer 'M2' parameter 'SMIN' = 0.040 does not match 0.026 of technology file (NEX-007)
Warning: Parasitic Tech Library layer 'M3' parameter 'SMIN' = 0.040 does not match 0.026 of technology file (NEX-007)
Warning: Technology layer 'M4' setting 'pitch' is not valid (NEX-001)
Warning: Technology layer 'MRDL' setting 'pitch' is not valid (NEX-001)
Warning: Parasitic Tech Library layer 'M1' parameter 'SMIN' = 0.040 does not match 0.026 of technology file (NEX-007)
Warning: Parasitic Tech Library layer 'M2' parameter 'SMIN' = 0.040 does not match 0.026 of technology file (NEX-007)
Warning: Parasitic Tech Library layer 'M3' parameter 'SMIN' = 0.040 does not match 0.026 of technology file (NEX-007)
Warning: Parasitic Tech Library layer 'M8' parameter 'WMIN' = 0.030 does not match 0.060 of technology file (NEX-007)
Warning: Parasitic Tech Library layer 'M8' parameter 'SMIN' = 0.060 does not match 0.040 of technology file (NEX-007)
Warning: Technology layer 'M4' setting 'pitch' is not valid (NEX-001)
Warning: Technology layer 'MRDL' setting 'pitch' is not valid (NEX-001)
Warning: Parasitic Tech Library layer 'M1' parameter 'SMIN' = 0.040 does not match 0.026 of technology file (NEX-007)
Warning: Parasitic Tech Library layer 'M2' parameter 'SMIN' = 0.040 does not match 0.026 of technology file (NEX-007)
Warning: Parasitic Tech Library layer 'M3' parameter 'SMIN' = 0.040 does not match 0.026 of technology file (NEX-007)
Warning: Technology layer 'M4' setting 'pitch' is not valid (NEX-001)
Warning: Technology layer 'MRDL' setting 'pitch' is not valid (NEX-001)
Warning: Parasitic Tech Library layer 'M1' parameter 'SMIN' = 0.040 does not match 0.026 of technology file (NEX-007)
Warning: Parasitic Tech Library layer 'M2' parameter 'SMIN' = 0.040 does not match 0.026 of technology file (NEX-007)
Warning: Parasitic Tech Library layer 'M3' parameter 'SMIN' = 0.040 does not match 0.026 of technology file (NEX-007)
Warning: Parasitic Tech Library layer 'M8' parameter 'WMIN' = 0.030 does not match 0.060 of technology file (NEX-007)
Warning: Parasitic Tech Library layer 'M8' parameter 'SMIN' = 0.060 does not match 0.040 of technology file (NEX-007)
Warning: Technology layer 'M4' setting 'pitch' is not valid (NEX-001)
Warning: Technology layer 'MRDL' setting 'pitch' is not valid (NEX-001)
Warning: Parasitic Tech Library layer 'M1' parameter 'SMIN' = 0.040 does not match 0.026 of technology file (NEX-007)
Warning: Parasitic Tech Library layer 'M2' parameter 'SMIN' = 0.040 does not match 0.026 of technology file (NEX-007)
Warning: Parasitic Tech Library layer 'M3' parameter 'SMIN' = 0.040 does not match 0.026 of technology file (NEX-007)
Warning: Technology layer 'M4' setting 'pitch' is not valid (NEX-001)
Warning: Technology layer 'MRDL' setting 'pitch' is not valid (NEX-001)
Warning: Parasitic Tech Library layer 'M1' parameter 'SMIN' = 0.040 does not match 0.026 of technology file (NEX-007)
Warning: Parasitic Tech Library layer 'M2' parameter 'SMIN' = 0.040 does not match 0.026 of technology file (NEX-007)
Warning: Parasitic Tech Library layer 'M3' parameter 'SMIN' = 0.040 does not match 0.026 of technology file (NEX-007)
Warning: Parasitic Tech Library layer 'M8' parameter 'WMIN' = 0.030 does not match 0.060 of technology file (NEX-007)
Warning: Parasitic Tech Library layer 'M8' parameter 'SMIN' = 0.060 does not match 0.040 of technology file (NEX-007)
Warning: Technology layer 'M4' setting 'pitch' is not valid (NEX-001)
Warning: Technology layer 'MRDL' setting 'pitch' is not valid (NEX-001)
Warning: Parasitic Tech Library layer 'M1' parameter 'SMIN' = 0.040 does not match 0.026 of technology file (NEX-007)
Warning: Parasitic Tech Library layer 'M2' parameter 'SMIN' = 0.040 does not match 0.026 of technology file (NEX-007)
Warning: Parasitic Tech Library layer 'M3' parameter 'SMIN' = 0.040 does not match 0.026 of technology file (NEX-007)
Warning: Technology layer 'M4' setting 'pitch' is not valid (NEX-001)
Warning: Technology layer 'MRDL' setting 'pitch' is not valid (NEX-001)
Warning: Parasitic Tech Library layer 'M1' parameter 'SMIN' = 0.040 does not match 0.026 of technology file (NEX-007)
Warning: Parasitic Tech Library layer 'M2' parameter 'SMIN' = 0.040 does not match 0.026 of technology file (NEX-007)
Warning: Parasitic Tech Library layer 'M3' parameter 'SMIN' = 0.040 does not match 0.026 of technology file (NEX-007)
Warning: Parasitic Tech Library layer 'M8' parameter 'WMIN' = 0.030 does not match 0.060 of technology file (NEX-007)
Warning: Parasitic Tech Library layer 'M8' parameter 'SMIN' = 0.060 does not match 0.040 of technology file (NEX-007)
Warning: Technology layer 'M4' setting 'pitch' is not valid (NEX-001)
Warning: Technology layer 'MRDL' setting 'pitch' is not valid (NEX-001)
Warning: Parasitic Tech Library layer 'M1' parameter 'SMIN' = 0.040 does not match 0.026 of technology file (NEX-007)
Warning: Parasitic Tech Library layer 'M2' parameter 'SMIN' = 0.040 does not match 0.026 of technology file (NEX-007)
Warning: Parasitic Tech Library layer 'M3' parameter 'SMIN' = 0.040 does not match 0.026 of technology file (NEX-007)
Warning: Technology layer 'M4' setting 'pitch' is not valid (NEX-001)
Warning: Technology layer 'MRDL' setting 'pitch' is not valid (NEX-001)
Warning: Parasitic Tech Library layer 'M1' parameter 'SMIN' = 0.040 does not match 0.026 of technology file (NEX-007)
Warning: Parasitic Tech Library layer 'M2' parameter 'SMIN' = 0.040 does not match 0.026 of technology file (NEX-007)
Warning: Parasitic Tech Library layer 'M3' parameter 'SMIN' = 0.040 does not match 0.026 of technology file (NEX-007)
Warning: Parasitic Tech Library layer 'M8' parameter 'WMIN' = 0.030 does not match 0.060 of technology file (NEX-007)
Warning: Parasitic Tech Library layer 'M8' parameter 'SMIN' = 0.060 does not match 0.040 of technology file (NEX-007)
ORB: timingScenario func_slow_Cmax timingCorner slow_Cmax
INFO: No leakage and power scenarios. Using regular scenarios instead.
INFO: No active leakage scenarios. Leakage will be turned off
Warning: Technology layer 'M4' setting 'pitch' is not valid (NEX-001)
Warning: Technology layer 'MRDL' setting 'pitch' is not valid (NEX-001)
Warning: Parasitic Tech Library layer 'M1' parameter 'SMIN' = 0.040 does not match 0.026 of technology file (NEX-007)
Warning: Parasitic Tech Library layer 'M2' parameter 'SMIN' = 0.040 does not match 0.026 of technology file (NEX-007)
Warning: Parasitic Tech Library layer 'M3' parameter 'SMIN' = 0.040 does not match 0.026 of technology file (NEX-007)
ORB: Nominal = 0.007553  Design MT = inf  Target = 0.054855 (7.263 nominal)  MaxRC = 0.035405
Warning: Technology layer 'M4' setting 'pitch' is not valid (NEX-001)
Warning: Technology layer 'MRDL' setting 'pitch' is not valid (NEX-001)
Warning: Parasitic Tech Library layer 'M1' parameter 'SMIN' = 0.040 does not match 0.026 of technology file (NEX-007)
Warning: Parasitic Tech Library layer 'M2' parameter 'SMIN' = 0.040 does not match 0.026 of technology file (NEX-007)
Warning: Parasitic Tech Library layer 'M3' parameter 'SMIN' = 0.040 does not match 0.026 of technology file (NEX-007)
Warning: Technology layer 'M4' setting 'pitch' is not valid (NEX-001)
Warning: Technology layer 'MRDL' setting 'pitch' is not valid (NEX-001)
Warning: Parasitic Tech Library layer 'M1' parameter 'SMIN' = 0.040 does not match 0.026 of technology file (NEX-007)
Warning: Parasitic Tech Library layer 'M2' parameter 'SMIN' = 0.040 does not match 0.026 of technology file (NEX-007)
Warning: Parasitic Tech Library layer 'M3' parameter 'SMIN' = 0.040 does not match 0.026 of technology file (NEX-007)
Warning: Parasitic Tech Library layer 'M8' parameter 'WMIN' = 0.030 does not match 0.060 of technology file (NEX-007)
Warning: Parasitic Tech Library layer 'M8' parameter 'SMIN' = 0.060 does not match 0.040 of technology file (NEX-007)
Warning: Technology layer 'M4' setting 'pitch' is not valid (NEX-001)
Warning: Technology layer 'MRDL' setting 'pitch' is not valid (NEX-001)
Warning: Parasitic Tech Library layer 'M1' parameter 'SMIN' = 0.040 does not match 0.026 of technology file (NEX-007)
Warning: Parasitic Tech Library layer 'M2' parameter 'SMIN' = 0.040 does not match 0.026 of technology file (NEX-007)
Warning: Parasitic Tech Library layer 'M3' parameter 'SMIN' = 0.040 does not match 0.026 of technology file (NEX-007)
Warning: Technology layer 'M4' setting 'pitch' is not valid (NEX-001)
Warning: Technology layer 'MRDL' setting 'pitch' is not valid (NEX-001)
Warning: Parasitic Tech Library layer 'M1' parameter 'SMIN' = 0.040 does not match 0.026 of technology file (NEX-007)
Warning: Parasitic Tech Library layer 'M2' parameter 'SMIN' = 0.040 does not match 0.026 of technology file (NEX-007)
Warning: Parasitic Tech Library layer 'M3' parameter 'SMIN' = 0.040 does not match 0.026 of technology file (NEX-007)
Warning: Parasitic Tech Library layer 'M8' parameter 'WMIN' = 0.030 does not match 0.060 of technology file (NEX-007)
Warning: Parasitic Tech Library layer 'M8' parameter 'SMIN' = 0.060 does not match 0.040 of technology file (NEX-007)
Warning: Technology layer 'M4' setting 'pitch' is not valid (NEX-001)
Warning: Technology layer 'MRDL' setting 'pitch' is not valid (NEX-001)
Warning: Parasitic Tech Library layer 'M1' parameter 'SMIN' = 0.040 does not match 0.026 of technology file (NEX-007)
Warning: Parasitic Tech Library layer 'M2' parameter 'SMIN' = 0.040 does not match 0.026 of technology file (NEX-007)
Warning: Parasitic Tech Library layer 'M3' parameter 'SMIN' = 0.040 does not match 0.026 of technology file (NEX-007)
Warning: Technology layer 'M4' setting 'pitch' is not valid (NEX-001)
Warning: Technology layer 'MRDL' setting 'pitch' is not valid (NEX-001)
Warning: Parasitic Tech Library layer 'M1' parameter 'SMIN' = 0.040 does not match 0.026 of technology file (NEX-007)
Warning: Parasitic Tech Library layer 'M2' parameter 'SMIN' = 0.040 does not match 0.026 of technology file (NEX-007)
Warning: Parasitic Tech Library layer 'M3' parameter 'SMIN' = 0.040 does not match 0.026 of technology file (NEX-007)
Warning: Parasitic Tech Library layer 'M8' parameter 'WMIN' = 0.030 does not match 0.060 of technology file (NEX-007)
Warning: Parasitic Tech Library layer 'M8' parameter 'SMIN' = 0.060 does not match 0.040 of technology file (NEX-007)
Warning: Technology layer 'M4' setting 'pitch' is not valid (NEX-001)
Warning: Technology layer 'MRDL' setting 'pitch' is not valid (NEX-001)
Warning: Parasitic Tech Library layer 'M1' parameter 'SMIN' = 0.040 does not match 0.026 of technology file (NEX-007)
Warning: Parasitic Tech Library layer 'M2' parameter 'SMIN' = 0.040 does not match 0.026 of technology file (NEX-007)
Warning: Parasitic Tech Library layer 'M3' parameter 'SMIN' = 0.040 does not match 0.026 of technology file (NEX-007)
Warning: Technology layer 'M4' setting 'pitch' is not valid (NEX-001)
Warning: Technology layer 'MRDL' setting 'pitch' is not valid (NEX-001)
Warning: Parasitic Tech Library layer 'M1' parameter 'SMIN' = 0.040 does not match 0.026 of technology file (NEX-007)
Warning: Parasitic Tech Library layer 'M2' parameter 'SMIN' = 0.040 does not match 0.026 of technology file (NEX-007)
Warning: Parasitic Tech Library layer 'M3' parameter 'SMIN' = 0.040 does not match 0.026 of technology file (NEX-007)
Warning: Parasitic Tech Library layer 'M8' parameter 'WMIN' = 0.030 does not match 0.060 of technology file (NEX-007)
Warning: Parasitic Tech Library layer 'M8' parameter 'SMIN' = 0.060 does not match 0.040 of technology file (NEX-007)
Warning: Technology layer 'M4' setting 'pitch' is not valid (NEX-001)
Warning: Technology layer 'MRDL' setting 'pitch' is not valid (NEX-001)
Warning: Parasitic Tech Library layer 'M1' parameter 'SMIN' = 0.040 does not match 0.026 of technology file (NEX-007)
Warning: Parasitic Tech Library layer 'M2' parameter 'SMIN' = 0.040 does not match 0.026 of technology file (NEX-007)
Warning: Parasitic Tech Library layer 'M3' parameter 'SMIN' = 0.040 does not match 0.026 of technology file (NEX-007)
Warning: Technology layer 'M4' setting 'pitch' is not valid (NEX-001)
Warning: Technology layer 'MRDL' setting 'pitch' is not valid (NEX-001)
Warning: Parasitic Tech Library layer 'M1' parameter 'SMIN' = 0.040 does not match 0.026 of technology file (NEX-007)
Warning: Parasitic Tech Library layer 'M2' parameter 'SMIN' = 0.040 does not match 0.026 of technology file (NEX-007)
Warning: Parasitic Tech Library layer 'M3' parameter 'SMIN' = 0.040 does not match 0.026 of technology file (NEX-007)
Warning: Parasitic Tech Library layer 'M8' parameter 'WMIN' = 0.030 does not match 0.060 of technology file (NEX-007)
Warning: Parasitic Tech Library layer 'M8' parameter 'SMIN' = 0.060 does not match 0.040 of technology file (NEX-007)
Warning: Technology layer 'M4' setting 'pitch' is not valid (NEX-001)
Warning: Technology layer 'MRDL' setting 'pitch' is not valid (NEX-001)
Warning: Parasitic Tech Library layer 'M1' parameter 'SMIN' = 0.040 does not match 0.026 of technology file (NEX-007)
Warning: Parasitic Tech Library layer 'M2' parameter 'SMIN' = 0.040 does not match 0.026 of technology file (NEX-007)
Warning: Parasitic Tech Library layer 'M3' parameter 'SMIN' = 0.040 does not match 0.026 of technology file (NEX-007)
Warning: Technology layer 'M4' setting 'pitch' is not valid (NEX-001)
Warning: Technology layer 'MRDL' setting 'pitch' is not valid (NEX-001)
Warning: Parasitic Tech Library layer 'M1' parameter 'SMIN' = 0.040 does not match 0.026 of technology file (NEX-007)
Warning: Parasitic Tech Library layer 'M2' parameter 'SMIN' = 0.040 does not match 0.026 of technology file (NEX-007)
Warning: Parasitic Tech Library layer 'M3' parameter 'SMIN' = 0.040 does not match 0.026 of technology file (NEX-007)
Warning: Parasitic Tech Library layer 'M8' parameter 'WMIN' = 0.030 does not match 0.060 of technology file (NEX-007)
Warning: Parasitic Tech Library layer 'M8' parameter 'SMIN' = 0.060 does not match 0.040 of technology file (NEX-007)
Warning: Technology layer 'M4' setting 'pitch' is not valid (NEX-001)
Warning: Technology layer 'MRDL' setting 'pitch' is not valid (NEX-001)
Warning: Parasitic Tech Library layer 'M1' parameter 'SMIN' = 0.040 does not match 0.026 of technology file (NEX-007)
Warning: Parasitic Tech Library layer 'M2' parameter 'SMIN' = 0.040 does not match 0.026 of technology file (NEX-007)
Warning: Parasitic Tech Library layer 'M3' parameter 'SMIN' = 0.040 does not match 0.026 of technology file (NEX-007)
Warning: Technology layer 'M4' setting 'pitch' is not valid (NEX-001)
Warning: Technology layer 'MRDL' setting 'pitch' is not valid (NEX-001)
Warning: Parasitic Tech Library layer 'M1' parameter 'SMIN' = 0.040 does not match 0.026 of technology file (NEX-007)
Warning: Parasitic Tech Library layer 'M2' parameter 'SMIN' = 0.040 does not match 0.026 of technology file (NEX-007)
Warning: Parasitic Tech Library layer 'M3' parameter 'SMIN' = 0.040 does not match 0.026 of technology file (NEX-007)
Warning: Parasitic Tech Library layer 'M8' parameter 'WMIN' = 0.030 does not match 0.060 of technology file (NEX-007)
Warning: Parasitic Tech Library layer 'M8' parameter 'SMIN' = 0.060 does not match 0.040 of technology file (NEX-007)
Warning: Technology layer 'M4' setting 'pitch' is not valid (NEX-001)
Warning: Technology layer 'MRDL' setting 'pitch' is not valid (NEX-001)
Warning: Parasitic Tech Library layer 'M1' parameter 'SMIN' = 0.040 does not match 0.026 of technology file (NEX-007)
Warning: Parasitic Tech Library layer 'M2' parameter 'SMIN' = 0.040 does not match 0.026 of technology file (NEX-007)
Warning: Parasitic Tech Library layer 'M3' parameter 'SMIN' = 0.040 does not match 0.026 of technology file (NEX-007)
Warning: Technology layer 'M4' setting 'pitch' is not valid (NEX-001)
Warning: Technology layer 'MRDL' setting 'pitch' is not valid (NEX-001)
Warning: Parasitic Tech Library layer 'M1' parameter 'SMIN' = 0.040 does not match 0.026 of technology file (NEX-007)
Warning: Parasitic Tech Library layer 'M2' parameter 'SMIN' = 0.040 does not match 0.026 of technology file (NEX-007)
Warning: Parasitic Tech Library layer 'M3' parameter 'SMIN' = 0.040 does not match 0.026 of technology file (NEX-007)
Warning: Parasitic Tech Library layer 'M8' parameter 'WMIN' = 0.030 does not match 0.060 of technology file (NEX-007)
Warning: Parasitic Tech Library layer 'M8' parameter 'SMIN' = 0.060 does not match 0.040 of technology file (NEX-007)
ORB: timingScenario func_slow_Cmax timingCorner slow_Cmax
INFO: No leakage and power scenarios. Using regular scenarios instead.
INFO: No active leakage scenarios. Leakage will be turned off
Warning: Technology layer 'M4' setting 'pitch' is not valid (NEX-001)
Warning: Technology layer 'MRDL' setting 'pitch' is not valid (NEX-001)
Warning: Parasitic Tech Library layer 'M1' parameter 'SMIN' = 0.040 does not match 0.026 of technology file (NEX-007)
Warning: Parasitic Tech Library layer 'M2' parameter 'SMIN' = 0.040 does not match 0.026 of technology file (NEX-007)
Warning: Parasitic Tech Library layer 'M3' parameter 'SMIN' = 0.040 does not match 0.026 of technology file (NEX-007)
ORB: Nominal = 0.007553  Design MT = inf  Target = 0.054855 (7.263 nominal)  MaxRC = 0.035405
Warning: Technology layer 'M4' setting 'pitch' is not valid (NEX-001)
Warning: Technology layer 'MRDL' setting 'pitch' is not valid (NEX-001)
Warning: Parasitic Tech Library layer 'M1' parameter 'SMIN' = 0.040 does not match 0.026 of technology file (NEX-007)
Warning: Parasitic Tech Library layer 'M2' parameter 'SMIN' = 0.040 does not match 0.026 of technology file (NEX-007)
Warning: Parasitic Tech Library layer 'M3' parameter 'SMIN' = 0.040 does not match 0.026 of technology file (NEX-007)
Warning: Technology layer 'M4' setting 'pitch' is not valid (NEX-001)
Warning: Technology layer 'MRDL' setting 'pitch' is not valid (NEX-001)
Warning: Parasitic Tech Library layer 'M1' parameter 'SMIN' = 0.040 does not match 0.026 of technology file (NEX-007)
Warning: Parasitic Tech Library layer 'M2' parameter 'SMIN' = 0.040 does not match 0.026 of technology file (NEX-007)
Warning: Parasitic Tech Library layer 'M3' parameter 'SMIN' = 0.040 does not match 0.026 of technology file (NEX-007)
Warning: Parasitic Tech Library layer 'M8' parameter 'WMIN' = 0.030 does not match 0.060 of technology file (NEX-007)
Warning: Parasitic Tech Library layer 'M8' parameter 'SMIN' = 0.060 does not match 0.040 of technology file (NEX-007)
Warning: Technology layer 'M4' setting 'pitch' is not valid (NEX-001)
Warning: Technology layer 'MRDL' setting 'pitch' is not valid (NEX-001)
Warning: Parasitic Tech Library layer 'M1' parameter 'SMIN' = 0.040 does not match 0.026 of technology file (NEX-007)
Warning: Parasitic Tech Library layer 'M2' parameter 'SMIN' = 0.040 does not match 0.026 of technology file (NEX-007)
Warning: Parasitic Tech Library layer 'M3' parameter 'SMIN' = 0.040 does not match 0.026 of technology file (NEX-007)
Warning: Technology layer 'M4' setting 'pitch' is not valid (NEX-001)
Warning: Technology layer 'MRDL' setting 'pitch' is not valid (NEX-001)
Warning: Parasitic Tech Library layer 'M1' parameter 'SMIN' = 0.040 does not match 0.026 of technology file (NEX-007)
Warning: Parasitic Tech Library layer 'M2' parameter 'SMIN' = 0.040 does not match 0.026 of technology file (NEX-007)
Warning: Parasitic Tech Library layer 'M3' parameter 'SMIN' = 0.040 does not match 0.026 of technology file (NEX-007)
Warning: Parasitic Tech Library layer 'M8' parameter 'WMIN' = 0.030 does not match 0.060 of technology file (NEX-007)
Warning: Parasitic Tech Library layer 'M8' parameter 'SMIN' = 0.060 does not match 0.040 of technology file (NEX-007)
Warning: Technology layer 'M4' setting 'pitch' is not valid (NEX-001)
Warning: Technology layer 'MRDL' setting 'pitch' is not valid (NEX-001)
Warning: Parasitic Tech Library layer 'M1' parameter 'SMIN' = 0.040 does not match 0.026 of technology file (NEX-007)
Warning: Parasitic Tech Library layer 'M2' parameter 'SMIN' = 0.040 does not match 0.026 of technology file (NEX-007)
Warning: Parasitic Tech Library layer 'M3' parameter 'SMIN' = 0.040 does not match 0.026 of technology file (NEX-007)
Warning: Technology layer 'M4' setting 'pitch' is not valid (NEX-001)
Warning: Technology layer 'MRDL' setting 'pitch' is not valid (NEX-001)
Warning: Parasitic Tech Library layer 'M1' parameter 'SMIN' = 0.040 does not match 0.026 of technology file (NEX-007)
Warning: Parasitic Tech Library layer 'M2' parameter 'SMIN' = 0.040 does not match 0.026 of technology file (NEX-007)
Warning: Parasitic Tech Library layer 'M3' parameter 'SMIN' = 0.040 does not match 0.026 of technology file (NEX-007)
Warning: Parasitic Tech Library layer 'M8' parameter 'WMIN' = 0.030 does not match 0.060 of technology file (NEX-007)
Warning: Parasitic Tech Library layer 'M8' parameter 'SMIN' = 0.060 does not match 0.040 of technology file (NEX-007)
Warning: Technology layer 'M4' setting 'pitch' is not valid (NEX-001)
Warning: Technology layer 'MRDL' setting 'pitch' is not valid (NEX-001)
Warning: Parasitic Tech Library layer 'M1' parameter 'SMIN' = 0.040 does not match 0.026 of technology file (NEX-007)
Warning: Parasitic Tech Library layer 'M2' parameter 'SMIN' = 0.040 does not match 0.026 of technology file (NEX-007)
Warning: Parasitic Tech Library layer 'M3' parameter 'SMIN' = 0.040 does not match 0.026 of technology file (NEX-007)
Warning: Technology layer 'M4' setting 'pitch' is not valid (NEX-001)
Warning: Technology layer 'MRDL' setting 'pitch' is not valid (NEX-001)
Warning: Parasitic Tech Library layer 'M1' parameter 'SMIN' = 0.040 does not match 0.026 of technology file (NEX-007)
Warning: Parasitic Tech Library layer 'M2' parameter 'SMIN' = 0.040 does not match 0.026 of technology file (NEX-007)
Warning: Parasitic Tech Library layer 'M3' parameter 'SMIN' = 0.040 does not match 0.026 of technology file (NEX-007)
Warning: Parasitic Tech Library layer 'M8' parameter 'WMIN' = 0.030 does not match 0.060 of technology file (NEX-007)
Warning: Parasitic Tech Library layer 'M8' parameter 'SMIN' = 0.060 does not match 0.040 of technology file (NEX-007)
Warning: Technology layer 'M4' setting 'pitch' is not valid (NEX-001)
Warning: Technology layer 'MRDL' setting 'pitch' is not valid (NEX-001)
Warning: Parasitic Tech Library layer 'M1' parameter 'SMIN' = 0.040 does not match 0.026 of technology file (NEX-007)
Warning: Parasitic Tech Library layer 'M2' parameter 'SMIN' = 0.040 does not match 0.026 of technology file (NEX-007)
Warning: Parasitic Tech Library layer 'M3' parameter 'SMIN' = 0.040 does not match 0.026 of technology file (NEX-007)
Warning: Technology layer 'M4' setting 'pitch' is not valid (NEX-001)
Warning: Technology layer 'MRDL' setting 'pitch' is not valid (NEX-001)
Warning: Parasitic Tech Library layer 'M1' parameter 'SMIN' = 0.040 does not match 0.026 of technology file (NEX-007)
Warning: Parasitic Tech Library layer 'M2' parameter 'SMIN' = 0.040 does not match 0.026 of technology file (NEX-007)
Warning: Parasitic Tech Library layer 'M3' parameter 'SMIN' = 0.040 does not match 0.026 of technology file (NEX-007)
Warning: Parasitic Tech Library layer 'M8' parameter 'WMIN' = 0.030 does not match 0.060 of technology file (NEX-007)
Warning: Parasitic Tech Library layer 'M8' parameter 'SMIN' = 0.060 does not match 0.040 of technology file (NEX-007)
Warning: Technology layer 'M4' setting 'pitch' is not valid (NEX-001)
Warning: Technology layer 'MRDL' setting 'pitch' is not valid (NEX-001)
Warning: Parasitic Tech Library layer 'M1' parameter 'SMIN' = 0.040 does not match 0.026 of technology file (NEX-007)
Warning: Parasitic Tech Library layer 'M2' parameter 'SMIN' = 0.040 does not match 0.026 of technology file (NEX-007)
Warning: Parasitic Tech Library layer 'M3' parameter 'SMIN' = 0.040 does not match 0.026 of technology file (NEX-007)
Warning: Technology layer 'M4' setting 'pitch' is not valid (NEX-001)
Warning: Technology layer 'MRDL' setting 'pitch' is not valid (NEX-001)
Warning: Parasitic Tech Library layer 'M1' parameter 'SMIN' = 0.040 does not match 0.026 of technology file (NEX-007)
Warning: Parasitic Tech Library layer 'M2' parameter 'SMIN' = 0.040 does not match 0.026 of technology file (NEX-007)
Warning: Parasitic Tech Library layer 'M3' parameter 'SMIN' = 0.040 does not match 0.026 of technology file (NEX-007)
Warning: Parasitic Tech Library layer 'M8' parameter 'WMIN' = 0.030 does not match 0.060 of technology file (NEX-007)
Warning: Parasitic Tech Library layer 'M8' parameter 'SMIN' = 0.060 does not match 0.040 of technology file (NEX-007)
Warning: Technology layer 'M4' setting 'pitch' is not valid (NEX-001)
Warning: Technology layer 'MRDL' setting 'pitch' is not valid (NEX-001)
Warning: Parasitic Tech Library layer 'M1' parameter 'SMIN' = 0.040 does not match 0.026 of technology file (NEX-007)
Warning: Parasitic Tech Library layer 'M2' parameter 'SMIN' = 0.040 does not match 0.026 of technology file (NEX-007)
Warning: Parasitic Tech Library layer 'M3' parameter 'SMIN' = 0.040 does not match 0.026 of technology file (NEX-007)
Warning: Technology layer 'M4' setting 'pitch' is not valid (NEX-001)
Warning: Technology layer 'MRDL' setting 'pitch' is not valid (NEX-001)
Warning: Parasitic Tech Library layer 'M1' parameter 'SMIN' = 0.040 does not match 0.026 of technology file (NEX-007)
Warning: Parasitic Tech Library layer 'M2' parameter 'SMIN' = 0.040 does not match 0.026 of technology file (NEX-007)
Warning: Parasitic Tech Library layer 'M3' parameter 'SMIN' = 0.040 does not match 0.026 of technology file (NEX-007)
Warning: Parasitic Tech Library layer 'M8' parameter 'WMIN' = 0.030 does not match 0.060 of technology file (NEX-007)
Warning: Parasitic Tech Library layer 'M8' parameter 'SMIN' = 0.060 does not match 0.040 of technology file (NEX-007)
Warning: Technology layer 'M4' setting 'pitch' is not valid (NEX-001)
Warning: Technology layer 'MRDL' setting 'pitch' is not valid (NEX-001)
Warning: Parasitic Tech Library layer 'M1' parameter 'SMIN' = 0.040 does not match 0.026 of technology file (NEX-007)
Warning: Parasitic Tech Library layer 'M2' parameter 'SMIN' = 0.040 does not match 0.026 of technology file (NEX-007)
Warning: Parasitic Tech Library layer 'M3' parameter 'SMIN' = 0.040 does not match 0.026 of technology file (NEX-007)
Warning: Technology layer 'M4' setting 'pitch' is not valid (NEX-001)
Warning: Technology layer 'MRDL' setting 'pitch' is not valid (NEX-001)
Warning: Parasitic Tech Library layer 'M1' parameter 'SMIN' = 0.040 does not match 0.026 of technology file (NEX-007)
Warning: Parasitic Tech Library layer 'M2' parameter 'SMIN' = 0.040 does not match 0.026 of technology file (NEX-007)
Warning: Parasitic Tech Library layer 'M3' parameter 'SMIN' = 0.040 does not match 0.026 of technology file (NEX-007)
Warning: Parasitic Tech Library layer 'M8' parameter 'WMIN' = 0.030 does not match 0.060 of technology file (NEX-007)
Warning: Parasitic Tech Library layer 'M8' parameter 'SMIN' = 0.060 does not match 0.040 of technology file (NEX-007)
ORB: timingScenario func_slow_Cmax timingCorner slow_Cmax
INFO: No leakage and power scenarios. Using regular scenarios instead.
INFO: No active leakage scenarios. Leakage will be turned off
Warning: Technology layer 'M4' setting 'pitch' is not valid (NEX-001)
Warning: Technology layer 'MRDL' setting 'pitch' is not valid (NEX-001)
Warning: Parasitic Tech Library layer 'M1' parameter 'SMIN' = 0.040 does not match 0.026 of technology file (NEX-007)
Warning: Parasitic Tech Library layer 'M2' parameter 'SMIN' = 0.040 does not match 0.026 of technology file (NEX-007)
Warning: Parasitic Tech Library layer 'M3' parameter 'SMIN' = 0.040 does not match 0.026 of technology file (NEX-007)
ORB: Nominal = 0.007553  Design MT = inf  Target = 0.054855 (7.263 nominal)  MaxRC = 0.035405
Warning: Technology layer 'M4' setting 'pitch' is not valid (NEX-001)
Warning: Technology layer 'MRDL' setting 'pitch' is not valid (NEX-001)
Warning: Parasitic Tech Library layer 'M1' parameter 'SMIN' = 0.040 does not match 0.026 of technology file (NEX-007)
Warning: Parasitic Tech Library layer 'M2' parameter 'SMIN' = 0.040 does not match 0.026 of technology file (NEX-007)
Warning: Parasitic Tech Library layer 'M3' parameter 'SMIN' = 0.040 does not match 0.026 of technology file (NEX-007)
Warning: Technology layer 'M4' setting 'pitch' is not valid (NEX-001)
Warning: Technology layer 'MRDL' setting 'pitch' is not valid (NEX-001)
Warning: Parasitic Tech Library layer 'M1' parameter 'SMIN' = 0.040 does not match 0.026 of technology file (NEX-007)
Warning: Parasitic Tech Library layer 'M2' parameter 'SMIN' = 0.040 does not match 0.026 of technology file (NEX-007)
Warning: Parasitic Tech Library layer 'M3' parameter 'SMIN' = 0.040 does not match 0.026 of technology file (NEX-007)
Warning: Parasitic Tech Library layer 'M8' parameter 'WMIN' = 0.030 does not match 0.060 of technology file (NEX-007)
Warning: Parasitic Tech Library layer 'M8' parameter 'SMIN' = 0.060 does not match 0.040 of technology file (NEX-007)
Warning: Technology layer 'M4' setting 'pitch' is not valid (NEX-001)
Warning: Technology layer 'MRDL' setting 'pitch' is not valid (NEX-001)
Warning: Parasitic Tech Library layer 'M1' parameter 'SMIN' = 0.040 does not match 0.026 of technology file (NEX-007)
Warning: Parasitic Tech Library layer 'M2' parameter 'SMIN' = 0.040 does not match 0.026 of technology file (NEX-007)
Warning: Parasitic Tech Library layer 'M3' parameter 'SMIN' = 0.040 does not match 0.026 of technology file (NEX-007)
Warning: Technology layer 'M4' setting 'pitch' is not valid (NEX-001)
Warning: Technology layer 'MRDL' setting 'pitch' is not valid (NEX-001)
Warning: Parasitic Tech Library layer 'M1' parameter 'SMIN' = 0.040 does not match 0.026 of technology file (NEX-007)
Warning: Parasitic Tech Library layer 'M2' parameter 'SMIN' = 0.040 does not match 0.026 of technology file (NEX-007)
Warning: Parasitic Tech Library layer 'M3' parameter 'SMIN' = 0.040 does not match 0.026 of technology file (NEX-007)
Warning: Parasitic Tech Library layer 'M8' parameter 'WMIN' = 0.030 does not match 0.060 of technology file (NEX-007)
Warning: Parasitic Tech Library layer 'M8' parameter 'SMIN' = 0.060 does not match 0.040 of technology file (NEX-007)
Warning: Technology layer 'M4' setting 'pitch' is not valid (NEX-001)
Warning: Technology layer 'MRDL' setting 'pitch' is not valid (NEX-001)
Warning: Parasitic Tech Library layer 'M1' parameter 'SMIN' = 0.040 does not match 0.026 of technology file (NEX-007)
Warning: Parasitic Tech Library layer 'M2' parameter 'SMIN' = 0.040 does not match 0.026 of technology file (NEX-007)
Warning: Parasitic Tech Library layer 'M3' parameter 'SMIN' = 0.040 does not match 0.026 of technology file (NEX-007)
Warning: Technology layer 'M4' setting 'pitch' is not valid (NEX-001)
Warning: Technology layer 'MRDL' setting 'pitch' is not valid (NEX-001)
Warning: Parasitic Tech Library layer 'M1' parameter 'SMIN' = 0.040 does not match 0.026 of technology file (NEX-007)
Warning: Parasitic Tech Library layer 'M2' parameter 'SMIN' = 0.040 does not match 0.026 of technology file (NEX-007)
Warning: Parasitic Tech Library layer 'M3' parameter 'SMIN' = 0.040 does not match 0.026 of technology file (NEX-007)
Warning: Parasitic Tech Library layer 'M8' parameter 'WMIN' = 0.030 does not match 0.060 of technology file (NEX-007)
Warning: Parasitic Tech Library layer 'M8' parameter 'SMIN' = 0.060 does not match 0.040 of technology file (NEX-007)
Warning: Technology layer 'M4' setting 'pitch' is not valid (NEX-001)
Warning: Technology layer 'MRDL' setting 'pitch' is not valid (NEX-001)
Warning: Parasitic Tech Library layer 'M1' parameter 'SMIN' = 0.040 does not match 0.026 of technology file (NEX-007)
Warning: Parasitic Tech Library layer 'M2' parameter 'SMIN' = 0.040 does not match 0.026 of technology file (NEX-007)
Warning: Parasitic Tech Library layer 'M3' parameter 'SMIN' = 0.040 does not match 0.026 of technology file (NEX-007)
Warning: Technology layer 'M4' setting 'pitch' is not valid (NEX-001)
Warning: Technology layer 'MRDL' setting 'pitch' is not valid (NEX-001)
Warning: Parasitic Tech Library layer 'M1' parameter 'SMIN' = 0.040 does not match 0.026 of technology file (NEX-007)
Warning: Parasitic Tech Library layer 'M2' parameter 'SMIN' = 0.040 does not match 0.026 of technology file (NEX-007)
Warning: Parasitic Tech Library layer 'M3' parameter 'SMIN' = 0.040 does not match 0.026 of technology file (NEX-007)
Warning: Parasitic Tech Library layer 'M8' parameter 'WMIN' = 0.030 does not match 0.060 of technology file (NEX-007)
Warning: Parasitic Tech Library layer 'M8' parameter 'SMIN' = 0.060 does not match 0.040 of technology file (NEX-007)
Warning: Technology layer 'M4' setting 'pitch' is not valid (NEX-001)
Warning: Technology layer 'MRDL' setting 'pitch' is not valid (NEX-001)
Warning: Parasitic Tech Library layer 'M1' parameter 'SMIN' = 0.040 does not match 0.026 of technology file (NEX-007)
Warning: Parasitic Tech Library layer 'M2' parameter 'SMIN' = 0.040 does not match 0.026 of technology file (NEX-007)
Warning: Parasitic Tech Library layer 'M3' parameter 'SMIN' = 0.040 does not match 0.026 of technology file (NEX-007)
Warning: Technology layer 'M4' setting 'pitch' is not valid (NEX-001)
Warning: Technology layer 'MRDL' setting 'pitch' is not valid (NEX-001)
Warning: Parasitic Tech Library layer 'M1' parameter 'SMIN' = 0.040 does not match 0.026 of technology file (NEX-007)
Warning: Parasitic Tech Library layer 'M2' parameter 'SMIN' = 0.040 does not match 0.026 of technology file (NEX-007)
Warning: Parasitic Tech Library layer 'M3' parameter 'SMIN' = 0.040 does not match 0.026 of technology file (NEX-007)
Warning: Parasitic Tech Library layer 'M8' parameter 'WMIN' = 0.030 does not match 0.060 of technology file (NEX-007)
Warning: Parasitic Tech Library layer 'M8' parameter 'SMIN' = 0.060 does not match 0.040 of technology file (NEX-007)
Warning: Technology layer 'M4' setting 'pitch' is not valid (NEX-001)
Warning: Technology layer 'MRDL' setting 'pitch' is not valid (NEX-001)
Warning: Parasitic Tech Library layer 'M1' parameter 'SMIN' = 0.040 does not match 0.026 of technology file (NEX-007)
Warning: Parasitic Tech Library layer 'M2' parameter 'SMIN' = 0.040 does not match 0.026 of technology file (NEX-007)
Warning: Parasitic Tech Library layer 'M3' parameter 'SMIN' = 0.040 does not match 0.026 of technology file (NEX-007)
Warning: Technology layer 'M4' setting 'pitch' is not valid (NEX-001)
Warning: Technology layer 'MRDL' setting 'pitch' is not valid (NEX-001)
Warning: Parasitic Tech Library layer 'M1' parameter 'SMIN' = 0.040 does not match 0.026 of technology file (NEX-007)
Warning: Parasitic Tech Library layer 'M2' parameter 'SMIN' = 0.040 does not match 0.026 of technology file (NEX-007)
Warning: Parasitic Tech Library layer 'M3' parameter 'SMIN' = 0.040 does not match 0.026 of technology file (NEX-007)
Warning: Parasitic Tech Library layer 'M8' parameter 'WMIN' = 0.030 does not match 0.060 of technology file (NEX-007)
Warning: Parasitic Tech Library layer 'M8' parameter 'SMIN' = 0.060 does not match 0.040 of technology file (NEX-007)
Warning: Technology layer 'M4' setting 'pitch' is not valid (NEX-001)
Warning: Technology layer 'MRDL' setting 'pitch' is not valid (NEX-001)
Warning: Parasitic Tech Library layer 'M1' parameter 'SMIN' = 0.040 does not match 0.026 of technology file (NEX-007)
Warning: Parasitic Tech Library layer 'M2' parameter 'SMIN' = 0.040 does not match 0.026 of technology file (NEX-007)
Warning: Parasitic Tech Library layer 'M3' parameter 'SMIN' = 0.040 does not match 0.026 of technology file (NEX-007)
Warning: Technology layer 'M4' setting 'pitch' is not valid (NEX-001)
Warning: Technology layer 'MRDL' setting 'pitch' is not valid (NEX-001)
Warning: Parasitic Tech Library layer 'M1' parameter 'SMIN' = 0.040 does not match 0.026 of technology file (NEX-007)
Warning: Parasitic Tech Library layer 'M2' parameter 'SMIN' = 0.040 does not match 0.026 of technology file (NEX-007)
Warning: Parasitic Tech Library layer 'M3' parameter 'SMIN' = 0.040 does not match 0.026 of technology file (NEX-007)
Warning: Parasitic Tech Library layer 'M8' parameter 'WMIN' = 0.030 does not match 0.060 of technology file (NEX-007)
Warning: Parasitic Tech Library layer 'M8' parameter 'SMIN' = 0.060 does not match 0.040 of technology file (NEX-007)
Warning: Technology layer 'M4' setting 'pitch' is not valid (NEX-001)
Warning: Technology layer 'MRDL' setting 'pitch' is not valid (NEX-001)
Warning: Parasitic Tech Library layer 'M1' parameter 'SMIN' = 0.040 does not match 0.026 of technology file (NEX-007)
Warning: Parasitic Tech Library layer 'M2' parameter 'SMIN' = 0.040 does not match 0.026 of technology file (NEX-007)
Warning: Parasitic Tech Library layer 'M3' parameter 'SMIN' = 0.040 does not match 0.026 of technology file (NEX-007)
Warning: Technology layer 'M4' setting 'pitch' is not valid (NEX-001)
Warning: Technology layer 'MRDL' setting 'pitch' is not valid (NEX-001)
Warning: Parasitic Tech Library layer 'M1' parameter 'SMIN' = 0.040 does not match 0.026 of technology file (NEX-007)
Warning: Parasitic Tech Library layer 'M2' parameter 'SMIN' = 0.040 does not match 0.026 of technology file (NEX-007)
Warning: Parasitic Tech Library layer 'M3' parameter 'SMIN' = 0.040 does not match 0.026 of technology file (NEX-007)
Warning: Parasitic Tech Library layer 'M8' parameter 'WMIN' = 0.030 does not match 0.060 of technology file (NEX-007)
Warning: Parasitic Tech Library layer 'M8' parameter 'SMIN' = 0.060 does not match 0.040 of technology file (NEX-007)
ORB: timingScenario func_slow_Cmax timingCorner slow_Cmax
INFO: No leakage and power scenarios. Using regular scenarios instead.
INFO: No active leakage scenarios. Leakage will be turned off
Warning: Technology layer 'M4' setting 'pitch' is not valid (NEX-001)
Warning: Technology layer 'MRDL' setting 'pitch' is not valid (NEX-001)
Warning: Parasitic Tech Library layer 'M1' parameter 'SMIN' = 0.040 does not match 0.026 of technology file (NEX-007)
Warning: Parasitic Tech Library layer 'M2' parameter 'SMIN' = 0.040 does not match 0.026 of technology file (NEX-007)
Warning: Parasitic Tech Library layer 'M3' parameter 'SMIN' = 0.040 does not match 0.026 of technology file (NEX-007)
ORB: Nominal = 0.007553  Design MT = inf  Target = 0.054855 (7.263 nominal)  MaxRC = 0.035405
Warning: Technology layer 'M4' setting 'pitch' is not valid (NEX-001)
Warning: Technology layer 'MRDL' setting 'pitch' is not valid (NEX-001)
Warning: Parasitic Tech Library layer 'M1' parameter 'SMIN' = 0.040 does not match 0.026 of technology file (NEX-007)
Warning: Parasitic Tech Library layer 'M2' parameter 'SMIN' = 0.040 does not match 0.026 of technology file (NEX-007)
Warning: Parasitic Tech Library layer 'M3' parameter 'SMIN' = 0.040 does not match 0.026 of technology file (NEX-007)
Warning: Technology layer 'M4' setting 'pitch' is not valid (NEX-001)
Warning: Technology layer 'MRDL' setting 'pitch' is not valid (NEX-001)
Warning: Parasitic Tech Library layer 'M1' parameter 'SMIN' = 0.040 does not match 0.026 of technology file (NEX-007)
Warning: Parasitic Tech Library layer 'M2' parameter 'SMIN' = 0.040 does not match 0.026 of technology file (NEX-007)
Warning: Parasitic Tech Library layer 'M3' parameter 'SMIN' = 0.040 does not match 0.026 of technology file (NEX-007)
Warning: Parasitic Tech Library layer 'M8' parameter 'WMIN' = 0.030 does not match 0.060 of technology file (NEX-007)
Warning: Parasitic Tech Library layer 'M8' parameter 'SMIN' = 0.060 does not match 0.040 of technology file (NEX-007)
Warning: Technology layer 'M4' setting 'pitch' is not valid (NEX-001)
Warning: Technology layer 'MRDL' setting 'pitch' is not valid (NEX-001)
Warning: Parasitic Tech Library layer 'M1' parameter 'SMIN' = 0.040 does not match 0.026 of technology file (NEX-007)
Warning: Parasitic Tech Library layer 'M2' parameter 'SMIN' = 0.040 does not match 0.026 of technology file (NEX-007)
Warning: Parasitic Tech Library layer 'M3' parameter 'SMIN' = 0.040 does not match 0.026 of technology file (NEX-007)
Warning: Technology layer 'M4' setting 'pitch' is not valid (NEX-001)
Warning: Technology layer 'MRDL' setting 'pitch' is not valid (NEX-001)
Warning: Parasitic Tech Library layer 'M1' parameter 'SMIN' = 0.040 does not match 0.026 of technology file (NEX-007)
Warning: Parasitic Tech Library layer 'M2' parameter 'SMIN' = 0.040 does not match 0.026 of technology file (NEX-007)
Warning: Parasitic Tech Library layer 'M3' parameter 'SMIN' = 0.040 does not match 0.026 of technology file (NEX-007)
Warning: Parasitic Tech Library layer 'M8' parameter 'WMIN' = 0.030 does not match 0.060 of technology file (NEX-007)
Warning: Parasitic Tech Library layer 'M8' parameter 'SMIN' = 0.060 does not match 0.040 of technology file (NEX-007)
Warning: Technology layer 'M4' setting 'pitch' is not valid (NEX-001)
Warning: Technology layer 'MRDL' setting 'pitch' is not valid (NEX-001)
Warning: Parasitic Tech Library layer 'M1' parameter 'SMIN' = 0.040 does not match 0.026 of technology file (NEX-007)
Warning: Parasitic Tech Library layer 'M2' parameter 'SMIN' = 0.040 does not match 0.026 of technology file (NEX-007)
Warning: Parasitic Tech Library layer 'M3' parameter 'SMIN' = 0.040 does not match 0.026 of technology file (NEX-007)
Warning: Technology layer 'M4' setting 'pitch' is not valid (NEX-001)
Warning: Technology layer 'MRDL' setting 'pitch' is not valid (NEX-001)
Warning: Parasitic Tech Library layer 'M1' parameter 'SMIN' = 0.040 does not match 0.026 of technology file (NEX-007)
Warning: Parasitic Tech Library layer 'M2' parameter 'SMIN' = 0.040 does not match 0.026 of technology file (NEX-007)
Warning: Parasitic Tech Library layer 'M3' parameter 'SMIN' = 0.040 does not match 0.026 of technology file (NEX-007)
Warning: Parasitic Tech Library layer 'M8' parameter 'WMIN' = 0.030 does not match 0.060 of technology file (NEX-007)
Warning: Parasitic Tech Library layer 'M8' parameter 'SMIN' = 0.060 does not match 0.040 of technology file (NEX-007)
Warning: Technology layer 'M4' setting 'pitch' is not valid (NEX-001)
Warning: Technology layer 'MRDL' setting 'pitch' is not valid (NEX-001)
Warning: Parasitic Tech Library layer 'M1' parameter 'SMIN' = 0.040 does not match 0.026 of technology file (NEX-007)
Warning: Parasitic Tech Library layer 'M2' parameter 'SMIN' = 0.040 does not match 0.026 of technology file (NEX-007)
Warning: Parasitic Tech Library layer 'M3' parameter 'SMIN' = 0.040 does not match 0.026 of technology file (NEX-007)
Warning: Technology layer 'M4' setting 'pitch' is not valid (NEX-001)
Warning: Technology layer 'MRDL' setting 'pitch' is not valid (NEX-001)
Warning: Parasitic Tech Library layer 'M1' parameter 'SMIN' = 0.040 does not match 0.026 of technology file (NEX-007)
Warning: Parasitic Tech Library layer 'M2' parameter 'SMIN' = 0.040 does not match 0.026 of technology file (NEX-007)
Warning: Parasitic Tech Library layer 'M3' parameter 'SMIN' = 0.040 does not match 0.026 of technology file (NEX-007)
Warning: Parasitic Tech Library layer 'M8' parameter 'WMIN' = 0.030 does not match 0.060 of technology file (NEX-007)
Warning: Parasitic Tech Library layer 'M8' parameter 'SMIN' = 0.060 does not match 0.040 of technology file (NEX-007)
Warning: Technology layer 'M4' setting 'pitch' is not valid (NEX-001)
Warning: Technology layer 'MRDL' setting 'pitch' is not valid (NEX-001)
Warning: Parasitic Tech Library layer 'M1' parameter 'SMIN' = 0.040 does not match 0.026 of technology file (NEX-007)
Warning: Parasitic Tech Library layer 'M2' parameter 'SMIN' = 0.040 does not match 0.026 of technology file (NEX-007)
Warning: Parasitic Tech Library layer 'M3' parameter 'SMIN' = 0.040 does not match 0.026 of technology file (NEX-007)
Warning: Technology layer 'M4' setting 'pitch' is not valid (NEX-001)
Warning: Technology layer 'MRDL' setting 'pitch' is not valid (NEX-001)
Warning: Parasitic Tech Library layer 'M1' parameter 'SMIN' = 0.040 does not match 0.026 of technology file (NEX-007)
Warning: Parasitic Tech Library layer 'M2' parameter 'SMIN' = 0.040 does not match 0.026 of technology file (NEX-007)
Warning: Parasitic Tech Library layer 'M3' parameter 'SMIN' = 0.040 does not match 0.026 of technology file (NEX-007)
Warning: Parasitic Tech Library layer 'M8' parameter 'WMIN' = 0.030 does not match 0.060 of technology file (NEX-007)
Warning: Parasitic Tech Library layer 'M8' parameter 'SMIN' = 0.060 does not match 0.040 of technology file (NEX-007)
Warning: Technology layer 'M4' setting 'pitch' is not valid (NEX-001)
Warning: Technology layer 'MRDL' setting 'pitch' is not valid (NEX-001)
Warning: Parasitic Tech Library layer 'M1' parameter 'SMIN' = 0.040 does not match 0.026 of technology file (NEX-007)
Warning: Parasitic Tech Library layer 'M2' parameter 'SMIN' = 0.040 does not match 0.026 of technology file (NEX-007)
Warning: Parasitic Tech Library layer 'M3' parameter 'SMIN' = 0.040 does not match 0.026 of technology file (NEX-007)
Warning: Technology layer 'M4' setting 'pitch' is not valid (NEX-001)
Warning: Technology layer 'MRDL' setting 'pitch' is not valid (NEX-001)
Warning: Parasitic Tech Library layer 'M1' parameter 'SMIN' = 0.040 does not match 0.026 of technology file (NEX-007)
Warning: Parasitic Tech Library layer 'M2' parameter 'SMIN' = 0.040 does not match 0.026 of technology file (NEX-007)
Warning: Parasitic Tech Library layer 'M3' parameter 'SMIN' = 0.040 does not match 0.026 of technology file (NEX-007)
Warning: Parasitic Tech Library layer 'M8' parameter 'WMIN' = 0.030 does not match 0.060 of technology file (NEX-007)
Warning: Parasitic Tech Library layer 'M8' parameter 'SMIN' = 0.060 does not match 0.040 of technology file (NEX-007)
Warning: Technology layer 'M4' setting 'pitch' is not valid (NEX-001)
Warning: Technology layer 'MRDL' setting 'pitch' is not valid (NEX-001)
Warning: Parasitic Tech Library layer 'M1' parameter 'SMIN' = 0.040 does not match 0.026 of technology file (NEX-007)
Warning: Parasitic Tech Library layer 'M2' parameter 'SMIN' = 0.040 does not match 0.026 of technology file (NEX-007)
Warning: Parasitic Tech Library layer 'M3' parameter 'SMIN' = 0.040 does not match 0.026 of technology file (NEX-007)
Warning: Technology layer 'M4' setting 'pitch' is not valid (NEX-001)
Warning: Technology layer 'MRDL' setting 'pitch' is not valid (NEX-001)
Warning: Parasitic Tech Library layer 'M1' parameter 'SMIN' = 0.040 does not match 0.026 of technology file (NEX-007)
Warning: Parasitic Tech Library layer 'M2' parameter 'SMIN' = 0.040 does not match 0.026 of technology file (NEX-007)
Warning: Parasitic Tech Library layer 'M3' parameter 'SMIN' = 0.040 does not match 0.026 of technology file (NEX-007)
Warning: Parasitic Tech Library layer 'M8' parameter 'WMIN' = 0.030 does not match 0.060 of technology file (NEX-007)
Warning: Parasitic Tech Library layer 'M8' parameter 'SMIN' = 0.060 does not match 0.040 of technology file (NEX-007)
Warning: Technology layer 'M4' setting 'pitch' is not valid (NEX-001)
Warning: Technology layer 'MRDL' setting 'pitch' is not valid (NEX-001)
Warning: Parasitic Tech Library layer 'M1' parameter 'SMIN' = 0.040 does not match 0.026 of technology file (NEX-007)
Warning: Parasitic Tech Library layer 'M2' parameter 'SMIN' = 0.040 does not match 0.026 of technology file (NEX-007)
Warning: Parasitic Tech Library layer 'M3' parameter 'SMIN' = 0.040 does not match 0.026 of technology file (NEX-007)
Warning: Technology layer 'M4' setting 'pitch' is not valid (NEX-001)
Warning: Technology layer 'MRDL' setting 'pitch' is not valid (NEX-001)
Warning: Parasitic Tech Library layer 'M1' parameter 'SMIN' = 0.040 does not match 0.026 of technology file (NEX-007)
Warning: Parasitic Tech Library layer 'M2' parameter 'SMIN' = 0.040 does not match 0.026 of technology file (NEX-007)
Warning: Parasitic Tech Library layer 'M3' parameter 'SMIN' = 0.040 does not match 0.026 of technology file (NEX-007)
Warning: Parasitic Tech Library layer 'M8' parameter 'WMIN' = 0.030 does not match 0.060 of technology file (NEX-007)
Warning: Parasitic Tech Library layer 'M8' parameter 'SMIN' = 0.060 does not match 0.040 of technology file (NEX-007)
ORB: timingScenario func_slow_Cmax timingCorner slow_Cmax
INFO: No leakage and power scenarios. Using regular scenarios instead.
INFO: No active leakage scenarios. Leakage will be turned off
Warning: Technology layer 'M4' setting 'pitch' is not valid (NEX-001)
Warning: Technology layer 'MRDL' setting 'pitch' is not valid (NEX-001)
Warning: Parasitic Tech Library layer 'M1' parameter 'SMIN' = 0.040 does not match 0.026 of technology file (NEX-007)
Warning: Parasitic Tech Library layer 'M2' parameter 'SMIN' = 0.040 does not match 0.026 of technology file (NEX-007)
Warning: Parasitic Tech Library layer 'M3' parameter 'SMIN' = 0.040 does not match 0.026 of technology file (NEX-007)
ORB: Nominal = 0.007553  Design MT = inf  Target = 0.054855 (7.263 nominal)  MaxRC = 0.035405
Warning: Technology layer 'M4' setting 'pitch' is not valid (NEX-001)
Warning: Technology layer 'MRDL' setting 'pitch' is not valid (NEX-001)
Warning: Parasitic Tech Library layer 'M1' parameter 'SMIN' = 0.040 does not match 0.026 of technology file (NEX-007)
Warning: Parasitic Tech Library layer 'M2' parameter 'SMIN' = 0.040 does not match 0.026 of technology file (NEX-007)
Warning: Parasitic Tech Library layer 'M3' parameter 'SMIN' = 0.040 does not match 0.026 of technology file (NEX-007)
Warning: Technology layer 'M4' setting 'pitch' is not valid (NEX-001)
Warning: Technology layer 'MRDL' setting 'pitch' is not valid (NEX-001)
Warning: Parasitic Tech Library layer 'M1' parameter 'SMIN' = 0.040 does not match 0.026 of technology file (NEX-007)
Warning: Parasitic Tech Library layer 'M2' parameter 'SMIN' = 0.040 does not match 0.026 of technology file (NEX-007)
Warning: Parasitic Tech Library layer 'M3' parameter 'SMIN' = 0.040 does not match 0.026 of technology file (NEX-007)
Warning: Parasitic Tech Library layer 'M8' parameter 'WMIN' = 0.030 does not match 0.060 of technology file (NEX-007)
Warning: Parasitic Tech Library layer 'M8' parameter 'SMIN' = 0.060 does not match 0.040 of technology file (NEX-007)
Warning: Technology layer 'M4' setting 'pitch' is not valid (NEX-001)
Warning: Technology layer 'MRDL' setting 'pitch' is not valid (NEX-001)
Warning: Parasitic Tech Library layer 'M1' parameter 'SMIN' = 0.040 does not match 0.026 of technology file (NEX-007)
Warning: Parasitic Tech Library layer 'M2' parameter 'SMIN' = 0.040 does not match 0.026 of technology file (NEX-007)
Warning: Parasitic Tech Library layer 'M3' parameter 'SMIN' = 0.040 does not match 0.026 of technology file (NEX-007)
Warning: Technology layer 'M4' setting 'pitch' is not valid (NEX-001)
Warning: Technology layer 'MRDL' setting 'pitch' is not valid (NEX-001)
Warning: Parasitic Tech Library layer 'M1' parameter 'SMIN' = 0.040 does not match 0.026 of technology file (NEX-007)
Warning: Parasitic Tech Library layer 'M2' parameter 'SMIN' = 0.040 does not match 0.026 of technology file (NEX-007)
Warning: Parasitic Tech Library layer 'M3' parameter 'SMIN' = 0.040 does not match 0.026 of technology file (NEX-007)
Warning: Parasitic Tech Library layer 'M8' parameter 'WMIN' = 0.030 does not match 0.060 of technology file (NEX-007)
Warning: Parasitic Tech Library layer 'M8' parameter 'SMIN' = 0.060 does not match 0.040 of technology file (NEX-007)
Warning: Technology layer 'M4' setting 'pitch' is not valid (NEX-001)
Warning: Technology layer 'MRDL' setting 'pitch' is not valid (NEX-001)
Warning: Parasitic Tech Library layer 'M1' parameter 'SMIN' = 0.040 does not match 0.026 of technology file (NEX-007)
Warning: Parasitic Tech Library layer 'M2' parameter 'SMIN' = 0.040 does not match 0.026 of technology file (NEX-007)
Warning: Parasitic Tech Library layer 'M3' parameter 'SMIN' = 0.040 does not match 0.026 of technology file (NEX-007)
Warning: Technology layer 'M4' setting 'pitch' is not valid (NEX-001)
Warning: Technology layer 'MRDL' setting 'pitch' is not valid (NEX-001)
Warning: Parasitic Tech Library layer 'M1' parameter 'SMIN' = 0.040 does not match 0.026 of technology file (NEX-007)
Warning: Parasitic Tech Library layer 'M2' parameter 'SMIN' = 0.040 does not match 0.026 of technology file (NEX-007)
Warning: Parasitic Tech Library layer 'M3' parameter 'SMIN' = 0.040 does not match 0.026 of technology file (NEX-007)
Warning: Parasitic Tech Library layer 'M8' parameter 'WMIN' = 0.030 does not match 0.060 of technology file (NEX-007)
Warning: Parasitic Tech Library layer 'M8' parameter 'SMIN' = 0.060 does not match 0.040 of technology file (NEX-007)
Warning: Technology layer 'M4' setting 'pitch' is not valid (NEX-001)
Warning: Technology layer 'MRDL' setting 'pitch' is not valid (NEX-001)
Warning: Parasitic Tech Library layer 'M1' parameter 'SMIN' = 0.040 does not match 0.026 of technology file (NEX-007)
Warning: Parasitic Tech Library layer 'M2' parameter 'SMIN' = 0.040 does not match 0.026 of technology file (NEX-007)
Warning: Parasitic Tech Library layer 'M3' parameter 'SMIN' = 0.040 does not match 0.026 of technology file (NEX-007)
Warning: Technology layer 'M4' setting 'pitch' is not valid (NEX-001)
Warning: Technology layer 'MRDL' setting 'pitch' is not valid (NEX-001)
Warning: Parasitic Tech Library layer 'M1' parameter 'SMIN' = 0.040 does not match 0.026 of technology file (NEX-007)
Warning: Parasitic Tech Library layer 'M2' parameter 'SMIN' = 0.040 does not match 0.026 of technology file (NEX-007)
Warning: Parasitic Tech Library layer 'M3' parameter 'SMIN' = 0.040 does not match 0.026 of technology file (NEX-007)
Warning: Parasitic Tech Library layer 'M8' parameter 'WMIN' = 0.030 does not match 0.060 of technology file (NEX-007)
Warning: Parasitic Tech Library layer 'M8' parameter 'SMIN' = 0.060 does not match 0.040 of technology file (NEX-007)
Warning: Technology layer 'M4' setting 'pitch' is not valid (NEX-001)
Warning: Technology layer 'MRDL' setting 'pitch' is not valid (NEX-001)
Warning: Parasitic Tech Library layer 'M1' parameter 'SMIN' = 0.040 does not match 0.026 of technology file (NEX-007)
Warning: Parasitic Tech Library layer 'M2' parameter 'SMIN' = 0.040 does not match 0.026 of technology file (NEX-007)
Warning: Parasitic Tech Library layer 'M3' parameter 'SMIN' = 0.040 does not match 0.026 of technology file (NEX-007)
Warning: Technology layer 'M4' setting 'pitch' is not valid (NEX-001)
Warning: Technology layer 'MRDL' setting 'pitch' is not valid (NEX-001)
Warning: Parasitic Tech Library layer 'M1' parameter 'SMIN' = 0.040 does not match 0.026 of technology file (NEX-007)
Warning: Parasitic Tech Library layer 'M2' parameter 'SMIN' = 0.040 does not match 0.026 of technology file (NEX-007)
Warning: Parasitic Tech Library layer 'M3' parameter 'SMIN' = 0.040 does not match 0.026 of technology file (NEX-007)
Warning: Parasitic Tech Library layer 'M8' parameter 'WMIN' = 0.030 does not match 0.060 of technology file (NEX-007)
Warning: Parasitic Tech Library layer 'M8' parameter 'SMIN' = 0.060 does not match 0.040 of technology file (NEX-007)
Warning: Technology layer 'M4' setting 'pitch' is not valid (NEX-001)
Warning: Technology layer 'MRDL' setting 'pitch' is not valid (NEX-001)
Warning: Parasitic Tech Library layer 'M1' parameter 'SMIN' = 0.040 does not match 0.026 of technology file (NEX-007)
Warning: Parasitic Tech Library layer 'M2' parameter 'SMIN' = 0.040 does not match 0.026 of technology file (NEX-007)
Warning: Parasitic Tech Library layer 'M3' parameter 'SMIN' = 0.040 does not match 0.026 of technology file (NEX-007)
Warning: Technology layer 'M4' setting 'pitch' is not valid (NEX-001)
Warning: Technology layer 'MRDL' setting 'pitch' is not valid (NEX-001)
Warning: Parasitic Tech Library layer 'M1' parameter 'SMIN' = 0.040 does not match 0.026 of technology file (NEX-007)
Warning: Parasitic Tech Library layer 'M2' parameter 'SMIN' = 0.040 does not match 0.026 of technology file (NEX-007)
Warning: Parasitic Tech Library layer 'M3' parameter 'SMIN' = 0.040 does not match 0.026 of technology file (NEX-007)
Warning: Parasitic Tech Library layer 'M8' parameter 'WMIN' = 0.030 does not match 0.060 of technology file (NEX-007)
Warning: Parasitic Tech Library layer 'M8' parameter 'SMIN' = 0.060 does not match 0.040 of technology file (NEX-007)
Warning: Technology layer 'M4' setting 'pitch' is not valid (NEX-001)
Warning: Technology layer 'MRDL' setting 'pitch' is not valid (NEX-001)
Warning: Parasitic Tech Library layer 'M1' parameter 'SMIN' = 0.040 does not match 0.026 of technology file (NEX-007)
Warning: Parasitic Tech Library layer 'M2' parameter 'SMIN' = 0.040 does not match 0.026 of technology file (NEX-007)
Warning: Parasitic Tech Library layer 'M3' parameter 'SMIN' = 0.040 does not match 0.026 of technology file (NEX-007)
Warning: Technology layer 'M4' setting 'pitch' is not valid (NEX-001)
Warning: Technology layer 'MRDL' setting 'pitch' is not valid (NEX-001)
Warning: Parasitic Tech Library layer 'M1' parameter 'SMIN' = 0.040 does not match 0.026 of technology file (NEX-007)
Warning: Parasitic Tech Library layer 'M2' parameter 'SMIN' = 0.040 does not match 0.026 of technology file (NEX-007)
Warning: Parasitic Tech Library layer 'M3' parameter 'SMIN' = 0.040 does not match 0.026 of technology file (NEX-007)
Warning: Parasitic Tech Library layer 'M8' parameter 'WMIN' = 0.030 does not match 0.060 of technology file (NEX-007)
Warning: Parasitic Tech Library layer 'M8' parameter 'SMIN' = 0.060 does not match 0.040 of technology file (NEX-007)
Warning: Technology layer 'M4' setting 'pitch' is not valid (NEX-001)
Warning: Technology layer 'MRDL' setting 'pitch' is not valid (NEX-001)
Warning: Parasitic Tech Library layer 'M1' parameter 'SMIN' = 0.040 does not match 0.026 of technology file (NEX-007)
Warning: Parasitic Tech Library layer 'M2' parameter 'SMIN' = 0.040 does not match 0.026 of technology file (NEX-007)
Warning: Parasitic Tech Library layer 'M3' parameter 'SMIN' = 0.040 does not match 0.026 of technology file (NEX-007)
Warning: Technology layer 'M4' setting 'pitch' is not valid (NEX-001)
Warning: Technology layer 'MRDL' setting 'pitch' is not valid (NEX-001)
Warning: Parasitic Tech Library layer 'M1' parameter 'SMIN' = 0.040 does not match 0.026 of technology file (NEX-007)
Warning: Parasitic Tech Library layer 'M2' parameter 'SMIN' = 0.040 does not match 0.026 of technology file (NEX-007)
Warning: Parasitic Tech Library layer 'M3' parameter 'SMIN' = 0.040 does not match 0.026 of technology file (NEX-007)
Warning: Parasitic Tech Library layer 'M8' parameter 'WMIN' = 0.030 does not match 0.060 of technology file (NEX-007)
Warning: Parasitic Tech Library layer 'M8' parameter 'SMIN' = 0.060 does not match 0.040 of technology file (NEX-007)
ORB: timingScenario func_slow_Cmax timingCorner slow_Cmax
INFO: No leakage and power scenarios. Using regular scenarios instead.
INFO: No active leakage scenarios. Leakage will be turned off
Warning: Technology layer 'M4' setting 'pitch' is not valid (NEX-001)
Warning: Technology layer 'MRDL' setting 'pitch' is not valid (NEX-001)
Warning: Parasitic Tech Library layer 'M1' parameter 'SMIN' = 0.040 does not match 0.026 of technology file (NEX-007)
Warning: Parasitic Tech Library layer 'M2' parameter 'SMIN' = 0.040 does not match 0.026 of technology file (NEX-007)
Warning: Parasitic Tech Library layer 'M3' parameter 'SMIN' = 0.040 does not match 0.026 of technology file (NEX-007)
ORB: Nominal = 0.007553  Design MT = inf  Target = 0.054855 (7.263 nominal)  MaxRC = 0.035405
Warning: Technology layer 'M4' setting 'pitch' is not valid (NEX-001)
Warning: Technology layer 'MRDL' setting 'pitch' is not valid (NEX-001)
Warning: Parasitic Tech Library layer 'M1' parameter 'SMIN' = 0.040 does not match 0.026 of technology file (NEX-007)
Warning: Parasitic Tech Library layer 'M2' parameter 'SMIN' = 0.040 does not match 0.026 of technology file (NEX-007)
Warning: Parasitic Tech Library layer 'M3' parameter 'SMIN' = 0.040 does not match 0.026 of technology file (NEX-007)
Warning: Technology layer 'M4' setting 'pitch' is not valid (NEX-001)
Warning: Technology layer 'MRDL' setting 'pitch' is not valid (NEX-001)
Warning: Parasitic Tech Library layer 'M1' parameter 'SMIN' = 0.040 does not match 0.026 of technology file (NEX-007)
Warning: Parasitic Tech Library layer 'M2' parameter 'SMIN' = 0.040 does not match 0.026 of technology file (NEX-007)
Warning: Parasitic Tech Library layer 'M3' parameter 'SMIN' = 0.040 does not match 0.026 of technology file (NEX-007)
Warning: Parasitic Tech Library layer 'M8' parameter 'WMIN' = 0.030 does not match 0.060 of technology file (NEX-007)
Warning: Parasitic Tech Library layer 'M8' parameter 'SMIN' = 0.060 does not match 0.040 of technology file (NEX-007)
Warning: Technology layer 'M4' setting 'pitch' is not valid (NEX-001)
Warning: Technology layer 'MRDL' setting 'pitch' is not valid (NEX-001)
Warning: Parasitic Tech Library layer 'M1' parameter 'SMIN' = 0.040 does not match 0.026 of technology file (NEX-007)
Warning: Parasitic Tech Library layer 'M2' parameter 'SMIN' = 0.040 does not match 0.026 of technology file (NEX-007)
Warning: Parasitic Tech Library layer 'M3' parameter 'SMIN' = 0.040 does not match 0.026 of technology file (NEX-007)
Warning: Technology layer 'M4' setting 'pitch' is not valid (NEX-001)
Warning: Technology layer 'MRDL' setting 'pitch' is not valid (NEX-001)
Warning: Parasitic Tech Library layer 'M1' parameter 'SMIN' = 0.040 does not match 0.026 of technology file (NEX-007)
Warning: Parasitic Tech Library layer 'M2' parameter 'SMIN' = 0.040 does not match 0.026 of technology file (NEX-007)
Warning: Parasitic Tech Library layer 'M3' parameter 'SMIN' = 0.040 does not match 0.026 of technology file (NEX-007)
Warning: Parasitic Tech Library layer 'M8' parameter 'WMIN' = 0.030 does not match 0.060 of technology file (NEX-007)
Warning: Parasitic Tech Library layer 'M8' parameter 'SMIN' = 0.060 does not match 0.040 of technology file (NEX-007)
Warning: Technology layer 'M4' setting 'pitch' is not valid (NEX-001)
Warning: Technology layer 'MRDL' setting 'pitch' is not valid (NEX-001)
Warning: Parasitic Tech Library layer 'M1' parameter 'SMIN' = 0.040 does not match 0.026 of technology file (NEX-007)
Warning: Parasitic Tech Library layer 'M2' parameter 'SMIN' = 0.040 does not match 0.026 of technology file (NEX-007)
Warning: Parasitic Tech Library layer 'M3' parameter 'SMIN' = 0.040 does not match 0.026 of technology file (NEX-007)
Warning: Technology layer 'M4' setting 'pitch' is not valid (NEX-001)
Warning: Technology layer 'MRDL' setting 'pitch' is not valid (NEX-001)
Warning: Parasitic Tech Library layer 'M1' parameter 'SMIN' = 0.040 does not match 0.026 of technology file (NEX-007)
Warning: Parasitic Tech Library layer 'M2' parameter 'SMIN' = 0.040 does not match 0.026 of technology file (NEX-007)
Warning: Parasitic Tech Library layer 'M3' parameter 'SMIN' = 0.040 does not match 0.026 of technology file (NEX-007)
Warning: Parasitic Tech Library layer 'M8' parameter 'WMIN' = 0.030 does not match 0.060 of technology file (NEX-007)
Warning: Parasitic Tech Library layer 'M8' parameter 'SMIN' = 0.060 does not match 0.040 of technology file (NEX-007)
Warning: Technology layer 'M4' setting 'pitch' is not valid (NEX-001)
Warning: Technology layer 'MRDL' setting 'pitch' is not valid (NEX-001)
Warning: Parasitic Tech Library layer 'M1' parameter 'SMIN' = 0.040 does not match 0.026 of technology file (NEX-007)
Warning: Parasitic Tech Library layer 'M2' parameter 'SMIN' = 0.040 does not match 0.026 of technology file (NEX-007)
Warning: Parasitic Tech Library layer 'M3' parameter 'SMIN' = 0.040 does not match 0.026 of technology file (NEX-007)
Warning: Technology layer 'M4' setting 'pitch' is not valid (NEX-001)
Warning: Technology layer 'MRDL' setting 'pitch' is not valid (NEX-001)
Warning: Parasitic Tech Library layer 'M1' parameter 'SMIN' = 0.040 does not match 0.026 of technology file (NEX-007)
Warning: Parasitic Tech Library layer 'M2' parameter 'SMIN' = 0.040 does not match 0.026 of technology file (NEX-007)
Warning: Parasitic Tech Library layer 'M3' parameter 'SMIN' = 0.040 does not match 0.026 of technology file (NEX-007)
Warning: Parasitic Tech Library layer 'M8' parameter 'WMIN' = 0.030 does not match 0.060 of technology file (NEX-007)
Warning: Parasitic Tech Library layer 'M8' parameter 'SMIN' = 0.060 does not match 0.040 of technology file (NEX-007)
Warning: Technology layer 'M4' setting 'pitch' is not valid (NEX-001)
Warning: Technology layer 'MRDL' setting 'pitch' is not valid (NEX-001)
Warning: Parasitic Tech Library layer 'M1' parameter 'SMIN' = 0.040 does not match 0.026 of technology file (NEX-007)
Warning: Parasitic Tech Library layer 'M2' parameter 'SMIN' = 0.040 does not match 0.026 of technology file (NEX-007)
Warning: Parasitic Tech Library layer 'M3' parameter 'SMIN' = 0.040 does not match 0.026 of technology file (NEX-007)
Warning: Technology layer 'M4' setting 'pitch' is not valid (NEX-001)
Warning: Technology layer 'MRDL' setting 'pitch' is not valid (NEX-001)
Warning: Parasitic Tech Library layer 'M1' parameter 'SMIN' = 0.040 does not match 0.026 of technology file (NEX-007)
Warning: Parasitic Tech Library layer 'M2' parameter 'SMIN' = 0.040 does not match 0.026 of technology file (NEX-007)
Warning: Parasitic Tech Library layer 'M3' parameter 'SMIN' = 0.040 does not match 0.026 of technology file (NEX-007)
Warning: Parasitic Tech Library layer 'M8' parameter 'WMIN' = 0.030 does not match 0.060 of technology file (NEX-007)
Warning: Parasitic Tech Library layer 'M8' parameter 'SMIN' = 0.060 does not match 0.040 of technology file (NEX-007)
Warning: Technology layer 'M4' setting 'pitch' is not valid (NEX-001)
Warning: Technology layer 'MRDL' setting 'pitch' is not valid (NEX-001)
Warning: Parasitic Tech Library layer 'M1' parameter 'SMIN' = 0.040 does not match 0.026 of technology file (NEX-007)
Warning: Parasitic Tech Library layer 'M2' parameter 'SMIN' = 0.040 does not match 0.026 of technology file (NEX-007)
Warning: Parasitic Tech Library layer 'M3' parameter 'SMIN' = 0.040 does not match 0.026 of technology file (NEX-007)
Warning: Technology layer 'M4' setting 'pitch' is not valid (NEX-001)
Warning: Technology layer 'MRDL' setting 'pitch' is not valid (NEX-001)
Warning: Parasitic Tech Library layer 'M1' parameter 'SMIN' = 0.040 does not match 0.026 of technology file (NEX-007)
Warning: Parasitic Tech Library layer 'M2' parameter 'SMIN' = 0.040 does not match 0.026 of technology file (NEX-007)
Warning: Parasitic Tech Library layer 'M3' parameter 'SMIN' = 0.040 does not match 0.026 of technology file (NEX-007)
Warning: Parasitic Tech Library layer 'M8' parameter 'WMIN' = 0.030 does not match 0.060 of technology file (NEX-007)
Warning: Parasitic Tech Library layer 'M8' parameter 'SMIN' = 0.060 does not match 0.040 of technology file (NEX-007)
Warning: Technology layer 'M4' setting 'pitch' is not valid (NEX-001)
Warning: Technology layer 'MRDL' setting 'pitch' is not valid (NEX-001)
Warning: Parasitic Tech Library layer 'M1' parameter 'SMIN' = 0.040 does not match 0.026 of technology file (NEX-007)
Warning: Parasitic Tech Library layer 'M2' parameter 'SMIN' = 0.040 does not match 0.026 of technology file (NEX-007)
Warning: Parasitic Tech Library layer 'M3' parameter 'SMIN' = 0.040 does not match 0.026 of technology file (NEX-007)
Warning: Technology layer 'M4' setting 'pitch' is not valid (NEX-001)
Warning: Technology layer 'MRDL' setting 'pitch' is not valid (NEX-001)
Warning: Parasitic Tech Library layer 'M1' parameter 'SMIN' = 0.040 does not match 0.026 of technology file (NEX-007)
Warning: Parasitic Tech Library layer 'M2' parameter 'SMIN' = 0.040 does not match 0.026 of technology file (NEX-007)
Warning: Parasitic Tech Library layer 'M3' parameter 'SMIN' = 0.040 does not match 0.026 of technology file (NEX-007)
Warning: Parasitic Tech Library layer 'M8' parameter 'WMIN' = 0.030 does not match 0.060 of technology file (NEX-007)
Warning: Parasitic Tech Library layer 'M8' parameter 'SMIN' = 0.060 does not match 0.040 of technology file (NEX-007)
Warning: Technology layer 'M4' setting 'pitch' is not valid (NEX-001)
Warning: Technology layer 'MRDL' setting 'pitch' is not valid (NEX-001)
Warning: Parasitic Tech Library layer 'M1' parameter 'SMIN' = 0.040 does not match 0.026 of technology file (NEX-007)
Warning: Parasitic Tech Library layer 'M2' parameter 'SMIN' = 0.040 does not match 0.026 of technology file (NEX-007)
Warning: Parasitic Tech Library layer 'M3' parameter 'SMIN' = 0.040 does not match 0.026 of technology file (NEX-007)
Warning: Technology layer 'M4' setting 'pitch' is not valid (NEX-001)
Warning: Technology layer 'MRDL' setting 'pitch' is not valid (NEX-001)
Warning: Parasitic Tech Library layer 'M1' parameter 'SMIN' = 0.040 does not match 0.026 of technology file (NEX-007)
Warning: Parasitic Tech Library layer 'M2' parameter 'SMIN' = 0.040 does not match 0.026 of technology file (NEX-007)
Warning: Parasitic Tech Library layer 'M3' parameter 'SMIN' = 0.040 does not match 0.026 of technology file (NEX-007)
Warning: Parasitic Tech Library layer 'M8' parameter 'WMIN' = 0.030 does not match 0.060 of technology file (NEX-007)
Warning: Parasitic Tech Library layer 'M8' parameter 'SMIN' = 0.060 does not match 0.040 of technology file (NEX-007)
ORB: timingScenario func_slow_Cmax timingCorner slow_Cmax
INFO: No leakage and power scenarios. Using regular scenarios instead.
INFO: No active leakage scenarios. Leakage will be turned off
Warning: Technology layer 'M4' setting 'pitch' is not valid (NEX-001)
Warning: Technology layer 'MRDL' setting 'pitch' is not valid (NEX-001)
Warning: Parasitic Tech Library layer 'M1' parameter 'SMIN' = 0.040 does not match 0.026 of technology file (NEX-007)
Warning: Parasitic Tech Library layer 'M2' parameter 'SMIN' = 0.040 does not match 0.026 of technology file (NEX-007)
Warning: Parasitic Tech Library layer 'M3' parameter 'SMIN' = 0.040 does not match 0.026 of technology file (NEX-007)
ORB: Nominal = 0.007553  Design MT = inf  Target = 0.054855 (7.263 nominal)  MaxRC = 0.035405
Warning: Technology layer 'M4' setting 'pitch' is not valid (NEX-001)
Warning: Technology layer 'MRDL' setting 'pitch' is not valid (NEX-001)
Warning: Parasitic Tech Library layer 'M1' parameter 'SMIN' = 0.040 does not match 0.026 of technology file (NEX-007)
Warning: Parasitic Tech Library layer 'M2' parameter 'SMIN' = 0.040 does not match 0.026 of technology file (NEX-007)
Warning: Parasitic Tech Library layer 'M3' parameter 'SMIN' = 0.040 does not match 0.026 of technology file (NEX-007)
Warning: Technology layer 'M4' setting 'pitch' is not valid (NEX-001)
Warning: Technology layer 'MRDL' setting 'pitch' is not valid (NEX-001)
Warning: Parasitic Tech Library layer 'M1' parameter 'SMIN' = 0.040 does not match 0.026 of technology file (NEX-007)
Warning: Parasitic Tech Library layer 'M2' parameter 'SMIN' = 0.040 does not match 0.026 of technology file (NEX-007)
Warning: Parasitic Tech Library layer 'M3' parameter 'SMIN' = 0.040 does not match 0.026 of technology file (NEX-007)
Warning: Parasitic Tech Library layer 'M8' parameter 'WMIN' = 0.030 does not match 0.060 of technology file (NEX-007)
Warning: Parasitic Tech Library layer 'M8' parameter 'SMIN' = 0.060 does not match 0.040 of technology file (NEX-007)
Warning: Technology layer 'M4' setting 'pitch' is not valid (NEX-001)
Warning: Technology layer 'MRDL' setting 'pitch' is not valid (NEX-001)
Warning: Parasitic Tech Library layer 'M1' parameter 'SMIN' = 0.040 does not match 0.026 of technology file (NEX-007)
Warning: Parasitic Tech Library layer 'M2' parameter 'SMIN' = 0.040 does not match 0.026 of technology file (NEX-007)
Warning: Parasitic Tech Library layer 'M3' parameter 'SMIN' = 0.040 does not match 0.026 of technology file (NEX-007)
Warning: Technology layer 'M4' setting 'pitch' is not valid (NEX-001)
Warning: Technology layer 'MRDL' setting 'pitch' is not valid (NEX-001)
Warning: Parasitic Tech Library layer 'M1' parameter 'SMIN' = 0.040 does not match 0.026 of technology file (NEX-007)
Warning: Parasitic Tech Library layer 'M2' parameter 'SMIN' = 0.040 does not match 0.026 of technology file (NEX-007)
Warning: Parasitic Tech Library layer 'M3' parameter 'SMIN' = 0.040 does not match 0.026 of technology file (NEX-007)
Warning: Parasitic Tech Library layer 'M8' parameter 'WMIN' = 0.030 does not match 0.060 of technology file (NEX-007)
Warning: Parasitic Tech Library layer 'M8' parameter 'SMIN' = 0.060 does not match 0.040 of technology file (NEX-007)
Warning: Technology layer 'M4' setting 'pitch' is not valid (NEX-001)
Warning: Technology layer 'MRDL' setting 'pitch' is not valid (NEX-001)
Warning: Parasitic Tech Library layer 'M1' parameter 'SMIN' = 0.040 does not match 0.026 of technology file (NEX-007)
Warning: Parasitic Tech Library layer 'M2' parameter 'SMIN' = 0.040 does not match 0.026 of technology file (NEX-007)
Warning: Parasitic Tech Library layer 'M3' parameter 'SMIN' = 0.040 does not match 0.026 of technology file (NEX-007)
Warning: Technology layer 'M4' setting 'pitch' is not valid (NEX-001)
Warning: Technology layer 'MRDL' setting 'pitch' is not valid (NEX-001)
Warning: Parasitic Tech Library layer 'M1' parameter 'SMIN' = 0.040 does not match 0.026 of technology file (NEX-007)
Warning: Parasitic Tech Library layer 'M2' parameter 'SMIN' = 0.040 does not match 0.026 of technology file (NEX-007)
Warning: Parasitic Tech Library layer 'M3' parameter 'SMIN' = 0.040 does not match 0.026 of technology file (NEX-007)
Warning: Parasitic Tech Library layer 'M8' parameter 'WMIN' = 0.030 does not match 0.060 of technology file (NEX-007)
Warning: Parasitic Tech Library layer 'M8' parameter 'SMIN' = 0.060 does not match 0.040 of technology file (NEX-007)
Warning: Technology layer 'M4' setting 'pitch' is not valid (NEX-001)
Warning: Technology layer 'MRDL' setting 'pitch' is not valid (NEX-001)
Warning: Parasitic Tech Library layer 'M1' parameter 'SMIN' = 0.040 does not match 0.026 of technology file (NEX-007)
Warning: Parasitic Tech Library layer 'M2' parameter 'SMIN' = 0.040 does not match 0.026 of technology file (NEX-007)
Warning: Parasitic Tech Library layer 'M3' parameter 'SMIN' = 0.040 does not match 0.026 of technology file (NEX-007)
Warning: Technology layer 'M4' setting 'pitch' is not valid (NEX-001)
Warning: Technology layer 'MRDL' setting 'pitch' is not valid (NEX-001)
Warning: Parasitic Tech Library layer 'M1' parameter 'SMIN' = 0.040 does not match 0.026 of technology file (NEX-007)
Warning: Parasitic Tech Library layer 'M2' parameter 'SMIN' = 0.040 does not match 0.026 of technology file (NEX-007)
Warning: Parasitic Tech Library layer 'M3' parameter 'SMIN' = 0.040 does not match 0.026 of technology file (NEX-007)
Warning: Parasitic Tech Library layer 'M8' parameter 'WMIN' = 0.030 does not match 0.060 of technology file (NEX-007)
Warning: Parasitic Tech Library layer 'M8' parameter 'SMIN' = 0.060 does not match 0.040 of technology file (NEX-007)
Warning: Technology layer 'M4' setting 'pitch' is not valid (NEX-001)
Warning: Technology layer 'MRDL' setting 'pitch' is not valid (NEX-001)
Warning: Parasitic Tech Library layer 'M1' parameter 'SMIN' = 0.040 does not match 0.026 of technology file (NEX-007)
Warning: Parasitic Tech Library layer 'M2' parameter 'SMIN' = 0.040 does not match 0.026 of technology file (NEX-007)
Warning: Parasitic Tech Library layer 'M3' parameter 'SMIN' = 0.040 does not match 0.026 of technology file (NEX-007)
Warning: Technology layer 'M4' setting 'pitch' is not valid (NEX-001)
Warning: Technology layer 'MRDL' setting 'pitch' is not valid (NEX-001)
Warning: Parasitic Tech Library layer 'M1' parameter 'SMIN' = 0.040 does not match 0.026 of technology file (NEX-007)
Warning: Parasitic Tech Library layer 'M2' parameter 'SMIN' = 0.040 does not match 0.026 of technology file (NEX-007)
Warning: Parasitic Tech Library layer 'M3' parameter 'SMIN' = 0.040 does not match 0.026 of technology file (NEX-007)
Warning: Parasitic Tech Library layer 'M8' parameter 'WMIN' = 0.030 does not match 0.060 of technology file (NEX-007)
Warning: Parasitic Tech Library layer 'M8' parameter 'SMIN' = 0.060 does not match 0.040 of technology file (NEX-007)
Warning: Technology layer 'M4' setting 'pitch' is not valid (NEX-001)
Warning: Technology layer 'MRDL' setting 'pitch' is not valid (NEX-001)
Warning: Parasitic Tech Library layer 'M1' parameter 'SMIN' = 0.040 does not match 0.026 of technology file (NEX-007)
Warning: Parasitic Tech Library layer 'M2' parameter 'SMIN' = 0.040 does not match 0.026 of technology file (NEX-007)
Warning: Parasitic Tech Library layer 'M3' parameter 'SMIN' = 0.040 does not match 0.026 of technology file (NEX-007)
Warning: Technology layer 'M4' setting 'pitch' is not valid (NEX-001)
Warning: Technology layer 'MRDL' setting 'pitch' is not valid (NEX-001)
Warning: Parasitic Tech Library layer 'M1' parameter 'SMIN' = 0.040 does not match 0.026 of technology file (NEX-007)
Warning: Parasitic Tech Library layer 'M2' parameter 'SMIN' = 0.040 does not match 0.026 of technology file (NEX-007)
Warning: Parasitic Tech Library layer 'M3' parameter 'SMIN' = 0.040 does not match 0.026 of technology file (NEX-007)
Warning: Parasitic Tech Library layer 'M8' parameter 'WMIN' = 0.030 does not match 0.060 of technology file (NEX-007)
Warning: Parasitic Tech Library layer 'M8' parameter 'SMIN' = 0.060 does not match 0.040 of technology file (NEX-007)
Warning: Technology layer 'M4' setting 'pitch' is not valid (NEX-001)
Warning: Technology layer 'MRDL' setting 'pitch' is not valid (NEX-001)
Warning: Parasitic Tech Library layer 'M1' parameter 'SMIN' = 0.040 does not match 0.026 of technology file (NEX-007)
Warning: Parasitic Tech Library layer 'M2' parameter 'SMIN' = 0.040 does not match 0.026 of technology file (NEX-007)
Warning: Parasitic Tech Library layer 'M3' parameter 'SMIN' = 0.040 does not match 0.026 of technology file (NEX-007)
Warning: Technology layer 'M4' setting 'pitch' is not valid (NEX-001)
Warning: Technology layer 'MRDL' setting 'pitch' is not valid (NEX-001)
Warning: Parasitic Tech Library layer 'M1' parameter 'SMIN' = 0.040 does not match 0.026 of technology file (NEX-007)
Warning: Parasitic Tech Library layer 'M2' parameter 'SMIN' = 0.040 does not match 0.026 of technology file (NEX-007)
Warning: Parasitic Tech Library layer 'M3' parameter 'SMIN' = 0.040 does not match 0.026 of technology file (NEX-007)
Warning: Parasitic Tech Library layer 'M8' parameter 'WMIN' = 0.030 does not match 0.060 of technology file (NEX-007)
Warning: Parasitic Tech Library layer 'M8' parameter 'SMIN' = 0.060 does not match 0.040 of technology file (NEX-007)
Warning: Technology layer 'M4' setting 'pitch' is not valid (NEX-001)
Warning: Technology layer 'MRDL' setting 'pitch' is not valid (NEX-001)
Warning: Parasitic Tech Library layer 'M1' parameter 'SMIN' = 0.040 does not match 0.026 of technology file (NEX-007)
Warning: Parasitic Tech Library layer 'M2' parameter 'SMIN' = 0.040 does not match 0.026 of technology file (NEX-007)
Warning: Parasitic Tech Library layer 'M3' parameter 'SMIN' = 0.040 does not match 0.026 of technology file (NEX-007)
Warning: Technology layer 'M4' setting 'pitch' is not valid (NEX-001)
Warning: Technology layer 'MRDL' setting 'pitch' is not valid (NEX-001)
Warning: Parasitic Tech Library layer 'M1' parameter 'SMIN' = 0.040 does not match 0.026 of technology file (NEX-007)
Warning: Parasitic Tech Library layer 'M2' parameter 'SMIN' = 0.040 does not match 0.026 of technology file (NEX-007)
Warning: Parasitic Tech Library layer 'M3' parameter 'SMIN' = 0.040 does not match 0.026 of technology file (NEX-007)
Warning: Parasitic Tech Library layer 'M8' parameter 'WMIN' = 0.030 does not match 0.060 of technology file (NEX-007)
Warning: Parasitic Tech Library layer 'M8' parameter 'SMIN' = 0.060 does not match 0.040 of technology file (NEX-007)
ORB: timingScenario func_slow_Cmax timingCorner slow_Cmax
INFO: No leakage and power scenarios. Using regular scenarios instead.
INFO: No active leakage scenarios. Leakage will be turned off
Warning: Technology layer 'M4' setting 'pitch' is not valid (NEX-001)
Warning: Technology layer 'MRDL' setting 'pitch' is not valid (NEX-001)
Warning: Parasitic Tech Library layer 'M1' parameter 'SMIN' = 0.040 does not match 0.026 of technology file (NEX-007)
Warning: Parasitic Tech Library layer 'M2' parameter 'SMIN' = 0.040 does not match 0.026 of technology file (NEX-007)
Warning: Parasitic Tech Library layer 'M3' parameter 'SMIN' = 0.040 does not match 0.026 of technology file (NEX-007)
ORB: Nominal = 0.007553  Design MT = inf  Target = 0.054855 (7.263 nominal)  MaxRC = 0.035405
Warning: Technology layer 'M4' setting 'pitch' is not valid (NEX-001)
Warning: Technology layer 'MRDL' setting 'pitch' is not valid (NEX-001)
Warning: Parasitic Tech Library layer 'M1' parameter 'SMIN' = 0.040 does not match 0.026 of technology file (NEX-007)
Warning: Parasitic Tech Library layer 'M2' parameter 'SMIN' = 0.040 does not match 0.026 of technology file (NEX-007)
Warning: Parasitic Tech Library layer 'M3' parameter 'SMIN' = 0.040 does not match 0.026 of technology file (NEX-007)
Warning: Technology layer 'M4' setting 'pitch' is not valid (NEX-001)
Warning: Technology layer 'MRDL' setting 'pitch' is not valid (NEX-001)
Warning: Parasitic Tech Library layer 'M1' parameter 'SMIN' = 0.040 does not match 0.026 of technology file (NEX-007)
Warning: Parasitic Tech Library layer 'M2' parameter 'SMIN' = 0.040 does not match 0.026 of technology file (NEX-007)
Warning: Parasitic Tech Library layer 'M3' parameter 'SMIN' = 0.040 does not match 0.026 of technology file (NEX-007)
Warning: Parasitic Tech Library layer 'M8' parameter 'WMIN' = 0.030 does not match 0.060 of technology file (NEX-007)
Warning: Parasitic Tech Library layer 'M8' parameter 'SMIN' = 0.060 does not match 0.040 of technology file (NEX-007)
Warning: Technology layer 'M4' setting 'pitch' is not valid (NEX-001)
Warning: Technology layer 'MRDL' setting 'pitch' is not valid (NEX-001)
Warning: Parasitic Tech Library layer 'M1' parameter 'SMIN' = 0.040 does not match 0.026 of technology file (NEX-007)
Warning: Parasitic Tech Library layer 'M2' parameter 'SMIN' = 0.040 does not match 0.026 of technology file (NEX-007)
Warning: Parasitic Tech Library layer 'M3' parameter 'SMIN' = 0.040 does not match 0.026 of technology file (NEX-007)
Warning: Technology layer 'M4' setting 'pitch' is not valid (NEX-001)
Warning: Technology layer 'MRDL' setting 'pitch' is not valid (NEX-001)
Warning: Parasitic Tech Library layer 'M1' parameter 'SMIN' = 0.040 does not match 0.026 of technology file (NEX-007)
Warning: Parasitic Tech Library layer 'M2' parameter 'SMIN' = 0.040 does not match 0.026 of technology file (NEX-007)
Warning: Parasitic Tech Library layer 'M3' parameter 'SMIN' = 0.040 does not match 0.026 of technology file (NEX-007)
Warning: Parasitic Tech Library layer 'M8' parameter 'WMIN' = 0.030 does not match 0.060 of technology file (NEX-007)
Warning: Parasitic Tech Library layer 'M8' parameter 'SMIN' = 0.060 does not match 0.040 of technology file (NEX-007)
Warning: Technology layer 'M4' setting 'pitch' is not valid (NEX-001)
Warning: Technology layer 'MRDL' setting 'pitch' is not valid (NEX-001)
Warning: Parasitic Tech Library layer 'M1' parameter 'SMIN' = 0.040 does not match 0.026 of technology file (NEX-007)
Warning: Parasitic Tech Library layer 'M2' parameter 'SMIN' = 0.040 does not match 0.026 of technology file (NEX-007)
Warning: Parasitic Tech Library layer 'M3' parameter 'SMIN' = 0.040 does not match 0.026 of technology file (NEX-007)
Warning: Technology layer 'M4' setting 'pitch' is not valid (NEX-001)
Warning: Technology layer 'MRDL' setting 'pitch' is not valid (NEX-001)
Warning: Parasitic Tech Library layer 'M1' parameter 'SMIN' = 0.040 does not match 0.026 of technology file (NEX-007)
Warning: Parasitic Tech Library layer 'M2' parameter 'SMIN' = 0.040 does not match 0.026 of technology file (NEX-007)
Warning: Parasitic Tech Library layer 'M3' parameter 'SMIN' = 0.040 does not match 0.026 of technology file (NEX-007)
Warning: Parasitic Tech Library layer 'M8' parameter 'WMIN' = 0.030 does not match 0.060 of technology file (NEX-007)
Warning: Parasitic Tech Library layer 'M8' parameter 'SMIN' = 0.060 does not match 0.040 of technology file (NEX-007)
Warning: Technology layer 'M4' setting 'pitch' is not valid (NEX-001)
Warning: Technology layer 'MRDL' setting 'pitch' is not valid (NEX-001)
Warning: Parasitic Tech Library layer 'M1' parameter 'SMIN' = 0.040 does not match 0.026 of technology file (NEX-007)
Warning: Parasitic Tech Library layer 'M2' parameter 'SMIN' = 0.040 does not match 0.026 of technology file (NEX-007)
Warning: Parasitic Tech Library layer 'M3' parameter 'SMIN' = 0.040 does not match 0.026 of technology file (NEX-007)
Warning: Technology layer 'M4' setting 'pitch' is not valid (NEX-001)
Warning: Technology layer 'MRDL' setting 'pitch' is not valid (NEX-001)
Warning: Parasitic Tech Library layer 'M1' parameter 'SMIN' = 0.040 does not match 0.026 of technology file (NEX-007)
Warning: Parasitic Tech Library layer 'M2' parameter 'SMIN' = 0.040 does not match 0.026 of technology file (NEX-007)
Warning: Parasitic Tech Library layer 'M3' parameter 'SMIN' = 0.040 does not match 0.026 of technology file (NEX-007)
Warning: Parasitic Tech Library layer 'M8' parameter 'WMIN' = 0.030 does not match 0.060 of technology file (NEX-007)
Warning: Parasitic Tech Library layer 'M8' parameter 'SMIN' = 0.060 does not match 0.040 of technology file (NEX-007)
Warning: Technology layer 'M4' setting 'pitch' is not valid (NEX-001)
Warning: Technology layer 'MRDL' setting 'pitch' is not valid (NEX-001)
Warning: Parasitic Tech Library layer 'M1' parameter 'SMIN' = 0.040 does not match 0.026 of technology file (NEX-007)
Warning: Parasitic Tech Library layer 'M2' parameter 'SMIN' = 0.040 does not match 0.026 of technology file (NEX-007)
Warning: Parasitic Tech Library layer 'M3' parameter 'SMIN' = 0.040 does not match 0.026 of technology file (NEX-007)
Warning: Technology layer 'M4' setting 'pitch' is not valid (NEX-001)
Warning: Technology layer 'MRDL' setting 'pitch' is not valid (NEX-001)
Warning: Parasitic Tech Library layer 'M1' parameter 'SMIN' = 0.040 does not match 0.026 of technology file (NEX-007)
Warning: Parasitic Tech Library layer 'M2' parameter 'SMIN' = 0.040 does not match 0.026 of technology file (NEX-007)
Warning: Parasitic Tech Library layer 'M3' parameter 'SMIN' = 0.040 does not match 0.026 of technology file (NEX-007)
Warning: Parasitic Tech Library layer 'M8' parameter 'WMIN' = 0.030 does not match 0.060 of technology file (NEX-007)
Warning: Parasitic Tech Library layer 'M8' parameter 'SMIN' = 0.060 does not match 0.040 of technology file (NEX-007)
Warning: Technology layer 'M4' setting 'pitch' is not valid (NEX-001)
Warning: Technology layer 'MRDL' setting 'pitch' is not valid (NEX-001)
Warning: Parasitic Tech Library layer 'M1' parameter 'SMIN' = 0.040 does not match 0.026 of technology file (NEX-007)
Warning: Parasitic Tech Library layer 'M2' parameter 'SMIN' = 0.040 does not match 0.026 of technology file (NEX-007)
Warning: Parasitic Tech Library layer 'M3' parameter 'SMIN' = 0.040 does not match 0.026 of technology file (NEX-007)
Warning: Technology layer 'M4' setting 'pitch' is not valid (NEX-001)
Warning: Technology layer 'MRDL' setting 'pitch' is not valid (NEX-001)
Warning: Parasitic Tech Library layer 'M1' parameter 'SMIN' = 0.040 does not match 0.026 of technology file (NEX-007)
Warning: Parasitic Tech Library layer 'M2' parameter 'SMIN' = 0.040 does not match 0.026 of technology file (NEX-007)
Warning: Parasitic Tech Library layer 'M3' parameter 'SMIN' = 0.040 does not match 0.026 of technology file (NEX-007)
Warning: Parasitic Tech Library layer 'M8' parameter 'WMIN' = 0.030 does not match 0.060 of technology file (NEX-007)
Warning: Parasitic Tech Library layer 'M8' parameter 'SMIN' = 0.060 does not match 0.040 of technology file (NEX-007)
Warning: Technology layer 'M4' setting 'pitch' is not valid (NEX-001)
Warning: Technology layer 'MRDL' setting 'pitch' is not valid (NEX-001)
Warning: Parasitic Tech Library layer 'M1' parameter 'SMIN' = 0.040 does not match 0.026 of technology file (NEX-007)
Warning: Parasitic Tech Library layer 'M2' parameter 'SMIN' = 0.040 does not match 0.026 of technology file (NEX-007)
Warning: Parasitic Tech Library layer 'M3' parameter 'SMIN' = 0.040 does not match 0.026 of technology file (NEX-007)
Warning: Technology layer 'M4' setting 'pitch' is not valid (NEX-001)
Warning: Technology layer 'MRDL' setting 'pitch' is not valid (NEX-001)
Warning: Parasitic Tech Library layer 'M1' parameter 'SMIN' = 0.040 does not match 0.026 of technology file (NEX-007)
Warning: Parasitic Tech Library layer 'M2' parameter 'SMIN' = 0.040 does not match 0.026 of technology file (NEX-007)
Warning: Parasitic Tech Library layer 'M3' parameter 'SMIN' = 0.040 does not match 0.026 of technology file (NEX-007)
Warning: Parasitic Tech Library layer 'M8' parameter 'WMIN' = 0.030 does not match 0.060 of technology file (NEX-007)
Warning: Parasitic Tech Library layer 'M8' parameter 'SMIN' = 0.060 does not match 0.040 of technology file (NEX-007)
Warning: Technology layer 'M4' setting 'pitch' is not valid (NEX-001)
Warning: Technology layer 'MRDL' setting 'pitch' is not valid (NEX-001)
Warning: Parasitic Tech Library layer 'M1' parameter 'SMIN' = 0.040 does not match 0.026 of technology file (NEX-007)
Warning: Parasitic Tech Library layer 'M2' parameter 'SMIN' = 0.040 does not match 0.026 of technology file (NEX-007)
Warning: Parasitic Tech Library layer 'M3' parameter 'SMIN' = 0.040 does not match 0.026 of technology file (NEX-007)
Warning: Technology layer 'M4' setting 'pitch' is not valid (NEX-001)
Warning: Technology layer 'MRDL' setting 'pitch' is not valid (NEX-001)
Warning: Parasitic Tech Library layer 'M1' parameter 'SMIN' = 0.040 does not match 0.026 of technology file (NEX-007)
Warning: Parasitic Tech Library layer 'M2' parameter 'SMIN' = 0.040 does not match 0.026 of technology file (NEX-007)
Warning: Parasitic Tech Library layer 'M3' parameter 'SMIN' = 0.040 does not match 0.026 of technology file (NEX-007)
Warning: Parasitic Tech Library layer 'M8' parameter 'WMIN' = 0.030 does not match 0.060 of technology file (NEX-007)
Warning: Parasitic Tech Library layer 'M8' parameter 'SMIN' = 0.060 does not match 0.040 of technology file (NEX-007)
ORB: timingScenario func_slow_Cmax timingCorner slow_Cmax
INFO: No leakage and power scenarios. Using regular scenarios instead.
INFO: No active leakage scenarios. Leakage will be turned off
Warning: Technology layer 'M4' setting 'pitch' is not valid (NEX-001)
Warning: Technology layer 'MRDL' setting 'pitch' is not valid (NEX-001)
Warning: Parasitic Tech Library layer 'M1' parameter 'SMIN' = 0.040 does not match 0.026 of technology file (NEX-007)
Warning: Parasitic Tech Library layer 'M2' parameter 'SMIN' = 0.040 does not match 0.026 of technology file (NEX-007)
Warning: Parasitic Tech Library layer 'M3' parameter 'SMIN' = 0.040 does not match 0.026 of technology file (NEX-007)
ORB: Nominal = 0.007553  Design MT = inf  Target = 0.054855 (7.263 nominal)  MaxRC = 0.035405
Warning: Technology layer 'M4' setting 'pitch' is not valid (NEX-001)
Warning: Technology layer 'MRDL' setting 'pitch' is not valid (NEX-001)
Warning: Parasitic Tech Library layer 'M1' parameter 'SMIN' = 0.040 does not match 0.026 of technology file (NEX-007)
Warning: Parasitic Tech Library layer 'M2' parameter 'SMIN' = 0.040 does not match 0.026 of technology file (NEX-007)
Warning: Parasitic Tech Library layer 'M3' parameter 'SMIN' = 0.040 does not match 0.026 of technology file (NEX-007)
Warning: Technology layer 'M4' setting 'pitch' is not valid (NEX-001)
Warning: Technology layer 'MRDL' setting 'pitch' is not valid (NEX-001)
Warning: Parasitic Tech Library layer 'M1' parameter 'SMIN' = 0.040 does not match 0.026 of technology file (NEX-007)
Warning: Parasitic Tech Library layer 'M2' parameter 'SMIN' = 0.040 does not match 0.026 of technology file (NEX-007)
Warning: Parasitic Tech Library layer 'M3' parameter 'SMIN' = 0.040 does not match 0.026 of technology file (NEX-007)
Warning: Parasitic Tech Library layer 'M8' parameter 'WMIN' = 0.030 does not match 0.060 of technology file (NEX-007)
Warning: Parasitic Tech Library layer 'M8' parameter 'SMIN' = 0.060 does not match 0.040 of technology file (NEX-007)
Warning: Technology layer 'M4' setting 'pitch' is not valid (NEX-001)
Warning: Technology layer 'MRDL' setting 'pitch' is not valid (NEX-001)
Warning: Parasitic Tech Library layer 'M1' parameter 'SMIN' = 0.040 does not match 0.026 of technology file (NEX-007)
Warning: Parasitic Tech Library layer 'M2' parameter 'SMIN' = 0.040 does not match 0.026 of technology file (NEX-007)
Warning: Parasitic Tech Library layer 'M3' parameter 'SMIN' = 0.040 does not match 0.026 of technology file (NEX-007)
Warning: Technology layer 'M4' setting 'pitch' is not valid (NEX-001)
Warning: Technology layer 'MRDL' setting 'pitch' is not valid (NEX-001)
Warning: Parasitic Tech Library layer 'M1' parameter 'SMIN' = 0.040 does not match 0.026 of technology file (NEX-007)
Warning: Parasitic Tech Library layer 'M2' parameter 'SMIN' = 0.040 does not match 0.026 of technology file (NEX-007)
Warning: Parasitic Tech Library layer 'M3' parameter 'SMIN' = 0.040 does not match 0.026 of technology file (NEX-007)
Warning: Parasitic Tech Library layer 'M8' parameter 'WMIN' = 0.030 does not match 0.060 of technology file (NEX-007)
Warning: Parasitic Tech Library layer 'M8' parameter 'SMIN' = 0.060 does not match 0.040 of technology file (NEX-007)
Warning: Technology layer 'M4' setting 'pitch' is not valid (NEX-001)
Warning: Technology layer 'MRDL' setting 'pitch' is not valid (NEX-001)
Warning: Parasitic Tech Library layer 'M1' parameter 'SMIN' = 0.040 does not match 0.026 of technology file (NEX-007)
Warning: Parasitic Tech Library layer 'M2' parameter 'SMIN' = 0.040 does not match 0.026 of technology file (NEX-007)
Warning: Parasitic Tech Library layer 'M3' parameter 'SMIN' = 0.040 does not match 0.026 of technology file (NEX-007)
Warning: Technology layer 'M4' setting 'pitch' is not valid (NEX-001)
Warning: Technology layer 'MRDL' setting 'pitch' is not valid (NEX-001)
Warning: Parasitic Tech Library layer 'M1' parameter 'SMIN' = 0.040 does not match 0.026 of technology file (NEX-007)
Warning: Parasitic Tech Library layer 'M2' parameter 'SMIN' = 0.040 does not match 0.026 of technology file (NEX-007)
Warning: Parasitic Tech Library layer 'M3' parameter 'SMIN' = 0.040 does not match 0.026 of technology file (NEX-007)
Warning: Parasitic Tech Library layer 'M8' parameter 'WMIN' = 0.030 does not match 0.060 of technology file (NEX-007)
Warning: Parasitic Tech Library layer 'M8' parameter 'SMIN' = 0.060 does not match 0.040 of technology file (NEX-007)
Warning: Technology layer 'M4' setting 'pitch' is not valid (NEX-001)
Warning: Technology layer 'MRDL' setting 'pitch' is not valid (NEX-001)
Warning: Parasitic Tech Library layer 'M1' parameter 'SMIN' = 0.040 does not match 0.026 of technology file (NEX-007)
Warning: Parasitic Tech Library layer 'M2' parameter 'SMIN' = 0.040 does not match 0.026 of technology file (NEX-007)
Warning: Parasitic Tech Library layer 'M3' parameter 'SMIN' = 0.040 does not match 0.026 of technology file (NEX-007)
Warning: Technology layer 'M4' setting 'pitch' is not valid (NEX-001)
Warning: Technology layer 'MRDL' setting 'pitch' is not valid (NEX-001)
Warning: Parasitic Tech Library layer 'M1' parameter 'SMIN' = 0.040 does not match 0.026 of technology file (NEX-007)
Warning: Parasitic Tech Library layer 'M2' parameter 'SMIN' = 0.040 does not match 0.026 of technology file (NEX-007)
Warning: Parasitic Tech Library layer 'M3' parameter 'SMIN' = 0.040 does not match 0.026 of technology file (NEX-007)
Warning: Parasitic Tech Library layer 'M8' parameter 'WMIN' = 0.030 does not match 0.060 of technology file (NEX-007)
Warning: Parasitic Tech Library layer 'M8' parameter 'SMIN' = 0.060 does not match 0.040 of technology file (NEX-007)
Warning: Technology layer 'M4' setting 'pitch' is not valid (NEX-001)
Warning: Technology layer 'MRDL' setting 'pitch' is not valid (NEX-001)
Warning: Parasitic Tech Library layer 'M1' parameter 'SMIN' = 0.040 does not match 0.026 of technology file (NEX-007)
Warning: Parasitic Tech Library layer 'M2' parameter 'SMIN' = 0.040 does not match 0.026 of technology file (NEX-007)
Warning: Parasitic Tech Library layer 'M3' parameter 'SMIN' = 0.040 does not match 0.026 of technology file (NEX-007)
Warning: Technology layer 'M4' setting 'pitch' is not valid (NEX-001)
Warning: Technology layer 'MRDL' setting 'pitch' is not valid (NEX-001)
Warning: Parasitic Tech Library layer 'M1' parameter 'SMIN' = 0.040 does not match 0.026 of technology file (NEX-007)
Warning: Parasitic Tech Library layer 'M2' parameter 'SMIN' = 0.040 does not match 0.026 of technology file (NEX-007)
Warning: Parasitic Tech Library layer 'M3' parameter 'SMIN' = 0.040 does not match 0.026 of technology file (NEX-007)
Warning: Parasitic Tech Library layer 'M8' parameter 'WMIN' = 0.030 does not match 0.060 of technology file (NEX-007)
Warning: Parasitic Tech Library layer 'M8' parameter 'SMIN' = 0.060 does not match 0.040 of technology file (NEX-007)
Warning: Technology layer 'M4' setting 'pitch' is not valid (NEX-001)
Warning: Technology layer 'MRDL' setting 'pitch' is not valid (NEX-001)
Warning: Parasitic Tech Library layer 'M1' parameter 'SMIN' = 0.040 does not match 0.026 of technology file (NEX-007)
Warning: Parasitic Tech Library layer 'M2' parameter 'SMIN' = 0.040 does not match 0.026 of technology file (NEX-007)
Warning: Parasitic Tech Library layer 'M3' parameter 'SMIN' = 0.040 does not match 0.026 of technology file (NEX-007)
Warning: Technology layer 'M4' setting 'pitch' is not valid (NEX-001)
Warning: Technology layer 'MRDL' setting 'pitch' is not valid (NEX-001)
Warning: Parasitic Tech Library layer 'M1' parameter 'SMIN' = 0.040 does not match 0.026 of technology file (NEX-007)
Warning: Parasitic Tech Library layer 'M2' parameter 'SMIN' = 0.040 does not match 0.026 of technology file (NEX-007)
Warning: Parasitic Tech Library layer 'M3' parameter 'SMIN' = 0.040 does not match 0.026 of technology file (NEX-007)
Warning: Parasitic Tech Library layer 'M8' parameter 'WMIN' = 0.030 does not match 0.060 of technology file (NEX-007)
Warning: Parasitic Tech Library layer 'M8' parameter 'SMIN' = 0.060 does not match 0.040 of technology file (NEX-007)
Warning: Technology layer 'M4' setting 'pitch' is not valid (NEX-001)
Warning: Technology layer 'MRDL' setting 'pitch' is not valid (NEX-001)
Warning: Parasitic Tech Library layer 'M1' parameter 'SMIN' = 0.040 does not match 0.026 of technology file (NEX-007)
Warning: Parasitic Tech Library layer 'M2' parameter 'SMIN' = 0.040 does not match 0.026 of technology file (NEX-007)
Warning: Parasitic Tech Library layer 'M3' parameter 'SMIN' = 0.040 does not match 0.026 of technology file (NEX-007)
Warning: Technology layer 'M4' setting 'pitch' is not valid (NEX-001)
Warning: Technology layer 'MRDL' setting 'pitch' is not valid (NEX-001)
Warning: Parasitic Tech Library layer 'M1' parameter 'SMIN' = 0.040 does not match 0.026 of technology file (NEX-007)
Warning: Parasitic Tech Library layer 'M2' parameter 'SMIN' = 0.040 does not match 0.026 of technology file (NEX-007)
Warning: Parasitic Tech Library layer 'M3' parameter 'SMIN' = 0.040 does not match 0.026 of technology file (NEX-007)
Warning: Parasitic Tech Library layer 'M8' parameter 'WMIN' = 0.030 does not match 0.060 of technology file (NEX-007)
Warning: Parasitic Tech Library layer 'M8' parameter 'SMIN' = 0.060 does not match 0.040 of technology file (NEX-007)
Warning: Technology layer 'M4' setting 'pitch' is not valid (NEX-001)
Warning: Technology layer 'MRDL' setting 'pitch' is not valid (NEX-001)
Warning: Parasitic Tech Library layer 'M1' parameter 'SMIN' = 0.040 does not match 0.026 of technology file (NEX-007)
Warning: Parasitic Tech Library layer 'M2' parameter 'SMIN' = 0.040 does not match 0.026 of technology file (NEX-007)
Warning: Parasitic Tech Library layer 'M3' parameter 'SMIN' = 0.040 does not match 0.026 of technology file (NEX-007)
Warning: Technology layer 'M4' setting 'pitch' is not valid (NEX-001)
Warning: Technology layer 'MRDL' setting 'pitch' is not valid (NEX-001)
Warning: Parasitic Tech Library layer 'M1' parameter 'SMIN' = 0.040 does not match 0.026 of technology file (NEX-007)
Warning: Parasitic Tech Library layer 'M2' parameter 'SMIN' = 0.040 does not match 0.026 of technology file (NEX-007)
Warning: Parasitic Tech Library layer 'M3' parameter 'SMIN' = 0.040 does not match 0.026 of technology file (NEX-007)
Warning: Parasitic Tech Library layer 'M8' parameter 'WMIN' = 0.030 does not match 0.060 of technology file (NEX-007)
Warning: Parasitic Tech Library layer 'M8' parameter 'SMIN' = 0.060 does not match 0.040 of technology file (NEX-007)
ORB: timingScenario func_slow_Cmax timingCorner slow_Cmax
INFO: No leakage and power scenarios. Using regular scenarios instead.
INFO: No active leakage scenarios. Leakage will be turned off
Warning: Technology layer 'M4' setting 'pitch' is not valid (NEX-001)
Warning: Technology layer 'MRDL' setting 'pitch' is not valid (NEX-001)
Warning: Parasitic Tech Library layer 'M1' parameter 'SMIN' = 0.040 does not match 0.026 of technology file (NEX-007)
Warning: Parasitic Tech Library layer 'M2' parameter 'SMIN' = 0.040 does not match 0.026 of technology file (NEX-007)
Warning: Parasitic Tech Library layer 'M3' parameter 'SMIN' = 0.040 does not match 0.026 of technology file (NEX-007)
ORB: Nominal = 0.007553  Design MT = inf  Target = 0.054855 (7.263 nominal)  MaxRC = 0.035405
Warning: Technology layer 'M4' setting 'pitch' is not valid (NEX-001)
Warning: Technology layer 'MRDL' setting 'pitch' is not valid (NEX-001)
Warning: Parasitic Tech Library layer 'M1' parameter 'SMIN' = 0.040 does not match 0.026 of technology file (NEX-007)
Warning: Parasitic Tech Library layer 'M2' parameter 'SMIN' = 0.040 does not match 0.026 of technology file (NEX-007)
Warning: Parasitic Tech Library layer 'M3' parameter 'SMIN' = 0.040 does not match 0.026 of technology file (NEX-007)
Warning: Technology layer 'M4' setting 'pitch' is not valid (NEX-001)
Warning: Technology layer 'MRDL' setting 'pitch' is not valid (NEX-001)
Warning: Parasitic Tech Library layer 'M1' parameter 'SMIN' = 0.040 does not match 0.026 of technology file (NEX-007)
Warning: Parasitic Tech Library layer 'M2' parameter 'SMIN' = 0.040 does not match 0.026 of technology file (NEX-007)
Warning: Parasitic Tech Library layer 'M3' parameter 'SMIN' = 0.040 does not match 0.026 of technology file (NEX-007)
Warning: Parasitic Tech Library layer 'M8' parameter 'WMIN' = 0.030 does not match 0.060 of technology file (NEX-007)
Warning: Parasitic Tech Library layer 'M8' parameter 'SMIN' = 0.060 does not match 0.040 of technology file (NEX-007)
Warning: Technology layer 'M4' setting 'pitch' is not valid (NEX-001)
Warning: Technology layer 'MRDL' setting 'pitch' is not valid (NEX-001)
Warning: Parasitic Tech Library layer 'M1' parameter 'SMIN' = 0.040 does not match 0.026 of technology file (NEX-007)
Warning: Parasitic Tech Library layer 'M2' parameter 'SMIN' = 0.040 does not match 0.026 of technology file (NEX-007)
Warning: Parasitic Tech Library layer 'M3' parameter 'SMIN' = 0.040 does not match 0.026 of technology file (NEX-007)
Warning: Technology layer 'M4' setting 'pitch' is not valid (NEX-001)
Warning: Technology layer 'MRDL' setting 'pitch' is not valid (NEX-001)
Warning: Parasitic Tech Library layer 'M1' parameter 'SMIN' = 0.040 does not match 0.026 of technology file (NEX-007)
Warning: Parasitic Tech Library layer 'M2' parameter 'SMIN' = 0.040 does not match 0.026 of technology file (NEX-007)
Warning: Parasitic Tech Library layer 'M3' parameter 'SMIN' = 0.040 does not match 0.026 of technology file (NEX-007)
Warning: Parasitic Tech Library layer 'M8' parameter 'WMIN' = 0.030 does not match 0.060 of technology file (NEX-007)
Warning: Parasitic Tech Library layer 'M8' parameter 'SMIN' = 0.060 does not match 0.040 of technology file (NEX-007)
Warning: Technology layer 'M4' setting 'pitch' is not valid (NEX-001)
Warning: Technology layer 'MRDL' setting 'pitch' is not valid (NEX-001)
Warning: Parasitic Tech Library layer 'M1' parameter 'SMIN' = 0.040 does not match 0.026 of technology file (NEX-007)
Warning: Parasitic Tech Library layer 'M2' parameter 'SMIN' = 0.040 does not match 0.026 of technology file (NEX-007)
Warning: Parasitic Tech Library layer 'M3' parameter 'SMIN' = 0.040 does not match 0.026 of technology file (NEX-007)
Warning: Technology layer 'M4' setting 'pitch' is not valid (NEX-001)
Warning: Technology layer 'MRDL' setting 'pitch' is not valid (NEX-001)
Warning: Parasitic Tech Library layer 'M1' parameter 'SMIN' = 0.040 does not match 0.026 of technology file (NEX-007)
Warning: Parasitic Tech Library layer 'M2' parameter 'SMIN' = 0.040 does not match 0.026 of technology file (NEX-007)
Warning: Parasitic Tech Library layer 'M3' parameter 'SMIN' = 0.040 does not match 0.026 of technology file (NEX-007)
Warning: Parasitic Tech Library layer 'M8' parameter 'WMIN' = 0.030 does not match 0.060 of technology file (NEX-007)
Warning: Parasitic Tech Library layer 'M8' parameter 'SMIN' = 0.060 does not match 0.040 of technology file (NEX-007)
Warning: Technology layer 'M4' setting 'pitch' is not valid (NEX-001)
Warning: Technology layer 'MRDL' setting 'pitch' is not valid (NEX-001)
Warning: Parasitic Tech Library layer 'M1' parameter 'SMIN' = 0.040 does not match 0.026 of technology file (NEX-007)
Warning: Parasitic Tech Library layer 'M2' parameter 'SMIN' = 0.040 does not match 0.026 of technology file (NEX-007)
Warning: Parasitic Tech Library layer 'M3' parameter 'SMIN' = 0.040 does not match 0.026 of technology file (NEX-007)
Warning: Technology layer 'M4' setting 'pitch' is not valid (NEX-001)
Warning: Technology layer 'MRDL' setting 'pitch' is not valid (NEX-001)
Warning: Parasitic Tech Library layer 'M1' parameter 'SMIN' = 0.040 does not match 0.026 of technology file (NEX-007)
Warning: Parasitic Tech Library layer 'M2' parameter 'SMIN' = 0.040 does not match 0.026 of technology file (NEX-007)
Warning: Parasitic Tech Library layer 'M3' parameter 'SMIN' = 0.040 does not match 0.026 of technology file (NEX-007)
Warning: Parasitic Tech Library layer 'M8' parameter 'WMIN' = 0.030 does not match 0.060 of technology file (NEX-007)
Warning: Parasitic Tech Library layer 'M8' parameter 'SMIN' = 0.060 does not match 0.040 of technology file (NEX-007)
Warning: Technology layer 'M4' setting 'pitch' is not valid (NEX-001)
Warning: Technology layer 'MRDL' setting 'pitch' is not valid (NEX-001)
Warning: Parasitic Tech Library layer 'M1' parameter 'SMIN' = 0.040 does not match 0.026 of technology file (NEX-007)
Warning: Parasitic Tech Library layer 'M2' parameter 'SMIN' = 0.040 does not match 0.026 of technology file (NEX-007)
Warning: Parasitic Tech Library layer 'M3' parameter 'SMIN' = 0.040 does not match 0.026 of technology file (NEX-007)
Warning: Technology layer 'M4' setting 'pitch' is not valid (NEX-001)
Warning: Technology layer 'MRDL' setting 'pitch' is not valid (NEX-001)
Warning: Parasitic Tech Library layer 'M1' parameter 'SMIN' = 0.040 does not match 0.026 of technology file (NEX-007)
Warning: Parasitic Tech Library layer 'M2' parameter 'SMIN' = 0.040 does not match 0.026 of technology file (NEX-007)
Warning: Parasitic Tech Library layer 'M3' parameter 'SMIN' = 0.040 does not match 0.026 of technology file (NEX-007)
Warning: Parasitic Tech Library layer 'M8' parameter 'WMIN' = 0.030 does not match 0.060 of technology file (NEX-007)
Warning: Parasitic Tech Library layer 'M8' parameter 'SMIN' = 0.060 does not match 0.040 of technology file (NEX-007)
Warning: Technology layer 'M4' setting 'pitch' is not valid (NEX-001)
Warning: Technology layer 'MRDL' setting 'pitch' is not valid (NEX-001)
Warning: Parasitic Tech Library layer 'M1' parameter 'SMIN' = 0.040 does not match 0.026 of technology file (NEX-007)
Warning: Parasitic Tech Library layer 'M2' parameter 'SMIN' = 0.040 does not match 0.026 of technology file (NEX-007)
Warning: Parasitic Tech Library layer 'M3' parameter 'SMIN' = 0.040 does not match 0.026 of technology file (NEX-007)
Warning: Technology layer 'M4' setting 'pitch' is not valid (NEX-001)
Warning: Technology layer 'MRDL' setting 'pitch' is not valid (NEX-001)
Warning: Parasitic Tech Library layer 'M1' parameter 'SMIN' = 0.040 does not match 0.026 of technology file (NEX-007)
Warning: Parasitic Tech Library layer 'M2' parameter 'SMIN' = 0.040 does not match 0.026 of technology file (NEX-007)
Warning: Parasitic Tech Library layer 'M3' parameter 'SMIN' = 0.040 does not match 0.026 of technology file (NEX-007)
Warning: Parasitic Tech Library layer 'M8' parameter 'WMIN' = 0.030 does not match 0.060 of technology file (NEX-007)
Warning: Parasitic Tech Library layer 'M8' parameter 'SMIN' = 0.060 does not match 0.040 of technology file (NEX-007)
Warning: Technology layer 'M4' setting 'pitch' is not valid (NEX-001)
Warning: Technology layer 'MRDL' setting 'pitch' is not valid (NEX-001)
Warning: Parasitic Tech Library layer 'M1' parameter 'SMIN' = 0.040 does not match 0.026 of technology file (NEX-007)
Warning: Parasitic Tech Library layer 'M2' parameter 'SMIN' = 0.040 does not match 0.026 of technology file (NEX-007)
Warning: Parasitic Tech Library layer 'M3' parameter 'SMIN' = 0.040 does not match 0.026 of technology file (NEX-007)
Warning: Technology layer 'M4' setting 'pitch' is not valid (NEX-001)
Warning: Technology layer 'MRDL' setting 'pitch' is not valid (NEX-001)
Warning: Parasitic Tech Library layer 'M1' parameter 'SMIN' = 0.040 does not match 0.026 of technology file (NEX-007)
Warning: Parasitic Tech Library layer 'M2' parameter 'SMIN' = 0.040 does not match 0.026 of technology file (NEX-007)
Warning: Parasitic Tech Library layer 'M3' parameter 'SMIN' = 0.040 does not match 0.026 of technology file (NEX-007)
Warning: Parasitic Tech Library layer 'M8' parameter 'WMIN' = 0.030 does not match 0.060 of technology file (NEX-007)
Warning: Parasitic Tech Library layer 'M8' parameter 'SMIN' = 0.060 does not match 0.040 of technology file (NEX-007)
Warning: Technology layer 'M4' setting 'pitch' is not valid (NEX-001)
Warning: Technology layer 'MRDL' setting 'pitch' is not valid (NEX-001)
Warning: Parasitic Tech Library layer 'M1' parameter 'SMIN' = 0.040 does not match 0.026 of technology file (NEX-007)
Warning: Parasitic Tech Library layer 'M2' parameter 'SMIN' = 0.040 does not match 0.026 of technology file (NEX-007)
Warning: Parasitic Tech Library layer 'M3' parameter 'SMIN' = 0.040 does not match 0.026 of technology file (NEX-007)
Warning: Technology layer 'M4' setting 'pitch' is not valid (NEX-001)
Warning: Technology layer 'MRDL' setting 'pitch' is not valid (NEX-001)
Warning: Parasitic Tech Library layer 'M1' parameter 'SMIN' = 0.040 does not match 0.026 of technology file (NEX-007)
Warning: Parasitic Tech Library layer 'M2' parameter 'SMIN' = 0.040 does not match 0.026 of technology file (NEX-007)
Warning: Parasitic Tech Library layer 'M3' parameter 'SMIN' = 0.040 does not match 0.026 of technology file (NEX-007)
Warning: Parasitic Tech Library layer 'M8' parameter 'WMIN' = 0.030 does not match 0.060 of technology file (NEX-007)
Warning: Parasitic Tech Library layer 'M8' parameter 'SMIN' = 0.060 does not match 0.040 of technology file (NEX-007)
ORB: timingScenario func_slow_Cmax timingCorner slow_Cmax
INFO: No leakage and power scenarios. Using regular scenarios instead.
INFO: No active leakage scenarios. Leakage will be turned off
Warning: Technology layer 'M4' setting 'pitch' is not valid (NEX-001)
Warning: Technology layer 'MRDL' setting 'pitch' is not valid (NEX-001)
Warning: Parasitic Tech Library layer 'M1' parameter 'SMIN' = 0.040 does not match 0.026 of technology file (NEX-007)
Warning: Parasitic Tech Library layer 'M2' parameter 'SMIN' = 0.040 does not match 0.026 of technology file (NEX-007)
Warning: Parasitic Tech Library layer 'M3' parameter 'SMIN' = 0.040 does not match 0.026 of technology file (NEX-007)
ORB: Nominal = 0.007553  Design MT = inf  Target = 0.054855 (7.263 nominal)  MaxRC = 0.035405
Begin building search trees for block cv32e40p_top:SCRATCH_DESIGN_2147483648.design
Done building search trees for block cv32e40p_top:SCRATCH_DESIGN_2147483648.design (time 0s)
Warning: Technology layer 'M4' setting 'pitch' is not valid (NEX-001)
Warning: Technology layer 'MRDL' setting 'pitch' is not valid (NEX-001)
Warning: Parasitic Tech Library layer 'M1' parameter 'SMIN' = 0.040 does not match 0.026 of technology file (NEX-007)
Warning: Parasitic Tech Library layer 'M2' parameter 'SMIN' = 0.040 does not match 0.026 of technology file (NEX-007)
Warning: Parasitic Tech Library layer 'M3' parameter 'SMIN' = 0.040 does not match 0.026 of technology file (NEX-007)
Warning: Technology layer 'M4' setting 'pitch' is not valid (NEX-001)
Warning: Technology layer 'MRDL' setting 'pitch' is not valid (NEX-001)
Warning: Parasitic Tech Library layer 'M1' parameter 'SMIN' = 0.040 does not match 0.026 of technology file (NEX-007)
Warning: Parasitic Tech Library layer 'M2' parameter 'SMIN' = 0.040 does not match 0.026 of technology file (NEX-007)
Warning: Parasitic Tech Library layer 'M3' parameter 'SMIN' = 0.040 does not match 0.026 of technology file (NEX-007)
Warning: Technology layer 'M4' setting 'pitch' is not valid (NEX-001)
Warning: Technology layer 'MRDL' setting 'pitch' is not valid (NEX-001)
Warning: Parasitic Tech Library layer 'M1' parameter 'SMIN' = 0.040 does not match 0.026 of technology file (NEX-007)
Warning: Parasitic Tech Library layer 'M2' parameter 'SMIN' = 0.040 does not match 0.026 of technology file (NEX-007)
Warning: Parasitic Tech Library layer 'M3' parameter 'SMIN' = 0.040 does not match 0.026 of technology file (NEX-007)

Layer name: M1, Mask name: metal1, Layer number: 19
Layer name: M2, Mask name: metal2, Layer number: 21
Layer name: M3, Mask name: metal3, Layer number: 23
Layer name: M4, Mask name: metal4, Layer number: 25
Layer name: M5, Mask name: metal5, Layer number: 27
Layer name: M6, Mask name: metal6, Layer number: 29
Layer name: M7, Mask name: metal7, Layer number: 31
Layer name: M8, Mask name: metal8, Layer number: 33
Layer name: M9, Mask name: metal9, Layer number: 35
CCL: Total Usage Adjustment : 1
route.global.debug_compact_coef 4
Warning: Cell contains tie connections which are not connected to real PG. (ZRT-511)
Turn off antenna since no rule is specified
Cell Min-Routing-Layer = M1
Cell Max-Routing-Layer = M9
Warning: There is no constraint to limit maximum number of secondary power and ground (PG) pins in a cluster. (ZRT-536)
Warning: There is no constraint to limit maximum number of secondary power and ground (PG) pins in a cluster. (ZRT-536)
Warning: There is no constraint to limit maximum number of secondary power and ground (PG) pins in a cluster. (ZRT-536)
Warning: There is no constraint to limit maximum number of secondary power and ground (PG) pins in a cluster. (ZRT-536)
Warning: There is no constraint to limit maximum number of secondary power and ground (PG) pins in a cluster. (ZRT-536)
Warning: There is no constraint to limit maximum number of secondary power and ground (PG) pins in a cluster. (ZRT-536)
Warning: There is no constraint to limit maximum number of secondary power and ground (PG) pins in a cluster. (ZRT-536)
Warning: There is no constraint to limit maximum number of secondary power and ground (PG) pins in a cluster. (ZRT-536)
Warning: There is no constraint to limit maximum number of secondary power and ground (PG) pins in a cluster. (ZRT-536)
Warning: There is no constraint to limit maximum number of secondary power and ground (PG) pins in a cluster. (ZRT-536)
Warning: There is no constraint to limit maximum number of secondary power and ground (PG) pins in a cluster. (ZRT-536)
Warning: There is no constraint to limit maximum number of secondary power and ground (PG) pins in a cluster. (ZRT-536)
Warning: There is no constraint to limit maximum number of secondary power and ground (PG) pins in a cluster. (ZRT-536)
Warning: There is no constraint to limit maximum number of secondary power and ground (PG) pins in a cluster. (ZRT-536)
Warning: There is no constraint to limit maximum number of secondary power and ground (PG) pins in a cluster. (ZRT-536)
Warning: There is no constraint to limit maximum number of secondary power and ground (PG) pins in a cluster. (ZRT-536)
Warning: Ignore 2 top cell ports with no pins. (ZRT-027)
Skipping 3 internal pins that are not physical. Set route.common.verbose_level to > 0 and run routing command to get skipped pin names.
Info: number of net_type_blockage: 0 
Via on layer (VIA1) needs more than one tracks
Warning: Layer M1 pitch 0.074 may be too small: wire/via-down 0.074, wire/via-up 0.098. (ZRT-026)
Via on layer (VIA1) needs more than one tracks
Warning: Layer M2 pitch 0.060 may be too small: wire/via-down 0.098, wire/via-up 0.060. (ZRT-026)
Via on layer (VIA3) needs more than one tracks
Warning: Layer M3 pitch 0.074 may be too small: wire/via-down 0.060, wire/via-up 0.080. (ZRT-026)
Wire on layer (M4) needs more than one tracks
Via on layer (VIA3) needs more than one tracks
Via on layer (VIA4) needs more than one tracks
Warning: Layer M4 pitch 0.074 may be too small: wire/via-down 0.107, wire/via-up 0.105. (ZRT-026)
Via on layer (VIA4) needs more than one tracks
Warning: Layer M5 pitch 0.120 may be too small: wire/via-down 0.135, wire/via-up 0.107. (ZRT-026)
Via on layer (VIA8) needs more than one tracks
Warning: Layer M8 pitch 0.120 may be too small: wire/via-down 0.107, wire/via-up 0.135. (ZRT-026)
Wire on layer (M9) needs more than one tracks
Via on layer (VIA8) needs more than one tracks
Via on layer (VIARDL) needs more than one tracks
Warning: Layer M9 pitch 0.120 may be too small: wire/via-down 0.135, wire/via-up 1.570. (ZRT-026)
Via on layer (VIARDL) needs more than one tracks
Warning: Layer MRDL pitch 0.600 may be too small: wire/via-down 4.500, wire/via-up 0.600. (ZRT-026)
Transition layer name: M3(2)
Warning: Standard cell pin SAEDRVT14_NR2_2/A1 has no valid via regions. (ZRT-044)
Warning: Standard cell pin SAEDRVT14_NR2_2/X has no valid via regions. (ZRT-044)
Warning: Standard cell pin SAEDRVT14_BUF_PECO_12/VDD has no valid via regions. (ZRT-044)
Warning: Standard cell pin SAEDRVT14_BUF_PECO_2/VDD has no valid via regions. (ZRT-044)
Warning: Standard cell pin SAEDRVT14_OA2BB2_2/B1 has no valid via regions. (ZRT-044)
Warning: Standard cell pin SAEDRVT14_BUF_PECO_4/VDD has no valid via regions. (ZRT-044)
Warning: Standard cell pin SAEDRVT14_BUF_PECO_8/VDD has no valid via regions. (ZRT-044)
Warning: Standard cell pin SAEDRVT14_BUF_PS_3/VDD has no valid via regions. (ZRT-044)
Warning: Standard cell pin SAEDRVT14_BUF_PS_6/VDD has no valid via regions. (ZRT-044)
Warning: Standard cell pin SAEDRVT14_AOBUF_IW_3/VDD has no valid via regions. (ZRT-044)
Warning: Standard cell pin SAEDRVT14_AOBUF_IW_6/VDD has no valid via regions. (ZRT-044)
Warning: Standard cell pin SAEDRVT14_NR3B_4/A has no valid via regions. (ZRT-044)
Loading parastics information to the router ...
Warning: Technology layer 'M4' setting 'pitch' is not valid (NEX-001)
Warning: Technology layer 'MRDL' setting 'pitch' is not valid (NEX-001)
Warning: Parasitic Tech Library layer 'M1' parameter 'SMIN' = 0.040 does not match 0.026 of technology file (NEX-007)
Warning: Parasitic Tech Library layer 'M2' parameter 'SMIN' = 0.040 does not match 0.026 of technology file (NEX-007)
Warning: Parasitic Tech Library layer 'M3' parameter 'SMIN' = 0.040 does not match 0.026 of technology file (NEX-007)
Warning: Parasitic Tech Library layer 'M1' parameter 'SMIN' = 0.040 does not match 0.026 of technology file (NEX-007)
Warning: Parasitic Tech Library layer 'M2' parameter 'SMIN' = 0.040 does not match 0.026 of technology file (NEX-007)
Warning: Parasitic Tech Library layer 'M3' parameter 'SMIN' = 0.040 does not match 0.026 of technology file (NEX-007)
Warning: Parasitic Tech Library layer 'M8' parameter 'WMIN' = 0.030 does not match 0.060 of technology file (NEX-007)
Warning: Parasitic Tech Library layer 'M8' parameter 'SMIN' = 0.060 does not match 0.040 of technology file (NEX-007)
parastics information loaded to the router.
Information: RC layer preference is turned on for this design. (ZRT-613)
Updating congestion ...
Updating congestion ...
route.global.debug_compact_coef 1
INFO: Derive row count 30 from GR congestion map (121/4)
INFO: Derive col count 30 from GR congestion map (121/4)
Drc Mode Option: auto
ABF: Best buffer=SAEDRVT14_BUF_20: best inverter=SAEDRVT14_INV_S_8: useInverter=true: effort=low: 1.323: test_slow_Cmax: 0
ABF: Best buffer=SAEDRVT14_BUF_20: best inverter=SAEDRVT14_INV_S_8: useInverter=true: effort=low: 1.323: func_slow_Cmax: 0
ABF: Best buffer=SAEDRVT14_BUF_20: best inverter=SAEDRVT14_INV_S_8: useInverter=true: effort=low: 1.323: test_slow_Cmin: 0
ABF: Best buffer=SAEDRVT14_BUF_20: best inverter=SAEDRVT14_INV_S_8: useInverter=true: effort=low: 1.323: func_slow_Cmin: 0
ABF: Best buffer=SAEDRVT14_BUF_20: best inverter=SAEDRVT14_INV_S_8: useInverter=true: effort=low: 1.323: test_fast_Cmax: 0
ABF: Best buffer=SAEDRVT14_BUF_20: best inverter=SAEDRVT14_INV_S_8: useInverter=true: effort=low: 1.323: func_fast_Cmax: 0
ABF: Best buffer=SAEDRVT14_BUF_20: best inverter=SAEDRVT14_INV_S_8: useInverter=true: effort=low: 1.323: test_fast_Cmin: 0
ABF: Best buffer=SAEDRVT14_BUF_20: best inverter=SAEDRVT14_INV_S_8: useInverter=true: effort=low: 1.323: func_fast_Cmin: 0
ABF: Core Area = 97 X 97 ()
npo-clock-opt optimization Phase 3 Iter  1          0.00      0.00         0       0.016           -           0.152
npo-clock-opt optimization Phase 3 Iter  2          0.00      0.00         0       0.016           -           0.152
npo-clock-opt optimization Phase 3 Iter  3          0.00      0.00         0       0.016           -           0.152
npo-clock-opt optimization Phase 3 Iter  4          0.00      0.00         0       0.016           -           0.152
PBO-INFO:  LR disabled
npo-clock-opt optimization Phase 3 Iter  5          0.00      0.00         0       0.016           -           0.152
npo-clock-opt optimization Phase 3 Iter  6          0.00      0.00         0       0.016           -           0.152
PBO-INFO:  LR disabled
npo-clock-opt optimization Phase 3 Iter  7          0.00      0.00         0       0.016           -           0.152
npo-clock-opt optimization Phase 3 Iter  8          0.00      0.00         0       0.016           -           0.153

npo-clock-opt optimization Phase 4 Iter  1          0.00      0.00         0       0.016           -           0.154
Scenario func::fast_Cmax : setup = true, hold = true
Scenario func::fast_Cmin : setup = true, hold = true
Scenario func::slow_Cmax : setup = true, hold = true
Scenario func::slow_Cmin : setup = true, hold = true
Scenario test::fast_Cmax : setup = true, hold = true
Scenario test::fast_Cmin : setup = true, hold = true
Scenario test::slow_Cmax : setup = true, hold = true
Scenario test::slow_Cmin : setup = true, hold = true
USKEW Characterizer: Characterizing delay with Cell/Wire delay model...
Information: CTS will work on the following scenarios. (CTS-101)
   func_fast_Cmax	(Mode: func; Corner: fast_Cmax)
   func_fast_Cmin	(Mode: func; Corner: fast_Cmin)
   func_slow_Cmax	(Mode: func; Corner: slow_Cmax)
   func_slow_Cmin	(Mode: func; Corner: slow_Cmin)
   test_fast_Cmax	(Mode: test; Corner: fast_Cmax)
   test_fast_Cmin	(Mode: test; Corner: fast_Cmin)
   test_slow_Cmax	(Mode: test; Corner: slow_Cmax)
   test_slow_Cmin	(Mode: test; Corner: slow_Cmin)
Information: CTS will work on all clocks in active scenarios, including 2 master clocks and 0 generated clocks. (CTS-107)
Information: Clock derating is enabled

CTS related app options set by user:
   cts.common.max_fanout = 25
   cts.common.user_instance_name_prefix = CTS_

Warning: Technology layer 'M4' setting 'pitch' is not valid (NEX-001)
Warning: Technology layer 'MRDL' setting 'pitch' is not valid (NEX-001)
Warning: Parasitic Tech Library layer 'M1' parameter 'SMIN' = 0.040 does not match 0.026 of technology file (NEX-007)
Warning: Parasitic Tech Library layer 'M2' parameter 'SMIN' = 0.040 does not match 0.026 of technology file (NEX-007)
Warning: Parasitic Tech Library layer 'M3' parameter 'SMIN' = 0.040 does not match 0.026 of technology file (NEX-007)
Warning: Parasitic Tech Library layer 'M1' parameter 'SMIN' = 0.040 does not match 0.026 of technology file (NEX-007)
Warning: Parasitic Tech Library layer 'M2' parameter 'SMIN' = 0.040 does not match 0.026 of technology file (NEX-007)
Warning: Parasitic Tech Library layer 'M3' parameter 'SMIN' = 0.040 does not match 0.026 of technology file (NEX-007)
Warning: Parasitic Tech Library layer 'M8' parameter 'WMIN' = 0.030 does not match 0.060 of technology file (NEX-007)
Warning: Parasitic Tech Library layer 'M8' parameter 'SMIN' = 0.060 does not match 0.040 of technology file (NEX-007)
Information: 'slow_Cmax' is identified as primary corner for initial clock tree building. (CTS-103)
USKEW Characterizer: corner: slow_Cmax, cornerDelay: 1.000
USKEW Characterizer: corner: slow_Cmin, cornerDelay: 0.918
USKEW Characterizer: corner: fast_Cmax, cornerDelay: 0.557
USKEW Characterizer: corner: fast_Cmin, cornerDelay: 0.509
USKEW Characterizer: corner: fast_Cmax, scalingFactor: 0.557
USKEW Characterizer: corner: fast_Cmin, scalingFactor: 0.509
USKEW Characterizer: corner: slow_Cmax, scalingFactor: 1.000
USKEW Characterizer: corner: slow_Cmin, scalingFactor: 0.918
Information: Useful skew mode is propagated
Initial QoR
    WNS(setup)=0.003 TNS(setup)=0.000 WEIGHTED_TNS(setup)=0.000 SetupCost(setup)=0.000
    WNS(hold)=0.015 TNS(hold)=0.000 WEIGHTED_TNS(hold)=0.000
    QOR cost (setup and hold) = -0.000
    Scenario func_fast_Cmax  WNS = 0, WEIGHTED_GROUP_SLACK = 0, TNS = 0, NVP = 0
    Scenario func_fast_Cmin  WNS = 0, WEIGHTED_GROUP_SLACK = 0, TNS = 0, NVP = 0
    Scenario func_slow_Cmax  WNS = 0, WEIGHTED_GROUP_SLACK = 0, TNS = 0, NVP = 0
    Scenario func_slow_Cmin  WNS = 0, WEIGHTED_GROUP_SLACK = 0, TNS = 0, NVP = 0
    Scenario test_fast_Cmax  WNS = 0, WEIGHTED_GROUP_SLACK = 0, TNS = 0, NVP = 0
    Scenario test_fast_Cmin  WNS = 0, WEIGHTED_GROUP_SLACK = 0, TNS = 0, NVP = 0
    Scenario test_slow_Cmax  WNS = 0, WEIGHTED_GROUP_SLACK = 0, TNS = 0, NVP = 0
    Scenario test_slow_Cmin  WNS = 0, WEIGHTED_GROUP_SLACK = 0, TNS = 0, NVP = 0
    Scenario func_fast_Cmax  WNHS = 0, TNHS = 0, NHVP = 0
    Scenario func_fast_Cmin  WNHS = 0, TNHS = 0, NHVP = 0
    Scenario func_slow_Cmax  WNHS = 0, TNHS = 0, NHVP = 0
    Scenario func_slow_Cmin  WNHS = 0, TNHS = 0, NHVP = 0
    Scenario test_fast_Cmax  WNHS = 0, TNHS = 0, NHVP = 0
    Scenario test_fast_Cmin  WNHS = 0, TNHS = 0, NHVP = 0
    Scenario test_slow_Cmax  WNHS = 0, TNHS = 0, NHVP = 0
    Scenario test_slow_Cmin  WNHS = 0, TNHS = 0, NHVP = 0
INFO: Global useful skew initial qor is good enough.
Relaxing offsets
CTS: CPUTIME for useful skew computation: 00:00:01.85u 00:00:00.00s 00:00:00.86e: 
Number of Site types in the design = 1
Setting up Chip Core
Chip Core shape: (170000 170000) (2739280 2738000)
Number of unique PDs = 1
Number of Power Domains = 1
Number of Voltage Areas = 1
Number of supply Nets = 2
Number of used supplies = 2
Information: Terminating the integrated optimization with useful skew. (OPT-033)
Use advanced legalizer engine : 0
Warning: Library cell saed14rvt:SAEDRVT14_ISOFSDPQ_PECO_8.frame is missing supply pins. Its power structure cannot be determined. (LGL-050)
Warning: Library cell saed14rvt:SAEDRVT14_DCAP_PV1ECO_12.frame is missing supply pins. Its power structure cannot be determined. (LGL-050)
Information: Current block utilization is '0.24230', effective utilization is '0.33170'. (OPT-055)

    Scenario func_fast_Cmax  WNS = 0.000000, TNS = 0.000000, NVP = 0
    Scenario func_fast_Cmin  WNS = 0.000000, TNS = 0.000000, NVP = 0
    Scenario func_slow_Cmax  WNS = 0.000000, TNS = 0.000000, NVP = 0
    Scenario func_slow_Cmin  WNS = 0.000000, TNS = 0.000000, NVP = 0
    Scenario test_fast_Cmax  WNS = 0.000000, TNS = 0.000000, NVP = 0
    Scenario test_fast_Cmin  WNS = 0.000000, TNS = 0.000000, NVP = 0
    Scenario test_slow_Cmax  WNS = 0.000000, TNS = 0.000000, NVP = 0
    Scenario test_slow_Cmin  WNS = 0.000000, TNS = 0.000000, NVP = 0
    Scenario func_fast_Cmax  WNHS = 0.000000, TNHS = 0.000000, NHVP = 0
    Scenario func_fast_Cmin  WNHS = 0.000000, TNHS = 0.000000, NHVP = 0
    Scenario func_slow_Cmax  WNHS = 0.000000, TNHS = 0.000000, NHVP = 0
    Scenario func_slow_Cmin  WNHS = 0.000000, TNHS = 0.000000, NHVP = 0
    Scenario test_fast_Cmax  WNHS = 0.000000, TNHS = 0.000000, NHVP = 0
    Scenario test_fast_Cmin  WNHS = 0.000000, TNHS = 0.000000, NHVP = 0
    Scenario test_slow_Cmax  WNHS = 0.000000, TNHS = 0.000000, NHVP = 0
    Scenario test_slow_Cmin  WNHS = 0.000000, TNHS = 0.000000, NHVP = 0

     ELAPSED  WORST NEG TOTAL NEG              MAX       MAX     BUFFER    INVERTER   LVTH      LVTH      PEAK     MIN DELAY 
      TIME      SLACK     SLACK     AREA    TRAN COST CAP COST    COUNT     COUNT     COUNT    PERCENT   MEMORY       COST   
    --------- --------- --------- --------- --------- --------- --------- --------- --------- --------- --------- -----------
      0:09:19     0.000     0.000 18079.104     0.000     0.003       340      3817         0     0.000      1417     0.015


npo-clock-opt optimization Phase 5 Iter  1          0.00      0.00         7       0.016           -           0.156
Number of Site types in the design = 1
Setting up Chip Core
Chip Core shape: (170000 170000) (2739280 2738000)
Number of unique PDs = 1
Number of Power Domains = 1
Number of Voltage Areas = 1
Number of supply Nets = 2
Number of used supplies = 2
remove buffers/inverters in clock clk_i:
  99 buffer(s) and 0 inverter(s) have been removed
Begin building search trees for block cv32e40p_top:cv32e40p_top_5_cts.design
Done building search trees for block cv32e40p_top:cv32e40p_top_5_cts.design (time 0s)
remove buffers/inverters in clock clk_i:
  no buffer or inverter has been removed

A total of 99 buffer(s) and 0 inverter(s) have been removed.
Remove clock trees finished successfully
synthesize_clock_trees
************************************************************
* CTS STEP: Design Initialization for Clock Synthesis
************************************************************
Information: All clock objects will be converted from ideal to propagated clock during CTS. (CTS-105)
Information: CTS will work on the following scenarios. (CTS-101)
   func_fast_Cmax	(Mode: func; Corner: fast_Cmax)
   func_fast_Cmin	(Mode: func; Corner: fast_Cmin)
   func_slow_Cmax	(Mode: func; Corner: slow_Cmax)
   func_slow_Cmin	(Mode: func; Corner: slow_Cmin)
   test_fast_Cmax	(Mode: test; Corner: fast_Cmax)
   test_fast_Cmin	(Mode: test; Corner: fast_Cmin)
   test_slow_Cmax	(Mode: test; Corner: slow_Cmax)
   test_slow_Cmin	(Mode: test; Corner: slow_Cmin)
Information: CTS will work on all clocks in active scenarios, including 2 master clocks and 0 generated clocks. (CTS-107)
Information: Clock derating is enabled

CTS related app options set by user:
   cts.common.max_fanout = 25
   cts.common.user_instance_name_prefix = CTS_
   cts.compile.enable_cell_relocation = leaf_only
   cts.compile.enable_local_skew = true
   cts.optimize.enable_local_skew = true

Buffer/Inverter reference list for clock tree synthesis:
   saed14rvt/SAEDRVT14_BUF_10
   saed14rvt/SAEDRVT14_BUF_12
   saed14rvt/SAEDRVT14_BUF_16
   saed14rvt/SAEDRVT14_BUF_20
   saed14rvt/SAEDRVT14_BUF_2
   saed14rvt/SAEDRVT14_BUF_3
   saed14rvt/SAEDRVT14_BUF_4
   saed14rvt/SAEDRVT14_BUF_6
   saed14rvt/SAEDRVT14_BUF_8
   saed14rvt/SAEDRVT14_BUF_CDC_2
   saed14rvt/SAEDRVT14_BUF_CDC_4
   saed14rvt/SAEDRVT14_BUF_S_10
   saed14rvt/SAEDRVT14_BUF_S_12
   saed14rvt/SAEDRVT14_BUF_S_16
   saed14rvt/SAEDRVT14_BUF_S_20
   saed14rvt/SAEDRVT14_BUF_S_2
   saed14rvt/SAEDRVT14_BUF_S_6
   saed14rvt/SAEDRVT14_BUF_S_8
   saed14rvt/SAEDRVT14_DEL_L4D100_2
   saed14rvt/SAEDRVT14_DEL_R2V1_2
   saed14rvt/SAEDRVT14_DEL_R2V2_2
   saed14rvt/SAEDRVT14_DEL_R2V3_2
   saed14rvt/SAEDRVT14_BUF_PECO_12
   saed14rvt/SAEDRVT14_BUF_PECO_2
   saed14rvt/SAEDRVT14_BUF_PECO_4
   saed14rvt/SAEDRVT14_BUF_PECO_8
   saed14rvt/SAEDRVT14_BUF_PS_3
   saed14rvt/SAEDRVT14_BUF_PS_6
   saed14rvt/SAEDRVT14_AOBUF_IW_3
   saed14rvt/SAEDRVT14_AOBUF_IW_6
   saed14rvt/SAEDRVT14_INV_S_2
   saed14rvt/SAEDRVT14_INV_S_3
   saed14rvt/SAEDRVT14_INV_S_4
   saed14rvt/SAEDRVT14_INV_S_5
   saed14rvt/SAEDRVT14_INV_S_6
   saed14rvt/SAEDRVT14_INV_S_7
   saed14rvt/SAEDRVT14_INV_S_8

ICG reference list:
   saed14rvt/SAEDRVT14_CKGTNLT_V5_12
   saed14rvt/SAEDRVT14_CKGTNLT_V5_2
   saed14rvt/SAEDRVT14_CKGTNLT_V5_3
   saed14rvt/SAEDRVT14_CKGTNLT_V5_4
   saed14rvt/SAEDRVT14_CKGTNLT_V5_5
   saed14rvt/SAEDRVT14_CKGTNLT_V5_6
   saed14rvt/SAEDRVT14_CKGTNLT_V5_8
   saed14rvt/SAEDRVT14_CKGTPLT_V5_12
   saed14rvt/SAEDRVT14_CKGTPLT_V5_16
   saed14rvt/SAEDRVT14_CKGTPLT_V5_20
   saed14rvt/SAEDRVT14_CKGTPLT_V5_24
   saed14rvt/SAEDRVT14_CKGTPLT_V5_2
   saed14rvt/SAEDRVT14_CKGTPLT_V5_3
   saed14rvt/SAEDRVT14_CKGTPLT_V5_4
   saed14rvt/SAEDRVT14_CKGTPLT_V5_5
   saed14rvt/SAEDRVT14_CKGTPLT_V5_6
   saed14rvt/SAEDRVT14_CKGTPLT_V5_8
   saed14rvt/SAEDRVT14_CKGTPL_V5_2
   saed14rvt/SAEDRVT14_CKGTPL_V5_4
   saed14rvt/SAEDRVT14_CKINVGTPLT_V7_2
   saed14rvt/SAEDRVT14_CKINVGTPLT_V7_3
   saed14rvt/SAEDRVT14_CKINVGTPLT_V7_4
   saed14rvt/SAEDRVT14_CKINVGTPLT_V7_5
   saed14rvt/SAEDRVT14_CKINVGTPLT_V7_6
   saed14rvt/SAEDRVT14_CKINVGTPLT_V7_8

Warning: Technology layer 'M4' setting 'pitch' is not valid (NEX-001)
Warning: Technology layer 'MRDL' setting 'pitch' is not valid (NEX-001)
Warning: Parasitic Tech Library layer 'M1' parameter 'SMIN' = 0.040 does not match 0.026 of technology file (NEX-007)
Warning: Parasitic Tech Library layer 'M2' parameter 'SMIN' = 0.040 does not match 0.026 of technology file (NEX-007)
Warning: Parasitic Tech Library layer 'M3' parameter 'SMIN' = 0.040 does not match 0.026 of technology file (NEX-007)
Warning: Parasitic Tech Library layer 'M1' parameter 'SMIN' = 0.040 does not match 0.026 of technology file (NEX-007)
Warning: Parasitic Tech Library layer 'M2' parameter 'SMIN' = 0.040 does not match 0.026 of technology file (NEX-007)
Warning: Parasitic Tech Library layer 'M3' parameter 'SMIN' = 0.040 does not match 0.026 of technology file (NEX-007)
Warning: Parasitic Tech Library layer 'M8' parameter 'WMIN' = 0.030 does not match 0.060 of technology file (NEX-007)
Warning: Parasitic Tech Library layer 'M8' parameter 'SMIN' = 0.060 does not match 0.040 of technology file (NEX-007)
Information: 'slow_Cmax' is identified as primary corner for initial clock tree building. (CTS-103)
Number of Site types in the design = 1
Setting up Chip Core
Chip Core shape: (170000 170000) (2739280 2738000)
Number of unique PDs = 1
Number of Power Domains = 1
Number of Voltage Areas = 1
Number of supply Nets = 2
Number of used supplies = 2
CTS NDR rule list:
   Design Base; Net Type: all;      Rule: default rule; Min Layer: M3; Max Layer: M9
   Design Base; Net Type: internal; Rule: clknet_NDR; Min Layer: M3; Max Layer: M9
   Design Base; Net Type: root;     Rule: clknet_NDR; Min Layer: M3; Max Layer: M9

Clock cell spacing rule list:
   No clock cell spacing rule is found.
Information: The run time for design initialization is 0 hr : 0 min : 2.37 sec, cpu time is 0 hr : 0 min : 3.36 sec. (CTS-104)
Drc Mode Option: auto
Use advanced legalizer engine : 0
Warning: Library cell saed14rvt:SAEDRVT14_ISOFSDPQ_PECO_8.frame is missing supply pins. Its power structure cannot be determined. (LGL-050)
Warning: Library cell saed14rvt:SAEDRVT14_DCAP_PV1ECO_12.frame is missing supply pins. Its power structure cannot be determined. (LGL-050)
Warning: Routing direction of metal layer PO is neither "horizontal" nor "vertical".  PDC checks will not be performed on this layer. (PDC-003)
PDC app_options settings =========
	place.legalize.enable_prerouted_net_check: 1
	place.legalize.num_tracks_for_access_check: 1
	place.legalize.use_eol_spacing_for_access_check: 0
	place.legalize.allow_touch_track_for_access_check: 1
	place.legalize.reduce_conservatism_in_eol_check: 0
	place.legalize.preroute_shape_merge_distance: 0.0
	place.legalize.enable_non_preferred_direction_span_check: 0

Layer M1: cached 0 shapes out of 429 total shapes.
Layer M2: cached 0 shapes out of 0 total shapes.
Layer M3: cached 0 shapes out of 0 total shapes.
Cached 6435 vias out of 13038 total vias.
Information: Legalizer's PDC rule check is enabled
Information: Legalizer's advanced rule check is enabled
Information: The stitching and editing of coupling caps is turned OFF for design 'cv32e40p_top:cv32e40p_top_5_cts.design'. (TIM-125)
 Creating timing abstraction of clock tree(s)
For clock 'clk_i' @ corner 'fast_Cmax': latency = 0.242
For clock 'clk_i' @ corner 'fast_Cmin': latency = 0.242
For clock 'clk_i' @ corner 'slow_Cmax': latency = 0.242
For clock 'clk_i' @ corner 'slow_Cmin': latency = 0.242
For clock 'clk_i' @ corner 'fast_Cmax': latency = 0.242
For clock 'clk_i' @ corner 'fast_Cmin': latency = 0.242
For clock 'clk_i' @ corner 'slow_Cmax': latency = 0.242
For clock 'clk_i' @ corner 'slow_Cmin': latency = 0.242
 Abstraction finished successfully
OCV derate values 1.000 (early) and 1.000 (late)
Information: The net parasitics of block cv32e40p_top are cleared. (TIM-123)
Information: The stitching and editing of coupling caps is turned OFF for design 'cv32e40p_top:cv32e40p_top_5_cts.design'. (TIM-125)
Warning: Technology layer 'M4' setting 'pitch' is not valid (NEX-001)
Warning: Technology layer 'MRDL' setting 'pitch' is not valid (NEX-001)
Warning: Parasitic Tech Library layer 'M1' parameter 'SMIN' = 0.040 does not match 0.026 of technology file (NEX-007)
Warning: Parasitic Tech Library layer 'M2' parameter 'SMIN' = 0.040 does not match 0.026 of technology file (NEX-007)
Warning: Parasitic Tech Library layer 'M3' parameter 'SMIN' = 0.040 does not match 0.026 of technology file (NEX-007)
Warning: Parasitic Tech Library layer 'M1' parameter 'SMIN' = 0.040 does not match 0.026 of technology file (NEX-007)
Warning: Parasitic Tech Library layer 'M2' parameter 'SMIN' = 0.040 does not match 0.026 of technology file (NEX-007)
Warning: Parasitic Tech Library layer 'M3' parameter 'SMIN' = 0.040 does not match 0.026 of technology file (NEX-007)
Warning: Parasitic Tech Library layer 'M8' parameter 'WMIN' = 0.030 does not match 0.060 of technology file (NEX-007)
Warning: Parasitic Tech Library layer 'M8' parameter 'SMIN' = 0.060 does not match 0.040 of technology file (NEX-007)
Information: Design Average RC for design cv32e40p_top_5_cts  (NEX-011)
Information: r = 2.175318 ohm/um, via_r = 1.031427 ohm/cut, c = 0.126338 ff/um, cc = 0.000000 ff/um (X dir) (NEX-017)
Information: r = 2.639974 ohm/um, via_r = 0.663827 ohm/cut, c = 0.120887 ff/um, cc = 0.000000 ff/um (Y dir) (NEX-017)
Information: The stitching and editing of coupling caps is turned OFF for design 'cv32e40p_top:cv32e40p_top_5_cts.design'. (TIM-125)
Information: The RC mode used is VR for design 'cv32e40p_top'. (NEX-022)
Information: Update timing completed net estimation for all the timing graph nets (TIM-111)
Information: Net estimation statistics: timing graph nets = 26891, routed nets = 0, across physical hierarchy nets = 0, parasitics cached nets = 1, delay annotated nets = 0, parasitics annotated nets = 0, multi-voltage nets = 0. (TIM-112)

Mode:func             Latency(early)   Latency(late)
Clock        Updated   rise    fall    rise    fall   Corner
------------------------------------------------------------
clk_i        Yes     0.2416  0.2416  0.2416  0.2416   fast_Cmax
clk_i        Yes     0.2416  0.2416  0.2416  0.2416   fast_Cmin
clk_i        Yes     0.2416  0.2416  0.2416  0.2416   slow_Cmax
clk_i        Yes     0.2416  0.2416  0.2416  0.2416   slow_Cmin

Mode:test             Latency(early)   Latency(late)
Clock        Updated   rise    fall    rise    fall   Corner
------------------------------------------------------------
clk_i        Yes     0.2416  0.2416  0.2416  0.2416   fast_Cmax
clk_i        Yes     0.2416  0.2416  0.2416  0.2416   fast_Cmin
clk_i        Yes     0.2416  0.2416  0.2416  0.2416   slow_Cmax
clk_i        Yes     0.2416  0.2416  0.2416  0.2416   slow_Cmin

Information: The stitching and editing of coupling caps is turned OFF for design 'cv32e40p_top:cv32e40p_top_5_cts.design'. (TIM-125)
Information: Update timing completed net estimation for all the timing graph nets (TIM-111)
Information: Net estimation statistics: timing graph nets = 26891, routed nets = 0, across physical hierarchy nets = 0, parasitics cached nets = 26890, delay annotated nets = 0, parasitics annotated nets = 0, multi-voltage nets = 0. (TIM-112)
Information: All clock objects will be converted from ideal to propagated clock during CTS. (CTS-105)
Information: The net parasitics of block cv32e40p_top are cleared. (TIM-123)
Setting the local skew CTS slack threshold value to 0.050000
Using threshold of 0.050000 to filter timing paths
************************************************************
* CTS STEP: Existing Clock Tree Removal
************************************************************

No buffer or inverter has been removed.
Information: The run time for existing clock tree removal is 0 hr : 0 min : 0.04 sec, cpu time is 0 hr : 0 min : 0.04 sec. (CTS-104)
************************************************************
* CTS STEP: Clock Tree Initialization
************************************************************

Start Auto-Exception Derivations...
 No internal pin was found.
 No conflict pin was found.
 No macro pin was found for clock balance point settings.
 No macro pin was found for disabling self arcs.
Information: The run time for clock tree initialization is 0 hr : 0 min : 0.14 sec, cpu time is 0 hr : 0 min : 0.14 sec. (CTS-104)
Drc Mode Option: auto
Enable multi-thread Tasks, number of thread is 12
Information: The stitching and editing of coupling caps is turned OFF for design 'cv32e40p_top:cv32e40p_top_5_cts.design'. (TIM-125)
Warning: Technology layer 'M4' setting 'pitch' is not valid (NEX-001)
Warning: Technology layer 'MRDL' setting 'pitch' is not valid (NEX-001)
Warning: Parasitic Tech Library layer 'M1' parameter 'SMIN' = 0.040 does not match 0.026 of technology file (NEX-007)
Warning: Parasitic Tech Library layer 'M2' parameter 'SMIN' = 0.040 does not match 0.026 of technology file (NEX-007)
Warning: Parasitic Tech Library layer 'M3' parameter 'SMIN' = 0.040 does not match 0.026 of technology file (NEX-007)
Warning: Parasitic Tech Library layer 'M1' parameter 'SMIN' = 0.040 does not match 0.026 of technology file (NEX-007)
Warning: Parasitic Tech Library layer 'M2' parameter 'SMIN' = 0.040 does not match 0.026 of technology file (NEX-007)
Warning: Parasitic Tech Library layer 'M3' parameter 'SMIN' = 0.040 does not match 0.026 of technology file (NEX-007)
Warning: Parasitic Tech Library layer 'M8' parameter 'WMIN' = 0.030 does not match 0.060 of technology file (NEX-007)
Warning: Parasitic Tech Library layer 'M8' parameter 'SMIN' = 0.060 does not match 0.040 of technology file (NEX-007)
Information: Design Average RC for design cv32e40p_top_5_cts  (NEX-011)
Information: r = 2.175318 ohm/um, via_r = 1.031427 ohm/cut, c = 0.126338 ff/um, cc = 0.000000 ff/um (X dir) (NEX-017)
Information: r = 2.639974 ohm/um, via_r = 0.663827 ohm/cut, c = 0.120887 ff/um, cc = 0.000000 ff/um (Y dir) (NEX-017)
Information: The RC mode used is VR for design 'cv32e40p_top'. (NEX-022)
Information: Update timing completed net estimation for all the timing graph nets (TIM-111)
Information: Net estimation statistics: timing graph nets = 26891, routed nets = 0, across physical hierarchy nets = 0, parasitics cached nets = 1, delay annotated nets = 0, parasitics annotated nets = 0, multi-voltage nets = 0. (TIM-112)
************************************************************
* CTS STEP: Clock Cell Relocation
************************************************************
Information: Relocated the clock cell 'core_i/sleep_unit_i/core_clock_gate_i/core_clock_gate' from (166.48, 146.00) to (166.48, 146.00). (CTS-106)
A total of 0 clock cells have been relocated
Information: The run time for clock cell relocation is 0 hr : 0 min : 0.03 sec, cpu time is 0 hr : 0 min : 0.03 sec. (CTS-104)
Information: The run time for enable resynthesis is 0 hr : 0 min : 0.03 sec, cpu time is 0 hr : 0 min : 0.03 sec. (CTS-104)
************************************************************
* CTS STEP: Gate-By-Gate Clock Tree Synthesis
************************************************************
-------------------------------------------------------------
 Gate level 2 clock tree synthesis
 driving pin = core_i/sleep_unit_i/core_clock_gate_i/core_clock_gate/Q
 Clocks:
     clk_i (func), clk_i (test)
 Design rule constraints:
     max transition  = 0.100000
     max capacitance = 600.000000
 Number of load sinks = 2255
 Number of ignore points = 0
Information: The RC mode used is VR for design 'cv32e40p_top'. (NEX-022)
 Added 97 Repeaters. Built 3 Repeater Levels
 Phase delay: core_i/sleep_unit_i/core_clock_gate_i/core_clock_gate/CK : (0.158 0.133) : skew = 0.025
-------------------------------------------------------------
 Gate level 1 clock tree synthesis
 driving pin = clk_i
 Clocks:
     clk_i (func), clk_i (test)
 Design rule constraints:
     max transition  = 0.100000
     max capacitance = 600.000000
 Number of load sinks = 3
 Number of ignore points = 0
 Number of gates with existing phase delay = 1
    1. Phase delay = (max r/f: 0.158024/__ min r/f: 0.132732/__) : skew = 0.025291 : core_i/sleep_unit_i/core_clock_gate_i/core_clock_gate/CK
 Added 3 Repeaters. Built 2 Repeater Levels
 Phase delay: clk_i : (0.196 0.086) : skew = 0.110
Information: The run time for gate-by-gate clock tree synthesis is 0 hr : 0 min : 17.99 sec, cpu time is 0 hr : 0 min : 18.51 sec. (CTS-104)
************************************************************
* CTS STEP: DRC Fixing Beyond Exceptions
************************************************************
Information: The run time for DRC fixing beyond exceptions is 0 hr : 0 min : 0.00 sec, cpu time is 0 hr : 0 min : 0.01 sec. (CTS-104)
There are 100 buffers and 0 inverters added (total area 37.25) by Clock Tree Synthesis.
************************************************************
* CTS STEP: Clock Net Global Routing
************************************************************
CONG:: clock NDRs defined on this design: 3 rules:
Created 2 new NDRs to be used for SI prevention:
   NDR: default_rule_equivalent_ndr_double_spacing ... (width-mult: 1.00, spacing-mult: 1.00)
   NDR: clknet_NDR_ext_spacing ... (width-mult: 2.00, spacing-mult: 2.00)
Warning: Cell contains tie connections which are not connected to real PG. (ZRT-511)
Turn off antenna since no rule is specified
Cell Min-Routing-Layer = M1
Cell Max-Routing-Layer = M9
Warning: There is no constraint to limit maximum number of secondary power and ground (PG) pins in a cluster. (ZRT-536)
Warning: There is no constraint to limit maximum number of secondary power and ground (PG) pins in a cluster. (ZRT-536)
Warning: There is no constraint to limit maximum number of secondary power and ground (PG) pins in a cluster. (ZRT-536)
Warning: There is no constraint to limit maximum number of secondary power and ground (PG) pins in a cluster. (ZRT-536)
Warning: There is no constraint to limit maximum number of secondary power and ground (PG) pins in a cluster. (ZRT-536)
Warning: There is no constraint to limit maximum number of secondary power and ground (PG) pins in a cluster. (ZRT-536)
Warning: There is no constraint to limit maximum number of secondary power and ground (PG) pins in a cluster. (ZRT-536)
Warning: There is no constraint to limit maximum number of secondary power and ground (PG) pins in a cluster. (ZRT-536)
Warning: There is no constraint to limit maximum number of secondary power and ground (PG) pins in a cluster. (ZRT-536)
Warning: There is no constraint to limit maximum number of secondary power and ground (PG) pins in a cluster. (ZRT-536)
Warning: There is no constraint to limit maximum number of secondary power and ground (PG) pins in a cluster. (ZRT-536)
Warning: There is no constraint to limit maximum number of secondary power and ground (PG) pins in a cluster. (ZRT-536)
Warning: There is no constraint to limit maximum number of secondary power and ground (PG) pins in a cluster. (ZRT-536)
Warning: There is no constraint to limit maximum number of secondary power and ground (PG) pins in a cluster. (ZRT-536)
Warning: There is no constraint to limit maximum number of secondary power and ground (PG) pins in a cluster. (ZRT-536)
Warning: There is no constraint to limit maximum number of secondary power and ground (PG) pins in a cluster. (ZRT-536)
Warning: Ignore 2 top cell ports with no pins. (ZRT-027)
Skipping 3 internal pins that are not physical. Set route.common.verbose_level to > 0 and run routing command to get skipped pin names.
Info: number of net_type_blockage: 0 
Via on layer (VIA1) needs more than one tracks
Warning: Layer M1 pitch 0.074 may be too small: wire/via-down 0.074, wire/via-up 0.098. (ZRT-026)
Via on layer (VIA1) needs more than one tracks
Warning: Layer M2 pitch 0.060 may be too small: wire/via-down 0.098, wire/via-up 0.060. (ZRT-026)
Via on layer (VIA3) needs more than one tracks
Warning: Layer M3 pitch 0.074 may be too small: wire/via-down 0.060, wire/via-up 0.080. (ZRT-026)
Wire on layer (M4) needs more than one tracks
Via on layer (VIA3) needs more than one tracks
Via on layer (VIA4) needs more than one tracks
Warning: Layer M4 pitch 0.074 may be too small: wire/via-down 0.107, wire/via-up 0.105. (ZRT-026)
Via on layer (VIA4) needs more than one tracks
Warning: Layer M5 pitch 0.120 may be too small: wire/via-down 0.135, wire/via-up 0.107. (ZRT-026)
Via on layer (VIA8) needs more than one tracks
Warning: Layer M8 pitch 0.120 may be too small: wire/via-down 0.107, wire/via-up 0.135. (ZRT-026)
Wire on layer (M9) needs more than one tracks
Via on layer (VIA8) needs more than one tracks
Via on layer (VIARDL) needs more than one tracks
Warning: Layer M9 pitch 0.120 may be too small: wire/via-down 0.135, wire/via-up 1.570. (ZRT-026)
Via on layer (VIARDL) needs more than one tracks
Warning: Layer MRDL pitch 0.600 may be too small: wire/via-down 4.500, wire/via-up 0.600. (ZRT-026)
Transition layer name: M3(2)
Warning: Standard cell pin SAEDRVT14_BUF_PECO_12/VDD has no valid via regions. (ZRT-044)
Warning: Standard cell pin SAEDRVT14_BUF_PECO_2/VDD has no valid via regions. (ZRT-044)
Warning: Standard cell pin SAEDRVT14_BUF_PS_3/VDD has no valid via regions. (ZRT-044)
Warning: Standard cell pin SAEDRVT14_BUF_PS_6/VDD has no valid via regions. (ZRT-044)
Warning: Standard cell pin SAEDRVT14_BUF_PECO_4/VDD has no valid via regions. (ZRT-044)
Warning: Standard cell pin SAEDRVT14_AOBUF_IW_3/VDD has no valid via regions. (ZRT-044)
Warning: Standard cell pin SAEDRVT14_AOBUF_IW_6/VDD has no valid via regions. (ZRT-044)
Warning: Standard cell pin SAEDRVT14_BUF_PECO_8/VDD has no valid via regions. (ZRT-044)
Warning: Standard cell pin SAEDRVT14_OA2BB2_2/B1 has no valid via regions. (ZRT-044)
Warning: Standard cell pin SAEDRVT14_NR2_2/A1 has no valid via regions. (ZRT-044)
Warning: Standard cell pin SAEDRVT14_NR2_2/X has no valid via regions. (ZRT-044)
Warning: Standard cell pin SAEDRVT14_NR3B_4/A has no valid via regions. (ZRT-044)
Performing initial clock net global routing ...
Loading parastics information to the router ...
Warning: Technology layer 'M4' setting 'pitch' is not valid (NEX-001)
Warning: Technology layer 'MRDL' setting 'pitch' is not valid (NEX-001)
Warning: Parasitic Tech Library layer 'M1' parameter 'SMIN' = 0.040 does not match 0.026 of technology file (NEX-007)
Warning: Parasitic Tech Library layer 'M2' parameter 'SMIN' = 0.040 does not match 0.026 of technology file (NEX-007)
Warning: Parasitic Tech Library layer 'M3' parameter 'SMIN' = 0.040 does not match 0.026 of technology file (NEX-007)
Warning: Parasitic Tech Library layer 'M1' parameter 'SMIN' = 0.040 does not match 0.026 of technology file (NEX-007)
Warning: Parasitic Tech Library layer 'M2' parameter 'SMIN' = 0.040 does not match 0.026 of technology file (NEX-007)
Warning: Parasitic Tech Library layer 'M3' parameter 'SMIN' = 0.040 does not match 0.026 of technology file (NEX-007)
Warning: Parasitic Tech Library layer 'M8' parameter 'WMIN' = 0.030 does not match 0.060 of technology file (NEX-007)
Warning: Parasitic Tech Library layer 'M8' parameter 'SMIN' = 0.060 does not match 0.040 of technology file (NEX-007)
parastics information loaded to the router.
Information: The net parasitics of block cv32e40p_top are cleared. (TIM-123)
Total number of global routed clock nets: 102
Information: The run time for clock net global routing is 0 hr : 0 min : 4.79 sec, cpu time is 0 hr : 0 min : 16.47 sec. (CTS-104)
Information: The stitching and editing of coupling caps is turned OFF for design 'cv32e40p_top:cv32e40p_top_5_cts.design'. (TIM-125)
Information: Design cv32e40p_top_5_cts has 26993 nets, 102 global routed, 0 detail routed. (NEX-024)
Warning: Technology layer 'M4' setting 'pitch' is not valid (NEX-001)
Warning: Technology layer 'MRDL' setting 'pitch' is not valid (NEX-001)
Warning: Parasitic Tech Library layer 'M1' parameter 'SMIN' = 0.040 does not match 0.026 of technology file (NEX-007)
Warning: Parasitic Tech Library layer 'M2' parameter 'SMIN' = 0.040 does not match 0.026 of technology file (NEX-007)
Warning: Parasitic Tech Library layer 'M3' parameter 'SMIN' = 0.040 does not match 0.026 of technology file (NEX-007)
Warning: Parasitic Tech Library layer 'M1' parameter 'SMIN' = 0.040 does not match 0.026 of technology file (NEX-007)
Warning: Parasitic Tech Library layer 'M2' parameter 'SMIN' = 0.040 does not match 0.026 of technology file (NEX-007)
Warning: Parasitic Tech Library layer 'M3' parameter 'SMIN' = 0.040 does not match 0.026 of technology file (NEX-007)
Warning: Parasitic Tech Library layer 'M8' parameter 'WMIN' = 0.030 does not match 0.060 of technology file (NEX-007)
Warning: Parasitic Tech Library layer 'M8' parameter 'SMIN' = 0.060 does not match 0.040 of technology file (NEX-007)
Information: The RC mode used is CTO for design 'cv32e40p_top'. (NEX-022)
Information: Update timing completed net estimation for all the timing graph nets (TIM-111)
Information: Net estimation statistics: timing graph nets = 26991, routed nets = 102, across physical hierarchy nets = 0, parasitics cached nets = 102, delay annotated nets = 0, parasitics annotated nets = 0, multi-voltage nets = 0. (TIM-112)
************************************************************
* CTS STEP: Pre-Optimization DRC Fixing
************************************************************
-------------------------------------------------------------
Fixing clock: clk_i mode: test root: clk_i

Clock QoR Before Fixing Clock Tree DRC Violation ...
Clock: clk_i, Mode: test, Root: clk_i
Information: CTS QoR Pre Initial DRC Fixing: GlobalSkew = 0.0515; ID = 0.0912; NetsWithDRC = 0; Worst Tran/Cap/Fanout cost = 0.0000/0.0000/0; ClockBufArea = 37.2516; ClockCellArea = 38.1396; Clock = clk_i; Mode = test; Corner = fast_Cmax; ClockRoot = clk_i. (CTS-037)
Information: CTS QoR Pre Initial DRC Fixing: GlobalSkew = 0.0489; ID = 0.0868; NetsWithDRC = 0; Worst Tran/Cap/Fanout cost = 0.0000/0.0000/0; ClockBufArea = 37.2516; ClockCellArea = 38.1396; Clock = clk_i; Mode = test; Corner = fast_Cmin; ClockRoot = clk_i. (CTS-037)
Information: CTS QoR Pre Initial DRC Fixing: GlobalSkew = 0.1049; ID = 0.1920; NetsWithDRC = 0; Worst Tran/Cap/Fanout cost = 0.0000/0.0000/0; ClockBufArea = 37.2516; ClockCellArea = 38.1396; Clock = clk_i; Mode = test; Corner = slow_Cmax; ClockRoot = clk_i. (CTS-037)
Information: CTS QoR Pre Initial DRC Fixing: GlobalSkew = 0.0990; ID = 0.1825; NetsWithDRC = 0; Worst Tran/Cap/Fanout cost = 0.0000/0.0000/0; ClockBufArea = 37.2516; ClockCellArea = 38.1396; Clock = clk_i; Mode = test; Corner = slow_Cmin; ClockRoot = clk_i. (CTS-037)

Starting fixing clock tree DRC Violation ...
Resized 0 cell(s), relocated 0 cell(s), cloned 0 cell(s) and inserted 0 buffer(s)/inverter(s)
Cloned 0 non-repeater gate(s)
Ran incremental ZGR 0 time(s) for 0 net(s) and restored ZGR 0 time(s) for 0 net(s)
Clock QoR After Fixing Pre-Opt DRC Violation:
Clock: clk_i, Mode: test, Root: clk_i
Information: CTS QoR Post Initial DRC Fixing: GlobalSkew = 0.0515; ID = 0.0912; NetsWithDRC = 0; Worst Tran/Cap/Fanout cost = 0.0000/0.0000/0; ClockBufArea = 37.2516; ClockCellArea = 38.1396; Clock = clk_i; Mode = test; Corner = fast_Cmax; ClockRoot = clk_i. (CTS-037)
Information: CTS QoR Post Initial DRC Fixing: GlobalSkew = 0.0489; ID = 0.0868; NetsWithDRC = 0; Worst Tran/Cap/Fanout cost = 0.0000/0.0000/0; ClockBufArea = 37.2516; ClockCellArea = 38.1396; Clock = clk_i; Mode = test; Corner = fast_Cmin; ClockRoot = clk_i. (CTS-037)
Information: CTS QoR Post Initial DRC Fixing: GlobalSkew = 0.1049; ID = 0.1920; NetsWithDRC = 0; Worst Tran/Cap/Fanout cost = 0.0000/0.0000/0; ClockBufArea = 37.2516; ClockCellArea = 38.1396; Clock = clk_i; Mode = test; Corner = slow_Cmax; ClockRoot = clk_i. (CTS-037)
Information: CTS QoR Post Initial DRC Fixing: GlobalSkew = 0.0990; ID = 0.1825; NetsWithDRC = 0; Worst Tran/Cap/Fanout cost = 0.0000/0.0000/0; ClockBufArea = 37.2516; ClockCellArea = 38.1396; Clock = clk_i; Mode = test; Corner = slow_Cmin; ClockRoot = clk_i. (CTS-037)
The elapsed time for fixing DRC violation is 0 hr : 0 min : 0.12 sec, cpu time is 0 hr : 0 min : 0.33 sec.
-------------------------------------------------------------
Fixing clock: clk_i mode: func root: clk_i

Clock QoR Before Fixing Clock Tree DRC Violation ...
Clock: clk_i, Mode: func, Root: clk_i
Information: CTS QoR Pre Initial DRC Fixing: GlobalSkew = 0.0515; ID = 0.0912; NetsWithDRC = 0; Worst Tran/Cap/Fanout cost = 0.0000/0.0000/0; ClockBufArea = 37.2516; ClockCellArea = 38.1396; Clock = clk_i; Mode = func; Corner = fast_Cmax; ClockRoot = clk_i. (CTS-037)
Information: CTS QoR Pre Initial DRC Fixing: GlobalSkew = 0.0489; ID = 0.0868; NetsWithDRC = 0; Worst Tran/Cap/Fanout cost = 0.0000/0.0000/0; ClockBufArea = 37.2516; ClockCellArea = 38.1396; Clock = clk_i; Mode = func; Corner = fast_Cmin; ClockRoot = clk_i. (CTS-037)
Information: CTS QoR Pre Initial DRC Fixing: GlobalSkew = 0.1049; ID = 0.2099; NetsWithDRC = 0; Worst Tran/Cap/Fanout cost = 0.0000/0.0000/0; ClockBufArea = 37.2516; ClockCellArea = 38.1396; Clock = clk_i; Mode = func; Corner = slow_Cmax; ClockRoot = clk_i. (CTS-037)
Information: CTS QoR Pre Initial DRC Fixing: GlobalSkew = 0.0990; ID = 0.1825; NetsWithDRC = 0; Worst Tran/Cap/Fanout cost = 0.0000/0.0000/0; ClockBufArea = 37.2516; ClockCellArea = 38.1396; Clock = clk_i; Mode = func; Corner = slow_Cmin; ClockRoot = clk_i. (CTS-037)

Starting fixing clock tree DRC Violation ...
Resized 0 cell(s), relocated 0 cell(s), cloned 0 cell(s) and inserted 0 buffer(s)/inverter(s)
Cloned 0 non-repeater gate(s)
Ran incremental ZGR 0 time(s) for 0 net(s) and restored ZGR 0 time(s) for 0 net(s)
Clock QoR After Fixing Pre-Opt DRC Violation:
Clock: clk_i, Mode: func, Root: clk_i
Information: CTS QoR Post Initial DRC Fixing: GlobalSkew = 0.0515; ID = 0.0912; NetsWithDRC = 0; Worst Tran/Cap/Fanout cost = 0.0000/0.0000/0; ClockBufArea = 37.2516; ClockCellArea = 38.1396; Clock = clk_i; Mode = func; Corner = fast_Cmax; ClockRoot = clk_i. (CTS-037)
Information: CTS QoR Post Initial DRC Fixing: GlobalSkew = 0.0489; ID = 0.0868; NetsWithDRC = 0; Worst Tran/Cap/Fanout cost = 0.0000/0.0000/0; ClockBufArea = 37.2516; ClockCellArea = 38.1396; Clock = clk_i; Mode = func; Corner = fast_Cmin; ClockRoot = clk_i. (CTS-037)
Information: CTS QoR Post Initial DRC Fixing: GlobalSkew = 0.1049; ID = 0.2099; NetsWithDRC = 0; Worst Tran/Cap/Fanout cost = 0.0000/0.0000/0; ClockBufArea = 37.2516; ClockCellArea = 38.1396; Clock = clk_i; Mode = func; Corner = slow_Cmax; ClockRoot = clk_i. (CTS-037)
Information: CTS QoR Post Initial DRC Fixing: GlobalSkew = 0.0990; ID = 0.1825; NetsWithDRC = 0; Worst Tran/Cap/Fanout cost = 0.0000/0.0000/0; ClockBufArea = 37.2516; ClockCellArea = 38.1396; Clock = clk_i; Mode = func; Corner = slow_Cmin; ClockRoot = clk_i. (CTS-037)
The elapsed time for fixing DRC violation is 0 hr : 0 min : 0.10 sec, cpu time is 0 hr : 0 min : 0.14 sec.
Information: The run time for pre-optimization DRC fixing is 0 hr : 0 min : 0.22 sec, cpu time is 0 hr : 0 min : 0.47 sec. (CTS-104)
************************************************************
* CTS STEP: Useful skew computation
************************************************************
INFO: Global useful skew initial qor is good enough.
CTS: CPUTIME for useful skew computation: 00:00:00.00u 00:00:00.00s 00:00:00.00e: 
Information: The run time for useful skew computation is 0 hr : 0 min : 0.00 sec, cpu time is 0 hr : 0 min : 0.00 sec. (CTS-104)
************************************************************
* CTS STEP: Skew Latency Optimization and Area Recovery
************************************************************
-------------------------------------------------------------
Optimizing clock tree
clock: clk_i mode: func root: clk_i
Clock QoR Before Optimization:
Clock: clk_i, Mode: func, Root: clk_i
Information: CTS QoR Pre Optimization: GlobalSkew = 0.0515; ID = 0.0912; NetsWithDRC = 0; Worst Tran/Cap/Fanout cost = 0.0000/0.0000/0; ClockBufArea = 37.2516; ClockCellArea = 38.1396; Clock = clk_i; Mode = func; Corner = fast_Cmax; ClockRoot = clk_i. (CTS-037)
Information: CTS QoR Pre Optimization: GlobalSkew = 0.0489; ID = 0.0868; NetsWithDRC = 0; Worst Tran/Cap/Fanout cost = 0.0000/0.0000/0; ClockBufArea = 37.2516; ClockCellArea = 38.1396; Clock = clk_i; Mode = func; Corner = fast_Cmin; ClockRoot = clk_i. (CTS-037)
Information: CTS QoR Pre Optimization: GlobalSkew = 0.1049; ID = 0.2099; NetsWithDRC = 0; Worst Tran/Cap/Fanout cost = 0.0000/0.0000/0; ClockBufArea = 37.2516; ClockCellArea = 38.1396; Clock = clk_i; Mode = func; Corner = slow_Cmax; ClockRoot = clk_i. (CTS-037)
Information: CTS QoR Pre Optimization: GlobalSkew = 0.0990; ID = 0.1825; NetsWithDRC = 0; Worst Tran/Cap/Fanout cost = 0.0000/0.0000/0; ClockBufArea = 37.2516; ClockCellArea = 38.1396; Clock = clk_i; Mode = func; Corner = slow_Cmin; ClockRoot = clk_i. (CTS-037)

Begin Pre-Opt preprocessing:
Pre-Opt preprocessing cpu time 00:00:02.74u 00:00:00.00s 00:00:02.74e: 
Ran incremental ZGR 0 time(s) for 0 net(s) and restored ZGR 0 time(s) for 0 net(s)
Clock Qor After Pre-Opt preprocessing:
Clock: clk_i, Mode: func, Root: clk_i
Information: CTS QoR Pre Optimization: GlobalSkew = 0.0515; ID = 0.0912; NetsWithDRC = 0; Worst Tran/Cap/Fanout cost = 0.0000/0.0000/0; ClockBufArea = 37.2516; ClockCellArea = 38.1396; Clock = clk_i; Mode = func; Corner = fast_Cmax; ClockRoot = clk_i. (CTS-037)
Information: CTS QoR Pre Optimization: GlobalSkew = 0.0489; ID = 0.0868; NetsWithDRC = 0; Worst Tran/Cap/Fanout cost = 0.0000/0.0000/0; ClockBufArea = 37.2516; ClockCellArea = 38.1396; Clock = clk_i; Mode = func; Corner = fast_Cmin; ClockRoot = clk_i. (CTS-037)
Information: CTS QoR Pre Optimization: GlobalSkew = 0.1049; ID = 0.2099; NetsWithDRC = 0; Worst Tran/Cap/Fanout cost = 0.0000/0.0000/0; ClockBufArea = 37.2516; ClockCellArea = 38.1396; Clock = clk_i; Mode = func; Corner = slow_Cmax; ClockRoot = clk_i. (CTS-037)
Information: CTS QoR Pre Optimization: GlobalSkew = 0.0990; ID = 0.1825; NetsWithDRC = 0; Worst Tran/Cap/Fanout cost = 0.0000/0.0000/0; ClockBufArea = 37.2516; ClockCellArea = 38.1396; Clock = clk_i; Mode = func; Corner = slow_Cmin; ClockRoot = clk_i. (CTS-037)

Begin Network Flow Based Optimization:
Information: Design Average RC for design cv32e40p_top_5_cts  (NEX-011)
Information: r = 2.175318 ohm/um, via_r = 1.031427 ohm/cut, c = 0.127527 ff/um, cc = 0.000000 ff/um (X dir) (NEX-017)
Information: r = 2.639974 ohm/um, via_r = 0.663827 ohm/cut, c = 0.121912 ff/um, cc = 0.000000 ff/um (Y dir) (NEX-017)
Begin building search trees for block cv32e40p_top:cv32e40p_top_5_cts.design
Done building search trees for block cv32e40p_top:cv32e40p_top_5_cts.design (time 0s)
Begin building search trees for block cv32e40p_top:cv32e40p_top_5_cts.design
Done building search trees for block cv32e40p_top:cv32e40p_top_5_cts.design (time 0s)
Begin building search trees for block cv32e40p_top:cv32e40p_top_5_cts.design
Done building search trees for block cv32e40p_top:cv32e40p_top_5_cts.design (time 0s)
Begin building search trees for block cv32e40p_top:cv32e40p_top_5_cts.design
Done building search trees for block cv32e40p_top:cv32e40p_top_5_cts.design (time 0s)
Begin building search trees for block cv32e40p_top:cv32e40p_top_5_cts.design
Done building search trees for block cv32e40p_top:cv32e40p_top_5_cts.design (time 0s)
Default network flow optimizer made 11 successful improvements out of 15 iterations
Resized 6, relocated 1, deleted 1, inserted 0, sizeUp Relocated 0 cells
SKEWOPT total number of balance points adjusted 0
The elapsed time for network flow optimization is 0 hr : 0 min : 3.66 sec, cpu time is 0 hr : 0 min : 9.83 sec.
Ran incremental ZGR 28 time(s) for 59 net(s) and restored ZGR 10 time(s) for 29 net(s)
Clock Qor After Network Flow Optimization:
Clock: clk_i, Mode: func, Root: clk_i
Information: CTS QoR Post Optimization: GlobalSkew = 0.0415; ID = 0.0817; NetsWithDRC = 0; Worst Tran/Cap/Fanout cost = 0.0000/0.0000/0; ClockBufArea = 38.1396; ClockCellArea = 39.0276; Clock = clk_i; Mode = func; Corner = fast_Cmax; ClockRoot = clk_i. (CTS-037)
Information: CTS QoR Post Optimization: GlobalSkew = 0.0393; ID = 0.0776; NetsWithDRC = 0; Worst Tran/Cap/Fanout cost = 0.0000/0.0000/0; ClockBufArea = 38.1396; ClockCellArea = 39.0276; Clock = clk_i; Mode = func; Corner = fast_Cmin; ClockRoot = clk_i. (CTS-037)
Information: CTS QoR Post Optimization: GlobalSkew = 0.0776; ID = 0.1793; NetsWithDRC = 0; Worst Tran/Cap/Fanout cost = 0.0000/0.0000/0; ClockBufArea = 38.1396; ClockCellArea = 39.0276; Clock = clk_i; Mode = func; Corner = slow_Cmax; ClockRoot = clk_i. (CTS-037)
Information: CTS QoR Post Optimization: GlobalSkew = 0.0732; ID = 0.1595; NetsWithDRC = 0; Worst Tran/Cap/Fanout cost = 0.0000/0.0000/0; ClockBufArea = 38.1396; ClockCellArea = 39.0276; Clock = clk_i; Mode = func; Corner = slow_Cmin; ClockRoot = clk_i. (CTS-037)

Begin Layer Optimization:

Beginning layer optimization ...
Begin building search trees for block cv32e40p_top:cv32e40p_top_5_cts.design
Done building search trees for block cv32e40p_top:cv32e40p_top_5_cts.design (time 0s)
Begin building search trees for block cv32e40p_top:cv32e40p_top_5_cts.design
Done building search trees for block cv32e40p_top:cv32e40p_top_5_cts.design (time 0s)
Begin building search trees for block cv32e40p_top:cv32e40p_top_5_cts.design
Done building search trees for block cv32e40p_top:cv32e40p_top_5_cts.design (time 0s)
Begin building search trees for block cv32e40p_top:cv32e40p_top_5_cts.design
Done building search trees for block cv32e40p_top:cv32e40p_top_5_cts.design (time 0s)
All clocks: total net count: 100
All clocks: total committed/restored net count: 100/0
All clocks: total count of nets with two layers: 0 (skipped)
All clocks: total count of nets with unchanged layers: 0

Ending layer optimization ...

The elapsed time for layer optimization is 0 hr : 0 min : 7.64 sec, cpu time is 0 hr : 0 min : 9.47 sec.
Ran incremental ZGR 58 time(s) for 58 net(s) and restored ZGR 0 time(s) for 0 net(s)
Clock Qor After Layer Optimization:
Clock: clk_i, Mode: func, Root: clk_i
Information: CTS QoR Post Optimization: GlobalSkew = 0.0415; ID = 0.0816; NetsWithDRC = 0; Worst Tran/Cap/Fanout cost = 0.0000/0.0000/0; ClockBufArea = 38.1396; ClockCellArea = 39.0276; Clock = clk_i; Mode = func; Corner = fast_Cmax; ClockRoot = clk_i. (CTS-037)
Information: CTS QoR Post Optimization: GlobalSkew = 0.0392; ID = 0.0776; NetsWithDRC = 0; Worst Tran/Cap/Fanout cost = 0.0000/0.0000/0; ClockBufArea = 38.1396; ClockCellArea = 39.0276; Clock = clk_i; Mode = func; Corner = fast_Cmin; ClockRoot = clk_i. (CTS-037)
Information: CTS QoR Post Optimization: GlobalSkew = 0.0779; ID = 0.1797; NetsWithDRC = 0; Worst Tran/Cap/Fanout cost = 0.0000/0.0000/0; ClockBufArea = 38.1396; ClockCellArea = 39.0276; Clock = clk_i; Mode = func; Corner = slow_Cmax; ClockRoot = clk_i. (CTS-037)
Information: CTS QoR Post Optimization: GlobalSkew = 0.0733; ID = 0.1596; NetsWithDRC = 0; Worst Tran/Cap/Fanout cost = 0.0000/0.0000/0; ClockBufArea = 38.1396; ClockCellArea = 39.0276; Clock = clk_i; Mode = func; Corner = slow_Cmin; ClockRoot = clk_i. (CTS-037)

Begin Area Recovery Buffer Removal:
Begin building search trees for block cv32e40p_top:cv32e40p_top_5_cts.design
Done building search trees for block cv32e40p_top:cv32e40p_top_5_cts.design (time 0s)
Begin building search trees for block cv32e40p_top:cv32e40p_top_5_cts.design
Done building search trees for block cv32e40p_top:cv32e40p_top_5_cts.design (time 0s)
Begin building search trees for block cv32e40p_top:cv32e40p_top_5_cts.design
Done building search trees for block cv32e40p_top:cv32e40p_top_5_cts.design (time 0s)
Begin building search trees for block cv32e40p_top:cv32e40p_top_5_cts.design
Done building search trees for block cv32e40p_top:cv32e40p_top_5_cts.design (time 0s)
Begin building search trees for block cv32e40p_top:cv32e40p_top_5_cts.design
Done building search trees for block cv32e40p_top:cv32e40p_top_5_cts.design (time 0s)
Begin building search trees for block cv32e40p_top:cv32e40p_top_5_cts.design
Done building search trees for block cv32e40p_top:cv32e40p_top_5_cts.design (time 0s)
Begin building search trees for block cv32e40p_top:cv32e40p_top_5_cts.design
Done building search trees for block cv32e40p_top:cv32e40p_top_5_cts.design (time 0s)
Begin building search trees for block cv32e40p_top:cv32e40p_top_5_cts.design
Done building search trees for block cv32e40p_top:cv32e40p_top_5_cts.design (time 0s)
Begin building search trees for block cv32e40p_top:cv32e40p_top_5_cts.design
Done building search trees for block cv32e40p_top:cv32e40p_top_5_cts.design (time 0s)
Begin building search trees for block cv32e40p_top:cv32e40p_top_5_cts.design
Done building search trees for block cv32e40p_top:cv32e40p_top_5_cts.design (time 0s)
Begin building search trees for block cv32e40p_top:cv32e40p_top_5_cts.design
Done building search trees for block cv32e40p_top:cv32e40p_top_5_cts.design (time 0s)
Begin building search trees for block cv32e40p_top:cv32e40p_top_5_cts.design
Done building search trees for block cv32e40p_top:cv32e40p_top_5_cts.design (time 0s)
Begin building search trees for block cv32e40p_top:cv32e40p_top_5_cts.design
Done building search trees for block cv32e40p_top:cv32e40p_top_5_cts.design (time 0s)
Begin building search trees for block cv32e40p_top:cv32e40p_top_5_cts.design
Done building search trees for block cv32e40p_top:cv32e40p_top_5_cts.design (time 0s)
Begin building search trees for block cv32e40p_top:cv32e40p_top_5_cts.design
Done building search trees for block cv32e40p_top:cv32e40p_top_5_cts.design (time 0s)
Begin building search trees for block cv32e40p_top:cv32e40p_top_5_cts.design
Done building search trees for block cv32e40p_top:cv32e40p_top_5_cts.design (time 0s)
Begin building search trees for block cv32e40p_top:cv32e40p_top_5_cts.design
Done building search trees for block cv32e40p_top:cv32e40p_top_5_cts.design (time 0s)
Begin building search trees for block cv32e40p_top:cv32e40p_top_5_cts.design
Done building search trees for block cv32e40p_top:cv32e40p_top_5_cts.design (time 0s)
Begin building search trees for block cv32e40p_top:cv32e40p_top_5_cts.design
Done building search trees for block cv32e40p_top:cv32e40p_top_5_cts.design (time 0s)
Begin building search trees for block cv32e40p_top:cv32e40p_top_5_cts.design
Done building search trees for block cv32e40p_top:cv32e40p_top_5_cts.design (time 0s)
Begin building search trees for block cv32e40p_top:cv32e40p_top_5_cts.design
Done building search trees for block cv32e40p_top:cv32e40p_top_5_cts.design (time 0s)
AR: deleted 0 cell(s)
Ran incremental ZGR 97 time(s) for 97 net(s) and restored ZGR 0 time(s) for 0 net(s)
Clock QoR After Area Recovery Removal:
Clock: clk_i, Mode: func, Root: clk_i
Information: CTS QoR Post Area Recovery: GlobalSkew = 0.0415; ID = 0.0816; NetsWithDRC = 0; Worst Tran/Cap/Fanout cost = 0.0000/0.0000/0; ClockBufArea = 38.1396; ClockCellArea = 39.0276; Clock = clk_i; Mode = func; Corner = fast_Cmax; ClockRoot = clk_i. (CTS-037)
Information: CTS QoR Post Area Recovery: GlobalSkew = 0.0392; ID = 0.0776; NetsWithDRC = 0; Worst Tran/Cap/Fanout cost = 0.0000/0.0000/0; ClockBufArea = 38.1396; ClockCellArea = 39.0276; Clock = clk_i; Mode = func; Corner = fast_Cmin; ClockRoot = clk_i. (CTS-037)
Information: CTS QoR Post Area Recovery: GlobalSkew = 0.0779; ID = 0.1797; NetsWithDRC = 0; Worst Tran/Cap/Fanout cost = 0.0000/0.0000/0; ClockBufArea = 38.1396; ClockCellArea = 39.0276; Clock = clk_i; Mode = func; Corner = slow_Cmax; ClockRoot = clk_i. (CTS-037)
Information: CTS QoR Post Area Recovery: GlobalSkew = 0.0733; ID = 0.1596; NetsWithDRC = 0; Worst Tran/Cap/Fanout cost = 0.0000/0.0000/0; ClockBufArea = 38.1396; ClockCellArea = 39.0276; Clock = clk_i; Mode = func; Corner = slow_Cmin; ClockRoot = clk_i. (CTS-037)

Begin Area Recovery Resizing:
Begin building search trees for block cv32e40p_top:cv32e40p_top_5_cts.design
Done building search trees for block cv32e40p_top:cv32e40p_top_5_cts.design (time 0s)
Begin building search trees for block cv32e40p_top:cv32e40p_top_5_cts.design
Done building search trees for block cv32e40p_top:cv32e40p_top_5_cts.design (time 0s)
AR: resized 14 out of 100 cell(s)
Ran incremental ZGR 2 time(s) for 16 net(s) and restored ZGR 0 time(s) for 0 net(s)
Clock QoR After Area Recovery Resizing:
Clock: clk_i, Mode: func, Root: clk_i
Information: CTS QoR Post Area Recovery: GlobalSkew = 0.0415; ID = 0.0816; NetsWithDRC = 0; Worst Tran/Cap/Fanout cost = 0.0000/0.0000/0; ClockBufArea = 37.4292; ClockCellArea = 38.3172; Clock = clk_i; Mode = func; Corner = fast_Cmax; ClockRoot = clk_i. (CTS-037)
Information: CTS QoR Post Area Recovery: GlobalSkew = 0.0392; ID = 0.0776; NetsWithDRC = 0; Worst Tran/Cap/Fanout cost = 0.0000/0.0000/0; ClockBufArea = 37.4292; ClockCellArea = 38.3172; Clock = clk_i; Mode = func; Corner = fast_Cmin; ClockRoot = clk_i. (CTS-037)
Information: CTS QoR Post Area Recovery: GlobalSkew = 0.0779; ID = 0.1797; NetsWithDRC = 0; Worst Tran/Cap/Fanout cost = 0.0000/0.0000/0; ClockBufArea = 37.4292; ClockCellArea = 38.3172; Clock = clk_i; Mode = func; Corner = slow_Cmax; ClockRoot = clk_i. (CTS-037)
Information: CTS QoR Post Area Recovery: GlobalSkew = 0.0733; ID = 0.1596; NetsWithDRC = 0; Worst Tran/Cap/Fanout cost = 0.0000/0.0000/0; ClockBufArea = 37.4292; ClockCellArea = 38.3172; Clock = clk_i; Mode = func; Corner = slow_Cmin; ClockRoot = clk_i. (CTS-037)
The elapsed time for area recovery is 0 hr : 0 min : 19.20 sec, cpu time is 0 hr : 0 min : 45.46 sec.
The elapsed time for optimization of clock tree is 0 hr : 0 min : 33.41 sec, cpu time is 0 hr : 1 min : 8.15 sec.
-------------------------------------------------------------
SI prevention through NDR promotion
NDR promotion for clock: clk_i mode: test root: clk_i
Clock QoR Before Optimization:
Clock: clk_i, Mode: test, Root: clk_i
Information: CTS QoR Pre Optimization: GlobalSkew = 0.0415; ID = 0.0816; NetsWithDRC = 0; Worst Tran/Cap/Fanout cost = 0.0000/0.0000/0; ClockBufArea = 37.4292; ClockCellArea = 38.3172; Clock = clk_i; Mode = test; Corner = fast_Cmax; ClockRoot = clk_i. (CTS-037)
Information: CTS QoR Pre Optimization: GlobalSkew = 0.0392; ID = 0.0776; NetsWithDRC = 0; Worst Tran/Cap/Fanout cost = 0.0000/0.0000/0; ClockBufArea = 37.4292; ClockCellArea = 38.3172; Clock = clk_i; Mode = test; Corner = fast_Cmin; ClockRoot = clk_i. (CTS-037)
Information: CTS QoR Pre Optimization: GlobalSkew = 0.0779; ID = 0.1682; NetsWithDRC = 0; Worst Tran/Cap/Fanout cost = 0.0000/0.0000/0; ClockBufArea = 37.4292; ClockCellArea = 38.3172; Clock = clk_i; Mode = test; Corner = slow_Cmax; ClockRoot = clk_i. (CTS-037)
Information: CTS QoR Pre Optimization: GlobalSkew = 0.0733; ID = 0.1596; NetsWithDRC = 0; Worst Tran/Cap/Fanout cost = 0.0000/0.0000/0; ClockBufArea = 37.4292; ClockCellArea = 38.3172; Clock = clk_i; Mode = test; Corner = slow_Cmin; ClockRoot = clk_i. (CTS-037)
Routing 26889 data signal nets ... 

Start congestion route ...
Information: The run time for congestion route is 0 hr : 0 min : 17.58 sec, cpu time is 0 hr : 0 min : 20.47 sec. (CTS-104)
Begin building search trees for block cv32e40p_top:cv32e40p_top_5_cts.design
Done building search trees for block cv32e40p_top:cv32e40p_top_5_cts.design (time 0s)
Information: The RC mode used is CTO for design 'cv32e40p_top'. (NEX-022)
Information: Update timing completed net estimation for all the timing graph nets (TIM-111)
Information: Net estimation statistics: timing graph nets = 26990, routed nets = 101, across physical hierarchy nets = 0, parasitics cached nets = 102, delay annotated nets = 0, parasitics annotated nets = 0, multi-voltage nets = 0. (TIM-112)
Begin building search trees for block cv32e40p_top:cv32e40p_top_5_cts.design
Done building search trees for block cv32e40p_top:cv32e40p_top_5_cts.design (time 0s)
Begin building search trees for block cv32e40p_top:cv32e40p_top_5_cts.design
Done building search trees for block cv32e40p_top:cv32e40p_top_5_cts.design (time 0s)
Begin building search trees for block cv32e40p_top:cv32e40p_top_5_cts.design
Done building search trees for block cv32e40p_top:cv32e40p_top_5_cts.design (time 0s)
Number of processed non-congested nets: 48/48 ...
Number of nets for which NDR promotion was successful: 40
Number of nets for which NDR promotion failed: 8
Clock QoR After Area Congestion Aware NDR Promotion:
Clock: clk_i, Mode: test, Root: clk_i
Information: CTS QoR Post Area Recovery: GlobalSkew = 0.0414; ID = 0.0815; NetsWithDRC = 0; Worst Tran/Cap/Fanout cost = 0.0000/0.0000/0; ClockBufArea = 37.4292; ClockCellArea = 38.3172; Clock = clk_i; Mode = test; Corner = fast_Cmax; ClockRoot = clk_i. (CTS-037)
Information: CTS QoR Post Area Recovery: GlobalSkew = 0.0390; ID = 0.0772; NetsWithDRC = 0; Worst Tran/Cap/Fanout cost = 0.0000/0.0000/0; ClockBufArea = 37.4292; ClockCellArea = 38.3172; Clock = clk_i; Mode = test; Corner = fast_Cmin; ClockRoot = clk_i. (CTS-037)
Information: CTS QoR Post Area Recovery: GlobalSkew = 0.0779; ID = 0.1682; NetsWithDRC = 0; Worst Tran/Cap/Fanout cost = 0.0000/0.0000/0; ClockBufArea = 37.4292; ClockCellArea = 38.3172; Clock = clk_i; Mode = test; Corner = slow_Cmax; ClockRoot = clk_i. (CTS-037)
Information: CTS QoR Post Area Recovery: GlobalSkew = 0.0733; ID = 0.1595; NetsWithDRC = 0; Worst Tran/Cap/Fanout cost = 0.0000/0.0000/0; ClockBufArea = 37.4292; ClockCellArea = 38.3172; Clock = clk_i; Mode = test; Corner = slow_Cmin; ClockRoot = clk_i. (CTS-037)
The elapsed time for NDR promotion is 0 hr : 0 min : 26.09 sec, cpu time is 0 hr : 0 min : 34.51 sec.
-------------------------------------------------------------
SI prevention through NDR promotion
NDR promotion for clock: clk_i mode: func root: clk_i
Clock QoR Before Optimization:
Clock: clk_i, Mode: func, Root: clk_i
Information: CTS QoR Pre Optimization: GlobalSkew = 0.0414; ID = 0.0815; NetsWithDRC = 0; Worst Tran/Cap/Fanout cost = 0.0000/0.0000/0; ClockBufArea = 37.4292; ClockCellArea = 38.3172; Clock = clk_i; Mode = func; Corner = fast_Cmax; ClockRoot = clk_i. (CTS-037)
Information: CTS QoR Pre Optimization: GlobalSkew = 0.0390; ID = 0.0772; NetsWithDRC = 0; Worst Tran/Cap/Fanout cost = 0.0000/0.0000/0; ClockBufArea = 37.4292; ClockCellArea = 38.3172; Clock = clk_i; Mode = func; Corner = fast_Cmin; ClockRoot = clk_i. (CTS-037)
Information: CTS QoR Pre Optimization: GlobalSkew = 0.0779; ID = 0.1785; NetsWithDRC = 0; Worst Tran/Cap/Fanout cost = 0.0000/0.0000/0; ClockBufArea = 37.4292; ClockCellArea = 38.3172; Clock = clk_i; Mode = func; Corner = slow_Cmax; ClockRoot = clk_i. (CTS-037)
Information: CTS QoR Pre Optimization: GlobalSkew = 0.0733; ID = 0.1595; NetsWithDRC = 0; Worst Tran/Cap/Fanout cost = 0.0000/0.0000/0; ClockBufArea = 37.4292; ClockCellArea = 38.3172; Clock = clk_i; Mode = func; Corner = slow_Cmin; ClockRoot = clk_i. (CTS-037)
Clock QoR After Area Congestion Aware NDR Promotion:
Clock: clk_i, Mode: func, Root: clk_i
Information: CTS QoR Post Area Recovery: GlobalSkew = 0.0414; ID = 0.0815; NetsWithDRC = 0; Worst Tran/Cap/Fanout cost = 0.0000/0.0000/0; ClockBufArea = 37.4292; ClockCellArea = 38.3172; Clock = clk_i; Mode = func; Corner = fast_Cmax; ClockRoot = clk_i. (CTS-037)
Information: CTS QoR Post Area Recovery: GlobalSkew = 0.0390; ID = 0.0772; NetsWithDRC = 0; Worst Tran/Cap/Fanout cost = 0.0000/0.0000/0; ClockBufArea = 37.4292; ClockCellArea = 38.3172; Clock = clk_i; Mode = func; Corner = fast_Cmin; ClockRoot = clk_i. (CTS-037)
Information: CTS QoR Post Area Recovery: GlobalSkew = 0.0779; ID = 0.1785; NetsWithDRC = 0; Worst Tran/Cap/Fanout cost = 0.0000/0.0000/0; ClockBufArea = 37.4292; ClockCellArea = 38.3172; Clock = clk_i; Mode = func; Corner = slow_Cmax; ClockRoot = clk_i. (CTS-037)
Information: CTS QoR Post Area Recovery: GlobalSkew = 0.0733; ID = 0.1595; NetsWithDRC = 0; Worst Tran/Cap/Fanout cost = 0.0000/0.0000/0; ClockBufArea = 37.4292; ClockCellArea = 38.3172; Clock = clk_i; Mode = func; Corner = slow_Cmin; ClockRoot = clk_i. (CTS-037)
The elapsed time for NDR promotion is 0 hr : 0 min : 0.16 sec, cpu time is 0 hr : 0 min : 0.22 sec.
Information: The run time for SI prevention through NDR promotion is 0 hr : 0 min : 26.26 sec, cpu time is 0 hr : 0 min : 34.73 sec. (CTS-104)
Information: The stitching and editing of coupling caps is turned OFF for design 'cv32e40p_top:cv32e40p_top_5_cts.design'. (TIM-125)
Information: Update timing completed net estimation for all the timing graph nets (TIM-111)
Information: Net estimation statistics: timing graph nets = 26990, routed nets = 101, across physical hierarchy nets = 0, parasitics cached nets = 101, delay annotated nets = 0, parasitics annotated nets = 0, multi-voltage nets = 0. (TIM-112)

Mode:func             Latency(early)   Latency(late)
Clock        Updated   rise    fall    rise    fall   Corner
------------------------------------------------------------
clk_i        Yes     0.0755  0.0755  0.0755  0.0755   fast_Cmax
clk_i        Yes     0.0719  0.0719  0.0719  0.0719   fast_Cmin
clk_i        Yes     0.1676  0.1676  0.1676  0.1676   slow_Cmax
clk_i        Yes     0.1498  0.1498  0.1498  0.1498   slow_Cmin

Mode:test             Latency(early)   Latency(late)
Clock        Updated   rise    fall    rise    fall   Corner
------------------------------------------------------------
clk_i        Yes     0.0755  0.0755  0.0755  0.0755   fast_Cmax
clk_i        Yes     0.0719  0.0719  0.0719  0.0719   fast_Cmin
clk_i        Yes     0.1572  0.1572  0.1572  0.1572   slow_Cmax
clk_i        Yes     0.1498  0.1498  0.1498  0.1498   slow_Cmin

Information: The stitching and editing of coupling caps is turned OFF for design 'cv32e40p_top:cv32e40p_top_5_cts.design'. (TIM-125)
Information: Update timing completed net estimation for all the timing graph nets (TIM-111)
Information: Net estimation statistics: timing graph nets = 26990, routed nets = 101, across physical hierarchy nets = 0, parasitics cached nets = 26990, delay annotated nets = 0, parasitics annotated nets = 0, multi-voltage nets = 0. (TIM-112)
Information: The stitching and editing of coupling caps is turned OFF for design 'cv32e40p_top:cv32e40p_top_5_cts.design'. (TIM-125)
Information: Update timing completed net estimation for all the timing graph nets (TIM-111)
Information: Net estimation statistics: timing graph nets = 26990, routed nets = 101, across physical hierarchy nets = 0, parasitics cached nets = 101, delay annotated nets = 0, parasitics annotated nets = 0, multi-voltage nets = 0. (TIM-112)
-------------------------------------------------------------
Optimizing clock tree local skew
clock: clk_i mode: func root: clk_i
Clock QoR Before Optimization:
Clock: clk_i, Mode: func, Root: clk_i
Information: CTS QoR Pre Local Skew Optimization: GlobalSkew = 0.0414; ID = 0.0815; NetsWithDRC = 0; Worst Tran/Cap/Fanout cost = 0.0000/0.0000/0; ClockBufArea = 37.4292; ClockCellArea = 38.3172; Clock = clk_i; Mode = func; Corner = fast_Cmax; ClockRoot = clk_i. (CTS-037)
Information: CTS QoR Pre Local Skew Optimization: GlobalSkew = 0.0390; ID = 0.0772; NetsWithDRC = 0; Worst Tran/Cap/Fanout cost = 0.0000/0.0000/0; ClockBufArea = 37.4292; ClockCellArea = 38.3172; Clock = clk_i; Mode = func; Corner = fast_Cmin; ClockRoot = clk_i. (CTS-037)
Information: CTS QoR Pre Local Skew Optimization: GlobalSkew = 0.0779; ID = 0.1785; NetsWithDRC = 0; Worst Tran/Cap/Fanout cost = 0.0000/0.0000/0; ClockBufArea = 37.4292; ClockCellArea = 38.3172; Clock = clk_i; Mode = func; Corner = slow_Cmax; ClockRoot = clk_i. (CTS-037)
Information: CTS QoR Pre Local Skew Optimization: GlobalSkew = 0.0733; ID = 0.1595; NetsWithDRC = 0; Worst Tran/Cap/Fanout cost = 0.0000/0.0000/0; ClockBufArea = 37.4292; ClockCellArea = 38.3172; Clock = clk_i; Mode = func; Corner = slow_Cmin; ClockRoot = clk_i. (CTS-037)

Begin Network Flow Based Optimization:
Total trial resizing 0 time(s) accepted 0 time(s)
AR: local skew for area recovery by removal and sizing
Begin building search trees for block cv32e40p_top:cv32e40p_top_5_cts.design
Done building search trees for block cv32e40p_top:cv32e40p_top_5_cts.design (time 0s)
Begin building search trees for block cv32e40p_top:cv32e40p_top_5_cts.design
Done building search trees for block cv32e40p_top:cv32e40p_top_5_cts.design (time 0s)
Begin building search trees for block cv32e40p_top:cv32e40p_top_5_cts.design
Done building search trees for block cv32e40p_top:cv32e40p_top_5_cts.design (time 0s)
Begin building search trees for block cv32e40p_top:cv32e40p_top_5_cts.design
Done building search trees for block cv32e40p_top:cv32e40p_top_5_cts.design (time 0s)
Begin building search trees for block cv32e40p_top:cv32e40p_top_5_cts.design
Done building search trees for block cv32e40p_top:cv32e40p_top_5_cts.design (time 0s)
Begin building search trees for block cv32e40p_top:cv32e40p_top_5_cts.design
Done building search trees for block cv32e40p_top:cv32e40p_top_5_cts.design (time 0s)
Begin building search trees for block cv32e40p_top:cv32e40p_top_5_cts.design
Done building search trees for block cv32e40p_top:cv32e40p_top_5_cts.design (time 0s)
Begin building search trees for block cv32e40p_top:cv32e40p_top_5_cts.design
Done building search trees for block cv32e40p_top:cv32e40p_top_5_cts.design (time 0s)
Begin building search trees for block cv32e40p_top:cv32e40p_top_5_cts.design
Done building search trees for block cv32e40p_top:cv32e40p_top_5_cts.design (time 0s)
Begin building search trees for block cv32e40p_top:cv32e40p_top_5_cts.design
Done building search trees for block cv32e40p_top:cv32e40p_top_5_cts.design (time 0s)
Begin building search trees for block cv32e40p_top:cv32e40p_top_5_cts.design
Done building search trees for block cv32e40p_top:cv32e40p_top_5_cts.design (time 0s)
Begin building search trees for block cv32e40p_top:cv32e40p_top_5_cts.design
Done building search trees for block cv32e40p_top:cv32e40p_top_5_cts.design (time 0s)
Begin building search trees for block cv32e40p_top:cv32e40p_top_5_cts.design
Done building search trees for block cv32e40p_top:cv32e40p_top_5_cts.design (time 0s)
Begin building search trees for block cv32e40p_top:cv32e40p_top_5_cts.design
Done building search trees for block cv32e40p_top:cv32e40p_top_5_cts.design (time 0s)
Begin building search trees for block cv32e40p_top:cv32e40p_top_5_cts.design
Done building search trees for block cv32e40p_top:cv32e40p_top_5_cts.design (time 0s)
Begin building search trees for block cv32e40p_top:cv32e40p_top_5_cts.design
Done building search trees for block cv32e40p_top:cv32e40p_top_5_cts.design (time 0s)
Begin building search trees for block cv32e40p_top:cv32e40p_top_5_cts.design
Done building search trees for block cv32e40p_top:cv32e40p_top_5_cts.design (time 0s)
Begin building search trees for block cv32e40p_top:cv32e40p_top_5_cts.design
Done building search trees for block cv32e40p_top:cv32e40p_top_5_cts.design (time 0s)
Begin building search trees for block cv32e40p_top:cv32e40p_top_5_cts.design
Done building search trees for block cv32e40p_top:cv32e40p_top_5_cts.design (time 0s)
Begin building search trees for block cv32e40p_top:cv32e40p_top_5_cts.design
Done building search trees for block cv32e40p_top:cv32e40p_top_5_cts.design (time 0s)
Begin building search trees for block cv32e40p_top:cv32e40p_top_5_cts.design
Done building search trees for block cv32e40p_top:cv32e40p_top_5_cts.design (time 0s)
Begin building search trees for block cv32e40p_top:cv32e40p_top_5_cts.design
Done building search trees for block cv32e40p_top:cv32e40p_top_5_cts.design (time 0s)
Begin building search trees for block cv32e40p_top:cv32e40p_top_5_cts.design
Done building search trees for block cv32e40p_top:cv32e40p_top_5_cts.design (time 0s)
Begin building search trees for block cv32e40p_top:cv32e40p_top_5_cts.design
Done building search trees for block cv32e40p_top:cv32e40p_top_5_cts.design (time 0s)
Begin building search trees for block cv32e40p_top:cv32e40p_top_5_cts.design
Done building search trees for block cv32e40p_top:cv32e40p_top_5_cts.design (time 0s)
AR: deleted 0 cell(s)
AR: resized 0 out of 100 cell(s)
Info: scanning clock net routing for possible rerouting/topology_adjustments
Begin building search trees for block cv32e40p_top:cv32e40p_top_5_cts.design
Done building search trees for block cv32e40p_top:cv32e40p_top_5_cts.design (time 0s)
Begin building search trees for block cv32e40p_top:cv32e40p_top_5_cts.design
Done building search trees for block cv32e40p_top:cv32e40p_top_5_cts.design (time 0s)
Begin building search trees for block cv32e40p_top:cv32e40p_top_5_cts.design
Done building search trees for block cv32e40p_top:cv32e40p_top_5_cts.design (time 0s)
Begin building search trees for block cv32e40p_top:cv32e40p_top_5_cts.design
Done building search trees for block cv32e40p_top:cv32e40p_top_5_cts.design (time 0s)
Begin building search trees for block cv32e40p_top:cv32e40p_top_5_cts.design
Done building search trees for block cv32e40p_top:cv32e40p_top_5_cts.design (time 0s)
Begin building search trees for block cv32e40p_top:cv32e40p_top_5_cts.design
Done building search trees for block cv32e40p_top:cv32e40p_top_5_cts.design (time 0s)
Begin building search trees for block cv32e40p_top:cv32e40p_top_5_cts.design
Done building search trees for block cv32e40p_top:cv32e40p_top_5_cts.design (time 0s)
Begin building search trees for block cv32e40p_top:cv32e40p_top_5_cts.design
Done building search trees for block cv32e40p_top:cv32e40p_top_5_cts.design (time 0s)
Begin building search trees for block cv32e40p_top:cv32e40p_top_5_cts.design
Done building search trees for block cv32e40p_top:cv32e40p_top_5_cts.design (time 0s)
Begin building search trees for block cv32e40p_top:cv32e40p_top_5_cts.design
Done building search trees for block cv32e40p_top:cv32e40p_top_5_cts.design (time 0s)
Info: done scanning clock net routing_topologies, 0 adjustments
Network Flow Optimization cpu time 00:01:09.07u 00:00:03.03s 00:00:29.36e: 
Ran incremental ZGR 97 time(s) for 97 net(s) and restored ZGR 101 time(s) for 101 net(s)
Clock Qor After Optimization:
Clock: clk_i, Mode: func, Root: clk_i
Information: CTS QoR Post Local Skew Optimization: GlobalSkew = 0.0414; ID = 0.0815; NetsWithDRC = 0; Worst Tran/Cap/Fanout cost = 0.0000/0.0000/0; ClockBufArea = 37.4292; ClockCellArea = 38.3172; Clock = clk_i; Mode = func; Corner = fast_Cmax; ClockRoot = clk_i. (CTS-037)
Information: CTS QoR Post Local Skew Optimization: GlobalSkew = 0.0390; ID = 0.0772; NetsWithDRC = 0; Worst Tran/Cap/Fanout cost = 0.0000/0.0000/0; ClockBufArea = 37.4292; ClockCellArea = 38.3172; Clock = clk_i; Mode = func; Corner = fast_Cmin; ClockRoot = clk_i. (CTS-037)
Information: CTS QoR Post Local Skew Optimization: GlobalSkew = 0.0779; ID = 0.1785; NetsWithDRC = 0; Worst Tran/Cap/Fanout cost = 0.0000/0.0000/0; ClockBufArea = 37.4292; ClockCellArea = 38.3172; Clock = clk_i; Mode = func; Corner = slow_Cmax; ClockRoot = clk_i. (CTS-037)
Information: CTS QoR Post Local Skew Optimization: GlobalSkew = 0.0733; ID = 0.1595; NetsWithDRC = 0; Worst Tran/Cap/Fanout cost = 0.0000/0.0000/0; ClockBufArea = 37.4292; ClockCellArea = 38.3172; Clock = clk_i; Mode = func; Corner = slow_Cmin; ClockRoot = clk_i. (CTS-037)
The elapsed time for optimization of clock tree is 0 hr : 0 min : 29.44 sec, cpu time is 0 hr : 1 min : 12.52 sec.
Information: The run time for skew latency optimization is 0 hr : 1 min : 4.93 sec, cpu time is 0 hr : 2 min : 41.42 sec. (CTS-104)
************************************************************
* CTS STEP: Post-Optimization DRC Fixing
************************************************************
-------------------------------------------------------------
Fixing clock: clk_i mode: test root: clk_i
Resized 0 cell(s), relocated 0 cell(s), cloned 0 cell(s) and inserted 0 buffer(s)/inverter(s)
Cloned 0 non-repeater gate(s)
Ran incremental ZGR 0 time(s) for 0 net(s) and restored ZGR 0 time(s) for 0 net(s)
Clock QoR After Fixing Post-Opt DRC Violation:
Clock: clk_i, Mode: test, Root: clk_i
Information: CTS QoR Post Final DRC Fixing: GlobalSkew = 0.0414; ID = 0.0815; NetsWithDRC = 0; Worst Tran/Cap/Fanout cost = 0.0000/0.0000/0; ClockBufArea = 37.4292; ClockCellArea = 38.3172; Clock = clk_i; Mode = test; Corner = fast_Cmax; ClockRoot = clk_i. (CTS-037)
Information: CTS QoR Post Final DRC Fixing: GlobalSkew = 0.0390; ID = 0.0772; NetsWithDRC = 0; Worst Tran/Cap/Fanout cost = 0.0000/0.0000/0; ClockBufArea = 37.4292; ClockCellArea = 38.3172; Clock = clk_i; Mode = test; Corner = fast_Cmin; ClockRoot = clk_i. (CTS-037)
Information: CTS QoR Post Final DRC Fixing: GlobalSkew = 0.0779; ID = 0.1682; NetsWithDRC = 0; Worst Tran/Cap/Fanout cost = 0.0000/0.0000/0; ClockBufArea = 37.4292; ClockCellArea = 38.3172; Clock = clk_i; Mode = test; Corner = slow_Cmax; ClockRoot = clk_i. (CTS-037)
Information: CTS QoR Post Final DRC Fixing: GlobalSkew = 0.0733; ID = 0.1595; NetsWithDRC = 0; Worst Tran/Cap/Fanout cost = 0.0000/0.0000/0; ClockBufArea = 37.4292; ClockCellArea = 38.3172; Clock = clk_i; Mode = test; Corner = slow_Cmin; ClockRoot = clk_i. (CTS-037)
The elapsed time for fixing DRC violation is 0 hr : 0 min : 0.27 sec, cpu time is 0 hr : 0 min : 0.68 sec.
-------------------------------------------------------------
Fixing clock: clk_i mode: func root: clk_i
Resized 0 cell(s), relocated 0 cell(s), cloned 0 cell(s) and inserted 0 buffer(s)/inverter(s)
Cloned 0 non-repeater gate(s)
Ran incremental ZGR 0 time(s) for 0 net(s) and restored ZGR 0 time(s) for 0 net(s)
Clock QoR After Fixing Post-Opt DRC Violation:
Clock: clk_i, Mode: func, Root: clk_i
Information: CTS QoR Post Final DRC Fixing: GlobalSkew = 0.0414; ID = 0.0815; NetsWithDRC = 0; Worst Tran/Cap/Fanout cost = 0.0000/0.0000/0; ClockBufArea = 37.4292; ClockCellArea = 38.3172; Clock = clk_i; Mode = func; Corner = fast_Cmax; ClockRoot = clk_i. (CTS-037)
Information: CTS QoR Post Final DRC Fixing: GlobalSkew = 0.0390; ID = 0.0772; NetsWithDRC = 0; Worst Tran/Cap/Fanout cost = 0.0000/0.0000/0; ClockBufArea = 37.4292; ClockCellArea = 38.3172; Clock = clk_i; Mode = func; Corner = fast_Cmin; ClockRoot = clk_i. (CTS-037)
Information: CTS QoR Post Final DRC Fixing: GlobalSkew = 0.0779; ID = 0.1785; NetsWithDRC = 0; Worst Tran/Cap/Fanout cost = 0.0000/0.0000/0; ClockBufArea = 37.4292; ClockCellArea = 38.3172; Clock = clk_i; Mode = func; Corner = slow_Cmax; ClockRoot = clk_i. (CTS-037)
Information: CTS QoR Post Final DRC Fixing: GlobalSkew = 0.0733; ID = 0.1595; NetsWithDRC = 0; Worst Tran/Cap/Fanout cost = 0.0000/0.0000/0; ClockBufArea = 37.4292; ClockCellArea = 38.3172; Clock = clk_i; Mode = func; Corner = slow_Cmin; ClockRoot = clk_i. (CTS-037)
The elapsed time for fixing DRC violation is 0 hr : 0 min : 0.07 sec, cpu time is 0 hr : 0 min : 0.09 sec.
Information: The run time for post-optimization DRC fixing is 0 hr : 0 min : 0.34 sec, cpu time is 0 hr : 0 min : 0.77 sec. (CTS-104)
All together, ran incremental ZGR 282 time(s) for 327 net(s) and restoring ZGR invoked 111 time(s) for 130 net(s)
There are 1 buffers reduced and 0 inverters added by Clock Tree Optimization.
************************************************************
* CTS STEP: Postlude
************************************************************
Mark clock trees...
Marking clock synthesized attributes

nplDplc2Placer::setParam(effort,1)
nplDplc2Placer::setParam(debug,0)
nplDplc2Placer::setParam(site_check,2)
nplDplc2Placer::setParam(app_firm_wgt,0)
Warning: Routing direction of metal layer PO is neither "horizontal" nor "vertical".  PDC checks will not be performed on this layer. (PDC-003)
PDC app_options settings =========
	place.legalize.enable_prerouted_net_check: 1
	place.legalize.num_tracks_for_access_check: 1
	place.legalize.use_eol_spacing_for_access_check: 0
	place.legalize.allow_touch_track_for_access_check: 1
	place.legalize.reduce_conservatism_in_eol_check: 0
	place.legalize.preroute_shape_merge_distance: 0.0
	place.legalize.enable_non_preferred_direction_span_check: 0

Layer M1: cached 0 shapes out of 572 total shapes.
Layer M2: cached 0 shapes out of 1245 total shapes.
Layer M3: cached 0 shapes out of 2121 total shapes.
Cached 6435 vias out of 18879 total vias.

Legalizing Top Level Design cv32e40p_top ... 
Warning: Library cell saed14rvt:SAEDRVT14_ISOFSDPQ_PECO_8.frame is missing supply pins. Its power structure cannot be determined. (LGL-050)
Warning: Library cell saed14rvt:SAEDRVT14_DCAP_PV1ECO_12.frame is missing supply pins. Its power structure cannot be determined. (LGL-050)
Warning: Routing direction of metal layer PO is neither "horizontal" nor "vertical".  PDC checks will not be performed on this layer. (PDC-003)
=====> Processed 109 ref cells (25 fillers) from library

Bounds/Regions In This Design:
        Area    Num Cells  Exclusive Name
 (square um)
     65979.1        28576        Yes DEFAULT_VA

Optimizing attract points
    Done attract points (1 sec)
Starting legalizer.
Warning: Exclusive bound 'DEFAULT' has no cells.
Optimizing Exclusive Bound 'DEFAULT_VA' (2/2)
    Done Exclusive Bound 'DEFAULT_VA' (2/2) (2 sec)
Legalization complete (4 total sec)

****************************************
  Report : Placement Attempts
  Site   : unit
****************************************

number of cells:                  28576
number of references:               109
number of site rows:                428
number of locations attempted:   259310
number of locations failed:           3  (0.0%)

Legality of references at locations:
1 references had failures.

Worst 1 references by total failures:
 CELLS       UNFLIPPED                       FLIPPED                REFERENCE NAME
         ATTEMPTS  FAILURES            ATTEMPTS  FAILURES           
     9         72         0 (  0.0%)         40         3 (  7.5%)  SAEDRVT14_OA211_2

Worst 1 references by failure rate:
 CELLS       UNFLIPPED                       FLIPPED                REFERENCE NAME
         ATTEMPTS  FAILURES            ATTEMPTS  FAILURES           
     9         72         0 (  0.0%)         40         3 (  7.5%)  SAEDRVT14_OA211_2

Legality of references in rows:
0 references had row failures.

****************************************
  Report : Cell Displacements
****************************************

number of cells aggregated:       22297 (291696 total sites)
avg row height over cells:        0.600 um
rms cell displacement:            0.003 um ( 0.00 row height)
rms weighted cell displacement:   0.003 um ( 0.00 row height)
max cell displacement:            0.370 um ( 0.62 row height)
avg cell displacement:            0.000 um ( 0.00 row height)
avg weighted cell displacement:   0.000 um ( 0.00 row height)
number of cells moved:                2
number of large displacements:        0
large displacement threshold:     3.000 row height

Displacements of worst 10 cells:
Cell: core_i/ex_stage_i/U280 (SAEDRVT14_BUF_S_2)
  Input location: (191.122,132.2)
  Legal location: (191.492,132.2)
  Displacement:   0.370 um ( 0.62 row height)
Cell: PLACE_optlc_1419 (SAEDRVT14_TIE0_4)
  Input location: (191.862,132.2)
  Legal location: (192.232,132.2)
  Displacement:   0.370 um ( 0.62 row height)
Cell: core_i/id_stage_i/add_576/U1_22 (SAEDRVT14_ADDF_V2_2)
  Input location: (175.952,151.4)
  Legal location: (175.952,151.4)
  Displacement:   0.000 um ( 0.00 row height)
Cell: core_i/id_stage_i/add_576/U1_23 (SAEDRVT14_ADDF_V2_2)
  Input location: (176.766,153.8)
  Legal location: (176.766,153.8)
  Displacement:   0.000 um ( 0.00 row height)
Cell: core_i/id_stage_i/add_576/U1_24 (SAEDRVT14_ADDF_V2_2)
  Input location: (176.396,156.2)
  Legal location: (176.396,156.2)
  Displacement:   0.000 um ( 0.00 row height)
Cell: core_i/id_stage_i/add_576/U1_21 (SAEDRVT14_ADDF_V2_2)
  Input location: (178.32,152)
  Legal location: (178.32,152)
  Displacement:   0.000 um ( 0.00 row height)
Cell: core_i/id_stage_i/add_576/U1_25 (SAEDRVT14_ADDF_V2_2)
  Input location: (176.544,158.6)
  Legal location: (176.544,158.6)
  Displacement:   0.000 um ( 0.00 row height)
Cell: core_i/id_stage_i/add_576/U1_26 (SAEDRVT14_ADDF_V2_2)
  Input location: (176.248,161)
  Legal location: (176.248,161)
  Displacement:   0.000 um ( 0.00 row height)
Cell: core_i/id_stage_i/add_576/U1_27 (SAEDRVT14_ADDF_V2_2)
  Input location: (174.25,162.8)
  Legal location: (174.25,162.8)
  Displacement:   0.000 um ( 0.00 row height)
Cell: core_i/id_stage_i/add_576/U1_28 (SAEDRVT14_ADDF_V2_2)
  Input location: (173.954,160.4)
  Legal location: (173.954,160.4)
  Displacement:   0.000 um ( 0.00 row height)

 Successfully legalize placement.
Information: The run time for postlude is 0 hr : 0 min : 9.70 sec, cpu time is 0 hr : 0 min : 9.70 sec. (CTS-104)
************************************************************
* CTS STEP: Summary report
************************************************************
There are 101 flat clock tree nets.
There are 100 non-sink instances (total area 38.32) on clock trees including 0 instances dont_touch.
Clock tree synthesize and optimization added 99 buffers and 0 inverters (total area 37.43).
97 buffers/inverters were inserted below 1 leaf level Gates.
 Compilation of clock trees finished successfully
 Run time for cts 00:05:39.27u 00:00:09.08s 00:02:36.84e: 

Summary of messages during CTS:
===============================================================
  Tag   Count  Type           Description
---------------------------------------------------------------
 No error or warning message.
1

No clock balance group was found, so skip the balance
Information: The stitching and editing of coupling caps is turned OFF for design 'cv32e40p_top:cv32e40p_top_5_cts.design'. (TIM-125)
Number of Site types in the design = 1
Setting up Chip Core
Chip Core shape: (170000 170000) (2739280 2738000)
Number of unique PDs = 1
Number of Power Domains = 1
Number of Voltage Areas = 1
Number of supply Nets = 2
Number of used supplies = 2
Use advanced legalizer engine : 0
Warning: Library cell saed14rvt:SAEDRVT14_ISOFSDPQ_PECO_8.frame is missing supply pins. Its power structure cannot be determined. (LGL-050)
Warning: Library cell saed14rvt:SAEDRVT14_DCAP_PV1ECO_12.frame is missing supply pins. Its power structure cannot be determined. (LGL-050)
Information: Current block utilization is '0.24240', effective utilization is '0.33171'. (OPT-055)
Information: Update timing completed net estimation for all the timing graph nets (TIM-111)
Information: Net estimation statistics: timing graph nets = 26990, routed nets = 101, across physical hierarchy nets = 0, parasitics cached nets = 26990, delay annotated nets = 0, parasitics annotated nets = 0, multi-voltage nets = 0. (TIM-112)

    Scenario func_slow_Cmax  WNS = 0.000000, TNS = 0.000000, NVP = 0
    Scenario test_slow_Cmax  WNS = 0.000000, TNS = 0.000000, NVP = 0

     ELAPSED  WORST NEG TOTAL NEG              MAX       MAX     BUFFER    INVERTER   LVTH      LVTH      PEAK   
      TIME      SLACK     SLACK     AREA    TRAN COST CAP COST    COUNT     COUNT     COUNT    PERCENT   MEMORY  
    --------- --------- --------- --------- --------- --------- --------- --------- --------- --------- ---------
      0:12:06     0.000     0.000 18079.324     0.000     0.009       340      3817         0     0.000      1417 


npo-clock-opt optimization Phase 6 Iter  1          0.00      0.00         7       0.016           -           0.202

Enable dominated scenarios

npo-clock-opt optimization complete                 0.00      0.00         0       0.016           -           0.202
Co-efficient Ratio Summary:
4.193421605155  6.578038173730  2.479639287277  7.744187540401  0.485050000353  3.179565833784  5.567214754587  2.894454387461  6.565921317863  -9.017937605874  3.105271396600  9.865809009851  6.078157964085  2.744589041123
8.318115604907  9.699225026083  2.464623950064  1.382370221226  9.387184029619  3.142429406669  0.968752789964  6.613180723294  4.146578893224  -7.876358018112  2.192736699363  0.965104641094  2.700172443881  3.840731764440
3.750206053169  7.663458842299  6.212201167950  7.759678473967  7.862243056717  0.402387977150  0.032845095897  0.596111512371  4.701287496892  -7.205135612169  8.279952884935  1.185195690997  3.334460408244  5.867980431622
7.173894385364  9.669819999761  7.591487347087  7.632106393266  7.679078063326  9.831314288630  1.878805817928  3.230072343539  1.226270137326  -7.050450594780  2.404529736900  6.131222044054  4.100244066110  1.274099289655
4.570746653063  5.624878808820  7.826857253678  4.759133418263  5.409027926377  2.609823652834  0.626142538674  6.381676652919  9.187474122495  -0.513656896621  5.028171271831  6.111283946103  6.181406312107  1.581956065776
7.486041822107  9.584562469756  2.041727387119  3.921160867338  0.650488682345  9.472458902409  3.368484394994  4.897111549020  6.860149344452  -2.000104151691  9.096946560958  2.199411209512  0.915934067443  5.466373008426
8.142690055883  4.607193265224  8.244463794567  3.504870705451  1.682716012888  7.173433718510  9.939562708373  3.617852772683  8.946772737652  -1.169969632707  4.520547219531  3.092349909795  5.580750136993  1.131678463510
0.721709625254  7.515947417690  0.649322209371  1.017031043513  5.811519666269  5.826730883342  4.349383292435  0.216216918317  9.612142522527  -7.311156882104  0.824110726263  0.358531786693  8.022043569284  2.603413285844
5.024802551363  1.359359521353  5.407563451201  2.804123477518  1.265300052200  0.417760313533  1.833872465081  6.448557737188  4.848373212548  -2.936801155033  8.672095709860  4.214775816610  9.007651270112  3.308488878452
Information: The net parasitics of block cv32e40p_top are cleared. (TIM-123)
Information: The stitching and editing of coupling caps is turned OFF for design 'cv32e40p_top:cv32e40p_top_5_cts.design'. (TIM-125)
Information: Design cv32e40p_top_5_cts has 26992 nets, 101 global routed, 0 detail routed. (NEX-024)
Warning: Technology layer 'M4' setting 'pitch' is not valid (NEX-001)
Warning: Technology layer 'MRDL' setting 'pitch' is not valid (NEX-001)
Warning: Parasitic Tech Library layer 'M1' parameter 'SMIN' = 0.040 does not match 0.026 of technology file (NEX-007)
Warning: Parasitic Tech Library layer 'M2' parameter 'SMIN' = 0.040 does not match 0.026 of technology file (NEX-007)
Warning: Parasitic Tech Library layer 'M3' parameter 'SMIN' = 0.040 does not match 0.026 of technology file (NEX-007)
Warning: Parasitic Tech Library layer 'M1' parameter 'SMIN' = 0.040 does not match 0.026 of technology file (NEX-007)
Warning: Parasitic Tech Library layer 'M2' parameter 'SMIN' = 0.040 does not match 0.026 of technology file (NEX-007)
Warning: Parasitic Tech Library layer 'M3' parameter 'SMIN' = 0.040 does not match 0.026 of technology file (NEX-007)
Warning: Parasitic Tech Library layer 'M8' parameter 'WMIN' = 0.030 does not match 0.060 of technology file (NEX-007)
Warning: Parasitic Tech Library layer 'M8' parameter 'SMIN' = 0.060 does not match 0.040 of technology file (NEX-007)
Information: The RC mode used is CTO for design 'cv32e40p_top'. (NEX-022)
Information: Design Average RC for design cv32e40p_top_5_cts  (NEX-011)
Information: r = 2.175318 ohm/um, via_r = 1.031427 ohm/cut, c = 0.127527 ff/um, cc = 0.000000 ff/um (X dir) (NEX-017)
Information: r = 2.639974 ohm/um, via_r = 0.663827 ohm/cut, c = 0.121912 ff/um, cc = 0.000000 ff/um (Y dir) (NEX-017)
Information: Update timing completed net estimation for all the timing graph nets (TIM-111)
Information: Net estimation statistics: timing graph nets = 26990, routed nets = 101, across physical hierarchy nets = 0, parasitics cached nets = 26990, delay annotated nets = 0, parasitics annotated nets = 0, multi-voltage nets = 0. (TIM-112)

npo-clock-opt final QoR
_______________________
Scenario Mapping Table
1: func_fast_Cmax
2: func_fast_Cmin
3: func_slow_Cmax
4: func_slow_Cmin
5: test_fast_Cmax
6: test_fast_Cmin
7: test_slow_Cmax
8: test_slow_Cmin

Pathgroup Mapping Table
1: **default**
2: **async_default**
3: **clock_gating_default**
4: **in2reg_default**
5: **reg2out_default**
6: **in2out_default**
7: clk_i

-----------------------------------------------------------------------------------------------------------
Scene  PG      WNS        TNS    NSV      WHV        THV    NHV
    1   1   0.0000     0.0000      0   0.0000     0.0000      0
    1   2   0.0000     0.0000      0   0.0000     0.0000      0
    1   3   0.0000     0.0000      0   0.0000     0.0000      0
    1   4   0.0000     0.0000      0   0.0000     0.0000      0
    1   5   0.0000     0.0000      0   0.0000     0.0000      0
    1   6   0.0000     0.0000      0   0.0000     0.0000      0
    1   7   0.0000     0.0000      0   0.0000     0.0000      0
    2   1   0.0000     0.0000      0   0.0000     0.0000      0
    2   2   0.0000     0.0000      0   0.0000     0.0000      0
    2   3   0.0000     0.0000      0   0.0000     0.0000      0
    2   4   0.0000     0.0000      0   0.0000     0.0000      0
    2   5   0.0000     0.0000      0   0.0000     0.0000      0
    2   6   0.0000     0.0000      0   0.0000     0.0000      0
    2   7   0.0000     0.0000      0   0.0000     0.0000      0
    3   1   0.0000     0.0000      0   0.0000     0.0000      0
    3   2   0.0000     0.0000      0   0.0000     0.0000      0
    3   3   0.0000     0.0000      0   0.0000     0.0000      0
    3   4   0.0000     0.0000      0   0.0000     0.0000      0
    3   5   0.0000     0.0000      0   0.0000     0.0000      0
    3   6   0.0000     0.0000      0   0.0000     0.0000      0
    3   7   0.0000     0.0000      0   0.0000     0.0000      0
    4   1   0.0000     0.0000      0   0.0000     0.0000      0
    4   2   0.0000     0.0000      0   0.0000     0.0000      0
    4   3   0.0000     0.0000      0   0.0000     0.0000      0
    4   4   0.0000     0.0000      0   0.0000     0.0000      0
    4   5   0.0000     0.0000      0   0.0000     0.0000      0
    4   6   0.0000     0.0000      0   0.0000     0.0000      0
    4   7   0.0000     0.0000      0   0.0000     0.0000      0
    5   1   0.0000     0.0000      0   0.0000     0.0000      0
    5   2   0.0000     0.0000      0   0.0000     0.0000      0
    5   3   0.0000     0.0000      0   0.0000     0.0000      0
    5   4   0.0000     0.0000      0   0.0000     0.0000      0
    5   5   0.0000     0.0000      0   0.0000     0.0000      0
    5   6   0.0000     0.0000      0   0.0000     0.0000      0
    5   7   0.0000     0.0000      0   0.0000     0.0000      0
    6   1   0.0000     0.0000      0   0.0000     0.0000      0
    6   2   0.0000     0.0000      0   0.0000     0.0000      0
    6   3   0.0000     0.0000      0   0.0000     0.0000      0
    6   4   0.0000     0.0000      0   0.0000     0.0000      0
    6   5   0.0000     0.0000      0   0.0000     0.0000      0
    6   6   0.0000     0.0000      0   0.0000     0.0000      0
    6   7   0.0000     0.0000      0   0.0000     0.0000      0
    7   1   0.0000     0.0000      0   0.0000     0.0000      0
    7   2   0.0000     0.0000      0   0.0000     0.0000      0
    7   3   0.0000     0.0000      0   0.0000     0.0000      0
    7   4   0.0000     0.0000      0   0.0000     0.0000      0
    7   5   0.0000     0.0000      0   0.0000     0.0000      0
    7   6   0.0000     0.0000      0   0.0000     0.0000      0
    7   7   0.0000     0.0000      0   0.0000     0.0000      0
    8   1   0.0000     0.0000      0   0.0000     0.0000      0
    8   2   0.0000     0.0000      0   0.0000     0.0000      0
    8   3   0.0000     0.0000      0   0.0000     0.0000      0
    8   4   0.0000     0.0000      0   0.0000     0.0000      0
    8   5   0.0000     0.0000      0   0.0000     0.0000      0
    8   6   0.0000     0.0000      0   0.0000     0.0000      0
    8   7   0.0000     0.0000      0   0.0000     0.0000      0
--------------------------------------------------------------------------------------------------------------------
Scene  PG      WNS        TNS    NSV      WHV        THV    NHV  MaxTrnV   MaxTranC  MaxCapV    Leakage
    1   *   0.0000     0.0000      0   0.0000     0.0000      0        0     0.0000        0          -
    2   *   0.0000     0.0000      0   0.0000     0.0000      0        0     0.0000        0          -
    3   *   0.0000     0.0000      0   0.0000     0.0000      0        0     0.0000        1          -
    4   *   0.0000     0.0000      0   0.0000     0.0000      0        0     0.0000        0          -
    5   *   0.0000     0.0000      0   0.0000     0.0000      0        0     0.0000        0          -
    6   *   0.0000     0.0000      0   0.0000     0.0000      0        0     0.0000        0          -
    7   *   0.0000     0.0000      0   0.0000     0.0000      0        0     0.0000        1          -
    8   *   0.0000     0.0000      0   0.0000     0.0000      0        0     0.0000        0          -
--------------------------------------------------------------------------------------------------------------------
Scene  PG      WNS        TNS    NSV      WHV        THV    NHV  MaxTrnV   MaxTranC  MaxCapV    Leakage         Area    InstCnt     BufCnt     InvCnt
    *   *   0.0000     0.0000      0   0.0000     0.0000      0        0     0.0000        1          -     16016.86      24705        340       3817
--------------------------------------------------------------------------------------------------------------------

npo-clock-opt final QoR Summary         WNS        TNS    NSV      WHV        THV    NHV  MaxTrnV  MaxCapV    Leakage         Area    InstCnt
npo-clock-opt final QoR Summary      0.0000     0.0000      0   0.0000     0.0000      0        0        1          -     16016.86      24705

npo-clock-opt command complete                CPU:  1765 s (  0.49 hr )  ELAPSE:   737 s (  0.20 hr )  MEM-PEAK:  1417 MB
npo-clock-opt command statistics  CPU=506 sec (0.14 hr) ELAPSED=225 sec (0.06 hr) MEM-PEAK=1.384 GB

npo-clock-opt optimization Phase 8 Iter  1          0.00      0.00         0       0.016           -           0.205
Running clock routing step.
set_app_options -as_user_default -list {route.global.global_route_topology_style 1}
route.global.global_route_topology_style 1
route_group -all_clock_nets -reuse_existing_global_route true
Warning: Cell contains tie connections which are not connected to real PG. (ZRT-511)
Turn off antenna since no rule is specified
Cell Min-Routing-Layer = M1
Cell Max-Routing-Layer = M9
Warning: There is no constraint to limit maximum number of secondary power and ground (PG) pins in a cluster. (ZRT-536)
Warning: There is no constraint to limit maximum number of secondary power and ground (PG) pins in a cluster. (ZRT-536)
Warning: There is no constraint to limit maximum number of secondary power and ground (PG) pins in a cluster. (ZRT-536)
Warning: There is no constraint to limit maximum number of secondary power and ground (PG) pins in a cluster. (ZRT-536)
Warning: There is no constraint to limit maximum number of secondary power and ground (PG) pins in a cluster. (ZRT-536)
Warning: There is no constraint to limit maximum number of secondary power and ground (PG) pins in a cluster. (ZRT-536)
Warning: There is no constraint to limit maximum number of secondary power and ground (PG) pins in a cluster. (ZRT-536)
Warning: There is no constraint to limit maximum number of secondary power and ground (PG) pins in a cluster. (ZRT-536)
Warning: There is no constraint to limit maximum number of secondary power and ground (PG) pins in a cluster. (ZRT-536)
Warning: There is no constraint to limit maximum number of secondary power and ground (PG) pins in a cluster. (ZRT-536)
Warning: There is no constraint to limit maximum number of secondary power and ground (PG) pins in a cluster. (ZRT-536)
Warning: There is no constraint to limit maximum number of secondary power and ground (PG) pins in a cluster. (ZRT-536)
Warning: There is no constraint to limit maximum number of secondary power and ground (PG) pins in a cluster. (ZRT-536)
Warning: There is no constraint to limit maximum number of secondary power and ground (PG) pins in a cluster. (ZRT-536)
Warning: There is no constraint to limit maximum number of secondary power and ground (PG) pins in a cluster. (ZRT-536)
Warning: There is no constraint to limit maximum number of secondary power and ground (PG) pins in a cluster. (ZRT-536)
Warning: Ignore 2 top cell ports with no pins. (ZRT-027)
Skipping 3 internal pins that are not physical. Set route.common.verbose_level to > 0 and run routing command to get skipped pin names.
Info: number of net_type_blockage: 0 
Via on layer (VIA1) needs more than one tracks
Warning: Layer M1 pitch 0.074 may be too small: wire/via-down 0.074, wire/via-up 0.098. (ZRT-026)
Via on layer (VIA1) needs more than one tracks
Warning: Layer M2 pitch 0.060 may be too small: wire/via-down 0.098, wire/via-up 0.060. (ZRT-026)
Via on layer (VIA3) needs more than one tracks
Warning: Layer M3 pitch 0.074 may be too small: wire/via-down 0.060, wire/via-up 0.080. (ZRT-026)
Wire on layer (M4) needs more than one tracks
Via on layer (VIA3) needs more than one tracks
Via on layer (VIA4) needs more than one tracks
Warning: Layer M4 pitch 0.074 may be too small: wire/via-down 0.107, wire/via-up 0.105. (ZRT-026)
Via on layer (VIA4) needs more than one tracks
Warning: Layer M5 pitch 0.120 may be too small: wire/via-down 0.135, wire/via-up 0.107. (ZRT-026)
Via on layer (VIA8) needs more than one tracks
Warning: Layer M8 pitch 0.120 may be too small: wire/via-down 0.107, wire/via-up 0.135. (ZRT-026)
Wire on layer (M9) needs more than one tracks
Via on layer (VIA8) needs more than one tracks
Via on layer (VIARDL) needs more than one tracks
Warning: Layer M9 pitch 0.120 may be too small: wire/via-down 0.135, wire/via-up 1.570. (ZRT-026)
Via on layer (VIARDL) needs more than one tracks
Warning: Layer MRDL pitch 0.600 may be too small: wire/via-down 4.500, wire/via-up 0.600. (ZRT-026)
Transition layer name: M3(2)
Warning: Standard cell pin SAEDRVT14_BUF_PS_3/VDD has no valid via regions. (ZRT-044)
Warning: Standard cell pin SAEDRVT14_BUF_PS_6/VDD has no valid via regions. (ZRT-044)
Warning: Standard cell pin SAEDRVT14_AOBUF_IW_3/VDD has no valid via regions. (ZRT-044)
Warning: Standard cell pin SAEDRVT14_BUF_PECO_12/VDD has no valid via regions. (ZRT-044)
Warning: Standard cell pin SAEDRVT14_AOBUF_IW_6/VDD has no valid via regions. (ZRT-044)
Warning: Standard cell pin SAEDRVT14_BUF_PECO_2/VDD has no valid via regions. (ZRT-044)
Warning: Standard cell pin SAEDRVT14_BUF_PECO_4/VDD has no valid via regions. (ZRT-044)
Warning: Standard cell pin SAEDRVT14_NR2_2/A1 has no valid via regions. (ZRT-044)
Warning: Standard cell pin SAEDRVT14_NR2_2/X has no valid via regions. (ZRT-044)
Warning: Standard cell pin SAEDRVT14_BUF_PECO_8/VDD has no valid via regions. (ZRT-044)
Warning: Standard cell pin SAEDRVT14_OA2BB2_2/B1 has no valid via regions. (ZRT-044)
Warning: Standard cell pin SAEDRVT14_NR3B_4/A has no valid via regions. (ZRT-044)
Start Global Route ... 
[Init] Elapsed real time: 0:00:00 
[Init] Elapsed cpu  time: sys=0:00:00 usr=0:00:00 total=0:00:00
[Init] Stage (MB): Used    0  Alloctr    0  Proc    0 
[Init] Total (MB): Used  135  Alloctr  137  Proc 2788 
GR will route in ATREE-style.
Printing options for 'route.common.*'
common.verbose_level                                    :	 0                   

Printing options for 'route.global.*'
global.debug_compact_coef                               :	 1                   
global.deterministic                                    :	 off                 
global.global_route_topology_style                      :	 1                   
global.placement_timing_driven_mode                     :	 false               
global.timing_driven                                    :	 false               

Begin global routing.
Loading parastics information to the router ...
Warning: Technology layer 'M4' setting 'pitch' is not valid (NEX-001)
Warning: Technology layer 'MRDL' setting 'pitch' is not valid (NEX-001)
Warning: Parasitic Tech Library layer 'M1' parameter 'SMIN' = 0.040 does not match 0.026 of technology file (NEX-007)
Warning: Parasitic Tech Library layer 'M2' parameter 'SMIN' = 0.040 does not match 0.026 of technology file (NEX-007)
Warning: Parasitic Tech Library layer 'M3' parameter 'SMIN' = 0.040 does not match 0.026 of technology file (NEX-007)
Warning: Parasitic Tech Library layer 'M1' parameter 'SMIN' = 0.040 does not match 0.026 of technology file (NEX-007)
Warning: Parasitic Tech Library layer 'M2' parameter 'SMIN' = 0.040 does not match 0.026 of technology file (NEX-007)
Warning: Parasitic Tech Library layer 'M3' parameter 'SMIN' = 0.040 does not match 0.026 of technology file (NEX-007)
Warning: Parasitic Tech Library layer 'M8' parameter 'WMIN' = 0.030 does not match 0.060 of technology file (NEX-007)
Warning: Parasitic Tech Library layer 'M8' parameter 'SMIN' = 0.060 does not match 0.040 of technology file (NEX-007)
parastics information loaded to the router.
Constructing data structure ...
Design statistics:
Design Bounding Box (0.00,0.00,290.93,290.80)
Number of routing layers = 10
layer M1, dir Ver, min width = 0.03, min space = 0.03 pitch = 0.07
layer M2, dir Hor, min width = 0.03, min space = 0.03 pitch = 0.06
layer M3, dir Ver, min width = 0.03, min space = 0.03 pitch = 0.07
layer M4, dir Hor, min width = 0.06, min space = 0.04 pitch = 0.07
layer M5, dir Ver, min width = 0.06, min space = 0.04 pitch = 0.12
layer M6, dir Hor, min width = 0.06, min space = 0.04 pitch = 0.12
layer M7, dir Ver, min width = 0.06, min space = 0.04 pitch = 0.12
layer M8, dir Hor, min width = 0.06, min space = 0.04 pitch = 0.12
layer M9, dir Ver, min width = 0.06, min space = 0.04 pitch = 0.12
layer MRDL, dir Hor, min width = 2.00, min space = 2.00 pitch = 0.60
Current Stage stats:
[End of Build Tech Data] Elapsed real time: 0:00:00 
[End of Build Tech Data] Elapsed cpu  time: sys=0:00:00 usr=0:00:00 total=0:00:00
[End of Build Tech Data] Stage (MB): Used    5  Alloctr    4  Proc    0 
[End of Build Tech Data] Total (MB): Used  140  Alloctr  142  Proc 2788 
Net statistics:
Total number of nets     = 27007
Number of nets to route  = 101
Number of single or zero port nets = 15
Number of nets with min-layer-mode soft = 101
Number of nets with min-layer-mode soft-cost-medium = 101
103 nets are fully connected,
 of which 2 are detail routed and 101 are global routed.
8 nets have non-default rule clknet_NDR
1 nets have non-default rule clknet_NDR_ext_spacing
39 nets have non-default rule default_rule_equivalent_ndr_double_spacing
Current Stage stats:
[End of Build All Nets] Elapsed real time: 0:00:00 
[End of Build All Nets] Elapsed cpu  time: sys=0:00:00 usr=0:00:01 total=0:00:01
[End of Build All Nets] Stage (MB): Used    9  Alloctr   10  Proc    0 
[End of Build All Nets] Total (MB): Used  149  Alloctr  152  Proc 2788 
Average gCell capacity  1.77	 on layer (1)	 M1
Average gCell capacity  9.63	 on layer (2)	 M2
Average gCell capacity  8.00	 on layer (3)	 M3
Average gCell capacity  8.01	 on layer (4)	 M4
Average gCell capacity  4.95	 on layer (5)	 M5
Average gCell capacity  4.92	 on layer (6)	 M6
Average gCell capacity  4.07	 on layer (7)	 M7
Average gCell capacity  3.73	 on layer (8)	 M8
Average gCell capacity  3.72	 on layer (9)	 M9
Average gCell capacity  1.00	 on layer (10)	 MRDL
Average number of tracks per gCell 8.11	 on layer (1)	 M1
Average number of tracks per gCell 10.02	 on layer (2)	 M2
Average number of tracks per gCell 8.11	 on layer (3)	 M3
Average number of tracks per gCell 8.12	 on layer (4)	 M4
Average number of tracks per gCell 5.00	 on layer (5)	 M5
Average number of tracks per gCell 5.01	 on layer (6)	 M6
Average number of tracks per gCell 5.00	 on layer (7)	 M7
Average number of tracks per gCell 5.01	 on layer (8)	 M8
Average number of tracks per gCell 5.00	 on layer (9)	 M9
Average number of tracks per gCell 1.00	 on layer (10)	 MRDL
Number of gCells = 2347400
Current Stage stats:
[End of Build Congestion map] Elapsed real time: 0:00:01 
[End of Build Congestion map] Elapsed cpu  time: sys=0:00:00 usr=0:00:01 total=0:00:01
[End of Build Congestion map] Stage (MB): Used   40  Alloctr   40  Proc    0 
[End of Build Congestion map] Total (MB): Used  189  Alloctr  193  Proc 2788 
Information: RC layer preference is turned on for this design. (ZRT-613)
Total stats:
[End of Build Data] Elapsed real time: 0:00:01 
[End of Build Data] Elapsed cpu  time: sys=0:00:00 usr=0:00:03 total=0:00:03
[End of Build Data] Stage (MB): Used   54  Alloctr   56  Proc    0 
[End of Build Data] Total (MB): Used  189  Alloctr  193  Proc 2788 
Current Stage stats:
[End of Blocked Pin Detection] Elapsed real time: 0:00:00 
[End of Blocked Pin Detection] Elapsed cpu  time: sys=0:00:00 usr=0:00:00 total=0:00:00
[End of Blocked Pin Detection] Stage (MB): Used    0  Alloctr    0  Proc    0 
[End of Blocked Pin Detection] Total (MB): Used  189  Alloctr  193  Proc 2788 
Information: Using 12 threads for routing. (ZRT-444)
multi gcell levels ON

Start GR phase 0
Current Stage stats:
[End of Initial Routing] Elapsed real time: 0:00:00 
[End of Initial Routing] Elapsed cpu  time: sys=0:00:00 usr=0:00:00 total=0:00:00
[End of Initial Routing] Stage (MB): Used    0  Alloctr    0  Proc    0 
[End of Initial Routing] Total (MB): Used  189  Alloctr  193  Proc 2788 
Initial. Routing result:
Initial. Both Dirs: Overflow =    50 Max = 4 GRCs =    53 (0.01%)
Initial. H routing: Overflow =    11 Max = 2 (GRCs =  4) GRCs =    14 (0.01%)
Initial. V routing: Overflow =    38 Max = 4 (GRCs =  1) GRCs =    39 (0.02%)
Initial. M1         Overflow =     0 Max = 0 (GRCs =  0) GRCs =     0 (0.00%)
Initial. M2         Overflow =     0 Max = 0 (GRCs =  0) GRCs =     0 (0.00%)
Initial. M3         Overflow =    38 Max = 4 (GRCs =  1) GRCs =    39 (0.02%)
Initial. M4         Overflow =    11 Max = 2 (GRCs =  4) GRCs =    14 (0.01%)
Initial. M5         Overflow =     0 Max = 0 (GRCs =  0) GRCs =     0 (0.00%)
Initial. M6         Overflow =     0 Max = 0 (GRCs =  0) GRCs =     0 (0.00%)
Initial. M7         Overflow =     0 Max = 0 (GRCs =  0) GRCs =     0 (0.00%)
Initial. M8         Overflow =     0 Max = 0 (GRCs =  0) GRCs =     0 (0.00%)
Initial. M9         Overflow =     0 Max = 0 (GRCs =  0) GRCs =     0 (0.00%)
Initial. MRDL       Overflow =     0 Max = 0 (GRCs =  0) GRCs =     0 (0.00%)

Initial. Total Wire Length = 11360.90
Initial. Layer M1 wire length = 18.70
Initial. Layer M2 wire length = 201.03
Initial. Layer M3 wire length = 4953.11
Initial. Layer M4 wire length = 4983.69
Initial. Layer M5 wire length = 531.45
Initial. Layer M6 wire length = 459.47
Initial. Layer M7 wire length = 13.66
Initial. Layer M8 wire length = 199.80
Initial. Layer M9 wire length = 0.00
Initial. Layer MRDL wire length = 0.00
Initial. Total Number of Contacts = 5841
Initial. Via VIA12SQ_C count = 187
Initial. Via VIA23SQ_C count = 2520
Initial. Via VIA34SQ_C count = 2769
Initial. Via VIA45SQ count = 244
Initial. Via VIA56SQ count = 90
Initial. Via VIA67SQ_C count = 19
Initial. Via VIA78SQ_C count = 12
Initial. Via VIA89_C count = 0
Initial. Via VIA9RDL count = 0
Initial. completed.

Start GR phase 1
Current Stage stats:
[End of Phase1 Routing] Elapsed real time: 0:00:00 
[End of Phase1 Routing] Elapsed cpu  time: sys=0:00:00 usr=0:00:00 total=0:00:00
[End of Phase1 Routing] Stage (MB): Used    0  Alloctr    0  Proc    0 
[End of Phase1 Routing] Total (MB): Used  189  Alloctr  193  Proc 2788 
phase1. Routing result:
phase1. Both Dirs: Overflow =    33 Max = 4 GRCs =    35 (0.01%)
phase1. H routing: Overflow =     2 Max = 1 (GRCs =  4) GRCs =     4 (0.00%)
phase1. V routing: Overflow =    31 Max = 4 (GRCs =  1) GRCs =    31 (0.01%)
phase1. M1         Overflow =     0 Max = 0 (GRCs =  0) GRCs =     0 (0.00%)
phase1. M2         Overflow =     0 Max = 0 (GRCs =  0) GRCs =     0 (0.00%)
phase1. M3         Overflow =    31 Max = 4 (GRCs =  1) GRCs =    31 (0.01%)
phase1. M4         Overflow =     2 Max = 1 (GRCs =  4) GRCs =     4 (0.00%)
phase1. M5         Overflow =     0 Max = 0 (GRCs =  0) GRCs =     0 (0.00%)
phase1. M6         Overflow =     0 Max = 0 (GRCs =  0) GRCs =     0 (0.00%)
phase1. M7         Overflow =     0 Max = 0 (GRCs =  0) GRCs =     0 (0.00%)
phase1. M8         Overflow =     0 Max = 0 (GRCs =  0) GRCs =     0 (0.00%)
phase1. M9         Overflow =     0 Max = 0 (GRCs =  0) GRCs =     0 (0.00%)
phase1. MRDL       Overflow =     0 Max = 0 (GRCs =  0) GRCs =     0 (0.00%)

phase1. Total Wire Length = 11364.51
phase1. Layer M1 wire length = 16.00
phase1. Layer M2 wire length = 200.89
phase1. Layer M3 wire length = 4955.36
phase1. Layer M4 wire length = 4990.95
phase1. Layer M5 wire length = 531.88
phase1. Layer M6 wire length = 455.97
phase1. Layer M7 wire length = 13.66
phase1. Layer M8 wire length = 199.80
phase1. Layer M9 wire length = 0.00
phase1. Layer MRDL wire length = 0.00
phase1. Total Number of Contacts = 5849
phase1. Via VIA12SQ_C count = 187
phase1. Via VIA23SQ_C count = 2521
phase1. Via VIA34SQ_C count = 2779
phase1. Via VIA45SQ count = 244
phase1. Via VIA56SQ count = 87
phase1. Via VIA67SQ_C count = 19
phase1. Via VIA78SQ_C count = 12
phase1. Via VIA89_C count = 0
phase1. Via VIA9RDL count = 0
phase1. completed.

Start GR phase 2
Current Stage stats:
[End of Phase2 Routing] Elapsed real time: 0:00:00 
[End of Phase2 Routing] Elapsed cpu  time: sys=0:00:00 usr=0:00:00 total=0:00:00
[End of Phase2 Routing] Stage (MB): Used    0  Alloctr    0  Proc    0 
[End of Phase2 Routing] Total (MB): Used  189  Alloctr  193  Proc 2788 
phase2. Routing result:
phase2. Both Dirs: Overflow =     3 Max = 1 GRCs =     6 (0.00%)
phase2. H routing: Overflow =     1 Max = 1 (GRCs =  3) GRCs =     3 (0.00%)
phase2. V routing: Overflow =     2 Max = 1 (GRCs =  3) GRCs =     3 (0.00%)
phase2. M1         Overflow =     0 Max = 0 (GRCs =  0) GRCs =     0 (0.00%)
phase2. M2         Overflow =     0 Max = 0 (GRCs =  0) GRCs =     0 (0.00%)
phase2. M3         Overflow =     2 Max = 1 (GRCs =  3) GRCs =     3 (0.00%)
phase2. M4         Overflow =     1 Max = 1 (GRCs =  3) GRCs =     3 (0.00%)
phase2. M5         Overflow =     0 Max = 0 (GRCs =  0) GRCs =     0 (0.00%)
phase2. M6         Overflow =     0 Max = 0 (GRCs =  0) GRCs =     0 (0.00%)
phase2. M7         Overflow =     0 Max = 0 (GRCs =  0) GRCs =     0 (0.00%)
phase2. M8         Overflow =     0 Max = 0 (GRCs =  0) GRCs =     0 (0.00%)
phase2. M9         Overflow =     0 Max = 0 (GRCs =  0) GRCs =     0 (0.00%)
phase2. MRDL       Overflow =     0 Max = 0 (GRCs =  0) GRCs =     0 (0.00%)

phase2. Total Wire Length = 11364.44
phase2. Layer M1 wire length = 16.00
phase2. Layer M2 wire length = 200.89
phase2. Layer M3 wire length = 4955.48
phase2. Layer M4 wire length = 4990.76
phase2. Layer M5 wire length = 531.88
phase2. Layer M6 wire length = 455.97
phase2. Layer M7 wire length = 13.66
phase2. Layer M8 wire length = 199.80
phase2. Layer M9 wire length = 0.00
phase2. Layer MRDL wire length = 0.00
phase2. Total Number of Contacts = 5849
phase2. Via VIA12SQ_C count = 187
phase2. Via VIA23SQ_C count = 2521
phase2. Via VIA34SQ_C count = 2779
phase2. Via VIA45SQ count = 244
phase2. Via VIA56SQ count = 87
phase2. Via VIA67SQ_C count = 19
phase2. Via VIA78SQ_C count = 12
phase2. Via VIA89_C count = 0
phase2. Via VIA9RDL count = 0
phase2. completed.

Start GR phase 3
Current Stage stats:
[End of Phase3 Routing] Elapsed real time: 0:00:00 
[End of Phase3 Routing] Elapsed cpu  time: sys=0:00:00 usr=0:00:00 total=0:00:00
[End of Phase3 Routing] Stage (MB): Used    0  Alloctr    0  Proc    0 
[End of Phase3 Routing] Total (MB): Used  189  Alloctr  193  Proc 2788 
phase3. Routing result:
phase3. Both Dirs: Overflow =     3 Max = 1 GRCs =     6 (0.00%)
phase3. H routing: Overflow =     1 Max = 1 (GRCs =  3) GRCs =     3 (0.00%)
phase3. V routing: Overflow =     2 Max = 1 (GRCs =  3) GRCs =     3 (0.00%)
phase3. M1         Overflow =     0 Max = 0 (GRCs =  0) GRCs =     0 (0.00%)
phase3. M2         Overflow =     0 Max = 0 (GRCs =  0) GRCs =     0 (0.00%)
phase3. M3         Overflow =     2 Max = 1 (GRCs =  3) GRCs =     3 (0.00%)
phase3. M4         Overflow =     1 Max = 1 (GRCs =  3) GRCs =     3 (0.00%)
phase3. M5         Overflow =     0 Max = 0 (GRCs =  0) GRCs =     0 (0.00%)
phase3. M6         Overflow =     0 Max = 0 (GRCs =  0) GRCs =     0 (0.00%)
phase3. M7         Overflow =     0 Max = 0 (GRCs =  0) GRCs =     0 (0.00%)
phase3. M8         Overflow =     0 Max = 0 (GRCs =  0) GRCs =     0 (0.00%)
phase3. M9         Overflow =     0 Max = 0 (GRCs =  0) GRCs =     0 (0.00%)
phase3. MRDL       Overflow =     0 Max = 0 (GRCs =  0) GRCs =     0 (0.00%)

phase3. Total Wire Length = 11364.44
phase3. Layer M1 wire length = 16.00
phase3. Layer M2 wire length = 200.89
phase3. Layer M3 wire length = 4955.48
phase3. Layer M4 wire length = 4990.76
phase3. Layer M5 wire length = 531.88
phase3. Layer M6 wire length = 455.97
phase3. Layer M7 wire length = 13.66
phase3. Layer M8 wire length = 199.80
phase3. Layer M9 wire length = 0.00
phase3. Layer MRDL wire length = 0.00
phase3. Total Number of Contacts = 5849
phase3. Via VIA12SQ_C count = 187
phase3. Via VIA23SQ_C count = 2521
phase3. Via VIA34SQ_C count = 2779
phase3. Via VIA45SQ count = 244
phase3. Via VIA56SQ count = 87
phase3. Via VIA67SQ_C count = 19
phase3. Via VIA78SQ_C count = 12
phase3. Via VIA89_C count = 0
phase3. Via VIA9RDL count = 0
phase3. completed.
[End of Whole Chip Routing] Elapsed real time: 0:00:01 
[End of Whole Chip Routing] Elapsed cpu  time: sys=0:00:00 usr=0:00:04 total=0:00:04
[End of Whole Chip Routing] Stage (MB): Used   54  Alloctr   56  Proc    0 
[End of Whole Chip Routing] Total (MB): Used  189  Alloctr  193  Proc 2788 

Information: Global Routing terminated early: false (ZRT-103)

Congestion utilization per direction:
Average vertical track utilization   =  0.48 %
Peak    vertical track utilization   = 100.00 %
Average horizontal track utilization =  0.46 %
Peak    horizontal track utilization = 73.91 %

Current Stage stats:
[GR: Done] Elapsed real time: 0:00:00 
[GR: Done] Elapsed cpu  time: sys=0:00:00 usr=0:00:00 total=0:00:00
[GR: Done] Stage (MB): Used  -33  Alloctr  -34  Proc    0 
[GR: Done] Total (MB): Used  155  Alloctr  158  Proc 2788 
GR Total stats:
[GR: Done] Elapsed real time: 0:00:02 
[GR: Done] Elapsed cpu  time: sys=0:00:00 usr=0:00:04 total=0:00:05
[GR: Done] Stage (MB): Used   20  Alloctr   21  Proc    0 
[GR: Done] Total (MB): Used  155  Alloctr  158  Proc 2788 
Updating congestion ...
Updating congestion ...
Final total stats:
[End of Global Routing] Elapsed real time: 0:00:02 
[End of Global Routing] Elapsed cpu  time: sys=0:00:00 usr=0:00:05 total=0:00:05
[End of Global Routing] Stage (MB): Used    0  Alloctr    0  Proc    0 
[End of Global Routing] Total (MB): Used  135  Alloctr  137  Proc 2788 

Start track assignment

Printing options for 'route.common.*'
common.verbose_level                                    :	 0                   

Printing options for 'route.track.*'
track.timing_driven                                     :	 false               

Information: Using 12 threads for routing. (ZRT-444)
Information: RC layer preference is turned on for this design. (ZRT-613)

[Track Assign: Read routes] Elapsed real time: 0:00:00 
[Track Assign: Read routes] Elapsed cpu  time: sys=0:00:00 usr=0:00:00 total=0:00:00
[Track Assign: Read routes] Stage (MB): Used    7  Alloctr    6  Proc    0 
[Track Assign: Read routes] Total (MB): Used  137  Alloctr  139  Proc 2788 

Start initial assignment

Assign Horizontal partitions, iteration 0
Routed partition 1/97      
Routed partition 2/97      
Routed partition 3/97      
Routed partition 4/97      
Routed partition 5/97      
Routed partition 6/97      
Routed partition 7/97      
Routed partition 8/97      
Routed partition 9/97      
Routed partition 10/97     
Routed partition 11/97     
Routed partition 12/97     
Routed partition 13/97     
Routed partition 14/97     
Routed partition 15/97     
Routed partition 16/97     
Routed partition 17/97     
Routed partition 18/97     
Routed partition 19/97     
Routed partition 20/97     
Routed partition 21/97     
Routed partition 22/97     
Routed partition 23/97     
Routed partition 24/97     
Routed partition 25/97     
Routed partition 26/97     
Routed partition 27/97     
Routed partition 28/97     
Routed partition 29/97     
Routed partition 30/97     
Routed partition 31/97     
Routed partition 32/97     
Routed partition 33/97     
Routed partition 34/97     
Routed partition 35/97     
Routed partition 36/97     
Routed partition 37/97     
Routed partition 38/97     
Routed partition 39/97     
Routed partition 40/97     
Routed partition 41/97     
Routed partition 42/97     
Routed partition 43/97     
Routed partition 44/97     
Routed partition 45/97     
Routed partition 46/97     
Routed partition 47/97     
Routed partition 48/97     
Routed partition 49/97     
Routed partition 50/97     
Routed partition 51/97     
Routed partition 52/97     
Routed partition 53/97     
Routed partition 54/97     
Routed partition 55/97     
Routed partition 56/97     
Routed partition 57/97     
Routed partition 58/97     
Routed partition 59/97     
Routed partition 60/97     
Routed partition 61/97     
Routed partition 62/97     
Routed partition 63/97     
Routed partition 64/97     
Routed partition 65/97     
Routed partition 66/97     
Routed partition 67/97     
Routed partition 68/97     
Routed partition 69/97     
Routed partition 70/97     
Routed partition 71/97     
Routed partition 72/97     
Routed partition 73/97     
Routed partition 74/97     
Routed partition 75/97     
Routed partition 76/97     
Routed partition 77/97     
Routed partition 78/97     
Routed partition 79/97     
Routed partition 80/97     
Routed partition 81/97     
Routed partition 82/97     
Routed partition 83/97     
Routed partition 84/97     
Routed partition 85/97     
Routed partition 86/97     
Routed partition 87/97     
Routed partition 88/97     
Routed partition 89/97     
Routed partition 90/97     
Routed partition 91/97     
Routed partition 92/97     
Routed partition 93/97     
Routed partition 94/97     
Routed partition 95/97     
Routed partition 96/97     
Routed partition 97/97     

Assign Vertical partitions, iteration 0
Routed partition 1/97      
Routed partition 3/97      
Routed partition 4/97      
Routed partition 6/97      
Routed partition 7/97      
Routed partition 8/97      
Routed partition 9/97      
Routed partition 10/97     
Routed partition 11/97     
Routed partition 12/97     
Routed partition 13/97     
Routed partition 14/97     
Routed partition 14/97     
Routed partition 14/97     
Routed partition 15/97     
Routed partition 16/97     
Routed partition 17/97     
Routed partition 18/97     
Routed partition 19/97     
Routed partition 20/97     
Routed partition 21/97     
Routed partition 22/97     
Routed partition 23/97     
Routed partition 24/97     
Routed partition 25/97     
Routed partition 26/97     
Routed partition 27/97     
Routed partition 28/97     
Routed partition 29/97     
Routed partition 30/97     
Routed partition 31/97     
Routed partition 32/97     
Routed partition 33/97     
Routed partition 34/97     
Routed partition 35/97     
Routed partition 36/97     
Routed partition 37/97     
Routed partition 38/97     
Routed partition 39/97     
Routed partition 40/97     
Routed partition 41/97     
Routed partition 42/97     
Routed partition 43/97     
Routed partition 44/97     
Routed partition 45/97     
Routed partition 46/97     
Routed partition 47/97     
Routed partition 48/97     
Routed partition 49/97     
Routed partition 50/97     
Routed partition 51/97     
Routed partition 52/97     
Routed partition 53/97     
Routed partition 54/97     
Routed partition 55/97     
Routed partition 56/97     
Routed partition 57/97     
Routed partition 58/97     
Routed partition 59/97     
Routed partition 60/97     
Routed partition 61/97     
Routed partition 62/97     
Routed partition 63/97     
Routed partition 64/97     
Routed partition 65/97     
Routed partition 66/97     
Routed partition 67/97     
Routed partition 68/97     
Routed partition 69/97     
Routed partition 70/97     
Routed partition 71/97     
Routed partition 72/97     
Routed partition 73/97     
Routed partition 74/97     
Routed partition 75/97     
Routed partition 76/97     
Routed partition 77/97     
Routed partition 78/97     
Routed partition 79/97     
Routed partition 80/97     
Routed partition 81/97     
Routed partition 82/97     
Routed partition 83/97     
Routed partition 84/97     
Routed partition 85/97     
Routed partition 86/97     
Routed partition 87/97     
Routed partition 88/97     
Routed partition 89/97     
Routed partition 90/97     
Routed partition 91/97     
Routed partition 92/97     
Routed partition 93/97     
Routed partition 94/97     
Routed partition 95/97     
Routed partition 96/97     
Routed partition 97/97     

Number of wires with overlap after iteration 0 = 1966 of 9072


[Track Assign: Iteration 0] Elapsed real time: 0:00:03 
[Track Assign: Iteration 0] Elapsed cpu  time: sys=0:00:04 usr=0:00:14 total=0:00:18
[Track Assign: Iteration 0] Stage (MB): Used    8  Alloctr    7  Proc  210 
[Track Assign: Iteration 0] Total (MB): Used  139  Alloctr  141  Proc 2998 

Reroute to fix overlaps

Assign Horizontal partitions, iteration 1
Routed partition 1/97      
Routed partition 2/97      
Routed partition 3/97      
Routed partition 4/97      
Routed partition 5/97      
Routed partition 6/97      
Routed partition 7/97      
Routed partition 8/97      
Routed partition 9/97      
Routed partition 10/97     
Routed partition 11/97     
Routed partition 12/97     
Routed partition 13/97     
Routed partition 14/97     
Routed partition 15/97     
Routed partition 16/97     
Routed partition 17/97     
Routed partition 18/97     
Routed partition 19/97     
Routed partition 20/97     
Routed partition 21/97     
Routed partition 22/97     
Routed partition 23/97     
Routed partition 24/97     
Routed partition 25/97     
Routed partition 26/97     
Routed partition 27/97     
Routed partition 28/97     
Routed partition 29/97     
Routed partition 30/97     
Routed partition 31/97     
Routed partition 32/97     
Routed partition 33/97     
Routed partition 34/97     
Routed partition 35/97     
Routed partition 36/97     
Routed partition 37/97     
Routed partition 38/97     
Routed partition 39/97     
Routed partition 40/97     
Routed partition 41/97     
Routed partition 42/97     
Routed partition 43/97     
Routed partition 44/97     
Routed partition 45/97     
Routed partition 46/97     
Routed partition 47/97     
Routed partition 48/97     
Routed partition 49/97     
Routed partition 50/97     
Routed partition 51/97     
Routed partition 52/97     
Routed partition 53/97     
Routed partition 54/97     
Routed partition 55/97     
Routed partition 56/97     
Routed partition 57/97     
Routed partition 58/97     
Routed partition 59/97     
Routed partition 60/97     
Routed partition 61/97     
Routed partition 62/97     
Routed partition 63/97     
Routed partition 64/97     
Routed partition 65/97     
Routed partition 66/97     
Routed partition 67/97     
Routed partition 68/97     
Routed partition 69/97     
Routed partition 70/97     
Routed partition 71/97     
Routed partition 73/97     
Routed partition 73/97     
Routed partition 74/97     
Routed partition 75/97     
Routed partition 76/97     
Routed partition 77/97     
Routed partition 78/97     
Routed partition 79/97     
Routed partition 80/97     
Routed partition 81/97     
Routed partition 82/97     
Routed partition 83/97     
Routed partition 84/97     
Routed partition 85/97     
Routed partition 86/97     
Routed partition 87/97     
Routed partition 88/97     
Routed partition 89/97     
Routed partition 90/97     
Routed partition 91/97     
Routed partition 92/97     
Routed partition 93/97     
Routed partition 94/97     
Routed partition 95/97     
Routed partition 96/97     
Routed partition 97/97     

Assign Vertical partitions, iteration 1
Routed partition 1/97      
Routed partition 2/97      
Routed partition 3/97      
Routed partition 4/97      
Routed partition 5/97      
Routed partition 6/97      
Routed partition 7/97      
Routed partition 8/97      
Routed partition 9/97      
Routed partition 10/97     
Routed partition 11/97     
Routed partition 12/97     
Routed partition 13/97     
Routed partition 14/97     
Routed partition 15/97     
Routed partition 16/97     
Routed partition 19/97     
Routed partition 19/97     
Routed partition 19/97     
Routed partition 20/97     
Routed partition 21/97     
Routed partition 22/97     
Routed partition 23/97     
Routed partition 24/97     
Routed partition 25/97     
Routed partition 26/97     
Routed partition 27/97     
Routed partition 28/97     
Routed partition 29/97     
Routed partition 30/97     
Routed partition 31/97     
Routed partition 32/97     
Routed partition 33/97     
Routed partition 34/97     
Routed partition 35/97     
Routed partition 36/97     
Routed partition 37/97     
Routed partition 38/97     
Routed partition 39/97     
Routed partition 40/97     
Routed partition 41/97     
Routed partition 42/97     
Routed partition 43/97     
Routed partition 44/97     
Routed partition 45/97     
Routed partition 46/97     
Routed partition 47/97     
Routed partition 48/97     
Routed partition 49/97     
Routed partition 50/97     
Routed partition 51/97     
Routed partition 52/97     
Routed partition 53/97     
Routed partition 54/97     
Routed partition 55/97     
Routed partition 56/97     
Routed partition 57/97     
Routed partition 58/97     
Routed partition 59/97     
Routed partition 60/97     
Routed partition 61/97     
Routed partition 62/97     
Routed partition 63/97     
Routed partition 64/97     
Routed partition 65/97     
Routed partition 66/97     
Routed partition 67/97     
Routed partition 68/97     
Routed partition 69/97     
Routed partition 70/97     
Routed partition 71/97     
Routed partition 72/97     
Routed partition 73/97     
Routed partition 74/97     
Routed partition 75/97     
Routed partition 76/97     
Routed partition 77/97     
Routed partition 78/97     
Routed partition 79/97     
Routed partition 80/97     
Routed partition 81/97     
Routed partition 82/97     
Routed partition 83/97     
Routed partition 84/97     
Routed partition 85/97     
Routed partition 86/97     
Routed partition 87/97     
Routed partition 88/97     
Routed partition 89/97     
Routed partition 90/97     
Routed partition 91/97     
Routed partition 92/97     
Routed partition 93/97     
Routed partition 94/97     
Routed partition 95/97     
Routed partition 96/97     
Routed partition 97/97     

[Track Assign: Iteration 1] Elapsed real time: 0:00:05 
[Track Assign: Iteration 1] Elapsed cpu  time: sys=0:00:04 usr=0:00:32 total=0:00:36
[Track Assign: Iteration 1] Stage (MB): Used    8  Alloctr    7  Proc  210 
[Track Assign: Iteration 1] Total (MB): Used  139  Alloctr  141  Proc 2998 

Number of wires with overlap after iteration 1 = 2160 of 8309


Wire length and via report:
---------------------------
Number of M1 wires: 9 		  : 0
Number of M2 wires: 1464 		 VIA12SQ_C: 187
Number of M3 wires: 3938 		 VIA23SQ_C: 2592
Number of M4 wires: 2589 		 VIA34SQ_C: 3301
Number of M5 wires: 242 		 VIA45SQ: 392
Number of M6 wires: 54 		 VIA56SQ: 87
Number of M7 wires: 7 		 VIA67SQ_C: 19
Number of M8 wires: 6 		 VIA78SQ_C: 12
Number of M9 wires: 0 		 VIA89_C: 0
Number of MRDL wires: 0 		 VIA9RDL: 0
Total number of wires: 8309 		 vias: 6590

Total M1 wire length: 0.4
Total M2 wire length: 88.2
Total M3 wire length: 5027.2
Total M4 wire length: 4926.4
Total M5 wire length: 548.7
Total M6 wire length: 453.6
Total M7 wire length: 14.2
Total M8 wire length: 199.3
Total M9 wire length: 0.0
Total MRDL wire length: 0.0
Total wire length: 11257.9

Longest M1 wire length: 0.1
Longest M2 wire length: 0.4
Longest M3 wire length: 112.7
Longest M4 wire length: 40.8
Longest M5 wire length: 27.7
Longest M6 wire length: 118.3
Longest M7 wire length: 4.9
Longest M8 wire length: 97.7
Longest M9 wire length: 0.0
Longest MRDL wire length: 0.0


[Track Assign: Done] Elapsed real time: 0:00:05 
[Track Assign: Done] Elapsed cpu  time: sys=0:00:04 usr=0:00:32 total=0:00:36
[Track Assign: Done] Stage (MB): Used    3  Alloctr    3  Proc  210 
[Track Assign: Done] Total (MB): Used  134  Alloctr  136  Proc 2998 
Printing options for 'route.common.*'
common.verbose_level                                    :	 0                   

Printing options for 'route.detail.*'
detail.force_end_on_preferred_grid                      :	 true                
detail.timing_driven                                    :	 false               

Printing options for 'route.auto_via_ladder.*'

Information: RC layer preference is turned on for this design. (ZRT-613)
[Dr init] Elapsed real time: 0:00:00 
[Dr init] Elapsed cpu  time: sys=0:00:00 usr=0:00:00 total=0:00:00
[Dr init] Stage (MB): Used   11  Alloctr   11  Proc    0 
[Dr init] Total (MB): Used  145  Alloctr  147  Proc 2998 
Total number of nets = 27007, of which 0 are not extracted
Total number of open nets = 26889, of which 0 are frozen
Information: Using 12 threads for routing. (ZRT-444)

Switch to reduced partition bloat for speedup (DRC report is not accurate)
Start DR iteration 0: uniform partition
Routed	354/2401 Partitions, Violations =	0
Routed	514/2401 Partitions, Violations =	0
Routed	537/2401 Partitions, Violations =	0
Routed	541/2401 Partitions, Violations =	0
Routed	573/2401 Partitions, Violations =	0
Routed	597/2401 Partitions, Violations =	0
Routed	726/2401 Partitions, Violations =	0
Routed	727/2401 Partitions, Violations =	0
Routed	757/2401 Partitions, Violations =	0
Routed	759/2401 Partitions, Violations =	0
Routed	762/2401 Partitions, Violations =	0
Routed	765/2401 Partitions, Violations =	0
Routed	766/2401 Partitions, Violations =	0
Routed	789/2401 Partitions, Violations =	0
Routed	790/2401 Partitions, Violations =	0
Routed	793/2401 Partitions, Violations =	0
Routed	794/2401 Partitions, Violations =	0
Routed	801/2401 Partitions, Violations =	0
Routed	802/2401 Partitions, Violations =	0
Routed	803/2401 Partitions, Violations =	0
Routed	805/2401 Partitions, Violations =	0
Routed	806/2401 Partitions, Violations =	0
Routed	807/2401 Partitions, Violations =	0
Routed	810/2401 Partitions, Violations =	0
Routed	813/2401 Partitions, Violations =	0
Routed	816/2401 Partitions, Violations =	0
Routed	818/2401 Partitions, Violations =	0
Routed	823/2401 Partitions, Violations =	0
Routed	824/2401 Partitions, Violations =	0
Routed	825/2401 Partitions, Violations =	0
Routed	831/2401 Partitions, Violations =	0
Routed	833/2401 Partitions, Violations =	0
Routed	838/2401 Partitions, Violations =	0
Routed	839/2401 Partitions, Violations =	0
Routed	840/2401 Partitions, Violations =	0
Routed	841/2401 Partitions, Violations =	0
Routed	842/2401 Partitions, Violations =	0
Routed	843/2401 Partitions, Violations =	0
Routed	844/2401 Partitions, Violations =	0
Routed	845/2401 Partitions, Violations =	0
Routed	846/2401 Partitions, Violations =	0
Routed	847/2401 Partitions, Violations =	0
Routed	848/2401 Partitions, Violations =	0
Routed	849/2401 Partitions, Violations =	0
Routed	852/2401 Partitions, Violations =	0
Routed	853/2401 Partitions, Violations =	5
Routed	856/2401 Partitions, Violations =	5
Routed	857/2401 Partitions, Violations =	5
Routed	858/2401 Partitions, Violations =	12
Routed	859/2401 Partitions, Violations =	12
Routed	861/2401 Partitions, Violations =	12
Routed	862/2401 Partitions, Violations =	12
Routed	863/2401 Partitions, Violations =	12
Routed	866/2401 Partitions, Violations =	12
Routed	867/2401 Partitions, Violations =	12
Routed	868/2401 Partitions, Violations =	12
Routed	869/2401 Partitions, Violations =	12
Routed	870/2401 Partitions, Violations =	12
Routed	871/2401 Partitions, Violations =	12
Routed	872/2401 Partitions, Violations =	12
Routed	875/2401 Partitions, Violations =	12
Routed	878/2401 Partitions, Violations =	12
Routed	880/2401 Partitions, Violations =	12
Routed	883/2401 Partitions, Violations =	12
Routed	884/2401 Partitions, Violations =	12
Routed	885/2401 Partitions, Violations =	9
Routed	887/2401 Partitions, Violations =	11
Routed	890/2401 Partitions, Violations =	11
Routed	891/2401 Partitions, Violations =	11
Routed	892/2401 Partitions, Violations =	11
Routed	895/2401 Partitions, Violations =	11
Routed	896/2401 Partitions, Violations =	11
Routed	898/2401 Partitions, Violations =	4
Routed	899/2401 Partitions, Violations =	4
Routed	900/2401 Partitions, Violations =	4
Routed	901/2401 Partitions, Violations =	4
Routed	912/2401 Partitions, Violations =	3
Routed	925/2401 Partitions, Violations =	5
Routed	936/2401 Partitions, Violations =	6
Routed	948/2401 Partitions, Violations =	6
Routed	960/2401 Partitions, Violations =	12
Routed	975/2401 Partitions, Violations =	15
Routed	984/2401 Partitions, Violations =	17
Routed	996/2401 Partitions, Violations =	19
Routed	1008/2401 Partitions, Violations =	20
Routed	1020/2401 Partitions, Violations =	20
Routed	1034/2401 Partitions, Violations =	20
Routed	1044/2401 Partitions, Violations =	22
Routed	1056/2401 Partitions, Violations =	23
Routed	1068/2401 Partitions, Violations =	23
Routed	1080/2401 Partitions, Violations =	24
Routed	1092/2401 Partitions, Violations =	24
Routed	1104/2401 Partitions, Violations =	27
Routed	1116/2401 Partitions, Violations =	27
Routed	1128/2401 Partitions, Violations =	29
Routed	1140/2401 Partitions, Violations =	30
Routed	1152/2401 Partitions, Violations =	30
Routed	1164/2401 Partitions, Violations =	30
Routed	1176/2401 Partitions, Violations =	32
Routed	1188/2401 Partitions, Violations =	31
Routed	1200/2401 Partitions, Violations =	35
Routed	1212/2401 Partitions, Violations =	38
Routed	1224/2401 Partitions, Violations =	38
Routed	1236/2401 Partitions, Violations =	50
Routed	1248/2401 Partitions, Violations =	48
Routed	1260/2401 Partitions, Violations =	47
Routed	1273/2401 Partitions, Violations =	47
Routed	1284/2401 Partitions, Violations =	46
Routed	1296/2401 Partitions, Violations =	42
Routed	1308/2401 Partitions, Violations =	39
Routed	1320/2401 Partitions, Violations =	42
Routed	1332/2401 Partitions, Violations =	42
Routed	1344/2401 Partitions, Violations =	44
Routed	1356/2401 Partitions, Violations =	38
Routed	1368/2401 Partitions, Violations =	45
Routed	1380/2401 Partitions, Violations =	43
Routed	1394/2401 Partitions, Violations =	42
Routed	1406/2401 Partitions, Violations =	42
Routed	1416/2401 Partitions, Violations =	45
Routed	1428/2401 Partitions, Violations =	47
Routed	1447/2401 Partitions, Violations =	49
Routed	1452/2401 Partitions, Violations =	51
Routed	1464/2401 Partitions, Violations =	47
Routed	1476/2401 Partitions, Violations =	51
Routed	1488/2401 Partitions, Violations =	52
Routed	1500/2401 Partitions, Violations =	49
Routed	1512/2401 Partitions, Violations =	50
Routed	1524/2401 Partitions, Violations =	53
Routed	1536/2401 Partitions, Violations =	53
Routed	1548/2401 Partitions, Violations =	54
Routed	1560/2401 Partitions, Violations =	54
Routed	1572/2401 Partitions, Violations =	63
Routed	1584/2401 Partitions, Violations =	72
Routed	1596/2401 Partitions, Violations =	72
Routed	1608/2401 Partitions, Violations =	80
Routed	1624/2401 Partitions, Violations =	80
Routed	1635/2401 Partitions, Violations =	80
Routed	1644/2401 Partitions, Violations =	80
Routed	1656/2401 Partitions, Violations =	62
Routed	1668/2401 Partitions, Violations =	66
Routed	1680/2401 Partitions, Violations =	72
Routed	1692/2401 Partitions, Violations =	70
Routed	1704/2401 Partitions, Violations =	72
Routed	1716/2401 Partitions, Violations =	68
Routed	1728/2401 Partitions, Violations =	87
Routed	1740/2401 Partitions, Violations =	87
Routed	1752/2401 Partitions, Violations =	94
Routed	1769/2401 Partitions, Violations =	93
Routed	1776/2401 Partitions, Violations =	93
Routed	1788/2401 Partitions, Violations =	102
Routed	1800/2401 Partitions, Violations =	104
Routed	1812/2401 Partitions, Violations =	103
Routed	1824/2401 Partitions, Violations =	105
Routed	1836/2401 Partitions, Violations =	103
Routed	1848/2401 Partitions, Violations =	103
Routed	1860/2401 Partitions, Violations =	84
Routed	1875/2401 Partitions, Violations =	88
Routed	1887/2401 Partitions, Violations =	87
Routed	1896/2401 Partitions, Violations =	86
Routed	1908/2401 Partitions, Violations =	91
Routed	1920/2401 Partitions, Violations =	95
Routed	1932/2401 Partitions, Violations =	95
Routed	1944/2401 Partitions, Violations =	94
Routed	1956/2401 Partitions, Violations =	97
Routed	1968/2401 Partitions, Violations =	96
Routed	1992/2401 Partitions, Violations =	95
Routed	1993/2401 Partitions, Violations =	95
Routed	2004/2401 Partitions, Violations =	98
Routed	2016/2401 Partitions, Violations =	97
Routed	2028/2401 Partitions, Violations =	98
Routed	2040/2401 Partitions, Violations =	89
Routed	2052/2401 Partitions, Violations =	91
Routed	2064/2401 Partitions, Violations =	90
Routed	2076/2401 Partitions, Violations =	88
Routed	2088/2401 Partitions, Violations =	92
Routed	2112/2401 Partitions, Violations =	93
Routed	2113/2401 Partitions, Violations =	93
Routed	2124/2401 Partitions, Violations =	92
Routed	2136/2401 Partitions, Violations =	93
Routed	2148/2401 Partitions, Violations =	94
Routed	2160/2401 Partitions, Violations =	98
Routed	2181/2401 Partitions, Violations =	98
Routed	2184/2401 Partitions, Violations =	99
Routed	2204/2401 Partitions, Violations =	100
Routed	2208/2401 Partitions, Violations =	100
Routed	2220/2401 Partitions, Violations =	99
Routed	2236/2401 Partitions, Violations =	99
Routed	2244/2401 Partitions, Violations =	95
Routed	2256/2401 Partitions, Violations =	90
Routed	2268/2401 Partitions, Violations =	90
Routed	2280/2401 Partitions, Violations =	92
Routed	2292/2401 Partitions, Violations =	94
Routed	2304/2401 Partitions, Violations =	94
Routed	2316/2401 Partitions, Violations =	94
Routed	2328/2401 Partitions, Violations =	94
Routed	2340/2401 Partitions, Violations =	95
Routed	2352/2401 Partitions, Violations =	95
Routed	2364/2401 Partitions, Violations =	98
Routed	2376/2401 Partitions, Violations =	98
Routed	2388/2401 Partitions, Violations =	97
Routed	2400/2401 Partitions, Violations =	94

DRC-SUMMARY:
	@@@@@@@ TOTAL VIOLATIONS =	92
	Diff net spacing : 5
	Less than minimum area : 27
	Less than NDR width : 3
	Multiple pin connections : 2
	Off-grid : 3
	Same net via-cut spacing : 20
	Short : 5
	Internal-only types : 27

[Iter 0] Elapsed real time: 0:00:05 
[Iter 0] Elapsed cpu  time: sys=0:00:00 usr=0:00:35 total=0:00:36
[Iter 0] Stage (MB): Used   20  Alloctr   20  Proc    0 
[Iter 0] Total (MB): Used  154  Alloctr  157  Proc 2998 

End DR iteration 0 with 2401 parts

Start DR iteration 1: non-uniform partition
Routed	1/40 Partitions, Violations =	64
Routed	2/40 Partitions, Violations =	59
Routed	3/40 Partitions, Violations =	58
Routed	4/40 Partitions, Violations =	58
Routed	5/40 Partitions, Violations =	58
Routed	6/40 Partitions, Violations =	58
Routed	7/40 Partitions, Violations =	53
Routed	8/40 Partitions, Violations =	50
Routed	9/40 Partitions, Violations =	44
Routed	10/40 Partitions, Violations =	44
Routed	11/40 Partitions, Violations =	44
Routed	12/40 Partitions, Violations =	43
Routed	13/40 Partitions, Violations =	41
Routed	14/40 Partitions, Violations =	41
Routed	15/40 Partitions, Violations =	42
Routed	16/40 Partitions, Violations =	42
Routed	17/40 Partitions, Violations =	42
Routed	18/40 Partitions, Violations =	41
Routed	19/40 Partitions, Violations =	39
Routed	20/40 Partitions, Violations =	38
Routed	21/40 Partitions, Violations =	38
Routed	22/40 Partitions, Violations =	39
Routed	23/40 Partitions, Violations =	40
Routed	24/40 Partitions, Violations =	40
Routed	25/40 Partitions, Violations =	41
Routed	26/40 Partitions, Violations =	40
Routed	27/40 Partitions, Violations =	41
Routed	28/40 Partitions, Violations =	40
Routed	29/40 Partitions, Violations =	43
Routed	30/40 Partitions, Violations =	47
Routed	31/40 Partitions, Violations =	37
Routed	32/40 Partitions, Violations =	39
Routed	33/40 Partitions, Violations =	39
Routed	34/40 Partitions, Violations =	31
Routed	35/40 Partitions, Violations =	23
Routed	36/40 Partitions, Violations =	24
Routed	37/40 Partitions, Violations =	24
Routed	38/40 Partitions, Violations =	22
Routed	39/40 Partitions, Violations =	23
Routed	40/40 Partitions, Violations =	23

DRC-SUMMARY:
	@@@@@@@ TOTAL VIOLATIONS =	23
	Less than minimum area : 9
	Multiple pin connections : 2
	Off-grid : 1
	Same net spacing : 2
	Same net via-cut spacing : 9

[Iter 1] Elapsed real time: 0:00:06 
[Iter 1] Elapsed cpu  time: sys=0:00:01 usr=0:00:38 total=0:00:39
[Iter 1] Stage (MB): Used   20  Alloctr   20  Proc    0 
[Iter 1] Total (MB): Used  154  Alloctr  157  Proc 2998 

End DR iteration 1 with 40 parts

Start DR iteration 2: non-uniform partition
Routed	1/13 Partitions, Violations =	8
Routed	2/13 Partitions, Violations =	8
Routed	3/13 Partitions, Violations =	8
Routed	4/13 Partitions, Violations =	8
Routed	5/13 Partitions, Violations =	9
Routed	6/13 Partitions, Violations =	10
Routed	7/13 Partitions, Violations =	11
Routed	8/13 Partitions, Violations =	15
Routed	9/13 Partitions, Violations =	11
Routed	10/13 Partitions, Violations =	11
Routed	11/13 Partitions, Violations =	9
Routed	12/13 Partitions, Violations =	8
Routed	13/13 Partitions, Violations =	7

DRC-SUMMARY:
	@@@@@@@ TOTAL VIOLATIONS =	7
	Multiple pin connections : 2
	Same net via-cut spacing : 5

[Iter 2] Elapsed real time: 0:00:07 
[Iter 2] Elapsed cpu  time: sys=0:00:01 usr=0:00:40 total=0:00:42
[Iter 2] Stage (MB): Used   20  Alloctr   20  Proc    0 
[Iter 2] Total (MB): Used  154  Alloctr  157  Proc 2998 

End DR iteration 2 with 13 parts

Start DR iteration 3: non-uniform partition
Routed	1/4 Partitions, Violations =	0
Routed	2/4 Partitions, Violations =	1
Routed	3/4 Partitions, Violations =	2
Routed	4/4 Partitions, Violations =	6

DRC-SUMMARY:
	@@@@@@@ TOTAL VIOLATIONS =	6
	Multiple pin connections : 2
	Same net via-cut spacing : 4

[Iter 3] Elapsed real time: 0:00:07 
[Iter 3] Elapsed cpu  time: sys=0:00:01 usr=0:00:42 total=0:00:43
[Iter 3] Stage (MB): Used   20  Alloctr   20  Proc    0 
[Iter 3] Total (MB): Used  154  Alloctr  157  Proc 2998 

End DR iteration 3 with 4 parts

Start DR iteration 4: non-uniform partition
Routed	1/3 Partitions, Violations =	1
Routed	2/3 Partitions, Violations =	2
Routed	3/3 Partitions, Violations =	2

DRC-SUMMARY:
	@@@@@@@ TOTAL VIOLATIONS =	2
	Same net via-cut spacing : 2

[Iter 4] Elapsed real time: 0:00:08 
[Iter 4] Elapsed cpu  time: sys=0:00:01 usr=0:00:43 total=0:00:45
[Iter 4] Stage (MB): Used   20  Alloctr   20  Proc    0 
[Iter 4] Total (MB): Used  154  Alloctr  157  Proc 2998 

End DR iteration 4 with 3 parts

Start DR iteration 5: non-uniform partition
Routed	1/2 Partitions, Violations =	1
Routed	2/2 Partitions, Violations =	2

DRC-SUMMARY:
	@@@@@@@ TOTAL VIOLATIONS =	2
	Same net via-cut spacing : 2

[Iter 5] Elapsed real time: 0:00:08 
[Iter 5] Elapsed cpu  time: sys=0:00:01 usr=0:00:44 total=0:00:46
[Iter 5] Stage (MB): Used   20  Alloctr   20  Proc    0 
[Iter 5] Total (MB): Used  154  Alloctr  157  Proc 2998 

End DR iteration 5 with 2 parts

Start DR iteration 6: non-uniform partition
Routed	1/2 Partitions, Violations =	1
Routed	2/2 Partitions, Violations =	2

DRC-SUMMARY:
	@@@@@@@ TOTAL VIOLATIONS =	2
	Same net via-cut spacing : 2

[Iter 6] Elapsed real time: 0:00:08 
[Iter 6] Elapsed cpu  time: sys=0:00:01 usr=0:00:45 total=0:00:47
[Iter 6] Stage (MB): Used   20  Alloctr   20  Proc    0 
[Iter 6] Total (MB): Used  154  Alloctr  157  Proc 2998 

End DR iteration 6 with 2 parts

Start DR iteration 7: non-uniform partition
Routed	1/2 Partitions, Violations =	1
Routed	2/2 Partitions, Violations =	2

DRC-SUMMARY:
	@@@@@@@ TOTAL VIOLATIONS =	2
	Same net via-cut spacing : 2

[Iter 7] Elapsed real time: 0:00:08 
[Iter 7] Elapsed cpu  time: sys=0:00:01 usr=0:00:46 total=0:00:48
[Iter 7] Stage (MB): Used   20  Alloctr   20  Proc    0 
[Iter 7] Total (MB): Used  154  Alloctr  157  Proc 2998 

End DR iteration 7 with 2 parts


Switch back to normal partition bloat and recalculate DRC:

Begin full DRC check ...

Information: Using 12 threads for routing. (ZRT-444)
Checked	17/169 Partitions, Violations =	2
Checked	18/169 Partitions, Violations =	2
Checked	27/169 Partitions, Violations =	2
Checked	28/169 Partitions, Violations =	2
Checked	29/169 Partitions, Violations =	2
Checked	40/169 Partitions, Violations =	2
Checked	41/169 Partitions, Violations =	2
Checked	42/169 Partitions, Violations =	2
Checked	48/169 Partitions, Violations =	2
Checked	56/169 Partitions, Violations =	2
Checked	60/169 Partitions, Violations =	2
Checked	66/169 Partitions, Violations =	2
Checked	73/169 Partitions, Violations =	2
Checked	79/169 Partitions, Violations =	2
Checked	87/169 Partitions, Violations =	2
Checked	90/169 Partitions, Violations =	2
Checked	96/169 Partitions, Violations =	2
Checked	104/169 Partitions, Violations =	2
Checked	108/169 Partitions, Violations =	2
Checked	123/169 Partitions, Violations =	2
Checked	124/169 Partitions, Violations =	2
Checked	126/169 Partitions, Violations =	2
Checked	132/169 Partitions, Violations =	2
Checked	138/169 Partitions, Violations =	2
Checked	144/169 Partitions, Violations =	2
Checked	150/169 Partitions, Violations =	2
Checked	156/169 Partitions, Violations =	2
Checked	162/169 Partitions, Violations =	2
Checked	168/169 Partitions, Violations =	2
[DRC CHECK] Elapsed real time: 0:00:09 
[DRC CHECK] Elapsed cpu  time: sys=0:00:02 usr=0:00:50 total=0:00:52
[DRC CHECK] Stage (MB): Used   20  Alloctr   20  Proc    0 
[DRC CHECK] Total (MB): Used  154  Alloctr  157  Proc 2998 
Start DR iteration 8: non-uniform partition
Routed	1/2 Partitions, Violations =	2
Routed	2/2 Partitions, Violations =	3

DRC-SUMMARY:
	@@@@@@@ TOTAL VIOLATIONS =	3
	Off-grid : 1
	Same net via-cut spacing : 2

[Iter 8] Elapsed real time: 0:00:09 
[Iter 8] Elapsed cpu  time: sys=0:00:02 usr=0:00:52 total=0:00:54
[Iter 8] Stage (MB): Used   20  Alloctr   20  Proc    0 
[Iter 8] Total (MB): Used  154  Alloctr  157  Proc 2998 

End DR iteration 8 with 2 parts

Start DR iteration 9: non-uniform partition
Routed	1/2 Partitions, Violations =	1
Routed	2/2 Partitions, Violations =	2

DRC-SUMMARY:
	@@@@@@@ TOTAL VIOLATIONS =	2
	Same net via-cut spacing : 2

[Iter 9] Elapsed real time: 0:00:09 
[Iter 9] Elapsed cpu  time: sys=0:00:02 usr=0:00:53 total=0:00:56
[Iter 9] Stage (MB): Used   20  Alloctr   20  Proc    0 
[Iter 9] Total (MB): Used  154  Alloctr  157  Proc 2998 

End DR iteration 9 with 2 parts

Start DR iteration 10: non-uniform partition
Routed	1/2 Partitions, Violations =	1
Routed	2/2 Partitions, Violations =	2

DRC-SUMMARY:
	@@@@@@@ TOTAL VIOLATIONS =	2
	Same net via-cut spacing : 2

[Iter 10] Elapsed real time: 0:00:10 
[Iter 10] Elapsed cpu  time: sys=0:00:02 usr=0:00:55 total=0:00:57
[Iter 10] Stage (MB): Used   20  Alloctr   20  Proc    0 
[Iter 10] Total (MB): Used  154  Alloctr  157  Proc 2998 

End DR iteration 10 with 2 parts

Start DR iteration 11: non-uniform partition
Routed	1/2 Partitions, Violations =	0
Routed	2/2 Partitions, Violations =	1

DRC-SUMMARY:
	@@@@@@@ TOTAL VIOLATIONS =	1
	Same net via-cut spacing : 1

[Iter 11] Elapsed real time: 0:00:10 
[Iter 11] Elapsed cpu  time: sys=0:00:02 usr=0:00:56 total=0:00:58
[Iter 11] Stage (MB): Used   20  Alloctr   20  Proc    0 
[Iter 11] Total (MB): Used  154  Alloctr  157  Proc 2998 

End DR iteration 11 with 2 parts

Start DR iteration 12: non-uniform partition
Routed	1/1 Partitions, Violations =	1

DRC-SUMMARY:
	@@@@@@@ TOTAL VIOLATIONS =	1
	Same net via-cut spacing : 1

[Iter 12] Elapsed real time: 0:00:10 
[Iter 12] Elapsed cpu  time: sys=0:00:02 usr=0:00:57 total=0:01:00
[Iter 12] Stage (MB): Used   20  Alloctr   20  Proc    0 
[Iter 12] Total (MB): Used  154  Alloctr  157  Proc 2998 

End DR iteration 12 with 1 parts

Stop DR since not converging

Information: Detail Routing terminated early because DRCs were not converging: true (ZRT-312)
[DR] Elapsed real time: 0:00:10 
[DR] Elapsed cpu  time: sys=0:00:02 usr=0:00:57 total=0:01:00
[DR] Stage (MB): Used    2  Alloctr    2  Proc    0 
[DR] Total (MB): Used  136  Alloctr  138  Proc 2998 
[DR: Done] Elapsed real time: 0:00:10 
[DR: Done] Elapsed cpu  time: sys=0:00:02 usr=0:00:57 total=0:01:00
[DR: Done] Stage (MB): Used    2  Alloctr    2  Proc    0 
[DR: Done] Total (MB): Used  136  Alloctr  138  Proc 2998 

DR finished with 0 open nets, of which 0 are frozen

DR finished with 1 violations

DRC-SUMMARY:
	@@@@@@@ TOTAL VIOLATIONS =	1
	Same net via-cut spacing : 1



Total Wire Length =                    12713 micron
Total Number of Contacts =             6370
Total Number of Wires =                7576
Total Number of PtConns =              1422
Total Number of Routed Wires =       7576
Total Routed Wire Length =           11348 micron
Total Number of Routed Contacts =       6370
	Layer               M1 :          0 micron
	Layer               M2 :         40 micron
	Layer               M3 :       6545 micron
	Layer               M4 :       4877 micron
	Layer               M5 :        545 micron
	Layer               M6 :        492 micron
	Layer               M7 :         15 micron
	Layer               M8 :        198 micron
	Layer               M9 :          0 micron
	Layer             MRDL :          0 micron
	Via       VIA78SQ(rot) :         12
	Via          VIA67SQ_C :          3
	Via     VIA67SQ_C(rot) :         15
	Via     VIA56SQ_C(rot) :         52
	Via            VIA56SQ :         52
	Via            VIA45SQ :        349
	Via     VIA34SQ_C(rot) :       3183
	Via       VIA34SQ(rot) :          1
	Via          VIA23SQ_C :       2507
	Via            VIA23SQ :          1
	Via        VIA2_33SQ_C :          9
	Via     VIA12SQ_C(rot) :        120
	Via          VIA12LG_C :          1
	Via   VIA1_32SQ_C(rot) :         65

 
Redundant via conversion report:
--------------------------------

  Total optimized via conversion rate =  0.00% (0 / 6370 vias)
 
    Layer VIA1       =  0.00% (0      / 186     vias)
        Un-optimized =  0.00% (0       vias)
        Un-mapped    = 100.00% (186     vias)
    Layer VIA2       =  0.00% (0      / 2517    vias)
        Un-optimized =  0.00% (0       vias)
        Un-mapped    = 100.00% (2517    vias)
    Layer VIA3       =  0.00% (0      / 3184    vias)
        Un-optimized =  0.00% (0       vias)
        Un-mapped    = 100.00% (3184    vias)
    Layer VIA4       =  0.00% (0      / 349     vias)
        Un-optimized =  0.00% (0       vias)
        Un-mapped    = 100.00% (349     vias)
    Layer VIA5       =  0.00% (0      / 104     vias)
        Un-optimized =  0.00% (0       vias)
        Un-mapped    = 100.00% (104     vias)
    Layer VIA6       =  0.00% (0      / 18      vias)
        Un-optimized =  0.00% (0       vias)
        Un-mapped    = 100.00% (18      vias)
    Layer VIA7       =  0.00% (0      / 12      vias)
        Un-optimized =  0.00% (0       vias)
        Un-mapped    = 100.00% (12      vias)
 
  Total double via conversion rate    =  0.00% (0 / 6370 vias)
 
    Layer VIA1       =  0.00% (0      / 186     vias)
    Layer VIA2       =  0.00% (0      / 2517    vias)
    Layer VIA3       =  0.00% (0      / 3184    vias)
    Layer VIA4       =  0.00% (0      / 349     vias)
    Layer VIA5       =  0.00% (0      / 104     vias)
    Layer VIA6       =  0.00% (0      / 18      vias)
    Layer VIA7       =  0.00% (0      / 12      vias)
 
  The optimized via conversion rate based on total routed via count =  0.00% (0 / 6370 vias)
 
    Layer VIA1       =  0.00% (0      / 186     vias)
        Un-optimized =  0.00% (0       vias)
        Un-mapped    = 100.00% (186     vias)
    Layer VIA2       =  0.00% (0      / 2517    vias)
        Un-optimized =  0.00% (0       vias)
        Un-mapped    = 100.00% (2517    vias)
    Layer VIA3       =  0.00% (0      / 3184    vias)
        Un-optimized =  0.00% (0       vias)
        Un-mapped    = 100.00% (3184    vias)
    Layer VIA4       =  0.00% (0      / 349     vias)
        Un-optimized =  0.00% (0       vias)
        Un-mapped    = 100.00% (349     vias)
    Layer VIA5       =  0.00% (0      / 104     vias)
        Un-optimized =  0.00% (0       vias)
        Un-mapped    = 100.00% (104     vias)
    Layer VIA6       =  0.00% (0      / 18      vias)
        Un-optimized =  0.00% (0       vias)
        Un-mapped    = 100.00% (18      vias)
    Layer VIA7       =  0.00% (0      / 12      vias)
        Un-optimized =  0.00% (0       vias)
        Un-mapped    = 100.00% (12      vias)
 

Total number of nets = 27007
0 open nets, of which 0 are frozen
Total number of excluded ports = 0 ports of 0 unplaced cells connected to 0 nets
                                 0 ports without pins of 0 cells connected to 0 nets
                                 0 ports of 0 cover cells connected to 0 non-pg nets
Total number of DRCs = 1
Total number of antenna violations = antenna checking not active
Information: Routes in non-preferred voltage areas = 0 (ZRT-559)

Topology ECO not run, no qualifying violations or in frozen nets.
Updating the database ...
Information: The net parasitics of block cv32e40p_top are cleared. (TIM-123)
set_app_options -as_user_default -list {route.global.global_route_topology_style 0}
route.global.global_route_topology_style 0
Information: The stitching and editing of coupling caps is turned OFF for design 'cv32e40p_top:cv32e40p_top_5_cts.design'. (TIM-125)
Begin building search trees for block cv32e40p_top:cv32e40p_top_5_cts.design
Done building search trees for block cv32e40p_top:cv32e40p_top_5_cts.design (time 0s)
Information: Design cv32e40p_top_5_cts has 26992 nets, 0 global routed, 101 detail routed. (NEX-024)
Warning: Technology layer 'M4' setting 'pitch' is not valid (NEX-001)
Warning: Technology layer 'MRDL' setting 'pitch' is not valid (NEX-001)
Warning: Parasitic Tech Library layer 'M1' parameter 'SMIN' = 0.040 does not match 0.026 of technology file (NEX-007)
Warning: Parasitic Tech Library layer 'M2' parameter 'SMIN' = 0.040 does not match 0.026 of technology file (NEX-007)
Warning: Parasitic Tech Library layer 'M3' parameter 'SMIN' = 0.040 does not match 0.026 of technology file (NEX-007)
Warning: Parasitic Tech Library layer 'M1' parameter 'SMIN' = 0.040 does not match 0.026 of technology file (NEX-007)
Warning: Parasitic Tech Library layer 'M2' parameter 'SMIN' = 0.040 does not match 0.026 of technology file (NEX-007)
Warning: Parasitic Tech Library layer 'M3' parameter 'SMIN' = 0.040 does not match 0.026 of technology file (NEX-007)
Warning: Parasitic Tech Library layer 'M8' parameter 'WMIN' = 0.030 does not match 0.060 of technology file (NEX-007)
Warning: Parasitic Tech Library layer 'M8' parameter 'SMIN' = 0.060 does not match 0.040 of technology file (NEX-007)
Information: The stitching and editing of coupling caps is turned OFF for design 'cv32e40p_top:cv32e40p_top_5_cts.design'. (TIM-125)
Information: The RC mode used is CTO for design 'cv32e40p_top'. (NEX-022)
Information: Update timing completed net estimation for all the timing graph nets (TIM-111)
Information: Net estimation statistics: timing graph nets = 26990, routed nets = 101, across physical hierarchy nets = 0, parasitics cached nets = 101, delay annotated nets = 0, parasitics annotated nets = 0, multi-voltage nets = 0. (TIM-112)

Mode:func             Latency(early)   Latency(late)
Clock        Updated   rise    fall    rise    fall   Corner
------------------------------------------------------------
clk_i        Yes     0.0768  0.0768  0.0771  0.0771   fast_Cmax
clk_i        Yes     0.0730  0.0730  0.0734  0.0734   fast_Cmin
clk_i        Yes     0.1709  0.1709  0.1711  0.1711   slow_Cmax
clk_i        Yes     0.1526  0.1526  0.1529  0.1529   slow_Cmin

Mode:test             Latency(early)   Latency(late)
Clock        Updated   rise    fall    rise    fall   Corner
------------------------------------------------------------
clk_i        Yes     0.0768  0.0768  0.0771  0.0771   fast_Cmax
clk_i        Yes     0.0730  0.0730  0.0734  0.0734   fast_Cmin
clk_i        Yes     0.1603  0.1603  0.1606  0.1606   slow_Cmax
clk_i        Yes     0.1526  0.1526  0.1529  0.1529   slow_Cmin


Information: Running auto PG connection. (NDM-099)
1
#clock_opt -to final_opto
connect_pg_net -net "VDD" [get_pins -hierarchical "*/VDD*"]
connect_pg_net -net "VSS" [get_pins -hierarchical "*/VSS"]
check_routes
Warning: Cell contains tie connections which are not connected to real PG. (ZRT-511)
Turn off antenna since no rule is specified
Cell Min-Routing-Layer = M1
Cell Max-Routing-Layer = M9
Warning: There is no constraint to limit maximum number of secondary power and ground (PG) pins in a cluster. (ZRT-536)
Warning: There is no constraint to limit maximum number of secondary power and ground (PG) pins in a cluster. (ZRT-536)
Warning: There is no constraint to limit maximum number of secondary power and ground (PG) pins in a cluster. (ZRT-536)
Warning: There is no constraint to limit maximum number of secondary power and ground (PG) pins in a cluster. (ZRT-536)
Warning: There is no constraint to limit maximum number of secondary power and ground (PG) pins in a cluster. (ZRT-536)
Warning: There is no constraint to limit maximum number of secondary power and ground (PG) pins in a cluster. (ZRT-536)
Warning: There is no constraint to limit maximum number of secondary power and ground (PG) pins in a cluster. (ZRT-536)
Warning: There is no constraint to limit maximum number of secondary power and ground (PG) pins in a cluster. (ZRT-536)
Warning: There is no constraint to limit maximum number of secondary power and ground (PG) pins in a cluster. (ZRT-536)
Warning: There is no constraint to limit maximum number of secondary power and ground (PG) pins in a cluster. (ZRT-536)
Warning: There is no constraint to limit maximum number of secondary power and ground (PG) pins in a cluster. (ZRT-536)
Warning: There is no constraint to limit maximum number of secondary power and ground (PG) pins in a cluster. (ZRT-536)
Warning: There is no constraint to limit maximum number of secondary power and ground (PG) pins in a cluster. (ZRT-536)
Warning: There is no constraint to limit maximum number of secondary power and ground (PG) pins in a cluster. (ZRT-536)
Warning: There is no constraint to limit maximum number of secondary power and ground (PG) pins in a cluster. (ZRT-536)
Warning: There is no constraint to limit maximum number of secondary power and ground (PG) pins in a cluster. (ZRT-536)
Warning: Ignore 2 top cell ports with no pins. (ZRT-027)
Skipping 3 internal pins that are not physical. Set route.common.verbose_level to > 0 and run routing command to get skipped pin names.
Info: number of net_type_blockage: 0 
Via on layer (VIA1) needs more than one tracks
Warning: Layer M1 pitch 0.074 may be too small: wire/via-down 0.074, wire/via-up 0.098. (ZRT-026)
Via on layer (VIA1) needs more than one tracks
Warning: Layer M2 pitch 0.060 may be too small: wire/via-down 0.098, wire/via-up 0.060. (ZRT-026)
Via on layer (VIA3) needs more than one tracks
Warning: Layer M3 pitch 0.074 may be too small: wire/via-down 0.060, wire/via-up 0.080. (ZRT-026)
Wire on layer (M4) needs more than one tracks
Via on layer (VIA3) needs more than one tracks
Via on layer (VIA4) needs more than one tracks
Warning: Layer M4 pitch 0.074 may be too small: wire/via-down 0.107, wire/via-up 0.105. (ZRT-026)
Via on layer (VIA4) needs more than one tracks
Warning: Layer M5 pitch 0.120 may be too small: wire/via-down 0.135, wire/via-up 0.107. (ZRT-026)
Via on layer (VIA8) needs more than one tracks
Warning: Layer M8 pitch 0.120 may be too small: wire/via-down 0.107, wire/via-up 0.135. (ZRT-026)
Wire on layer (M9) needs more than one tracks
Via on layer (VIA8) needs more than one tracks
Via on layer (VIARDL) needs more than one tracks
Warning: Layer M9 pitch 0.120 may be too small: wire/via-down 0.135, wire/via-up 1.570. (ZRT-026)
Via on layer (VIARDL) needs more than one tracks
Warning: Layer MRDL pitch 0.600 may be too small: wire/via-down 4.500, wire/via-up 0.600. (ZRT-026)
Transition layer name: M3(2)
Warning: Standard cell pin SAEDRVT14_BUF_PECO_12/VDD has no valid via regions. (ZRT-044)
Warning: Standard cell pin SAEDRVT14_BUF_PECO_2/VDD has no valid via regions. (ZRT-044)
Warning: Standard cell pin SAEDRVT14_BUF_PECO_4/VDD has no valid via regions. (ZRT-044)
Warning: Standard cell pin SAEDRVT14_OA2BB2_2/B1 has no valid via regions. (ZRT-044)
Warning: Standard cell pin SAEDRVT14_BUF_PS_3/VDD has no valid via regions. (ZRT-044)
Warning: Standard cell pin SAEDRVT14_BUF_PS_6/VDD has no valid via regions. (ZRT-044)
Warning: Standard cell pin SAEDRVT14_BUF_PECO_8/VDD has no valid via regions. (ZRT-044)
Warning: Standard cell pin SAEDRVT14_AOBUF_IW_3/VDD has no valid via regions. (ZRT-044)
Warning: Standard cell pin SAEDRVT14_NR2_2/A1 has no valid via regions. (ZRT-044)
Warning: Standard cell pin SAEDRVT14_NR2_2/X has no valid via regions. (ZRT-044)
Warning: Standard cell pin SAEDRVT14_AOBUF_IW_6/VDD has no valid via regions. (ZRT-044)
Warning: Standard cell pin SAEDRVT14_NR3B_4/A has no valid via regions. (ZRT-044)


Start checking for open nets ... 

net(optlc_net_26) has floating ports (dbId = 1 idx_ = 1 numNodes = 5 numEdges = 0 numCmps = 5)
net(scan_cg_en_i) has floating ports (dbId = 3 idx_ = 3 numNodes = 2 numEdges = 0 numCmps = 2)
net(boot_addr_i[31]) has floating ports (dbId = 4 idx_ = 4 numNodes = 2 numEdges = 0 numCmps = 2)
net(boot_addr_i[30]) has floating ports (dbId = 5 idx_ = 5 numNodes = 2 numEdges = 0 numCmps = 2)
net(boot_addr_i[29]) has floating ports (dbId = 6 idx_ = 6 numNodes = 2 numEdges = 0 numCmps = 2)
net(boot_addr_i[28]) has floating ports (dbId = 7 idx_ = 7 numNodes = 2 numEdges = 0 numCmps = 2)
net(boot_addr_i[27]) has floating ports (dbId = 8 idx_ = 8 numNodes = 2 numEdges = 0 numCmps = 2)
net(boot_addr_i[26]) has floating ports (dbId = 9 idx_ = 9 numNodes = 2 numEdges = 0 numCmps = 2)
net(boot_addr_i[25]) has floating ports (dbId = 10 idx_ = 10 numNodes = 2 numEdges = 0 numCmps = 2)
net(boot_addr_i[24]) has floating ports (dbId = 11 idx_ = 11 numNodes = 2 numEdges = 0 numCmps = 2)
net(boot_addr_i[23]) has floating ports (dbId = 12 idx_ = 12 numNodes = 2 numEdges = 0 numCmps = 2)
net(boot_addr_i[22]) has floating ports (dbId = 13 idx_ = 13 numNodes = 2 numEdges = 0 numCmps = 2)
net(boot_addr_i[21]) has floating ports (dbId = 14 idx_ = 14 numNodes = 2 numEdges = 0 numCmps = 2)
net(boot_addr_i[20]) has floating ports (dbId = 15 idx_ = 15 numNodes = 2 numEdges = 0 numCmps = 2)
net(boot_addr_i[19]) has floating ports (dbId = 16 idx_ = 16 numNodes = 2 numEdges = 0 numCmps = 2)
net(boot_addr_i[18]) has floating ports (dbId = 17 idx_ = 17 numNodes = 2 numEdges = 0 numCmps = 2)
net(boot_addr_i[17]) has floating ports (dbId = 18 idx_ = 18 numNodes = 2 numEdges = 0 numCmps = 2)
net(boot_addr_i[16]) has floating ports (dbId = 19 idx_ = 19 numNodes = 2 numEdges = 0 numCmps = 2)
net(boot_addr_i[15]) has floating ports (dbId = 20 idx_ = 20 numNodes = 2 numEdges = 0 numCmps = 2)
net(boot_addr_i[14]) has floating ports (dbId = 21 idx_ = 21 numNodes = 2 numEdges = 0 numCmps = 2)
net(boot_addr_i[13]) has floating ports (dbId = 22 idx_ = 22 numNodes = 2 numEdges = 0 numCmps = 2)
net(boot_addr_i[12]) has floating ports (dbId = 23 idx_ = 23 numNodes = 2 numEdges = 0 numCmps = 2)
net(boot_addr_i[11]) has floating ports (dbId = 24 idx_ = 24 numNodes = 2 numEdges = 0 numCmps = 2)
net(boot_addr_i[10]) has floating ports (dbId = 25 idx_ = 25 numNodes = 2 numEdges = 0 numCmps = 2)
net(boot_addr_i[9]) has floating ports (dbId = 26 idx_ = 26 numNodes = 2 numEdges = 0 numCmps = 2)
net(boot_addr_i[8]) has floating ports (dbId = 27 idx_ = 27 numNodes = 2 numEdges = 0 numCmps = 2)
net(boot_addr_i[7]) has floating ports (dbId = 28 idx_ = 28 numNodes = 2 numEdges = 0 numCmps = 2)
net(boot_addr_i[6]) has floating ports (dbId = 29 idx_ = 29 numNodes = 2 numEdges = 0 numCmps = 2)
net(boot_addr_i[5]) has floating ports (dbId = 30 idx_ = 30 numNodes = 2 numEdges = 0 numCmps = 2)
net(boot_addr_i[4]) has floating ports (dbId = 31 idx_ = 31 numNodes = 2 numEdges = 0 numCmps = 2)
net(boot_addr_i[3]) has floating ports (dbId = 32 idx_ = 32 numNodes = 2 numEdges = 0 numCmps = 2)
net(boot_addr_i[2]) has floating ports (dbId = 33 idx_ = 33 numNodes = 2 numEdges = 0 numCmps = 2)
net(mtvec_addr_i[31]) has floating ports (dbId = 36 idx_ = 36 numNodes = 2 numEdges = 0 numCmps = 2)
net(mtvec_addr_i[30]) has floating ports (dbId = 37 idx_ = 37 numNodes = 2 numEdges = 0 numCmps = 2)
net(mtvec_addr_i[29]) has floating ports (dbId = 38 idx_ = 38 numNodes = 2 numEdges = 0 numCmps = 2)
net(mtvec_addr_i[28]) has floating ports (dbId = 39 idx_ = 39 numNodes = 2 numEdges = 0 numCmps = 2)
net(mtvec_addr_i[27]) has floating ports (dbId = 40 idx_ = 40 numNodes = 2 numEdges = 0 numCmps = 2)
net(mtvec_addr_i[26]) has floating ports (dbId = 41 idx_ = 41 numNodes = 2 numEdges = 0 numCmps = 2)
net(mtvec_addr_i[25]) has floating ports (dbId = 42 idx_ = 42 numNodes = 2 numEdges = 0 numCmps = 2)
net(mtvec_addr_i[24]) has floating ports (dbId = 43 idx_ = 43 numNodes = 2 numEdges = 0 numCmps = 2)
net(mtvec_addr_i[23]) has floating ports (dbId = 44 idx_ = 44 numNodes = 2 numEdges = 0 numCmps = 2)
net(mtvec_addr_i[22]) has floating ports (dbId = 45 idx_ = 45 numNodes = 2 numEdges = 0 numCmps = 2)
net(mtvec_addr_i[21]) has floating ports (dbId = 46 idx_ = 46 numNodes = 2 numEdges = 0 numCmps = 2)
net(mtvec_addr_i[20]) has floating ports (dbId = 47 idx_ = 47 numNodes = 2 numEdges = 0 numCmps = 2)
net(mtvec_addr_i[19]) has floating ports (dbId = 48 idx_ = 48 numNodes = 2 numEdges = 0 numCmps = 2)
net(mtvec_addr_i[18]) has floating ports (dbId = 49 idx_ = 49 numNodes = 2 numEdges = 0 numCmps = 2)
net(mtvec_addr_i[17]) has floating ports (dbId = 50 idx_ = 50 numNodes = 2 numEdges = 0 numCmps = 2)
net(mtvec_addr_i[16]) has floating ports (dbId = 51 idx_ = 51 numNodes = 2 numEdges = 0 numCmps = 2)
net(mtvec_addr_i[15]) has floating ports (dbId = 52 idx_ = 52 numNodes = 2 numEdges = 0 numCmps = 2)
net(mtvec_addr_i[14]) has floating ports (dbId = 53 idx_ = 53 numNodes = 2 numEdges = 0 numCmps = 2)
net(mtvec_addr_i[13]) has floating ports (dbId = 54 idx_ = 54 numNodes = 2 numEdges = 0 numCmps = 2)
net(mtvec_addr_i[12]) has floating ports (dbId = 55 idx_ = 55 numNodes = 2 numEdges = 0 numCmps = 2)
net(mtvec_addr_i[11]) has floating ports (dbId = 56 idx_ = 56 numNodes = 2 numEdges = 0 numCmps = 2)
net(mtvec_addr_i[10]) has floating ports (dbId = 57 idx_ = 57 numNodes = 2 numEdges = 0 numCmps = 2)
net(mtvec_addr_i[9]) has floating ports (dbId = 58 idx_ = 58 numNodes = 2 numEdges = 0 numCmps = 2)
net(mtvec_addr_i[8]) has floating ports (dbId = 59 idx_ = 59 numNodes = 2 numEdges = 0 numCmps = 2)
net(dm_halt_addr_i[31]) has floating ports (dbId = 68 idx_ = 68 numNodes = 2 numEdges = 0 numCmps = 2)
net(dm_halt_addr_i[30]) has floating ports (dbId = 69 idx_ = 69 numNodes = 2 numEdges = 0 numCmps = 2)
net(dm_halt_addr_i[29]) has floating ports (dbId = 70 idx_ = 70 numNodes = 2 numEdges = 0 numCmps = 2)
net(dm_halt_addr_i[28]) has floating ports (dbId = 71 idx_ = 71 numNodes = 2 numEdges = 0 numCmps = 2)
net(dm_halt_addr_i[27]) has floating ports (dbId = 72 idx_ = 72 numNodes = 2 numEdges = 0 numCmps = 2)
net(dm_halt_addr_i[26]) has floating ports (dbId = 73 idx_ = 73 numNodes = 2 numEdges = 0 numCmps = 2)
net(dm_halt_addr_i[25]) has floating ports (dbId = 74 idx_ = 74 numNodes = 2 numEdges = 0 numCmps = 2)
net(dm_halt_addr_i[24]) has floating ports (dbId = 75 idx_ = 75 numNodes = 2 numEdges = 0 numCmps = 2)
net(dm_halt_addr_i[23]) has floating ports (dbId = 76 idx_ = 76 numNodes = 2 numEdges = 0 numCmps = 2)
net(dm_halt_addr_i[22]) has floating ports (dbId = 77 idx_ = 77 numNodes = 2 numEdges = 0 numCmps = 2)
net(dm_halt_addr_i[21]) has floating ports (dbId = 78 idx_ = 78 numNodes = 2 numEdges = 0 numCmps = 2)
net(dm_halt_addr_i[20]) has floating ports (dbId = 79 idx_ = 79 numNodes = 2 numEdges = 0 numCmps = 2)
net(dm_halt_addr_i[19]) has floating ports (dbId = 80 idx_ = 80 numNodes = 2 numEdges = 0 numCmps = 2)
net(dm_halt_addr_i[18]) has floating ports (dbId = 81 idx_ = 81 numNodes = 2 numEdges = 0 numCmps = 2)
net(dm_halt_addr_i[17]) has floating ports (dbId = 82 idx_ = 82 numNodes = 2 numEdges = 0 numCmps = 2)
net(dm_halt_addr_i[16]) has floating ports (dbId = 83 idx_ = 83 numNodes = 2 numEdges = 0 numCmps = 2)
net(dm_halt_addr_i[15]) has floating ports (dbId = 84 idx_ = 84 numNodes = 2 numEdges = 0 numCmps = 2)
net(dm_halt_addr_i[14]) has floating ports (dbId = 85 idx_ = 85 numNodes = 2 numEdges = 0 numCmps = 2)
net(dm_halt_addr_i[13]) has floating ports (dbId = 86 idx_ = 86 numNodes = 2 numEdges = 0 numCmps = 2)
net(dm_halt_addr_i[12]) has floating ports (dbId = 87 idx_ = 87 numNodes = 2 numEdges = 0 numCmps = 2)
net(dm_halt_addr_i[11]) has floating ports (dbId = 88 idx_ = 88 numNodes = 2 numEdges = 0 numCmps = 2)
net(dm_halt_addr_i[10]) has floating ports (dbId = 89 idx_ = 89 numNodes = 2 numEdges = 0 numCmps = 2)
net(dm_halt_addr_i[9]) has floating ports (dbId = 90 idx_ = 90 numNodes = 2 numEdges = 0 numCmps = 2)
net(dm_halt_addr_i[8]) has floating ports (dbId = 91 idx_ = 91 numNodes = 2 numEdges = 0 numCmps = 2)
net(dm_halt_addr_i[7]) has floating ports (dbId = 92 idx_ = 92 numNodes = 2 numEdges = 0 numCmps = 2)
net(dm_halt_addr_i[6]) has floating ports (dbId = 93 idx_ = 93 numNodes = 2 numEdges = 0 numCmps = 2)
net(dm_halt_addr_i[5]) has floating ports (dbId = 94 idx_ = 94 numNodes = 2 numEdges = 0 numCmps = 2)
net(dm_halt_addr_i[4]) has floating ports (dbId = 95 idx_ = 95 numNodes = 2 numEdges = 0 numCmps = 2)
net(dm_halt_addr_i[3]) has floating ports (dbId = 96 idx_ = 96 numNodes = 2 numEdges = 0 numCmps = 2)
net(dm_halt_addr_i[2]) has floating ports (dbId = 97 idx_ = 97 numNodes = 2 numEdges = 0 numCmps = 2)
net(hart_id_i[31]) has floating ports (dbId = 100 idx_ = 100 numNodes = 2 numEdges = 0 numCmps = 2)
net(hart_id_i[30]) has floating ports (dbId = 101 idx_ = 101 numNodes = 2 numEdges = 0 numCmps = 2)
net(hart_id_i[29]) has floating ports (dbId = 102 idx_ = 102 numNodes = 2 numEdges = 0 numCmps = 2)
net(hart_id_i[28]) has floating ports (dbId = 103 idx_ = 103 numNodes = 2 numEdges = 0 numCmps = 2)
net(hart_id_i[27]) has floating ports (dbId = 104 idx_ = 104 numNodes = 2 numEdges = 0 numCmps = 2)
net(hart_id_i[26]) has floating ports (dbId = 105 idx_ = 105 numNodes = 2 numEdges = 0 numCmps = 2)
net(hart_id_i[25]) has floating ports (dbId = 106 idx_ = 106 numNodes = 2 numEdges = 0 numCmps = 2)
net(hart_id_i[24]) has floating ports (dbId = 107 idx_ = 107 numNodes = 2 numEdges = 0 numCmps = 2)
net(hart_id_i[23]) has floating ports (dbId = 108 idx_ = 108 numNodes = 2 numEdges = 0 numCmps = 2)
net(hart_id_i[22]) has floating ports (dbId = 109 idx_ = 109 numNodes = 2 numEdges = 0 numCmps = 2)
net(hart_id_i[21]) has floating ports (dbId = 110 idx_ = 110 numNodes = 2 numEdges = 0 numCmps = 2)
net(hart_id_i[20]) has floating ports (dbId = 111 idx_ = 111 numNodes = 2 numEdges = 0 numCmps = 2)
net(hart_id_i[19]) has floating ports (dbId = 112 idx_ = 112 numNodes = 2 numEdges = 0 numCmps = 2)
net(hart_id_i[18]) has floating ports (dbId = 113 idx_ = 113 numNodes = 2 numEdges = 0 numCmps = 2)
net(hart_id_i[17]) has floating ports (dbId = 114 idx_ = 114 numNodes = 2 numEdges = 0 numCmps = 2)
net(hart_id_i[16]) has floating ports (dbId = 115 idx_ = 115 numNodes = 2 numEdges = 0 numCmps = 2)
net(hart_id_i[15]) has floating ports (dbId = 116 idx_ = 116 numNodes = 2 numEdges = 0 numCmps = 2)
net(hart_id_i[14]) has floating ports (dbId = 117 idx_ = 117 numNodes = 2 numEdges = 0 numCmps = 2)
net(hart_id_i[13]) has floating ports (dbId = 118 idx_ = 118 numNodes = 2 numEdges = 0 numCmps = 2)
net(hart_id_i[12]) has floating ports (dbId = 119 idx_ = 119 numNodes = 2 numEdges = 0 numCmps = 2)
net(hart_id_i[11]) has floating ports (dbId = 120 idx_ = 120 numNodes = 2 numEdges = 0 numCmps = 2)
net(hart_id_i[10]) has floating ports (dbId = 121 idx_ = 121 numNodes = 2 numEdges = 0 numCmps = 2)
net(hart_id_i[9]) has floating ports (dbId = 122 idx_ = 122 numNodes = 2 numEdges = 0 numCmps = 2)
net(hart_id_i[8]) has floating ports (dbId = 123 idx_ = 123 numNodes = 2 numEdges = 0 numCmps = 2)
net(hart_id_i[7]) has floating ports (dbId = 124 idx_ = 124 numNodes = 2 numEdges = 0 numCmps = 2)
net(hart_id_i[6]) has floating ports (dbId = 125 idx_ = 125 numNodes = 2 numEdges = 0 numCmps = 2)
net(hart_id_i[5]) has floating ports (dbId = 126 idx_ = 126 numNodes = 2 numEdges = 0 numCmps = 2)
net(hart_id_i[4]) has floating ports (dbId = 127 idx_ = 127 numNodes = 2 numEdges = 0 numCmps = 2)
net(hart_id_i[3]) has floating ports (dbId = 128 idx_ = 128 numNodes = 2 numEdges = 0 numCmps = 2)
net(hart_id_i[2]) has floating ports (dbId = 129 idx_ = 129 numNodes = 2 numEdges = 0 numCmps = 2)
net(hart_id_i[1]) has floating ports (dbId = 130 idx_ = 130 numNodes = 2 numEdges = 0 numCmps = 2)
net(hart_id_i[0]) has floating ports (dbId = 131 idx_ = 131 numNodes = 2 numEdges = 0 numCmps = 2)
net(dm_exception_addr_i[31]) has floating ports (dbId = 132 idx_ = 132 numNodes = 2 numEdges = 0 numCmps = 2)
net(dm_exception_addr_i[30]) has floating ports (dbId = 133 idx_ = 133 numNodes = 2 numEdges = 0 numCmps = 2)
net(dm_exception_addr_i[29]) has floating ports (dbId = 134 idx_ = 134 numNodes = 2 numEdges = 0 numCmps = 2)
net(dm_exception_addr_i[28]) has floating ports (dbId = 135 idx_ = 135 numNodes = 2 numEdges = 0 numCmps = 2)
net(dm_exception_addr_i[27]) has floating ports (dbId = 136 idx_ = 136 numNodes = 2 numEdges = 0 numCmps = 2)
net(dm_exception_addr_i[26]) has floating ports (dbId = 137 idx_ = 137 numNodes = 2 numEdges = 0 numCmps = 2)
net(dm_exception_addr_i[25]) has floating ports (dbId = 138 idx_ = 138 numNodes = 2 numEdges = 0 numCmps = 2)
net(dm_exception_addr_i[24]) has floating ports (dbId = 139 idx_ = 139 numNodes = 2 numEdges = 0 numCmps = 2)
net(dm_exception_addr_i[23]) has floating ports (dbId = 140 idx_ = 140 numNodes = 2 numEdges = 0 numCmps = 2)
net(dm_exception_addr_i[22]) has floating ports (dbId = 141 idx_ = 141 numNodes = 2 numEdges = 0 numCmps = 2)
net(dm_exception_addr_i[21]) has floating ports (dbId = 142 idx_ = 142 numNodes = 2 numEdges = 0 numCmps = 2)
net(dm_exception_addr_i[20]) has floating ports (dbId = 143 idx_ = 143 numNodes = 2 numEdges = 0 numCmps = 2)
net(dm_exception_addr_i[19]) has floating ports (dbId = 144 idx_ = 144 numNodes = 2 numEdges = 0 numCmps = 2)
net(dm_exception_addr_i[18]) has floating ports (dbId = 145 idx_ = 145 numNodes = 2 numEdges = 0 numCmps = 2)
net(dm_exception_addr_i[17]) has floating ports (dbId = 146 idx_ = 146 numNodes = 2 numEdges = 0 numCmps = 2)
net(dm_exception_addr_i[16]) has floating ports (dbId = 147 idx_ = 147 numNodes = 2 numEdges = 0 numCmps = 2)
net(dm_exception_addr_i[15]) has floating ports (dbId = 148 idx_ = 148 numNodes = 2 numEdges = 0 numCmps = 2)
net(dm_exception_addr_i[14]) has floating ports (dbId = 149 idx_ = 149 numNodes = 2 numEdges = 0 numCmps = 2)
net(dm_exception_addr_i[13]) has floating ports (dbId = 150 idx_ = 150 numNodes = 2 numEdges = 0 numCmps = 2)
net(dm_exception_addr_i[12]) has floating ports (dbId = 151 idx_ = 151 numNodes = 2 numEdges = 0 numCmps = 2)
net(dm_exception_addr_i[11]) has floating ports (dbId = 152 idx_ = 152 numNodes = 2 numEdges = 0 numCmps = 2)
net(dm_exception_addr_i[10]) has floating ports (dbId = 153 idx_ = 153 numNodes = 2 numEdges = 0 numCmps = 2)
net(dm_exception_addr_i[9]) has floating ports (dbId = 154 idx_ = 154 numNodes = 2 numEdges = 0 numCmps = 2)
net(dm_exception_addr_i[8]) has floating ports (dbId = 155 idx_ = 155 numNodes = 2 numEdges = 0 numCmps = 2)
net(dm_exception_addr_i[7]) has floating ports (dbId = 156 idx_ = 156 numNodes = 2 numEdges = 0 numCmps = 2)
net(dm_exception_addr_i[6]) has floating ports (dbId = 157 idx_ = 157 numNodes = 2 numEdges = 0 numCmps = 2)
net(dm_exception_addr_i[5]) has floating ports (dbId = 158 idx_ = 158 numNodes = 2 numEdges = 0 numCmps = 2)
net(dm_exception_addr_i[4]) has floating ports (dbId = 159 idx_ = 159 numNodes = 2 numEdges = 0 numCmps = 2)
net(dm_exception_addr_i[3]) has floating ports (dbId = 160 idx_ = 160 numNodes = 2 numEdges = 0 numCmps = 2)
net(dm_exception_addr_i[2]) has floating ports (dbId = 161 idx_ = 161 numNodes = 2 numEdges = 0 numCmps = 2)
net(instr_req_o) has floating ports (dbId = 164 idx_ = 164 numNodes = 3 numEdges = 0 numCmps = 3)
net(instr_gnt_i) has floating ports (dbId = 165 idx_ = 165 numNodes = 2 numEdges = 0 numCmps = 2)
net(instr_rvalid_i) has floating ports (dbId = 166 idx_ = 166 numNodes = 7 numEdges = 0 numCmps = 7)
net(instr_addr_o[31]) has floating ports (dbId = 167 idx_ = 167 numNodes = 2 numEdges = 0 numCmps = 2)
net(instr_addr_o[30]) has floating ports (dbId = 168 idx_ = 168 numNodes = 2 numEdges = 0 numCmps = 2)
net(instr_addr_o[29]) has floating ports (dbId = 169 idx_ = 169 numNodes = 2 numEdges = 0 numCmps = 2)
net(instr_addr_o[28]) has floating ports (dbId = 170 idx_ = 170 numNodes = 2 numEdges = 0 numCmps = 2)
net(instr_addr_o[27]) has floating ports (dbId = 171 idx_ = 171 numNodes = 2 numEdges = 0 numCmps = 2)
net(instr_addr_o[26]) has floating ports (dbId = 172 idx_ = 172 numNodes = 2 numEdges = 0 numCmps = 2)
net(instr_addr_o[25]) has floating ports (dbId = 173 idx_ = 173 numNodes = 2 numEdges = 0 numCmps = 2)
net(instr_addr_o[24]) has floating ports (dbId = 174 idx_ = 174 numNodes = 2 numEdges = 0 numCmps = 2)
net(instr_addr_o[23]) has floating ports (dbId = 175 idx_ = 175 numNodes = 2 numEdges = 0 numCmps = 2)
net(instr_addr_o[22]) has floating ports (dbId = 176 idx_ = 176 numNodes = 2 numEdges = 0 numCmps = 2)
net(instr_addr_o[21]) has floating ports (dbId = 177 idx_ = 177 numNodes = 2 numEdges = 0 numCmps = 2)
net(instr_addr_o[20]) has floating ports (dbId = 178 idx_ = 178 numNodes = 2 numEdges = 0 numCmps = 2)
net(instr_addr_o[19]) has floating ports (dbId = 179 idx_ = 179 numNodes = 2 numEdges = 0 numCmps = 2)
net(instr_addr_o[18]) has floating ports (dbId = 180 idx_ = 180 numNodes = 2 numEdges = 0 numCmps = 2)
net(instr_addr_o[17]) has floating ports (dbId = 181 idx_ = 181 numNodes = 2 numEdges = 0 numCmps = 2)
net(instr_addr_o[16]) has floating ports (dbId = 182 idx_ = 182 numNodes = 2 numEdges = 0 numCmps = 2)
net(instr_addr_o[15]) has floating ports (dbId = 183 idx_ = 183 numNodes = 2 numEdges = 0 numCmps = 2)
net(instr_addr_o[14]) has floating ports (dbId = 184 idx_ = 184 numNodes = 2 numEdges = 0 numCmps = 2)
net(instr_addr_o[13]) has floating ports (dbId = 185 idx_ = 185 numNodes = 2 numEdges = 0 numCmps = 2)
net(instr_addr_o[12]) has floating ports (dbId = 186 idx_ = 186 numNodes = 2 numEdges = 0 numCmps = 2)
net(instr_addr_o[11]) has floating ports (dbId = 187 idx_ = 187 numNodes = 2 numEdges = 0 numCmps = 2)
net(instr_addr_o[10]) has floating ports (dbId = 188 idx_ = 188 numNodes = 2 numEdges = 0 numCmps = 2)
net(instr_addr_o[9]) has floating ports (dbId = 189 idx_ = 189 numNodes = 2 numEdges = 0 numCmps = 2)
net(instr_addr_o[8]) has floating ports (dbId = 190 idx_ = 190 numNodes = 2 numEdges = 0 numCmps = 2)
net(instr_addr_o[7]) has floating ports (dbId = 191 idx_ = 191 numNodes = 2 numEdges = 0 numCmps = 2)
net(instr_addr_o[6]) has floating ports (dbId = 192 idx_ = 192 numNodes = 2 numEdges = 0 numCmps = 2)
net(instr_addr_o[5]) has floating ports (dbId = 193 idx_ = 193 numNodes = 2 numEdges = 0 numCmps = 2)
net(instr_addr_o[4]) has floating ports (dbId = 194 idx_ = 194 numNodes = 2 numEdges = 0 numCmps = 2)
net(instr_addr_o[3]) has floating ports (dbId = 195 idx_ = 195 numNodes = 2 numEdges = 0 numCmps = 2)
net(instr_addr_o[2]) has floating ports (dbId = 196 idx_ = 196 numNodes = 2 numEdges = 0 numCmps = 2)
net(instr_addr_o[1]) has floating ports (dbId = 197 idx_ = 197 numNodes = 2 numEdges = 0 numCmps = 2)
net(instr_addr_o[0]) has floating ports (dbId = 198 idx_ = 198 numNodes = 2 numEdges = 0 numCmps = 2)
net(instr_rdata_i[31]) has floating ports (dbId = 199 idx_ = 199 numNodes = 4 numEdges = 0 numCmps = 4)
net(instr_rdata_i[30]) has floating ports (dbId = 200 idx_ = 200 numNodes = 4 numEdges = 0 numCmps = 4)
net(instr_rdata_i[29]) has floating ports (dbId = 201 idx_ = 201 numNodes = 4 numEdges = 0 numCmps = 4)
net(instr_rdata_i[28]) has floating ports (dbId = 202 idx_ = 202 numNodes = 4 numEdges = 0 numCmps = 4)
net(instr_rdata_i[27]) has floating ports (dbId = 203 idx_ = 203 numNodes = 4 numEdges = 0 numCmps = 4)
net(instr_rdata_i[26]) has floating ports (dbId = 204 idx_ = 204 numNodes = 4 numEdges = 0 numCmps = 4)
net(instr_rdata_i[25]) has floating ports (dbId = 205 idx_ = 205 numNodes = 4 numEdges = 0 numCmps = 4)
net(instr_rdata_i[24]) has floating ports (dbId = 206 idx_ = 206 numNodes = 4 numEdges = 0 numCmps = 4)
net(instr_rdata_i[23]) has floating ports (dbId = 207 idx_ = 207 numNodes = 4 numEdges = 0 numCmps = 4)
net(instr_rdata_i[22]) has floating ports (dbId = 208 idx_ = 208 numNodes = 4 numEdges = 0 numCmps = 4)
net(instr_rdata_i[21]) has floating ports (dbId = 209 idx_ = 209 numNodes = 4 numEdges = 0 numCmps = 4)
net(instr_rdata_i[20]) has floating ports (dbId = 210 idx_ = 210 numNodes = 4 numEdges = 0 numCmps = 4)
net(instr_rdata_i[19]) has floating ports (dbId = 211 idx_ = 211 numNodes = 4 numEdges = 0 numCmps = 4)
net(instr_rdata_i[18]) has floating ports (dbId = 212 idx_ = 212 numNodes = 4 numEdges = 0 numCmps = 4)
net(instr_rdata_i[17]) has floating ports (dbId = 213 idx_ = 213 numNodes = 4 numEdges = 0 numCmps = 4)
net(instr_rdata_i[16]) has floating ports (dbId = 214 idx_ = 214 numNodes = 4 numEdges = 0 numCmps = 4)
net(instr_rdata_i[15]) has floating ports (dbId = 215 idx_ = 215 numNodes = 4 numEdges = 0 numCmps = 4)

... and 26689 more nets has floating ports 

Total number of nets = 27007, of which 0 are not extracted
Total number of open nets = 26889, of which 0 are frozen

Check 27007 nets, 26889 have Errors

[CHECK OPEN NETS] Elapsed real time: 0:00:00 
[CHECK OPEN NETS] Elapsed cpu  time: sys=0:00:00 usr=0:00:00 total=0:00:00
[CHECK OPEN NETS] Stage (MB): Used    0  Alloctr    0  Proc    0 
[CHECK OPEN NETS] Total (MB): Used  131  Alloctr  134  Proc 2998 
Printing options for 'route.common.*'

Printing options for 'route.detail.*'
detail.force_end_on_preferred_grid                      :	 true                

Printing options for 'route.auto_via_ladder.*'


Begin full DRC check ...

Information: Using 12 threads for routing. (ZRT-444)
Checked	17/169 Partitions, Violations =	0
Checked	26/169 Partitions, Violations =	0
Checked	27/169 Partitions, Violations =	0
Checked	36/169 Partitions, Violations =	0
Checked	37/169 Partitions, Violations =	0
Checked	38/169 Partitions, Violations =	0
Checked	39/169 Partitions, Violations =	0
Checked	42/169 Partitions, Violations =	0
Checked	48/169 Partitions, Violations =	0
Checked	54/169 Partitions, Violations =	0
Checked	60/169 Partitions, Violations =	0
Checked	66/169 Partitions, Violations =	0
Checked	73/169 Partitions, Violations =	0
Checked	82/169 Partitions, Violations =	0
Checked	84/169 Partitions, Violations =	0
Checked	90/169 Partitions, Violations =	1
Checked	96/169 Partitions, Violations =	1
Checked	102/169 Partitions, Violations =	1
Checked	114/169 Partitions, Violations =	1
Checked	115/169 Partitions, Violations =	1
Checked	120/169 Partitions, Violations =	1
Checked	132/169 Partitions, Violations =	1
Checked	133/169 Partitions, Violations =	1
Checked	138/169 Partitions, Violations =	1
Checked	144/169 Partitions, Violations =	1
Checked	150/169 Partitions, Violations =	1
Checked	156/169 Partitions, Violations =	1
Checked	162/169 Partitions, Violations =	1
Checked	168/169 Partitions, Violations =	1
[DRC CHECK] Elapsed real time: 0:00:00 
[DRC CHECK] Elapsed cpu  time: sys=0:00:00 usr=0:00:04 total=0:00:04
[DRC CHECK] Stage (MB): Used    0  Alloctr    0  Proc    0 
[DRC CHECK] Total (MB): Used  154  Alloctr  156  Proc 2998 
Warning: No antenna rules defined, Skip antenna analysis. (ZRT-309)

DRC-SUMMARY:
	@@@@@@@ TOTAL VIOLATIONS =	1
	Same net via-cut spacing : 1


Total Wire Length =                    12713 micron
Total Number of Contacts =             6370
Total Number of Wires =                7780
Total Number of PtConns =              1437
Total Number of Routed Wires =       7780
Total Routed Wire Length =           11333 micron
Total Number of Routed Contacts =       6370
	Layer               M1 :          0 micron
	Layer               M2 :         40 micron
	Layer               M3 :       6546 micron
	Layer               M4 :       4877 micron
	Layer               M5 :        545 micron
	Layer               M6 :        492 micron
	Layer               M7 :         15 micron
	Layer               M8 :        198 micron
	Layer               M9 :          0 micron
	Layer             MRDL :          0 micron
	Via       VIA78SQ(rot) :         12
	Via          VIA67SQ_C :          3
	Via     VIA67SQ_C(rot) :         15
	Via     VIA56SQ_C(rot) :         52
	Via            VIA56SQ :         52
	Via            VIA45SQ :        349
	Via     VIA34SQ_C(rot) :       3183
	Via       VIA34SQ(rot) :          1
	Via          VIA23SQ_C :       2507
	Via            VIA23SQ :          1
	Via        VIA2_33SQ_C :          9
	Via     VIA12SQ_C(rot) :        120
	Via          VIA12LG_C :          1
	Via   VIA1_32SQ_C(rot) :         65

 
Redundant via conversion report:
--------------------------------

  Total optimized via conversion rate =  0.00% (0 / 6370 vias)
 
    Layer VIA1       =  0.00% (0      / 186     vias)
        Un-optimized =  0.00% (0       vias)
        Un-mapped    = 100.00% (186     vias)
    Layer VIA2       =  0.00% (0      / 2517    vias)
        Un-optimized =  0.00% (0       vias)
        Un-mapped    = 100.00% (2517    vias)
    Layer VIA3       =  0.00% (0      / 3184    vias)
        Un-optimized =  0.00% (0       vias)
        Un-mapped    = 100.00% (3184    vias)
    Layer VIA4       =  0.00% (0      / 349     vias)
        Un-optimized =  0.00% (0       vias)
        Un-mapped    = 100.00% (349     vias)
    Layer VIA5       =  0.00% (0      / 104     vias)
        Un-optimized =  0.00% (0       vias)
        Un-mapped    = 100.00% (104     vias)
    Layer VIA6       =  0.00% (0      / 18      vias)
        Un-optimized =  0.00% (0       vias)
        Un-mapped    = 100.00% (18      vias)
    Layer VIA7       =  0.00% (0      / 12      vias)
        Un-optimized =  0.00% (0       vias)
        Un-mapped    = 100.00% (12      vias)
 
  Total double via conversion rate    =  0.00% (0 / 6370 vias)
 
    Layer VIA1       =  0.00% (0      / 186     vias)
    Layer VIA2       =  0.00% (0      / 2517    vias)
    Layer VIA3       =  0.00% (0      / 3184    vias)
    Layer VIA4       =  0.00% (0      / 349     vias)
    Layer VIA5       =  0.00% (0      / 104     vias)
    Layer VIA6       =  0.00% (0      / 18      vias)
    Layer VIA7       =  0.00% (0      / 12      vias)
 
  The optimized via conversion rate based on total routed via count =  0.00% (0 / 6370 vias)
 
    Layer VIA1       =  0.00% (0      / 186     vias)
        Un-optimized =  0.00% (0       vias)
        Un-mapped    = 100.00% (186     vias)
    Layer VIA2       =  0.00% (0      / 2517    vias)
        Un-optimized =  0.00% (0       vias)
        Un-mapped    = 100.00% (2517    vias)
    Layer VIA3       =  0.00% (0      / 3184    vias)
        Un-optimized =  0.00% (0       vias)
        Un-mapped    = 100.00% (3184    vias)
    Layer VIA4       =  0.00% (0      / 349     vias)
        Un-optimized =  0.00% (0       vias)
        Un-mapped    = 100.00% (349     vias)
    Layer VIA5       =  0.00% (0      / 104     vias)
        Un-optimized =  0.00% (0       vias)
        Un-mapped    = 100.00% (104     vias)
    Layer VIA6       =  0.00% (0      / 18      vias)
        Un-optimized =  0.00% (0       vias)
        Un-mapped    = 100.00% (18      vias)
    Layer VIA7       =  0.00% (0      / 12      vias)
        Un-optimized =  0.00% (0       vias)
        Un-mapped    = 100.00% (12      vias)
 


Verify Summary:

Total number of nets = 27007, of which 0 are not extracted
Total number of open nets = 26889, of which 0 are frozen
Total number of excluded ports = 0 ports of 0 unplaced cells connected to 0 nets
                                 0 ports without pins of 0 cells connected to 0 nets
                                 0 ports of 0 cover cells connected to 0 non-pg nets
Total number of DRCs = 1
Total number of antenna violations = no antenna rules defined
Total number of tie to rail violations = not checked
Total number of tie to rail directly violations = not checked


sh mkdir -p reports/cts
report_timing -delay_type max -max_path 20 > reports/cts/setup_cts.rpt
report_timing -delay_type min -max_path 20 > reports/cts/hold_cts.rpt
report_utilization > reports/cts/cts_utilization.rpt
report_qor > reports/cts/cts_qor.rpt
save_block -as ${design}_5_cts
Information: Saving block 'cv32e40p_top:cv32e40p_top_5_cts.design'
1
puts "finish_cts"
finish_cts
icc2_shell> start_gui
icc2_shell> gui_show_error_data
icc2_shell> gui_mouse_tool -window [gui_get_current_window -types Layout -mru] -start MoveTool
icc2_shell> gui_mouse_tool -window [gui_get_current_window -types Layout -mru] -add_point {131.847 177.605} -scale 0.001
icc2_shell> gui_mouse_tool -window [gui_get_current_window -types Layout -mru] -add_point {132.302 177.609} -scale 0.001
icc2_shell> gui_mouse_tool -window [gui_get_current_window -types Layout -mru] -reset
icc2_shell> route_eco -nets core_i/sleep_unit_i/core_clock_gate_i/ctsbuf_net_94972
Information: The net parasitics of block cv32e40p_top are cleared. (TIM-123)
Warning: Cell contains tie connections which are not connected to real PG. (ZRT-511)
Turn off antenna since no rule is specified
Cell Min-Routing-Layer = M1
Cell Max-Routing-Layer = M9
Warning: There is no constraint to limit maximum number of secondary power and ground (PG) pins in a cluster. (ZRT-536)
Warning: There is no constraint to limit maximum number of secondary power and ground (PG) pins in a cluster. (ZRT-536)
Warning: There is no constraint to limit maximum number of secondary power and ground (PG) pins in a cluster. (ZRT-536)
Warning: There is no constraint to limit maximum number of secondary power and ground (PG) pins in a cluster. (ZRT-536)
Warning: There is no constraint to limit maximum number of secondary power and ground (PG) pins in a cluster. (ZRT-536)
Warning: There is no constraint to limit maximum number of secondary power and ground (PG) pins in a cluster. (ZRT-536)
Warning: There is no constraint to limit maximum number of secondary power and ground (PG) pins in a cluster. (ZRT-536)
Warning: There is no constraint to limit maximum number of secondary power and ground (PG) pins in a cluster. (ZRT-536)
Warning: There is no constraint to limit maximum number of secondary power and ground (PG) pins in a cluster. (ZRT-536)
Warning: There is no constraint to limit maximum number of secondary power and ground (PG) pins in a cluster. (ZRT-536)
Warning: There is no constraint to limit maximum number of secondary power and ground (PG) pins in a cluster. (ZRT-536)
Warning: There is no constraint to limit maximum number of secondary power and ground (PG) pins in a cluster. (ZRT-536)
Warning: There is no constraint to limit maximum number of secondary power and ground (PG) pins in a cluster. (ZRT-536)
Warning: There is no constraint to limit maximum number of secondary power and ground (PG) pins in a cluster. (ZRT-536)
Warning: There is no constraint to limit maximum number of secondary power and ground (PG) pins in a cluster. (ZRT-536)
Warning: There is no constraint to limit maximum number of secondary power and ground (PG) pins in a cluster. (ZRT-536)
Warning: Ignore 2 top cell ports with no pins. (ZRT-027)
Skipping 3 internal pins that are not physical. Set route.common.verbose_level to > 0 and run routing command to get skipped pin names.
Info: number of net_type_blockage: 0 
Via on layer (VIA1) needs more than one tracks
Warning: Layer M1 pitch 0.074 may be too small: wire/via-down 0.074, wire/via-up 0.098. (ZRT-026)
Via on layer (VIA1) needs more than one tracks
Warning: Layer M2 pitch 0.060 may be too small: wire/via-down 0.098, wire/via-up 0.060. (ZRT-026)
Via on layer (VIA3) needs more than one tracks
Warning: Layer M3 pitch 0.074 may be too small: wire/via-down 0.060, wire/via-up 0.080. (ZRT-026)
Wire on layer (M4) needs more than one tracks
Via on layer (VIA3) needs more than one tracks
Via on layer (VIA4) needs more than one tracks
Warning: Layer M4 pitch 0.074 may be too small: wire/via-down 0.107, wire/via-up 0.105. (ZRT-026)
Via on layer (VIA4) needs more than one tracks
Warning: Layer M5 pitch 0.120 may be too small: wire/via-down 0.135, wire/via-up 0.107. (ZRT-026)
Via on layer (VIA8) needs more than one tracks
Warning: Layer M8 pitch 0.120 may be too small: wire/via-down 0.107, wire/via-up 0.135. (ZRT-026)
Wire on layer (M9) needs more than one tracks
Via on layer (VIA8) needs more than one tracks
Via on layer (VIARDL) needs more than one tracks
Warning: Layer M9 pitch 0.120 may be too small: wire/via-down 0.135, wire/via-up 1.570. (ZRT-026)
Via on layer (VIARDL) needs more than one tracks
Warning: Layer MRDL pitch 0.600 may be too small: wire/via-down 4.500, wire/via-up 0.600. (ZRT-026)
Transition layer name: M3(2)
Warning: Standard cell pin SAEDRVT14_NR2_2/A1 has no valid via regions. (ZRT-044)
Warning: Standard cell pin SAEDRVT14_NR2_2/X has no valid via regions. (ZRT-044)
Warning: Standard cell pin SAEDRVT14_BUF_PECO_12/VDD has no valid via regions. (ZRT-044)
Warning: Standard cell pin SAEDRVT14_BUF_PECO_2/VDD has no valid via regions. (ZRT-044)
Warning: Standard cell pin SAEDRVT14_BUF_PS_3/VDD has no valid via regions. (ZRT-044)
Warning: Standard cell pin SAEDRVT14_BUF_PECO_4/VDD has no valid via regions. (ZRT-044)
Warning: Standard cell pin SAEDRVT14_BUF_PS_6/VDD has no valid via regions. (ZRT-044)
Warning: Standard cell pin SAEDRVT14_AOBUF_IW_3/VDD has no valid via regions. (ZRT-044)
Warning: Standard cell pin SAEDRVT14_BUF_PECO_8/VDD has no valid via regions. (ZRT-044)
Warning: Standard cell pin SAEDRVT14_AOBUF_IW_6/VDD has no valid via regions. (ZRT-044)
Warning: Standard cell pin SAEDRVT14_OA2BB2_2/B1 has no valid via regions. (ZRT-044)
Warning: Standard cell pin SAEDRVT14_NR3B_4/A has no valid via regions. (ZRT-044)
[ECO: DbIn Without Extraction] Elapsed real time: 0:00:02 
[ECO: DbIn Without Extraction] Elapsed cpu  time: sys=0:00:00 usr=0:00:09 total=0:00:09
[ECO: DbIn Without Extraction] Stage (MB): Used  124  Alloctr  126  Proc    0 
[ECO: DbIn Without Extraction] Total (MB): Used  125  Alloctr  128  Proc 2970 
[ECO: Incremental Extraction] Elapsed real time: 0:00:02 
[ECO: Incremental Extraction] Elapsed cpu  time: sys=0:00:00 usr=0:00:09 total=0:00:09
[ECO: Incremental Extraction] Stage (MB): Used  124  Alloctr  126  Proc    0 
[ECO: Incremental Extraction] Total (MB): Used  125  Alloctr  128  Proc 2970 
[ECO: Analysis] Elapsed real time: 0:00:02 
[ECO: Analysis] Elapsed cpu  time: sys=0:00:00 usr=0:00:09 total=0:00:09
[ECO: Analysis] Stage (MB): Used  124  Alloctr  126  Proc    0 
[ECO: Analysis] Total (MB): Used  125  Alloctr  128  Proc 2970 
Num of eco nets = 1
Num of open eco nets = 1
[ECO: Init] Elapsed real time: 0:00:02 
[ECO: Init] Elapsed cpu  time: sys=0:00:00 usr=0:00:09 total=0:00:09
[ECO: Init] Stage (MB): Used  128  Alloctr  129  Proc    0 
[ECO: Init] Total (MB): Used  129  Alloctr  131  Proc 2970 
Start Global Route ... 
[Init] Elapsed real time: 0:00:00 
[Init] Elapsed cpu  time: sys=0:00:00 usr=0:00:00 total=0:00:00
[Init] Stage (MB): Used    0  Alloctr    0  Proc    0 
[Init] Total (MB): Used  133  Alloctr  135  Proc 2970 
Printing options for 'route.common.*'

Printing options for 'route.global.*'
global.deterministic                                    :	 off                 
global.placement_timing_driven_mode                     :	 false               
global.timing_driven                                    :	 false               

Begin global routing.
Loading parastics information to the router ...
Warning: Technology layer 'M4' setting 'pitch' is not valid (NEX-001)
Warning: Technology layer 'MRDL' setting 'pitch' is not valid (NEX-001)
Warning: Parasitic Tech Library layer 'M1' parameter 'SMIN' = 0.040 does not match 0.026 of technology file (NEX-007)
Warning: Parasitic Tech Library layer 'M2' parameter 'SMIN' = 0.040 does not match 0.026 of technology file (NEX-007)
Warning: Parasitic Tech Library layer 'M3' parameter 'SMIN' = 0.040 does not match 0.026 of technology file (NEX-007)
Warning: Parasitic Tech Library layer 'M1' parameter 'SMIN' = 0.040 does not match 0.026 of technology file (NEX-007)
Warning: Parasitic Tech Library layer 'M2' parameter 'SMIN' = 0.040 does not match 0.026 of technology file (NEX-007)
Warning: Parasitic Tech Library layer 'M3' parameter 'SMIN' = 0.040 does not match 0.026 of technology file (NEX-007)
Warning: Parasitic Tech Library layer 'M8' parameter 'WMIN' = 0.030 does not match 0.060 of technology file (NEX-007)
Warning: Parasitic Tech Library layer 'M8' parameter 'SMIN' = 0.060 does not match 0.040 of technology file (NEX-007)
parastics information loaded to the router.
Constructing data structure ...
Design statistics:
Design Bounding Box (0.00,0.00,290.93,290.80)
Number of routing layers = 10
layer M1, dir Ver, min width = 0.03, min space = 0.03 pitch = 0.07
layer M2, dir Hor, min width = 0.03, min space = 0.03 pitch = 0.06
layer M3, dir Ver, min width = 0.03, min space = 0.03 pitch = 0.07
layer M4, dir Hor, min width = 0.06, min space = 0.04 pitch = 0.07
layer M5, dir Ver, min width = 0.06, min space = 0.04 pitch = 0.12
layer M6, dir Hor, min width = 0.06, min space = 0.04 pitch = 0.12
layer M7, dir Ver, min width = 0.06, min space = 0.04 pitch = 0.12
layer M8, dir Hor, min width = 0.06, min space = 0.04 pitch = 0.12
layer M9, dir Ver, min width = 0.06, min space = 0.04 pitch = 0.12
layer MRDL, dir Hor, min width = 2.00, min space = 2.00 pitch = 0.60
Current Stage stats:
[End of Build Tech Data] Elapsed real time: 0:00:00 
[End of Build Tech Data] Elapsed cpu  time: sys=0:00:00 usr=0:00:00 total=0:00:00
[End of Build Tech Data] Stage (MB): Used    5  Alloctr    5  Proc    0 
[End of Build Tech Data] Total (MB): Used  138  Alloctr  140  Proc 2970 
Net statistics:
Total number of nets     = 27012
Number of nets to route  = 1
Number of nets with min-layer-mode soft = 1
Number of nets with min-layer-mode soft-cost-medium = 1
1 nets are partially connected,
 of which 1 are detail routed and 0 are global routed.
1 nets have non-default rule clknet_NDR
Current Stage stats:
[End of Build All Nets] Elapsed real time: 0:00:00 
[End of Build All Nets] Elapsed cpu  time: sys=0:00:00 usr=0:00:00 total=0:00:00
[End of Build All Nets] Stage (MB): Used    0  Alloctr    0  Proc    0 
[End of Build All Nets] Total (MB): Used  138  Alloctr  140  Proc 2970 
Average gCell capacity  0.72	 on layer (1)	 M1
Average gCell capacity  6.06	 on layer (2)	 M2
Average gCell capacity  5.04	 on layer (3)	 M3
Average gCell capacity  5.04	 on layer (4)	 M4
Average gCell capacity  3.13	 on layer (5)	 M5
Average gCell capacity  3.13	 on layer (6)	 M6
Average gCell capacity  2.55	 on layer (7)	 M7
Average gCell capacity  2.40	 on layer (8)	 M8
Average gCell capacity  2.41	 on layer (9)	 M9
Average gCell capacity  0.63	 on layer (10)	 MRDL
Average number of tracks per gCell 8.11	 on layer (1)	 M1
Average number of tracks per gCell 10.02	 on layer (2)	 M2
Average number of tracks per gCell 8.11	 on layer (3)	 M3
Average number of tracks per gCell 8.12	 on layer (4)	 M4
Average number of tracks per gCell 5.00	 on layer (5)	 M5
Average number of tracks per gCell 5.01	 on layer (6)	 M6
Average number of tracks per gCell 5.00	 on layer (7)	 M7
Average number of tracks per gCell 5.01	 on layer (8)	 M8
Average number of tracks per gCell 5.00	 on layer (9)	 M9
Average number of tracks per gCell 1.00	 on layer (10)	 MRDL
Number of gCells = 2347400
Current Stage stats:
[End of Build Congestion map] Elapsed real time: 0:00:00 
[End of Build Congestion map] Elapsed cpu  time: sys=0:00:00 usr=0:00:00 total=0:00:00
[End of Build Congestion map] Stage (MB): Used   22  Alloctr   23  Proc    0 
[End of Build Congestion map] Total (MB): Used  161  Alloctr  163  Proc 2970 
Information: RC layer preference is turned on for this design. (ZRT-613)
Total stats:
[End of Build Data] Elapsed real time: 0:00:00 
[End of Build Data] Elapsed cpu  time: sys=0:00:00 usr=0:00:00 total=0:00:00
[End of Build Data] Stage (MB): Used   27  Alloctr   27  Proc    0 
[End of Build Data] Total (MB): Used  160  Alloctr  163  Proc 2970 
Current Stage stats:
[End of Blocked Pin Detection] Elapsed real time: 0:00:00 
[End of Blocked Pin Detection] Elapsed cpu  time: sys=0:00:00 usr=0:00:00 total=0:00:00
[End of Blocked Pin Detection] Stage (MB): Used    0  Alloctr    0  Proc    0 
[End of Blocked Pin Detection] Total (MB): Used  160  Alloctr  163  Proc 2970 
Information: Using 12 threads for routing. (ZRT-444)
multi gcell levels ON

Start GR phase 0
Current Stage stats:
[End of Initial Routing] Elapsed real time: 0:00:00 
[End of Initial Routing] Elapsed cpu  time: sys=0:00:00 usr=0:00:00 total=0:00:00
[End of Initial Routing] Stage (MB): Used    0  Alloctr    0  Proc    0 
[End of Initial Routing] Total (MB): Used  160  Alloctr  163  Proc 2970 
Initial. Routing result:
Initial. Both Dirs: Overflow =     3 Max = 3 GRCs =     7 (0.00%)
Initial. H routing: Overflow =     2 Max = 3 (GRCs =  1) GRCs =     1 (0.00%)
Initial. V routing: Overflow =     0 Max = 1 (GRCs =  6) GRCs =     6 (0.00%)
Initial. M1         Overflow =     0 Max = 0 (GRCs =  0) GRCs =     0 (0.00%)
Initial. M2         Overflow =     0 Max = 0 (GRCs =  0) GRCs =     0 (0.00%)
Initial. M3         Overflow =     0 Max = 1 (GRCs =  6) GRCs =     6 (0.00%)
Initial. M4         Overflow =     2 Max = 3 (GRCs =  1) GRCs =     1 (0.00%)
Initial. M5         Overflow =     0 Max = 0 (GRCs =  0) GRCs =     0 (0.00%)
Initial. M6         Overflow =     0 Max = 0 (GRCs =  0) GRCs =     0 (0.00%)
Initial. M7         Overflow =     0 Max = 0 (GRCs =  0) GRCs =     0 (0.00%)
Initial. M8         Overflow =     0 Max = 0 (GRCs =  0) GRCs =     0 (0.00%)
Initial. M9         Overflow =     0 Max = 0 (GRCs =  0) GRCs =     0 (0.00%)
Initial. MRDL       Overflow =     0 Max = 0 (GRCs =  0) GRCs =     0 (0.00%)

Initial. Total Wire Length = 0.44
Initial. Layer M1 wire length = 0.00
Initial. Layer M2 wire length = 0.00
Initial. Layer M3 wire length = 0.00
Initial. Layer M4 wire length = 0.44
Initial. Layer M5 wire length = 0.00
Initial. Layer M6 wire length = 0.00
Initial. Layer M7 wire length = 0.00
Initial. Layer M8 wire length = 0.00
Initial. Layer M9 wire length = 0.00
Initial. Layer MRDL wire length = 0.00
Initial. Total Number of Contacts = 2
Initial. Via VIA12SQ_C count = 0
Initial. Via VIA23SQ_C count = 0
Initial. Via VIA34SQ_C count = 2
Initial. Via VIA45SQ count = 0
Initial. Via VIA56SQ count = 0
Initial. Via VIA67SQ_C count = 0
Initial. Via VIA78SQ_C count = 0
Initial. Via VIA89_C count = 0
Initial. Via VIA9RDL count = 0
Initial. completed.

Start GR phase 1
Current Stage stats:
[End of Phase1 Routing] Elapsed real time: 0:00:00 
[End of Phase1 Routing] Elapsed cpu  time: sys=0:00:00 usr=0:00:00 total=0:00:00
[End of Phase1 Routing] Stage (MB): Used    0  Alloctr    0  Proc    0 
[End of Phase1 Routing] Total (MB): Used  160  Alloctr  163  Proc 2970 
phase1. Routing result:
phase1. Both Dirs: Overflow =     0 Max = 1 GRCs =     6 (0.00%)
phase1. H routing: Overflow =     0 Max = 0 (GRCs =  0) GRCs =     0 (0.00%)
phase1. V routing: Overflow =     0 Max = 1 (GRCs =  6) GRCs =     6 (0.00%)
phase1. M1         Overflow =     0 Max = 0 (GRCs =  0) GRCs =     0 (0.00%)
phase1. M2         Overflow =     0 Max = 0 (GRCs =  0) GRCs =     0 (0.00%)
phase1. M3         Overflow =     0 Max = 1 (GRCs =  6) GRCs =     6 (0.00%)
phase1. M4         Overflow =     0 Max = 0 (GRCs =  0) GRCs =     0 (0.00%)
phase1. M5         Overflow =     0 Max = 0 (GRCs =  0) GRCs =     0 (0.00%)
phase1. M6         Overflow =     0 Max = 0 (GRCs =  0) GRCs =     0 (0.00%)
phase1. M7         Overflow =     0 Max = 0 (GRCs =  0) GRCs =     0 (0.00%)
phase1. M8         Overflow =     0 Max = 0 (GRCs =  0) GRCs =     0 (0.00%)
phase1. M9         Overflow =     0 Max = 0 (GRCs =  0) GRCs =     0 (0.00%)
phase1. MRDL       Overflow =     0 Max = 0 (GRCs =  0) GRCs =     0 (0.00%)

phase1. Total Wire Length = 1.13
phase1. Layer M1 wire length = 0.00
phase1. Layer M2 wire length = 0.00
phase1. Layer M3 wire length = 0.48
phase1. Layer M4 wire length = 0.65
phase1. Layer M5 wire length = 0.00
phase1. Layer M6 wire length = 0.00
phase1. Layer M7 wire length = 0.00
phase1. Layer M8 wire length = 0.00
phase1. Layer M9 wire length = 0.00
phase1. Layer MRDL wire length = 0.00
phase1. Total Number of Contacts = 2
phase1. Via VIA12SQ_C count = 0
phase1. Via VIA23SQ_C count = 0
phase1. Via VIA34SQ_C count = 2
phase1. Via VIA45SQ count = 0
phase1. Via VIA56SQ count = 0
phase1. Via VIA67SQ_C count = 0
phase1. Via VIA78SQ_C count = 0
phase1. Via VIA89_C count = 0
phase1. Via VIA9RDL count = 0
phase1. completed.

Start GR phase 2
Current Stage stats:
[End of Phase2 Routing] Elapsed real time: 0:00:00 
[End of Phase2 Routing] Elapsed cpu  time: sys=0:00:00 usr=0:00:00 total=0:00:00
[End of Phase2 Routing] Stage (MB): Used    0  Alloctr    0  Proc    0 
[End of Phase2 Routing] Total (MB): Used  160  Alloctr  163  Proc 2970 
phase2. Routing result:
phase2. Both Dirs: Overflow =     0 Max = 1 GRCs =     6 (0.00%)
phase2. H routing: Overflow =     0 Max = 0 (GRCs =  0) GRCs =     0 (0.00%)
phase2. V routing: Overflow =     0 Max = 1 (GRCs =  6) GRCs =     6 (0.00%)
phase2. M1         Overflow =     0 Max = 0 (GRCs =  0) GRCs =     0 (0.00%)
phase2. M2         Overflow =     0 Max = 0 (GRCs =  0) GRCs =     0 (0.00%)
phase2. M3         Overflow =     0 Max = 1 (GRCs =  6) GRCs =     6 (0.00%)
phase2. M4         Overflow =     0 Max = 0 (GRCs =  0) GRCs =     0 (0.00%)
phase2. M5         Overflow =     0 Max = 0 (GRCs =  0) GRCs =     0 (0.00%)
phase2. M6         Overflow =     0 Max = 0 (GRCs =  0) GRCs =     0 (0.00%)
phase2. M7         Overflow =     0 Max = 0 (GRCs =  0) GRCs =     0 (0.00%)
phase2. M8         Overflow =     0 Max = 0 (GRCs =  0) GRCs =     0 (0.00%)
phase2. M9         Overflow =     0 Max = 0 (GRCs =  0) GRCs =     0 (0.00%)
phase2. MRDL       Overflow =     0 Max = 0 (GRCs =  0) GRCs =     0 (0.00%)

phase2. Total Wire Length = 1.13
phase2. Layer M1 wire length = 0.00
phase2. Layer M2 wire length = 0.00
phase2. Layer M3 wire length = 0.48
phase2. Layer M4 wire length = 0.65
phase2. Layer M5 wire length = 0.00
phase2. Layer M6 wire length = 0.00
phase2. Layer M7 wire length = 0.00
phase2. Layer M8 wire length = 0.00
phase2. Layer M9 wire length = 0.00
phase2. Layer MRDL wire length = 0.00
phase2. Total Number of Contacts = 2
phase2. Via VIA12SQ_C count = 0
phase2. Via VIA23SQ_C count = 0
phase2. Via VIA34SQ_C count = 2
phase2. Via VIA45SQ count = 0
phase2. Via VIA56SQ count = 0
phase2. Via VIA67SQ_C count = 0
phase2. Via VIA78SQ_C count = 0
phase2. Via VIA89_C count = 0
phase2. Via VIA9RDL count = 0
phase2. completed.
[End of Whole Chip Routing] Elapsed real time: 0:00:00 
[End of Whole Chip Routing] Elapsed cpu  time: sys=0:00:00 usr=0:00:00 total=0:00:00
[End of Whole Chip Routing] Stage (MB): Used   27  Alloctr   27  Proc    0 
[End of Whole Chip Routing] Total (MB): Used  160  Alloctr  163  Proc 2970 

Information: Global Routing terminated early: true (ZRT-103)

Congestion utilization per direction:
Average vertical track utilization   =  0.14 %
Peak    vertical track utilization   = 77.78 %
Average horizontal track utilization =  0.07 %
Peak    horizontal track utilization = 42.11 %

Current Stage stats:
[GR: Done] Elapsed real time: 0:00:00 
[GR: Done] Elapsed cpu  time: sys=0:00:00 usr=0:00:00 total=0:00:00
[GR: Done] Stage (MB): Used  -19  Alloctr  -20  Proc    0 
[GR: Done] Total (MB): Used  144  Alloctr  146  Proc 2970 
GR Total stats:
[GR: Done] Elapsed real time: 0:00:00 
[GR: Done] Elapsed cpu  time: sys=0:00:00 usr=0:00:01 total=0:00:01
[GR: Done] Stage (MB): Used   11  Alloctr   11  Proc    0 
[GR: Done] Total (MB): Used  144  Alloctr  146  Proc 2970 
Updating congestion ...
Updating congestion ...
Final total stats:
[End of Global Routing] Elapsed real time: 0:00:01 
[End of Global Routing] Elapsed cpu  time: sys=0:00:00 usr=0:00:01 total=0:00:01
[End of Global Routing] Stage (MB): Used   -1  Alloctr    0  Proc    0 
[End of Global Routing] Total (MB): Used  132  Alloctr  134  Proc 2970 
[ECO: GR] Elapsed real time: 0:00:03 
[ECO: GR] Elapsed cpu  time: sys=0:00:00 usr=0:00:11 total=0:00:11
[ECO: GR] Stage (MB): Used  131  Alloctr  132  Proc    0 
[ECO: GR] Total (MB): Used  132  Alloctr  134  Proc 2970 

Start track assignment

Printing options for 'route.common.*'

Printing options for 'route.track.*'

Information: Using 12 threads for routing. (ZRT-444)
Information: RC layer preference is turned on for this design. (ZRT-613)

[Track Assign: Read routes] Elapsed real time: 0:00:00 
[Track Assign: Read routes] Elapsed cpu  time: sys=0:00:00 usr=0:00:00 total=0:00:00
[Track Assign: Read routes] Stage (MB): Used    3  Alloctr    3  Proc    0 
[Track Assign: Read routes] Total (MB): Used  131  Alloctr  133  Proc 2970 

Start initial assignment
Routed partition 1/1       

Number of wires with overlap after iteration 0 = 2 of 5


[Track Assign: Iteration 0] Elapsed real time: 0:00:00 
[Track Assign: Iteration 0] Elapsed cpu  time: sys=0:00:00 usr=0:00:00 total=0:00:00
[Track Assign: Iteration 0] Stage (MB): Used    3  Alloctr    3  Proc    0 
[Track Assign: Iteration 0] Total (MB): Used  131  Alloctr  133  Proc 2970 

Reroute to fix overlaps
Routed partition 1/1       

[Track Assign: Iteration 1] Elapsed real time: 0:00:00 
[Track Assign: Iteration 1] Elapsed cpu  time: sys=0:00:00 usr=0:00:00 total=0:00:00
[Track Assign: Iteration 1] Stage (MB): Used    3  Alloctr    3  Proc    0 
[Track Assign: Iteration 1] Total (MB): Used  131  Alloctr  133  Proc 2970 

Number of wires with overlap after iteration 1 = 5 of 5


Wire length and via report:
---------------------------
Number of M1 wires: 0 		  : 0
Number of M2 wires: 0 		 VIA12SQ_C: 0
Number of M3 wires: 3 		 VIA23SQ_C: 0
Number of M4 wires: 2 		 VIA34SQ_C: 4
Number of M5 wires: 0 		 VIA45SQ: 0
Number of M6 wires: 0 		 VIA56SQ: 0
Number of M7 wires: 0 		 VIA67SQ_C: 0
Number of M8 wires: 0 		 VIA78SQ_C: 0
Number of M9 wires: 0 		 VIA89_C: 0
Number of MRDL wires: 0 		 VIA9RDL: 0
Total number of wires: 5 		 vias: 4

Total M1 wire length: 0.0
Total M2 wire length: 0.0
Total M3 wire length: 0.5
Total M4 wire length: 1.0
Total M5 wire length: 0.0
Total M6 wire length: 0.0
Total M7 wire length: 0.0
Total M8 wire length: 0.0
Total M9 wire length: 0.0
Total MRDL wire length: 0.0
Total wire length: 1.5

Longest M1 wire length: 0.0
Longest M2 wire length: 0.0
Longest M3 wire length: 0.2
Longest M4 wire length: 0.7
Longest M5 wire length: 0.0
Longest M6 wire length: 0.0
Longest M7 wire length: 0.0
Longest M8 wire length: 0.0
Longest M9 wire length: 0.0
Longest MRDL wire length: 0.0


[Track Assign: Done] Elapsed real time: 0:00:00 
[Track Assign: Done] Elapsed cpu  time: sys=0:00:00 usr=0:00:00 total=0:00:00
[Track Assign: Done] Stage (MB): Used    0  Alloctr    0  Proc    0 
[Track Assign: Done] Total (MB): Used  128  Alloctr  130  Proc 2970 
[ECO: CDR] Elapsed real time: 0:00:03 
[ECO: CDR] Elapsed cpu  time: sys=0:00:00 usr=0:00:11 total=0:00:11
[ECO: CDR] Stage (MB): Used  127  Alloctr  128  Proc    0 
[ECO: CDR] Total (MB): Used  128  Alloctr  130  Proc 2970 
Printing options for 'route.common.*'

Printing options for 'route.detail.*'
detail.antenna                                          :	 true                
detail.force_end_on_preferred_grid                      :	 true                

Printing options for 'route.auto_via_ladder.*'

Information: RC layer preference is turned on for this design. (ZRT-613)

Begin ECO DRC check ...

Checked	1/169 Partitions, Violations =	1
Checked	6/169 Partitions, Violations =	1
Checked	12/169 Partitions, Violations =	1
Checked	18/169 Partitions, Violations =	1
Checked	24/169 Partitions, Violations =	1
Checked	30/169 Partitions, Violations =	1
Checked	36/169 Partitions, Violations =	1
Checked	42/169 Partitions, Violations =	1
Checked	48/169 Partitions, Violations =	1
Checked	54/169 Partitions, Violations =	1
Checked	60/169 Partitions, Violations =	1
Checked	66/169 Partitions, Violations =	1
Checked	72/169 Partitions, Violations =	1
Checked	78/169 Partitions, Violations =	1
Checked	84/169 Partitions, Violations =	1
Checked	90/169 Partitions, Violations =	1
Checked	96/169 Partitions, Violations =	1
Checked	102/169 Partitions, Violations =	1
Checked	108/169 Partitions, Violations =	1
Checked	114/169 Partitions, Violations =	1
Checked	120/169 Partitions, Violations =	1
Checked	126/169 Partitions, Violations =	1
Checked	132/169 Partitions, Violations =	1
Checked	138/169 Partitions, Violations =	1
Checked	144/169 Partitions, Violations =	0
Checked	150/169 Partitions, Violations =	6
Checked	156/169 Partitions, Violations =	6
Checked	162/169 Partitions, Violations =	6
Checked	168/169 Partitions, Violations =	6

DRC-SUMMARY:
	@@@@@@@ TOTAL VIOLATIONS =	6

[DRC CHECK] Elapsed real time: 0:00:00 
[DRC CHECK] Elapsed cpu  time: sys=0:00:00 usr=0:00:01 total=0:00:01
[DRC CHECK] Stage (MB): Used    0  Alloctr    0  Proc    0 
[DRC CHECK] Total (MB): Used  151  Alloctr  153  Proc 2970 

Total Wire Length =                    12721 micron
Total Number of Contacts =             6374
Total Number of Wires =                8401
Total Number of PtConns =              604
Total Number of Routed Wires =       2704
Total Routed Wire Length =           4817 micron
Total Number of Routed Contacts =       2433
	Layer               M1 :          0 micron
	Layer               M2 :         40 micron
	Layer               M3 :       6545 micron
	Layer               M4 :       4885 micron
	Layer               M5 :        545 micron
	Layer               M6 :        492 micron
	Layer               M7 :         15 micron
	Layer               M8 :        198 micron
	Layer               M9 :          0 micron
	Layer             MRDL :          0 micron
	Via       VIA78SQ(rot) :         12
	Via     VIA67SQ_C(rot) :         12
	Via     VIA56SQ_C(rot) :         40
	Via            VIA56SQ :         25
	Via            VIA45SQ :        146
	Via     VIA34SQ_C(rot) :       1192
	Via       VIA34SQ(rot) :          1
	Via          VIA23SQ_C :        897
	Via            VIA23SQ :          1
	Via        VIA2_33SQ_C :          4
	Via     VIA12SQ_C(rot) :         74
	Via          VIA12LG_C :          1
	Via   VIA1_32SQ_C(rot) :         28

 
Redundant via conversion report:
--------------------------------

  Total optimized via conversion rate =  0.00% (0 / 2433 vias)
 
    Layer VIA1       =  0.00% (0      / 103     vias)
        Un-optimized =  0.00% (0       vias)
        Un-mapped    = 100.00% (103     vias)
    Layer VIA2       =  0.00% (0      / 902     vias)
        Un-optimized =  0.00% (0       vias)
        Un-mapped    = 100.00% (902     vias)
    Layer VIA3       =  0.00% (0      / 1193    vias)
        Un-optimized =  0.00% (0       vias)
        Un-mapped    = 100.00% (1193    vias)
    Layer VIA4       =  0.00% (0      / 146     vias)
        Un-optimized =  0.00% (0       vias)
        Un-mapped    = 100.00% (146     vias)
    Layer VIA5       =  0.00% (0      / 65      vias)
        Un-optimized =  0.00% (0       vias)
        Un-mapped    = 100.00% (65      vias)
    Layer VIA6       =  0.00% (0      / 12      vias)
        Un-optimized =  0.00% (0       vias)
        Un-mapped    = 100.00% (12      vias)
    Layer VIA7       =  0.00% (0      / 12      vias)
        Un-optimized =  0.00% (0       vias)
        Un-mapped    = 100.00% (12      vias)
 
  Total double via conversion rate    =  0.00% (0 / 2433 vias)
 
    Layer VIA1       =  0.00% (0      / 103     vias)
    Layer VIA2       =  0.00% (0      / 902     vias)
    Layer VIA3       =  0.00% (0      / 1193    vias)
    Layer VIA4       =  0.00% (0      / 146     vias)
    Layer VIA5       =  0.00% (0      / 65      vias)
    Layer VIA6       =  0.00% (0      / 12      vias)
    Layer VIA7       =  0.00% (0      / 12      vias)
 
  The optimized via conversion rate based on total routed via count =  0.00% (0 / 2433 vias)
 
    Layer VIA1       =  0.00% (0      / 103     vias)
        Un-optimized =  0.00% (0       vias)
        Un-mapped    = 100.00% (103     vias)
    Layer VIA2       =  0.00% (0      / 902     vias)
        Un-optimized =  0.00% (0       vias)
        Un-mapped    = 100.00% (902     vias)
    Layer VIA3       =  0.00% (0      / 1193    vias)
        Un-optimized =  0.00% (0       vias)
        Un-mapped    = 100.00% (1193    vias)
    Layer VIA4       =  0.00% (0      / 146     vias)
        Un-optimized =  0.00% (0       vias)
        Un-mapped    = 100.00% (146     vias)
    Layer VIA5       =  0.00% (0      / 65      vias)
        Un-optimized =  0.00% (0       vias)
        Un-mapped    = 100.00% (65      vias)
    Layer VIA6       =  0.00% (0      / 12      vias)
        Un-optimized =  0.00% (0       vias)
        Un-mapped    = 100.00% (12      vias)
    Layer VIA7       =  0.00% (0      / 12      vias)
        Un-optimized =  0.00% (0       vias)
        Un-mapped    = 100.00% (12      vias)
 
Total number of nets = 27012, of which 19393 are not extracted
Total number of open nets = 7579, of which 0 are frozen
Information: Using 12 threads for routing. (ZRT-444)
Start DR iteration 0: non-uniform partition
Routed	1/1 Partitions, Violations =	0

DRC-SUMMARY:
	@@@@@@@ TOTAL VIOLATIONS =	0

[Iter 0] Elapsed real time: 0:00:00 
[Iter 0] Elapsed cpu  time: sys=0:00:00 usr=0:00:02 total=0:00:02
[Iter 0] Stage (MB): Used   23  Alloctr   23  Proc    0 
[Iter 0] Total (MB): Used  151  Alloctr  153  Proc 2970 

End DR iteration 0 with 1 parts

Finish DR since reached 0 DRC

Information: Detail Routing terminated early because DRCs were not converging: false (ZRT-312)

Nets that have been changed:
Net 1 = core_i/sleep_unit_i/core_clock_gate_i/ctsbuf_net_94972
Total number of changed nets = 1 (out of 27012)

[DR: Done] Elapsed real time: 0:00:00 
[DR: Done] Elapsed cpu  time: sys=0:00:00 usr=0:00:02 total=0:00:02
[DR: Done] Stage (MB): Used    5  Alloctr    5  Proc    0 
[DR: Done] Total (MB): Used  133  Alloctr  135  Proc 2970 
[ECO: DR] Elapsed real time: 0:00:04 
[ECO: DR] Elapsed cpu  time: sys=0:00:00 usr=0:00:13 total=0:00:13
[ECO: DR] Stage (MB): Used  132  Alloctr  133  Proc    0 
[ECO: DR] Total (MB): Used  133  Alloctr  135  Proc 2970 

ECO Route finished with 7579 open nets, of which 0 are frozen

ECO Route finished with 0 violations

DRC-SUMMARY:
	@@@@@@@ TOTAL VIOLATIONS =	0



Total Wire Length =                    12723 micron
Total Number of Contacts =             6374
Total Number of Wires =                8401
Total Number of PtConns =              606
Total Number of Routed Wires =       2704
Total Routed Wire Length =           4817 micron
Total Number of Routed Contacts =       2433
	Layer               M1 :          0 micron
	Layer               M2 :         40 micron
	Layer               M3 :       6547 micron
	Layer               M4 :       4885 micron
	Layer               M5 :        545 micron
	Layer               M6 :        492 micron
	Layer               M7 :         15 micron
	Layer               M8 :        198 micron
	Layer               M9 :          0 micron
	Layer             MRDL :          0 micron
	Via       VIA78SQ(rot) :         12
	Via     VIA67SQ_C(rot) :         12
	Via     VIA56SQ_C(rot) :         40
	Via            VIA56SQ :         25
	Via            VIA45SQ :        146
	Via     VIA34SQ_C(rot) :       1192
	Via       VIA34SQ(rot) :          1
	Via          VIA23SQ_C :        897
	Via            VIA23SQ :          1
	Via        VIA2_33SQ_C :          4
	Via     VIA12SQ_C(rot) :         74
	Via          VIA12LG_C :          1
	Via   VIA1_32SQ_C(rot) :         28

 
Redundant via conversion report:
--------------------------------

  Total optimized via conversion rate =  0.00% (0 / 2433 vias)
 
    Layer VIA1       =  0.00% (0      / 103     vias)
        Un-optimized =  0.00% (0       vias)
        Un-mapped    = 100.00% (103     vias)
    Layer VIA2       =  0.00% (0      / 902     vias)
        Un-optimized =  0.00% (0       vias)
        Un-mapped    = 100.00% (902     vias)
    Layer VIA3       =  0.00% (0      / 1193    vias)
        Un-optimized =  0.00% (0       vias)
        Un-mapped    = 100.00% (1193    vias)
    Layer VIA4       =  0.00% (0      / 146     vias)
        Un-optimized =  0.00% (0       vias)
        Un-mapped    = 100.00% (146     vias)
    Layer VIA5       =  0.00% (0      / 65      vias)
        Un-optimized =  0.00% (0       vias)
        Un-mapped    = 100.00% (65      vias)
    Layer VIA6       =  0.00% (0      / 12      vias)
        Un-optimized =  0.00% (0       vias)
        Un-mapped    = 100.00% (12      vias)
    Layer VIA7       =  0.00% (0      / 12      vias)
        Un-optimized =  0.00% (0       vias)
        Un-mapped    = 100.00% (12      vias)
 
  Total double via conversion rate    =  0.00% (0 / 2433 vias)
 
    Layer VIA1       =  0.00% (0      / 103     vias)
    Layer VIA2       =  0.00% (0      / 902     vias)
    Layer VIA3       =  0.00% (0      / 1193    vias)
    Layer VIA4       =  0.00% (0      / 146     vias)
    Layer VIA5       =  0.00% (0      / 65      vias)
    Layer VIA6       =  0.00% (0      / 12      vias)
    Layer VIA7       =  0.00% (0      / 12      vias)
 
  The optimized via conversion rate based on total routed via count =  0.00% (0 / 2433 vias)
 
    Layer VIA1       =  0.00% (0      / 103     vias)
        Un-optimized =  0.00% (0       vias)
        Un-mapped    = 100.00% (103     vias)
    Layer VIA2       =  0.00% (0      / 902     vias)
        Un-optimized =  0.00% (0       vias)
        Un-mapped    = 100.00% (902     vias)
    Layer VIA3       =  0.00% (0      / 1193    vias)
        Un-optimized =  0.00% (0       vias)
        Un-mapped    = 100.00% (1193    vias)
    Layer VIA4       =  0.00% (0      / 146     vias)
        Un-optimized =  0.00% (0       vias)
        Un-mapped    = 100.00% (146     vias)
    Layer VIA5       =  0.00% (0      / 65      vias)
        Un-optimized =  0.00% (0       vias)
        Un-mapped    = 100.00% (65      vias)
    Layer VIA6       =  0.00% (0      / 12      vias)
        Un-optimized =  0.00% (0       vias)
        Un-mapped    = 100.00% (12      vias)
    Layer VIA7       =  0.00% (0      / 12      vias)
        Un-optimized =  0.00% (0       vias)
        Un-mapped    = 100.00% (12      vias)
 

Total number of nets = 27012
7579 open nets, of which 0 are frozen
Total number of excluded ports = 0 ports of 0 unplaced cells connected to 0 nets
                                 0 ports without pins of 0 cells connected to 0 nets
                                 0 ports of 0 cover cells connected to 0 non-pg nets
Total number of DRCs = 0
Total number of antenna violations = antenna checking not active
Information: Routes in non-preferred voltage areas = 0 (ZRT-559)

Total Wire Length =                    12723 micron
Total Number of Contacts =             6374
Total Number of Wires =                8401
Total Number of PtConns =              606
Total Number of Routed Wires =       2704
Total Routed Wire Length =           4817 micron
Total Number of Routed Contacts =       2433
	Layer               M1 :          0 micron
	Layer               M2 :         40 micron
	Layer               M3 :       6547 micron
	Layer               M4 :       4885 micron
	Layer               M5 :        545 micron
	Layer               M6 :        492 micron
	Layer               M7 :         15 micron
	Layer               M8 :        198 micron
	Layer               M9 :          0 micron
	Layer             MRDL :          0 micron
	Via       VIA78SQ(rot) :         12
	Via     VIA67SQ_C(rot) :         12
	Via     VIA56SQ_C(rot) :         40
	Via            VIA56SQ :         25
	Via            VIA45SQ :        146
	Via     VIA34SQ_C(rot) :       1192
	Via       VIA34SQ(rot) :          1
	Via          VIA23SQ_C :        897
	Via            VIA23SQ :          1
	Via        VIA2_33SQ_C :          4
	Via     VIA12SQ_C(rot) :         74
	Via          VIA12LG_C :          1
	Via   VIA1_32SQ_C(rot) :         28

 
Redundant via conversion report:
--------------------------------

  Total optimized via conversion rate =  0.00% (0 / 2433 vias)
 
    Layer VIA1       =  0.00% (0      / 103     vias)
        Un-optimized =  0.00% (0       vias)
        Un-mapped    = 100.00% (103     vias)
    Layer VIA2       =  0.00% (0      / 902     vias)
        Un-optimized =  0.00% (0       vias)
        Un-mapped    = 100.00% (902     vias)
    Layer VIA3       =  0.00% (0      / 1193    vias)
        Un-optimized =  0.00% (0       vias)
        Un-mapped    = 100.00% (1193    vias)
    Layer VIA4       =  0.00% (0      / 146     vias)
        Un-optimized =  0.00% (0       vias)
        Un-mapped    = 100.00% (146     vias)
    Layer VIA5       =  0.00% (0      / 65      vias)
        Un-optimized =  0.00% (0       vias)
        Un-mapped    = 100.00% (65      vias)
    Layer VIA6       =  0.00% (0      / 12      vias)
        Un-optimized =  0.00% (0       vias)
        Un-mapped    = 100.00% (12      vias)
    Layer VIA7       =  0.00% (0      / 12      vias)
        Un-optimized =  0.00% (0       vias)
        Un-mapped    = 100.00% (12      vias)
 
  Total double via conversion rate    =  0.00% (0 / 2433 vias)
 
    Layer VIA1       =  0.00% (0      / 103     vias)
    Layer VIA2       =  0.00% (0      / 902     vias)
    Layer VIA3       =  0.00% (0      / 1193    vias)
    Layer VIA4       =  0.00% (0      / 146     vias)
    Layer VIA5       =  0.00% (0      / 65      vias)
    Layer VIA6       =  0.00% (0      / 12      vias)
    Layer VIA7       =  0.00% (0      / 12      vias)
 
  The optimized via conversion rate based on total routed via count =  0.00% (0 / 2433 vias)
 
    Layer VIA1       =  0.00% (0      / 103     vias)
        Un-optimized =  0.00% (0       vias)
        Un-mapped    = 100.00% (103     vias)
    Layer VIA2       =  0.00% (0      / 902     vias)
        Un-optimized =  0.00% (0       vias)
        Un-mapped    = 100.00% (902     vias)
    Layer VIA3       =  0.00% (0      / 1193    vias)
        Un-optimized =  0.00% (0       vias)
        Un-mapped    = 100.00% (1193    vias)
    Layer VIA4       =  0.00% (0      / 146     vias)
        Un-optimized =  0.00% (0       vias)
        Un-mapped    = 100.00% (146     vias)
    Layer VIA5       =  0.00% (0      / 65      vias)
        Un-optimized =  0.00% (0       vias)
        Un-mapped    = 100.00% (65      vias)
    Layer VIA6       =  0.00% (0      / 12      vias)
        Un-optimized =  0.00% (0       vias)
        Un-mapped    = 100.00% (12      vias)
    Layer VIA7       =  0.00% (0      / 12      vias)
        Un-optimized =  0.00% (0       vias)
        Un-mapped    = 100.00% (12      vias)
 
Topology ECO not run, no qualifying violations or in frozen nets.
Updating the database ...
...updated 1 nets
[ECO: End] Elapsed real time: 0:00:04 
[ECO: End] Elapsed cpu  time: sys=0:00:00 usr=0:00:13 total=0:00:13
[ECO: End] Stage (MB): Used    0  Alloctr    0  Proc    0 
[ECO: End] Total (MB): Used    0  Alloctr    1  Proc 2970 
icc2_shell> check_routes
Warning: Cell contains tie connections which are not connected to real PG. (ZRT-511)
Turn off antenna since no rule is specified
Cell Min-Routing-Layer = M1
Cell Max-Routing-Layer = M9
Warning: There is no constraint to limit maximum number of secondary power and ground (PG) pins in a cluster. (ZRT-536)
Warning: There is no constraint to limit maximum number of secondary power and ground (PG) pins in a cluster. (ZRT-536)
Warning: There is no constraint to limit maximum number of secondary power and ground (PG) pins in a cluster. (ZRT-536)
Warning: There is no constraint to limit maximum number of secondary power and ground (PG) pins in a cluster. (ZRT-536)
Warning: There is no constraint to limit maximum number of secondary power and ground (PG) pins in a cluster. (ZRT-536)
Warning: There is no constraint to limit maximum number of secondary power and ground (PG) pins in a cluster. (ZRT-536)
Warning: There is no constraint to limit maximum number of secondary power and ground (PG) pins in a cluster. (ZRT-536)
Warning: There is no constraint to limit maximum number of secondary power and ground (PG) pins in a cluster. (ZRT-536)
Warning: There is no constraint to limit maximum number of secondary power and ground (PG) pins in a cluster. (ZRT-536)
Warning: There is no constraint to limit maximum number of secondary power and ground (PG) pins in a cluster. (ZRT-536)
Warning: There is no constraint to limit maximum number of secondary power and ground (PG) pins in a cluster. (ZRT-536)
Warning: There is no constraint to limit maximum number of secondary power and ground (PG) pins in a cluster. (ZRT-536)
Warning: There is no constraint to limit maximum number of secondary power and ground (PG) pins in a cluster. (ZRT-536)
Warning: There is no constraint to limit maximum number of secondary power and ground (PG) pins in a cluster. (ZRT-536)
Warning: There is no constraint to limit maximum number of secondary power and ground (PG) pins in a cluster. (ZRT-536)
Warning: There is no constraint to limit maximum number of secondary power and ground (PG) pins in a cluster. (ZRT-536)
Warning: Ignore 2 top cell ports with no pins. (ZRT-027)
Skipping 3 internal pins that are not physical. Set route.common.verbose_level to > 0 and run routing command to get skipped pin names.
Info: number of net_type_blockage: 0 
Via on layer (VIA1) needs more than one tracks
Warning: Layer M1 pitch 0.074 may be too small: wire/via-down 0.074, wire/via-up 0.098. (ZRT-026)
Via on layer (VIA1) needs more than one tracks
Warning: Layer M2 pitch 0.060 may be too small: wire/via-down 0.098, wire/via-up 0.060. (ZRT-026)
Via on layer (VIA3) needs more than one tracks
Warning: Layer M3 pitch 0.074 may be too small: wire/via-down 0.060, wire/via-up 0.080. (ZRT-026)
Wire on layer (M4) needs more than one tracks
Via on layer (VIA3) needs more than one tracks
Via on layer (VIA4) needs more than one tracks
Warning: Layer M4 pitch 0.074 may be too small: wire/via-down 0.107, wire/via-up 0.105. (ZRT-026)
Via on layer (VIA4) needs more than one tracks
Warning: Layer M5 pitch 0.120 may be too small: wire/via-down 0.135, wire/via-up 0.107. (ZRT-026)
Via on layer (VIA8) needs more than one tracks
Warning: Layer M8 pitch 0.120 may be too small: wire/via-down 0.107, wire/via-up 0.135. (ZRT-026)
Wire on layer (M9) needs more than one tracks
Via on layer (VIA8) needs more than one tracks
Via on layer (VIARDL) needs more than one tracks
Warning: Layer M9 pitch 0.120 may be too small: wire/via-down 0.135, wire/via-up 1.570. (ZRT-026)
Via on layer (VIARDL) needs more than one tracks
Warning: Layer MRDL pitch 0.600 may be too small: wire/via-down 4.500, wire/via-up 0.600. (ZRT-026)
Transition layer name: M3(2)
Warning: Standard cell pin SAEDRVT14_BUF_PECO_12/VDD has no valid via regions. (ZRT-044)
Warning: Standard cell pin SAEDRVT14_BUF_PS_3/VDD has no valid via regions. (ZRT-044)
Warning: Standard cell pin SAEDRVT14_BUF_PS_6/VDD has no valid via regions. (ZRT-044)
Warning: Standard cell pin SAEDRVT14_BUF_PECO_2/VDD has no valid via regions. (ZRT-044)
Warning: Standard cell pin SAEDRVT14_AOBUF_IW_3/VDD has no valid via regions. (ZRT-044)
Warning: Standard cell pin SAEDRVT14_AOBUF_IW_6/VDD has no valid via regions. (ZRT-044)
Warning: Standard cell pin SAEDRVT14_BUF_PECO_4/VDD has no valid via regions. (ZRT-044)
Warning: Standard cell pin SAEDRVT14_NR2_2/A1 has no valid via regions. (ZRT-044)
Warning: Standard cell pin SAEDRVT14_NR2_2/X has no valid via regions. (ZRT-044)
Warning: Standard cell pin SAEDRVT14_BUF_PECO_8/VDD has no valid via regions. (ZRT-044)
Warning: Standard cell pin SAEDRVT14_OA2BB2_2/B1 has no valid via regions. (ZRT-044)
Warning: Standard cell pin SAEDRVT14_NR3B_4/A has no valid via regions. (ZRT-044)


Start checking for open nets ... 

net(optlc_net_26) has floating ports (dbId = 1 idx_ = 1 numNodes = 5 numEdges = 0 numCmps = 5)
net(scan_cg_en_i) has floating ports (dbId = 3 idx_ = 3 numNodes = 2 numEdges = 0 numCmps = 2)
net(boot_addr_i[31]) has floating ports (dbId = 4 idx_ = 4 numNodes = 2 numEdges = 0 numCmps = 2)
net(boot_addr_i[30]) has floating ports (dbId = 5 idx_ = 5 numNodes = 2 numEdges = 0 numCmps = 2)
net(boot_addr_i[29]) has floating ports (dbId = 6 idx_ = 6 numNodes = 2 numEdges = 0 numCmps = 2)
net(boot_addr_i[28]) has floating ports (dbId = 7 idx_ = 7 numNodes = 2 numEdges = 0 numCmps = 2)
net(boot_addr_i[27]) has floating ports (dbId = 8 idx_ = 8 numNodes = 2 numEdges = 0 numCmps = 2)
net(boot_addr_i[26]) has floating ports (dbId = 9 idx_ = 9 numNodes = 2 numEdges = 0 numCmps = 2)
net(boot_addr_i[25]) has floating ports (dbId = 10 idx_ = 10 numNodes = 2 numEdges = 0 numCmps = 2)
net(boot_addr_i[24]) has floating ports (dbId = 11 idx_ = 11 numNodes = 2 numEdges = 0 numCmps = 2)
net(boot_addr_i[23]) has floating ports (dbId = 12 idx_ = 12 numNodes = 2 numEdges = 0 numCmps = 2)
net(boot_addr_i[22]) has floating ports (dbId = 13 idx_ = 13 numNodes = 2 numEdges = 0 numCmps = 2)
net(boot_addr_i[21]) has floating ports (dbId = 14 idx_ = 14 numNodes = 2 numEdges = 0 numCmps = 2)
net(boot_addr_i[20]) has floating ports (dbId = 15 idx_ = 15 numNodes = 2 numEdges = 0 numCmps = 2)
net(boot_addr_i[19]) has floating ports (dbId = 16 idx_ = 16 numNodes = 2 numEdges = 0 numCmps = 2)
net(boot_addr_i[18]) has floating ports (dbId = 17 idx_ = 17 numNodes = 2 numEdges = 0 numCmps = 2)
net(boot_addr_i[17]) has floating ports (dbId = 18 idx_ = 18 numNodes = 2 numEdges = 0 numCmps = 2)
net(boot_addr_i[16]) has floating ports (dbId = 19 idx_ = 19 numNodes = 2 numEdges = 0 numCmps = 2)
net(boot_addr_i[15]) has floating ports (dbId = 20 idx_ = 20 numNodes = 2 numEdges = 0 numCmps = 2)
net(boot_addr_i[14]) has floating ports (dbId = 21 idx_ = 21 numNodes = 2 numEdges = 0 numCmps = 2)
net(boot_addr_i[13]) has floating ports (dbId = 22 idx_ = 22 numNodes = 2 numEdges = 0 numCmps = 2)
net(boot_addr_i[12]) has floating ports (dbId = 23 idx_ = 23 numNodes = 2 numEdges = 0 numCmps = 2)
net(boot_addr_i[11]) has floating ports (dbId = 24 idx_ = 24 numNodes = 2 numEdges = 0 numCmps = 2)
net(boot_addr_i[10]) has floating ports (dbId = 25 idx_ = 25 numNodes = 2 numEdges = 0 numCmps = 2)
net(boot_addr_i[9]) has floating ports (dbId = 26 idx_ = 26 numNodes = 2 numEdges = 0 numCmps = 2)
net(boot_addr_i[8]) has floating ports (dbId = 27 idx_ = 27 numNodes = 2 numEdges = 0 numCmps = 2)
net(boot_addr_i[7]) has floating ports (dbId = 28 idx_ = 28 numNodes = 2 numEdges = 0 numCmps = 2)
net(boot_addr_i[6]) has floating ports (dbId = 29 idx_ = 29 numNodes = 2 numEdges = 0 numCmps = 2)
net(boot_addr_i[5]) has floating ports (dbId = 30 idx_ = 30 numNodes = 2 numEdges = 0 numCmps = 2)
net(boot_addr_i[4]) has floating ports (dbId = 31 idx_ = 31 numNodes = 2 numEdges = 0 numCmps = 2)
net(boot_addr_i[3]) has floating ports (dbId = 32 idx_ = 32 numNodes = 2 numEdges = 0 numCmps = 2)
net(boot_addr_i[2]) has floating ports (dbId = 33 idx_ = 33 numNodes = 2 numEdges = 0 numCmps = 2)
net(mtvec_addr_i[31]) has floating ports (dbId = 36 idx_ = 36 numNodes = 2 numEdges = 0 numCmps = 2)
net(mtvec_addr_i[30]) has floating ports (dbId = 37 idx_ = 37 numNodes = 2 numEdges = 0 numCmps = 2)
net(mtvec_addr_i[29]) has floating ports (dbId = 38 idx_ = 38 numNodes = 2 numEdges = 0 numCmps = 2)
net(mtvec_addr_i[28]) has floating ports (dbId = 39 idx_ = 39 numNodes = 2 numEdges = 0 numCmps = 2)
net(mtvec_addr_i[27]) has floating ports (dbId = 40 idx_ = 40 numNodes = 2 numEdges = 0 numCmps = 2)
net(mtvec_addr_i[26]) has floating ports (dbId = 41 idx_ = 41 numNodes = 2 numEdges = 0 numCmps = 2)
net(mtvec_addr_i[25]) has floating ports (dbId = 42 idx_ = 42 numNodes = 2 numEdges = 0 numCmps = 2)
net(mtvec_addr_i[24]) has floating ports (dbId = 43 idx_ = 43 numNodes = 2 numEdges = 0 numCmps = 2)
net(mtvec_addr_i[23]) has floating ports (dbId = 44 idx_ = 44 numNodes = 2 numEdges = 0 numCmps = 2)
net(mtvec_addr_i[22]) has floating ports (dbId = 45 idx_ = 45 numNodes = 2 numEdges = 0 numCmps = 2)
net(mtvec_addr_i[21]) has floating ports (dbId = 46 idx_ = 46 numNodes = 2 numEdges = 0 numCmps = 2)
net(mtvec_addr_i[20]) has floating ports (dbId = 47 idx_ = 47 numNodes = 2 numEdges = 0 numCmps = 2)
net(mtvec_addr_i[19]) has floating ports (dbId = 48 idx_ = 48 numNodes = 2 numEdges = 0 numCmps = 2)
net(mtvec_addr_i[18]) has floating ports (dbId = 49 idx_ = 49 numNodes = 2 numEdges = 0 numCmps = 2)
net(mtvec_addr_i[17]) has floating ports (dbId = 50 idx_ = 50 numNodes = 2 numEdges = 0 numCmps = 2)
net(mtvec_addr_i[16]) has floating ports (dbId = 51 idx_ = 51 numNodes = 2 numEdges = 0 numCmps = 2)
net(mtvec_addr_i[15]) has floating ports (dbId = 52 idx_ = 52 numNodes = 2 numEdges = 0 numCmps = 2)
net(mtvec_addr_i[14]) has floating ports (dbId = 53 idx_ = 53 numNodes = 2 numEdges = 0 numCmps = 2)
net(mtvec_addr_i[13]) has floating ports (dbId = 54 idx_ = 54 numNodes = 2 numEdges = 0 numCmps = 2)
net(mtvec_addr_i[12]) has floating ports (dbId = 55 idx_ = 55 numNodes = 2 numEdges = 0 numCmps = 2)
net(mtvec_addr_i[11]) has floating ports (dbId = 56 idx_ = 56 numNodes = 2 numEdges = 0 numCmps = 2)
net(mtvec_addr_i[10]) has floating ports (dbId = 57 idx_ = 57 numNodes = 2 numEdges = 0 numCmps = 2)
net(mtvec_addr_i[9]) has floating ports (dbId = 58 idx_ = 58 numNodes = 2 numEdges = 0 numCmps = 2)
net(mtvec_addr_i[8]) has floating ports (dbId = 59 idx_ = 59 numNodes = 2 numEdges = 0 numCmps = 2)
net(dm_halt_addr_i[31]) has floating ports (dbId = 68 idx_ = 68 numNodes = 2 numEdges = 0 numCmps = 2)
net(dm_halt_addr_i[30]) has floating ports (dbId = 69 idx_ = 69 numNodes = 2 numEdges = 0 numCmps = 2)
net(dm_halt_addr_i[29]) has floating ports (dbId = 70 idx_ = 70 numNodes = 2 numEdges = 0 numCmps = 2)
net(dm_halt_addr_i[28]) has floating ports (dbId = 71 idx_ = 71 numNodes = 2 numEdges = 0 numCmps = 2)
net(dm_halt_addr_i[27]) has floating ports (dbId = 72 idx_ = 72 numNodes = 2 numEdges = 0 numCmps = 2)
net(dm_halt_addr_i[26]) has floating ports (dbId = 73 idx_ = 73 numNodes = 2 numEdges = 0 numCmps = 2)
net(dm_halt_addr_i[25]) has floating ports (dbId = 74 idx_ = 74 numNodes = 2 numEdges = 0 numCmps = 2)
net(dm_halt_addr_i[24]) has floating ports (dbId = 75 idx_ = 75 numNodes = 2 numEdges = 0 numCmps = 2)
net(dm_halt_addr_i[23]) has floating ports (dbId = 76 idx_ = 76 numNodes = 2 numEdges = 0 numCmps = 2)
net(dm_halt_addr_i[22]) has floating ports (dbId = 77 idx_ = 77 numNodes = 2 numEdges = 0 numCmps = 2)
net(dm_halt_addr_i[21]) has floating ports (dbId = 78 idx_ = 78 numNodes = 2 numEdges = 0 numCmps = 2)
net(dm_halt_addr_i[20]) has floating ports (dbId = 79 idx_ = 79 numNodes = 2 numEdges = 0 numCmps = 2)
net(dm_halt_addr_i[19]) has floating ports (dbId = 80 idx_ = 80 numNodes = 2 numEdges = 0 numCmps = 2)
net(dm_halt_addr_i[18]) has floating ports (dbId = 81 idx_ = 81 numNodes = 2 numEdges = 0 numCmps = 2)
net(dm_halt_addr_i[17]) has floating ports (dbId = 82 idx_ = 82 numNodes = 2 numEdges = 0 numCmps = 2)
net(dm_halt_addr_i[16]) has floating ports (dbId = 83 idx_ = 83 numNodes = 2 numEdges = 0 numCmps = 2)
net(dm_halt_addr_i[15]) has floating ports (dbId = 84 idx_ = 84 numNodes = 2 numEdges = 0 numCmps = 2)
net(dm_halt_addr_i[14]) has floating ports (dbId = 85 idx_ = 85 numNodes = 2 numEdges = 0 numCmps = 2)
net(dm_halt_addr_i[13]) has floating ports (dbId = 86 idx_ = 86 numNodes = 2 numEdges = 0 numCmps = 2)
net(dm_halt_addr_i[12]) has floating ports (dbId = 87 idx_ = 87 numNodes = 2 numEdges = 0 numCmps = 2)
net(dm_halt_addr_i[11]) has floating ports (dbId = 88 idx_ = 88 numNodes = 2 numEdges = 0 numCmps = 2)
net(dm_halt_addr_i[10]) has floating ports (dbId = 89 idx_ = 89 numNodes = 2 numEdges = 0 numCmps = 2)
net(dm_halt_addr_i[9]) has floating ports (dbId = 90 idx_ = 90 numNodes = 2 numEdges = 0 numCmps = 2)
net(dm_halt_addr_i[8]) has floating ports (dbId = 91 idx_ = 91 numNodes = 2 numEdges = 0 numCmps = 2)
net(dm_halt_addr_i[7]) has floating ports (dbId = 92 idx_ = 92 numNodes = 2 numEdges = 0 numCmps = 2)
net(dm_halt_addr_i[6]) has floating ports (dbId = 93 idx_ = 93 numNodes = 2 numEdges = 0 numCmps = 2)
net(dm_halt_addr_i[5]) has floating ports (dbId = 94 idx_ = 94 numNodes = 2 numEdges = 0 numCmps = 2)
net(dm_halt_addr_i[4]) has floating ports (dbId = 95 idx_ = 95 numNodes = 2 numEdges = 0 numCmps = 2)
net(dm_halt_addr_i[3]) has floating ports (dbId = 96 idx_ = 96 numNodes = 2 numEdges = 0 numCmps = 2)
net(dm_halt_addr_i[2]) has floating ports (dbId = 97 idx_ = 97 numNodes = 2 numEdges = 0 numCmps = 2)
net(hart_id_i[31]) has floating ports (dbId = 100 idx_ = 100 numNodes = 2 numEdges = 0 numCmps = 2)
net(hart_id_i[30]) has floating ports (dbId = 101 idx_ = 101 numNodes = 2 numEdges = 0 numCmps = 2)
net(hart_id_i[29]) has floating ports (dbId = 102 idx_ = 102 numNodes = 2 numEdges = 0 numCmps = 2)
net(hart_id_i[28]) has floating ports (dbId = 103 idx_ = 103 numNodes = 2 numEdges = 0 numCmps = 2)
net(hart_id_i[27]) has floating ports (dbId = 104 idx_ = 104 numNodes = 2 numEdges = 0 numCmps = 2)
net(hart_id_i[26]) has floating ports (dbId = 105 idx_ = 105 numNodes = 2 numEdges = 0 numCmps = 2)
net(hart_id_i[25]) has floating ports (dbId = 106 idx_ = 106 numNodes = 2 numEdges = 0 numCmps = 2)
net(hart_id_i[24]) has floating ports (dbId = 107 idx_ = 107 numNodes = 2 numEdges = 0 numCmps = 2)
net(hart_id_i[23]) has floating ports (dbId = 108 idx_ = 108 numNodes = 2 numEdges = 0 numCmps = 2)
net(hart_id_i[22]) has floating ports (dbId = 109 idx_ = 109 numNodes = 2 numEdges = 0 numCmps = 2)
net(hart_id_i[21]) has floating ports (dbId = 110 idx_ = 110 numNodes = 2 numEdges = 0 numCmps = 2)
net(hart_id_i[20]) has floating ports (dbId = 111 idx_ = 111 numNodes = 2 numEdges = 0 numCmps = 2)
net(hart_id_i[19]) has floating ports (dbId = 112 idx_ = 112 numNodes = 2 numEdges = 0 numCmps = 2)
net(hart_id_i[18]) has floating ports (dbId = 113 idx_ = 113 numNodes = 2 numEdges = 0 numCmps = 2)
net(hart_id_i[17]) has floating ports (dbId = 114 idx_ = 114 numNodes = 2 numEdges = 0 numCmps = 2)
net(hart_id_i[16]) has floating ports (dbId = 115 idx_ = 115 numNodes = 2 numEdges = 0 numCmps = 2)
net(hart_id_i[15]) has floating ports (dbId = 116 idx_ = 116 numNodes = 2 numEdges = 0 numCmps = 2)
net(hart_id_i[14]) has floating ports (dbId = 117 idx_ = 117 numNodes = 2 numEdges = 0 numCmps = 2)
net(hart_id_i[13]) has floating ports (dbId = 118 idx_ = 118 numNodes = 2 numEdges = 0 numCmps = 2)
net(hart_id_i[12]) has floating ports (dbId = 119 idx_ = 119 numNodes = 2 numEdges = 0 numCmps = 2)
net(hart_id_i[11]) has floating ports (dbId = 120 idx_ = 120 numNodes = 2 numEdges = 0 numCmps = 2)
net(hart_id_i[10]) has floating ports (dbId = 121 idx_ = 121 numNodes = 2 numEdges = 0 numCmps = 2)
net(hart_id_i[9]) has floating ports (dbId = 122 idx_ = 122 numNodes = 2 numEdges = 0 numCmps = 2)
net(hart_id_i[8]) has floating ports (dbId = 123 idx_ = 123 numNodes = 2 numEdges = 0 numCmps = 2)
net(hart_id_i[7]) has floating ports (dbId = 124 idx_ = 124 numNodes = 2 numEdges = 0 numCmps = 2)
net(hart_id_i[6]) has floating ports (dbId = 125 idx_ = 125 numNodes = 2 numEdges = 0 numCmps = 2)
net(hart_id_i[5]) has floating ports (dbId = 126 idx_ = 126 numNodes = 2 numEdges = 0 numCmps = 2)
net(hart_id_i[4]) has floating ports (dbId = 127 idx_ = 127 numNodes = 2 numEdges = 0 numCmps = 2)
net(hart_id_i[3]) has floating ports (dbId = 128 idx_ = 128 numNodes = 2 numEdges = 0 numCmps = 2)
net(hart_id_i[2]) has floating ports (dbId = 129 idx_ = 129 numNodes = 2 numEdges = 0 numCmps = 2)
net(hart_id_i[1]) has floating ports (dbId = 130 idx_ = 130 numNodes = 2 numEdges = 0 numCmps = 2)
net(hart_id_i[0]) has floating ports (dbId = 131 idx_ = 131 numNodes = 2 numEdges = 0 numCmps = 2)
net(dm_exception_addr_i[31]) has floating ports (dbId = 132 idx_ = 132 numNodes = 2 numEdges = 0 numCmps = 2)
net(dm_exception_addr_i[30]) has floating ports (dbId = 133 idx_ = 133 numNodes = 2 numEdges = 0 numCmps = 2)
net(dm_exception_addr_i[29]) has floating ports (dbId = 134 idx_ = 134 numNodes = 2 numEdges = 0 numCmps = 2)
net(dm_exception_addr_i[28]) has floating ports (dbId = 135 idx_ = 135 numNodes = 2 numEdges = 0 numCmps = 2)
net(dm_exception_addr_i[27]) has floating ports (dbId = 136 idx_ = 136 numNodes = 2 numEdges = 0 numCmps = 2)
net(dm_exception_addr_i[26]) has floating ports (dbId = 137 idx_ = 137 numNodes = 2 numEdges = 0 numCmps = 2)
net(dm_exception_addr_i[25]) has floating ports (dbId = 138 idx_ = 138 numNodes = 2 numEdges = 0 numCmps = 2)
net(dm_exception_addr_i[24]) has floating ports (dbId = 139 idx_ = 139 numNodes = 2 numEdges = 0 numCmps = 2)
net(dm_exception_addr_i[23]) has floating ports (dbId = 140 idx_ = 140 numNodes = 2 numEdges = 0 numCmps = 2)
net(dm_exception_addr_i[22]) has floating ports (dbId = 141 idx_ = 141 numNodes = 2 numEdges = 0 numCmps = 2)
net(dm_exception_addr_i[21]) has floating ports (dbId = 142 idx_ = 142 numNodes = 2 numEdges = 0 numCmps = 2)
net(dm_exception_addr_i[20]) has floating ports (dbId = 143 idx_ = 143 numNodes = 2 numEdges = 0 numCmps = 2)
net(dm_exception_addr_i[19]) has floating ports (dbId = 144 idx_ = 144 numNodes = 2 numEdges = 0 numCmps = 2)
net(dm_exception_addr_i[18]) has floating ports (dbId = 145 idx_ = 145 numNodes = 2 numEdges = 0 numCmps = 2)
net(dm_exception_addr_i[17]) has floating ports (dbId = 146 idx_ = 146 numNodes = 2 numEdges = 0 numCmps = 2)
net(dm_exception_addr_i[16]) has floating ports (dbId = 147 idx_ = 147 numNodes = 2 numEdges = 0 numCmps = 2)
net(dm_exception_addr_i[15]) has floating ports (dbId = 148 idx_ = 148 numNodes = 2 numEdges = 0 numCmps = 2)
net(dm_exception_addr_i[14]) has floating ports (dbId = 149 idx_ = 149 numNodes = 2 numEdges = 0 numCmps = 2)
net(dm_exception_addr_i[13]) has floating ports (dbId = 150 idx_ = 150 numNodes = 2 numEdges = 0 numCmps = 2)
net(dm_exception_addr_i[12]) has floating ports (dbId = 151 idx_ = 151 numNodes = 2 numEdges = 0 numCmps = 2)
net(dm_exception_addr_i[11]) has floating ports (dbId = 152 idx_ = 152 numNodes = 2 numEdges = 0 numCmps = 2)
net(dm_exception_addr_i[10]) has floating ports (dbId = 153 idx_ = 153 numNodes = 2 numEdges = 0 numCmps = 2)
net(dm_exception_addr_i[9]) has floating ports (dbId = 154 idx_ = 154 numNodes = 2 numEdges = 0 numCmps = 2)
net(dm_exception_addr_i[8]) has floating ports (dbId = 155 idx_ = 155 numNodes = 2 numEdges = 0 numCmps = 2)
net(dm_exception_addr_i[7]) has floating ports (dbId = 156 idx_ = 156 numNodes = 2 numEdges = 0 numCmps = 2)
net(dm_exception_addr_i[6]) has floating ports (dbId = 157 idx_ = 157 numNodes = 2 numEdges = 0 numCmps = 2)
net(dm_exception_addr_i[5]) has floating ports (dbId = 158 idx_ = 158 numNodes = 2 numEdges = 0 numCmps = 2)
net(dm_exception_addr_i[4]) has floating ports (dbId = 159 idx_ = 159 numNodes = 2 numEdges = 0 numCmps = 2)
net(dm_exception_addr_i[3]) has floating ports (dbId = 160 idx_ = 160 numNodes = 2 numEdges = 0 numCmps = 2)
net(dm_exception_addr_i[2]) has floating ports (dbId = 161 idx_ = 161 numNodes = 2 numEdges = 0 numCmps = 2)
net(instr_req_o) has floating ports (dbId = 164 idx_ = 164 numNodes = 3 numEdges = 0 numCmps = 3)
net(instr_gnt_i) has floating ports (dbId = 165 idx_ = 165 numNodes = 2 numEdges = 0 numCmps = 2)
net(instr_rvalid_i) has floating ports (dbId = 166 idx_ = 166 numNodes = 7 numEdges = 0 numCmps = 7)
net(instr_addr_o[31]) has floating ports (dbId = 167 idx_ = 167 numNodes = 2 numEdges = 0 numCmps = 2)
net(instr_addr_o[30]) has floating ports (dbId = 168 idx_ = 168 numNodes = 2 numEdges = 0 numCmps = 2)
net(instr_addr_o[29]) has floating ports (dbId = 169 idx_ = 169 numNodes = 2 numEdges = 0 numCmps = 2)
net(instr_addr_o[28]) has floating ports (dbId = 170 idx_ = 170 numNodes = 2 numEdges = 0 numCmps = 2)
net(instr_addr_o[27]) has floating ports (dbId = 171 idx_ = 171 numNodes = 2 numEdges = 0 numCmps = 2)
net(instr_addr_o[26]) has floating ports (dbId = 172 idx_ = 172 numNodes = 2 numEdges = 0 numCmps = 2)
net(instr_addr_o[25]) has floating ports (dbId = 173 idx_ = 173 numNodes = 2 numEdges = 0 numCmps = 2)
net(instr_addr_o[24]) has floating ports (dbId = 174 idx_ = 174 numNodes = 2 numEdges = 0 numCmps = 2)
net(instr_addr_o[23]) has floating ports (dbId = 175 idx_ = 175 numNodes = 2 numEdges = 0 numCmps = 2)
net(instr_addr_o[22]) has floating ports (dbId = 176 idx_ = 176 numNodes = 2 numEdges = 0 numCmps = 2)
net(instr_addr_o[21]) has floating ports (dbId = 177 idx_ = 177 numNodes = 2 numEdges = 0 numCmps = 2)
net(instr_addr_o[20]) has floating ports (dbId = 178 idx_ = 178 numNodes = 2 numEdges = 0 numCmps = 2)
net(instr_addr_o[19]) has floating ports (dbId = 179 idx_ = 179 numNodes = 2 numEdges = 0 numCmps = 2)
net(instr_addr_o[18]) has floating ports (dbId = 180 idx_ = 180 numNodes = 2 numEdges = 0 numCmps = 2)
net(instr_addr_o[17]) has floating ports (dbId = 181 idx_ = 181 numNodes = 2 numEdges = 0 numCmps = 2)
net(instr_addr_o[16]) has floating ports (dbId = 182 idx_ = 182 numNodes = 2 numEdges = 0 numCmps = 2)
net(instr_addr_o[15]) has floating ports (dbId = 183 idx_ = 183 numNodes = 2 numEdges = 0 numCmps = 2)
net(instr_addr_o[14]) has floating ports (dbId = 184 idx_ = 184 numNodes = 2 numEdges = 0 numCmps = 2)
net(instr_addr_o[13]) has floating ports (dbId = 185 idx_ = 185 numNodes = 2 numEdges = 0 numCmps = 2)
net(instr_addr_o[12]) has floating ports (dbId = 186 idx_ = 186 numNodes = 2 numEdges = 0 numCmps = 2)
net(instr_addr_o[11]) has floating ports (dbId = 187 idx_ = 187 numNodes = 2 numEdges = 0 numCmps = 2)
net(instr_addr_o[10]) has floating ports (dbId = 188 idx_ = 188 numNodes = 2 numEdges = 0 numCmps = 2)
net(instr_addr_o[9]) has floating ports (dbId = 189 idx_ = 189 numNodes = 2 numEdges = 0 numCmps = 2)
net(instr_addr_o[8]) has floating ports (dbId = 190 idx_ = 190 numNodes = 2 numEdges = 0 numCmps = 2)
net(instr_addr_o[7]) has floating ports (dbId = 191 idx_ = 191 numNodes = 2 numEdges = 0 numCmps = 2)
net(instr_addr_o[6]) has floating ports (dbId = 192 idx_ = 192 numNodes = 2 numEdges = 0 numCmps = 2)
net(instr_addr_o[5]) has floating ports (dbId = 193 idx_ = 193 numNodes = 2 numEdges = 0 numCmps = 2)
net(instr_addr_o[4]) has floating ports (dbId = 194 idx_ = 194 numNodes = 2 numEdges = 0 numCmps = 2)
net(instr_addr_o[3]) has floating ports (dbId = 195 idx_ = 195 numNodes = 2 numEdges = 0 numCmps = 2)
net(instr_addr_o[2]) has floating ports (dbId = 196 idx_ = 196 numNodes = 2 numEdges = 0 numCmps = 2)
net(instr_addr_o[1]) has floating ports (dbId = 197 idx_ = 197 numNodes = 2 numEdges = 0 numCmps = 2)
net(instr_addr_o[0]) has floating ports (dbId = 198 idx_ = 198 numNodes = 2 numEdges = 0 numCmps = 2)
net(instr_rdata_i[31]) has floating ports (dbId = 199 idx_ = 199 numNodes = 4 numEdges = 0 numCmps = 4)
net(instr_rdata_i[30]) has floating ports (dbId = 200 idx_ = 200 numNodes = 4 numEdges = 0 numCmps = 4)
net(instr_rdata_i[29]) has floating ports (dbId = 201 idx_ = 201 numNodes = 4 numEdges = 0 numCmps = 4)
net(instr_rdata_i[28]) has floating ports (dbId = 202 idx_ = 202 numNodes = 4 numEdges = 0 numCmps = 4)
net(instr_rdata_i[27]) has floating ports (dbId = 203 idx_ = 203 numNodes = 4 numEdges = 0 numCmps = 4)
net(instr_rdata_i[26]) has floating ports (dbId = 204 idx_ = 204 numNodes = 4 numEdges = 0 numCmps = 4)
net(instr_rdata_i[25]) has floating ports (dbId = 205 idx_ = 205 numNodes = 4 numEdges = 0 numCmps = 4)
net(instr_rdata_i[24]) has floating ports (dbId = 206 idx_ = 206 numNodes = 4 numEdges = 0 numCmps = 4)
net(instr_rdata_i[23]) has floating ports (dbId = 207 idx_ = 207 numNodes = 4 numEdges = 0 numCmps = 4)
net(instr_rdata_i[22]) has floating ports (dbId = 208 idx_ = 208 numNodes = 4 numEdges = 0 numCmps = 4)
net(instr_rdata_i[21]) has floating ports (dbId = 209 idx_ = 209 numNodes = 4 numEdges = 0 numCmps = 4)
net(instr_rdata_i[20]) has floating ports (dbId = 210 idx_ = 210 numNodes = 4 numEdges = 0 numCmps = 4)
net(instr_rdata_i[19]) has floating ports (dbId = 211 idx_ = 211 numNodes = 4 numEdges = 0 numCmps = 4)
net(instr_rdata_i[18]) has floating ports (dbId = 212 idx_ = 212 numNodes = 4 numEdges = 0 numCmps = 4)
net(instr_rdata_i[17]) has floating ports (dbId = 213 idx_ = 213 numNodes = 4 numEdges = 0 numCmps = 4)
net(instr_rdata_i[16]) has floating ports (dbId = 214 idx_ = 214 numNodes = 4 numEdges = 0 numCmps = 4)
net(instr_rdata_i[15]) has floating ports (dbId = 215 idx_ = 215 numNodes = 4 numEdges = 0 numCmps = 4)

... and 26689 more nets has floating ports 

Total number of nets = 27007, of which 0 are not extracted
Total number of open nets = 26889, of which 0 are frozen

Check 27007 nets, 26889 have Errors

[CHECK OPEN NETS] Elapsed real time: 0:00:00 
[CHECK OPEN NETS] Elapsed cpu  time: sys=0:00:00 usr=0:00:00 total=0:00:00
[CHECK OPEN NETS] Stage (MB): Used    0  Alloctr    0  Proc    0 
[CHECK OPEN NETS] Total (MB): Used  131  Alloctr  134  Proc 2970 
Printing options for 'route.common.*'

Printing options for 'route.detail.*'
detail.antenna                                          :	 true                
detail.force_end_on_preferred_grid                      :	 true                

Printing options for 'route.auto_via_ladder.*'


Begin full DRC check ...

Information: Using 12 threads for routing. (ZRT-444)
Checked	17/169 Partitions, Violations =	0
Checked	27/169 Partitions, Violations =	0
Checked	36/169 Partitions, Violations =	0
Checked	37/169 Partitions, Violations =	0
Checked	40/169 Partitions, Violations =	0
Checked	41/169 Partitions, Violations =	0
Checked	42/169 Partitions, Violations =	0
Checked	43/169 Partitions, Violations =	0
Checked	48/169 Partitions, Violations =	0
Checked	54/169 Partitions, Violations =	0
Checked	60/169 Partitions, Violations =	0
Checked	66/169 Partitions, Violations =	0
Checked	74/169 Partitions, Violations =	0
Checked	78/169 Partitions, Violations =	0
Checked	84/169 Partitions, Violations =	0
Checked	90/169 Partitions, Violations =	0
Checked	96/169 Partitions, Violations =	0
Checked	102/169 Partitions, Violations =	0
Checked	108/169 Partitions, Violations =	0
Checked	114/169 Partitions, Violations =	0
Checked	120/169 Partitions, Violations =	0
Checked	132/169 Partitions, Violations =	0
Checked	133/169 Partitions, Violations =	0
Checked	138/169 Partitions, Violations =	0
Checked	145/169 Partitions, Violations =	0
Checked	150/169 Partitions, Violations =	0
Checked	158/169 Partitions, Violations =	0
Checked	162/169 Partitions, Violations =	0
Checked	168/169 Partitions, Violations =	0
[DRC CHECK] Elapsed real time: 0:00:00 
[DRC CHECK] Elapsed cpu  time: sys=0:00:00 usr=0:00:05 total=0:00:05
[DRC CHECK] Stage (MB): Used    0  Alloctr    0  Proc    0 
[DRC CHECK] Total (MB): Used  154  Alloctr  156  Proc 2970 
Warning: No antenna rules defined, Skip antenna analysis. (ZRT-309)

DRC-SUMMARY:
	@@@@@@@ TOTAL VIOLATIONS =	0


Total Wire Length =                    12717 micron
Total Number of Contacts =             6374
Total Number of Wires =                7783
Total Number of PtConns =              1437
Total Number of Routed Wires =       7783
Total Routed Wire Length =           11335 micron
Total Number of Routed Contacts =       6374
	Layer               M1 :          0 micron
	Layer               M2 :         40 micron
	Layer               M3 :       6548 micron
	Layer               M4 :       4878 micron
	Layer               M5 :        545 micron
	Layer               M6 :        492 micron
	Layer               M7 :         15 micron
	Layer               M8 :        198 micron
	Layer               M9 :          0 micron
	Layer             MRDL :          0 micron
	Via       VIA78SQ(rot) :         12
	Via          VIA67SQ_C :          3
	Via     VIA67SQ_C(rot) :         15
	Via     VIA56SQ_C(rot) :         52
	Via            VIA56SQ :         52
	Via            VIA45SQ :        349
	Via     VIA34SQ_C(rot) :       3187
	Via       VIA34SQ(rot) :          1
	Via          VIA23SQ_C :       2507
	Via            VIA23SQ :          1
	Via        VIA2_33SQ_C :          9
	Via     VIA12SQ_C(rot) :        120
	Via          VIA12LG_C :          1
	Via   VIA1_32SQ_C(rot) :         65

 
Redundant via conversion report:
--------------------------------

  Total optimized via conversion rate =  0.00% (0 / 6374 vias)
 
    Layer VIA1       =  0.00% (0      / 186     vias)
        Un-optimized =  0.00% (0       vias)
        Un-mapped    = 100.00% (186     vias)
    Layer VIA2       =  0.00% (0      / 2517    vias)
        Un-optimized =  0.00% (0       vias)
        Un-mapped    = 100.00% (2517    vias)
    Layer VIA3       =  0.00% (0      / 3188    vias)
        Un-optimized =  0.00% (0       vias)
        Un-mapped    = 100.00% (3188    vias)
    Layer VIA4       =  0.00% (0      / 349     vias)
        Un-optimized =  0.00% (0       vias)
        Un-mapped    = 100.00% (349     vias)
    Layer VIA5       =  0.00% (0      / 104     vias)
        Un-optimized =  0.00% (0       vias)
        Un-mapped    = 100.00% (104     vias)
    Layer VIA6       =  0.00% (0      / 18      vias)
        Un-optimized =  0.00% (0       vias)
        Un-mapped    = 100.00% (18      vias)
    Layer VIA7       =  0.00% (0      / 12      vias)
        Un-optimized =  0.00% (0       vias)
        Un-mapped    = 100.00% (12      vias)
 
  Total double via conversion rate    =  0.00% (0 / 6374 vias)
 
    Layer VIA1       =  0.00% (0      / 186     vias)
    Layer VIA2       =  0.00% (0      / 2517    vias)
    Layer VIA3       =  0.00% (0      / 3188    vias)
    Layer VIA4       =  0.00% (0      / 349     vias)
    Layer VIA5       =  0.00% (0      / 104     vias)
    Layer VIA6       =  0.00% (0      / 18      vias)
    Layer VIA7       =  0.00% (0      / 12      vias)
 
  The optimized via conversion rate based on total routed via count =  0.00% (0 / 6374 vias)
 
    Layer VIA1       =  0.00% (0      / 186     vias)
        Un-optimized =  0.00% (0       vias)
        Un-mapped    = 100.00% (186     vias)
    Layer VIA2       =  0.00% (0      / 2517    vias)
        Un-optimized =  0.00% (0       vias)
        Un-mapped    = 100.00% (2517    vias)
    Layer VIA3       =  0.00% (0      / 3188    vias)
        Un-optimized =  0.00% (0       vias)
        Un-mapped    = 100.00% (3188    vias)
    Layer VIA4       =  0.00% (0      / 349     vias)
        Un-optimized =  0.00% (0       vias)
        Un-mapped    = 100.00% (349     vias)
    Layer VIA5       =  0.00% (0      / 104     vias)
        Un-optimized =  0.00% (0       vias)
        Un-mapped    = 100.00% (104     vias)
    Layer VIA6       =  0.00% (0      / 18      vias)
        Un-optimized =  0.00% (0       vias)
        Un-mapped    = 100.00% (18      vias)
    Layer VIA7       =  0.00% (0      / 12      vias)
        Un-optimized =  0.00% (0       vias)
        Un-mapped    = 100.00% (12      vias)
 


Verify Summary:

Total number of nets = 27007, of which 0 are not extracted
Total number of open nets = 26889, of which 0 are frozen
Total number of excluded ports = 0 ports of 0 unplaced cells connected to 0 nets
                                 0 ports without pins of 0 cells connected to 0 nets
                                 0 ports of 0 cover cells connected to 0 non-pg nets
Total number of DRCs = 0
Total number of antenna violations = no antenna rules defined
Total number of tie to rail violations = not checked
Total number of tie to rail directly violations = not checked


icc2_shell> save_block cv32e40p_top:cv32e40p_top_5_cts
Information: Saving block 'cv32e40p_top:cv32e40p_top_5_cts.design'
icc2_shell> exit
Maximum memory usage for this session: 1628.26 MB
CPU usage for this session:   2857 seconds (  0.79 hours)
Elapsed time for this session:  14250 seconds (  3.96 hours)
Thank you for using IC Compiler II.
