


                              IC Compiler II (TM)

             Version O-2018.06-SP1 for linux64 - Jul 17, 2018 -SLE

                    Copyright (c) 1988 - 2018 Synopsys, Inc.
   This software and the associated documentation are proprietary to Synopsys,
 Inc. This software may only be used in accordance with the terms and conditions
 of a written license agreement with Synopsys, Inc. All other use, reproduction,
            or distribution of this software is strictly prohibited.

Loading user preference file /home/ICer/.synopsys_icc2_gui/preferences.tcl
##############################################
########### 6. Routing   #####################
##############################################
set design cv32e40p_top
cv32e40p_top
open_block ./${design}:${design}_5_cts
Warning: Technology used to create frame-view and current technology have inconsistency: Min spacings are different for layer 'M1'. (FRAM-054)
Warning: Technology 'saed14rvt_1p9m.tf' used for frame-view creation in library 'saed14rvt', is inconsistent with the current technology 'saed14nm_1p9m_mw.tf' of library "cv32e40p_top'. (NDM-102)
Information: User units loaded from library 'saed14rvt' (LNK-040)
Opening block 'cv32e40p_top:cv32e40p_top_5_cts.design' in edit mode
Information: loading PG routing via master rules, patterns, strategies and strategy via rules.
{cv32e40p_top:cv32e40p_top_5_cts.design}
copy_block -from_block ${design}:${design}_5_cts -to_block ${design}_6_routed
{cv32e40p_top:cv32e40p_top_6_routed.design}
current_block ${design}_6_routed
{cv32e40p_top:cv32e40p_top_6_routed.design}
set_host_options -max_cores 12
1
puts "start_route"
start_route
set_ignored_layer -max M9 -min M1
Using libraries: cv32e40p_top saed14rvt
Warning: In library cv32e40p_top, no block views exist for block cv32e40p_top. (LNK-064)
Visiting block cv32e40p_top:cv32e40p_top_6_routed.design
Design 'cv32e40p_top' was successfully linked.
1
# Signal integirty for crosstalk analysis
#set_app_options -name time.si_enable_analysis -value true 
set_app_options -name route_opt.flow.enable_ccd -value true
route_opt.flow.enable_ccd true
sh date
Tue Jul  1 16:52:28 CST 2025
route_opt
Warning: SI analysis is not enabled for post-route optimization. (ROPT-002)
************************************************************
Timer Settings:
Delay Calculation Style:                   auto
Signal Integrity Analysis:                 disabled
Timing Window Analysis:                    disabled
Advanced Waveform Propagation:             disabled
Variation Type:                            fixed_derate
Clock Reconvergence Pessimism Removal:     disabled
Advanced Receiver Model:                   disabled
************************************************************
Information: Corner fast_Cmin: no PVT mismatches. (PVT-032)
Information: Corner fast_Cmax: no PVT mismatches. (PVT-032)
Information: Corner slow_Cmax: no PVT mismatches. (PVT-032)
Information: Corner slow_Cmin: no PVT mismatches. (PVT-032)
Route-opt command begin                   CPU:    20 s (  0.01 hr )  ELAPSE:    23 s (  0.01 hr )  MEM-PEAK:   326 MB
Warning: SI analysis is not enabled for post-route optimization. (ROPT-002)
Information: The stitching and editing of coupling caps is turned OFF for design 'cv32e40p_top:cv32e40p_top_6_routed.design'. (TIM-125)
Information: Design cv32e40p_top_6_routed has 26992 nets, 0 global routed, 101 detail routed. (NEX-024)
Warning: Technology layer 'M4' setting 'pitch' is not valid (NEX-001)
Warning: Technology layer 'MRDL' setting 'pitch' is not valid (NEX-001)
Warning: Parasitic Tech Library layer 'M1' parameter 'SMIN' = 0.040 does not match 0.026 of technology file (NEX-007)
Warning: Parasitic Tech Library layer 'M2' parameter 'SMIN' = 0.040 does not match 0.026 of technology file (NEX-007)
Warning: Parasitic Tech Library layer 'M3' parameter 'SMIN' = 0.040 does not match 0.026 of technology file (NEX-007)
Warning: Parasitic Tech Library layer 'M1' parameter 'SMIN' = 0.040 does not match 0.026 of technology file (NEX-007)
Warning: Parasitic Tech Library layer 'M2' parameter 'SMIN' = 0.040 does not match 0.026 of technology file (NEX-007)
Warning: Parasitic Tech Library layer 'M3' parameter 'SMIN' = 0.040 does not match 0.026 of technology file (NEX-007)
Warning: Parasitic Tech Library layer 'M8' parameter 'WMIN' = 0.030 does not match 0.060 of technology file (NEX-007)
Warning: Parasitic Tech Library layer 'M8' parameter 'SMIN' = 0.060 does not match 0.040 of technology file (NEX-007)
Information: The RC mode used is CTO for design 'cv32e40p_top'. (NEX-022)
Information: Design Average RC for design cv32e40p_top_6_routed  (NEX-011)
Information: r = 2.175318 ohm/um, via_r = 1.031427 ohm/cut, c = 0.127527 ff/um, cc = 0.000000 ff/um (X dir) (NEX-017)
Information: r = 2.639974 ohm/um, via_r = 0.663827 ohm/cut, c = 0.121912 ff/um, cc = 0.000000 ff/um (Y dir) (NEX-017)
Information: Update timing completed net estimation for all the timing graph nets (TIM-111)
Information: Net estimation statistics: timing graph nets = 26990, routed nets = 101, across physical hierarchy nets = 0, parasitics cached nets = 26990, delay annotated nets = 0, parasitics annotated nets = 0, multi-voltage nets = 0. (TIM-112)

Route-opt timing update complete          CPU:    61 s (  0.02 hr )  ELAPSE:    32 s (  0.01 hr )  MEM-PEAK:   569 MB

Route-opt initial QoR
_____________________
Scenario Mapping Table
1: func_fast_Cmax
2: func_fast_Cmin
3: func_slow_Cmax
4: func_slow_Cmin
5: test_fast_Cmax
6: test_fast_Cmin
7: test_slow_Cmax
8: test_slow_Cmin

Pathgroup Mapping Table
1: **default**
2: **async_default**
3: **clock_gating_default**
4: **in2reg_default**
5: **reg2out_default**
6: **in2out_default**
7: clk_i

-----------------------------------------------------------------------------------------------------------
Scene  PG      WNS        TNS    NSV      WHV        THV    NHV
    1   1   0.0000     0.0000      0   0.0000     0.0000      0
    1   2   0.0000     0.0000      0   0.0000     0.0000      0
    1   3   0.0000     0.0000      0   0.0000     0.0000      0
    1   4   0.0000     0.0000      0   0.0000     0.0000      0
    1   5   0.0000     0.0000      0   0.0000     0.0000      0
    1   6   0.0000     0.0000      0   0.0000     0.0000      0
    1   7   0.0000     0.0000      0   0.0000     0.0000      0
    2   1   0.0000     0.0000      0   0.0000     0.0000      0
    2   2   0.0000     0.0000      0   0.0000     0.0000      0
    2   3   0.0000     0.0000      0   0.0000     0.0000      0
    2   4   0.0000     0.0000      0   0.0000     0.0000      0
    2   5   0.0000     0.0000      0   0.0000     0.0000      0
    2   6   0.0000     0.0000      0   0.0000     0.0000      0
    2   7   0.0000     0.0000      0   0.0000     0.0000      0
    3   1   0.0000     0.0000      0   0.0000     0.0000      0
    3   2   0.0000     0.0000      0   0.0000     0.0000      0
    3   3   0.0000     0.0000      0   0.0000     0.0000      0
    3   4   0.0000     0.0000      0   0.0000     0.0000      0
    3   5   0.0000     0.0000      0   0.0000     0.0000      0
    3   6   0.0000     0.0000      0   0.0000     0.0000      0
    3   7   0.0000     0.0000      0   0.0000     0.0000      0
    4   1   0.0000     0.0000      0   0.0000     0.0000      0
    4   2   0.0000     0.0000      0   0.0000     0.0000      0
    4   3   0.0000     0.0000      0   0.0000     0.0000      0
    4   4   0.0000     0.0000      0   0.0000     0.0000      0
    4   5   0.0000     0.0000      0   0.0000     0.0000      0
    4   6   0.0000     0.0000      0   0.0000     0.0000      0
    4   7   0.0000     0.0000      0   0.0000     0.0000      0
    5   1   0.0000     0.0000      0   0.0000     0.0000      0
    5   2   0.0000     0.0000      0   0.0000     0.0000      0
    5   3   0.0000     0.0000      0   0.0000     0.0000      0
    5   4   0.0000     0.0000      0   0.0000     0.0000      0
    5   5   0.0000     0.0000      0   0.0000     0.0000      0
    5   6   0.0000     0.0000      0   0.0000     0.0000      0
    5   7   0.0000     0.0000      0   0.0000     0.0000      0
    6   1   0.0000     0.0000      0   0.0000     0.0000      0
    6   2   0.0000     0.0000      0   0.0000     0.0000      0
    6   3   0.0000     0.0000      0   0.0000     0.0000      0
    6   4   0.0000     0.0000      0   0.0000     0.0000      0
    6   5   0.0000     0.0000      0   0.0000     0.0000      0
    6   6   0.0000     0.0000      0   0.0000     0.0000      0
    6   7   0.0000     0.0000      0   0.0000     0.0000      0
    7   1   0.0000     0.0000      0   0.0000     0.0000      0
    7   2   0.0000     0.0000      0   0.0000     0.0000      0
    7   3   0.0000     0.0000      0   0.0000     0.0000      0
    7   4   0.0000     0.0000      0   0.0000     0.0000      0
    7   5   0.0000     0.0000      0   0.0000     0.0000      0
    7   6   0.0000     0.0000      0   0.0000     0.0000      0
    7   7   0.0000     0.0000      0   0.0000     0.0000      0
    8   1   0.0000     0.0000      0   0.0000     0.0000      0
    8   2   0.0000     0.0000      0   0.0000     0.0000      0
    8   3   0.0000     0.0000      0   0.0000     0.0000      0
    8   4   0.0000     0.0000      0   0.0000     0.0000      0
    8   5   0.0000     0.0000      0   0.0000     0.0000      0
    8   6   0.0000     0.0000      0   0.0000     0.0000      0
    8   7   0.0000     0.0000      0   0.0000     0.0000      0
--------------------------------------------------------------------------------------------------------------------
Scene  PG      WNS        TNS    NSV      WHV        THV    NHV  MaxTrnV  MaxCapV    Leakage
    1   *   0.0000     0.0000      0   0.0000     0.0000      0        0        0          -
    2   *   0.0000     0.0000      0   0.0000     0.0000      0        0        0          -
    3   *   0.0000     0.0000      0   0.0000     0.0000      0        0        1          -
    4   *   0.0000     0.0000      0   0.0000     0.0000      0        0        0          -
    5   *   0.0000     0.0000      0   0.0000     0.0000      0        0        0          -
    6   *   0.0000     0.0000      0   0.0000     0.0000      0        0        0          -
    7   *   0.0000     0.0000      0   0.0000     0.0000      0        0        1          -
    8   *   0.0000     0.0000      0   0.0000     0.0000      0        0        0          -
--------------------------------------------------------------------------------------------------------------------
Scene  PG      WNS        TNS    NSV      WHV        THV    NHV  MaxTrnV  MaxCapV    Leakage         Area    InstCnt
    *   *   0.0000     0.0000      0   0.0000     0.0000      0        0        1          -     16016.86      24705
--------------------------------------------------------------------------------------------------------------------

Route-opt initial QoR Summary       WNS        TNS    NSV      WHV        THV    NHV  MaxTrnV  MaxCapV    Leakage         Area    InstCnt
Route-opt initial QoR Summary    0.0000     0.0000      0   0.0000     0.0000      0        0        1          -     16016.86      24705
Information: The netlist and extraction change observers are disabled for further incremental timing updates during on-route optimization. (TIM-119)
INFO: using 12 threads
Warning: Technology layer 'M4' setting 'pitch' is not valid (NEX-001)
Warning: Technology layer 'MRDL' setting 'pitch' is not valid (NEX-001)
Warning: Parasitic Tech Library layer 'M1' parameter 'SMIN' = 0.040 does not match 0.026 of technology file (NEX-007)
Warning: Parasitic Tech Library layer 'M2' parameter 'SMIN' = 0.040 does not match 0.026 of technology file (NEX-007)
Warning: Parasitic Tech Library layer 'M3' parameter 'SMIN' = 0.040 does not match 0.026 of technology file (NEX-007)
Warning: Parasitic Tech Library layer 'M1' parameter 'SMIN' = 0.040 does not match 0.026 of technology file (NEX-007)
Warning: Parasitic Tech Library layer 'M2' parameter 'SMIN' = 0.040 does not match 0.026 of technology file (NEX-007)
Warning: Parasitic Tech Library layer 'M3' parameter 'SMIN' = 0.040 does not match 0.026 of technology file (NEX-007)
Warning: Parasitic Tech Library layer 'M8' parameter 'WMIN' = 0.030 does not match 0.060 of technology file (NEX-007)
Warning: Parasitic Tech Library layer 'M8' parameter 'SMIN' = 0.060 does not match 0.040 of technology file (NEX-007)
Route-opt initialization complete         CPU:    77 s (  0.02 hr )  ELAPSE:    42 s (  0.01 hr )  MEM-PEAK:   756 MB
Use advanced legalizer engine : 0
Warning: Library cell saed14rvt:SAEDRVT14_ISOFSDPQ_PECO_8.frame is missing supply pins. Its power structure cannot be determined. (LGL-050)
Warning: Library cell saed14rvt:SAEDRVT14_DCAP_PV1ECO_12.frame is missing supply pins. Its power structure cannot be determined. (LGL-050)
Route-opt optimization summary            SETUP-COST HOLD-COST LDRC-COST        AREA       POWER     ELAPSE (hr)
Warning: Some nets are not fully connected before route_opt. Some examples of open nets are listed below. (ROPT-004)
  optlc_net_26
  scan_cg_en_i
  boot_addr_i[31]
  boot_addr_i[30]
  boot_addr_i[29]
  boot_addr_i[28]
  boot_addr_i[27]
  boot_addr_i[26]
  boot_addr_i[25]
  boot_addr_i[24]
Warning: Many nets are not fully detailed routed. Some examples are listed below. (ROPT-006)
  optlc_net_26
  scan_cg_en_i
  boot_addr_i[31]
  boot_addr_i[30]
  boot_addr_i[29]
  boot_addr_i[28]
  boot_addr_i[27]
  boot_addr_i[26]
  boot_addr_i[25]
  boot_addr_i[24]
Timing-driven drc fixing is enabled, post-route clock optimization is skipped.

Route-opt optimization Phase 1 Iter  1          0.00      0.00         0       0.016           -           0.012
Begin building search trees for block cv32e40p_top:SCRATCH_DESIGN_2147483650.design
Begin building search trees for block cv32e40p_top:SCRATCH_DESIGN_2147483651.design
Begin building search trees for block cv32e40p_top:SCRATCH_DESIGN_2147483654.design
Done building search trees for block cv32e40p_top:SCRATCH_DESIGN_2147483650.design (time 0s)
Done building search trees for block cv32e40p_top:SCRATCH_DESIGN_2147483651.design (time 0s)
Done building search trees for block cv32e40p_top:SCRATCH_DESIGN_2147483654.design (time 0s)
Begin building search trees for block cv32e40p_top:SCRATCH_DESIGN_2147483652.design
Begin building search trees for block cv32e40p_top:SCRATCH_DESIGN_2147483655.design
Done building search trees for block cv32e40p_top:SCRATCH_DESIGN_2147483652.design (time 0s)
Done building search trees for block cv32e40p_top:SCRATCH_DESIGN_2147483655.design (time 0s)
Begin building search trees for block cv32e40p_top:SCRATCH_DESIGN_2147483649.design
Done building search trees for block cv32e40p_top:SCRATCH_DESIGN_2147483649.design (time 0s)
Begin building search trees for block cv32e40p_top:SCRATCH_DESIGN_2147483648.design
Done building search trees for block cv32e40p_top:SCRATCH_DESIGN_2147483648.design (time 0s)
Begin building search trees for block cv32e40p_top:SCRATCH_DESIGN_2147483653.design
Done building search trees for block cv32e40p_top:SCRATCH_DESIGN_2147483653.design (time 0s)
Begin building search trees for block cv32e40p_top:SCRATCH_DESIGN_2147483656.design
Done building search trees for block cv32e40p_top:SCRATCH_DESIGN_2147483656.design (time 0s)
Begin building search trees for block cv32e40p_top:SCRATCH_DESIGN_2147483659.design
Done building search trees for block cv32e40p_top:SCRATCH_DESIGN_2147483659.design (time 0s)
Begin building search trees for block cv32e40p_top:SCRATCH_DESIGN_2147483657.design
Begin building search trees for block cv32e40p_top:SCRATCH_DESIGN_2147483658.design
Done building search trees for block cv32e40p_top:SCRATCH_DESIGN_2147483658.design (time 0s)
Done building search trees for block cv32e40p_top:SCRATCH_DESIGN_2147483657.design (time 0s)

Route-opt optimization Phase 2 Iter  1          0.00      0.00         0       0.016           -           0.014
Begin building search trees for block cv32e40p_top:SCRATCH_DESIGN_2147483648.design
Done building search trees for block cv32e40p_top:SCRATCH_DESIGN_2147483648.design (time 0s)

Route-opt optimization Phase 3 Iter  1          0.00      0.00         0       0.016           -           0.014
Route-opt optimization Phase 3 Iter  2          0.00      0.00         0       0.016           -           0.014
Route-opt optimization Phase 3 Iter  3          0.00      0.00         0       0.016           -           0.014
Route-opt optimization Phase 3 Iter  4          0.00      0.00         0       0.016           -           0.014
Route-opt optimization Phase 3 Iter  5          0.00      0.00         0       0.016           -           0.014
Route-opt optimization Phase 3 Iter  6          0.00      0.00         0       0.016           -           0.014
Route-opt optimization Phase 3 Iter  7          0.00      0.00         0       0.016           -           0.014

Route-opt optimization Phase 4 Iter  1          0.00      0.00         0       0.016           -           0.014
Route-opt optimization Phase 4 Iter  2          0.00      0.00         0       0.016           -           0.014

Route-opt optimization Phase 5 Iter  1          0.00      0.00         0       0.016           -           0.014
Turn off scenario: func_fast_Cmax
Scenario func_fast_Cmax (mode func corner fast_Cmax) is configured for setup/hold/max_transition/max_capacitance/min_capacitance, but is inactive.
Turn off scenario: func_fast_Cmin
Scenario func_fast_Cmin (mode func corner fast_Cmin) is configured for setup/hold/max_transition/max_capacitance/min_capacitance, but is inactive.
Turn off scenario: func_slow_Cmax
Scenario func_slow_Cmax (mode func corner slow_Cmax) is configured for setup/hold/max_transition/max_capacitance/min_capacitance, but is inactive.
Turn off scenario: func_slow_Cmin
Scenario func_slow_Cmin (mode func corner slow_Cmin) is configured for setup/hold/max_transition/max_capacitance/min_capacitance, but is inactive.
Turn off scenario: test_fast_Cmax
Scenario test_fast_Cmax (mode test corner fast_Cmax) is configured for setup/hold/max_transition/max_capacitance/min_capacitance, but is inactive.
Turn off scenario: test_fast_Cmin
Scenario test_fast_Cmin (mode test corner fast_Cmin) is configured for setup/hold/max_transition/max_capacitance/min_capacitance, but is inactive.
Turn off scenario: test_slow_Cmax
Scenario test_slow_Cmax (mode test corner slow_Cmax) is configured for setup/hold/max_transition/max_capacitance/min_capacitance, but is inactive.
Turn off scenario: test_slow_Cmin
Scenario test_slow_Cmin (mode test corner slow_Cmin) is configured for setup/hold/max_transition/max_capacitance/min_capacitance, but is inactive.
Turn on scenario: func_fast_Cmax
Scenario func_fast_Cmax (mode func corner fast_Cmax) is active for setup/hold/max_transition/max_capacitance/min_capacitance analysis.
Information: CTS will work on the following scenarios. (CTS-101)
   func_fast_Cmax	(Mode: func; Corner: fast_Cmax)
Information: CTS will work on all clocks in active scenarios, including 2 master clocks and 0 generated clocks. (CTS-107)
Information: Clock derating is enabled

CTS related app options set by user:
   cts.common.user_instance_name_prefix = CTS_

Buffer/Inverter reference list for clock tree synthesis:
   saed14rvt/SAEDRVT14_BUF_10
   saed14rvt/SAEDRVT14_BUF_12
   saed14rvt/SAEDRVT14_BUF_16
   saed14rvt/SAEDRVT14_BUF_20
   saed14rvt/SAEDRVT14_BUF_2
   saed14rvt/SAEDRVT14_BUF_3
   saed14rvt/SAEDRVT14_BUF_4
   saed14rvt/SAEDRVT14_BUF_6
   saed14rvt/SAEDRVT14_BUF_8
   saed14rvt/SAEDRVT14_BUF_CDC_2
   saed14rvt/SAEDRVT14_BUF_CDC_4
   saed14rvt/SAEDRVT14_BUF_S_10
   saed14rvt/SAEDRVT14_BUF_S_12
   saed14rvt/SAEDRVT14_BUF_S_16
   saed14rvt/SAEDRVT14_BUF_S_20
   saed14rvt/SAEDRVT14_BUF_S_2
   saed14rvt/SAEDRVT14_BUF_S_6
   saed14rvt/SAEDRVT14_BUF_S_8
   saed14rvt/SAEDRVT14_DEL_L4D100_2
   saed14rvt/SAEDRVT14_DEL_R2V1_2
   saed14rvt/SAEDRVT14_DEL_R2V2_2
   saed14rvt/SAEDRVT14_DEL_R2V3_2
   saed14rvt/SAEDRVT14_BUF_PECO_12
   saed14rvt/SAEDRVT14_BUF_PECO_2
   saed14rvt/SAEDRVT14_BUF_PECO_4
   saed14rvt/SAEDRVT14_BUF_PECO_8
   saed14rvt/SAEDRVT14_BUF_PS_3
   saed14rvt/SAEDRVT14_BUF_PS_6
   saed14rvt/SAEDRVT14_AOBUF_IW_3
   saed14rvt/SAEDRVT14_AOBUF_IW_6
   saed14rvt/SAEDRVT14_INV_S_2
   saed14rvt/SAEDRVT14_INV_S_3
   saed14rvt/SAEDRVT14_INV_S_4
   saed14rvt/SAEDRVT14_INV_S_5
   saed14rvt/SAEDRVT14_INV_S_6
   saed14rvt/SAEDRVT14_INV_S_7
   saed14rvt/SAEDRVT14_INV_S_8

ICG reference list:
   saed14rvt/SAEDRVT14_CKGTNLT_V5_12
   saed14rvt/SAEDRVT14_CKGTNLT_V5_2
   saed14rvt/SAEDRVT14_CKGTNLT_V5_3
   saed14rvt/SAEDRVT14_CKGTNLT_V5_4
   saed14rvt/SAEDRVT14_CKGTNLT_V5_5
   saed14rvt/SAEDRVT14_CKGTNLT_V5_6
   saed14rvt/SAEDRVT14_CKGTNLT_V5_8
   saed14rvt/SAEDRVT14_CKGTPLT_V5_12
   saed14rvt/SAEDRVT14_CKGTPLT_V5_16
   saed14rvt/SAEDRVT14_CKGTPLT_V5_20
   saed14rvt/SAEDRVT14_CKGTPLT_V5_24
   saed14rvt/SAEDRVT14_CKGTPLT_V5_2
   saed14rvt/SAEDRVT14_CKGTPLT_V5_3
   saed14rvt/SAEDRVT14_CKGTPLT_V5_4
   saed14rvt/SAEDRVT14_CKGTPLT_V5_5
   saed14rvt/SAEDRVT14_CKGTPLT_V5_6
   saed14rvt/SAEDRVT14_CKGTPLT_V5_8
   saed14rvt/SAEDRVT14_CKGTPL_V5_2
   saed14rvt/SAEDRVT14_CKGTPL_V5_4
   saed14rvt/SAEDRVT14_CKINVGTPLT_V7_2
   saed14rvt/SAEDRVT14_CKINVGTPLT_V7_3
   saed14rvt/SAEDRVT14_CKINVGTPLT_V7_4
   saed14rvt/SAEDRVT14_CKINVGTPLT_V7_5
   saed14rvt/SAEDRVT14_CKINVGTPLT_V7_6
   saed14rvt/SAEDRVT14_CKINVGTPLT_V7_8


register reference list:
   saed14rvt/SAEDRVT14_FDNQ_V2_8
   saed14rvt/SAEDRVT14_FDNQ_V3_2
   saed14rvt/SAEDRVT14_FDNQ_V3_4
   saed14rvt/SAEDRVT14_FDN_V2_2
   saed14rvt/SAEDRVT14_FDN_V2_4
   saed14rvt/SAEDRVT14_FDPCBQ_V2_2
   saed14rvt/SAEDRVT14_FDPCBQ_V2_4
   saed14rvt/SAEDRVT14_FDPCBQ_V2LP_2
   saed14rvt/SAEDRVT14_FDPCBQ_V3_2
   saed14rvt/SAEDRVT14_FDPCBQ_V3_4
   saed14rvt/SAEDRVT14_FDPMQ_2
   saed14rvt/SAEDRVT14_FDPMQ_4
   saed14rvt/SAEDRVT14_FSDPQ_V3_4
   saed14rvt/SAEDRVT14_FDPQB_V2_2
   saed14rvt/SAEDRVT14_FDPQB_V2_4
   saed14rvt/SAEDRVT14_FDPQB_V2_8
   saed14rvt/SAEDRVT14_FDPQB_V2LP_2
   saed14rvt/SAEDRVT14_FDPQB_V3_2
   saed14rvt/SAEDRVT14_FDPQB_V3_4
   saed14rvt/SAEDRVT14_FDPQB_V3_8
   saed14rvt/SAEDRVT14_FDPQ_V2_6
   saed14rvt/SAEDRVT14_FDPQ_V2_8
   saed14rvt/SAEDRVT14_FDPQ_V3_2
   saed14rvt/SAEDRVT14_FDPQ_V3_4
   saed14rvt/SAEDRVT14_FDPSQB_2
   saed14rvt/SAEDRVT14_FDPS_V3_2
   saed14rvt/SAEDRVT14_FDPSYNSBQ_V2_2
   saed14rvt/SAEDRVT14_FDPSYNSBQ_V2_4
   saed14rvt/SAEDRVT14_FDP_V2_2
   saed14rvt/SAEDRVT14_FDP_V2_4
   saed14rvt/SAEDRVT14_FDP_V2LP_2
   saed14rvt/SAEDRVT14_LDCKNR2PQ_5
   saed14rvt/SAEDRVT14_LDND2NQ_2
   saed14rvt/SAEDRVT14_LDND2NQ_4
   saed14rvt/SAEDRVT14_LDNQ_2
   saed14rvt/SAEDRVT14_LDNQ_3
   saed14rvt/SAEDRVT14_LDNQ_4
   saed14rvt/SAEDRVT14_LDNQ_5
   saed14rvt/SAEDRVT14_LDNQ_6
   saed14rvt/SAEDRVT14_LDNQ_8
   saed14rvt/SAEDRVT14_LDNQ_V1_2
   saed14rvt/SAEDRVT14_LDNQ_V1_4
   saed14rvt/SAEDRVT14_LDNQOR2_2
   saed14rvt/SAEDRVT14_LDNQOR2_4
   saed14rvt/SAEDRVT14_LDNR2PQ_2
   saed14rvt/SAEDRVT14_LDNR2PQ_4
   saed14rvt/SAEDRVT14_LDNRBQ_V2_2
   saed14rvt/SAEDRVT14_LDNRBQ_V2_4
   saed14rvt/SAEDRVT14_LDOR2PQ_2
   saed14rvt/SAEDRVT14_LDOR2PQ_4
   saed14rvt/SAEDRVT14_LDPQ_2
   saed14rvt/SAEDRVT14_LDPQ_3
   saed14rvt/SAEDRVT14_LDPQ_4
   saed14rvt/SAEDRVT14_LDPQ_5
   saed14rvt/SAEDRVT14_LDPQ_6
   saed14rvt/SAEDRVT14_LDPQ_8
   saed14rvt/SAEDRVT14_LDPQ_V1_2
   saed14rvt/SAEDRVT14_LDPQ_V1_4
   saed14rvt/SAEDRVT14_LDPSBQ_V2_2
   saed14rvt/SAEDRVT14_LDPSBQ_V2_4
   saed14rvt/SAEDRVT14_FSDNQ_V3_2
   saed14rvt/SAEDRVT14_FSDNQ_V3_4
   saed14rvt/SAEDRVT14_FSDN_V2_2
   saed14rvt/SAEDRVT14_FSDN_V2_4
   saed14rvt/SAEDRVT14_FSDPMQ_2
   saed14rvt/SAEDRVT14_FSDPMQ_4
   saed14rvt/SAEDRVT14_FSDPMQ_LP_2
   saed14rvt/SAEDRVT14_FSDPQB_V2_2
   saed14rvt/SAEDRVT14_FSDPQB_V2_4
   saed14rvt/SAEDRVT14_FSDPQB_V2_8
   saed14rvt/SAEDRVT14_FSDPQB_V3_2
   saed14rvt/SAEDRVT14_FSDPQB_V3_4
   saed14rvt/SAEDRVT14_FSDPQB_V2LP_2
   saed14rvt/SAEDRVT14_FSDPQB_V3_8
   saed14rvt/SAEDRVT14_FSDPQ_V2_2
   saed14rvt/SAEDRVT14_FSDPQ_V2_4
   saed14rvt/SAEDRVT14_FSDPQ_V2LP_2
   saed14rvt/SAEDRVT14_FSDPQ_V3_2
   saed14rvt/SAEDRVT14_FSDPRBQ_V2_2
   saed14rvt/SAEDRVT14_FSDPRBQ_V2LP_2
   saed14rvt/SAEDRVT14_FSDPRBQ_V3_2
   saed14rvt/SAEDRVT14_FSDPRBQ_V3_4
   saed14rvt/SAEDRVT14_FSDPSBQ_V2_2
   saed14rvt/SAEDRVT14_FSDPSBQ_V2LP_2
   saed14rvt/SAEDRVT14_FSDPSBQ_V2_4
   saed14rvt/SAEDRVT14_FSDPSYNRBQ_V2_2
   saed14rvt/SAEDRVT14_FSDPSYNRBQ_V2_4
   saed14rvt/SAEDRVT14_FSDPSYNRBQ_V2LP_2
   saed14rvt/SAEDRVT14_FSDPSYNRBQ_V3_2
   saed14rvt/SAEDRVT14_FSDPSYNRBQ_V3_4
   saed14rvt/SAEDRVT14_FSDPSYNSBQ_V2_2
   saed14rvt/SAEDRVT14_FSDPSYNSBQ_V2_4
   saed14rvt/SAEDRVT14_FSDPSYNSBQ_V2LP_2
   saed14rvt/SAEDRVT14_FSDP_V2_2
   saed14rvt/SAEDRVT14_FSDP_V2_4
   saed14rvt/SAEDRVT14_FSDP_V2LP_2
   saed14rvt/SAEDRVT14_FSB2BDPRBQ_PV2_2
   saed14rvt/SAEDRVT14_FSB2BDPRBQ_PV2_4
   saed14rvt/SAEDRVT14_FSB2BDPRBQ_PV2_8
   saed14rvt/SAEDRVT14_FSDN2_V2_2
   saed14rvt/SAEDRVT14_FSDN2_V2_4
   saed14rvt/SAEDRVT14_FSDN4_V2_2
   saed14rvt/SAEDRVT14_FSDN4_V2_4
   saed14rvt/SAEDRVT14_LSRDPQ_2
   saed14rvt/SAEDRVT14_LSRDPQ4_2
   saed14rvt/SAEDRVT14_SRLD_3

Warning: Technology layer 'M4' setting 'pitch' is not valid (NEX-001)
Warning: Technology layer 'MRDL' setting 'pitch' is not valid (NEX-001)
Warning: Parasitic Tech Library layer 'M1' parameter 'SMIN' = 0.040 does not match 0.026 of technology file (NEX-007)
Warning: Parasitic Tech Library layer 'M2' parameter 'SMIN' = 0.040 does not match 0.026 of technology file (NEX-007)
Warning: Parasitic Tech Library layer 'M3' parameter 'SMIN' = 0.040 does not match 0.026 of technology file (NEX-007)
Warning: Parasitic Tech Library layer 'M1' parameter 'SMIN' = 0.040 does not match 0.026 of technology file (NEX-007)
Warning: Parasitic Tech Library layer 'M2' parameter 'SMIN' = 0.040 does not match 0.026 of technology file (NEX-007)
Warning: Parasitic Tech Library layer 'M3' parameter 'SMIN' = 0.040 does not match 0.026 of technology file (NEX-007)
Warning: Parasitic Tech Library layer 'M8' parameter 'WMIN' = 0.030 does not match 0.060 of technology file (NEX-007)
Warning: Parasitic Tech Library layer 'M8' parameter 'SMIN' = 0.060 does not match 0.040 of technology file (NEX-007)
Information: 'fast_Cmax' is identified as primary corner for initial clock tree building. (CTS-103)
Number of Site types in the design = 1
Setting up Chip Core
Chip Core shape: (170000 170000) (2739280 2738000)
Number of unique PDs = 1
Number of Power Domains = 1
Number of Voltage Areas = 1
Number of supply Nets = 2
Number of used supplies = 2
CTS NDR rule list:
   Design Base; Net Type: all;      Rule: default rule; Min Layer: M3; Max Layer: M9
   Design Base; Net Type: internal; Rule: clknet_NDR; Min Layer: M3; Max Layer: M9
   Design Base; Net Type: root;     Rule: clknet_NDR; Min Layer: M3; Max Layer: M9

Clock cell spacing rule list:
   No clock cell spacing rule is found.
Warning: Power CCD will be skipped because there is no dynamic power scenario detected !
Scenario func::fast_Cmax : setup = true, hold = true
Begin building search trees for block cv32e40p_top:cv32e40p_top_6_routed.design
Done building search trees for block cv32e40p_top:cv32e40p_top_6_routed.design (time 0s)
Drc Mode Option: auto
Use advanced legalizer engine : 0
Warning: Library cell saed14rvt:SAEDRVT14_ISOFSDPQ_PECO_8.frame is missing supply pins. Its power structure cannot be determined. (LGL-050)
Warning: Library cell saed14rvt:SAEDRVT14_DCAP_PV1ECO_12.frame is missing supply pins. Its power structure cannot be determined. (LGL-050)
Warning: Routing direction of metal layer PO is neither "horizontal" nor "vertical".  PDC checks will not be performed on this layer. (PDC-003)
PDC app_options settings =========
	place.legalize.enable_prerouted_net_check: 1
	place.legalize.num_tracks_for_access_check: 1
	place.legalize.use_eol_spacing_for_access_check: 0
	place.legalize.allow_touch_track_for_access_check: 1
	place.legalize.reduce_conservatism_in_eol_check: 0
	place.legalize.preroute_shape_merge_distance: 0.0
	place.legalize.enable_non_preferred_direction_span_check: 0

Layer M1: cached 0 shapes out of 429 total shapes.
Layer M2: cached 0 shapes out of 305 total shapes.
Layer M3: cached 0 shapes out of 5500 total shapes.
Cached 6435 vias out of 19412 total vias.
Information: Legalizer's PDC rule check is enabled
Information: Legalizer's advanced rule check is enabled
CCD initialization runtime: cpu 10.510659, elapsed 5.410838, speed up 1.942520.

CCD app options set by user:
   clock_opt.flow.enable_ccd = true
CCD: using 12 threads
CTSSC route status detected: clock (VR 0, GR 0, DR 9127), data (VR 26910, GR 0, DR 0); stage = postroute, isPostRoute = TRUE
Total power = 0.000000, Leakage = 0.000000, Internal = 0.000000, Switching = 0.000000
Warning: Technology layer 'M4' setting 'pitch' is not valid (NEX-001)
Warning: Technology layer 'MRDL' setting 'pitch' is not valid (NEX-001)
Warning: Parasitic Tech Library layer 'M1' parameter 'SMIN' = 0.040 does not match 0.026 of technology file (NEX-007)
Warning: Parasitic Tech Library layer 'M2' parameter 'SMIN' = 0.040 does not match 0.026 of technology file (NEX-007)
Warning: Parasitic Tech Library layer 'M3' parameter 'SMIN' = 0.040 does not match 0.026 of technology file (NEX-007)
Warning: Parasitic Tech Library layer 'M1' parameter 'SMIN' = 0.040 does not match 0.026 of technology file (NEX-007)
Warning: Parasitic Tech Library layer 'M2' parameter 'SMIN' = 0.040 does not match 0.026 of technology file (NEX-007)
Warning: Parasitic Tech Library layer 'M3' parameter 'SMIN' = 0.040 does not match 0.026 of technology file (NEX-007)
Warning: Parasitic Tech Library layer 'M8' parameter 'WMIN' = 0.030 does not match 0.060 of technology file (NEX-007)
Warning: Parasitic Tech Library layer 'M8' parameter 'SMIN' = 0.060 does not match 0.040 of technology file (NEX-007)

CCD: Initial QOR:
    Scenario func_fast_Cmax  WNS = 0.000000, WEIGHTED_GROUP_SLACK = 0.000000, TNS = 0.000000, NVP = 0
    Scenario func_fast_Cmax  WNHS = 0.000000, TNHS = 0.000000, NHVP = 0
RepeaterCount 99, RepeaterArea 37.429200, CellCount 100, CellArea 38.317200, FlopCount 2258, FlopArea 3009.476400, LatchCount 0, LatchArea 0.000000
Total power = 0.000000, Leakage = 0.000000, Internal = 0.000000, Switching = 0.000000

CCD: Before drc optimization


    Optimization Summary 		

-------------------------------------------------

	# Drivers Attempted               =          0
	# Skipped during isValid and estimate          =          0
	# Failed subgraph evaluation           =          0
	# Failed main graph committ          =          0
	# Successful main graph commit      =          0
	# NumCTCells changed               =          0


	# Flow total CPU                  =     0.1167
	# Flow total elapsed                  =     0.1167
	# Flow total speed up                =     1.0002

-------------------------------------------------


CCD: After drc optimization:
    Scenario func_fast_Cmax  WNS = 0.000000, WEIGHTED_GROUP_SLACK = 0.000000, TNS = 0.000000, NVP = 0
    Scenario func_fast_Cmax  WNHS = 0.000000, TNHS = 0.000000, NHVP = 0
RepeaterCount 99, RepeaterArea 37.429200, CellCount 100, CellArea 38.317200, FlopCount 2258, FlopArea 3009.476400, LatchCount 0, LatchArea 0.000000
Total power = 0.000000, Leakage = 0.000000, Internal = 0.000000, Switching = 0.000000


    Optimization Summary 		

-------------------------------------------------

	# Drivers Attempted               =          0
	# Skipped during isValid and estimate          =          0
	# Failed subgraph evaluation           =          0
	# Failed main graph committ          =          0
	# Successful main graph commit      =          0
	# NumCTCells changed               =          0


	# Flow total CPU                  =     0.9772
	# Flow total elapsed                  =     0.5104
	# Flow total speed up                =     1.9144

-------------------------------------------------


CCD: After CG based optimization:
    Scenario func_fast_Cmax  WNS = 0.000000, WEIGHTED_GROUP_SLACK = 0.000000, TNS = 0.000000, NVP = 0
    Scenario func_fast_Cmax  WNHS = 0.000000, TNHS = 0.000000, NHVP = 0
RepeaterCount 99, RepeaterArea 37.429200, CellCount 100, CellArea 38.317200, FlopCount 2258, FlopArea 3009.476400, LatchCount 0, LatchArea 0.000000
Total power = 0.000000, Leakage = 0.000000, Internal = 0.000000, Switching = 0.000000

    Optimization Summary 		

-------------------------------------------------

	# Drivers Attempted               =          0
	# Skipped during isValid and estimate          =          0
	# Failed subgraph evaluation           =          0
	# Failed main graph committ          =          0
	# Successful main graph commit      =          0
	# NumCTCells changed               =          0


	# Flow total CPU                  =     0.0605
	# Flow total elapsed                  =     0.0604
	# Flow total speed up                =     1.0002

-------------------------------------------------


CCD: After WNS optimization (wns opto):
    Scenario func_fast_Cmax  WNS = 0.000000, WEIGHTED_GROUP_SLACK = 0.000000, TNS = 0.000000, NVP = 0
    Scenario func_fast_Cmax  WNHS = 0.000000, TNHS = 0.000000, NHVP = 0
RepeaterCount 99, RepeaterArea 37.429200, CellCount 100, CellArea 38.317200, FlopCount 2258, FlopArea 3009.476400, LatchCount 0, LatchArea 0.000000
Total power = 0.000000, Leakage = 0.000000, Internal = 0.000000, Switching = 0.000000
 CCD flow runtime: cpu 2.062286, elapsed 1.588164, speed up 1.298535.
Mark clock trees...
Marking clock synthesized attributes

Turn on scenario: func_fast_Cmin
Scenario func_fast_Cmin (mode func corner fast_Cmin) is active for setup/hold/max_transition/max_capacitance/min_capacitance analysis.
Turn on scenario: func_slow_Cmax
Scenario func_slow_Cmax (mode func corner slow_Cmax) is active for setup/hold/max_transition/max_capacitance/min_capacitance analysis.
Turn on scenario: func_slow_Cmin
Scenario func_slow_Cmin (mode func corner slow_Cmin) is active for setup/hold/max_transition/max_capacitance/min_capacitance analysis.
Turn on scenario: test_fast_Cmax
Scenario test_fast_Cmax (mode test corner fast_Cmax) is active for setup/hold/max_transition/max_capacitance/min_capacitance analysis.
Turn on scenario: test_fast_Cmin
Scenario test_fast_Cmin (mode test corner fast_Cmin) is active for setup/hold/max_transition/max_capacitance/min_capacitance analysis.
Turn on scenario: test_slow_Cmax
Scenario test_slow_Cmax (mode test corner slow_Cmax) is active for setup/hold/max_transition/max_capacitance/min_capacitance analysis.
Turn on scenario: test_slow_Cmin
Scenario test_slow_Cmin (mode test corner slow_Cmin) is active for setup/hold/max_transition/max_capacitance/min_capacitance analysis.
Rebuilding Cell-Density Map
Use advanced legalizer engine : 0
Warning: Library cell saed14rvt:SAEDRVT14_ISOFSDPQ_PECO_8.frame is missing supply pins. Its power structure cannot be determined. (LGL-050)
Warning: Library cell saed14rvt:SAEDRVT14_DCAP_PV1ECO_12.frame is missing supply pins. Its power structure cannot be determined. (LGL-050)

Route-opt optimization Phase 6 Iter  1          0.00      0.00         0       0.016           -           0.019
Begin building search trees for block cv32e40p_top:SCRATCH_DESIGN_2147483648.design
Done building search trees for block cv32e40p_top:SCRATCH_DESIGN_2147483648.design (time 0s)
Begin building search trees for block cv32e40p_top:SCRATCH_DESIGN_2147483649.design
Done building search trees for block cv32e40p_top:SCRATCH_DESIGN_2147483649.design (time 0s)
Begin building search trees for block cv32e40p_top:SCRATCH_DESIGN_2147483650.design
Done building search trees for block cv32e40p_top:SCRATCH_DESIGN_2147483650.design (time 0s)
Begin building search trees for block cv32e40p_top:SCRATCH_DESIGN_2147483651.design
Done building search trees for block cv32e40p_top:SCRATCH_DESIGN_2147483651.design (time 0s)
Begin building search trees for block cv32e40p_top:SCRATCH_DESIGN_2147483652.design
Done building search trees for block cv32e40p_top:SCRATCH_DESIGN_2147483652.design (time 0s)
Begin building search trees for block cv32e40p_top:SCRATCH_DESIGN_2147483653.design
Done building search trees for block cv32e40p_top:SCRATCH_DESIGN_2147483653.design (time 0s)

Route-opt optimization Phase 7 Iter  1          0.00      0.00         0       0.016           -           0.023
Route-opt optimization Phase 7 Iter  2          0.00      0.00         0       0.016           -           0.023

Route-opt optimization complete                 0.00      0.00         0       0.016           -           0.023
Information: Serialized np data
INFO: timer data saved to /tmp/cv32e40p_top_6_routed_102736_220375040.timdat

Route-opt route preserve complete         CPU:   245 s (  0.07 hr )  ELAPSE:    87 s (  0.02 hr )  MEM-PEAK:   863 MB
Information: The netlist and extraction change observers are enabled for further incremental timing updates. (TIM-120)
----------------------------------------------------------------
running legalize_placement
nplDplc2Placer::setParam(effort,1)
nplDplc2Placer::setParam(debug,0)
nplDplc2Placer::setParam(site_check,2)
nplDplc2Placer::setParam(app_firm_wgt,0)
Warning: Routing direction of metal layer PO is neither "horizontal" nor "vertical".  PDC checks will not be performed on this layer. (PDC-003)
PDC app_options settings =========
	place.legalize.enable_prerouted_net_check: 1
	place.legalize.num_tracks_for_access_check: 1
	place.legalize.use_eol_spacing_for_access_check: 0
	place.legalize.allow_touch_track_for_access_check: 1
	place.legalize.reduce_conservatism_in_eol_check: 0
	place.legalize.preroute_shape_merge_distance: 0.0
	place.legalize.enable_non_preferred_direction_span_check: 0

Layer M1: cached 0 shapes out of 429 total shapes.
Layer M2: cached 0 shapes out of 305 total shapes.
Layer M3: cached 0 shapes out of 5500 total shapes.
Cached 6435 vias out of 19412 total vias.

Legalizing Top Level Design cv32e40p_top ... 
Warning: Library cell saed14rvt:SAEDRVT14_ISOFSDPQ_PECO_8.frame is missing supply pins. Its power structure cannot be determined. (LGL-050)
Warning: Library cell saed14rvt:SAEDRVT14_DCAP_PV1ECO_12.frame is missing supply pins. Its power structure cannot be determined. (LGL-050)
Warning: Routing direction of metal layer PO is neither "horizontal" nor "vertical".  PDC checks will not be performed on this layer. (PDC-003)
=====> Processed 99 ref cells (25 fillers) from library

Bounds/Regions In This Design:
        Area    Num Cells  Exclusive Name
 (square um)
     65979.1        28561        Yes DEFAULT_VA

Warning: max_legality_failures=5000 ignored.
	To use it, set limit_legality_checks to true.
Warning: max_legality_check_range=500 ignored.
	To use it, set limit_legality_checks to true.
Optimizing attract points
    Done attract points (1 sec)
Starting legalizer.
Warning: Exclusive bound 'DEFAULT' has no cells.
Optimizing Exclusive Bound 'DEFAULT_VA' (2/2)
    Done Exclusive Bound 'DEFAULT_VA' (2/2) (1 sec)
Legalization complete (4 total sec)

****************************************
  Report : Placement Attempts
  Site   : unit
****************************************

number of cells:                  28561
number of references:                99
number of site rows:                428
number of locations attempted:   277789
number of locations failed:           3  (0.0%)

Legality of references at locations:
1 references had failures.

Worst 1 references by total failures:
 CELLS       UNFLIPPED                       FLIPPED                REFERENCE NAME
         ATTEMPTS  FAILURES            ATTEMPTS  FAILURES           
     9         72         0 (  0.0%)         40         3 (  7.5%)  SAEDRVT14_OA211_2

Worst 1 references by failure rate:
 CELLS       UNFLIPPED                       FLIPPED                REFERENCE NAME
         ATTEMPTS  FAILURES            ATTEMPTS  FAILURES           
     9         72         0 (  0.0%)         40         3 (  7.5%)  SAEDRVT14_OA211_2

Legality of references in rows:
0 references had row failures.

****************************************
  Report : Cell Displacements
****************************************

number of cells aggregated:       24540 (356994 total sites)
avg row height over cells:        0.600 um
rms cell displacement:            0.000 um ( 0.00 row height)
rms weighted cell displacement:   0.000 um ( 0.00 row height)
max cell displacement:            0.000 um ( 0.00 row height)
avg cell displacement:            0.000 um ( 0.00 row height)
avg weighted cell displacement:   0.000 um ( 0.00 row height)
number of cells moved:                0
number of large displacements:        0
large displacement threshold:     3.000 row height

Displacements of worst 10 cells:
Cell: core_i/id_stage_i/add_576/U1_22 (SAEDRVT14_ADDF_V2_2)
  Input location: (175.952,151.4)
  Legal location: (175.952,151.4)
  Displacement:   0.000 um ( 0.00 row height)
Cell: core_i/id_stage_i/add_576/U1_23 (SAEDRVT14_ADDF_V2_2)
  Input location: (176.766,153.8)
  Legal location: (176.766,153.8)
  Displacement:   0.000 um ( 0.00 row height)
Cell: core_i/id_stage_i/add_576/U1_24 (SAEDRVT14_ADDF_V2_2)
  Input location: (176.396,156.2)
  Legal location: (176.396,156.2)
  Displacement:   0.000 um ( 0.00 row height)
Cell: core_i/id_stage_i/add_576/U1_25 (SAEDRVT14_ADDF_V2_2)
  Input location: (176.544,158.6)
  Legal location: (176.544,158.6)
  Displacement:   0.000 um ( 0.00 row height)
Cell: core_i/id_stage_i/add_576/U1_30 (SAEDRVT14_ADDF_V2_2)
  Input location: (173.954,155.6)
  Legal location: (173.954,155.6)
  Displacement:   0.000 um ( 0.00 row height)
Cell: core_i/id_stage_i/add_576/U1_26 (SAEDRVT14_ADDF_V2_2)
  Input location: (176.248,161)
  Legal location: (176.248,161)
  Displacement:   0.000 um ( 0.00 row height)
Cell: core_i/id_stage_i/add_576/U1_27 (SAEDRVT14_ADDF_V2_2)
  Input location: (174.25,162.8)
  Legal location: (174.25,162.8)
  Displacement:   0.000 um ( 0.00 row height)
Cell: core_i/id_stage_i/add_576/U1_28 (SAEDRVT14_ADDF_V2_2)
  Input location: (173.954,160.4)
  Legal location: (173.954,160.4)
  Displacement:   0.000 um ( 0.00 row height)
Cell: core_i/id_stage_i/add_576/U1_29 (SAEDRVT14_ADDF_V2_2)
  Input location: (174.176,158)
  Legal location: (174.176,158)
  Displacement:   0.000 um ( 0.00 row height)
Cell: core_i/id_stage_i/add_576/U1_21 (SAEDRVT14_ADDF_V2_2)
  Input location: (178.32,152)
  Legal location: (178.32,152)
  Displacement:   0.000 um ( 0.00 row height)

Legalization succeeded.
Total Legalizer CPU: 8.796
----------------------------------------------------------------

Route-opt legalization complete           CPU:   254 s (  0.07 hr )  ELAPSE:    96 s (  0.03 hr )  MEM-PEAK:   863 MB
Warning: Cell contains tie connections which are not connected to real PG. (ZRT-511)
Turn off antenna since no rule is specified
Cell Min-Routing-Layer = M1
Cell Max-Routing-Layer = M9
Warning: There is no constraint to limit maximum number of secondary power and ground (PG) pins in a cluster. (ZRT-536)
Warning: There is no constraint to limit maximum number of secondary power and ground (PG) pins in a cluster. (ZRT-536)
Warning: There is no constraint to limit maximum number of secondary power and ground (PG) pins in a cluster. (ZRT-536)
Warning: There is no constraint to limit maximum number of secondary power and ground (PG) pins in a cluster. (ZRT-536)
Warning: There is no constraint to limit maximum number of secondary power and ground (PG) pins in a cluster. (ZRT-536)
Warning: There is no constraint to limit maximum number of secondary power and ground (PG) pins in a cluster. (ZRT-536)
Warning: There is no constraint to limit maximum number of secondary power and ground (PG) pins in a cluster. (ZRT-536)
Warning: There is no constraint to limit maximum number of secondary power and ground (PG) pins in a cluster. (ZRT-536)
Warning: There is no constraint to limit maximum number of secondary power and ground (PG) pins in a cluster. (ZRT-536)
Warning: There is no constraint to limit maximum number of secondary power and ground (PG) pins in a cluster. (ZRT-536)
Warning: There is no constraint to limit maximum number of secondary power and ground (PG) pins in a cluster. (ZRT-536)
Warning: There is no constraint to limit maximum number of secondary power and ground (PG) pins in a cluster. (ZRT-536)
Warning: There is no constraint to limit maximum number of secondary power and ground (PG) pins in a cluster. (ZRT-536)
Warning: There is no constraint to limit maximum number of secondary power and ground (PG) pins in a cluster. (ZRT-536)
Warning: There is no constraint to limit maximum number of secondary power and ground (PG) pins in a cluster. (ZRT-536)
Warning: There is no constraint to limit maximum number of secondary power and ground (PG) pins in a cluster. (ZRT-536)
Warning: Ignore 2 top cell ports with no pins. (ZRT-027)
Skipping 1 internal pins that are not physical. Set route.common.verbose_level to > 0 and run routing command to get skipped pin names.
Info: number of net_type_blockage: 0 
Via on layer (VIA1) needs more than one tracks
Warning: Layer M1 pitch 0.074 may be too small: wire/via-down 0.074, wire/via-up 0.098. (ZRT-026)
Via on layer (VIA1) needs more than one tracks
Warning: Layer M2 pitch 0.060 may be too small: wire/via-down 0.098, wire/via-up 0.060. (ZRT-026)
Via on layer (VIA3) needs more than one tracks
Warning: Layer M3 pitch 0.074 may be too small: wire/via-down 0.060, wire/via-up 0.080. (ZRT-026)
Wire on layer (M4) needs more than one tracks
Via on layer (VIA3) needs more than one tracks
Via on layer (VIA4) needs more than one tracks
Warning: Layer M4 pitch 0.074 may be too small: wire/via-down 0.107, wire/via-up 0.105. (ZRT-026)
Via on layer (VIA4) needs more than one tracks
Warning: Layer M5 pitch 0.120 may be too small: wire/via-down 0.135, wire/via-up 0.107. (ZRT-026)
Via on layer (VIA8) needs more than one tracks
Warning: Layer M8 pitch 0.120 may be too small: wire/via-down 0.107, wire/via-up 0.135. (ZRT-026)
Wire on layer (M9) needs more than one tracks
Via on layer (VIA8) needs more than one tracks
Via on layer (VIARDL) needs more than one tracks
Warning: Layer M9 pitch 0.120 may be too small: wire/via-down 0.135, wire/via-up 1.570. (ZRT-026)
Via on layer (VIARDL) needs more than one tracks
Warning: Layer MRDL pitch 0.600 may be too small: wire/via-down 4.500, wire/via-up 0.600. (ZRT-026)
Transition layer name: M3(2)
Warning: Standard cell pin SAEDRVT14_BUF_PECO_2/VDD has no valid via regions. (ZRT-044)
Warning: Standard cell pin SAEDRVT14_BUF_PECO_12/VDD has no valid via regions. (ZRT-044)
Warning: Standard cell pin SAEDRVT14_BUF_PS_3/VDD has no valid via regions. (ZRT-044)
Warning: Standard cell pin SAEDRVT14_BUF_PS_6/VDD has no valid via regions. (ZRT-044)
Warning: Standard cell pin SAEDRVT14_AOBUF_IW_3/VDD has no valid via regions. (ZRT-044)
Warning: Standard cell pin SAEDRVT14_BUF_PECO_4/VDD has no valid via regions. (ZRT-044)
Warning: Standard cell pin SAEDRVT14_AOBUF_IW_6/VDD has no valid via regions. (ZRT-044)
Warning: Standard cell pin SAEDRVT14_AOI21_V1_6/B has no valid via regions. (ZRT-044)
Warning: Standard cell pin SAEDRVT14_NR2_2/A1 has no valid via regions. (ZRT-044)
Warning: Standard cell pin SAEDRVT14_NR2_2/X has no valid via regions. (ZRT-044)
Warning: Standard cell pin SAEDRVT14_OA2BB2_2/B1 has no valid via regions. (ZRT-044)
Warning: Standard cell pin SAEDRVT14_BUF_PECO_8/VDD has no valid via regions. (ZRT-044)
Warning: Standard cell pin SAEDRVT14_NR3B_4/A has no valid via regions. (ZRT-044)
[ECO: DbIn With Extraction] Elapsed real time: 0:00:03 
[ECO: DbIn With Extraction] Elapsed cpu  time: sys=0:00:00 usr=0:00:15 total=0:00:15
[ECO: DbIn With Extraction] Stage (MB): Used  126  Alloctr  128  Proc    0 
[ECO: DbIn With Extraction] Total (MB): Used  127  Alloctr  130  Proc 2145 
[ECO: Analysis] Elapsed real time: 0:00:03 
[ECO: Analysis] Elapsed cpu  time: sys=0:00:00 usr=0:00:15 total=0:00:15
[ECO: Analysis] Stage (MB): Used  126  Alloctr  128  Proc    0 
[ECO: Analysis] Total (MB): Used  127  Alloctr  130  Proc 2145 
Num of eco nets = 26992
Num of open eco nets = 26874
[ECO: Init] Elapsed real time: 0:00:03 
[ECO: Init] Elapsed cpu  time: sys=0:00:00 usr=0:00:15 total=0:00:15
[ECO: Init] Stage (MB): Used  130  Alloctr  131  Proc    0 
[ECO: Init] Total (MB): Used  131  Alloctr  133  Proc 2145 
Start Global Route ... 
[Init] Elapsed real time: 0:00:00 
[Init] Elapsed cpu  time: sys=0:00:00 usr=0:00:00 total=0:00:00
[Init] Stage (MB): Used    0  Alloctr    0  Proc    0 
[Init] Total (MB): Used  135  Alloctr  137  Proc 2145 
Printing options for 'route.common.*'
common.verbose_level                                    :	 0                   

Printing options for 'route.global.*'
global.deterministic                                    :	 off                 
global.placement_timing_driven_mode                     :	 false               
global.timing_driven                                    :	 false               

Begin global routing.
Loading parastics information to the router ...
Warning: Technology layer 'M4' setting 'pitch' is not valid (NEX-001)
Warning: Technology layer 'MRDL' setting 'pitch' is not valid (NEX-001)
Warning: Parasitic Tech Library layer 'M1' parameter 'SMIN' = 0.040 does not match 0.026 of technology file (NEX-007)
Warning: Parasitic Tech Library layer 'M2' parameter 'SMIN' = 0.040 does not match 0.026 of technology file (NEX-007)
Warning: Parasitic Tech Library layer 'M3' parameter 'SMIN' = 0.040 does not match 0.026 of technology file (NEX-007)
Warning: Parasitic Tech Library layer 'M1' parameter 'SMIN' = 0.040 does not match 0.026 of technology file (NEX-007)
Warning: Parasitic Tech Library layer 'M2' parameter 'SMIN' = 0.040 does not match 0.026 of technology file (NEX-007)
Warning: Parasitic Tech Library layer 'M3' parameter 'SMIN' = 0.040 does not match 0.026 of technology file (NEX-007)
Warning: Parasitic Tech Library layer 'M8' parameter 'WMIN' = 0.030 does not match 0.060 of technology file (NEX-007)
Warning: Parasitic Tech Library layer 'M8' parameter 'SMIN' = 0.060 does not match 0.040 of technology file (NEX-007)
parastics information loaded to the router.
Constructing data structure ...
Design statistics:
Design Bounding Box (0.00,0.00,290.93,290.80)
Number of routing layers = 10
layer M1, dir Ver, min width = 0.03, min space = 0.03 pitch = 0.07
layer M2, dir Hor, min width = 0.03, min space = 0.03 pitch = 0.06
layer M3, dir Ver, min width = 0.03, min space = 0.03 pitch = 0.07
layer M4, dir Hor, min width = 0.06, min space = 0.04 pitch = 0.07
layer M5, dir Ver, min width = 0.06, min space = 0.04 pitch = 0.12
layer M6, dir Hor, min width = 0.06, min space = 0.04 pitch = 0.12
layer M7, dir Ver, min width = 0.06, min space = 0.04 pitch = 0.12
layer M8, dir Hor, min width = 0.06, min space = 0.04 pitch = 0.12
layer M9, dir Ver, min width = 0.06, min space = 0.04 pitch = 0.12
layer MRDL, dir Hor, min width = 2.00, min space = 2.00 pitch = 0.60
Current Stage stats:
[End of Build Tech Data] Elapsed real time: 0:00:00 
[End of Build Tech Data] Elapsed cpu  time: sys=0:00:00 usr=0:00:00 total=0:00:00
[End of Build Tech Data] Stage (MB): Used    5  Alloctr    5  Proc    0 
[End of Build Tech Data] Total (MB): Used  141  Alloctr  142  Proc 2157 
Warning: No existing global route is available for reuse in incremental global routing. (ZRT-586)
Net statistics:
Total number of nets     = 26992
Number of nets to route  = 26874
Number of single or zero port nets = 15
Number of nets with min-layer-mode soft = 101
Number of nets with min-layer-mode soft-cost-medium = 101
103 nets are fully connected,
 of which 103 are detail routed and 0 are global routed.
8 nets have non-default rule clknet_NDR
1 nets have non-default rule clknet_NDR_ext_spacing
39 nets have non-default rule default_rule_equivalent_ndr_double_spacing
Current Stage stats:
[End of Build All Nets] Elapsed real time: 0:00:00 
[End of Build All Nets] Elapsed cpu  time: sys=0:00:00 usr=0:00:02 total=0:00:02
[End of Build All Nets] Stage (MB): Used    9  Alloctr   10  Proc    0 
[End of Build All Nets] Total (MB): Used  150  Alloctr  153  Proc 2157 
Average gCell capacity  1.77	 on layer (1)	 M1
Average gCell capacity  9.64	 on layer (2)	 M2
Average gCell capacity  7.91	 on layer (3)	 M3
Average gCell capacity  7.93	 on layer (4)	 M4
Average gCell capacity  4.95	 on layer (5)	 M5
Average gCell capacity  4.92	 on layer (6)	 M6
Average gCell capacity  4.07	 on layer (7)	 M7
Average gCell capacity  3.72	 on layer (8)	 M8
Average gCell capacity  3.72	 on layer (9)	 M9
Average gCell capacity  1.00	 on layer (10)	 MRDL
Average number of tracks per gCell 8.11	 on layer (1)	 M1
Average number of tracks per gCell 10.02	 on layer (2)	 M2
Average number of tracks per gCell 8.11	 on layer (3)	 M3
Average number of tracks per gCell 8.12	 on layer (4)	 M4
Average number of tracks per gCell 5.00	 on layer (5)	 M5
Average number of tracks per gCell 5.01	 on layer (6)	 M6
Average number of tracks per gCell 5.00	 on layer (7)	 M7
Average number of tracks per gCell 5.01	 on layer (8)	 M8
Average number of tracks per gCell 5.00	 on layer (9)	 M9
Average number of tracks per gCell 1.00	 on layer (10)	 MRDL
Number of gCells = 2347400
Current Stage stats:
[End of Build Congestion map] Elapsed real time: 0:00:01 
[End of Build Congestion map] Elapsed cpu  time: sys=0:00:00 usr=0:00:02 total=0:00:02
[End of Build Congestion map] Stage (MB): Used   41  Alloctr   42  Proc   32 
[End of Build Congestion map] Total (MB): Used  191  Alloctr  195  Proc 2190 
Information: RC layer preference is turned on for this design. (ZRT-613)
Total stats:
[End of Build Data] Elapsed real time: 0:00:02 
[End of Build Data] Elapsed cpu  time: sys=0:00:00 usr=0:00:04 total=0:00:05
[End of Build Data] Stage (MB): Used   55  Alloctr   57  Proc   32 
[End of Build Data] Total (MB): Used  192  Alloctr  195  Proc 2190 
Current Stage stats:
[End of Blocked Pin Detection] Elapsed real time: 0:00:04 
[End of Blocked Pin Detection] Elapsed cpu  time: sys=0:00:00 usr=0:00:04 total=0:00:04
[End of Blocked Pin Detection] Stage (MB): Used    0  Alloctr    0  Proc    0 
[End of Blocked Pin Detection] Total (MB): Used  192  Alloctr  195  Proc 2190 
Information: Using 12 threads for routing. (ZRT-444)
multi gcell levels ON

Start GR phase 0
10% of nets complete Elapsed cpu time: 0:00:00 Elapsed real time: 0:00:00
20% of nets complete Elapsed cpu time: 0:00:00 Elapsed real time: 0:00:00
30% of nets complete Elapsed cpu time: 0:00:00 Elapsed real time: 0:00:00
40% of nets complete Elapsed cpu time: 0:00:00 Elapsed real time: 0:00:00
50% of nets complete Elapsed cpu time: 0:00:01 Elapsed real time: 0:00:01
60% of nets complete Elapsed cpu time: 0:00:01 Elapsed real time: 0:00:01
70% of nets complete Elapsed cpu time: 0:00:01 Elapsed real time: 0:00:01
80% of nets complete Elapsed cpu time: 0:00:02 Elapsed real time: 0:00:02
90% of nets complete Elapsed cpu time: 0:00:04 Elapsed real time: 0:00:04
Current Stage stats:
[End of Initial Routing] Elapsed real time: 0:00:09 
[End of Initial Routing] Elapsed cpu  time: sys=0:00:00 usr=0:00:08 total=0:00:09
[End of Initial Routing] Stage (MB): Used   14  Alloctr   14  Proc    4 
[End of Initial Routing] Total (MB): Used  206  Alloctr  210  Proc 2194 
Initial. Routing result:
Initial. Both Dirs: Overflow =   689 Max = 4 GRCs =  1054 (0.22%)
Initial. H routing: Overflow =   181 Max = 3 (GRCs =  5) GRCs =   340 (0.14%)
Initial. V routing: Overflow =   508 Max = 4 (GRCs =  9) GRCs =   714 (0.30%)
Initial. M1         Overflow =     0 Max = 0 (GRCs =  0) GRCs =     0 (0.00%)
Initial. M2         Overflow =   179 Max = 3 (GRCs =  5) GRCs =   338 (0.14%)
Initial. M3         Overflow =   508 Max = 4 (GRCs =  9) GRCs =   714 (0.30%)
Initial. M4         Overflow =     1 Max = 1 (GRCs =  2) GRCs =     2 (0.00%)
Initial. M5         Overflow =     0 Max = 0 (GRCs =  0) GRCs =     0 (0.00%)
Initial. M6         Overflow =     0 Max = 0 (GRCs =  0) GRCs =     0 (0.00%)
Initial. M7         Overflow =     0 Max = 0 (GRCs =  0) GRCs =     0 (0.00%)
Initial. M8         Overflow =     0 Max = 0 (GRCs =  0) GRCs =     0 (0.00%)
Initial. M9         Overflow =     0 Max = 0 (GRCs =  0) GRCs =     0 (0.00%)
Initial. MRDL       Overflow =     0 Max = 0 (GRCs =  0) GRCs =     0 (0.00%)

Initial. Total Wire Length = 420442.87
Initial. Layer M1 wire length = 812.71
Initial. Layer M2 wire length = 194563.41
Initial. Layer M3 wire length = 209684.67
Initial. Layer M4 wire length = 14802.76
Initial. Layer M5 wire length = 579.33
Initial. Layer M6 wire length = 0.00
Initial. Layer M7 wire length = 0.00
Initial. Layer M8 wire length = 0.00
Initial. Layer M9 wire length = 0.00
Initial. Layer MRDL wire length = 0.00
Initial. Total Number of Contacts = 167752
Initial. Via VIA12SQ_C count = 65253
Initial. Via VIA23SQ_C count = 101222
Initial. Via VIA34SQ_C count = 1189
Initial. Via VIA45SQ count = 88
Initial. Via VIA56SQ count = 0
Initial. Via VIA67SQ_C count = 0
Initial. Via VIA78SQ_C count = 0
Initial. Via VIA89_C count = 0
Initial. Via VIA9RDL count = 0
Initial. completed.

Start GR phase 1
10% of nets complete Elapsed cpu time: 0:00:01 Elapsed real time: 0:00:01
20% of nets complete Elapsed cpu time: 0:00:01 Elapsed real time: 0:00:01
30% of nets complete Elapsed cpu time: 0:00:01 Elapsed real time: 0:00:01
40% of nets complete Elapsed cpu time: 0:00:01 Elapsed real time: 0:00:01
50% of nets complete Elapsed cpu time: 0:00:01 Elapsed real time: 0:00:01
60% of nets complete Elapsed cpu time: 0:00:01 Elapsed real time: 0:00:01
70% of nets complete Elapsed cpu time: 0:00:01 Elapsed real time: 0:00:01
80% of nets complete Elapsed cpu time: 0:00:01 Elapsed real time: 0:00:01
90% of nets complete Elapsed cpu time: 0:00:01 Elapsed real time: 0:00:01
Current Stage stats:
[End of Phase1 Routing] Elapsed real time: 0:00:01 
[End of Phase1 Routing] Elapsed cpu  time: sys=0:00:00 usr=0:00:01 total=0:00:01
[End of Phase1 Routing] Stage (MB): Used    0  Alloctr    0  Proc    0 
[End of Phase1 Routing] Total (MB): Used  206  Alloctr  210  Proc 2194 
phase1. Routing result:
phase1. Both Dirs: Overflow =   104 Max = 4 GRCs =   132 (0.03%)
phase1. H routing: Overflow =     3 Max = 2 (GRCs =  1) GRCs =     7 (0.00%)
phase1. V routing: Overflow =   101 Max = 4 (GRCs =  3) GRCs =   125 (0.05%)
phase1. M1         Overflow =     0 Max = 0 (GRCs =  0) GRCs =     0 (0.00%)
phase1. M2         Overflow =     3 Max = 2 (GRCs =  1) GRCs =     6 (0.00%)
phase1. M3         Overflow =   101 Max = 4 (GRCs =  3) GRCs =   125 (0.05%)
phase1. M4         Overflow =     0 Max = 1 (GRCs =  1) GRCs =     1 (0.00%)
phase1. M5         Overflow =     0 Max = 0 (GRCs =  0) GRCs =     0 (0.00%)
phase1. M6         Overflow =     0 Max = 0 (GRCs =  0) GRCs =     0 (0.00%)
phase1. M7         Overflow =     0 Max = 0 (GRCs =  0) GRCs =     0 (0.00%)
phase1. M8         Overflow =     0 Max = 0 (GRCs =  0) GRCs =     0 (0.00%)
phase1. M9         Overflow =     0 Max = 0 (GRCs =  0) GRCs =     0 (0.00%)
phase1. MRDL       Overflow =     0 Max = 0 (GRCs =  0) GRCs =     0 (0.00%)

phase1. Total Wire Length = 420687.18
phase1. Layer M1 wire length = 773.54
phase1. Layer M2 wire length = 192287.94
phase1. Layer M3 wire length = 208628.10
phase1. Layer M4 wire length = 17373.88
phase1. Layer M5 wire length = 1619.88
phase1. Layer M6 wire length = 3.83
phase1. Layer M7 wire length = 0.00
phase1. Layer M8 wire length = 0.00
phase1. Layer M9 wire length = 0.00
phase1. Layer MRDL wire length = 0.00
phase1. Total Number of Contacts = 168618
phase1. Via VIA12SQ_C count = 65247
phase1. Via VIA23SQ_C count = 101707
phase1. Via VIA34SQ_C count = 1507
phase1. Via VIA45SQ count = 151
phase1. Via VIA56SQ count = 6
phase1. Via VIA67SQ_C count = 0
phase1. Via VIA78SQ_C count = 0
phase1. Via VIA89_C count = 0
phase1. Via VIA9RDL count = 0
phase1. completed.

Start GR phase 2
10% of nets complete Elapsed cpu time: 0:00:00 Elapsed real time: 0:00:00
20% of nets complete Elapsed cpu time: 0:00:00 Elapsed real time: 0:00:00
30% of nets complete Elapsed cpu time: 0:00:00 Elapsed real time: 0:00:00
40% of nets complete Elapsed cpu time: 0:00:00 Elapsed real time: 0:00:00
50% of nets complete Elapsed cpu time: 0:00:00 Elapsed real time: 0:00:00
60% of nets complete Elapsed cpu time: 0:00:00 Elapsed real time: 0:00:00
70% of nets complete Elapsed cpu time: 0:00:00 Elapsed real time: 0:00:00
80% of nets complete Elapsed cpu time: 0:00:00 Elapsed real time: 0:00:00
90% of nets complete Elapsed cpu time: 0:00:00 Elapsed real time: 0:00:00
Current Stage stats:
[End of Phase2 Routing] Elapsed real time: 0:00:00 
[End of Phase2 Routing] Elapsed cpu  time: sys=0:00:00 usr=0:00:00 total=0:00:00
[End of Phase2 Routing] Stage (MB): Used    0  Alloctr    0  Proc    0 
[End of Phase2 Routing] Total (MB): Used  206  Alloctr  210  Proc 2194 
phase2. Routing result:
phase2. Both Dirs: Overflow =    98 Max = 4 GRCs =   116 (0.02%)
phase2. H routing: Overflow =     3 Max = 2 (GRCs =  1) GRCs =     6 (0.00%)
phase2. V routing: Overflow =    95 Max = 4 (GRCs =  3) GRCs =   110 (0.05%)
phase2. M1         Overflow =     0 Max = 0 (GRCs =  0) GRCs =     0 (0.00%)
phase2. M2         Overflow =     2 Max = 2 (GRCs =  1) GRCs =     5 (0.00%)
phase2. M3         Overflow =    95 Max = 4 (GRCs =  3) GRCs =   110 (0.05%)
phase2. M4         Overflow =     0 Max = 1 (GRCs =  1) GRCs =     1 (0.00%)
phase2. M5         Overflow =     0 Max = 0 (GRCs =  0) GRCs =     0 (0.00%)
phase2. M6         Overflow =     0 Max = 0 (GRCs =  0) GRCs =     0 (0.00%)
phase2. M7         Overflow =     0 Max = 0 (GRCs =  0) GRCs =     0 (0.00%)
phase2. M8         Overflow =     0 Max = 0 (GRCs =  0) GRCs =     0 (0.00%)
phase2. M9         Overflow =     0 Max = 0 (GRCs =  0) GRCs =     0 (0.00%)
phase2. MRDL       Overflow =     0 Max = 0 (GRCs =  0) GRCs =     0 (0.00%)

phase2. Total Wire Length = 420695.61
phase2. Layer M1 wire length = 773.54
phase2. Layer M2 wire length = 192167.53
phase2. Layer M3 wire length = 208378.39
phase2. Layer M4 wire length = 17421.11
phase2. Layer M5 wire length = 1872.01
phase2. Layer M6 wire length = 83.03
phase2. Layer M7 wire length = 0.00
phase2. Layer M8 wire length = 0.00
phase2. Layer M9 wire length = 0.00
phase2. Layer MRDL wire length = 0.00
phase2. Total Number of Contacts = 168645
phase2. Via VIA12SQ_C count = 65247
phase2. Via VIA23SQ_C count = 101710
phase2. Via VIA34SQ_C count = 1519
phase2. Via VIA45SQ count = 161
phase2. Via VIA56SQ count = 8
phase2. Via VIA67SQ_C count = 0
phase2. Via VIA78SQ_C count = 0
phase2. Via VIA89_C count = 0
phase2. Via VIA9RDL count = 0
phase2. completed.

Start GR phase 3
10% of nets complete Elapsed cpu time: 0:00:00 Elapsed real time: 0:00:00
20% of nets complete Elapsed cpu time: 0:00:00 Elapsed real time: 0:00:00
30% of nets complete Elapsed cpu time: 0:00:00 Elapsed real time: 0:00:00
40% of nets complete Elapsed cpu time: 0:00:00 Elapsed real time: 0:00:00
50% of nets complete Elapsed cpu time: 0:00:00 Elapsed real time: 0:00:00
60% of nets complete Elapsed cpu time: 0:00:00 Elapsed real time: 0:00:00
70% of nets complete Elapsed cpu time: 0:00:00 Elapsed real time: 0:00:00
80% of nets complete Elapsed cpu time: 0:00:00 Elapsed real time: 0:00:00
90% of nets complete Elapsed cpu time: 0:00:00 Elapsed real time: 0:00:00
Current Stage stats:
[End of Phase3 Routing] Elapsed real time: 0:00:00 
[End of Phase3 Routing] Elapsed cpu  time: sys=0:00:00 usr=0:00:00 total=0:00:00
[End of Phase3 Routing] Stage (MB): Used    0  Alloctr    0  Proc    0 
[End of Phase3 Routing] Total (MB): Used  206  Alloctr  210  Proc 2194 
phase3. Routing result:
phase3. Both Dirs: Overflow =    97 Max = 4 GRCs =   115 (0.02%)
phase3. H routing: Overflow =     3 Max = 2 (GRCs =  1) GRCs =     6 (0.00%)
phase3. V routing: Overflow =    94 Max = 4 (GRCs =  3) GRCs =   109 (0.05%)
phase3. M1         Overflow =     0 Max = 0 (GRCs =  0) GRCs =     0 (0.00%)
phase3. M2         Overflow =     2 Max = 2 (GRCs =  1) GRCs =     5 (0.00%)
phase3. M3         Overflow =    94 Max = 4 (GRCs =  3) GRCs =   109 (0.05%)
phase3. M4         Overflow =     0 Max = 1 (GRCs =  1) GRCs =     1 (0.00%)
phase3. M5         Overflow =     0 Max = 0 (GRCs =  0) GRCs =     0 (0.00%)
phase3. M6         Overflow =     0 Max = 0 (GRCs =  0) GRCs =     0 (0.00%)
phase3. M7         Overflow =     0 Max = 0 (GRCs =  0) GRCs =     0 (0.00%)
phase3. M8         Overflow =     0 Max = 0 (GRCs =  0) GRCs =     0 (0.00%)
phase3. M9         Overflow =     0 Max = 0 (GRCs =  0) GRCs =     0 (0.00%)
phase3. MRDL       Overflow =     0 Max = 0 (GRCs =  0) GRCs =     0 (0.00%)

phase3. Total Wire Length = 420695.61
phase3. Layer M1 wire length = 773.54
phase3. Layer M2 wire length = 192167.53
phase3. Layer M3 wire length = 208359.89
phase3. Layer M4 wire length = 17421.11
phase3. Layer M5 wire length = 1890.51
phase3. Layer M6 wire length = 83.03
phase3. Layer M7 wire length = 0.00
phase3. Layer M8 wire length = 0.00
phase3. Layer M9 wire length = 0.00
phase3. Layer MRDL wire length = 0.00
phase3. Total Number of Contacts = 168649
phase3. Via VIA12SQ_C count = 65247
phase3. Via VIA23SQ_C count = 101710
phase3. Via VIA34SQ_C count = 1521
phase3. Via VIA45SQ count = 163
phase3. Via VIA56SQ count = 8
phase3. Via VIA67SQ_C count = 0
phase3. Via VIA78SQ_C count = 0
phase3. Via VIA89_C count = 0
phase3. Via VIA9RDL count = 0
phase3. completed.
[End of Whole Chip Routing] Elapsed real time: 0:00:18 
[End of Whole Chip Routing] Elapsed cpu  time: sys=0:00:00 usr=0:00:20 total=0:00:21
[End of Whole Chip Routing] Stage (MB): Used   70  Alloctr   72  Proc   37 
[End of Whole Chip Routing] Total (MB): Used  206  Alloctr  210  Proc 2194 

Information: Global Routing terminated early: false (ZRT-103)

Congestion utilization per direction:
Average vertical track utilization   =  9.08 %
Peak    vertical track utilization   = 150.00 %
Average horizontal track utilization =  7.86 %
Peak    horizontal track utilization = 77.78 %

Current Stage stats:
[GR: Done] Elapsed real time: 0:00:00 
[GR: Done] Elapsed cpu  time: sys=0:00:00 usr=0:00:00 total=0:00:00
[GR: Done] Stage (MB): Used  -35  Alloctr  -35  Proc    0 
[GR: Done] Total (MB): Used  170  Alloctr  174  Proc 2194 
GR Total stats:
[GR: Done] Elapsed real time: 0:00:18 
[GR: Done] Elapsed cpu  time: sys=0:00:00 usr=0:00:21 total=0:00:22
[GR: Done] Stage (MB): Used   35  Alloctr   36  Proc   49 
[GR: Done] Total (MB): Used  170  Alloctr  174  Proc 2194 
Updating congestion ...
Updating congestion ...
Final total stats:
[End of Global Routing] Elapsed real time: 0:00:18 
[End of Global Routing] Elapsed cpu  time: sys=0:00:00 usr=0:00:23 total=0:00:23
[End of Global Routing] Stage (MB): Used   15  Alloctr   15  Proc   49 
[End of Global Routing] Total (MB): Used  150  Alloctr  152  Proc 2194 
[ECO: GR] Elapsed real time: 0:00:22 
[ECO: GR] Elapsed cpu  time: sys=0:00:00 usr=0:00:38 total=0:00:39
[ECO: GR] Stage (MB): Used  149  Alloctr  151  Proc   49 
[ECO: GR] Total (MB): Used  150  Alloctr  152  Proc 2194 

Start track assignment

Printing options for 'route.common.*'
common.verbose_level                                    :	 0                   

Printing options for 'route.track.*'

Information: Using 12 threads for routing. (ZRT-444)
Information: RC layer preference is turned on for this design. (ZRT-613)

[Track Assign: Read routes] Elapsed real time: 0:00:00 
[Track Assign: Read routes] Elapsed cpu  time: sys=0:00:00 usr=0:00:03 total=0:00:03
[Track Assign: Read routes] Stage (MB): Used    6  Alloctr    7  Proc    0 
[Track Assign: Read routes] Total (MB): Used  153  Alloctr  155  Proc 2194 

Start initial assignment

Assign Horizontal partitions, iteration 0
Routed partition 1/97      
Routed partition 2/97      
Routed partition 3/97      
Routed partition 4/97      
Routed partition 5/97      
Routed partition 6/97      
Routed partition 7/97      
Routed partition 8/97      
Routed partition 9/97      
Routed partition 10/97     
Routed partition 11/97     
Routed partition 12/97     
Routed partition 13/97     
Routed partition 14/97     
Routed partition 15/97     
Routed partition 16/97     
Routed partition 17/97     
Routed partition 18/97     
Routed partition 19/97     
Routed partition 20/97     
Routed partition 21/97     
Routed partition 22/97     
Routed partition 23/97     
Routed partition 24/97     
Routed partition 25/97     
Routed partition 26/97     
Routed partition 27/97     
Routed partition 28/97     
Routed partition 29/97     
Routed partition 30/97     
Routed partition 31/97     
Routed partition 32/97     
Routed partition 33/97     
Routed partition 34/97     
Routed partition 35/97     
Routed partition 36/97     
Routed partition 37/97     
Routed partition 38/97     
Routed partition 39/97     
Routed partition 40/97     
Routed partition 41/97     
Routed partition 42/97     
Routed partition 43/97     
Routed partition 44/97     
Routed partition 45/97     
Routed partition 46/97     
Routed partition 47/97     
Routed partition 48/97     
Routed partition 49/97     
Routed partition 50/97     
Routed partition 51/97     
Routed partition 52/97     
Routed partition 53/97     
Routed partition 54/97     
Routed partition 55/97     
Routed partition 56/97     
Routed partition 57/97     
Routed partition 58/97     
Routed partition 59/97     
Routed partition 60/97     
Routed partition 61/97     
Routed partition 62/97     
Routed partition 63/97     
Routed partition 64/97     
Routed partition 65/97     
Routed partition 66/97     
Routed partition 67/97     
Routed partition 68/97     
Routed partition 69/97     
Routed partition 70/97     
Routed partition 71/97     
Routed partition 72/97     
Routed partition 73/97     
Routed partition 74/97     
Routed partition 75/97     
Routed partition 76/97     
Routed partition 77/97     
Routed partition 78/97     
Routed partition 79/97     
Routed partition 80/97     
Routed partition 81/97     
Routed partition 82/97     
Routed partition 83/97     
Routed partition 84/97     
Routed partition 85/97     
Routed partition 86/97     
Routed partition 87/97     
Routed partition 88/97     
Routed partition 89/97     
Routed partition 90/97     
Routed partition 91/97     
Routed partition 92/97     
Routed partition 93/97     
Routed partition 94/97     
Routed partition 95/97     
Routed partition 96/97     
Routed partition 97/97     

Assign Vertical partitions, iteration 0
Routed partition 1/97      
Routed partition 2/97      
Routed partition 3/97      
Routed partition 4/97      
Routed partition 5/97      
Routed partition 6/97      
Routed partition 7/97      
Routed partition 8/97      
Routed partition 9/97      
Routed partition 10/97     
Routed partition 11/97     
Routed partition 12/97     
Routed partition 13/97     
Routed partition 14/97     
Routed partition 15/97     
Routed partition 16/97     
Routed partition 17/97     
Routed partition 18/97     
Routed partition 19/97     
Routed partition 20/97     
Routed partition 21/97     
Routed partition 22/97     
Routed partition 23/97     
Routed partition 24/97     
Routed partition 25/97     
Routed partition 26/97     
Routed partition 27/97     
Routed partition 28/97     
Routed partition 29/97     
Routed partition 30/97     
Routed partition 31/97     
Routed partition 32/97     
Routed partition 33/97     
Routed partition 34/97     
Routed partition 35/97     
Routed partition 36/97     
Routed partition 37/97     
Routed partition 38/97     
Routed partition 39/97     
Routed partition 40/97     
Routed partition 41/97     
Routed partition 42/97     
Routed partition 43/97     
Routed partition 44/97     
Routed partition 45/97     
Routed partition 46/97     
Routed partition 47/97     
Routed partition 48/97     
Routed partition 49/97     
Routed partition 50/97     
Routed partition 51/97     
Routed partition 52/97     
Routed partition 53/97     
Routed partition 54/97     
Routed partition 55/97     
Routed partition 56/97     
Routed partition 57/97     
Routed partition 58/97     
Routed partition 59/97     
Routed partition 60/97     
Routed partition 61/97     
Routed partition 62/97     
Routed partition 64/97     
Routed partition 64/97     
Routed partition 65/97     
Routed partition 66/97     
Routed partition 67/97     
Routed partition 68/97     
Routed partition 69/97     
Routed partition 70/97     
Routed partition 71/97     
Routed partition 72/97     
Routed partition 73/97     
Routed partition 74/97     
Routed partition 75/97     
Routed partition 76/97     
Routed partition 77/97     
Routed partition 78/97     
Routed partition 79/97     
Routed partition 80/97     
Routed partition 81/97     
Routed partition 82/97     
Routed partition 83/97     
Routed partition 84/97     
Routed partition 85/97     
Routed partition 86/97     
Routed partition 87/97     
Routed partition 88/97     
Routed partition 89/97     
Routed partition 90/97     
Routed partition 91/97     
Routed partition 92/97     
Routed partition 93/97     
Routed partition 94/97     
Routed partition 95/97     
Routed partition 96/97     
Routed partition 97/97     

Number of wires with overlap after iteration 0 = 123911 of 332941


[Track Assign: Iteration 0] Elapsed real time: 0:00:05 
[Track Assign: Iteration 0] Elapsed cpu  time: sys=0:00:01 usr=0:00:31 total=0:00:33
[Track Assign: Iteration 0] Stage (MB): Used   13  Alloctr   18  Proc  389 
[Track Assign: Iteration 0] Total (MB): Used  160  Alloctr  166  Proc 2584 

Reroute to fix overlaps

Assign Horizontal partitions, iteration 1
Routed partition 1/97      
Routed partition 2/97      
Routed partition 3/97      
Routed partition 4/97      
Routed partition 5/97      
Routed partition 6/97      
Routed partition 7/97      
Routed partition 8/97      
Routed partition 9/97      
Routed partition 10/97     
Routed partition 11/97     
Routed partition 12/97     
Routed partition 13/97     
Routed partition 14/97     
Routed partition 15/97     
Routed partition 16/97     
Routed partition 17/97     
Routed partition 18/97     
Routed partition 19/97     
Routed partition 20/97     
Routed partition 21/97     
Routed partition 22/97     
Routed partition 23/97     
Routed partition 24/97     
Routed partition 25/97     
Routed partition 26/97     
Routed partition 27/97     
Routed partition 28/97     
Routed partition 29/97     
Routed partition 30/97     
Routed partition 31/97     
Routed partition 32/97     
Routed partition 33/97     
Routed partition 34/97     
Routed partition 35/97     
Routed partition 36/97     
Routed partition 37/97     
Routed partition 38/97     
Routed partition 39/97     
Routed partition 40/97     
Routed partition 41/97     
Routed partition 42/97     
Routed partition 43/97     
Routed partition 44/97     
Routed partition 45/97     
Routed partition 46/97     
Routed partition 47/97     
Routed partition 48/97     
Routed partition 49/97     
Routed partition 50/97     
Routed partition 51/97     
Routed partition 52/97     
Routed partition 53/97     
Routed partition 54/97     
Routed partition 55/97     
Routed partition 56/97     
Routed partition 57/97     
Routed partition 58/97     
Routed partition 59/97     
Routed partition 60/97     
Routed partition 61/97     
Routed partition 62/97     
Routed partition 63/97     
Routed partition 64/97     
Routed partition 65/97     
Routed partition 66/97     
Routed partition 67/97     
Routed partition 68/97     
Routed partition 69/97     
Routed partition 70/97     
Routed partition 71/97     
Routed partition 72/97     
Routed partition 73/97     
Routed partition 74/97     
Routed partition 75/97     
Routed partition 76/97     
Routed partition 77/97     
Routed partition 78/97     
Routed partition 79/97     
Routed partition 80/97     
Routed partition 81/97     
Routed partition 82/97     
Routed partition 83/97     
Routed partition 84/97     
Routed partition 85/97     
Routed partition 86/97     
Routed partition 87/97     
Routed partition 88/97     
Routed partition 89/97     
Routed partition 90/97     
Routed partition 91/97     
Routed partition 92/97     
Routed partition 93/97     
Routed partition 94/97     
Routed partition 95/97     
Routed partition 96/97     
Routed partition 97/97     

Assign Vertical partitions, iteration 1
Routed partition 1/97      
Routed partition 2/97      
Routed partition 3/97      
Routed partition 4/97      
Routed partition 5/97      
Routed partition 6/97      
Routed partition 7/97      
Routed partition 8/97      
Routed partition 9/97      
Routed partition 10/97     
Routed partition 11/97     
Routed partition 12/97     
Routed partition 13/97     
Routed partition 14/97     
Routed partition 15/97     
Routed partition 16/97     
Routed partition 17/97     
Routed partition 18/97     
Routed partition 19/97     
Routed partition 20/97     
Routed partition 21/97     
Routed partition 22/97     
Routed partition 23/97     
Routed partition 24/97     
Routed partition 25/97     
Routed partition 26/97     
Routed partition 27/97     
Routed partition 28/97     
Routed partition 29/97     
Routed partition 30/97     
Routed partition 31/97     
Routed partition 32/97     
Routed partition 33/97     
Routed partition 34/97     
Routed partition 35/97     
Routed partition 36/97     
Routed partition 37/97     
Routed partition 38/97     
Routed partition 39/97     
Routed partition 40/97     
Routed partition 41/97     
Routed partition 42/97     
Routed partition 43/97     
Routed partition 44/97     
Routed partition 45/97     
Routed partition 46/97     
Routed partition 47/97     
Routed partition 48/97     
Routed partition 49/97     
Routed partition 50/97     
Routed partition 51/97     
Routed partition 52/97     
Routed partition 53/97     
Routed partition 54/97     
Routed partition 55/97     
Routed partition 56/97     
Routed partition 57/97     
Routed partition 58/97     
Routed partition 59/97     
Routed partition 60/97     
Routed partition 61/97     
Routed partition 62/97     
Routed partition 63/97     
Routed partition 64/97     
Routed partition 65/97     
Routed partition 66/97     
Routed partition 67/97     
Routed partition 68/97     
Routed partition 69/97     
Routed partition 70/97     
Routed partition 71/97     
Routed partition 72/97     
Routed partition 73/97     
Routed partition 74/97     
Routed partition 75/97     
Routed partition 76/97     
Routed partition 77/97     
Routed partition 78/97     
Routed partition 79/97     
Routed partition 80/97     
Routed partition 81/97     
Routed partition 82/97     
Routed partition 83/97     
Routed partition 84/97     
Routed partition 85/97     
Routed partition 86/97     
Routed partition 87/97     
Routed partition 88/97     
Routed partition 89/97     
Routed partition 90/97     
Routed partition 91/97     
Routed partition 92/97     
Routed partition 93/97     
Routed partition 94/97     
Routed partition 95/97     
Routed partition 96/97     
Routed partition 97/97     

[Track Assign: Iteration 1] Elapsed real time: 0:00:10 
[Track Assign: Iteration 1] Elapsed cpu  time: sys=0:00:02 usr=0:01:05 total=0:01:08
[Track Assign: Iteration 1] Stage (MB): Used   12  Alloctr   18  Proc  500 
[Track Assign: Iteration 1] Total (MB): Used  159  Alloctr  167  Proc 2695 

Number of wires with overlap after iteration 1 = 26898 of 211809


Wire length and via report:
---------------------------
Number of M1 wires: 3777 		  : 0
Number of M2 wires: 118438 		 VIA12SQ_C: 67316
Number of M3 wires: 86069 		 VIA23SQ_C: 129480
Number of M4 wires: 2219 		 VIA34SQ_C: 4229
Number of M5 wires: 1110 		 VIA45SQ: 1968
Number of M6 wires: 196 		 VIA56SQ: 342
Number of M7 wires: 0 		 VIA67SQ_C: 0
Number of M8 wires: 0 		 VIA78SQ_C: 0
Number of M9 wires: 0 		 VIA89_C: 0
Number of MRDL wires: 0 		 VIA9RDL: 0
Total number of wires: 211809 		 vias: 203335

Total M1 wire length: 1251.5
Total M2 wire length: 195464.3
Total M3 wire length: 186629.9
Total M4 wire length: 13104.4
Total M5 wire length: 22531.9
Total M6 wire length: 4606.5
Total M7 wire length: 0.0
Total M8 wire length: 0.0
Total M9 wire length: 0.0
Total MRDL wire length: 0.0
Total wire length: 423588.5

Longest M1 wire length: 119.8
Longest M2 wire length: 150.6
Longest M3 wire length: 206.2
Longest M4 wire length: 154.9
Longest M5 wire length: 221.0
Longest M6 wire length: 134.8
Longest M7 wire length: 0.0
Longest M8 wire length: 0.0
Longest M9 wire length: 0.0
Longest MRDL wire length: 0.0


[Track Assign: Done] Elapsed real time: 0:00:11 
[Track Assign: Done] Elapsed cpu  time: sys=0:00:02 usr=0:01:11 total=0:01:13
[Track Assign: Done] Stage (MB): Used    1  Alloctr    2  Proc  500 
[Track Assign: Done] Total (MB): Used  147  Alloctr  150  Proc 2695 
[ECO: CDR] Elapsed real time: 0:00:33 
[ECO: CDR] Elapsed cpu  time: sys=0:00:03 usr=0:01:49 total=0:01:53
[ECO: CDR] Stage (MB): Used  146  Alloctr  149  Proc  549 
[ECO: CDR] Total (MB): Used  147  Alloctr  150  Proc 2695 
Printing options for 'route.common.*'
common.verbose_level                                    :	 0                   

Printing options for 'route.detail.*'
detail.antenna                                          :	 true                
detail.force_end_on_preferred_grid                      :	 true                

Printing options for 'route.auto_via_ladder.*'

Information: RC layer preference is turned on for this design. (ZRT-613)
Total number of nets = 26992, of which 0 are not extracted
Total number of open nets = 0, of which 0 are frozen
Information: Using 12 threads for routing. (ZRT-444)

Switch to reduced partition bloat for speedup (DRC report is not accurate)
Start DR iteration 0: uniform partition
Routed	1/2401 Partitions, Violations =	0
Routed	12/2401 Partitions, Violations =	0
Routed	24/2401 Partitions, Violations =	14
Routed	36/2401 Partitions, Violations =	12
Routed	48/2401 Partitions, Violations =	27
Routed	60/2401 Partitions, Violations =	29
Routed	72/2401 Partitions, Violations =	29
Routed	84/2401 Partitions, Violations =	47
Routed	96/2401 Partitions, Violations =	59
Routed	108/2401 Partitions, Violations =	83
Routed	120/2401 Partitions, Violations =	89
Routed	132/2401 Partitions, Violations =	108
Routed	144/2401 Partitions, Violations =	114
Routed	156/2401 Partitions, Violations =	91
Routed	168/2401 Partitions, Violations =	111
Routed	180/2401 Partitions, Violations =	126
Routed	192/2401 Partitions, Violations =	147
Routed	204/2401 Partitions, Violations =	162
Routed	216/2401 Partitions, Violations =	169
Routed	228/2401 Partitions, Violations =	172
Routed	240/2401 Partitions, Violations =	182
Routed	252/2401 Partitions, Violations =	180
Routed	264/2401 Partitions, Violations =	211
Routed	276/2401 Partitions, Violations =	208
Routed	288/2401 Partitions, Violations =	217
Routed	300/2401 Partitions, Violations =	241
Routed	312/2401 Partitions, Violations =	260
Routed	324/2401 Partitions, Violations =	268
Routed	336/2401 Partitions, Violations =	259
Routed	348/2401 Partitions, Violations =	278
Routed	360/2401 Partitions, Violations =	249
Routed	372/2401 Partitions, Violations =	245
Routed	384/2401 Partitions, Violations =	253
Routed	396/2401 Partitions, Violations =	272
Routed	408/2401 Partitions, Violations =	240
Routed	420/2401 Partitions, Violations =	278
Routed	432/2401 Partitions, Violations =	256
Routed	444/2401 Partitions, Violations =	275
Routed	456/2401 Partitions, Violations =	255
Routed	468/2401 Partitions, Violations =	288
Routed	480/2401 Partitions, Violations =	293
Routed	492/2401 Partitions, Violations =	304
Routed	504/2401 Partitions, Violations =	318
Routed	516/2401 Partitions, Violations =	357
Routed	528/2401 Partitions, Violations =	365
Routed	540/2401 Partitions, Violations =	373
Routed	552/2401 Partitions, Violations =	372
Routed	564/2401 Partitions, Violations =	372
Routed	576/2401 Partitions, Violations =	407
Routed	588/2401 Partitions, Violations =	432
Routed	600/2401 Partitions, Violations =	462
Routed	612/2401 Partitions, Violations =	471
Routed	624/2401 Partitions, Violations =	415
Routed	636/2401 Partitions, Violations =	380
Routed	648/2401 Partitions, Violations =	380
Routed	660/2401 Partitions, Violations =	387
Routed	672/2401 Partitions, Violations =	418
Routed	684/2401 Partitions, Violations =	377
Routed	696/2401 Partitions, Violations =	378
Routed	708/2401 Partitions, Violations =	370
Routed	720/2401 Partitions, Violations =	409
Routed	732/2401 Partitions, Violations =	413
Routed	744/2401 Partitions, Violations =	451
Routed	756/2401 Partitions, Violations =	430
Routed	768/2401 Partitions, Violations =	441
Routed	780/2401 Partitions, Violations =	423
Routed	792/2401 Partitions, Violations =	455
Routed	804/2401 Partitions, Violations =	478
Routed	816/2401 Partitions, Violations =	429
Routed	828/2401 Partitions, Violations =	442
Routed	840/2401 Partitions, Violations =	422
Routed	852/2401 Partitions, Violations =	446
Routed	864/2401 Partitions, Violations =	486
Routed	876/2401 Partitions, Violations =	435
Routed	888/2401 Partitions, Violations =	507
Routed	900/2401 Partitions, Violations =	518
Routed	912/2401 Partitions, Violations =	525
Routed	924/2401 Partitions, Violations =	587
Routed	936/2401 Partitions, Violations =	599
Routed	948/2401 Partitions, Violations =	590
Routed	960/2401 Partitions, Violations =	573
Routed	972/2401 Partitions, Violations =	568
Routed	984/2401 Partitions, Violations =	567
Routed	996/2401 Partitions, Violations =	628
Routed	1008/2401 Partitions, Violations =	613
Routed	1020/2401 Partitions, Violations =	621
Routed	1032/2401 Partitions, Violations =	747
Routed	1044/2401 Partitions, Violations =	781
Routed	1056/2401 Partitions, Violations =	844
Routed	1068/2401 Partitions, Violations =	799
Routed	1080/2401 Partitions, Violations =	746
Routed	1092/2401 Partitions, Violations =	766
Routed	1104/2401 Partitions, Violations =	759
Routed	1116/2401 Partitions, Violations =	757
Routed	1128/2401 Partitions, Violations =	781
Routed	1140/2401 Partitions, Violations =	740
Routed	1152/2401 Partitions, Violations =	726
Routed	1164/2401 Partitions, Violations =	743
Routed	1176/2401 Partitions, Violations =	698
Routed	1188/2401 Partitions, Violations =	671
Routed	1200/2401 Partitions, Violations =	681
Routed	1212/2401 Partitions, Violations =	692
Routed	1224/2401 Partitions, Violations =	707
Routed	1236/2401 Partitions, Violations =	676
Routed	1248/2401 Partitions, Violations =	767
Routed	1260/2401 Partitions, Violations =	798
Routed	1272/2401 Partitions, Violations =	809
Routed	1284/2401 Partitions, Violations =	792
Routed	1296/2401 Partitions, Violations =	853
Routed	1308/2401 Partitions, Violations =	808
Routed	1320/2401 Partitions, Violations =	769
Routed	1332/2401 Partitions, Violations =	796
Routed	1344/2401 Partitions, Violations =	771
Routed	1356/2401 Partitions, Violations =	760
Routed	1368/2401 Partitions, Violations =	772
Routed	1380/2401 Partitions, Violations =	782
Routed	1392/2401 Partitions, Violations =	787
Routed	1404/2401 Partitions, Violations =	799
Routed	1416/2401 Partitions, Violations =	786
Routed	1428/2401 Partitions, Violations =	779
Routed	1440/2401 Partitions, Violations =	769
Routed	1452/2401 Partitions, Violations =	806
Routed	1464/2401 Partitions, Violations =	764
Routed	1476/2401 Partitions, Violations =	817
Routed	1488/2401 Partitions, Violations =	858
Routed	1500/2401 Partitions, Violations =	846
Routed	1512/2401 Partitions, Violations =	864
Routed	1524/2401 Partitions, Violations =	886
Routed	1536/2401 Partitions, Violations =	878
Routed	1548/2401 Partitions, Violations =	901
Routed	1560/2401 Partitions, Violations =	860
Routed	1572/2401 Partitions, Violations =	836
Routed	1584/2401 Partitions, Violations =	832
Routed	1596/2401 Partitions, Violations =	843
Routed	1608/2401 Partitions, Violations =	856
Routed	1620/2401 Partitions, Violations =	859
Routed	1632/2401 Partitions, Violations =	905
Routed	1644/2401 Partitions, Violations =	885
Routed	1656/2401 Partitions, Violations =	929
Routed	1668/2401 Partitions, Violations =	935
Routed	1680/2401 Partitions, Violations =	988
Routed	1692/2401 Partitions, Violations =	1008
Routed	1704/2401 Partitions, Violations =	978
Routed	1716/2401 Partitions, Violations =	924
Routed	1728/2401 Partitions, Violations =	946
Routed	1740/2401 Partitions, Violations =	1005
Routed	1752/2401 Partitions, Violations =	948
Routed	1764/2401 Partitions, Violations =	938
Routed	1776/2401 Partitions, Violations =	934
Routed	1788/2401 Partitions, Violations =	949
Routed	1800/2401 Partitions, Violations =	998
Routed	1812/2401 Partitions, Violations =	931
Routed	1824/2401 Partitions, Violations =	939
Routed	1836/2401 Partitions, Violations =	913
Routed	1848/2401 Partitions, Violations =	941
Routed	1860/2401 Partitions, Violations =	920
Routed	1872/2401 Partitions, Violations =	930
Routed	1884/2401 Partitions, Violations =	967
Routed	1896/2401 Partitions, Violations =	963
Routed	1908/2401 Partitions, Violations =	980
Routed	1920/2401 Partitions, Violations =	960
Routed	1932/2401 Partitions, Violations =	976
Routed	1944/2401 Partitions, Violations =	1021
Routed	1956/2401 Partitions, Violations =	1041
Routed	1968/2401 Partitions, Violations =	1045
Routed	1980/2401 Partitions, Violations =	1020
Routed	1992/2401 Partitions, Violations =	1063
Routed	2004/2401 Partitions, Violations =	1055
Routed	2016/2401 Partitions, Violations =	1073
Routed	2028/2401 Partitions, Violations =	1062
Routed	2040/2401 Partitions, Violations =	1097
Routed	2052/2401 Partitions, Violations =	1102
Routed	2064/2401 Partitions, Violations =	1150
Routed	2076/2401 Partitions, Violations =	1203
Routed	2088/2401 Partitions, Violations =	1152
Routed	2100/2401 Partitions, Violations =	1191
Routed	2112/2401 Partitions, Violations =	1142
Routed	2124/2401 Partitions, Violations =	1182
Routed	2136/2401 Partitions, Violations =	1239
Routed	2148/2401 Partitions, Violations =	1263
Routed	2160/2401 Partitions, Violations =	1245
Routed	2172/2401 Partitions, Violations =	1252
Routed	2184/2401 Partitions, Violations =	1229
Routed	2196/2401 Partitions, Violations =	1195
Routed	2208/2401 Partitions, Violations =	1193
Routed	2220/2401 Partitions, Violations =	1200
Routed	2232/2401 Partitions, Violations =	1199
Routed	2244/2401 Partitions, Violations =	1213
Routed	2256/2401 Partitions, Violations =	1189
Routed	2268/2401 Partitions, Violations =	1177
Routed	2280/2401 Partitions, Violations =	1121
Routed	2292/2401 Partitions, Violations =	1161
Routed	2304/2401 Partitions, Violations =	1196
Routed	2316/2401 Partitions, Violations =	1226
Routed	2328/2401 Partitions, Violations =	1229
Routed	2340/2401 Partitions, Violations =	1181
Routed	2352/2401 Partitions, Violations =	1150
Routed	2364/2401 Partitions, Violations =	1064
Routed	2376/2401 Partitions, Violations =	1012
Routed	2388/2401 Partitions, Violations =	930
Routed	2400/2401 Partitions, Violations =	878

DRC-SUMMARY:
	@@@@@@@ TOTAL VIOLATIONS =	875
	Diff net spacing : 37
	Diff net via-cut spacing : 1
	End of line enclosure : 1
	Less than minimum area : 506
	Less than NDR width : 2
	Multiple pin connections : 2
	Off-grid : 12
	Same net spacing : 8
	Same net via-cut spacing : 46
	Short : 135
	Internal-only types : 125

[Iter 0] Elapsed real time: 0:00:49 
[Iter 0] Elapsed cpu  time: sys=0:00:01 usr=0:06:02 total=0:06:04
[Iter 0] Stage (MB): Used   23  Alloctr   25  Proc  117 
[Iter 0] Total (MB): Used  171  Alloctr  176  Proc 2813 

End DR iteration 0 with 2401 parts

Start DR iteration 1: non-uniform partition
Routed	1/472 Partitions, Violations =	824
Routed	2/472 Partitions, Violations =	813
Routed	4/472 Partitions, Violations =	793
Routed	6/472 Partitions, Violations =	776
Routed	8/472 Partitions, Violations =	771
Routed	10/472 Partitions, Violations =	771
Routed	12/472 Partitions, Violations =	764
Routed	14/472 Partitions, Violations =	764
Routed	16/472 Partitions, Violations =	751
Routed	18/472 Partitions, Violations =	747
Routed	20/472 Partitions, Violations =	746
Routed	22/472 Partitions, Violations =	741
Routed	24/472 Partitions, Violations =	737
Routed	26/472 Partitions, Violations =	735
Routed	28/472 Partitions, Violations =	722
Routed	30/472 Partitions, Violations =	722
Routed	32/472 Partitions, Violations =	716
Routed	34/472 Partitions, Violations =	711
Routed	36/472 Partitions, Violations =	701
Routed	38/472 Partitions, Violations =	699
Routed	40/472 Partitions, Violations =	683
Routed	42/472 Partitions, Violations =	683
Routed	44/472 Partitions, Violations =	679
Routed	46/472 Partitions, Violations =	676
Routed	48/472 Partitions, Violations =	670
Routed	50/472 Partitions, Violations =	670
Routed	52/472 Partitions, Violations =	660
Routed	54/472 Partitions, Violations =	644
Routed	56/472 Partitions, Violations =	639
Routed	58/472 Partitions, Violations =	637
Routed	60/472 Partitions, Violations =	637
Routed	62/472 Partitions, Violations =	635
Routed	64/472 Partitions, Violations =	625
Routed	66/472 Partitions, Violations =	621
Routed	68/472 Partitions, Violations =	615
Routed	70/472 Partitions, Violations =	612
Routed	72/472 Partitions, Violations =	608
Routed	74/472 Partitions, Violations =	605
Routed	76/472 Partitions, Violations =	602
Routed	78/472 Partitions, Violations =	588
Routed	80/472 Partitions, Violations =	584
Routed	82/472 Partitions, Violations =	584
Routed	84/472 Partitions, Violations =	578
Routed	86/472 Partitions, Violations =	574
Routed	88/472 Partitions, Violations =	574
Routed	90/472 Partitions, Violations =	576
Routed	92/472 Partitions, Violations =	574
Routed	94/472 Partitions, Violations =	562
Routed	96/472 Partitions, Violations =	558
Routed	98/472 Partitions, Violations =	554
Routed	100/472 Partitions, Violations =	537
Routed	102/472 Partitions, Violations =	535
Routed	104/472 Partitions, Violations =	531
Routed	106/472 Partitions, Violations =	531
Routed	108/472 Partitions, Violations =	524
Routed	110/472 Partitions, Violations =	511
Routed	112/472 Partitions, Violations =	507
Routed	114/472 Partitions, Violations =	504
Routed	116/472 Partitions, Violations =	504
Routed	118/472 Partitions, Violations =	497
Routed	120/472 Partitions, Violations =	495
Routed	122/472 Partitions, Violations =	495
Routed	124/472 Partitions, Violations =	494
Routed	126/472 Partitions, Violations =	486
Routed	128/472 Partitions, Violations =	483
Routed	130/472 Partitions, Violations =	480
Routed	132/472 Partitions, Violations =	479
Routed	134/472 Partitions, Violations =	470
Routed	136/472 Partitions, Violations =	462
Routed	138/472 Partitions, Violations =	462
Routed	140/472 Partitions, Violations =	458
Routed	142/472 Partitions, Violations =	457
Routed	144/472 Partitions, Violations =	450
Routed	146/472 Partitions, Violations =	450
Routed	148/472 Partitions, Violations =	447
Routed	150/472 Partitions, Violations =	442
Routed	152/472 Partitions, Violations =	437
Routed	154/472 Partitions, Violations =	434
Routed	156/472 Partitions, Violations =	417
Routed	158/472 Partitions, Violations =	414
Routed	160/472 Partitions, Violations =	413
Routed	162/472 Partitions, Violations =	409
Routed	164/472 Partitions, Violations =	405
Routed	166/472 Partitions, Violations =	405
Routed	168/472 Partitions, Violations =	402
Routed	170/472 Partitions, Violations =	402
Routed	172/472 Partitions, Violations =	401
Routed	174/472 Partitions, Violations =	397
Routed	176/472 Partitions, Violations =	397
Routed	178/472 Partitions, Violations =	381
Routed	180/472 Partitions, Violations =	378
Routed	182/472 Partitions, Violations =	376
Routed	184/472 Partitions, Violations =	374
Routed	186/472 Partitions, Violations =	374
Routed	188/472 Partitions, Violations =	372
Routed	190/472 Partitions, Violations =	372
Routed	192/472 Partitions, Violations =	370
Routed	194/472 Partitions, Violations =	370
Routed	196/472 Partitions, Violations =	367
Routed	198/472 Partitions, Violations =	366
Routed	200/472 Partitions, Violations =	366
Routed	202/472 Partitions, Violations =	365
Routed	204/472 Partitions, Violations =	363
Routed	206/472 Partitions, Violations =	355
Routed	208/472 Partitions, Violations =	351
Routed	210/472 Partitions, Violations =	350
Routed	212/472 Partitions, Violations =	349
Routed	214/472 Partitions, Violations =	349
Routed	216/472 Partitions, Violations =	341
Routed	218/472 Partitions, Violations =	338
Routed	220/472 Partitions, Violations =	339
Routed	222/472 Partitions, Violations =	339
Routed	224/472 Partitions, Violations =	337
Routed	226/472 Partitions, Violations =	334
Routed	228/472 Partitions, Violations =	333
Routed	230/472 Partitions, Violations =	328
Routed	232/472 Partitions, Violations =	327
Routed	234/472 Partitions, Violations =	326
Routed	236/472 Partitions, Violations =	326
Routed	238/472 Partitions, Violations =	326
Routed	240/472 Partitions, Violations =	325
Routed	242/472 Partitions, Violations =	320
Routed	244/472 Partitions, Violations =	314
Routed	246/472 Partitions, Violations =	309
Routed	248/472 Partitions, Violations =	306
Routed	250/472 Partitions, Violations =	307
Routed	252/472 Partitions, Violations =	301
Routed	254/472 Partitions, Violations =	306
Routed	256/472 Partitions, Violations =	308
Routed	258/472 Partitions, Violations =	300
Routed	260/472 Partitions, Violations =	296
Routed	262/472 Partitions, Violations =	295
Routed	264/472 Partitions, Violations =	293
Routed	266/472 Partitions, Violations =	296
Routed	268/472 Partitions, Violations =	294
Routed	270/472 Partitions, Violations =	292
Routed	272/472 Partitions, Violations =	288
Routed	274/472 Partitions, Violations =	287
Routed	276/472 Partitions, Violations =	282
Routed	278/472 Partitions, Violations =	283
Routed	280/472 Partitions, Violations =	282
Routed	282/472 Partitions, Violations =	280
Routed	284/472 Partitions, Violations =	279
Routed	286/472 Partitions, Violations =	276
Routed	288/472 Partitions, Violations =	270
Routed	290/472 Partitions, Violations =	269
Routed	292/472 Partitions, Violations =	268
Routed	294/472 Partitions, Violations =	269
Routed	296/472 Partitions, Violations =	271
Routed	298/472 Partitions, Violations =	268
Routed	300/472 Partitions, Violations =	265
Routed	302/472 Partitions, Violations =	262
Routed	304/472 Partitions, Violations =	262
Routed	306/472 Partitions, Violations =	264
Routed	308/472 Partitions, Violations =	263
Routed	310/472 Partitions, Violations =	263
Routed	312/472 Partitions, Violations =	250
Routed	314/472 Partitions, Violations =	248
Routed	316/472 Partitions, Violations =	242
Routed	318/472 Partitions, Violations =	240
Routed	320/472 Partitions, Violations =	237
Routed	322/472 Partitions, Violations =	236
Routed	324/472 Partitions, Violations =	236
Routed	326/472 Partitions, Violations =	234
Routed	328/472 Partitions, Violations =	231
Routed	330/472 Partitions, Violations =	229
Routed	332/472 Partitions, Violations =	229
Routed	334/472 Partitions, Violations =	224
Routed	336/472 Partitions, Violations =	224
Routed	338/472 Partitions, Violations =	223
Routed	340/472 Partitions, Violations =	222
Routed	342/472 Partitions, Violations =	218
Routed	344/472 Partitions, Violations =	217
Routed	346/472 Partitions, Violations =	215
Routed	348/472 Partitions, Violations =	214
Routed	350/472 Partitions, Violations =	214
Routed	352/472 Partitions, Violations =	209
Routed	354/472 Partitions, Violations =	206
Routed	356/472 Partitions, Violations =	206
Routed	358/472 Partitions, Violations =	204
Routed	360/472 Partitions, Violations =	198
Routed	362/472 Partitions, Violations =	196
Routed	364/472 Partitions, Violations =	194
Routed	366/472 Partitions, Violations =	192
Routed	368/472 Partitions, Violations =	190
Routed	370/472 Partitions, Violations =	189
Routed	372/472 Partitions, Violations =	183
Routed	374/472 Partitions, Violations =	183
Routed	376/472 Partitions, Violations =	180
Routed	378/472 Partitions, Violations =	174
Routed	380/472 Partitions, Violations =	174
Routed	382/472 Partitions, Violations =	174
Routed	384/472 Partitions, Violations =	173
Routed	386/472 Partitions, Violations =	172
Routed	388/472 Partitions, Violations =	169
Routed	390/472 Partitions, Violations =	168
Routed	392/472 Partitions, Violations =	164
Routed	394/472 Partitions, Violations =	165
Routed	396/472 Partitions, Violations =	163
Routed	398/472 Partitions, Violations =	158
Routed	400/472 Partitions, Violations =	157
Routed	402/472 Partitions, Violations =	154
Routed	404/472 Partitions, Violations =	154
Routed	406/472 Partitions, Violations =	154
Routed	408/472 Partitions, Violations =	155
Routed	410/472 Partitions, Violations =	159
Routed	412/472 Partitions, Violations =	158
Routed	414/472 Partitions, Violations =	157
Routed	416/472 Partitions, Violations =	157
Routed	418/472 Partitions, Violations =	160
Routed	420/472 Partitions, Violations =	152
Routed	422/472 Partitions, Violations =	151
Routed	424/472 Partitions, Violations =	148
Routed	426/472 Partitions, Violations =	146
Routed	428/472 Partitions, Violations =	146
Routed	430/472 Partitions, Violations =	144
Routed	432/472 Partitions, Violations =	141
Routed	434/472 Partitions, Violations =	141
Routed	436/472 Partitions, Violations =	140
Routed	438/472 Partitions, Violations =	136
Routed	440/472 Partitions, Violations =	134
Routed	442/472 Partitions, Violations =	132
Routed	444/472 Partitions, Violations =	133
Routed	446/472 Partitions, Violations =	130
Routed	448/472 Partitions, Violations =	130
Routed	450/472 Partitions, Violations =	129
Routed	452/472 Partitions, Violations =	129
Routed	454/472 Partitions, Violations =	128
Routed	456/472 Partitions, Violations =	128
Routed	458/472 Partitions, Violations =	123
Routed	460/472 Partitions, Violations =	121
Routed	462/472 Partitions, Violations =	119
Routed	464/472 Partitions, Violations =	118
Routed	466/472 Partitions, Violations =	116
Routed	468/472 Partitions, Violations =	116
Routed	470/472 Partitions, Violations =	115
Routed	472/472 Partitions, Violations =	113

DRC-SUMMARY:
	@@@@@@@ TOTAL VIOLATIONS =	113
	Diff net spacing : 3
	Diff net via-cut spacing : 1
	Less than minimum area : 54
	Multiple pin connections : 2
	Off-grid : 2
	Same net via-cut spacing : 11
	Short : 25
	Internal-only types : 15

[Iter 1] Elapsed real time: 0:00:52 
[Iter 1] Elapsed cpu  time: sys=0:00:02 usr=0:06:20 total=0:06:22
[Iter 1] Stage (MB): Used   23  Alloctr   25  Proc  117 
[Iter 1] Total (MB): Used  171  Alloctr  176  Proc 2813 

End DR iteration 1 with 472 parts

Start DR iteration 2: non-uniform partition
Routed	1/64 Partitions, Violations =	80
Routed	2/64 Partitions, Violations =	80
Routed	3/64 Partitions, Violations =	84
Routed	4/64 Partitions, Violations =	82
Routed	5/64 Partitions, Violations =	82
Routed	6/64 Partitions, Violations =	84
Routed	7/64 Partitions, Violations =	81
Routed	8/64 Partitions, Violations =	80
Routed	9/64 Partitions, Violations =	81
Routed	10/64 Partitions, Violations =	81
Routed	11/64 Partitions, Violations =	78
Routed	12/64 Partitions, Violations =	80
Routed	13/64 Partitions, Violations =	77
Routed	14/64 Partitions, Violations =	74
Routed	15/64 Partitions, Violations =	74
Routed	16/64 Partitions, Violations =	73
Routed	17/64 Partitions, Violations =	74
Routed	18/64 Partitions, Violations =	75
Routed	19/64 Partitions, Violations =	74
Routed	20/64 Partitions, Violations =	74
Routed	21/64 Partitions, Violations =	73
Routed	22/64 Partitions, Violations =	77
Routed	23/64 Partitions, Violations =	77
Routed	24/64 Partitions, Violations =	76
Routed	25/64 Partitions, Violations =	76
Routed	26/64 Partitions, Violations =	74
Routed	27/64 Partitions, Violations =	74
Routed	28/64 Partitions, Violations =	74
Routed	29/64 Partitions, Violations =	71
Routed	30/64 Partitions, Violations =	71
Routed	31/64 Partitions, Violations =	70
Routed	32/64 Partitions, Violations =	68
Routed	33/64 Partitions, Violations =	67
Routed	34/64 Partitions, Violations =	67
Routed	35/64 Partitions, Violations =	68
Routed	36/64 Partitions, Violations =	51
Routed	37/64 Partitions, Violations =	52
Routed	38/64 Partitions, Violations =	58
Routed	39/64 Partitions, Violations =	60
Routed	40/64 Partitions, Violations =	62
Routed	41/64 Partitions, Violations =	53
Routed	42/64 Partitions, Violations =	54
Routed	43/64 Partitions, Violations =	54
Routed	44/64 Partitions, Violations =	54
Routed	45/64 Partitions, Violations =	54
Routed	46/64 Partitions, Violations =	54
Routed	47/64 Partitions, Violations =	54
Routed	48/64 Partitions, Violations =	52
Routed	49/64 Partitions, Violations =	51
Routed	50/64 Partitions, Violations =	51
Routed	51/64 Partitions, Violations =	51
Routed	52/64 Partitions, Violations =	52
Routed	53/64 Partitions, Violations =	51
Routed	54/64 Partitions, Violations =	51
Routed	55/64 Partitions, Violations =	53
Routed	56/64 Partitions, Violations =	54
Routed	57/64 Partitions, Violations =	53
Routed	58/64 Partitions, Violations =	53
Routed	59/64 Partitions, Violations =	50
Routed	60/64 Partitions, Violations =	51
Routed	61/64 Partitions, Violations =	51
Routed	62/64 Partitions, Violations =	51
Routed	63/64 Partitions, Violations =	51
Routed	64/64 Partitions, Violations =	51

DRC-SUMMARY:
	@@@@@@@ TOTAL VIOLATIONS =	51
	Diff net spacing : 1
	Less than minimum area : 20
	Multiple pin connections : 2
	Off-grid : 2
	Same net via-cut spacing : 10
	Short : 13
	Internal-only types : 3

[Iter 2] Elapsed real time: 0:00:53 
[Iter 2] Elapsed cpu  time: sys=0:00:02 usr=0:06:27 total=0:06:29
[Iter 2] Stage (MB): Used   23  Alloctr   25  Proc  117 
[Iter 2] Total (MB): Used  171  Alloctr  176  Proc 2813 

End DR iteration 2 with 64 parts


Switch back to normal partition bloat and recalculate DRC:

Begin full DRC check ...

Information: Using 12 threads for routing. (ZRT-444)
Checked	1/169 Partitions, Violations =	51
Checked	6/169 Partitions, Violations =	51
Checked	12/169 Partitions, Violations =	51
Checked	18/169 Partitions, Violations =	51
Checked	24/169 Partitions, Violations =	51
Checked	30/169 Partitions, Violations =	51
Checked	36/169 Partitions, Violations =	47
Checked	42/169 Partitions, Violations =	51
Checked	48/169 Partitions, Violations =	51
Checked	54/169 Partitions, Violations =	50
Checked	60/169 Partitions, Violations =	48
Checked	66/169 Partitions, Violations =	50
Checked	72/169 Partitions, Violations =	46
Checked	78/169 Partitions, Violations =	43
Checked	84/169 Partitions, Violations =	48
Checked	90/169 Partitions, Violations =	49
Checked	96/169 Partitions, Violations =	48
Checked	102/169 Partitions, Violations =	45
Checked	108/169 Partitions, Violations =	48
Checked	114/169 Partitions, Violations =	47
Checked	120/169 Partitions, Violations =	47
Checked	126/169 Partitions, Violations =	47
Checked	132/169 Partitions, Violations =	48
Checked	138/169 Partitions, Violations =	48
Checked	144/169 Partitions, Violations =	48
Checked	150/169 Partitions, Violations =	48
Checked	156/169 Partitions, Violations =	47
Checked	162/169 Partitions, Violations =	48
Checked	168/169 Partitions, Violations =	48
[DRC CHECK] Elapsed real time: 0:00:55 
[DRC CHECK] Elapsed cpu  time: sys=0:00:02 usr=0:06:42 total=0:06:44
[DRC CHECK] Stage (MB): Used   23  Alloctr   26  Proc  117 
[DRC CHECK] Total (MB): Used  171  Alloctr  176  Proc 2813 
Start DR iteration 3: non-uniform partition
Routed	1/27 Partitions, Violations =	22
Routed	2/27 Partitions, Violations =	22
Routed	3/27 Partitions, Violations =	22
Routed	4/27 Partitions, Violations =	20
Routed	5/27 Partitions, Violations =	20
Routed	6/27 Partitions, Violations =	16
Routed	7/27 Partitions, Violations =	16
Routed	8/27 Partitions, Violations =	18
Routed	9/27 Partitions, Violations =	18
Routed	10/27 Partitions, Violations =	15
Routed	11/27 Partitions, Violations =	15
Routed	12/27 Partitions, Violations =	16
Routed	13/27 Partitions, Violations =	15
Routed	14/27 Partitions, Violations =	20
Routed	15/27 Partitions, Violations =	21
Routed	16/27 Partitions, Violations =	23
Routed	17/27 Partitions, Violations =	18
Routed	18/27 Partitions, Violations =	21
Routed	19/27 Partitions, Violations =	22
Routed	20/27 Partitions, Violations =	21
Routed	21/27 Partitions, Violations =	17
Routed	22/27 Partitions, Violations =	17
Routed	23/27 Partitions, Violations =	22
Routed	24/27 Partitions, Violations =	27
Routed	25/27 Partitions, Violations =	30
Routed	26/27 Partitions, Violations =	29
Routed	27/27 Partitions, Violations =	30

DRC-SUMMARY:
	@@@@@@@ TOTAL VIOLATIONS =	30
	Less than minimum area : 7
	Multiple pin connections : 2
	Off-grid : 3
	Same net via-cut spacing : 3
	Short : 12
	Internal-only types : 3

[Iter 3] Elapsed real time: 0:00:56 
[Iter 3] Elapsed cpu  time: sys=0:00:02 usr=0:06:47 total=0:06:50
[Iter 3] Stage (MB): Used   23  Alloctr   26  Proc  117 
[Iter 3] Total (MB): Used  171  Alloctr  176  Proc 2813 

End DR iteration 3 with 27 parts

Start DR iteration 4: non-uniform partition
Routed	1/11 Partitions, Violations =	5
Routed	2/11 Partitions, Violations =	3
Routed	3/11 Partitions, Violations =	4
Routed	4/11 Partitions, Violations =	4
Routed	5/11 Partitions, Violations =	5
Routed	6/11 Partitions, Violations =	5
Routed	7/11 Partitions, Violations =	7
Routed	8/11 Partitions, Violations =	9
Routed	9/11 Partitions, Violations =	8
Routed	10/11 Partitions, Violations =	9
Routed	11/11 Partitions, Violations =	11

DRC-SUMMARY:
	@@@@@@@ TOTAL VIOLATIONS =	11
	Less than minimum area : 5
	Multiple pin connections : 2
	Same net via-cut spacing : 1
	Short : 3

[Iter 4] Elapsed real time: 0:00:57 
[Iter 4] Elapsed cpu  time: sys=0:00:02 usr=0:06:50 total=0:06:53
[Iter 4] Stage (MB): Used   23  Alloctr   26  Proc  117 
[Iter 4] Total (MB): Used  171  Alloctr  176  Proc 2813 

End DR iteration 4 with 11 parts

Stop DR since reached max number of iterations

Information: Detail Routing terminated early because DRCs were not converging: false (ZRT-312)

Nets that have been changed:
Net 1 = optlc_net_26
Net 2 = scan_cg_en_i
Net 3 = boot_addr_i[31]
Net 4 = boot_addr_i[30]
Net 5 = boot_addr_i[29]
Net 6 = boot_addr_i[28]
Net 7 = boot_addr_i[27]
Net 8 = boot_addr_i[26]
Net 9 = boot_addr_i[25]
Net 10 = boot_addr_i[24]
Net 11 = boot_addr_i[23]
Net 12 = boot_addr_i[22]
Net 13 = boot_addr_i[21]
Net 14 = boot_addr_i[20]
Net 15 = boot_addr_i[19]
Net 16 = boot_addr_i[18]
Net 17 = boot_addr_i[17]
Net 18 = boot_addr_i[16]
Net 19 = boot_addr_i[15]
Net 20 = boot_addr_i[14]
Net 21 = boot_addr_i[13]
Net 22 = boot_addr_i[12]
Net 23 = boot_addr_i[11]
Net 24 = boot_addr_i[10]
Net 25 = boot_addr_i[9]
Net 26 = boot_addr_i[8]
Net 27 = boot_addr_i[7]
Net 28 = boot_addr_i[6]
Net 29 = boot_addr_i[5]
Net 30 = boot_addr_i[4]
Net 31 = boot_addr_i[3]
Net 32 = boot_addr_i[2]
Net 33 = mtvec_addr_i[31]
Net 34 = mtvec_addr_i[30]
Net 35 = mtvec_addr_i[29]
Net 36 = mtvec_addr_i[28]
Net 37 = mtvec_addr_i[27]
Net 38 = mtvec_addr_i[26]
Net 39 = mtvec_addr_i[25]
Net 40 = mtvec_addr_i[24]
Net 41 = mtvec_addr_i[23]
Net 42 = mtvec_addr_i[22]
Net 43 = mtvec_addr_i[21]
Net 44 = mtvec_addr_i[20]
Net 45 = mtvec_addr_i[19]
Net 46 = mtvec_addr_i[18]
Net 47 = mtvec_addr_i[17]
Net 48 = mtvec_addr_i[16]
Net 49 = mtvec_addr_i[15]
Net 50 = mtvec_addr_i[14]
Net 51 = mtvec_addr_i[13]
Net 52 = mtvec_addr_i[12]
Net 53 = mtvec_addr_i[11]
Net 54 = mtvec_addr_i[10]
Net 55 = mtvec_addr_i[9]
Net 56 = mtvec_addr_i[8]
Net 57 = dm_halt_addr_i[31]
Net 58 = dm_halt_addr_i[30]
Net 59 = dm_halt_addr_i[29]
Net 60 = dm_halt_addr_i[28]
Net 61 = dm_halt_addr_i[27]
Net 62 = dm_halt_addr_i[26]
Net 63 = dm_halt_addr_i[25]
Net 64 = dm_halt_addr_i[24]
Net 65 = dm_halt_addr_i[23]
Net 66 = dm_halt_addr_i[22]
Net 67 = dm_halt_addr_i[21]
Net 68 = dm_halt_addr_i[20]
Net 69 = dm_halt_addr_i[19]
Net 70 = dm_halt_addr_i[18]
Net 71 = dm_halt_addr_i[17]
Net 72 = dm_halt_addr_i[16]
Net 73 = dm_halt_addr_i[15]
Net 74 = dm_halt_addr_i[14]
Net 75 = dm_halt_addr_i[13]
Net 76 = dm_halt_addr_i[12]
Net 77 = dm_halt_addr_i[11]
Net 78 = dm_halt_addr_i[10]
Net 79 = dm_halt_addr_i[9]
Net 80 = dm_halt_addr_i[8]
Net 81 = dm_halt_addr_i[7]
Net 82 = dm_halt_addr_i[6]
Net 83 = dm_halt_addr_i[5]
Net 84 = dm_halt_addr_i[4]
Net 85 = dm_halt_addr_i[3]
Net 86 = dm_halt_addr_i[2]
Net 87 = hart_id_i[31]
Net 88 = hart_id_i[30]
Net 89 = hart_id_i[29]
Net 90 = hart_id_i[28]
Net 91 = hart_id_i[27]
Net 92 = hart_id_i[26]
Net 93 = hart_id_i[25]
Net 94 = hart_id_i[24]
Net 95 = hart_id_i[23]
Net 96 = hart_id_i[22]
Net 97 = hart_id_i[21]
Net 98 = hart_id_i[20]
Net 99 = hart_id_i[19]
Net 100 = hart_id_i[18]
.... and 26860 other nets
Total number of changed nets = 26960 (out of 26992)

[DR: Done] Elapsed real time: 0:00:57 
[DR: Done] Elapsed cpu  time: sys=0:00:02 usr=0:06:50 total=0:06:53
[DR: Done] Stage (MB): Used    5  Alloctr    7  Proc  117 
[DR: Done] Total (MB): Used  153  Alloctr  158  Proc 2813 
[ECO: DR] Elapsed real time: 0:01:31 
[ECO: DR] Elapsed cpu  time: sys=0:00:06 usr=0:08:40 total=0:08:46
[ECO: DR] Stage (MB): Used  152  Alloctr  156  Proc  667 
[ECO: DR] Total (MB): Used  153  Alloctr  158  Proc 2813 

ECO Route finished with 0 open nets, of which 0 are frozen
Information: Merged away 1 aligned/redundant DRCs. (ZRT-305)

ECO Route finished with 10 violations

DRC-SUMMARY:
	@@@@@@@ TOTAL VIOLATIONS =	10
	Less than minimum area : 5
	Multiple pin connections : 2
	Same net via-cut spacing : 1
	Short : 2



Total Wire Length =                    455830 micron
Total Number of Contacts =             192077
Total Number of Wires =                235830
Total Number of PtConns =              26569
Total Number of Routed Wires =       235830
Total Routed Wire Length =           436080 micron
Total Number of Routed Contacts =       192077
	Layer               M1 :       1192 micron
	Layer               M2 :     196340 micron
	Layer               M3 :     211319 micron
	Layer               M4 :      18945 micron
	Layer               M5 :      22735 micron
	Layer               M6 :       5077 micron
	Layer               M7 :         23 micron
	Layer               M8 :        198 micron
	Layer               M9 :          0 micron
	Layer             MRDL :          0 micron
	Via       VIA78SQ(rot) :         12
	Via          VIA67SQ_C :          9
	Via     VIA67SQ_C(rot) :         15
	Via     VIA56SQ_C(rot) :         57
	Via            VIA56SQ :        339
	Via            VIA45SQ :       1947
	Via     VIA34SQ_C(rot) :       6636
	Via        VIA34BAR2_C :         19
	Via            VIA34SQ :        122
	Via       VIA34SQ(rot) :        486
	Via   VIA3_34SQ_C(rot) :          1
	Via          VIA23SQ_C :     116591
	Via     VIA23SQ_C(rot) :          3
	Via   VIA23BAR2_C(rot) :          1
	Via            VIA23SQ :         19
	Via       VIA23SQ(rot) :          3
	Via          VIA23BAR1 :          4
	Via        VIA2_33SQ_C :        113
	Via        VIA23_3SQ_C :         52
	Via          VIA12SQ_C :         13
	Via     VIA12SQ_C(rot) :      64466
	Via   VIA12BAR2_C(rot) :          1
	Via          VIA12LG_C :          1
	Via       VIA12SQ(rot) :        302
	Via   VIA1_32SQ_C(rot) :        865

 
Redundant via conversion report:
--------------------------------

  Total optimized via conversion rate =  0.00% (0 / 192077 vias)
 
    Layer VIA1       =  0.00% (0      / 65648   vias)
        Un-optimized =  0.00% (0       vias)
        Un-mapped    = 100.00% (65648   vias)
    Layer VIA2       =  0.00% (0      / 116786  vias)
        Un-optimized =  0.00% (0       vias)
        Un-mapped    = 100.00% (116786  vias)
    Layer VIA3       =  0.00% (0      / 7264    vias)
        Un-optimized =  0.00% (0       vias)
        Un-mapped    = 100.00% (7264    vias)
    Layer VIA4       =  0.00% (0      / 1947    vias)
        Un-optimized =  0.00% (0       vias)
        Un-mapped    = 100.00% (1947    vias)
    Layer VIA5       =  0.00% (0      / 396     vias)
        Un-optimized =  0.00% (0       vias)
        Un-mapped    = 100.00% (396     vias)
    Layer VIA6       =  0.00% (0      / 24      vias)
        Un-optimized =  0.00% (0       vias)
        Un-mapped    = 100.00% (24      vias)
    Layer VIA7       =  0.00% (0      / 12      vias)
        Un-optimized =  0.00% (0       vias)
        Un-mapped    = 100.00% (12      vias)
 
  Total double via conversion rate    =  0.00% (0 / 192077 vias)
 
    Layer VIA1       =  0.00% (0      / 65648   vias)
    Layer VIA2       =  0.00% (0      / 116786  vias)
    Layer VIA3       =  0.00% (0      / 7264    vias)
    Layer VIA4       =  0.00% (0      / 1947    vias)
    Layer VIA5       =  0.00% (0      / 396     vias)
    Layer VIA6       =  0.00% (0      / 24      vias)
    Layer VIA7       =  0.00% (0      / 12      vias)
 
  The optimized via conversion rate based on total routed via count =  0.00% (0 / 192077 vias)
 
    Layer VIA1       =  0.00% (0      / 65648   vias)
        Un-optimized =  0.00% (0       vias)
        Un-mapped    = 100.00% (65648   vias)
    Layer VIA2       =  0.00% (0      / 116786  vias)
        Un-optimized =  0.00% (0       vias)
        Un-mapped    = 100.00% (116786  vias)
    Layer VIA3       =  0.00% (0      / 7264    vias)
        Un-optimized =  0.00% (0       vias)
        Un-mapped    = 100.00% (7264    vias)
    Layer VIA4       =  0.00% (0      / 1947    vias)
        Un-optimized =  0.00% (0       vias)
        Un-mapped    = 100.00% (1947    vias)
    Layer VIA5       =  0.00% (0      / 396     vias)
        Un-optimized =  0.00% (0       vias)
        Un-mapped    = 100.00% (396     vias)
    Layer VIA6       =  0.00% (0      / 24      vias)
        Un-optimized =  0.00% (0       vias)
        Un-mapped    = 100.00% (24      vias)
    Layer VIA7       =  0.00% (0      / 12      vias)
        Un-optimized =  0.00% (0       vias)
        Un-mapped    = 100.00% (12      vias)
 

Total number of nets = 26992
0 open nets, of which 0 are frozen
Total number of excluded ports = 0 ports of 0 unplaced cells connected to 0 nets
                                 0 ports without pins of 0 cells connected to 0 nets
                                 0 ports of 0 cover cells connected to 0 non-pg nets
Total number of DRCs = 10
Total number of antenna violations = antenna checking not active
Information: Routes in non-preferred voltage areas = 0 (ZRT-559)

Total Wire Length =                    455830 micron
Total Number of Contacts =             192077
Total Number of Wires =                235830
Total Number of PtConns =              26569
Total Number of Routed Wires =       235830
Total Routed Wire Length =           436080 micron
Total Number of Routed Contacts =       192077
	Layer               M1 :       1192 micron
	Layer               M2 :     196340 micron
	Layer               M3 :     211319 micron
	Layer               M4 :      18945 micron
	Layer               M5 :      22735 micron
	Layer               M6 :       5077 micron
	Layer               M7 :         23 micron
	Layer               M8 :        198 micron
	Layer               M9 :          0 micron
	Layer             MRDL :          0 micron
	Via       VIA78SQ(rot) :         12
	Via          VIA67SQ_C :          9
	Via     VIA67SQ_C(rot) :         15
	Via     VIA56SQ_C(rot) :         57
	Via            VIA56SQ :        339
	Via            VIA45SQ :       1947
	Via     VIA34SQ_C(rot) :       6636
	Via        VIA34BAR2_C :         19
	Via            VIA34SQ :        122
	Via       VIA34SQ(rot) :        486
	Via   VIA3_34SQ_C(rot) :          1
	Via          VIA23SQ_C :     116591
	Via     VIA23SQ_C(rot) :          3
	Via   VIA23BAR2_C(rot) :          1
	Via            VIA23SQ :         19
	Via       VIA23SQ(rot) :          3
	Via          VIA23BAR1 :          4
	Via        VIA2_33SQ_C :        113
	Via        VIA23_3SQ_C :         52
	Via          VIA12SQ_C :         13
	Via     VIA12SQ_C(rot) :      64466
	Via   VIA12BAR2_C(rot) :          1
	Via          VIA12LG_C :          1
	Via       VIA12SQ(rot) :        302
	Via   VIA1_32SQ_C(rot) :        865

 
Redundant via conversion report:
--------------------------------

  Total optimized via conversion rate =  0.00% (0 / 192077 vias)
 
    Layer VIA1       =  0.00% (0      / 65648   vias)
        Un-optimized =  0.00% (0       vias)
        Un-mapped    = 100.00% (65648   vias)
    Layer VIA2       =  0.00% (0      / 116786  vias)
        Un-optimized =  0.00% (0       vias)
        Un-mapped    = 100.00% (116786  vias)
    Layer VIA3       =  0.00% (0      / 7264    vias)
        Un-optimized =  0.00% (0       vias)
        Un-mapped    = 100.00% (7264    vias)
    Layer VIA4       =  0.00% (0      / 1947    vias)
        Un-optimized =  0.00% (0       vias)
        Un-mapped    = 100.00% (1947    vias)
    Layer VIA5       =  0.00% (0      / 396     vias)
        Un-optimized =  0.00% (0       vias)
        Un-mapped    = 100.00% (396     vias)
    Layer VIA6       =  0.00% (0      / 24      vias)
        Un-optimized =  0.00% (0       vias)
        Un-mapped    = 100.00% (24      vias)
    Layer VIA7       =  0.00% (0      / 12      vias)
        Un-optimized =  0.00% (0       vias)
        Un-mapped    = 100.00% (12      vias)
 
  Total double via conversion rate    =  0.00% (0 / 192077 vias)
 
    Layer VIA1       =  0.00% (0      / 65648   vias)
    Layer VIA2       =  0.00% (0      / 116786  vias)
    Layer VIA3       =  0.00% (0      / 7264    vias)
    Layer VIA4       =  0.00% (0      / 1947    vias)
    Layer VIA5       =  0.00% (0      / 396     vias)
    Layer VIA6       =  0.00% (0      / 24      vias)
    Layer VIA7       =  0.00% (0      / 12      vias)
 
  The optimized via conversion rate based on total routed via count =  0.00% (0 / 192077 vias)
 
    Layer VIA1       =  0.00% (0      / 65648   vias)
        Un-optimized =  0.00% (0       vias)
        Un-mapped    = 100.00% (65648   vias)
    Layer VIA2       =  0.00% (0      / 116786  vias)
        Un-optimized =  0.00% (0       vias)
        Un-mapped    = 100.00% (116786  vias)
    Layer VIA3       =  0.00% (0      / 7264    vias)
        Un-optimized =  0.00% (0       vias)
        Un-mapped    = 100.00% (7264    vias)
    Layer VIA4       =  0.00% (0      / 1947    vias)
        Un-optimized =  0.00% (0       vias)
        Un-mapped    = 100.00% (1947    vias)
    Layer VIA5       =  0.00% (0      / 396     vias)
        Un-optimized =  0.00% (0       vias)
        Un-mapped    = 100.00% (396     vias)
    Layer VIA6       =  0.00% (0      / 24      vias)
        Un-optimized =  0.00% (0       vias)
        Un-mapped    = 100.00% (24      vias)
    Layer VIA7       =  0.00% (0      / 12      vias)
        Un-optimized =  0.00% (0       vias)
        Un-mapped    = 100.00% (12      vias)
 
Topology ECO not run, no qualifying violations or in frozen nets.
Updating the database ...
...updated 53920 nets
[ECO: End] Elapsed real time: 0:01:34 
[ECO: End] Elapsed cpu  time: sys=0:00:06 usr=0:08:43 total=0:08:50
[ECO: End] Stage (MB): Used    0  Alloctr    0  Proc  667 
[ECO: End] Total (MB): Used    0  Alloctr    1  Proc 2813 

Route-opt ECO routing complete            CPU:   777 s (  0.22 hr )  ELAPSE:   190 s (  0.05 hr )  MEM-PEAK:  1530 MB
Co-efficient Ratio Summary:
4.193421605155  6.578038173730  2.479639287277  7.744187540401  0.485050000353  3.179565833784  5.567214754587  2.894454487461  -6.565921317863  9.018538180419  3.106040300933
9.863439509851  6.078123964085  2.744208341123  8.318115604907  9.699225026083  2.464623950064  1.382370221226  9.387184129619  -3.142429506669  0.969353911679  6.615549723294
4.146578793224  7.876358918112  2.191135103696  0.963734141094  2.700148443881  3.840450064440  3.750206053169  7.663458942299  -6.212201267950  7.750279605672  7.864602056717
0.402387977150  0.032845095897  0.596111512371  4.701287396892  7.205135512169  8.278351398268  1.183725190997  3.334436508244  -5.867609831622  7.174495517079  9.661278999761
7.591487347087  7.632106393266  7.679078063326  9.831314288630  1.878805817928  3.230072343539  1.226270037326  7.050450594780  -2.403928273631  6.130453776769  4.102679066110
1.274718589655  4.570746653063  5.624878808820  7.826857253678  4.759133418263  5.409027926377  2.609823652834  0.626142638674  -6.381676752919  9.188075254100  0.515015796621
5.027570618562  6.119813446103  6.181472312107  1.581675365776  7.486041822107  9.584562469756  2.041727387119  3.921160967338  -0.650488782345  9.473059134114  3.360843394994
4.897111549020  6.860149244452  2.000104051691  9.095345907689  2.197041709512  0.915900067443  5.466092308426  8.142690255883  -4.607193365224  8.245953355592  3.506239705451
1.682716012888  7.173433718510  9.939562708373  3.617852772683  8.946772637652  1.169969532707  4.529946656262  3.090979609795  -5.580726236993  1.132887324545  0.723168625254
7.515947417690  0.649322209371  1.017031043513  5.811519666269  5.826730883342  4.349383292435  0.216216918317  9.612142622527  -7.311156882104  0.824009702653  0.358520286693
Information: The net parasitics of block cv32e40p_top are cleared. (TIM-123)
Begin building search trees for block cv32e40p_top:cv32e40p_top_6_routed.design
Done building search trees for block cv32e40p_top:cv32e40p_top_6_routed.design (time 0s)
Information: The stitching and editing of coupling caps is turned OFF for design 'cv32e40p_top:cv32e40p_top_6_routed.design'. (TIM-125)
Information: Design cv32e40p_top_6_routed has 26977 nets, 0 global routed, 26975 detail routed. (NEX-024)
Warning: Technology layer 'M4' setting 'pitch' is not valid (NEX-001)
Warning: Technology layer 'MRDL' setting 'pitch' is not valid (NEX-001)
Warning: Parasitic Tech Library layer 'M1' parameter 'SMIN' = 0.040 does not match 0.026 of technology file (NEX-007)
Warning: Parasitic Tech Library layer 'M2' parameter 'SMIN' = 0.040 does not match 0.026 of technology file (NEX-007)
Warning: Parasitic Tech Library layer 'M3' parameter 'SMIN' = 0.040 does not match 0.026 of technology file (NEX-007)
Warning: Parasitic Tech Library layer 'M1' parameter 'SMIN' = 0.040 does not match 0.026 of technology file (NEX-007)
Warning: Parasitic Tech Library layer 'M2' parameter 'SMIN' = 0.040 does not match 0.026 of technology file (NEX-007)
Warning: Parasitic Tech Library layer 'M3' parameter 'SMIN' = 0.040 does not match 0.026 of technology file (NEX-007)
Warning: Parasitic Tech Library layer 'M8' parameter 'WMIN' = 0.030 does not match 0.060 of technology file (NEX-007)
Warning: Parasitic Tech Library layer 'M8' parameter 'SMIN' = 0.060 does not match 0.040 of technology file (NEX-007)
Information: The RC mode used is DR for design 'cv32e40p_top'. (NEX-022)
---extraction options---
Corner: slow_Cmax
 late_cap_scale                : 1
 late_res_scale                : 1
 early_cap_scale               : 1
 early_res_scale               : 1
Corner: slow_Cmin
 late_cap_scale                : 1
 late_res_scale                : 1
 early_cap_scale               : 1
 early_res_scale               : 1
Corner: fast_Cmax
 late_cap_scale                : 1
 late_res_scale                : 1
 early_cap_scale               : 1
 early_res_scale               : 1
Corner: fast_Cmin
 late_cap_scale                : 1
 late_res_scale                : 1
 early_cap_scale               : 1
 early_res_scale               : 1
Global options:
 reference_direction       : use_from_tluplus
 real_metalfill_extraction : none
 virtual_shield_extraction : true
---app options---
 host.max_cores                   : 12
 extract.connect_open           : true
 extract.incremental_extraction : true
 extract.enable_coupling_cap    : false
Extracting design: cv32e40p_top_6_routed 
Information: coupling capacitance is lumped to ground. (NEX-030)
Information: 26975 nets are successfully extracted. (NEX-028)
Information: Advanced receiver model has not been enabled for detailed routed design. (TIM-204)
Information: Update timing completed net estimation for all the timing graph nets (TIM-111)
Information: Net estimation statistics: timing graph nets = 26975, routed nets = 26975, across physical hierarchy nets = 0, parasitics cached nets = 26975, delay annotated nets = 0, parasitics annotated nets = 0, multi-voltage nets = 0. (TIM-112)

Route-opt final QoR
___________________
Scenario Mapping Table
1: func_fast_Cmax
2: func_fast_Cmin
3: func_slow_Cmax
4: func_slow_Cmin
5: test_fast_Cmax
6: test_fast_Cmin
7: test_slow_Cmax
8: test_slow_Cmin

Pathgroup Mapping Table
1: **default**
2: **async_default**
3: **clock_gating_default**
4: **in2reg_default**
5: **reg2out_default**
6: **in2out_default**
7: clk_i

-----------------------------------------------------------------------------------------------------------
Scene  PG      WNS        TNS    NSV      WHV        THV    NHV
    1   1   0.0000     0.0000      0   0.0000     0.0000      0
    1   2   0.0000     0.0000      0   0.0000     0.0000      0
    1   3   0.0000     0.0000      0   0.0000     0.0000      0
    1   4   0.0000     0.0000      0   0.0000     0.0000      0
    1   5   0.0000     0.0000      0   0.0000     0.0000      0
    1   6   0.0000     0.0000      0   0.0000     0.0000      0
    1   7   0.0000     0.0000      0   0.0000     0.0000      0
    2   1   0.0000     0.0000      0   0.0000     0.0000      0
    2   2   0.0000     0.0000      0   0.0000     0.0000      0
    2   3   0.0000     0.0000      0   0.0000     0.0000      0
    2   4   0.0000     0.0000      0   0.0000     0.0000      0
    2   5   0.0000     0.0000      0   0.0000     0.0000      0
    2   6   0.0000     0.0000      0   0.0000     0.0000      0
    2   7   0.0000     0.0000      0   0.0000     0.0000      0
    3   1   0.0000     0.0000      0   0.0000     0.0000      0
    3   2   0.0000     0.0000      0   0.0000     0.0000      0
    3   3   0.0000     0.0000      0   0.0000     0.0000      0
    3   4   0.0000     0.0000      0   0.0000     0.0000      0
    3   5   0.0000     0.0000      0   0.0000     0.0000      0
    3   6   0.0000     0.0000      0   0.0000     0.0000      0
    3   7   0.0765     4.1022    129   0.0000     0.0000      0
    4   1   0.0000     0.0000      0   0.0000     0.0000      0
    4   2   0.0000     0.0000      0   0.0000     0.0000      0
    4   3   0.0000     0.0000      0   0.0000     0.0000      0
    4   4   0.0000     0.0000      0   0.0000     0.0000      0
    4   5   0.0000     0.0000      0   0.0000     0.0000      0
    4   6   0.0000     0.0000      0   0.0000     0.0000      0
    4   7   0.0028     0.0089      4   0.0000     0.0000      0
    5   1   0.0000     0.0000      0   0.0000     0.0000      0
    5   2   0.0000     0.0000      0   0.0000     0.0000      0
    5   3   0.0000     0.0000      0   0.0000     0.0000      0
    5   4   0.0000     0.0000      0   0.0000     0.0000      0
    5   5   0.0000     0.0000      0   0.0000     0.0000      0
    5   6   0.0000     0.0000      0   0.0000     0.0000      0
    5   7   0.0000     0.0000      0   0.0000     0.0000      0
    6   1   0.0000     0.0000      0   0.0000     0.0000      0
    6   2   0.0000     0.0000      0   0.0000     0.0000      0
    6   3   0.0000     0.0000      0   0.0000     0.0000      0
    6   4   0.0000     0.0000      0   0.0000     0.0000      0
    6   5   0.0000     0.0000      0   0.0000     0.0000      0
    6   6   0.0000     0.0000      0   0.0000     0.0000      0
    6   7   0.0000     0.0000      0   0.0000     0.0000      0
    7   1   0.0000     0.0000      0   0.0000     0.0000      0
    7   2   0.0000     0.0000      0   0.0000     0.0000      0
    7   3   0.0000     0.0000      0   0.0000     0.0000      0
    7   4   0.0000     0.0000      0   0.0000     0.0000      0
    7   5   0.0000     0.0000      0   0.0000     0.0000      0
    7   6   0.0000     0.0000      0   0.0000     0.0000      0
    7   7   0.0753     3.9511    127   0.0000     0.0000      0
    8   1   0.0000     0.0000      0   0.0000     0.0000      0
    8   2   0.0000     0.0000      0   0.0000     0.0000      0
    8   3   0.0000     0.0000      0   0.0000     0.0000      0
    8   4   0.0000     0.0000      0   0.0000     0.0000      0
    8   5   0.0000     0.0000      0   0.0000     0.0000      0
    8   6   0.0000     0.0000      0   0.0000     0.0000      0
    8   7   0.0028     0.0089      4   0.0000     0.0000      0
--------------------------------------------------------------------------------------------------------------------
Scene  PG      WNS        TNS    NSV      WHV        THV    NHV  MaxTrnV  MaxCapV    Leakage
    1   *   0.0000     0.0000      0   0.0000     0.0000      0        0        0          -
    2   *   0.0000     0.0000      0   0.0000     0.0000      0        0        0          -
    3   *   0.0765     4.1022    129   0.0000     0.0000      0        0      146          -
    4   *   0.0028     0.0089      4   0.0000     0.0000      0        0       58          -
    5   *   0.0000     0.0000      0   0.0000     0.0000      0        0        0          -
    6   *   0.0000     0.0000      0   0.0000     0.0000      0        0        0          -
    7   *   0.0753     3.9511    127   0.0000     0.0000      0        0      146          -
    8   *   0.0028     0.0089      4   0.0000     0.0000      0        0       58          -
--------------------------------------------------------------------------------------------------------------------
Scene  PG      WNS        TNS    NSV      WHV        THV    NHV  MaxTrnV  MaxCapV    Leakage         Area    InstCnt
    *   *   0.0765     4.1070    130   0.0000     0.0000      0        0      146          -     15906.61      24690
--------------------------------------------------------------------------------------------------------------------

Route-opt final QoR Summary         WNS        TNS    NSV      WHV        THV    NHV  MaxTrnV  MaxCapV    Leakage         Area    InstCnt
Route-opt final QoR Summary      0.0765     4.1070    130   0.0000     0.0000      0        0      146          -     15906.61      24690

Route-opt command complete                CPU:   843 s (  0.23 hr )  ELAPSE:   201 s (  0.06 hr )  MEM-PEAK:  1530 MB
Route-opt command statistics  CPU=822 sec (0.23 hr) ELAPSED=179 sec (0.05 hr) MEM-PEAK=1.494 GB
Information: Running auto PG connection. (NDM-099)
1
sh date
Tue Jul  1 16:55:30 CST 2025
connect_pg_net -net "VDD" [get_pins -hierarchical "*/VDD*"]
connect_pg_net -net "VSS" [get_pins -hierarchical "*/VSS"]
route_detail -incremental true
Information: The net parasitics of block cv32e40p_top are cleared. (TIM-123)
Warning: Cell contains tie connections which are not connected to real PG. (ZRT-511)
Turn off antenna since no rule is specified
Cell Min-Routing-Layer = M1
Cell Max-Routing-Layer = M9
Warning: There is no constraint to limit maximum number of secondary power and ground (PG) pins in a cluster. (ZRT-536)
Warning: There is no constraint to limit maximum number of secondary power and ground (PG) pins in a cluster. (ZRT-536)
Warning: There is no constraint to limit maximum number of secondary power and ground (PG) pins in a cluster. (ZRT-536)
Warning: There is no constraint to limit maximum number of secondary power and ground (PG) pins in a cluster. (ZRT-536)
Warning: There is no constraint to limit maximum number of secondary power and ground (PG) pins in a cluster. (ZRT-536)
Warning: There is no constraint to limit maximum number of secondary power and ground (PG) pins in a cluster. (ZRT-536)
Warning: There is no constraint to limit maximum number of secondary power and ground (PG) pins in a cluster. (ZRT-536)
Warning: There is no constraint to limit maximum number of secondary power and ground (PG) pins in a cluster. (ZRT-536)
Warning: There is no constraint to limit maximum number of secondary power and ground (PG) pins in a cluster. (ZRT-536)
Warning: There is no constraint to limit maximum number of secondary power and ground (PG) pins in a cluster. (ZRT-536)
Warning: There is no constraint to limit maximum number of secondary power and ground (PG) pins in a cluster. (ZRT-536)
Warning: There is no constraint to limit maximum number of secondary power and ground (PG) pins in a cluster. (ZRT-536)
Warning: There is no constraint to limit maximum number of secondary power and ground (PG) pins in a cluster. (ZRT-536)
Warning: There is no constraint to limit maximum number of secondary power and ground (PG) pins in a cluster. (ZRT-536)
Warning: There is no constraint to limit maximum number of secondary power and ground (PG) pins in a cluster. (ZRT-536)
Warning: There is no constraint to limit maximum number of secondary power and ground (PG) pins in a cluster. (ZRT-536)
Warning: Ignore 2 top cell ports with no pins. (ZRT-027)
Skipping 1 internal pins that are not physical. Set route.common.verbose_level to > 0 and run routing command to get skipped pin names.
Info: number of net_type_blockage: 0 
Via on layer (VIA1) needs more than one tracks
Warning: Layer M1 pitch 0.074 may be too small: wire/via-down 0.074, wire/via-up 0.098. (ZRT-026)
Via on layer (VIA1) needs more than one tracks
Warning: Layer M2 pitch 0.060 may be too small: wire/via-down 0.098, wire/via-up 0.060. (ZRT-026)
Via on layer (VIA3) needs more than one tracks
Warning: Layer M3 pitch 0.074 may be too small: wire/via-down 0.060, wire/via-up 0.080. (ZRT-026)
Wire on layer (M4) needs more than one tracks
Via on layer (VIA3) needs more than one tracks
Via on layer (VIA4) needs more than one tracks
Warning: Layer M4 pitch 0.074 may be too small: wire/via-down 0.107, wire/via-up 0.105. (ZRT-026)
Via on layer (VIA4) needs more than one tracks
Warning: Layer M5 pitch 0.120 may be too small: wire/via-down 0.135, wire/via-up 0.107. (ZRT-026)
Via on layer (VIA8) needs more than one tracks
Warning: Layer M8 pitch 0.120 may be too small: wire/via-down 0.107, wire/via-up 0.135. (ZRT-026)
Wire on layer (M9) needs more than one tracks
Via on layer (VIA8) needs more than one tracks
Via on layer (VIARDL) needs more than one tracks
Warning: Layer M9 pitch 0.120 may be too small: wire/via-down 0.135, wire/via-up 1.570. (ZRT-026)
Via on layer (VIARDL) needs more than one tracks
Warning: Layer MRDL pitch 0.600 may be too small: wire/via-down 4.500, wire/via-up 0.600. (ZRT-026)
Transition layer name: M3(2)
Warning: Standard cell pin SAEDRVT14_BUF_PECO_2/VDD has no valid via regions. (ZRT-044)
Warning: Standard cell pin SAEDRVT14_BUF_PECO_4/VDD has no valid via regions. (ZRT-044)
Warning: Standard cell pin SAEDRVT14_BUF_PECO_12/VDD has no valid via regions. (ZRT-044)
Warning: Standard cell pin SAEDRVT14_BUF_PS_3/VDD has no valid via regions. (ZRT-044)
Warning: Standard cell pin SAEDRVT14_BUF_PS_6/VDD has no valid via regions. (ZRT-044)
Warning: Standard cell pin SAEDRVT14_AOBUF_IW_3/VDD has no valid via regions. (ZRT-044)
Warning: Standard cell pin SAEDRVT14_AOBUF_IW_6/VDD has no valid via regions. (ZRT-044)
Warning: Standard cell pin SAEDRVT14_BUF_PECO_8/VDD has no valid via regions. (ZRT-044)
Warning: Standard cell pin SAEDRVT14_OA2BB2_2/B1 has no valid via regions. (ZRT-044)
Warning: Standard cell pin SAEDRVT14_AOI21_V1_6/B has no valid via regions. (ZRT-044)
Warning: Standard cell pin SAEDRVT14_NR2_2/A1 has no valid via regions. (ZRT-044)
Warning: Standard cell pin SAEDRVT14_NR2_2/X has no valid via regions. (ZRT-044)
Warning: Standard cell pin SAEDRVT14_NR3B_4/A has no valid via regions. (ZRT-044)
Printing options for 'route.common.*'
common.verbose_level                                    :	 0                   

Printing options for 'route.detail.*'
detail.antenna                                          :	 true                
detail.force_end_on_preferred_grid                      :	 true                

Printing options for 'route.auto_via_ladder.*'


Begin full DRC check ...

Information: Using 12 threads for routing. (ZRT-444)
Checked	1/169 Partitions, Violations =	0
Checked	6/169 Partitions, Violations =	0
Checked	12/169 Partitions, Violations =	0
Checked	18/169 Partitions, Violations =	0
Checked	24/169 Partitions, Violations =	0
Checked	30/169 Partitions, Violations =	2
Checked	36/169 Partitions, Violations =	2
Checked	42/169 Partitions, Violations =	2
Checked	48/169 Partitions, Violations =	2
Checked	54/169 Partitions, Violations =	2
Checked	60/169 Partitions, Violations =	2
Checked	66/169 Partitions, Violations =	2
Checked	72/169 Partitions, Violations =	2
Checked	78/169 Partitions, Violations =	2
Checked	84/169 Partitions, Violations =	2
Checked	90/169 Partitions, Violations =	3
Checked	96/169 Partitions, Violations =	4
Checked	102/169 Partitions, Violations =	5
Checked	108/169 Partitions, Violations =	5
Checked	114/169 Partitions, Violations =	5
Checked	120/169 Partitions, Violations =	5
Checked	126/169 Partitions, Violations =	5
Checked	132/169 Partitions, Violations =	5
Checked	138/169 Partitions, Violations =	5
Checked	144/169 Partitions, Violations =	7
Checked	150/169 Partitions, Violations =	7
Checked	156/169 Partitions, Violations =	7
Checked	162/169 Partitions, Violations =	9
Checked	168/169 Partitions, Violations =	9
[DRC CHECK] Elapsed real time: 0:00:04 
[DRC CHECK] Elapsed cpu  time: sys=0:00:00 usr=0:00:27 total=0:00:28
[DRC CHECK] Stage (MB): Used    0  Alloctr    1  Proc    0 
[DRC CHECK] Total (MB): Used  170  Alloctr  177  Proc 2733 
Loading parastics information to the router ...
Warning: Technology layer 'M4' setting 'pitch' is not valid (NEX-001)
Warning: Technology layer 'MRDL' setting 'pitch' is not valid (NEX-001)
Warning: Parasitic Tech Library layer 'M1' parameter 'SMIN' = 0.040 does not match 0.026 of technology file (NEX-007)
Warning: Parasitic Tech Library layer 'M2' parameter 'SMIN' = 0.040 does not match 0.026 of technology file (NEX-007)
Warning: Parasitic Tech Library layer 'M3' parameter 'SMIN' = 0.040 does not match 0.026 of technology file (NEX-007)
Warning: Parasitic Tech Library layer 'M1' parameter 'SMIN' = 0.040 does not match 0.026 of technology file (NEX-007)
Warning: Parasitic Tech Library layer 'M2' parameter 'SMIN' = 0.040 does not match 0.026 of technology file (NEX-007)
Warning: Parasitic Tech Library layer 'M3' parameter 'SMIN' = 0.040 does not match 0.026 of technology file (NEX-007)
Warning: Parasitic Tech Library layer 'M8' parameter 'WMIN' = 0.030 does not match 0.060 of technology file (NEX-007)
Warning: Parasitic Tech Library layer 'M8' parameter 'SMIN' = 0.060 does not match 0.040 of technology file (NEX-007)
parastics information loaded to the router.
Printing options for 'route.common.*'
common.verbose_level                                    :	 0                   

Printing options for 'route.detail.*'
detail.antenna                                          :	 true                
detail.force_end_on_preferred_grid                      :	 true                

Printing options for 'route.auto_via_ladder.*'

Information: RC layer preference is turned on for this design. (ZRT-613)
[Dr init] Elapsed real time: 0:00:08 
[Dr init] Elapsed cpu  time: sys=0:00:00 usr=0:00:47 total=0:00:48
[Dr init] Stage (MB): Used  160  Alloctr  166  Proc    0 
[Dr init] Total (MB): Used  161  Alloctr  168  Proc 2733 
Total number of nets = 26992, of which 0 are not extracted
Total number of open nets = 0, of which 0 are frozen
Information: Using 12 threads for routing. (ZRT-444)
Routing in incremental mode, starting from iteration 13

Start DR iteration 13: non-uniform partition
Routed	1/7 Partitions, Violations =	1
Routed	2/7 Partitions, Violations =	3
Routed	3/7 Partitions, Violations =	6
Routed	4/7 Partitions, Violations =	7
Routed	5/7 Partitions, Violations =	7
Routed	6/7 Partitions, Violations =	9
Routed	7/7 Partitions, Violations =	10

DRC-SUMMARY:
	@@@@@@@ TOTAL VIOLATIONS =	10
	Less than minimum area : 7
	Same net via-cut spacing : 1
	Short : 2

[Iter 13] Elapsed real time: 0:00:08 
[Iter 13] Elapsed cpu  time: sys=0:00:01 usr=0:00:49 total=0:00:50
[Iter 13] Stage (MB): Used  169  Alloctr  175  Proc    0 
[Iter 13] Total (MB): Used  170  Alloctr  177  Proc 2733 

End DR iteration 13 with 7 parts

Start DR iteration 14: non-uniform partition
Routed	1/6 Partitions, Violations =	2
Routed	2/6 Partitions, Violations =	0
Routed	3/6 Partitions, Violations =	2
Routed	4/6 Partitions, Violations =	2
Routed	5/6 Partitions, Violations =	2
Routed	6/6 Partitions, Violations =	4

DRC-SUMMARY:
	@@@@@@@ TOTAL VIOLATIONS =	4
	Less than minimum area : 2
	Short : 2

[Iter 14] Elapsed real time: 0:00:09 
[Iter 14] Elapsed cpu  time: sys=0:00:01 usr=0:00:51 total=0:00:53
[Iter 14] Stage (MB): Used  169  Alloctr  175  Proc    0 
[Iter 14] Total (MB): Used  170  Alloctr  177  Proc 2733 

End DR iteration 14 with 6 parts

Start DR iteration 15: non-uniform partition
Routed	1/2 Partitions, Violations =	2
Routed	2/2 Partitions, Violations =	4

DRC-SUMMARY:
	@@@@@@@ TOTAL VIOLATIONS =	4
	Less than minimum area : 2
	Short : 2

[Iter 15] Elapsed real time: 0:00:10 
[Iter 15] Elapsed cpu  time: sys=0:00:01 usr=0:00:54 total=0:00:55
[Iter 15] Stage (MB): Used  169  Alloctr  175  Proc    0 
[Iter 15] Total (MB): Used  170  Alloctr  177  Proc 2733 

End DR iteration 15 with 2 parts

Start DR iteration 16: non-uniform partition
Routed	1/2 Partitions, Violations =	2
Routed	2/2 Partitions, Violations =	3

DRC-SUMMARY:
	@@@@@@@ TOTAL VIOLATIONS =	3
	Less than minimum area : 1
	Short : 2

[Iter 16] Elapsed real time: 0:00:13 
[Iter 16] Elapsed cpu  time: sys=0:00:01 usr=0:00:57 total=0:00:59
[Iter 16] Stage (MB): Used  169  Alloctr  175  Proc    0 
[Iter 16] Total (MB): Used  170  Alloctr  177  Proc 2733 

End DR iteration 16 with 2 parts

Start DR iteration 17: non-uniform partition
Routed	1/2 Partitions, Violations =	2
Routed	2/2 Partitions, Violations =	5

DRC-SUMMARY:
	@@@@@@@ TOTAL VIOLATIONS =	5
	Less than minimum area : 2
	Same net via-cut spacing : 1
	Short : 2

[Iter 17] Elapsed real time: 0:00:14 
[Iter 17] Elapsed cpu  time: sys=0:00:01 usr=0:01:00 total=0:01:01
[Iter 17] Stage (MB): Used  169  Alloctr  175  Proc    0 
[Iter 17] Total (MB): Used  170  Alloctr  177  Proc 2733 

End DR iteration 17 with 2 parts

Start DR iteration 18: non-uniform partition
Routed	1/2 Partitions, Violations =	2
Routed	2/2 Partitions, Violations =	4

DRC-SUMMARY:
	@@@@@@@ TOTAL VIOLATIONS =	4
	Less than minimum area : 2
	Short : 2

[Iter 18] Elapsed real time: 0:00:15 
[Iter 18] Elapsed cpu  time: sys=0:00:01 usr=0:01:02 total=0:01:04
[Iter 18] Stage (MB): Used  169  Alloctr  175  Proc    0 
[Iter 18] Total (MB): Used  170  Alloctr  177  Proc 2733 

End DR iteration 18 with 2 parts

Start DR iteration 19: non-uniform partition
Routed	1/2 Partitions, Violations =	2
Routed	2/2 Partitions, Violations =	4

DRC-SUMMARY:
	@@@@@@@ TOTAL VIOLATIONS =	4
	Less than minimum area : 1
	Same net via-cut spacing : 1
	Short : 2

[Iter 19] Elapsed real time: 0:00:16 
[Iter 19] Elapsed cpu  time: sys=0:00:01 usr=0:01:05 total=0:01:07
[Iter 19] Stage (MB): Used  169  Alloctr  175  Proc    0 
[Iter 19] Total (MB): Used  170  Alloctr  177  Proc 2733 

End DR iteration 19 with 2 parts

Stop DR since not converging

Information: Detail Routing terminated early because DRCs were not converging: true (ZRT-312)
[DR] Elapsed real time: 0:00:16 
[DR] Elapsed cpu  time: sys=0:00:01 usr=0:01:05 total=0:01:07
[DR] Stage (MB): Used  151  Alloctr  157  Proc    0 
[DR] Total (MB): Used  152  Alloctr  159  Proc 2733 
[DR: Done] Elapsed real time: 0:00:16 
[DR: Done] Elapsed cpu  time: sys=0:00:01 usr=0:01:05 total=0:01:07
[DR: Done] Stage (MB): Used  151  Alloctr  157  Proc    0 
[DR: Done] Total (MB): Used  152  Alloctr  159  Proc 2733 

DR finished with 0 open nets, of which 0 are frozen
Information: Merged away 1 aligned/redundant DRCs. (ZRT-305)

DR finished with 3 violations

DRC-SUMMARY:
	@@@@@@@ TOTAL VIOLATIONS =	3
	Less than minimum area : 1
	Same net via-cut spacing : 1
	Short : 1



Total Wire Length =                    455953 micron
Total Number of Contacts =             192079
Total Number of Wires =                235757
Total Number of PtConns =              26603
Total Number of Routed Wires =       235757
Total Routed Wire Length =           436174 micron
Total Number of Routed Contacts =       192079
	Layer                 M1 :       1192 micron
	Layer                 M2 :     196367 micron
	Layer                 M3 :     211414 micron
	Layer                 M4 :      18944 micron
	Layer                 M5 :      22736 micron
	Layer                 M6 :       5079 micron
	Layer                 M7 :         23 micron
	Layer                 M8 :        198 micron
	Layer                 M9 :          0 micron
	Layer               MRDL :          0 micron
	Via         VIA78SQ(rot) :         12
	Via            VIA67SQ_C :          9
	Via       VIA67SQ_C(rot) :         15
	Via            VIA56SQ_C :          1
	Via       VIA56SQ_C(rot) :         57
	Via              VIA56SQ :        338
	Via              VIA45SQ :       1949
	Via            VIA34SQ_C :          1
	Via       VIA34SQ_C(rot) :       6630
	Via          VIA34BAR2_C :         19
	Via              VIA34SQ :        122
	Via         VIA34SQ(rot) :        486
	Via     VIA3_34SQ_C(rot) :          3
	Via            VIA3_34SQ :          3
	Via            VIA23SQ_C :     116588
	Via       VIA23SQ_C(rot) :          3
	Via     VIA23BAR2_C(rot) :          1
	Via              VIA23SQ :         19
	Via         VIA23SQ(rot) :          3
	Via            VIA23BAR1 :          4
	Via          VIA2_33SQ_C :        108
	Via          VIA23_3SQ_C :         58
	Via        VIA2_33_3SQ_C :          1
	Via            VIA12SQ_C :         13
	Via       VIA12SQ_C(rot) :      64460
	Via     VIA12BAR2_C(rot) :          1
	Via            VIA12LG_C :          1
	Via         VIA12SQ(rot) :        302
	Via     VIA1_32SQ_C(rot) :        863
	Via     VIA12_3SQ_C(rot) :          3
	Via   VIA1_32_3SQ_C(rot) :          6

 
Redundant via conversion report:
--------------------------------

  Total optimized via conversion rate =  0.00% (0 / 192079 vias)
 
    Layer VIA1       =  0.00% (0      / 65649   vias)
        Un-optimized =  0.00% (0       vias)
        Un-mapped    = 100.00% (65649   vias)
    Layer VIA2       =  0.00% (0      / 116785  vias)
        Un-optimized =  0.00% (0       vias)
        Un-mapped    = 100.00% (116785  vias)
    Layer VIA3       =  0.00% (0      / 7264    vias)
        Un-optimized =  0.00% (0       vias)
        Un-mapped    = 100.00% (7264    vias)
    Layer VIA4       =  0.00% (0      / 1949    vias)
        Un-optimized =  0.00% (0       vias)
        Un-mapped    = 100.00% (1949    vias)
    Layer VIA5       =  0.00% (0      / 396     vias)
        Un-optimized =  0.00% (0       vias)
        Un-mapped    = 100.00% (396     vias)
    Layer VIA6       =  0.00% (0      / 24      vias)
        Un-optimized =  0.00% (0       vias)
        Un-mapped    = 100.00% (24      vias)
    Layer VIA7       =  0.00% (0      / 12      vias)
        Un-optimized =  0.00% (0       vias)
        Un-mapped    = 100.00% (12      vias)
 
  Total double via conversion rate    =  0.00% (0 / 192079 vias)
 
    Layer VIA1       =  0.00% (0      / 65649   vias)
    Layer VIA2       =  0.00% (0      / 116785  vias)
    Layer VIA3       =  0.00% (0      / 7264    vias)
    Layer VIA4       =  0.00% (0      / 1949    vias)
    Layer VIA5       =  0.00% (0      / 396     vias)
    Layer VIA6       =  0.00% (0      / 24      vias)
    Layer VIA7       =  0.00% (0      / 12      vias)
 
  The optimized via conversion rate based on total routed via count =  0.00% (0 / 192079 vias)
 
    Layer VIA1       =  0.00% (0      / 65649   vias)
        Un-optimized =  0.00% (0       vias)
        Un-mapped    = 100.00% (65649   vias)
    Layer VIA2       =  0.00% (0      / 116785  vias)
        Un-optimized =  0.00% (0       vias)
        Un-mapped    = 100.00% (116785  vias)
    Layer VIA3       =  0.00% (0      / 7264    vias)
        Un-optimized =  0.00% (0       vias)
        Un-mapped    = 100.00% (7264    vias)
    Layer VIA4       =  0.00% (0      / 1949    vias)
        Un-optimized =  0.00% (0       vias)
        Un-mapped    = 100.00% (1949    vias)
    Layer VIA5       =  0.00% (0      / 396     vias)
        Un-optimized =  0.00% (0       vias)
        Un-mapped    = 100.00% (396     vias)
    Layer VIA6       =  0.00% (0      / 24      vias)
        Un-optimized =  0.00% (0       vias)
        Un-mapped    = 100.00% (24      vias)
    Layer VIA7       =  0.00% (0      / 12      vias)
        Un-optimized =  0.00% (0       vias)
        Un-mapped    = 100.00% (12      vias)
 

Total number of nets = 26992
0 open nets, of which 0 are frozen
Total number of excluded ports = 0 ports of 0 unplaced cells connected to 0 nets
                                 0 ports without pins of 0 cells connected to 0 nets
                                 0 ports of 0 cover cells connected to 0 non-pg nets
Total number of DRCs = 3
Total number of antenna violations = antenna checking not active
Information: Routes in non-preferred voltage areas = 0 (ZRT-559)

Topology ECO not run, no qualifying violations or in frozen nets.
Updating the database ...
check_pg_drc
Begin building search trees for block cv32e40p_top:cv32e40p_top_6_routed.design
Done building search trees for block cv32e40p_top:cv32e40p_top_6_routed.design (time 0s)
Command check_pg_drc started  at Tue Jul  1 16:55:53 2025
Command check_pg_drc finished at Tue Jul  1 16:55:55 2025
CPU usage for check_pg_drc: 11.45 seconds ( 0.00 hours)
Elapsed time for check_pg_drc: 1.70 seconds ( 0.00 hours)
Total number of errors found: 4
   4 shorts on M2
------------
Description of the errors can be seen in gui error set "DRC_report_by_check_pg_drc"
------------
check_legality

************************

running check_legality

Warning: Routing direction of metal layer PO is neither "horizontal" nor "vertical".  PDC checks will not be performed on this layer. (PDC-003)
PDC app_options settings =========
	place.legalize.enable_prerouted_net_check: 1
	place.legalize.num_tracks_for_access_check: 1
	place.legalize.use_eol_spacing_for_access_check: 0
	place.legalize.allow_touch_track_for_access_check: 1
	place.legalize.reduce_conservatism_in_eol_check: 0
	place.legalize.preroute_shape_merge_distance: 0.0
	place.legalize.enable_non_preferred_direction_span_check: 0

Layer M1: cached 0 shapes out of 4160 total shapes.
Layer M2: cached 0 shapes out of 137667 total shapes.
Layer M3: cached 0 shapes out of 113334 total shapes.
Cached 6435 vias out of 205117 total vias.

check_legality for block design cv32e40p_top ... 
Warning: Library cell saed14rvt:SAEDRVT14_ISOFSDPQ_PECO_8.frame is missing supply pins. Its power structure cannot be determined. (LGL-050)
Warning: Library cell saed14rvt:SAEDRVT14_DCAP_PV1ECO_12.frame is missing supply pins. Its power structure cannot be determined. (LGL-050)
Warning: Routing direction of metal layer PO is neither "horizontal" nor "vertical".  PDC checks will not be performed on this layer. (PDC-003)
=====> Processed 99 ref cells (25 fillers) from library
Design has no advanced rules
Checking legality
Checking cell legality:
0%....10%....20%....30%....40%....50%....60%....70%....80%....90%....100%
Sorting rows.
Checking spacing rule legality.
0%....10%....20%....30%....40%....50%....60%....70%....80%....90%....100%
Checking packing rule legality.
0%....10%....20%....30%....40%....50%....60%....70%....80%....90%....100%

****************************************
  Report : Legality
****************************************

VIOLATIONS BY CATEGORY:
   MOVABLE  APP-FIXED USER-FIXED  DESCRIPTION
         0          0          0  Two objects overlap.
         0          0          0  A cell violates a pnet.
         0          0          0  A cell is illegal at a site.
         0          0          0  A cell is not aligned with a site.
         0          0          0  A cell has an illegal orientation.
         0          0          0  A cell spacing rule is violated.
         0          0          0  A layer rule is violated.
         0          0          0  A cell is in the wrong region.
         0          0          0  Two cells violate cts margins.
         0          0          0  Two cells violate coloring.

         0          0          0  TOTAL

TOTAL 0 Violations.

VIOLATIONS BY SUBCATEGORY:
     MOVABLE  APP-FIXED USER-FIXED  DESCRIPTION

         0          0          0    Two objects overlap.
           0          0          0    Two cells overlap.
           0          0          0    Two cells have overlapping keepout margins.
           0          0          0    A cell overlaps a blockage.
           0          0          0    A cell keepout margin overlaps a blockage.

         0          0          0    A cell violates a pnet.

         0          0          0    A cell is illegal at a site.
           0          0          0    A cell violates pin-track alignment rules.
           0          0          0    A cell is illegal at a site.
           0          0          0    A cell violates legal index rule.
           0          0          0    A cell has the wrong variant for its location.

         0          0          0    A cell is not aligned with a site.
           0          0          0    A cell is not aligned with the base site.
           0          0          0    A cell is not aligned with an overlaid site.

         0          0          0    A cell has an illegal orientation.

         0          0          0    A cell spacing rule is violated.
           0          0          0    A spacing rule is violated in a row.
           0          0          0    A spacing rule is violated between adjacent rows.
           0          0          0    A cell violates vertical abutment rule.
           0          0          0    A cell violates metal spacing rule.

         0          0          0    A layer rule is violated.
           0          0          0    A layer VTH rule is violated.
           0          0          0    A layer OD rule is violated.
           0          0          0    A layer OD max-width rule is violated.
           0          0          0    A layer ALL_OD corner rule is violated.
           0          0          0    A layer max-vertical-length rule is violated.
           0          0          0    A layer TPO rule is violated.
           0          0          0    Filler cell insertion cannot satisfy layer rules.

         0          0          0    A cell is in the wrong region.
           0          0          0    A cell is outside its hard bound.
           0          0          0    A cell is in the wrong voltage area.
           0          0          0    A cell violates an exclusive movebound.

         0          0          0    Two cells violate cts margins.

         0          0          0    Two cells violate coloring.


check_legality for block design cv32e40p_top succeeded!


check_legality succeeded.

**************************

1
check_routes
Warning: Cell contains tie connections which are not connected to real PG. (ZRT-511)
Turn off antenna since no rule is specified
Cell Min-Routing-Layer = M1
Cell Max-Routing-Layer = M9
Warning: There is no constraint to limit maximum number of secondary power and ground (PG) pins in a cluster. (ZRT-536)
Warning: There is no constraint to limit maximum number of secondary power and ground (PG) pins in a cluster. (ZRT-536)
Warning: There is no constraint to limit maximum number of secondary power and ground (PG) pins in a cluster. (ZRT-536)
Warning: There is no constraint to limit maximum number of secondary power and ground (PG) pins in a cluster. (ZRT-536)
Warning: There is no constraint to limit maximum number of secondary power and ground (PG) pins in a cluster. (ZRT-536)
Warning: There is no constraint to limit maximum number of secondary power and ground (PG) pins in a cluster. (ZRT-536)
Warning: There is no constraint to limit maximum number of secondary power and ground (PG) pins in a cluster. (ZRT-536)
Warning: There is no constraint to limit maximum number of secondary power and ground (PG) pins in a cluster. (ZRT-536)
Warning: There is no constraint to limit maximum number of secondary power and ground (PG) pins in a cluster. (ZRT-536)
Warning: There is no constraint to limit maximum number of secondary power and ground (PG) pins in a cluster. (ZRT-536)
Warning: There is no constraint to limit maximum number of secondary power and ground (PG) pins in a cluster. (ZRT-536)
Warning: There is no constraint to limit maximum number of secondary power and ground (PG) pins in a cluster. (ZRT-536)
Warning: There is no constraint to limit maximum number of secondary power and ground (PG) pins in a cluster. (ZRT-536)
Warning: There is no constraint to limit maximum number of secondary power and ground (PG) pins in a cluster. (ZRT-536)
Warning: There is no constraint to limit maximum number of secondary power and ground (PG) pins in a cluster. (ZRT-536)
Warning: There is no constraint to limit maximum number of secondary power and ground (PG) pins in a cluster. (ZRT-536)
Warning: Ignore 2 top cell ports with no pins. (ZRT-027)
Skipping 1 internal pins that are not physical. Set route.common.verbose_level to > 0 and run routing command to get skipped pin names.
Info: number of net_type_blockage: 0 
Via on layer (VIA1) needs more than one tracks
Warning: Layer M1 pitch 0.074 may be too small: wire/via-down 0.074, wire/via-up 0.098. (ZRT-026)
Via on layer (VIA1) needs more than one tracks
Warning: Layer M2 pitch 0.060 may be too small: wire/via-down 0.098, wire/via-up 0.060. (ZRT-026)
Via on layer (VIA3) needs more than one tracks
Warning: Layer M3 pitch 0.074 may be too small: wire/via-down 0.060, wire/via-up 0.080. (ZRT-026)
Wire on layer (M4) needs more than one tracks
Via on layer (VIA3) needs more than one tracks
Via on layer (VIA4) needs more than one tracks
Warning: Layer M4 pitch 0.074 may be too small: wire/via-down 0.107, wire/via-up 0.105. (ZRT-026)
Via on layer (VIA4) needs more than one tracks
Warning: Layer M5 pitch 0.120 may be too small: wire/via-down 0.135, wire/via-up 0.107. (ZRT-026)
Via on layer (VIA8) needs more than one tracks
Warning: Layer M8 pitch 0.120 may be too small: wire/via-down 0.107, wire/via-up 0.135. (ZRT-026)
Wire on layer (M9) needs more than one tracks
Via on layer (VIA8) needs more than one tracks
Via on layer (VIARDL) needs more than one tracks
Warning: Layer M9 pitch 0.120 may be too small: wire/via-down 0.135, wire/via-up 1.570. (ZRT-026)
Via on layer (VIARDL) needs more than one tracks
Warning: Layer MRDL pitch 0.600 may be too small: wire/via-down 4.500, wire/via-up 0.600. (ZRT-026)
Transition layer name: M3(2)
Warning: Standard cell pin SAEDRVT14_BUF_PECO_2/VDD has no valid via regions. (ZRT-044)
Warning: Standard cell pin SAEDRVT14_BUF_PECO_4/VDD has no valid via regions. (ZRT-044)
Warning: Standard cell pin SAEDRVT14_BUF_PECO_12/VDD has no valid via regions. (ZRT-044)
Warning: Standard cell pin SAEDRVT14_BUF_PS_3/VDD has no valid via regions. (ZRT-044)
Warning: Standard cell pin SAEDRVT14_BUF_PS_6/VDD has no valid via regions. (ZRT-044)
Warning: Standard cell pin SAEDRVT14_AOBUF_IW_3/VDD has no valid via regions. (ZRT-044)
Warning: Standard cell pin SAEDRVT14_BUF_PECO_8/VDD has no valid via regions. (ZRT-044)
Warning: Standard cell pin SAEDRVT14_AOBUF_IW_6/VDD has no valid via regions. (ZRT-044)
Warning: Standard cell pin SAEDRVT14_NR2_2/A1 has no valid via regions. (ZRT-044)
Warning: Standard cell pin SAEDRVT14_NR2_2/X has no valid via regions. (ZRT-044)
Warning: Standard cell pin SAEDRVT14_AOI21_V1_6/B has no valid via regions. (ZRT-044)
Warning: Standard cell pin SAEDRVT14_OA2BB2_2/B1 has no valid via regions. (ZRT-044)
Warning: Standard cell pin SAEDRVT14_NR3B_4/A has no valid via regions. (ZRT-044)


Start checking for open nets ... 

Total number of nets = 26992, of which 0 are not extracted
Total number of open nets = 0, of which 0 are frozen

Check 26992 nets, 0 have Errors

[CHECK OPEN NETS] Elapsed real time: 0:00:00 
[CHECK OPEN NETS] Elapsed cpu  time: sys=0:00:00 usr=0:00:00 total=0:00:00
[CHECK OPEN NETS] Stage (MB): Used    0  Alloctr    0  Proc    0 
[CHECK OPEN NETS] Total (MB): Used  146  Alloctr  153  Proc 2761 
Printing options for 'route.common.*'
common.verbose_level                                    :	 0                   

Printing options for 'route.detail.*'
detail.antenna                                          :	 true                
detail.force_end_on_preferred_grid                      :	 true                

Printing options for 'route.auto_via_ladder.*'


Begin full DRC check ...

Information: Using 12 threads for routing. (ZRT-444)
Checked	1/169 Partitions, Violations =	0
Checked	6/169 Partitions, Violations =	0
Checked	12/169 Partitions, Violations =	0
Checked	18/169 Partitions, Violations =	0
Checked	24/169 Partitions, Violations =	0
Checked	30/169 Partitions, Violations =	0
Checked	36/169 Partitions, Violations =	2
Checked	42/169 Partitions, Violations =	2
Checked	48/169 Partitions, Violations =	2
Checked	54/169 Partitions, Violations =	2
Checked	60/169 Partitions, Violations =	2
Checked	66/169 Partitions, Violations =	2
Checked	72/169 Partitions, Violations =	2
Checked	78/169 Partitions, Violations =	2
Checked	84/169 Partitions, Violations =	2
Checked	90/169 Partitions, Violations =	2
Checked	96/169 Partitions, Violations =	2
Checked	102/169 Partitions, Violations =	2
Checked	108/169 Partitions, Violations =	2
Checked	114/169 Partitions, Violations =	2
Checked	120/169 Partitions, Violations =	2
Checked	126/169 Partitions, Violations =	2
Checked	132/169 Partitions, Violations =	2
Checked	138/169 Partitions, Violations =	2
Checked	144/169 Partitions, Violations =	4
Checked	150/169 Partitions, Violations =	4
Checked	156/169 Partitions, Violations =	4
Checked	162/169 Partitions, Violations =	4
Checked	168/169 Partitions, Violations =	4
[DRC CHECK] Elapsed real time: 0:00:04 
[DRC CHECK] Elapsed cpu  time: sys=0:00:00 usr=0:00:27 total=0:00:27
[DRC CHECK] Stage (MB): Used    0  Alloctr    1  Proc    0 
[DRC CHECK] Total (MB): Used  170  Alloctr  177  Proc 2761 
Warning: No antenna rules defined, Skip antenna analysis. (ZRT-309)
Information: Merged away 1 aligned/redundant DRCs. (ZRT-305)

DRC-SUMMARY:
	@@@@@@@ TOTAL VIOLATIONS =	3
	Less than minimum area : 1
	Same net via-cut spacing : 1
	Short : 1


Total Wire Length =                    455953 micron
Total Number of Contacts =             192079
Total Number of Wires =                236001
Total Number of PtConns =              26603
Total Number of Routed Wires =       236001
Total Routed Wire Length =           436174 micron
Total Number of Routed Contacts =       192079
	Layer                 M1 :       1192 micron
	Layer                 M2 :     196367 micron
	Layer                 M3 :     211414 micron
	Layer                 M4 :      18944 micron
	Layer                 M5 :      22736 micron
	Layer                 M6 :       5079 micron
	Layer                 M7 :         23 micron
	Layer                 M8 :        198 micron
	Layer                 M9 :          0 micron
	Layer               MRDL :          0 micron
	Via         VIA78SQ(rot) :         12
	Via            VIA67SQ_C :          9
	Via       VIA67SQ_C(rot) :         15
	Via            VIA56SQ_C :          1
	Via       VIA56SQ_C(rot) :         57
	Via              VIA56SQ :        338
	Via              VIA45SQ :       1949
	Via            VIA34SQ_C :          1
	Via       VIA34SQ_C(rot) :       6630
	Via          VIA34BAR2_C :         19
	Via              VIA34SQ :        122
	Via         VIA34SQ(rot) :        486
	Via     VIA3_34SQ_C(rot) :          3
	Via            VIA3_34SQ :          3
	Via            VIA23SQ_C :     116588
	Via       VIA23SQ_C(rot) :          3
	Via     VIA23BAR2_C(rot) :          1
	Via              VIA23SQ :         19
	Via         VIA23SQ(rot) :          3
	Via            VIA23BAR1 :          4
	Via          VIA2_33SQ_C :        108
	Via          VIA23_3SQ_C :         58
	Via        VIA2_33_3SQ_C :          1
	Via            VIA12SQ_C :         13
	Via       VIA12SQ_C(rot) :      64460
	Via     VIA12BAR2_C(rot) :          1
	Via            VIA12LG_C :          1
	Via         VIA12SQ(rot) :        302
	Via     VIA1_32SQ_C(rot) :        863
	Via     VIA12_3SQ_C(rot) :          3
	Via   VIA1_32_3SQ_C(rot) :          6

 
Redundant via conversion report:
--------------------------------

  Total optimized via conversion rate =  0.00% (0 / 192079 vias)
 
    Layer VIA1       =  0.00% (0      / 65649   vias)
        Un-optimized =  0.00% (0       vias)
        Un-mapped    = 100.00% (65649   vias)
    Layer VIA2       =  0.00% (0      / 116785  vias)
        Un-optimized =  0.00% (0       vias)
        Un-mapped    = 100.00% (116785  vias)
    Layer VIA3       =  0.00% (0      / 7264    vias)
        Un-optimized =  0.00% (0       vias)
        Un-mapped    = 100.00% (7264    vias)
    Layer VIA4       =  0.00% (0      / 1949    vias)
        Un-optimized =  0.00% (0       vias)
        Un-mapped    = 100.00% (1949    vias)
    Layer VIA5       =  0.00% (0      / 396     vias)
        Un-optimized =  0.00% (0       vias)
        Un-mapped    = 100.00% (396     vias)
    Layer VIA6       =  0.00% (0      / 24      vias)
        Un-optimized =  0.00% (0       vias)
        Un-mapped    = 100.00% (24      vias)
    Layer VIA7       =  0.00% (0      / 12      vias)
        Un-optimized =  0.00% (0       vias)
        Un-mapped    = 100.00% (12      vias)
 
  Total double via conversion rate    =  0.00% (0 / 192079 vias)
 
    Layer VIA1       =  0.00% (0      / 65649   vias)
    Layer VIA2       =  0.00% (0      / 116785  vias)
    Layer VIA3       =  0.00% (0      / 7264    vias)
    Layer VIA4       =  0.00% (0      / 1949    vias)
    Layer VIA5       =  0.00% (0      / 396     vias)
    Layer VIA6       =  0.00% (0      / 24      vias)
    Layer VIA7       =  0.00% (0      / 12      vias)
 
  The optimized via conversion rate based on total routed via count =  0.00% (0 / 192079 vias)
 
    Layer VIA1       =  0.00% (0      / 65649   vias)
        Un-optimized =  0.00% (0       vias)
        Un-mapped    = 100.00% (65649   vias)
    Layer VIA2       =  0.00% (0      / 116785  vias)
        Un-optimized =  0.00% (0       vias)
        Un-mapped    = 100.00% (116785  vias)
    Layer VIA3       =  0.00% (0      / 7264    vias)
        Un-optimized =  0.00% (0       vias)
        Un-mapped    = 100.00% (7264    vias)
    Layer VIA4       =  0.00% (0      / 1949    vias)
        Un-optimized =  0.00% (0       vias)
        Un-mapped    = 100.00% (1949    vias)
    Layer VIA5       =  0.00% (0      / 396     vias)
        Un-optimized =  0.00% (0       vias)
        Un-mapped    = 100.00% (396     vias)
    Layer VIA6       =  0.00% (0      / 24      vias)
        Un-optimized =  0.00% (0       vias)
        Un-mapped    = 100.00% (24      vias)
    Layer VIA7       =  0.00% (0      / 12      vias)
        Un-optimized =  0.00% (0       vias)
        Un-mapped    = 100.00% (12      vias)
 


Verify Summary:

Total number of nets = 26992, of which 0 are not extracted
Total number of open nets = 0, of which 0 are frozen
Total number of excluded ports = 0 ports of 0 unplaced cells connected to 0 nets
                                 0 ports without pins of 0 cells connected to 0 nets
                                 0 ports of 0 cover cells connected to 0 non-pg nets
Total number of DRCs = 3
Total number of antenna violations = no antenna rules defined
Total number of tie to rail violations = not checked
Total number of tie to rail directly violations = not checked


check_lvs -max_errors 0
Information: Using 12 threads for LVS
[Check Short] Stage 1	Elapsed =    0:00:00, CPU =    0:00:00
[Check Net] Init	Elapsed =    0:00:00, CPU =    0:00:00
Warning: Port VDD have no valid pin shapes. Skip this port. (RT-203)
Warning: Port VSS have no valid pin shapes. Skip this port. (RT-203)
[Check Short] Stage 1-2	Elapsed =    0:00:00, CPU =    0:00:03
[Check Short] Stage 2	Elapsed =    0:00:01, CPU =    0:00:04
[Check Short] Stage 2-2	Elapsed =    0:00:01, CPU =    0:00:11
[Check Short] Stage 3	Elapsed =    0:00:01, CPU =    0:00:11
[Check Short] End	Elapsed =    0:00:01, CPU =    0:00:11
[Check Net] 10% 	Elapsed =    0:00:02, CPU =    0:00:13
[Check Net] 20% 	Elapsed =    0:00:02, CPU =    0:00:14
[Check Net] 30% 	Elapsed =    0:00:02, CPU =    0:00:14
[Check Net] 40% 	Elapsed =    0:00:02, CPU =    0:00:15
[Check Net] 50% 	Elapsed =    0:00:02, CPU =    0:00:15
[Check Net] 60% 	Elapsed =    0:00:02, CPU =    0:00:16
[Check Net] 70% 	Elapsed =    0:00:02, CPU =    0:00:16
[Check Net] 80% 	Elapsed =    0:00:02, CPU =    0:00:17
[Check Net] 90% 	Elapsed =    0:00:02, CPU =    0:00:17
Warning: Net pulp_clock_en_i has less than 2 valid port. Skip open checking for this net. (RT-204)
Warning: Net mtvec_addr_i[1] has less than 2 valid port. Skip open checking for this net. (RT-204)
Warning: Net boot_addr_i[0] has less than 2 valid port. Skip open checking for this net. (RT-204)
Warning: Net mtvec_addr_i[7] has less than 2 valid port. Skip open checking for this net. (RT-204)
Warning: Net dm_exception_addr_i[0] has less than 2 valid port. Skip open checking for this net. (RT-204)
[Check Net] All nets are submitted.
Warning: Net mtvec_addr_i[5] has less than 2 valid port. Skip open checking for this net. (RT-204)
Warning: Net mtvec_addr_i[4] has less than 2 valid port. Skip open checking for this net. (RT-204)
Warning: Net mtvec_addr_i[3] has less than 2 valid port. Skip open checking for this net. (RT-204)
Warning: Net mtvec_addr_i[2] has less than 2 valid port. Skip open checking for this net. (RT-204)
Warning: Net boot_addr_i[1] has less than 2 valid port. Skip open checking for this net. (RT-204)
Warning: Net mtvec_addr_i[0] has less than 2 valid port. Skip open checking for this net. (RT-204)
Warning: Net dm_halt_addr_i[1] has less than 2 valid port. Skip open checking for this net. (RT-204)
Warning: Net dm_halt_addr_i[0] has less than 2 valid port. Skip open checking for this net. (RT-204)
Warning: Net dm_exception_addr_i[1] has less than 2 valid port. Skip open checking for this net. (RT-204)
Warning: Net mtvec_addr_i[6] has less than 2 valid port. Skip open checking for this net. (RT-204)
[Check Net] 100%	Elapsed =    0:00:02, CPU =    0:00:18
Information: Detected short violation. Net1: VSS. Net2: core_i/jump_target_id[30]. BBox: (166.8330 155.5450)(166.8670 155.6550). Layer: M3. (RT-586)
Information: Detected short violation. Net1: VSS. Net2: core_i/jump_target_id[30]. BBox: (166.8330 155.5650)(166.8670 155.6350). Layer: M3. (RT-586)
Total number of input nets is 26998.
Total number of short violations is 2.
Total number of open nets is 0.
Total number of floating route violations is 0.

Elapsed =    0:00:03, CPU =    0:00:19
1
save_block -as ${design}_6_routed
Information: Saving block 'cv32e40p_top:cv32e40p_top_6_routed.design'
1
sh mkdir -p netlists
sh mkdir -p reports/routing
sh mkdir -p outputs
write_verilog -top_module_first ./netlists/${design}_routed.v
1
report_cells > reports/routing/report_cells_routed.rpt
report_congestion > reports/routing/report_congestion_routed.rpt
report_timing -delay_type max -max_path 20 > reports/routing/setup_routed.rpt
report_timing -delay_type min -max_path 20 > reports/routing/hold_routed.rpt
report_utilization > reports/routing/routing_utilization.rpt
report_qor > reports/routing/routing_qor.rpt
analyze_design_violations > reports/routing/analyze_design_violations_routed.rpt
write_parasitics -output ./outputs/${design} > outputs/spef_writing.rpt
foreach scenario {func_fast_Cmax func_fast_Cmin func_slow_Cmax func_slow_Cmin} {
    write_sdc -nosplit -output ./outputs/$scenario.sdc -scenario $scenario 
}
#remove_shapes [get_shapes -of_objects [get_nets core_i/id_stage_i/register_file_i/n2831 ]]
#remove_vias [get_vias -of_objects [get_nets core_i/id_stage_i/register_file_i/n2831 ]]
#route_detail -incremental true
#create_shape -layer M3 -boundary {{166.643 178.531} {166.831 179.234} -shape_type rect
#route_eco -nets core_i/cs_registers_i/n2056
icc2_shell> start_gui
icc2_shell> gui_show_error_data
icc2_shell> route_eco -nets dm_halt_addr_i[17]
Information: Serialized np data
INFO: timer data saved to /tmp/cv32e40p_top_6_routed_102736_220375040.timdat
Warning: Cell contains tie connections which are not connected to real PG. (ZRT-511)
Turn off antenna since no rule is specified
Cell Min-Routing-Layer = M1
Cell Max-Routing-Layer = M9
Warning: There is no constraint to limit maximum number of secondary power and ground (PG) pins in a cluster. (ZRT-536)
Warning: There is no constraint to limit maximum number of secondary power and ground (PG) pins in a cluster. (ZRT-536)
Warning: There is no constraint to limit maximum number of secondary power and ground (PG) pins in a cluster. (ZRT-536)
Warning: There is no constraint to limit maximum number of secondary power and ground (PG) pins in a cluster. (ZRT-536)
Warning: There is no constraint to limit maximum number of secondary power and ground (PG) pins in a cluster. (ZRT-536)
Warning: There is no constraint to limit maximum number of secondary power and ground (PG) pins in a cluster. (ZRT-536)
Warning: There is no constraint to limit maximum number of secondary power and ground (PG) pins in a cluster. (ZRT-536)
Warning: There is no constraint to limit maximum number of secondary power and ground (PG) pins in a cluster. (ZRT-536)
Warning: There is no constraint to limit maximum number of secondary power and ground (PG) pins in a cluster. (ZRT-536)
Warning: There is no constraint to limit maximum number of secondary power and ground (PG) pins in a cluster. (ZRT-536)
Warning: There is no constraint to limit maximum number of secondary power and ground (PG) pins in a cluster. (ZRT-536)
Warning: There is no constraint to limit maximum number of secondary power and ground (PG) pins in a cluster. (ZRT-536)
Warning: There is no constraint to limit maximum number of secondary power and ground (PG) pins in a cluster. (ZRT-536)
Warning: There is no constraint to limit maximum number of secondary power and ground (PG) pins in a cluster. (ZRT-536)
Warning: There is no constraint to limit maximum number of secondary power and ground (PG) pins in a cluster. (ZRT-536)
Warning: There is no constraint to limit maximum number of secondary power and ground (PG) pins in a cluster. (ZRT-536)
Warning: Ignore 2 top cell ports with no pins. (ZRT-027)
Skipping 1 internal pins that are not physical. Set route.common.verbose_level to > 0 and run routing command to get skipped pin names.
Info: number of net_type_blockage: 0 
Via on layer (VIA1) needs more than one tracks
Warning: Layer M1 pitch 0.074 may be too small: wire/via-down 0.074, wire/via-up 0.098. (ZRT-026)
Via on layer (VIA1) needs more than one tracks
Warning: Layer M2 pitch 0.060 may be too small: wire/via-down 0.098, wire/via-up 0.060. (ZRT-026)
Via on layer (VIA3) needs more than one tracks
Warning: Layer M3 pitch 0.074 may be too small: wire/via-down 0.060, wire/via-up 0.080. (ZRT-026)
Wire on layer (M4) needs more than one tracks
Via on layer (VIA3) needs more than one tracks
Via on layer (VIA4) needs more than one tracks
Warning: Layer M4 pitch 0.074 may be too small: wire/via-down 0.107, wire/via-up 0.105. (ZRT-026)
Via on layer (VIA4) needs more than one tracks
Warning: Layer M5 pitch 0.120 may be too small: wire/via-down 0.135, wire/via-up 0.107. (ZRT-026)
Via on layer (VIA8) needs more than one tracks
Warning: Layer M8 pitch 0.120 may be too small: wire/via-down 0.107, wire/via-up 0.135. (ZRT-026)
Wire on layer (M9) needs more than one tracks
Via on layer (VIA8) needs more than one tracks
Via on layer (VIARDL) needs more than one tracks
Warning: Layer M9 pitch 0.120 may be too small: wire/via-down 0.135, wire/via-up 1.570. (ZRT-026)
Via on layer (VIARDL) needs more than one tracks
Warning: Layer MRDL pitch 0.600 may be too small: wire/via-down 4.500, wire/via-up 0.600. (ZRT-026)
Transition layer name: M3(2)
Warning: Standard cell pin SAEDRVT14_BUF_PECO_12/VDD has no valid via regions. (ZRT-044)
Warning: Standard cell pin SAEDRVT14_BUF_PECO_2/VDD has no valid via regions. (ZRT-044)
Warning: Standard cell pin SAEDRVT14_BUF_PS_3/VDD has no valid via regions. (ZRT-044)
Warning: Standard cell pin SAEDRVT14_BUF_PS_6/VDD has no valid via regions. (ZRT-044)
Warning: Standard cell pin SAEDRVT14_BUF_PECO_4/VDD has no valid via regions. (ZRT-044)
Warning: Standard cell pin SAEDRVT14_AOBUF_IW_3/VDD has no valid via regions. (ZRT-044)
Warning: Standard cell pin SAEDRVT14_AOBUF_IW_6/VDD has no valid via regions. (ZRT-044)
Warning: Standard cell pin SAEDRVT14_AOI21_V1_6/B has no valid via regions. (ZRT-044)
Warning: Standard cell pin SAEDRVT14_NR2_2/A1 has no valid via regions. (ZRT-044)
Warning: Standard cell pin SAEDRVT14_NR2_2/X has no valid via regions. (ZRT-044)
Warning: Standard cell pin SAEDRVT14_BUF_PECO_8/VDD has no valid via regions. (ZRT-044)
Warning: Standard cell pin SAEDRVT14_OA2BB2_2/B1 has no valid via regions. (ZRT-044)
Warning: Standard cell pin SAEDRVT14_NR3B_4/A has no valid via regions. (ZRT-044)
[ECO: DbIn Without Extraction] Elapsed real time: 0:00:03 
[ECO: DbIn Without Extraction] Elapsed cpu  time: sys=0:00:00 usr=0:00:16 total=0:00:16
[ECO: DbIn Without Extraction] Stage (MB): Used  133  Alloctr  135  Proc   24 
[ECO: DbIn Without Extraction] Total (MB): Used  134  Alloctr  137  Proc 2885 
[ECO: Incremental Extraction] Elapsed real time: 0:00:03 
[ECO: Incremental Extraction] Elapsed cpu  time: sys=0:00:00 usr=0:00:16 total=0:00:16
[ECO: Incremental Extraction] Stage (MB): Used  133  Alloctr  135  Proc   24 
[ECO: Incremental Extraction] Total (MB): Used  134  Alloctr  137  Proc 2885 
[ECO: Analysis] Elapsed real time: 0:00:03 
[ECO: Analysis] Elapsed cpu  time: sys=0:00:00 usr=0:00:16 total=0:00:16
[ECO: Analysis] Stage (MB): Used  133  Alloctr  135  Proc   24 
[ECO: Analysis] Total (MB): Used  134  Alloctr  137  Proc 2885 
Num of eco nets = 1
Num of open eco nets = 0
[ECO: Init] Elapsed real time: 0:00:03 
[ECO: Init] Elapsed cpu  time: sys=0:00:00 usr=0:00:16 total=0:00:16
[ECO: Init] Stage (MB): Used  136  Alloctr  138  Proc   24 
[ECO: Init] Total (MB): Used  137  Alloctr  140  Proc 2885 
Loading parastics information to the router ...
Warning: Technology layer 'M4' setting 'pitch' is not valid (NEX-001)
Warning: Technology layer 'MRDL' setting 'pitch' is not valid (NEX-001)
Warning: Parasitic Tech Library layer 'M1' parameter 'SMIN' = 0.040 does not match 0.026 of technology file (NEX-007)
Warning: Parasitic Tech Library layer 'M2' parameter 'SMIN' = 0.040 does not match 0.026 of technology file (NEX-007)
Warning: Parasitic Tech Library layer 'M3' parameter 'SMIN' = 0.040 does not match 0.026 of technology file (NEX-007)
Warning: Parasitic Tech Library layer 'M1' parameter 'SMIN' = 0.040 does not match 0.026 of technology file (NEX-007)
Warning: Parasitic Tech Library layer 'M2' parameter 'SMIN' = 0.040 does not match 0.026 of technology file (NEX-007)
Warning: Parasitic Tech Library layer 'M3' parameter 'SMIN' = 0.040 does not match 0.026 of technology file (NEX-007)
Warning: Parasitic Tech Library layer 'M8' parameter 'WMIN' = 0.030 does not match 0.060 of technology file (NEX-007)
Warning: Parasitic Tech Library layer 'M8' parameter 'SMIN' = 0.060 does not match 0.040 of technology file (NEX-007)
parastics information loaded to the router.
Printing options for 'route.common.*'
common.verbose_level                                    :	 0                   

Printing options for 'route.detail.*'
detail.antenna                                          :	 true                
detail.force_end_on_preferred_grid                      :	 true                

Printing options for 'route.auto_via_ladder.*'

Information: RC layer preference is turned on for this design. (ZRT-613)

Begin ECO DRC check ...

Checked	1/169 Partitions, Violations =	3
Checked	6/169 Partitions, Violations =	3
Checked	12/169 Partitions, Violations =	3
Checked	18/169 Partitions, Violations =	3
Checked	24/169 Partitions, Violations =	3
Checked	30/169 Partitions, Violations =	3
Checked	36/169 Partitions, Violations =	3
Checked	42/169 Partitions, Violations =	3
Checked	48/169 Partitions, Violations =	3
Checked	54/169 Partitions, Violations =	3
Checked	60/169 Partitions, Violations =	3
Checked	66/169 Partitions, Violations =	3
Checked	72/169 Partitions, Violations =	3
Checked	78/169 Partitions, Violations =	3
Checked	84/169 Partitions, Violations =	3
Checked	90/169 Partitions, Violations =	3
Checked	96/169 Partitions, Violations =	3
Checked	102/169 Partitions, Violations =	3
Checked	108/169 Partitions, Violations =	3
Checked	114/169 Partitions, Violations =	3
Checked	120/169 Partitions, Violations =	3
Checked	126/169 Partitions, Violations =	3
Checked	132/169 Partitions, Violations =	3
Checked	138/169 Partitions, Violations =	3
Checked	144/169 Partitions, Violations =	3
Checked	150/169 Partitions, Violations =	3
Checked	156/169 Partitions, Violations =	3
Checked	162/169 Partitions, Violations =	1
Checked	168/169 Partitions, Violations =	3

DRC-SUMMARY:
	@@@@@@@ TOTAL VIOLATIONS =	3

[DRC CHECK] Elapsed real time: 0:00:00 
[DRC CHECK] Elapsed cpu  time: sys=0:00:00 usr=0:00:02 total=0:00:03
[DRC CHECK] Stage (MB): Used    0  Alloctr    0  Proc    0 
[DRC CHECK] Total (MB): Used  160  Alloctr  164  Proc 2885 

Total Wire Length =                    456017 micron
Total Number of Contacts =             192079
Total Number of Wires =                257833
Total Number of PtConns =              5000
Total Number of Routed Wires =       45253
Total Routed Wire Length =           85894 micron
Total Number of Routed Contacts =       37088
	Layer                 M1 :       1192 micron
	Layer                 M2 :     196367 micron
	Layer                 M3 :     211458 micron
	Layer                 M4 :      18963 micron
	Layer                 M5 :      22736 micron
	Layer                 M6 :       5079 micron
	Layer                 M7 :         23 micron
	Layer                 M8 :        198 micron
	Layer                 M9 :          0 micron
	Layer               MRDL :          0 micron
	Via         VIA78SQ(rot) :          2
	Via            VIA67SQ_C :          5
	Via       VIA67SQ_C(rot) :          5
	Via            VIA56SQ_C :          1
	Via       VIA56SQ_C(rot) :         16
	Via              VIA56SQ :         72
	Via              VIA45SQ :        354
	Via       VIA34SQ_C(rot) :       1102
	Via          VIA34BAR2_C :          1
	Via              VIA34SQ :         24
	Via         VIA34SQ(rot) :         94
	Via     VIA3_34SQ_C(rot) :          2
	Via            VIA23SQ_C :      22480
	Via              VIA23SQ :          2
	Via            VIA23BAR1 :          1
	Via          VIA2_33SQ_C :         12
	Via          VIA23_3SQ_C :         21
	Via        VIA2_33_3SQ_C :          1
	Via       VIA12SQ_C(rot) :      12668
	Via         VIA12SQ(rot) :        101
	Via     VIA1_32SQ_C(rot) :        122
	Via   VIA1_32_3SQ_C(rot) :          2

 
Redundant via conversion report:
--------------------------------

  Total optimized via conversion rate =  0.00% (0 / 37088 vias)
 
    Layer VIA1       =  0.00% (0      / 12893   vias)
        Un-optimized =  0.00% (0       vias)
        Un-mapped    = 100.00% (12893   vias)
    Layer VIA2       =  0.00% (0      / 22517   vias)
        Un-optimized =  0.00% (0       vias)
        Un-mapped    = 100.00% (22517   vias)
    Layer VIA3       =  0.00% (0      / 1223    vias)
        Un-optimized =  0.00% (0       vias)
        Un-mapped    = 100.00% (1223    vias)
    Layer VIA4       =  0.00% (0      / 354     vias)
        Un-optimized =  0.00% (0       vias)
        Un-mapped    = 100.00% (354     vias)
    Layer VIA5       =  0.00% (0      / 89      vias)
        Un-optimized =  0.00% (0       vias)
        Un-mapped    = 100.00% (89      vias)
    Layer VIA6       =  0.00% (0      / 10      vias)
        Un-optimized =  0.00% (0       vias)
        Un-mapped    = 100.00% (10      vias)
    Layer VIA7       =  0.00% (0      / 2       vias)
        Un-optimized =  0.00% (0       vias)
        Un-mapped    = 100.00% (2       vias)
 
  Total double via conversion rate    =  0.00% (0 / 37088 vias)
 
    Layer VIA1       =  0.00% (0      / 12893   vias)
    Layer VIA2       =  0.00% (0      / 22517   vias)
    Layer VIA3       =  0.00% (0      / 1223    vias)
    Layer VIA4       =  0.00% (0      / 354     vias)
    Layer VIA5       =  0.00% (0      / 89      vias)
    Layer VIA6       =  0.00% (0      / 10      vias)
    Layer VIA7       =  0.00% (0      / 2       vias)
 
  The optimized via conversion rate based on total routed via count =  0.00% (0 / 37088 vias)
 
    Layer VIA1       =  0.00% (0      / 12893   vias)
        Un-optimized =  0.00% (0       vias)
        Un-mapped    = 100.00% (12893   vias)
    Layer VIA2       =  0.00% (0      / 22517   vias)
        Un-optimized =  0.00% (0       vias)
        Un-mapped    = 100.00% (22517   vias)
    Layer VIA3       =  0.00% (0      / 1223    vias)
        Un-optimized =  0.00% (0       vias)
        Un-mapped    = 100.00% (1223    vias)
    Layer VIA4       =  0.00% (0      / 354     vias)
        Un-optimized =  0.00% (0       vias)
        Un-mapped    = 100.00% (354     vias)
    Layer VIA5       =  0.00% (0      / 89      vias)
        Un-optimized =  0.00% (0       vias)
        Un-mapped    = 100.00% (89      vias)
    Layer VIA6       =  0.00% (0      / 10      vias)
        Un-optimized =  0.00% (0       vias)
        Un-mapped    = 100.00% (10      vias)
    Layer VIA7       =  0.00% (0      / 2       vias)
        Un-optimized =  0.00% (0       vias)
        Un-mapped    = 100.00% (2       vias)
 
Total number of nets = 26998, of which 21274 are not extracted
Total number of open nets = 0, of which 0 are frozen
Information: Using 12 threads for routing. (ZRT-444)
Start DR iteration 0: non-uniform partition
Routed	1/1 Partitions, Violations =	3

DRC-SUMMARY:
	@@@@@@@ TOTAL VIOLATIONS =	3
	Less than minimum area : 1
	Same net via-cut spacing : 1
	Short : 1

[Iter 0] Elapsed real time: 0:00:01 
[Iter 0] Elapsed cpu  time: sys=0:00:00 usr=0:00:04 total=0:00:05
[Iter 0] Stage (MB): Used   22  Alloctr   24  Proc    0 
[Iter 0] Total (MB): Used  160  Alloctr  164  Proc 2885 

End DR iteration 0 with 1 parts

Start DR iteration 1: non-uniform partition
Routed	1/1 Partitions, Violations =	3

DRC-SUMMARY:
	@@@@@@@ TOTAL VIOLATIONS =	3
	Less than minimum area : 1
	Same net via-cut spacing : 1
	Short : 1

[Iter 1] Elapsed real time: 0:00:02 
[Iter 1] Elapsed cpu  time: sys=0:00:00 usr=0:00:05 total=0:00:06
[Iter 1] Stage (MB): Used   22  Alloctr   24  Proc    0 
[Iter 1] Total (MB): Used  160  Alloctr  164  Proc 2885 

End DR iteration 1 with 1 parts

Start DR iteration 2: non-uniform partition
Routed	1/1 Partitions, Violations =	2

DRC-SUMMARY:
	@@@@@@@ TOTAL VIOLATIONS =	2
	Less than minimum area : 1
	Short : 1

[Iter 2] Elapsed real time: 0:00:02 
[Iter 2] Elapsed cpu  time: sys=0:00:00 usr=0:00:06 total=0:00:07
[Iter 2] Stage (MB): Used   22  Alloctr   24  Proc    0 
[Iter 2] Total (MB): Used  160  Alloctr  164  Proc 2885 

End DR iteration 2 with 1 parts

Start DR iteration 3: non-uniform partition
Routed	1/1 Partitions, Violations =	4

DRC-SUMMARY:
	@@@@@@@ TOTAL VIOLATIONS =	4
	Less than minimum area : 2
	Same net via-cut spacing : 1
	Short : 1

[Iter 3] Elapsed real time: 0:00:03 
[Iter 3] Elapsed cpu  time: sys=0:00:00 usr=0:00:08 total=0:00:09
[Iter 3] Stage (MB): Used   22  Alloctr   24  Proc    0 
[Iter 3] Total (MB): Used  160  Alloctr  164  Proc 2885 

End DR iteration 3 with 1 parts

Start DR iteration 4: non-uniform partition
Routed	1/1 Partitions, Violations =	3

DRC-SUMMARY:
	@@@@@@@ TOTAL VIOLATIONS =	3
	Less than minimum area : 2
	Short : 1

[Iter 4] Elapsed real time: 0:00:03 
[Iter 4] Elapsed cpu  time: sys=0:00:00 usr=0:00:10 total=0:00:11
[Iter 4] Stage (MB): Used   22  Alloctr   24  Proc    0 
[Iter 4] Total (MB): Used  160  Alloctr  164  Proc 2885 

End DR iteration 4 with 1 parts

Start DR iteration 5: non-uniform partition
Routed	1/1 Partitions, Violations =	2

DRC-SUMMARY:
	@@@@@@@ TOTAL VIOLATIONS =	2
	Less than minimum area : 1
	Short : 1

[Iter 5] Elapsed real time: 0:00:04 
[Iter 5] Elapsed cpu  time: sys=0:00:01 usr=0:00:11 total=0:00:12
[Iter 5] Stage (MB): Used   22  Alloctr   24  Proc    0 
[Iter 5] Total (MB): Used  160  Alloctr  164  Proc 2885 

End DR iteration 5 with 1 parts

Start DR iteration 6: non-uniform partition
Routed	1/1 Partitions, Violations =	2

DRC-SUMMARY:
	@@@@@@@ TOTAL VIOLATIONS =	2
	Less than minimum area : 1
	Short : 1

[Iter 6] Elapsed real time: 0:00:04 
[Iter 6] Elapsed cpu  time: sys=0:00:01 usr=0:00:13 total=0:00:14
[Iter 6] Stage (MB): Used   22  Alloctr   24  Proc    0 
[Iter 6] Total (MB): Used  160  Alloctr  164  Proc 2885 

End DR iteration 6 with 1 parts

Start DR iteration 7: non-uniform partition
Routed	1/1 Partitions, Violations =	2

DRC-SUMMARY:
	@@@@@@@ TOTAL VIOLATIONS =	2
	Less than minimum area : 1
	Short : 1

[Iter 7] Elapsed real time: 0:00:05 
[Iter 7] Elapsed cpu  time: sys=0:00:01 usr=0:00:14 total=0:00:15
[Iter 7] Stage (MB): Used   22  Alloctr   24  Proc    0 
[Iter 7] Total (MB): Used  160  Alloctr  164  Proc 2885 

End DR iteration 7 with 1 parts

Start DR iteration 8: non-uniform partition
Routed	1/1 Partitions, Violations =	2

DRC-SUMMARY:
	@@@@@@@ TOTAL VIOLATIONS =	2
	Less than minimum area : 1
	Short : 1

[Iter 8] Elapsed real time: 0:00:05 
[Iter 8] Elapsed cpu  time: sys=0:00:01 usr=0:00:15 total=0:00:17
[Iter 8] Stage (MB): Used   22  Alloctr   24  Proc    0 
[Iter 8] Total (MB): Used  160  Alloctr  164  Proc 2885 

End DR iteration 8 with 1 parts

Start DR iteration 9: non-uniform partition
Routed	1/1 Partitions, Violations =	3

DRC-SUMMARY:
	@@@@@@@ TOTAL VIOLATIONS =	3
	Less than minimum area : 2
	Short : 1

[Iter 9] Elapsed real time: 0:00:06 
[Iter 9] Elapsed cpu  time: sys=0:00:01 usr=0:00:17 total=0:00:18
[Iter 9] Stage (MB): Used   22  Alloctr   24  Proc    0 
[Iter 9] Total (MB): Used  160  Alloctr  164  Proc 2885 

End DR iteration 9 with 1 parts

Start DR iteration 10: non-uniform partition
Routed	1/1 Partitions, Violations =	2

DRC-SUMMARY:
	@@@@@@@ TOTAL VIOLATIONS =	2
	Less than minimum area : 1
	Short : 1

[Iter 10] Elapsed real time: 0:00:07 
[Iter 10] Elapsed cpu  time: sys=0:00:01 usr=0:00:18 total=0:00:20
[Iter 10] Stage (MB): Used   22  Alloctr   24  Proc    0 
[Iter 10] Total (MB): Used  160  Alloctr  164  Proc 2885 

End DR iteration 10 with 1 parts

Stop DR since not converging

Information: Detail Routing terminated early because DRCs were not converging: true (ZRT-312)

Nets that have been changed:
Net 1 = dm_halt_addr_i[25]
Net 2 = dm_halt_addr_i[17]
Net 3 = core_i/mtvec[9]
Net 4 = core_i/jump_target_ex[25]
Net 5 = core_i/alu_operand_c_ex[17]
Net 6 = core_i/if_stage_i/n121
Net 7 = core_i/if_stage_i/n2
Net 8 = core_i/if_stage_i/n238
Net 9 = core_i/id_stage_i/controller_i/n98
Net 10 = core_i/cs_registers_i/n2291
Total number of changed nets = 10 (out of 26998)

[DR: Done] Elapsed real time: 0:00:07 
[DR: Done] Elapsed cpu  time: sys=0:00:01 usr=0:00:18 total=0:00:20
[DR: Done] Stage (MB): Used    4  Alloctr    6  Proc    0 
[DR: Done] Total (MB): Used  142  Alloctr  146  Proc 2885 
[ECO: DR] Elapsed real time: 0:00:10 
[ECO: DR] Elapsed cpu  time: sys=0:00:01 usr=0:00:34 total=0:00:36
[ECO: DR] Stage (MB): Used  141  Alloctr  144  Proc   24 
[ECO: DR] Total (MB): Used  142  Alloctr  146  Proc 2885 

ECO Route finished with 0 open nets, of which 0 are frozen

ECO Route finished with 2 violations

DRC-SUMMARY:
	@@@@@@@ TOTAL VIOLATIONS =	2
	Less than minimum area : 1
	Short : 1



Total Wire Length =                    456017 micron
Total Number of Contacts =             192082
Total Number of Wires =                257835
Total Number of PtConns =              5001
Total Number of Routed Wires =       45255
Total Routed Wire Length =           85894 micron
Total Number of Routed Contacts =       37091
	Layer                 M1 :       1192 micron
	Layer                 M2 :     196366 micron
	Layer                 M3 :     211458 micron
	Layer                 M4 :      18963 micron
	Layer                 M5 :      22736 micron
	Layer                 M6 :       5079 micron
	Layer                 M7 :         23 micron
	Layer                 M8 :        198 micron
	Layer                 M9 :          0 micron
	Layer               MRDL :          0 micron
	Via         VIA78SQ(rot) :          2
	Via            VIA67SQ_C :          5
	Via       VIA67SQ_C(rot) :          5
	Via       VIA56SQ_C(rot) :         16
	Via              VIA56SQ :         73
	Via              VIA45SQ :        354
	Via       VIA34SQ_C(rot) :       1102
	Via          VIA34BAR2_C :          1
	Via              VIA34SQ :         26
	Via         VIA34SQ(rot) :         94
	Via     VIA3_34SQ_C(rot) :          2
	Via            VIA23SQ_C :      22480
	Via              VIA23SQ :          2
	Via            VIA23BAR1 :          1
	Via          VIA2_33SQ_C :         10
	Via          VIA23_3SQ_C :         21
	Via        VIA2_33_3SQ_C :          4
	Via       VIA12SQ_C(rot) :      12668
	Via         VIA12SQ(rot) :        101
	Via     VIA1_32SQ_C(rot) :        122
	Via     VIA12_3SQ_C(rot) :          1
	Via   VIA1_32_3SQ_C(rot) :          1

 
Redundant via conversion report:
--------------------------------

  Total optimized via conversion rate =  0.00% (0 / 37091 vias)
 
    Layer VIA1       =  0.00% (0      / 12893   vias)
        Un-optimized =  0.00% (0       vias)
        Un-mapped    = 100.00% (12893   vias)
    Layer VIA2       =  0.00% (0      / 22518   vias)
        Un-optimized =  0.00% (0       vias)
        Un-mapped    = 100.00% (22518   vias)
    Layer VIA3       =  0.00% (0      / 1225    vias)
        Un-optimized =  0.00% (0       vias)
        Un-mapped    = 100.00% (1225    vias)
    Layer VIA4       =  0.00% (0      / 354     vias)
        Un-optimized =  0.00% (0       vias)
        Un-mapped    = 100.00% (354     vias)
    Layer VIA5       =  0.00% (0      / 89      vias)
        Un-optimized =  0.00% (0       vias)
        Un-mapped    = 100.00% (89      vias)
    Layer VIA6       =  0.00% (0      / 10      vias)
        Un-optimized =  0.00% (0       vias)
        Un-mapped    = 100.00% (10      vias)
    Layer VIA7       =  0.00% (0      / 2       vias)
        Un-optimized =  0.00% (0       vias)
        Un-mapped    = 100.00% (2       vias)
 
  Total double via conversion rate    =  0.00% (0 / 37091 vias)
 
    Layer VIA1       =  0.00% (0      / 12893   vias)
    Layer VIA2       =  0.00% (0      / 22518   vias)
    Layer VIA3       =  0.00% (0      / 1225    vias)
    Layer VIA4       =  0.00% (0      / 354     vias)
    Layer VIA5       =  0.00% (0      / 89      vias)
    Layer VIA6       =  0.00% (0      / 10      vias)
    Layer VIA7       =  0.00% (0      / 2       vias)
 
  The optimized via conversion rate based on total routed via count =  0.00% (0 / 37091 vias)
 
    Layer VIA1       =  0.00% (0      / 12893   vias)
        Un-optimized =  0.00% (0       vias)
        Un-mapped    = 100.00% (12893   vias)
    Layer VIA2       =  0.00% (0      / 22518   vias)
        Un-optimized =  0.00% (0       vias)
        Un-mapped    = 100.00% (22518   vias)
    Layer VIA3       =  0.00% (0      / 1225    vias)
        Un-optimized =  0.00% (0       vias)
        Un-mapped    = 100.00% (1225    vias)
    Layer VIA4       =  0.00% (0      / 354     vias)
        Un-optimized =  0.00% (0       vias)
        Un-mapped    = 100.00% (354     vias)
    Layer VIA5       =  0.00% (0      / 89      vias)
        Un-optimized =  0.00% (0       vias)
        Un-mapped    = 100.00% (89      vias)
    Layer VIA6       =  0.00% (0      / 10      vias)
        Un-optimized =  0.00% (0       vias)
        Un-mapped    = 100.00% (10      vias)
    Layer VIA7       =  0.00% (0      / 2       vias)
        Un-optimized =  0.00% (0       vias)
        Un-mapped    = 100.00% (2       vias)
 

Total number of nets = 26998
0 open nets, of which 0 are frozen
Total number of excluded ports = 0 ports of 0 unplaced cells connected to 0 nets
                                 0 ports without pins of 0 cells connected to 0 nets
                                 0 ports of 0 cover cells connected to 0 non-pg nets
Total number of DRCs = 2
Total number of antenna violations = antenna checking not active
Information: Routes in non-preferred voltage areas = 0 (ZRT-559)

Total Wire Length =                    456017 micron
Total Number of Contacts =             192082
Total Number of Wires =                257835
Total Number of PtConns =              5001
Total Number of Routed Wires =       45255
Total Routed Wire Length =           85894 micron
Total Number of Routed Contacts =       37091
	Layer                 M1 :       1192 micron
	Layer                 M2 :     196366 micron
	Layer                 M3 :     211458 micron
	Layer                 M4 :      18963 micron
	Layer                 M5 :      22736 micron
	Layer                 M6 :       5079 micron
	Layer                 M7 :         23 micron
	Layer                 M8 :        198 micron
	Layer                 M9 :          0 micron
	Layer               MRDL :          0 micron
	Via         VIA78SQ(rot) :          2
	Via            VIA67SQ_C :          5
	Via       VIA67SQ_C(rot) :          5
	Via       VIA56SQ_C(rot) :         16
	Via              VIA56SQ :         73
	Via              VIA45SQ :        354
	Via       VIA34SQ_C(rot) :       1102
	Via          VIA34BAR2_C :          1
	Via              VIA34SQ :         26
	Via         VIA34SQ(rot) :         94
	Via     VIA3_34SQ_C(rot) :          2
	Via            VIA23SQ_C :      22480
	Via              VIA23SQ :          2
	Via            VIA23BAR1 :          1
	Via          VIA2_33SQ_C :         10
	Via          VIA23_3SQ_C :         21
	Via        VIA2_33_3SQ_C :          4
	Via       VIA12SQ_C(rot) :      12668
	Via         VIA12SQ(rot) :        101
	Via     VIA1_32SQ_C(rot) :        122
	Via     VIA12_3SQ_C(rot) :          1
	Via   VIA1_32_3SQ_C(rot) :          1

 
Redundant via conversion report:
--------------------------------

  Total optimized via conversion rate =  0.00% (0 / 37091 vias)
 
    Layer VIA1       =  0.00% (0      / 12893   vias)
        Un-optimized =  0.00% (0       vias)
        Un-mapped    = 100.00% (12893   vias)
    Layer VIA2       =  0.00% (0      / 22518   vias)
        Un-optimized =  0.00% (0       vias)
        Un-mapped    = 100.00% (22518   vias)
    Layer VIA3       =  0.00% (0      / 1225    vias)
        Un-optimized =  0.00% (0       vias)
        Un-mapped    = 100.00% (1225    vias)
    Layer VIA4       =  0.00% (0      / 354     vias)
        Un-optimized =  0.00% (0       vias)
        Un-mapped    = 100.00% (354     vias)
    Layer VIA5       =  0.00% (0      / 89      vias)
        Un-optimized =  0.00% (0       vias)
        Un-mapped    = 100.00% (89      vias)
    Layer VIA6       =  0.00% (0      / 10      vias)
        Un-optimized =  0.00% (0       vias)
        Un-mapped    = 100.00% (10      vias)
    Layer VIA7       =  0.00% (0      / 2       vias)
        Un-optimized =  0.00% (0       vias)
        Un-mapped    = 100.00% (2       vias)
 
  Total double via conversion rate    =  0.00% (0 / 37091 vias)
 
    Layer VIA1       =  0.00% (0      / 12893   vias)
    Layer VIA2       =  0.00% (0      / 22518   vias)
    Layer VIA3       =  0.00% (0      / 1225    vias)
    Layer VIA4       =  0.00% (0      / 354     vias)
    Layer VIA5       =  0.00% (0      / 89      vias)
    Layer VIA6       =  0.00% (0      / 10      vias)
    Layer VIA7       =  0.00% (0      / 2       vias)
 
  The optimized via conversion rate based on total routed via count =  0.00% (0 / 37091 vias)
 
    Layer VIA1       =  0.00% (0      / 12893   vias)
        Un-optimized =  0.00% (0       vias)
        Un-mapped    = 100.00% (12893   vias)
    Layer VIA2       =  0.00% (0      / 22518   vias)
        Un-optimized =  0.00% (0       vias)
        Un-mapped    = 100.00% (22518   vias)
    Layer VIA3       =  0.00% (0      / 1225    vias)
        Un-optimized =  0.00% (0       vias)
        Un-mapped    = 100.00% (1225    vias)
    Layer VIA4       =  0.00% (0      / 354     vias)
        Un-optimized =  0.00% (0       vias)
        Un-mapped    = 100.00% (354     vias)
    Layer VIA5       =  0.00% (0      / 89      vias)
        Un-optimized =  0.00% (0       vias)
        Un-mapped    = 100.00% (89      vias)
    Layer VIA6       =  0.00% (0      / 10      vias)
        Un-optimized =  0.00% (0       vias)
        Un-mapped    = 100.00% (10      vias)
    Layer VIA7       =  0.00% (0      / 2       vias)
        Un-optimized =  0.00% (0       vias)
        Un-mapped    = 100.00% (2       vias)
 
Topology ECO not run, no qualifying violations or in frozen nets.
Updating the database ...
...updated 10 nets
[ECO: End] Elapsed real time: 0:00:11 
[ECO: End] Elapsed cpu  time: sys=0:00:01 usr=0:00:35 total=0:00:37
[ECO: End] Stage (MB): Used    0  Alloctr    0  Proc   24 
[ECO: End] Total (MB): Used    0  Alloctr    2  Proc 2885 
icc2_shell> gui_mouse_tool -window [gui_get_current_window -types Layout -mru] -start CreateRoutingBlkgTool
icc2_shell> gui_mouse_tool -window [gui_get_current_window -types Layout -mru] -add_point {166.390 155.662} -scale 0.0008
icc2_shell> gui_set_mouse_tool_option -tool CreateRoutingBlkgTool -option {layers} -value {M3}
icc2_shell> gui_mouse_tool -window [gui_get_current_window -types Layout -mru] -add_point {166.397 155.658} -scale 0.0008
icc2_shell> gui_mouse_tool -window [gui_get_current_window -types Layout -mru] -add_point {167.594 155.542} -scale 0.0008
icc2_shell> gui_mouse_tool -window [gui_get_current_window -types Layout -mru] -reset
icc2_shell> route_eco -nets core_i/jump_target_id[30]
Warning: Cell contains tie connections which are not connected to real PG. (ZRT-511)
Turn off antenna since no rule is specified
Cell Min-Routing-Layer = M1
Cell Max-Routing-Layer = M9
Warning: There is no constraint to limit maximum number of secondary power and ground (PG) pins in a cluster. (ZRT-536)
Warning: There is no constraint to limit maximum number of secondary power and ground (PG) pins in a cluster. (ZRT-536)
Warning: There is no constraint to limit maximum number of secondary power and ground (PG) pins in a cluster. (ZRT-536)
Warning: There is no constraint to limit maximum number of secondary power and ground (PG) pins in a cluster. (ZRT-536)
Warning: There is no constraint to limit maximum number of secondary power and ground (PG) pins in a cluster. (ZRT-536)
Warning: There is no constraint to limit maximum number of secondary power and ground (PG) pins in a cluster. (ZRT-536)
Warning: There is no constraint to limit maximum number of secondary power and ground (PG) pins in a cluster. (ZRT-536)
Warning: There is no constraint to limit maximum number of secondary power and ground (PG) pins in a cluster. (ZRT-536)
Warning: There is no constraint to limit maximum number of secondary power and ground (PG) pins in a cluster. (ZRT-536)
Warning: There is no constraint to limit maximum number of secondary power and ground (PG) pins in a cluster. (ZRT-536)
Warning: There is no constraint to limit maximum number of secondary power and ground (PG) pins in a cluster. (ZRT-536)
Warning: There is no constraint to limit maximum number of secondary power and ground (PG) pins in a cluster. (ZRT-536)
Warning: There is no constraint to limit maximum number of secondary power and ground (PG) pins in a cluster. (ZRT-536)
Warning: There is no constraint to limit maximum number of secondary power and ground (PG) pins in a cluster. (ZRT-536)
Warning: There is no constraint to limit maximum number of secondary power and ground (PG) pins in a cluster. (ZRT-536)
Warning: There is no constraint to limit maximum number of secondary power and ground (PG) pins in a cluster. (ZRT-536)
Warning: Ignore 2 top cell ports with no pins. (ZRT-027)
Skipping 1 internal pins that are not physical. Set route.common.verbose_level to > 0 and run routing command to get skipped pin names.
Info: number of net_type_blockage: 0 
Via on layer (VIA1) needs more than one tracks
Warning: Layer M1 pitch 0.074 may be too small: wire/via-down 0.074, wire/via-up 0.098. (ZRT-026)
Via on layer (VIA1) needs more than one tracks
Warning: Layer M2 pitch 0.060 may be too small: wire/via-down 0.098, wire/via-up 0.060. (ZRT-026)
Via on layer (VIA3) needs more than one tracks
Warning: Layer M3 pitch 0.074 may be too small: wire/via-down 0.060, wire/via-up 0.080. (ZRT-026)
Wire on layer (M4) needs more than one tracks
Via on layer (VIA3) needs more than one tracks
Via on layer (VIA4) needs more than one tracks
Warning: Layer M4 pitch 0.074 may be too small: wire/via-down 0.107, wire/via-up 0.105. (ZRT-026)
Via on layer (VIA4) needs more than one tracks
Warning: Layer M5 pitch 0.120 may be too small: wire/via-down 0.135, wire/via-up 0.107. (ZRT-026)
Via on layer (VIA8) needs more than one tracks
Warning: Layer M8 pitch 0.120 may be too small: wire/via-down 0.107, wire/via-up 0.135. (ZRT-026)
Wire on layer (M9) needs more than one tracks
Via on layer (VIA8) needs more than one tracks
Via on layer (VIARDL) needs more than one tracks
Warning: Layer M9 pitch 0.120 may be too small: wire/via-down 0.135, wire/via-up 1.570. (ZRT-026)
Via on layer (VIARDL) needs more than one tracks
Warning: Layer MRDL pitch 0.600 may be too small: wire/via-down 4.500, wire/via-up 0.600. (ZRT-026)
Transition layer name: M3(2)
Warning: Standard cell pin SAEDRVT14_BUF_PECO_12/VDD has no valid via regions. (ZRT-044)
Warning: Standard cell pin SAEDRVT14_BUF_PECO_2/VDD has no valid via regions. (ZRT-044)
Warning: Standard cell pin SAEDRVT14_BUF_PECO_4/VDD has no valid via regions. (ZRT-044)
Warning: Standard cell pin SAEDRVT14_BUF_PS_3/VDD has no valid via regions. (ZRT-044)
Warning: Standard cell pin SAEDRVT14_BUF_PS_6/VDD has no valid via regions. (ZRT-044)
Warning: Standard cell pin SAEDRVT14_AOBUF_IW_3/VDD has no valid via regions. (ZRT-044)
Warning: Standard cell pin SAEDRVT14_AOBUF_IW_6/VDD has no valid via regions. (ZRT-044)
Warning: Standard cell pin SAEDRVT14_OA2BB2_2/B1 has no valid via regions. (ZRT-044)
Warning: Standard cell pin SAEDRVT14_BUF_PECO_8/VDD has no valid via regions. (ZRT-044)
Warning: Standard cell pin SAEDRVT14_AOI21_V1_6/B has no valid via regions. (ZRT-044)
Warning: Standard cell pin SAEDRVT14_NR2_2/A1 has no valid via regions. (ZRT-044)
Warning: Standard cell pin SAEDRVT14_NR2_2/X has no valid via regions. (ZRT-044)
Warning: Standard cell pin SAEDRVT14_NR3B_4/A has no valid via regions. (ZRT-044)
[ECO: DbIn Without Extraction] Elapsed real time: 0:00:03 
[ECO: DbIn Without Extraction] Elapsed cpu  time: sys=0:00:00 usr=0:00:16 total=0:00:16
[ECO: DbIn Without Extraction] Stage (MB): Used  133  Alloctr  135  Proc    0 
[ECO: DbIn Without Extraction] Total (MB): Used  134  Alloctr  137  Proc 2885 
[ECO: Incremental Extraction] Elapsed real time: 0:00:03 
[ECO: Incremental Extraction] Elapsed cpu  time: sys=0:00:00 usr=0:00:16 total=0:00:16
[ECO: Incremental Extraction] Stage (MB): Used  133  Alloctr  135  Proc    0 
[ECO: Incremental Extraction] Total (MB): Used  134  Alloctr  137  Proc 2885 
[ECO: Analysis] Elapsed real time: 0:00:03 
[ECO: Analysis] Elapsed cpu  time: sys=0:00:00 usr=0:00:16 total=0:00:16
[ECO: Analysis] Stage (MB): Used  133  Alloctr  135  Proc    0 
[ECO: Analysis] Total (MB): Used  134  Alloctr  137  Proc 2885 
Num of eco nets = 1
Num of open eco nets = 0
[ECO: Init] Elapsed real time: 0:00:03 
[ECO: Init] Elapsed cpu  time: sys=0:00:00 usr=0:00:16 total=0:00:16
[ECO: Init] Stage (MB): Used  136  Alloctr  138  Proc    0 
[ECO: Init] Total (MB): Used  137  Alloctr  140  Proc 2885 
Loading parastics information to the router ...
Warning: Technology layer 'M4' setting 'pitch' is not valid (NEX-001)
Warning: Technology layer 'MRDL' setting 'pitch' is not valid (NEX-001)
Warning: Parasitic Tech Library layer 'M1' parameter 'SMIN' = 0.040 does not match 0.026 of technology file (NEX-007)
Warning: Parasitic Tech Library layer 'M2' parameter 'SMIN' = 0.040 does not match 0.026 of technology file (NEX-007)
Warning: Parasitic Tech Library layer 'M3' parameter 'SMIN' = 0.040 does not match 0.026 of technology file (NEX-007)
Warning: Parasitic Tech Library layer 'M1' parameter 'SMIN' = 0.040 does not match 0.026 of technology file (NEX-007)
Warning: Parasitic Tech Library layer 'M2' parameter 'SMIN' = 0.040 does not match 0.026 of technology file (NEX-007)
Warning: Parasitic Tech Library layer 'M3' parameter 'SMIN' = 0.040 does not match 0.026 of technology file (NEX-007)
Warning: Parasitic Tech Library layer 'M8' parameter 'WMIN' = 0.030 does not match 0.060 of technology file (NEX-007)
Warning: Parasitic Tech Library layer 'M8' parameter 'SMIN' = 0.060 does not match 0.040 of technology file (NEX-007)
parastics information loaded to the router.
Printing options for 'route.common.*'
common.verbose_level                                    :	 0                   

Printing options for 'route.detail.*'
detail.antenna                                          :	 true                
detail.force_end_on_preferred_grid                      :	 true                

Printing options for 'route.auto_via_ladder.*'

Information: RC layer preference is turned on for this design. (ZRT-613)

Begin ECO DRC check ...

Checked	1/169 Partitions, Violations =	2
Checked	6/169 Partitions, Violations =	2
Checked	12/169 Partitions, Violations =	2
Checked	18/169 Partitions, Violations =	2
Checked	24/169 Partitions, Violations =	2
Checked	30/169 Partitions, Violations =	2
Checked	36/169 Partitions, Violations =	2
Checked	42/169 Partitions, Violations =	2
Checked	48/169 Partitions, Violations =	2
Checked	54/169 Partitions, Violations =	2
Checked	60/169 Partitions, Violations =	2
Checked	66/169 Partitions, Violations =	2
Checked	72/169 Partitions, Violations =	2
Checked	78/169 Partitions, Violations =	2
Checked	84/169 Partitions, Violations =	2
Checked	90/169 Partitions, Violations =	2
Checked	96/169 Partitions, Violations =	2
Checked	102/169 Partitions, Violations =	2
Checked	108/169 Partitions, Violations =	2
Checked	114/169 Partitions, Violations =	2
Checked	120/169 Partitions, Violations =	2
Checked	126/169 Partitions, Violations =	2
Checked	132/169 Partitions, Violations =	2
Checked	138/169 Partitions, Violations =	2
Checked	144/169 Partitions, Violations =	2
Checked	150/169 Partitions, Violations =	2
Checked	156/169 Partitions, Violations =	1
Checked	162/169 Partitions, Violations =	4
Checked	168/169 Partitions, Violations =	4

DRC-SUMMARY:
	@@@@@@@ TOTAL VIOLATIONS =	4

[DRC CHECK] Elapsed real time: 0:00:01 
[DRC CHECK] Elapsed cpu  time: sys=0:00:00 usr=0:00:03 total=0:00:03
[DRC CHECK] Stage (MB): Used    0  Alloctr    0  Proc    0 
[DRC CHECK] Total (MB): Used  161  Alloctr  166  Proc 2885 

Total Wire Length =                    455998 micron
Total Number of Contacts =             192082
Total Number of Wires =                254692
Total Number of PtConns =              7974
Total Number of Routed Wires =       67270
Total Routed Wire Length =           156545 micron
Total Number of Routed Contacts =       51180
	Layer                 M1 :       1192 micron
	Layer                 M2 :     196366 micron
	Layer                 M3 :     211445 micron
	Layer                 M4 :      18958 micron
	Layer                 M5 :      22736 micron
	Layer                 M6 :       5079 micron
	Layer                 M7 :         23 micron
	Layer                 M8 :        198 micron
	Layer                 M9 :          0 micron
	Layer               MRDL :          0 micron
	Via         VIA78SQ(rot) :          8
	Via            VIA67SQ_C :          2
	Via       VIA67SQ_C(rot) :          8
	Via       VIA56SQ_C(rot) :         34
	Via              VIA56SQ :        216
	Via              VIA45SQ :       1003
	Via            VIA34SQ_C :          1
	Via       VIA34SQ_C(rot) :       2813
	Via          VIA34BAR2_C :         10
	Via              VIA34SQ :         74
	Via         VIA34SQ(rot) :        242
	Via     VIA3_34SQ_C(rot) :          2
	Via            VIA3_34SQ :          2
	Via            VIA23SQ_C :      32914
	Via       VIA23SQ_C(rot) :          1
	Via     VIA23BAR2_C(rot) :          1
	Via              VIA23SQ :         12
	Via         VIA23SQ(rot) :          2
	Via            VIA23BAR1 :          2
	Via          VIA2_33SQ_C :         37
	Via          VIA23_3SQ_C :         30
	Via        VIA2_33_3SQ_C :          2
	Via            VIA12SQ_C :          2
	Via       VIA12SQ_C(rot) :      13442
	Via     VIA12BAR2_C(rot) :          1
	Via         VIA12SQ(rot) :         68
	Via     VIA1_32SQ_C(rot) :        246
	Via     VIA12_3SQ_C(rot) :          1
	Via   VIA1_32_3SQ_C(rot) :          4

 
Redundant via conversion report:
--------------------------------

  Total optimized via conversion rate =  0.00% (0 / 51180 vias)
 
    Layer VIA1       =  0.00% (0      / 13764   vias)
        Un-optimized =  0.00% (0       vias)
        Un-mapped    = 100.00% (13764   vias)
    Layer VIA2       =  0.00% (0      / 33001   vias)
        Un-optimized =  0.00% (0       vias)
        Un-mapped    = 100.00% (33001   vias)
    Layer VIA3       =  0.00% (0      / 3144    vias)
        Un-optimized =  0.00% (0       vias)
        Un-mapped    = 100.00% (3144    vias)
    Layer VIA4       =  0.00% (0      / 1003    vias)
        Un-optimized =  0.00% (0       vias)
        Un-mapped    = 100.00% (1003    vias)
    Layer VIA5       =  0.00% (0      / 250     vias)
        Un-optimized =  0.00% (0       vias)
        Un-mapped    = 100.00% (250     vias)
    Layer VIA6       =  0.00% (0      / 10      vias)
        Un-optimized =  0.00% (0       vias)
        Un-mapped    = 100.00% (10      vias)
    Layer VIA7       =  0.00% (0      / 8       vias)
        Un-optimized =  0.00% (0       vias)
        Un-mapped    = 100.00% (8       vias)
 
  Total double via conversion rate    =  0.00% (0 / 51180 vias)
 
    Layer VIA1       =  0.00% (0      / 13764   vias)
    Layer VIA2       =  0.00% (0      / 33001   vias)
    Layer VIA3       =  0.00% (0      / 3144    vias)
    Layer VIA4       =  0.00% (0      / 1003    vias)
    Layer VIA5       =  0.00% (0      / 250     vias)
    Layer VIA6       =  0.00% (0      / 10      vias)
    Layer VIA7       =  0.00% (0      / 8       vias)
 
  The optimized via conversion rate based on total routed via count =  0.00% (0 / 51180 vias)
 
    Layer VIA1       =  0.00% (0      / 13764   vias)
        Un-optimized =  0.00% (0       vias)
        Un-mapped    = 100.00% (13764   vias)
    Layer VIA2       =  0.00% (0      / 33001   vias)
        Un-optimized =  0.00% (0       vias)
        Un-mapped    = 100.00% (33001   vias)
    Layer VIA3       =  0.00% (0      / 3144    vias)
        Un-optimized =  0.00% (0       vias)
        Un-mapped    = 100.00% (3144    vias)
    Layer VIA4       =  0.00% (0      / 1003    vias)
        Un-optimized =  0.00% (0       vias)
        Un-mapped    = 100.00% (1003    vias)
    Layer VIA5       =  0.00% (0      / 250     vias)
        Un-optimized =  0.00% (0       vias)
        Un-mapped    = 100.00% (250     vias)
    Layer VIA6       =  0.00% (0      / 10      vias)
        Un-optimized =  0.00% (0       vias)
        Un-mapped    = 100.00% (10      vias)
    Layer VIA7       =  0.00% (0      / 8       vias)
        Un-optimized =  0.00% (0       vias)
        Un-mapped    = 100.00% (8       vias)
 
Total number of nets = 26998, of which 22869 are not extracted
Total number of open nets = 0, of which 0 are frozen
Information: Using 12 threads for routing. (ZRT-444)
Start DR iteration 0: non-uniform partition
Routed	1/1 Partitions, Violations =	1

DRC-SUMMARY:
	@@@@@@@ TOTAL VIOLATIONS =	1
	Less than minimum area : 1

[Iter 0] Elapsed real time: 0:00:02 
[Iter 0] Elapsed cpu  time: sys=0:00:00 usr=0:00:05 total=0:00:06
[Iter 0] Stage (MB): Used   23  Alloctr   25  Proc    0 
[Iter 0] Total (MB): Used  161  Alloctr  166  Proc 2885 

End DR iteration 0 with 1 parts

Finish DR since reached 0 fixable DRC

Information: Detail Routing terminated early because DRCs were not converging: false (ZRT-312)

Nets that have been changed:
Net 1 = core_i/jump_target_id[30]
Total number of changed nets = 1 (out of 26998)

[DR: Done] Elapsed real time: 0:00:02 
[DR: Done] Elapsed cpu  time: sys=0:00:00 usr=0:00:05 total=0:00:06
[DR: Done] Stage (MB): Used    5  Alloctr    7  Proc    0 
[DR: Done] Total (MB): Used  143  Alloctr  148  Proc 2885 
[ECO: DR] Elapsed real time: 0:00:05 
[ECO: DR] Elapsed cpu  time: sys=0:00:00 usr=0:00:22 total=0:00:22
[ECO: DR] Stage (MB): Used  142  Alloctr  145  Proc    0 
[ECO: DR] Total (MB): Used  143  Alloctr  148  Proc 2885 

ECO Route finished with 0 open nets, of which 0 are frozen

ECO Route finished with 1 violations

DRC-SUMMARY:
	@@@@@@@ TOTAL VIOLATIONS =	1
	Less than minimum area : 1



Total Wire Length =                    455999 micron
Total Number of Contacts =             192082
Total Number of Wires =                254694
Total Number of PtConns =              7974
Total Number of Routed Wires =       67272
Total Routed Wire Length =           156546 micron
Total Number of Routed Contacts =       51180
	Layer                 M1 :       1192 micron
	Layer                 M2 :     196367 micron
	Layer                 M3 :     211445 micron
	Layer                 M4 :      18958 micron
	Layer                 M5 :      22736 micron
	Layer                 M6 :       5079 micron
	Layer                 M7 :         23 micron
	Layer                 M8 :        198 micron
	Layer                 M9 :          0 micron
	Layer               MRDL :          0 micron
	Via         VIA78SQ(rot) :          8
	Via            VIA67SQ_C :          2
	Via       VIA67SQ_C(rot) :          8
	Via       VIA56SQ_C(rot) :         34
	Via              VIA56SQ :        216
	Via              VIA45SQ :       1003
	Via            VIA34SQ_C :          1
	Via       VIA34SQ_C(rot) :       2813
	Via          VIA34BAR2_C :         10
	Via              VIA34SQ :         74
	Via         VIA34SQ(rot) :        242
	Via     VIA3_34SQ_C(rot) :          2
	Via            VIA3_34SQ :          2
	Via            VIA23SQ_C :      32916
	Via       VIA23SQ_C(rot) :          1
	Via     VIA23BAR2_C(rot) :          1
	Via              VIA23SQ :         12
	Via         VIA23SQ(rot) :          2
	Via            VIA23BAR1 :          2
	Via          VIA2_33SQ_C :         37
	Via          VIA23_3SQ_C :         28
	Via        VIA2_33_3SQ_C :          2
	Via            VIA12SQ_C :          2
	Via       VIA12SQ_C(rot) :      13442
	Via     VIA12BAR2_C(rot) :          1
	Via         VIA12SQ(rot) :         68
	Via     VIA1_32SQ_C(rot) :        246
	Via     VIA12_3SQ_C(rot) :          1
	Via   VIA1_32_3SQ_C(rot) :          4

 
Redundant via conversion report:
--------------------------------

  Total optimized via conversion rate =  0.00% (0 / 51180 vias)
 
    Layer VIA1       =  0.00% (0      / 13764   vias)
        Un-optimized =  0.00% (0       vias)
        Un-mapped    = 100.00% (13764   vias)
    Layer VIA2       =  0.00% (0      / 33001   vias)
        Un-optimized =  0.00% (0       vias)
        Un-mapped    = 100.00% (33001   vias)
    Layer VIA3       =  0.00% (0      / 3144    vias)
        Un-optimized =  0.00% (0       vias)
        Un-mapped    = 100.00% (3144    vias)
    Layer VIA4       =  0.00% (0      / 1003    vias)
        Un-optimized =  0.00% (0       vias)
        Un-mapped    = 100.00% (1003    vias)
    Layer VIA5       =  0.00% (0      / 250     vias)
        Un-optimized =  0.00% (0       vias)
        Un-mapped    = 100.00% (250     vias)
    Layer VIA6       =  0.00% (0      / 10      vias)
        Un-optimized =  0.00% (0       vias)
        Un-mapped    = 100.00% (10      vias)
    Layer VIA7       =  0.00% (0      / 8       vias)
        Un-optimized =  0.00% (0       vias)
        Un-mapped    = 100.00% (8       vias)
 
  Total double via conversion rate    =  0.00% (0 / 51180 vias)
 
    Layer VIA1       =  0.00% (0      / 13764   vias)
    Layer VIA2       =  0.00% (0      / 33001   vias)
    Layer VIA3       =  0.00% (0      / 3144    vias)
    Layer VIA4       =  0.00% (0      / 1003    vias)
    Layer VIA5       =  0.00% (0      / 250     vias)
    Layer VIA6       =  0.00% (0      / 10      vias)
    Layer VIA7       =  0.00% (0      / 8       vias)
 
  The optimized via conversion rate based on total routed via count =  0.00% (0 / 51180 vias)
 
    Layer VIA1       =  0.00% (0      / 13764   vias)
        Un-optimized =  0.00% (0       vias)
        Un-mapped    = 100.00% (13764   vias)
    Layer VIA2       =  0.00% (0      / 33001   vias)
        Un-optimized =  0.00% (0       vias)
        Un-mapped    = 100.00% (33001   vias)
    Layer VIA3       =  0.00% (0      / 3144    vias)
        Un-optimized =  0.00% (0       vias)
        Un-mapped    = 100.00% (3144    vias)
    Layer VIA4       =  0.00% (0      / 1003    vias)
        Un-optimized =  0.00% (0       vias)
        Un-mapped    = 100.00% (1003    vias)
    Layer VIA5       =  0.00% (0      / 250     vias)
        Un-optimized =  0.00% (0       vias)
        Un-mapped    = 100.00% (250     vias)
    Layer VIA6       =  0.00% (0      / 10      vias)
        Un-optimized =  0.00% (0       vias)
        Un-mapped    = 100.00% (10      vias)
    Layer VIA7       =  0.00% (0      / 8       vias)
        Un-optimized =  0.00% (0       vias)
        Un-mapped    = 100.00% (8       vias)
 

Total number of nets = 26998
0 open nets, of which 0 are frozen
Total number of excluded ports = 0 ports of 0 unplaced cells connected to 0 nets
                                 0 ports without pins of 0 cells connected to 0 nets
                                 0 ports of 0 cover cells connected to 0 non-pg nets
Total number of DRCs = 1
Total number of antenna violations = antenna checking not active
Information: Routes in non-preferred voltage areas = 0 (ZRT-559)

Total Wire Length =                    455999 micron
Total Number of Contacts =             192082
Total Number of Wires =                254694
Total Number of PtConns =              7974
Total Number of Routed Wires =       67272
Total Routed Wire Length =           156546 micron
Total Number of Routed Contacts =       51180
	Layer                 M1 :       1192 micron
	Layer                 M2 :     196367 micron
	Layer                 M3 :     211445 micron
	Layer                 M4 :      18958 micron
	Layer                 M5 :      22736 micron
	Layer                 M6 :       5079 micron
	Layer                 M7 :         23 micron
	Layer                 M8 :        198 micron
	Layer                 M9 :          0 micron
	Layer               MRDL :          0 micron
	Via         VIA78SQ(rot) :          8
	Via            VIA67SQ_C :          2
	Via       VIA67SQ_C(rot) :          8
	Via       VIA56SQ_C(rot) :         34
	Via              VIA56SQ :        216
	Via              VIA45SQ :       1003
	Via            VIA34SQ_C :          1
	Via       VIA34SQ_C(rot) :       2813
	Via          VIA34BAR2_C :         10
	Via              VIA34SQ :         74
	Via         VIA34SQ(rot) :        242
	Via     VIA3_34SQ_C(rot) :          2
	Via            VIA3_34SQ :          2
	Via            VIA23SQ_C :      32916
	Via       VIA23SQ_C(rot) :          1
	Via     VIA23BAR2_C(rot) :          1
	Via              VIA23SQ :         12
	Via         VIA23SQ(rot) :          2
	Via            VIA23BAR1 :          2
	Via          VIA2_33SQ_C :         37
	Via          VIA23_3SQ_C :         28
	Via        VIA2_33_3SQ_C :          2
	Via            VIA12SQ_C :          2
	Via       VIA12SQ_C(rot) :      13442
	Via     VIA12BAR2_C(rot) :          1
	Via         VIA12SQ(rot) :         68
	Via     VIA1_32SQ_C(rot) :        246
	Via     VIA12_3SQ_C(rot) :          1
	Via   VIA1_32_3SQ_C(rot) :          4

 
Redundant via conversion report:
--------------------------------

  Total optimized via conversion rate =  0.00% (0 / 51180 vias)
 
    Layer VIA1       =  0.00% (0      / 13764   vias)
        Un-optimized =  0.00% (0       vias)
        Un-mapped    = 100.00% (13764   vias)
    Layer VIA2       =  0.00% (0      / 33001   vias)
        Un-optimized =  0.00% (0       vias)
        Un-mapped    = 100.00% (33001   vias)
    Layer VIA3       =  0.00% (0      / 3144    vias)
        Un-optimized =  0.00% (0       vias)
        Un-mapped    = 100.00% (3144    vias)
    Layer VIA4       =  0.00% (0      / 1003    vias)
        Un-optimized =  0.00% (0       vias)
        Un-mapped    = 100.00% (1003    vias)
    Layer VIA5       =  0.00% (0      / 250     vias)
        Un-optimized =  0.00% (0       vias)
        Un-mapped    = 100.00% (250     vias)
    Layer VIA6       =  0.00% (0      / 10      vias)
        Un-optimized =  0.00% (0       vias)
        Un-mapped    = 100.00% (10      vias)
    Layer VIA7       =  0.00% (0      / 8       vias)
        Un-optimized =  0.00% (0       vias)
        Un-mapped    = 100.00% (8       vias)
 
  Total double via conversion rate    =  0.00% (0 / 51180 vias)
 
    Layer VIA1       =  0.00% (0      / 13764   vias)
    Layer VIA2       =  0.00% (0      / 33001   vias)
    Layer VIA3       =  0.00% (0      / 3144    vias)
    Layer VIA4       =  0.00% (0      / 1003    vias)
    Layer VIA5       =  0.00% (0      / 250     vias)
    Layer VIA6       =  0.00% (0      / 10      vias)
    Layer VIA7       =  0.00% (0      / 8       vias)
 
  The optimized via conversion rate based on total routed via count =  0.00% (0 / 51180 vias)
 
    Layer VIA1       =  0.00% (0      / 13764   vias)
        Un-optimized =  0.00% (0       vias)
        Un-mapped    = 100.00% (13764   vias)
    Layer VIA2       =  0.00% (0      / 33001   vias)
        Un-optimized =  0.00% (0       vias)
        Un-mapped    = 100.00% (33001   vias)
    Layer VIA3       =  0.00% (0      / 3144    vias)
        Un-optimized =  0.00% (0       vias)
        Un-mapped    = 100.00% (3144    vias)
    Layer VIA4       =  0.00% (0      / 1003    vias)
        Un-optimized =  0.00% (0       vias)
        Un-mapped    = 100.00% (1003    vias)
    Layer VIA5       =  0.00% (0      / 250     vias)
        Un-optimized =  0.00% (0       vias)
        Un-mapped    = 100.00% (250     vias)
    Layer VIA6       =  0.00% (0      / 10      vias)
        Un-optimized =  0.00% (0       vias)
        Un-mapped    = 100.00% (10      vias)
    Layer VIA7       =  0.00% (0      / 8       vias)
        Un-optimized =  0.00% (0       vias)
        Un-mapped    = 100.00% (8       vias)
 
Topology ECO not run, no qualifying violations or in frozen nets.
Updating the database ...
...updated 1 nets
[ECO: End] Elapsed real time: 0:00:06 
[ECO: End] Elapsed cpu  time: sys=0:00:00 usr=0:00:23 total=0:00:23
[ECO: End] Stage (MB): Used    0  Alloctr    0  Proc    0 
[ECO: End] Total (MB): Used    0  Alloctr    2  Proc 2885 
icc2_shell> remove_physical_objects
icc2_shell> gui_mouse_tool -window [gui_get_current_window -types Layout -mru] -start CreateShapeTool
gui_set_mouse_tool_option -tool CreateShapeTool -option {layer} -value {M1}
gui_set_mouse_tool_option -tool CreateShapeTool -option {wireWidth} -value {0.034}
icc2_shell> icc2_shell> gui_set_mouse_tool_option -tool CreateShapeTool -option {net} -value {core_i/if_stage_i/n238}
icc2_shell> gui_set_mouse_tool_option -tool CreateShapeTool -option {layer} -value {M3}
icc2_shell> icc2_shell> gui_mouse_tool -window [gui_get_current_window -types Layout -mru] -add_point {192.295 65.675} -scale 0.0014
icc2_shell> gui_mouse_tool -window [gui_get_current_window -types Layout -mru] -reset
icc2_shell> gui_set_mouse_tool_option -tool CreateShapeTool -option {inputType} -value {Rectangle}
icc2_shell> gui_mouse_tool -window [gui_get_current_window -types Layout -mru] -add_point {192.272 65.703} -scale 0.0014
icc2_shell> gui_mouse_tool -window [gui_get_current_window -types Layout -mru] -add_point {192.656 65.121} -scale 0.0014
icc2_shell> gui_mouse_tool -window [gui_get_current_window -types Layout -mru] -reset
icc2_shell> check_routes
Warning: Cell contains tie connections which are not connected to real PG. (ZRT-511)
Turn off antenna since no rule is specified
Cell Min-Routing-Layer = M1
Cell Max-Routing-Layer = M9
Warning: There is no constraint to limit maximum number of secondary power and ground (PG) pins in a cluster. (ZRT-536)
Warning: There is no constraint to limit maximum number of secondary power and ground (PG) pins in a cluster. (ZRT-536)
Warning: There is no constraint to limit maximum number of secondary power and ground (PG) pins in a cluster. (ZRT-536)
Warning: There is no constraint to limit maximum number of secondary power and ground (PG) pins in a cluster. (ZRT-536)
Warning: There is no constraint to limit maximum number of secondary power and ground (PG) pins in a cluster. (ZRT-536)
Warning: There is no constraint to limit maximum number of secondary power and ground (PG) pins in a cluster. (ZRT-536)
Warning: There is no constraint to limit maximum number of secondary power and ground (PG) pins in a cluster. (ZRT-536)
Warning: There is no constraint to limit maximum number of secondary power and ground (PG) pins in a cluster. (ZRT-536)
Warning: There is no constraint to limit maximum number of secondary power and ground (PG) pins in a cluster. (ZRT-536)
Warning: There is no constraint to limit maximum number of secondary power and ground (PG) pins in a cluster. (ZRT-536)
Warning: There is no constraint to limit maximum number of secondary power and ground (PG) pins in a cluster. (ZRT-536)
Warning: There is no constraint to limit maximum number of secondary power and ground (PG) pins in a cluster. (ZRT-536)
Warning: There is no constraint to limit maximum number of secondary power and ground (PG) pins in a cluster. (ZRT-536)
Warning: There is no constraint to limit maximum number of secondary power and ground (PG) pins in a cluster. (ZRT-536)
Warning: There is no constraint to limit maximum number of secondary power and ground (PG) pins in a cluster. (ZRT-536)
Warning: There is no constraint to limit maximum number of secondary power and ground (PG) pins in a cluster. (ZRT-536)
Warning: Ignore 2 top cell ports with no pins. (ZRT-027)
Skipping 1 internal pins that are not physical. Set route.common.verbose_level to > 0 and run routing command to get skipped pin names.
Info: number of net_type_blockage: 0 
Via on layer (VIA1) needs more than one tracks
Warning: Layer M1 pitch 0.074 may be too small: wire/via-down 0.074, wire/via-up 0.098. (ZRT-026)
Via on layer (VIA1) needs more than one tracks
Warning: Layer M2 pitch 0.060 may be too small: wire/via-down 0.098, wire/via-up 0.060. (ZRT-026)
Via on layer (VIA3) needs more than one tracks
Warning: Layer M3 pitch 0.074 may be too small: wire/via-down 0.060, wire/via-up 0.080. (ZRT-026)
Wire on layer (M4) needs more than one tracks
Via on layer (VIA3) needs more than one tracks
Via on layer (VIA4) needs more than one tracks
Warning: Layer M4 pitch 0.074 may be too small: wire/via-down 0.107, wire/via-up 0.105. (ZRT-026)
Via on layer (VIA4) needs more than one tracks
Warning: Layer M5 pitch 0.120 may be too small: wire/via-down 0.135, wire/via-up 0.107. (ZRT-026)
Via on layer (VIA8) needs more than one tracks
Warning: Layer M8 pitch 0.120 may be too small: wire/via-down 0.107, wire/via-up 0.135. (ZRT-026)
Wire on layer (M9) needs more than one tracks
Via on layer (VIA8) needs more than one tracks
Via on layer (VIARDL) needs more than one tracks
Warning: Layer M9 pitch 0.120 may be too small: wire/via-down 0.135, wire/via-up 1.570. (ZRT-026)
Via on layer (VIARDL) needs more than one tracks
Warning: Layer MRDL pitch 0.600 may be too small: wire/via-down 4.500, wire/via-up 0.600. (ZRT-026)
Transition layer name: M3(2)
Warning: Standard cell pin SAEDRVT14_BUF_PECO_2/VDD has no valid via regions. (ZRT-044)
Warning: Standard cell pin SAEDRVT14_BUF_PECO_4/VDD has no valid via regions. (ZRT-044)
Warning: Standard cell pin SAEDRVT14_BUF_PECO_12/VDD has no valid via regions. (ZRT-044)
Warning: Standard cell pin SAEDRVT14_BUF_PS_3/VDD has no valid via regions. (ZRT-044)
Warning: Standard cell pin SAEDRVT14_BUF_PS_6/VDD has no valid via regions. (ZRT-044)
Warning: Standard cell pin SAEDRVT14_AOBUF_IW_3/VDD has no valid via regions. (ZRT-044)
Warning: Standard cell pin SAEDRVT14_AOBUF_IW_6/VDD has no valid via regions. (ZRT-044)
Warning: Standard cell pin SAEDRVT14_BUF_PECO_8/VDD has no valid via regions. (ZRT-044)
Warning: Standard cell pin SAEDRVT14_AOI21_V1_6/B has no valid via regions. (ZRT-044)
Warning: Standard cell pin SAEDRVT14_NR2_2/A1 has no valid via regions. (ZRT-044)
Warning: Standard cell pin SAEDRVT14_NR2_2/X has no valid via regions. (ZRT-044)
Warning: Standard cell pin SAEDRVT14_OA2BB2_2/B1 has no valid via regions. (ZRT-044)
Warning: Standard cell pin SAEDRVT14_NR3B_4/A has no valid via regions. (ZRT-044)


Start checking for open nets ... 

Total number of nets = 26992, of which 0 are not extracted
Total number of open nets = 0, of which 0 are frozen

Check 26992 nets, 0 have Errors

[CHECK OPEN NETS] Elapsed real time: 0:00:00 
[CHECK OPEN NETS] Elapsed cpu  time: sys=0:00:00 usr=0:00:00 total=0:00:00
[CHECK OPEN NETS] Stage (MB): Used    0  Alloctr    0  Proc    0 
[CHECK OPEN NETS] Total (MB): Used  146  Alloctr  153  Proc 2885 
Printing options for 'route.common.*'
common.verbose_level                                    :	 0                   

Printing options for 'route.detail.*'
detail.antenna                                          :	 true                
detail.force_end_on_preferred_grid                      :	 true                

Printing options for 'route.auto_via_ladder.*'


Begin full DRC check ...

Information: Using 12 threads for routing. (ZRT-444)
Checked	1/169 Partitions, Violations =	0
Checked	6/169 Partitions, Violations =	0
Checked	12/169 Partitions, Violations =	0
Checked	18/169 Partitions, Violations =	0
Checked	24/169 Partitions, Violations =	0
Checked	30/169 Partitions, Violations =	3
Checked	36/169 Partitions, Violations =	3
Checked	42/169 Partitions, Violations =	3
Checked	48/169 Partitions, Violations =	3
Checked	54/169 Partitions, Violations =	3
Checked	60/169 Partitions, Violations =	3
Checked	66/169 Partitions, Violations =	3
Checked	72/169 Partitions, Violations =	3
Checked	78/169 Partitions, Violations =	3
Checked	84/169 Partitions, Violations =	3
Checked	90/169 Partitions, Violations =	3
Checked	96/169 Partitions, Violations =	3
Checked	102/169 Partitions, Violations =	3
Checked	108/169 Partitions, Violations =	3
Checked	114/169 Partitions, Violations =	3
Checked	120/169 Partitions, Violations =	3
Checked	126/169 Partitions, Violations =	3
Checked	132/169 Partitions, Violations =	3
Checked	138/169 Partitions, Violations =	3
Checked	144/169 Partitions, Violations =	3
Checked	150/169 Partitions, Violations =	3
Checked	156/169 Partitions, Violations =	3
Checked	162/169 Partitions, Violations =	3
Checked	168/169 Partitions, Violations =	3
[DRC CHECK] Elapsed real time: 0:00:03 
[DRC CHECK] Elapsed cpu  time: sys=0:00:00 usr=0:00:26 total=0:00:26
[DRC CHECK] Stage (MB): Used    0  Alloctr    1  Proc   26 
[DRC CHECK] Total (MB): Used  170  Alloctr  178  Proc 2911 
Warning: No antenna rules defined, Skip antenna analysis. (ZRT-309)

DRC-SUMMARY:
	@@@@@@@ TOTAL VIOLATIONS =	3
	Less than minimum area : 1
	Short : 2


Total Wire Length =                    455954 micron
Total Number of Contacts =             192082
Total Number of Wires =                236006
Total Number of PtConns =              26604
Total Number of Routed Wires =       236005
Total Routed Wire Length =           436174 micron
Total Number of Routed Contacts =       192082
	Layer                 M1 :       1192 micron
	Layer                 M2 :     196367 micron
	Layer                 M3 :     211414 micron
	Layer                 M4 :      18944 micron
	Layer                 M5 :      22736 micron
	Layer                 M6 :       5079 micron
	Layer                 M7 :         23 micron
	Layer                 M8 :        198 micron
	Layer                 M9 :          0 micron
	Layer               MRDL :          0 micron
	Via         VIA78SQ(rot) :         12
	Via            VIA67SQ_C :          9
	Via       VIA67SQ_C(rot) :         15
	Via       VIA56SQ_C(rot) :         57
	Via              VIA56SQ :        339
	Via              VIA45SQ :       1949
	Via            VIA34SQ_C :          1
	Via       VIA34SQ_C(rot) :       6630
	Via          VIA34BAR2_C :         19
	Via              VIA34SQ :        124
	Via         VIA34SQ(rot) :        486
	Via     VIA3_34SQ_C(rot) :          3
	Via            VIA3_34SQ :          3
	Via            VIA23SQ_C :     116590
	Via       VIA23SQ_C(rot) :          3
	Via     VIA23BAR2_C(rot) :          1
	Via              VIA23SQ :         19
	Via         VIA23SQ(rot) :          3
	Via            VIA23BAR1 :          4
	Via          VIA2_33SQ_C :        106
	Via          VIA23_3SQ_C :         56
	Via        VIA2_33_3SQ_C :          4
	Via            VIA12SQ_C :         13
	Via       VIA12SQ_C(rot) :      64460
	Via     VIA12BAR2_C(rot) :          1
	Via            VIA12LG_C :          1
	Via         VIA12SQ(rot) :        302
	Via     VIA1_32SQ_C(rot) :        863
	Via     VIA12_3SQ_C(rot) :          4
	Via   VIA1_32_3SQ_C(rot) :          5

 
Redundant via conversion report:
--------------------------------

  Total optimized via conversion rate =  0.00% (0 / 192082 vias)
 
    Layer VIA1       =  0.00% (0      / 65649   vias)
        Un-optimized =  0.00% (0       vias)
        Un-mapped    = 100.00% (65649   vias)
    Layer VIA2       =  0.00% (0      / 116786  vias)
        Un-optimized =  0.00% (0       vias)
        Un-mapped    = 100.00% (116786  vias)
    Layer VIA3       =  0.00% (0      / 7266    vias)
        Un-optimized =  0.00% (0       vias)
        Un-mapped    = 100.00% (7266    vias)
    Layer VIA4       =  0.00% (0      / 1949    vias)
        Un-optimized =  0.00% (0       vias)
        Un-mapped    = 100.00% (1949    vias)
    Layer VIA5       =  0.00% (0      / 396     vias)
        Un-optimized =  0.00% (0       vias)
        Un-mapped    = 100.00% (396     vias)
    Layer VIA6       =  0.00% (0      / 24      vias)
        Un-optimized =  0.00% (0       vias)
        Un-mapped    = 100.00% (24      vias)
    Layer VIA7       =  0.00% (0      / 12      vias)
        Un-optimized =  0.00% (0       vias)
        Un-mapped    = 100.00% (12      vias)
 
  Total double via conversion rate    =  0.00% (0 / 192082 vias)
 
    Layer VIA1       =  0.00% (0      / 65649   vias)
    Layer VIA2       =  0.00% (0      / 116786  vias)
    Layer VIA3       =  0.00% (0      / 7266    vias)
    Layer VIA4       =  0.00% (0      / 1949    vias)
    Layer VIA5       =  0.00% (0      / 396     vias)
    Layer VIA6       =  0.00% (0      / 24      vias)
    Layer VIA7       =  0.00% (0      / 12      vias)
 
  The optimized via conversion rate based on total routed via count =  0.00% (0 / 192082 vias)
 
    Layer VIA1       =  0.00% (0      / 65649   vias)
        Un-optimized =  0.00% (0       vias)
        Un-mapped    = 100.00% (65649   vias)
    Layer VIA2       =  0.00% (0      / 116786  vias)
        Un-optimized =  0.00% (0       vias)
        Un-mapped    = 100.00% (116786  vias)
    Layer VIA3       =  0.00% (0      / 7266    vias)
        Un-optimized =  0.00% (0       vias)
        Un-mapped    = 100.00% (7266    vias)
    Layer VIA4       =  0.00% (0      / 1949    vias)
        Un-optimized =  0.00% (0       vias)
        Un-mapped    = 100.00% (1949    vias)
    Layer VIA5       =  0.00% (0      / 396     vias)
        Un-optimized =  0.00% (0       vias)
        Un-mapped    = 100.00% (396     vias)
    Layer VIA6       =  0.00% (0      / 24      vias)
        Un-optimized =  0.00% (0       vias)
        Un-mapped    = 100.00% (24      vias)
    Layer VIA7       =  0.00% (0      / 12      vias)
        Un-optimized =  0.00% (0       vias)
        Un-mapped    = 100.00% (12      vias)
 


Verify Summary:

Total number of nets = 26992, of which 0 are not extracted
Total number of open nets = 0, of which 0 are frozen
Total number of excluded ports = 0 ports of 0 unplaced cells connected to 0 nets
                                 0 ports without pins of 0 cells connected to 0 nets
                                 0 ports of 0 cover cells connected to 0 non-pg nets
Total number of DRCs = 3
Total number of antenna violations = no antenna rules defined
Total number of tie to rail violations = not checked
Total number of tie to rail directly violations = not checked


icc2_shell> remove_physical_objects
icc2_shell> check_routes
Warning: Cell contains tie connections which are not connected to real PG. (ZRT-511)
Turn off antenna since no rule is specified
Cell Min-Routing-Layer = M1
Cell Max-Routing-Layer = M9
Warning: There is no constraint to limit maximum number of secondary power and ground (PG) pins in a cluster. (ZRT-536)
Warning: There is no constraint to limit maximum number of secondary power and ground (PG) pins in a cluster. (ZRT-536)
Warning: There is no constraint to limit maximum number of secondary power and ground (PG) pins in a cluster. (ZRT-536)
Warning: There is no constraint to limit maximum number of secondary power and ground (PG) pins in a cluster. (ZRT-536)
Warning: There is no constraint to limit maximum number of secondary power and ground (PG) pins in a cluster. (ZRT-536)
Warning: There is no constraint to limit maximum number of secondary power and ground (PG) pins in a cluster. (ZRT-536)
Warning: There is no constraint to limit maximum number of secondary power and ground (PG) pins in a cluster. (ZRT-536)
Warning: There is no constraint to limit maximum number of secondary power and ground (PG) pins in a cluster. (ZRT-536)
Warning: There is no constraint to limit maximum number of secondary power and ground (PG) pins in a cluster. (ZRT-536)
Warning: There is no constraint to limit maximum number of secondary power and ground (PG) pins in a cluster. (ZRT-536)
Warning: There is no constraint to limit maximum number of secondary power and ground (PG) pins in a cluster. (ZRT-536)
Warning: There is no constraint to limit maximum number of secondary power and ground (PG) pins in a cluster. (ZRT-536)
Warning: There is no constraint to limit maximum number of secondary power and ground (PG) pins in a cluster. (ZRT-536)
Warning: There is no constraint to limit maximum number of secondary power and ground (PG) pins in a cluster. (ZRT-536)
Warning: There is no constraint to limit maximum number of secondary power and ground (PG) pins in a cluster. (ZRT-536)
Warning: There is no constraint to limit maximum number of secondary power and ground (PG) pins in a cluster. (ZRT-536)
Warning: Ignore 2 top cell ports with no pins. (ZRT-027)
Skipping 1 internal pins that are not physical. Set route.common.verbose_level to > 0 and run routing command to get skipped pin names.
Info: number of net_type_blockage: 0 
Via on layer (VIA1) needs more than one tracks
Warning: Layer M1 pitch 0.074 may be too small: wire/via-down 0.074, wire/via-up 0.098. (ZRT-026)
Via on layer (VIA1) needs more than one tracks
Warning: Layer M2 pitch 0.060 may be too small: wire/via-down 0.098, wire/via-up 0.060. (ZRT-026)
Via on layer (VIA3) needs more than one tracks
Warning: Layer M3 pitch 0.074 may be too small: wire/via-down 0.060, wire/via-up 0.080. (ZRT-026)
Wire on layer (M4) needs more than one tracks
Via on layer (VIA3) needs more than one tracks
Via on layer (VIA4) needs more than one tracks
Warning: Layer M4 pitch 0.074 may be too small: wire/via-down 0.107, wire/via-up 0.105. (ZRT-026)
Via on layer (VIA4) needs more than one tracks
Warning: Layer M5 pitch 0.120 may be too small: wire/via-down 0.135, wire/via-up 0.107. (ZRT-026)
Via on layer (VIA8) needs more than one tracks
Warning: Layer M8 pitch 0.120 may be too small: wire/via-down 0.107, wire/via-up 0.135. (ZRT-026)
Wire on layer (M9) needs more than one tracks
Via on layer (VIA8) needs more than one tracks
Via on layer (VIARDL) needs more than one tracks
Warning: Layer M9 pitch 0.120 may be too small: wire/via-down 0.135, wire/via-up 1.570. (ZRT-026)
Via on layer (VIARDL) needs more than one tracks
Warning: Layer MRDL pitch 0.600 may be too small: wire/via-down 4.500, wire/via-up 0.600. (ZRT-026)
Transition layer name: M3(2)
Warning: Standard cell pin SAEDRVT14_BUF_PECO_2/VDD has no valid via regions. (ZRT-044)
Warning: Standard cell pin SAEDRVT14_BUF_PECO_4/VDD has no valid via regions. (ZRT-044)
Warning: Standard cell pin SAEDRVT14_BUF_PS_3/VDD has no valid via regions. (ZRT-044)
Warning: Standard cell pin SAEDRVT14_BUF_PECO_12/VDD has no valid via regions. (ZRT-044)
Warning: Standard cell pin SAEDRVT14_BUF_PS_6/VDD has no valid via regions. (ZRT-044)
Warning: Standard cell pin SAEDRVT14_AOBUF_IW_3/VDD has no valid via regions. (ZRT-044)
Warning: Standard cell pin SAEDRVT14_AOBUF_IW_6/VDD has no valid via regions. (ZRT-044)
Warning: Standard cell pin SAEDRVT14_BUF_PECO_8/VDD has no valid via regions. (ZRT-044)
Warning: Standard cell pin SAEDRVT14_NR2_2/A1 has no valid via regions. (ZRT-044)
Warning: Standard cell pin SAEDRVT14_NR2_2/X has no valid via regions. (ZRT-044)
Warning: Standard cell pin SAEDRVT14_AOI21_V1_6/B has no valid via regions. (ZRT-044)
Warning: Standard cell pin SAEDRVT14_OA2BB2_2/B1 has no valid via regions. (ZRT-044)
Warning: Standard cell pin SAEDRVT14_NR3B_4/A has no valid via regions. (ZRT-044)


Start checking for open nets ... 

Total number of nets = 26992, of which 0 are not extracted
Total number of open nets = 0, of which 0 are frozen

Check 26992 nets, 0 have Errors

[CHECK OPEN NETS] Elapsed real time: 0:00:00 
[CHECK OPEN NETS] Elapsed cpu  time: sys=0:00:00 usr=0:00:00 total=0:00:00
[CHECK OPEN NETS] Stage (MB): Used    0  Alloctr    0  Proc    0 
[CHECK OPEN NETS] Total (MB): Used  146  Alloctr  153  Proc 2911 
Printing options for 'route.common.*'
common.verbose_level                                    :	 0                   

Printing options for 'route.detail.*'
detail.antenna                                          :	 true                
detail.force_end_on_preferred_grid                      :	 true                

Printing options for 'route.auto_via_ladder.*'


Begin full DRC check ...

Information: Using 12 threads for routing. (ZRT-444)
Checked	1/169 Partitions, Violations =	0
Checked	6/169 Partitions, Violations =	0
Checked	12/169 Partitions, Violations =	0
Checked	18/169 Partitions, Violations =	0
Checked	24/169 Partitions, Violations =	0
Checked	30/169 Partitions, Violations =	1
Checked	36/169 Partitions, Violations =	1
Checked	42/169 Partitions, Violations =	1
Checked	48/169 Partitions, Violations =	1
Checked	54/169 Partitions, Violations =	1
Checked	60/169 Partitions, Violations =	1
Checked	66/169 Partitions, Violations =	1
Checked	72/169 Partitions, Violations =	1
Checked	78/169 Partitions, Violations =	1
Checked	84/169 Partitions, Violations =	1
Checked	90/169 Partitions, Violations =	1
Checked	96/169 Partitions, Violations =	1
Checked	102/169 Partitions, Violations =	1
Checked	108/169 Partitions, Violations =	1
Checked	114/169 Partitions, Violations =	1
Checked	120/169 Partitions, Violations =	1
Checked	126/169 Partitions, Violations =	1
Checked	132/169 Partitions, Violations =	1
Checked	138/169 Partitions, Violations =	1
Checked	144/169 Partitions, Violations =	1
Checked	150/169 Partitions, Violations =	1
Checked	156/169 Partitions, Violations =	1
Checked	162/169 Partitions, Violations =	1
Checked	168/169 Partitions, Violations =	1
[DRC CHECK] Elapsed real time: 0:00:03 
[DRC CHECK] Elapsed cpu  time: sys=0:00:00 usr=0:00:25 total=0:00:25
[DRC CHECK] Stage (MB): Used    0  Alloctr    1  Proc    2 
[DRC CHECK] Total (MB): Used  170  Alloctr  178  Proc 2914 
Warning: No antenna rules defined, Skip antenna analysis. (ZRT-309)

DRC-SUMMARY:
	@@@@@@@ TOTAL VIOLATIONS =	1
	Less than minimum area : 1


Total Wire Length =                    455954 micron
Total Number of Contacts =             192082
Total Number of Wires =                236005
Total Number of PtConns =              26604
Total Number of Routed Wires =       236005
Total Routed Wire Length =           436174 micron
Total Number of Routed Contacts =       192082
	Layer                 M1 :       1192 micron
	Layer                 M2 :     196367 micron
	Layer                 M3 :     211414 micron
	Layer                 M4 :      18944 micron
	Layer                 M5 :      22736 micron
	Layer                 M6 :       5079 micron
	Layer                 M7 :         23 micron
	Layer                 M8 :        198 micron
	Layer                 M9 :          0 micron
	Layer               MRDL :          0 micron
	Via         VIA78SQ(rot) :         12
	Via            VIA67SQ_C :          9
	Via       VIA67SQ_C(rot) :         15
	Via       VIA56SQ_C(rot) :         57
	Via              VIA56SQ :        339
	Via              VIA45SQ :       1949
	Via            VIA34SQ_C :          1
	Via       VIA34SQ_C(rot) :       6630
	Via          VIA34BAR2_C :         19
	Via              VIA34SQ :        124
	Via         VIA34SQ(rot) :        486
	Via     VIA3_34SQ_C(rot) :          3
	Via            VIA3_34SQ :          3
	Via            VIA23SQ_C :     116590
	Via       VIA23SQ_C(rot) :          3
	Via     VIA23BAR2_C(rot) :          1
	Via              VIA23SQ :         19
	Via         VIA23SQ(rot) :          3
	Via            VIA23BAR1 :          4
	Via          VIA2_33SQ_C :        106
	Via          VIA23_3SQ_C :         56
	Via        VIA2_33_3SQ_C :          4
	Via            VIA12SQ_C :         13
	Via       VIA12SQ_C(rot) :      64460
	Via     VIA12BAR2_C(rot) :          1
	Via            VIA12LG_C :          1
	Via         VIA12SQ(rot) :        302
	Via     VIA1_32SQ_C(rot) :        863
	Via     VIA12_3SQ_C(rot) :          4
	Via   VIA1_32_3SQ_C(rot) :          5

 
Redundant via conversion report:
--------------------------------

  Total optimized via conversion rate =  0.00% (0 / 192082 vias)
 
    Layer VIA1       =  0.00% (0      / 65649   vias)
        Un-optimized =  0.00% (0       vias)
        Un-mapped    = 100.00% (65649   vias)
    Layer VIA2       =  0.00% (0      / 116786  vias)
        Un-optimized =  0.00% (0       vias)
        Un-mapped    = 100.00% (116786  vias)
    Layer VIA3       =  0.00% (0      / 7266    vias)
        Un-optimized =  0.00% (0       vias)
        Un-mapped    = 100.00% (7266    vias)
    Layer VIA4       =  0.00% (0      / 1949    vias)
        Un-optimized =  0.00% (0       vias)
        Un-mapped    = 100.00% (1949    vias)
    Layer VIA5       =  0.00% (0      / 396     vias)
        Un-optimized =  0.00% (0       vias)
        Un-mapped    = 100.00% (396     vias)
    Layer VIA6       =  0.00% (0      / 24      vias)
        Un-optimized =  0.00% (0       vias)
        Un-mapped    = 100.00% (24      vias)
    Layer VIA7       =  0.00% (0      / 12      vias)
        Un-optimized =  0.00% (0       vias)
        Un-mapped    = 100.00% (12      vias)
 
  Total double via conversion rate    =  0.00% (0 / 192082 vias)
 
    Layer VIA1       =  0.00% (0      / 65649   vias)
    Layer VIA2       =  0.00% (0      / 116786  vias)
    Layer VIA3       =  0.00% (0      / 7266    vias)
    Layer VIA4       =  0.00% (0      / 1949    vias)
    Layer VIA5       =  0.00% (0      / 396     vias)
    Layer VIA6       =  0.00% (0      / 24      vias)
    Layer VIA7       =  0.00% (0      / 12      vias)
 
  The optimized via conversion rate based on total routed via count =  0.00% (0 / 192082 vias)
 
    Layer VIA1       =  0.00% (0      / 65649   vias)
        Un-optimized =  0.00% (0       vias)
        Un-mapped    = 100.00% (65649   vias)
    Layer VIA2       =  0.00% (0      / 116786  vias)
        Un-optimized =  0.00% (0       vias)
        Un-mapped    = 100.00% (116786  vias)
    Layer VIA3       =  0.00% (0      / 7266    vias)
        Un-optimized =  0.00% (0       vias)
        Un-mapped    = 100.00% (7266    vias)
    Layer VIA4       =  0.00% (0      / 1949    vias)
        Un-optimized =  0.00% (0       vias)
        Un-mapped    = 100.00% (1949    vias)
    Layer VIA5       =  0.00% (0      / 396     vias)
        Un-optimized =  0.00% (0       vias)
        Un-mapped    = 100.00% (396     vias)
    Layer VIA6       =  0.00% (0      / 24      vias)
        Un-optimized =  0.00% (0       vias)
        Un-mapped    = 100.00% (24      vias)
    Layer VIA7       =  0.00% (0      / 12      vias)
        Un-optimized =  0.00% (0       vias)
        Un-mapped    = 100.00% (12      vias)
 


Verify Summary:

Total number of nets = 26992, of which 0 are not extracted
Total number of open nets = 0, of which 0 are frozen
Total number of excluded ports = 0 ports of 0 unplaced cells connected to 0 nets
                                 0 ports without pins of 0 cells connected to 0 nets
                                 0 ports of 0 cover cells connected to 0 non-pg nets
Total number of DRCs = 1
Total number of antenna violations = no antenna rules defined
Total number of tie to rail violations = not checked
Total number of tie to rail directly violations = not checked


icc2_shell> remove_shapes [get_shapes -of_objects [get_nets dm_halt_addr_i[17] ]]
14
icc2_shell> remove_vias [get_vias -of_objects [get_nets dm_halt_addr_i[17] ]]
11
icc2_shell> route_detail -incremental true
Information: The net parasitics of block cv32e40p_top are cleared. (TIM-123)
Warning: Cell contains tie connections which are not connected to real PG. (ZRT-511)
Turn off antenna since no rule is specified
Cell Min-Routing-Layer = M1
Cell Max-Routing-Layer = M9
Warning: There is no constraint to limit maximum number of secondary power and ground (PG) pins in a cluster. (ZRT-536)
Warning: There is no constraint to limit maximum number of secondary power and ground (PG) pins in a cluster. (ZRT-536)
Warning: There is no constraint to limit maximum number of secondary power and ground (PG) pins in a cluster. (ZRT-536)
Warning: There is no constraint to limit maximum number of secondary power and ground (PG) pins in a cluster. (ZRT-536)
Warning: There is no constraint to limit maximum number of secondary power and ground (PG) pins in a cluster. (ZRT-536)
Warning: There is no constraint to limit maximum number of secondary power and ground (PG) pins in a cluster. (ZRT-536)
Warning: There is no constraint to limit maximum number of secondary power and ground (PG) pins in a cluster. (ZRT-536)
Warning: There is no constraint to limit maximum number of secondary power and ground (PG) pins in a cluster. (ZRT-536)
Warning: There is no constraint to limit maximum number of secondary power and ground (PG) pins in a cluster. (ZRT-536)
Warning: There is no constraint to limit maximum number of secondary power and ground (PG) pins in a cluster. (ZRT-536)
Warning: There is no constraint to limit maximum number of secondary power and ground (PG) pins in a cluster. (ZRT-536)
Warning: There is no constraint to limit maximum number of secondary power and ground (PG) pins in a cluster. (ZRT-536)
Warning: There is no constraint to limit maximum number of secondary power and ground (PG) pins in a cluster. (ZRT-536)
Warning: There is no constraint to limit maximum number of secondary power and ground (PG) pins in a cluster. (ZRT-536)
Warning: There is no constraint to limit maximum number of secondary power and ground (PG) pins in a cluster. (ZRT-536)
Warning: There is no constraint to limit maximum number of secondary power and ground (PG) pins in a cluster. (ZRT-536)
Warning: Ignore 2 top cell ports with no pins. (ZRT-027)
Skipping 1 internal pins that are not physical. Set route.common.verbose_level to > 0 and run routing command to get skipped pin names.
Info: number of net_type_blockage: 0 
Via on layer (VIA1) needs more than one tracks
Warning: Layer M1 pitch 0.074 may be too small: wire/via-down 0.074, wire/via-up 0.098. (ZRT-026)
Via on layer (VIA1) needs more than one tracks
Warning: Layer M2 pitch 0.060 may be too small: wire/via-down 0.098, wire/via-up 0.060. (ZRT-026)
Via on layer (VIA3) needs more than one tracks
Warning: Layer M3 pitch 0.074 may be too small: wire/via-down 0.060, wire/via-up 0.080. (ZRT-026)
Wire on layer (M4) needs more than one tracks
Via on layer (VIA3) needs more than one tracks
Via on layer (VIA4) needs more than one tracks
Warning: Layer M4 pitch 0.074 may be too small: wire/via-down 0.107, wire/via-up 0.105. (ZRT-026)
Via on layer (VIA4) needs more than one tracks
Warning: Layer M5 pitch 0.120 may be too small: wire/via-down 0.135, wire/via-up 0.107. (ZRT-026)
Via on layer (VIA8) needs more than one tracks
Warning: Layer M8 pitch 0.120 may be too small: wire/via-down 0.107, wire/via-up 0.135. (ZRT-026)
Wire on layer (M9) needs more than one tracks
Via on layer (VIA8) needs more than one tracks
Via on layer (VIARDL) needs more than one tracks
Warning: Layer M9 pitch 0.120 may be too small: wire/via-down 0.135, wire/via-up 1.570. (ZRT-026)
Via on layer (VIARDL) needs more than one tracks
Warning: Layer MRDL pitch 0.600 may be too small: wire/via-down 4.500, wire/via-up 0.600. (ZRT-026)
Transition layer name: M3(2)
Warning: Standard cell pin SAEDRVT14_BUF_PECO_12/VDD has no valid via regions. (ZRT-044)
Warning: Standard cell pin SAEDRVT14_BUF_PS_3/VDD has no valid via regions. (ZRT-044)
Warning: Standard cell pin SAEDRVT14_BUF_PECO_2/VDD has no valid via regions. (ZRT-044)
Warning: Standard cell pin SAEDRVT14_BUF_PS_6/VDD has no valid via regions. (ZRT-044)
Warning: Standard cell pin SAEDRVT14_AOBUF_IW_3/VDD has no valid via regions. (ZRT-044)
Warning: Standard cell pin SAEDRVT14_BUF_PECO_4/VDD has no valid via regions. (ZRT-044)
Warning: Standard cell pin SAEDRVT14_AOBUF_IW_6/VDD has no valid via regions. (ZRT-044)
Warning: Standard cell pin SAEDRVT14_OA2BB2_2/B1 has no valid via regions. (ZRT-044)
Warning: Standard cell pin SAEDRVT14_AOI21_V1_6/B has no valid via regions. (ZRT-044)
Warning: Standard cell pin SAEDRVT14_BUF_PECO_8/VDD has no valid via regions. (ZRT-044)
Warning: Standard cell pin SAEDRVT14_NR2_2/A1 has no valid via regions. (ZRT-044)
Warning: Standard cell pin SAEDRVT14_NR2_2/X has no valid via regions. (ZRT-044)
Warning: Standard cell pin SAEDRVT14_NR3B_4/A has no valid via regions. (ZRT-044)
Printing options for 'route.common.*'
common.verbose_level                                    :	 0                   

Printing options for 'route.detail.*'
detail.antenna                                          :	 true                
detail.force_end_on_preferred_grid                      :	 true                

Printing options for 'route.auto_via_ladder.*'


Begin full DRC check ...

Information: Using 12 threads for routing. (ZRT-444)
Checked	1/169 Partitions, Violations =	0
Checked	6/169 Partitions, Violations =	0
Checked	12/169 Partitions, Violations =	0
Checked	18/169 Partitions, Violations =	0
Checked	24/169 Partitions, Violations =	0
Checked	30/169 Partitions, Violations =	0
Checked	36/169 Partitions, Violations =	0
Checked	42/169 Partitions, Violations =	0
Checked	48/169 Partitions, Violations =	0
Checked	54/169 Partitions, Violations =	0
Checked	60/169 Partitions, Violations =	0
Checked	66/169 Partitions, Violations =	0
Checked	72/169 Partitions, Violations =	0
Checked	78/169 Partitions, Violations =	0
Checked	84/169 Partitions, Violations =	0
Checked	90/169 Partitions, Violations =	0
Checked	96/169 Partitions, Violations =	0
Checked	102/169 Partitions, Violations =	0
Checked	108/169 Partitions, Violations =	0
Checked	114/169 Partitions, Violations =	0
Checked	120/169 Partitions, Violations =	0
Checked	126/169 Partitions, Violations =	0
Checked	132/169 Partitions, Violations =	0
Checked	138/169 Partitions, Violations =	0
Checked	144/169 Partitions, Violations =	0
Checked	150/169 Partitions, Violations =	0
Checked	156/169 Partitions, Violations =	0
Checked	162/169 Partitions, Violations =	0
Checked	168/169 Partitions, Violations =	0
[DRC CHECK] Elapsed real time: 0:00:03 
[DRC CHECK] Elapsed cpu  time: sys=0:00:00 usr=0:00:26 total=0:00:26
[DRC CHECK] Stage (MB): Used    0  Alloctr    1  Proc    0 
[DRC CHECK] Total (MB): Used  170  Alloctr  178  Proc 2914 
Loading parastics information to the router ...
Warning: Technology layer 'M4' setting 'pitch' is not valid (NEX-001)
Warning: Technology layer 'MRDL' setting 'pitch' is not valid (NEX-001)
Warning: Parasitic Tech Library layer 'M1' parameter 'SMIN' = 0.040 does not match 0.026 of technology file (NEX-007)
Warning: Parasitic Tech Library layer 'M2' parameter 'SMIN' = 0.040 does not match 0.026 of technology file (NEX-007)
Warning: Parasitic Tech Library layer 'M3' parameter 'SMIN' = 0.040 does not match 0.026 of technology file (NEX-007)
Warning: Parasitic Tech Library layer 'M1' parameter 'SMIN' = 0.040 does not match 0.026 of technology file (NEX-007)
Warning: Parasitic Tech Library layer 'M2' parameter 'SMIN' = 0.040 does not match 0.026 of technology file (NEX-007)
Warning: Parasitic Tech Library layer 'M3' parameter 'SMIN' = 0.040 does not match 0.026 of technology file (NEX-007)
Warning: Parasitic Tech Library layer 'M8' parameter 'WMIN' = 0.030 does not match 0.060 of technology file (NEX-007)
Warning: Parasitic Tech Library layer 'M8' parameter 'SMIN' = 0.060 does not match 0.040 of technology file (NEX-007)
parastics information loaded to the router.
Printing options for 'route.common.*'
common.verbose_level                                    :	 0                   

Printing options for 'route.detail.*'
detail.antenna                                          :	 true                
detail.force_end_on_preferred_grid                      :	 true                

Printing options for 'route.auto_via_ladder.*'

Information: RC layer preference is turned on for this design. (ZRT-613)
[Dr init] Elapsed real time: 0:00:07 
[Dr init] Elapsed cpu  time: sys=0:00:00 usr=0:00:46 total=0:00:46
[Dr init] Stage (MB): Used  160  Alloctr  166  Proc    0 
[Dr init] Total (MB): Used  161  Alloctr  169  Proc 2914 
Total number of nets = 26992, of which 0 are not extracted
Total number of open nets = 1, of which 0 are frozen
Information: Using 12 threads for routing. (ZRT-444)
Routing in incremental mode, starting from iteration 20

Finish DR since reached 0 DRC

Information: Detail Routing terminated early because DRCs were not converging: false (ZRT-312)
[DR] Elapsed real time: 0:00:07 
[DR] Elapsed cpu  time: sys=0:00:00 usr=0:00:46 total=0:00:46
[DR] Stage (MB): Used  151  Alloctr  157  Proc    0 
[DR] Total (MB): Used  152  Alloctr  160  Proc 2914 
[DR: Done] Elapsed real time: 0:00:07 
[DR: Done] Elapsed cpu  time: sys=0:00:00 usr=0:00:46 total=0:00:46
[DR: Done] Stage (MB): Used  151  Alloctr  157  Proc    0 
[DR: Done] Total (MB): Used  152  Alloctr  160  Proc 2914 

DR finished with 1 open nets, of which 0 are frozen

DR finished with 0 violations

DRC-SUMMARY:
	@@@@@@@ TOTAL VIOLATIONS =	0



Total Wire Length =                    455731 micron
Total Number of Contacts =             192071
Total Number of Wires =                235751
Total Number of PtConns =              26600
Total Number of Routed Wires =       235751
Total Routed Wire Length =           435953 micron
Total Number of Routed Contacts =       192071
	Layer                 M1 :       1192 micron
	Layer                 M2 :     196252 micron
	Layer                 M3 :     211348 micron
	Layer                 M4 :      18943 micron
	Layer                 M5 :      22735 micron
	Layer                 M6 :       5038 micron
	Layer                 M7 :         23 micron
	Layer                 M8 :        198 micron
	Layer                 M9 :          0 micron
	Layer               MRDL :          0 micron
	Via         VIA78SQ(rot) :         12
	Via            VIA67SQ_C :          9
	Via       VIA67SQ_C(rot) :         15
	Via       VIA56SQ_C(rot) :         57
	Via              VIA56SQ :        337
	Via              VIA45SQ :       1947
	Via            VIA34SQ_C :          1
	Via       VIA34SQ_C(rot) :       6629
	Via          VIA34BAR2_C :         19
	Via              VIA34SQ :        124
	Via         VIA34SQ(rot) :        486
	Via     VIA3_34SQ_C(rot) :          2
	Via            VIA3_34SQ :          3
	Via            VIA23SQ_C :     116586
	Via       VIA23SQ_C(rot) :          3
	Via     VIA23BAR2_C(rot) :          1
	Via              VIA23SQ :         19
	Via         VIA23SQ(rot) :          3
	Via            VIA23BAR1 :          4
	Via          VIA2_33SQ_C :        106
	Via          VIA23_3SQ_C :         55
	Via        VIA2_33_3SQ_C :          4
	Via            VIA12SQ_C :         13
	Via       VIA12SQ_C(rot) :      64460
	Via     VIA12BAR2_C(rot) :          1
	Via            VIA12LG_C :          1
	Via         VIA12SQ(rot) :        302
	Via     VIA1_32SQ_C(rot) :        863
	Via     VIA12_3SQ_C(rot) :          4
	Via   VIA1_32_3SQ_C(rot) :          5

 
Redundant via conversion report:
--------------------------------

  Total optimized via conversion rate =  0.00% (0 / 192071 vias)
 
    Layer VIA1       =  0.00% (0      / 65649   vias)
        Un-optimized =  0.00% (0       vias)
        Un-mapped    = 100.00% (65649   vias)
    Layer VIA2       =  0.00% (0      / 116781  vias)
        Un-optimized =  0.00% (0       vias)
        Un-mapped    = 100.00% (116781  vias)
    Layer VIA3       =  0.00% (0      / 7264    vias)
        Un-optimized =  0.00% (0       vias)
        Un-mapped    = 100.00% (7264    vias)
    Layer VIA4       =  0.00% (0      / 1947    vias)
        Un-optimized =  0.00% (0       vias)
        Un-mapped    = 100.00% (1947    vias)
    Layer VIA5       =  0.00% (0      / 394     vias)
        Un-optimized =  0.00% (0       vias)
        Un-mapped    = 100.00% (394     vias)
    Layer VIA6       =  0.00% (0      / 24      vias)
        Un-optimized =  0.00% (0       vias)
        Un-mapped    = 100.00% (24      vias)
    Layer VIA7       =  0.00% (0      / 12      vias)
        Un-optimized =  0.00% (0       vias)
        Un-mapped    = 100.00% (12      vias)
 
  Total double via conversion rate    =  0.00% (0 / 192071 vias)
 
    Layer VIA1       =  0.00% (0      / 65649   vias)
    Layer VIA2       =  0.00% (0      / 116781  vias)
    Layer VIA3       =  0.00% (0      / 7264    vias)
    Layer VIA4       =  0.00% (0      / 1947    vias)
    Layer VIA5       =  0.00% (0      / 394     vias)
    Layer VIA6       =  0.00% (0      / 24      vias)
    Layer VIA7       =  0.00% (0      / 12      vias)
 
  The optimized via conversion rate based on total routed via count =  0.00% (0 / 192071 vias)
 
    Layer VIA1       =  0.00% (0      / 65649   vias)
        Un-optimized =  0.00% (0       vias)
        Un-mapped    = 100.00% (65649   vias)
    Layer VIA2       =  0.00% (0      / 116781  vias)
        Un-optimized =  0.00% (0       vias)
        Un-mapped    = 100.00% (116781  vias)
    Layer VIA3       =  0.00% (0      / 7264    vias)
        Un-optimized =  0.00% (0       vias)
        Un-mapped    = 100.00% (7264    vias)
    Layer VIA4       =  0.00% (0      / 1947    vias)
        Un-optimized =  0.00% (0       vias)
        Un-mapped    = 100.00% (1947    vias)
    Layer VIA5       =  0.00% (0      / 394     vias)
        Un-optimized =  0.00% (0       vias)
        Un-mapped    = 100.00% (394     vias)
    Layer VIA6       =  0.00% (0      / 24      vias)
        Un-optimized =  0.00% (0       vias)
        Un-mapped    = 100.00% (24      vias)
    Layer VIA7       =  0.00% (0      / 12      vias)
        Un-optimized =  0.00% (0       vias)
        Un-mapped    = 100.00% (12      vias)
 

Total number of nets = 26992
1 open nets, of which 0 are frozen
Total number of excluded ports = 0 ports of 0 unplaced cells connected to 0 nets
                                 0 ports without pins of 0 cells connected to 0 nets
                                 0 ports of 0 cover cells connected to 0 non-pg nets
Total number of DRCs = 0
Total number of antenna violations = antenna checking not active
Information: Routes in non-preferred voltage areas = 0 (ZRT-559)

Topology ECO not run, no qualifying violations or in frozen nets.
Updating the database ...
icc2_shell> Begin building search trees for block cv32e40p_top:cv32e40p_top_6_routed.design
Done building search trees for block cv32e40p_top:cv32e40p_top_6_routed.design (time 0s)
icc2_shell> check_lvs
Information: Using 12 threads for LVS
[Check Net] Init	[Check Short] Stage 1	Elapsed =    0:00:00, CPU =    0:00:00
Elapsed =    0:00:00, CPU =    0:00:00
Warning: Port VDD have no valid pin shapes. Skip this port. (RT-203)
Warning: Port VSS have no valid pin shapes. Skip this port. (RT-203)
[Check Short] Stage 1-2	Elapsed =    0:00:00, CPU =    0:00:02
[Check Short] Stage 2	Elapsed =    0:00:01, CPU =    0:00:04
[Check Short] Stage 2-2	Elapsed =    0:00:01, CPU =    0:00:11
[Check Short] Stage 3	Elapsed =    0:00:01, CPU =    0:00:11
[Check Short] End	Elapsed =    0:00:01, CPU =    0:00:11
[Check Net] 10% 	Elapsed =    0:00:01, CPU =    0:00:12
[Check Net] 20% 	Elapsed =    0:00:02, CPU =    0:00:13
[Check Net] 30% 	Elapsed =    0:00:02, CPU =    0:00:13
[Check Net] 40% 	Elapsed =    0:00:02, CPU =    0:00:14
[Check Net] 50% 	Elapsed =    0:00:02, CPU =    0:00:14
[Check Net] 60% 	Elapsed =    0:00:02, CPU =    0:00:15
[Check Net] 70% 	Elapsed =    0:00:02, CPU =    0:00:15
[Check Net] 80% 	Elapsed =    0:00:02, CPU =    0:00:16
[Check Net] 90% 	Elapsed =    0:00:02, CPU =    0:00:16
Warning: Net pulp_clock_en_i has less than 2 valid port. Skip open checking for this net. (RT-204)
Warning: Net boot_addr_i[0] has less than 2 valid port. Skip open checking for this net. (RT-204)
Warning: Net mtvec_addr_i[4] has less than 2 valid port. Skip open checking for this net. (RT-204)
Warning: Net mtvec_addr_i[0] has less than 2 valid port. Skip open checking for this net. (RT-204)
Warning: Net dm_halt_addr_i[1] has less than 2 valid port. Skip open checking for this net. (RT-204)
Warning: Net mtvec_addr_i[6] has less than 2 valid port. Skip open checking for this net. (RT-204)
Warning: Net dm_exception_addr_i[1] has less than 2 valid port. Skip open checking for this net. (RT-204)
Warning: Net boot_addr_i[1] has less than 2 valid port. Skip open checking for this net. (RT-204)
[Check Net] All nets are submitted.
Warning: Net mtvec_addr_i[7] has less than 2 valid port. Skip open checking for this net. (RT-204)
Warning: Net mtvec_addr_i[2] has less than 2 valid port. Skip open checking for this net. (RT-204)
Warning: Net dm_halt_addr_i[0] has less than 2 valid port. Skip open checking for this net. (RT-204)
Warning: Net dm_exception_addr_i[0] has less than 2 valid port. Skip open checking for this net. (RT-204)
Warning: Net mtvec_addr_i[3] has less than 2 valid port. Skip open checking for this net. (RT-204)
Warning: Net mtvec_addr_i[1] has less than 2 valid port. Skip open checking for this net. (RT-204)
Warning: Net mtvec_addr_i[5] has less than 2 valid port. Skip open checking for this net. (RT-204)
[Check Net] 100%	Elapsed =    0:00:02, CPU =    0:00:17
Information: Detected open violation for Net dm_halt_addr_i[17]. BBox: (35.9270 0.0000)(192.5030 65.3770). (RT-585)

===============================================================
    Maximum number of violations is set to 20
    Abort checking when more than 20 violations are found
    All violations might not be found.
===============================================================
Total number of input nets is 26998.
Total number of short violations is 0.
Total number of open nets is 1.
Open nets are dm_halt_addr_i[17] 
Total number of floating route violations is 0.

Elapsed =    0:00:03, CPU =    0:00:18
1
icc2_shell> route_eco -nets dm_halt_addr_i[17]
Information: The stitching and editing of coupling caps is turned OFF for design 'cv32e40p_top:cv32e40p_top_6_routed.design'. (TIM-125)
Information: Design cv32e40p_top_6_routed has 26977 nets, 0 global routed, 26974 detail routed. (NEX-024)
Warning: Technology layer 'M4' setting 'pitch' is not valid (NEX-001)
Warning: Technology layer 'MRDL' setting 'pitch' is not valid (NEX-001)
Warning: Parasitic Tech Library layer 'M1' parameter 'SMIN' = 0.040 does not match 0.026 of technology file (NEX-007)
Warning: Parasitic Tech Library layer 'M2' parameter 'SMIN' = 0.040 does not match 0.026 of technology file (NEX-007)
Warning: Parasitic Tech Library layer 'M3' parameter 'SMIN' = 0.040 does not match 0.026 of technology file (NEX-007)
Warning: Parasitic Tech Library layer 'M1' parameter 'SMIN' = 0.040 does not match 0.026 of technology file (NEX-007)
Warning: Parasitic Tech Library layer 'M2' parameter 'SMIN' = 0.040 does not match 0.026 of technology file (NEX-007)
Warning: Parasitic Tech Library layer 'M3' parameter 'SMIN' = 0.040 does not match 0.026 of technology file (NEX-007)
Warning: Parasitic Tech Library layer 'M8' parameter 'WMIN' = 0.030 does not match 0.060 of technology file (NEX-007)
Warning: Parasitic Tech Library layer 'M8' parameter 'SMIN' = 0.060 does not match 0.040 of technology file (NEX-007)
Information: Serialized np data
INFO: timer data saved to /tmp/cv32e40p_top_6_routed_102736_220375040.timdat
Warning: Cell contains tie connections which are not connected to real PG. (ZRT-511)
Turn off antenna since no rule is specified
Cell Min-Routing-Layer = M1
Cell Max-Routing-Layer = M9
Warning: There is no constraint to limit maximum number of secondary power and ground (PG) pins in a cluster. (ZRT-536)
Warning: There is no constraint to limit maximum number of secondary power and ground (PG) pins in a cluster. (ZRT-536)
Warning: There is no constraint to limit maximum number of secondary power and ground (PG) pins in a cluster. (ZRT-536)
Warning: There is no constraint to limit maximum number of secondary power and ground (PG) pins in a cluster. (ZRT-536)
Warning: There is no constraint to limit maximum number of secondary power and ground (PG) pins in a cluster. (ZRT-536)
Warning: There is no constraint to limit maximum number of secondary power and ground (PG) pins in a cluster. (ZRT-536)
Warning: There is no constraint to limit maximum number of secondary power and ground (PG) pins in a cluster. (ZRT-536)
Warning: There is no constraint to limit maximum number of secondary power and ground (PG) pins in a cluster. (ZRT-536)
Warning: There is no constraint to limit maximum number of secondary power and ground (PG) pins in a cluster. (ZRT-536)
Warning: There is no constraint to limit maximum number of secondary power and ground (PG) pins in a cluster. (ZRT-536)
Warning: There is no constraint to limit maximum number of secondary power and ground (PG) pins in a cluster. (ZRT-536)
Warning: There is no constraint to limit maximum number of secondary power and ground (PG) pins in a cluster. (ZRT-536)
Warning: There is no constraint to limit maximum number of secondary power and ground (PG) pins in a cluster. (ZRT-536)
Warning: There is no constraint to limit maximum number of secondary power and ground (PG) pins in a cluster. (ZRT-536)
Warning: There is no constraint to limit maximum number of secondary power and ground (PG) pins in a cluster. (ZRT-536)
Warning: There is no constraint to limit maximum number of secondary power and ground (PG) pins in a cluster. (ZRT-536)
Warning: Ignore 2 top cell ports with no pins. (ZRT-027)
Skipping 1 internal pins that are not physical. Set route.common.verbose_level to > 0 and run routing command to get skipped pin names.
Info: number of net_type_blockage: 0 
Via on layer (VIA1) needs more than one tracks
Warning: Layer M1 pitch 0.074 may be too small: wire/via-down 0.074, wire/via-up 0.098. (ZRT-026)
Via on layer (VIA1) needs more than one tracks
Warning: Layer M2 pitch 0.060 may be too small: wire/via-down 0.098, wire/via-up 0.060. (ZRT-026)
Via on layer (VIA3) needs more than one tracks
Warning: Layer M3 pitch 0.074 may be too small: wire/via-down 0.060, wire/via-up 0.080. (ZRT-026)
Wire on layer (M4) needs more than one tracks
Via on layer (VIA3) needs more than one tracks
Via on layer (VIA4) needs more than one tracks
Warning: Layer M4 pitch 0.074 may be too small: wire/via-down 0.107, wire/via-up 0.105. (ZRT-026)
Via on layer (VIA4) needs more than one tracks
Warning: Layer M5 pitch 0.120 may be too small: wire/via-down 0.135, wire/via-up 0.107. (ZRT-026)
Via on layer (VIA8) needs more than one tracks
Warning: Layer M8 pitch 0.120 may be too small: wire/via-down 0.107, wire/via-up 0.135. (ZRT-026)
Wire on layer (M9) needs more than one tracks
Via on layer (VIA8) needs more than one tracks
Via on layer (VIARDL) needs more than one tracks
Warning: Layer M9 pitch 0.120 may be too small: wire/via-down 0.135, wire/via-up 1.570. (ZRT-026)
Via on layer (VIARDL) needs more than one tracks
Warning: Layer MRDL pitch 0.600 may be too small: wire/via-down 4.500, wire/via-up 0.600. (ZRT-026)
Transition layer name: M3(2)
Warning: Standard cell pin SAEDRVT14_BUF_PECO_2/VDD has no valid via regions. (ZRT-044)
Warning: Standard cell pin SAEDRVT14_BUF_PECO_4/VDD has no valid via regions. (ZRT-044)
Warning: Standard cell pin SAEDRVT14_BUF_PECO_12/VDD has no valid via regions. (ZRT-044)
Warning: Standard cell pin SAEDRVT14_BUF_PS_3/VDD has no valid via regions. (ZRT-044)
Warning: Standard cell pin SAEDRVT14_BUF_PS_6/VDD has no valid via regions. (ZRT-044)
Warning: Standard cell pin SAEDRVT14_AOBUF_IW_3/VDD has no valid via regions. (ZRT-044)
Warning: Standard cell pin SAEDRVT14_AOBUF_IW_6/VDD has no valid via regions. (ZRT-044)
Warning: Standard cell pin SAEDRVT14_BUF_PECO_8/VDD has no valid via regions. (ZRT-044)
Warning: Standard cell pin SAEDRVT14_OA2BB2_2/B1 has no valid via regions. (ZRT-044)
Warning: Standard cell pin SAEDRVT14_AOI21_V1_6/B has no valid via regions. (ZRT-044)
Warning: Standard cell pin SAEDRVT14_NR2_2/A1 has no valid via regions. (ZRT-044)
Warning: Standard cell pin SAEDRVT14_NR2_2/X has no valid via regions. (ZRT-044)
Warning: Standard cell pin SAEDRVT14_NR3B_4/A has no valid via regions. (ZRT-044)
[ECO: DbIn Without Extraction] Elapsed real time: 0:00:03 
[ECO: DbIn Without Extraction] Elapsed cpu  time: sys=0:00:00 usr=0:00:16 total=0:00:16
[ECO: DbIn Without Extraction] Stage (MB): Used  133  Alloctr  135  Proc    0 
[ECO: DbIn Without Extraction] Total (MB): Used  134  Alloctr  137  Proc 2914 
[ECO: Incremental Extraction] Elapsed real time: 0:00:03 
[ECO: Incremental Extraction] Elapsed cpu  time: sys=0:00:00 usr=0:00:16 total=0:00:16
[ECO: Incremental Extraction] Stage (MB): Used  133  Alloctr  135  Proc    0 
[ECO: Incremental Extraction] Total (MB): Used  134  Alloctr  137  Proc 2914 
[ECO: Analysis] Elapsed real time: 0:00:03 
[ECO: Analysis] Elapsed cpu  time: sys=0:00:00 usr=0:00:16 total=0:00:16
[ECO: Analysis] Stage (MB): Used  133  Alloctr  135  Proc    0 
[ECO: Analysis] Total (MB): Used  134  Alloctr  137  Proc 2914 
Num of eco nets = 1
Num of open eco nets = 1
[ECO: Init] Elapsed real time: 0:00:03 
[ECO: Init] Elapsed cpu  time: sys=0:00:00 usr=0:00:16 total=0:00:16
[ECO: Init] Stage (MB): Used  136  Alloctr  138  Proc    0 
[ECO: Init] Total (MB): Used  137  Alloctr  140  Proc 2914 
Start Global Route ... 
[Init] Elapsed real time: 0:00:00 
[Init] Elapsed cpu  time: sys=0:00:00 usr=0:00:00 total=0:00:00
[Init] Stage (MB): Used    0  Alloctr    0  Proc    0 
[Init] Total (MB): Used  142  Alloctr  144  Proc 2914 
Printing options for 'route.common.*'
common.verbose_level                                    :	 0                   

Printing options for 'route.global.*'
global.deterministic                                    :	 off                 
global.placement_timing_driven_mode                     :	 false               
global.timing_driven                                    :	 false               

Begin global routing.
Loading parastics information to the router ...
Warning: Technology layer 'M4' setting 'pitch' is not valid (NEX-001)
Warning: Technology layer 'MRDL' setting 'pitch' is not valid (NEX-001)
Warning: Parasitic Tech Library layer 'M1' parameter 'SMIN' = 0.040 does not match 0.026 of technology file (NEX-007)
Warning: Parasitic Tech Library layer 'M2' parameter 'SMIN' = 0.040 does not match 0.026 of technology file (NEX-007)
Warning: Parasitic Tech Library layer 'M3' parameter 'SMIN' = 0.040 does not match 0.026 of technology file (NEX-007)
Warning: Parasitic Tech Library layer 'M1' parameter 'SMIN' = 0.040 does not match 0.026 of technology file (NEX-007)
Warning: Parasitic Tech Library layer 'M2' parameter 'SMIN' = 0.040 does not match 0.026 of technology file (NEX-007)
Warning: Parasitic Tech Library layer 'M3' parameter 'SMIN' = 0.040 does not match 0.026 of technology file (NEX-007)
Warning: Parasitic Tech Library layer 'M8' parameter 'WMIN' = 0.030 does not match 0.060 of technology file (NEX-007)
Warning: Parasitic Tech Library layer 'M8' parameter 'SMIN' = 0.060 does not match 0.040 of technology file (NEX-007)
parastics information loaded to the router.
Constructing data structure ...
Design statistics:
Design Bounding Box (0.00,0.00,290.93,290.80)
Number of routing layers = 10
layer M1, dir Ver, min width = 0.03, min space = 0.03 pitch = 0.07
layer M2, dir Hor, min width = 0.03, min space = 0.03 pitch = 0.06
layer M3, dir Ver, min width = 0.03, min space = 0.03 pitch = 0.07
layer M4, dir Hor, min width = 0.06, min space = 0.04 pitch = 0.07
layer M5, dir Ver, min width = 0.06, min space = 0.04 pitch = 0.12
layer M6, dir Hor, min width = 0.06, min space = 0.04 pitch = 0.12
layer M7, dir Ver, min width = 0.06, min space = 0.04 pitch = 0.12
layer M8, dir Hor, min width = 0.06, min space = 0.04 pitch = 0.12
layer M9, dir Ver, min width = 0.06, min space = 0.04 pitch = 0.12
layer MRDL, dir Hor, min width = 2.00, min space = 2.00 pitch = 0.60
Current Stage stats:
[End of Build Tech Data] Elapsed real time: 0:00:00 
[End of Build Tech Data] Elapsed cpu  time: sys=0:00:00 usr=0:00:00 total=0:00:00
[End of Build Tech Data] Stage (MB): Used    5  Alloctr    5  Proc    0 
[End of Build Tech Data] Total (MB): Used  147  Alloctr  150  Proc 2914 
Net statistics:
Total number of nets     = 26998
Number of nets to route  = 1
Current Stage stats:
[End of Build All Nets] Elapsed real time: 0:00:00 
[End of Build All Nets] Elapsed cpu  time: sys=0:00:00 usr=0:00:00 total=0:00:00
[End of Build All Nets] Stage (MB): Used    0  Alloctr    0  Proc    0 
[End of Build All Nets] Total (MB): Used  147  Alloctr  150  Proc 2914 
Average gCell capacity  0.72	 on layer (1)	 M1
Average gCell capacity  6.08	 on layer (2)	 M2
Average gCell capacity  5.05	 on layer (3)	 M3
Average gCell capacity  5.05	 on layer (4)	 M4
Average gCell capacity  3.14	 on layer (5)	 M5
Average gCell capacity  3.14	 on layer (6)	 M6
Average gCell capacity  2.55	 on layer (7)	 M7
Average gCell capacity  2.41	 on layer (8)	 M8
Average gCell capacity  2.41	 on layer (9)	 M9
Average gCell capacity  0.63	 on layer (10)	 MRDL
Average number of tracks per gCell 8.11	 on layer (1)	 M1
Average number of tracks per gCell 10.02	 on layer (2)	 M2
Average number of tracks per gCell 8.11	 on layer (3)	 M3
Average number of tracks per gCell 8.12	 on layer (4)	 M4
Average number of tracks per gCell 5.00	 on layer (5)	 M5
Average number of tracks per gCell 5.01	 on layer (6)	 M6
Average number of tracks per gCell 5.00	 on layer (7)	 M7
Average number of tracks per gCell 5.01	 on layer (8)	 M8
Average number of tracks per gCell 5.00	 on layer (9)	 M9
Average number of tracks per gCell 1.00	 on layer (10)	 MRDL
Number of gCells = 2347400
Current Stage stats:
[End of Build Congestion map] Elapsed real time: 0:00:01 
[End of Build Congestion map] Elapsed cpu  time: sys=0:00:00 usr=0:00:01 total=0:00:01
[End of Build Congestion map] Stage (MB): Used   22  Alloctr   23  Proc    0 
[End of Build Congestion map] Total (MB): Used  170  Alloctr  173  Proc 2914 
Information: RC layer preference is turned on for this design. (ZRT-613)
Total stats:
[End of Build Data] Elapsed real time: 0:00:01 
[End of Build Data] Elapsed cpu  time: sys=0:00:00 usr=0:00:01 total=0:00:01
[End of Build Data] Stage (MB): Used   27  Alloctr   28  Proc    0 
[End of Build Data] Total (MB): Used  170  Alloctr  173  Proc 2914 
Current Stage stats:
[End of Blocked Pin Detection] Elapsed real time: 0:00:00 
[End of Blocked Pin Detection] Elapsed cpu  time: sys=0:00:00 usr=0:00:00 total=0:00:00
[End of Blocked Pin Detection] Stage (MB): Used    0  Alloctr    0  Proc    0 
[End of Blocked Pin Detection] Total (MB): Used  170  Alloctr  173  Proc 2914 
Information: Using 12 threads for routing. (ZRT-444)
multi gcell levels ON

Start GR phase 0
Current Stage stats:
[End of Initial Routing] Elapsed real time: 0:00:00 
[End of Initial Routing] Elapsed cpu  time: sys=0:00:00 usr=0:00:00 total=0:00:00
[End of Initial Routing] Stage (MB): Used    0  Alloctr    0  Proc    0 
[End of Initial Routing] Total (MB): Used  170  Alloctr  173  Proc 2914 
Initial. Routing result:
Initial. Both Dirs: Overflow =  3691 Max = 14 GRCs =  1665 (0.35%)
Initial. H routing: Overflow =  3110 Max = 14 (GRCs =  1) GRCs =  1409 (0.60%)
Initial. V routing: Overflow =   580 Max = 12 (GRCs =  1) GRCs =   256 (0.11%)
Initial. M1         Overflow =     0 Max =  0 (GRCs =  0) GRCs =     0 (0.00%)
Initial. M2         Overflow =  3104 Max = 14 (GRCs =  1) GRCs =  1403 (0.60%)
Initial. M3         Overflow =   579 Max = 12 (GRCs =  1) GRCs =   255 (0.11%)
Initial. M4         Overflow =     6 Max =  1 (GRCs =  6) GRCs =     6 (0.00%)
Initial. M5         Overflow =     1 Max =  1 (GRCs =  1) GRCs =     1 (0.00%)
Initial. M6         Overflow =     0 Max =  0 (GRCs =  0) GRCs =     0 (0.00%)
Initial. M7         Overflow =     0 Max =  0 (GRCs =  0) GRCs =     0 (0.00%)
Initial. M8         Overflow =     0 Max =  0 (GRCs =  0) GRCs =     0 (0.00%)
Initial. M9         Overflow =     0 Max =  0 (GRCs =  0) GRCs =     0 (0.00%)
Initial. MRDL       Overflow =     0 Max =  0 (GRCs =  0) GRCs =     0 (0.00%)

Initial. Total Wire Length = 220.30
Initial. Layer M1 wire length = 0.00
Initial. Layer M2 wire length = 95.97
Initial. Layer M3 wire length = 63.87
Initial. Layer M4 wire length = 60.45
Initial. Layer M5 wire length = 0.00
Initial. Layer M6 wire length = 0.00
Initial. Layer M7 wire length = 0.00
Initial. Layer M8 wire length = 0.00
Initial. Layer M9 wire length = 0.00
Initial. Layer MRDL wire length = 0.00
Initial. Total Number of Contacts = 7
Initial. Via VIA12SQ_C count = 0
Initial. Via VIA23SQ_C count = 5
Initial. Via VIA34SQ_C count = 2
Initial. Via VIA45SQ count = 0
Initial. Via VIA56SQ count = 0
Initial. Via VIA67SQ_C count = 0
Initial. Via VIA78SQ_C count = 0
Initial. Via VIA89_C count = 0
Initial. Via VIA9RDL count = 0
Initial. completed.

Start GR phase 1
Current Stage stats:
[End of Phase1 Routing] Elapsed real time: 0:00:00 
[End of Phase1 Routing] Elapsed cpu  time: sys=0:00:00 usr=0:00:00 total=0:00:00
[End of Phase1 Routing] Stage (MB): Used    0  Alloctr    0  Proc    0 
[End of Phase1 Routing] Total (MB): Used  170  Alloctr  173  Proc 2914 
phase1. Routing result:
phase1. Both Dirs: Overflow =  3691 Max = 14 GRCs =  1665 (0.35%)
phase1. H routing: Overflow =  3110 Max = 14 (GRCs =  1) GRCs =  1409 (0.60%)
phase1. V routing: Overflow =   580 Max = 12 (GRCs =  1) GRCs =   256 (0.11%)
phase1. M1         Overflow =     0 Max =  0 (GRCs =  0) GRCs =     0 (0.00%)
phase1. M2         Overflow =  3104 Max = 14 (GRCs =  1) GRCs =  1403 (0.60%)
phase1. M3         Overflow =   579 Max = 12 (GRCs =  1) GRCs =   255 (0.11%)
phase1. M4         Overflow =     6 Max =  1 (GRCs =  6) GRCs =     6 (0.00%)
phase1. M5         Overflow =     1 Max =  1 (GRCs =  1) GRCs =     1 (0.00%)
phase1. M6         Overflow =     0 Max =  0 (GRCs =  0) GRCs =     0 (0.00%)
phase1. M7         Overflow =     0 Max =  0 (GRCs =  0) GRCs =     0 (0.00%)
phase1. M8         Overflow =     0 Max =  0 (GRCs =  0) GRCs =     0 (0.00%)
phase1. M9         Overflow =     0 Max =  0 (GRCs =  0) GRCs =     0 (0.00%)
phase1. MRDL       Overflow =     0 Max =  0 (GRCs =  0) GRCs =     0 (0.00%)

phase1. Total Wire Length = 220.30
phase1. Layer M1 wire length = 0.00
phase1. Layer M2 wire length = 95.97
phase1. Layer M3 wire length = 63.87
phase1. Layer M4 wire length = 60.45
phase1. Layer M5 wire length = 0.00
phase1. Layer M6 wire length = 0.00
phase1. Layer M7 wire length = 0.00
phase1. Layer M8 wire length = 0.00
phase1. Layer M9 wire length = 0.00
phase1. Layer MRDL wire length = 0.00
phase1. Total Number of Contacts = 7
phase1. Via VIA12SQ_C count = 0
phase1. Via VIA23SQ_C count = 5
phase1. Via VIA34SQ_C count = 2
phase1. Via VIA45SQ count = 0
phase1. Via VIA56SQ count = 0
phase1. Via VIA67SQ_C count = 0
phase1. Via VIA78SQ_C count = 0
phase1. Via VIA89_C count = 0
phase1. Via VIA9RDL count = 0
phase1. completed.

Start GR phase 2
Current Stage stats:
[End of Phase2 Routing] Elapsed real time: 0:00:00 
[End of Phase2 Routing] Elapsed cpu  time: sys=0:00:00 usr=0:00:00 total=0:00:00
[End of Phase2 Routing] Stage (MB): Used    0  Alloctr    0  Proc    0 
[End of Phase2 Routing] Total (MB): Used  170  Alloctr  173  Proc 2914 
phase2. Routing result:
phase2. Both Dirs: Overflow =  3691 Max = 14 GRCs =  1665 (0.35%)
phase2. H routing: Overflow =  3110 Max = 14 (GRCs =  1) GRCs =  1409 (0.60%)
phase2. V routing: Overflow =   580 Max = 12 (GRCs =  1) GRCs =   256 (0.11%)
phase2. M1         Overflow =     0 Max =  0 (GRCs =  0) GRCs =     0 (0.00%)
phase2. M2         Overflow =  3104 Max = 14 (GRCs =  1) GRCs =  1403 (0.60%)
phase2. M3         Overflow =   579 Max = 12 (GRCs =  1) GRCs =   255 (0.11%)
phase2. M4         Overflow =     6 Max =  1 (GRCs =  6) GRCs =     6 (0.00%)
phase2. M5         Overflow =     1 Max =  1 (GRCs =  1) GRCs =     1 (0.00%)
phase2. M6         Overflow =     0 Max =  0 (GRCs =  0) GRCs =     0 (0.00%)
phase2. M7         Overflow =     0 Max =  0 (GRCs =  0) GRCs =     0 (0.00%)
phase2. M8         Overflow =     0 Max =  0 (GRCs =  0) GRCs =     0 (0.00%)
phase2. M9         Overflow =     0 Max =  0 (GRCs =  0) GRCs =     0 (0.00%)
phase2. MRDL       Overflow =     0 Max =  0 (GRCs =  0) GRCs =     0 (0.00%)

phase2. Total Wire Length = 220.30
phase2. Layer M1 wire length = 0.00
phase2. Layer M2 wire length = 95.97
phase2. Layer M3 wire length = 63.87
phase2. Layer M4 wire length = 60.45
phase2. Layer M5 wire length = 0.00
phase2. Layer M6 wire length = 0.00
phase2. Layer M7 wire length = 0.00
phase2. Layer M8 wire length = 0.00
phase2. Layer M9 wire length = 0.00
phase2. Layer MRDL wire length = 0.00
phase2. Total Number of Contacts = 7
phase2. Via VIA12SQ_C count = 0
phase2. Via VIA23SQ_C count = 5
phase2. Via VIA34SQ_C count = 2
phase2. Via VIA45SQ count = 0
phase2. Via VIA56SQ count = 0
phase2. Via VIA67SQ_C count = 0
phase2. Via VIA78SQ_C count = 0
phase2. Via VIA89_C count = 0
phase2. Via VIA9RDL count = 0
phase2. completed.
[End of Whole Chip Routing] Elapsed real time: 0:00:01 
[End of Whole Chip Routing] Elapsed cpu  time: sys=0:00:00 usr=0:00:02 total=0:00:02
[End of Whole Chip Routing] Stage (MB): Used   27  Alloctr   28  Proc    0 
[End of Whole Chip Routing] Total (MB): Used  170  Alloctr  173  Proc 2914 

Information: Global Routing terminated early: true (ZRT-103)

Congestion utilization per direction:
Average vertical track utilization   =  9.33 %
Peak    vertical track utilization   = 153.85 %
Average horizontal track utilization =  7.81 %
Peak    horizontal track utilization = 109.09 %

Current Stage stats:
[GR: Done] Elapsed real time: 0:00:00 
[GR: Done] Elapsed cpu  time: sys=0:00:00 usr=0:00:00 total=0:00:00
[GR: Done] Stage (MB): Used  -20  Alloctr  -20  Proc    0 
[GR: Done] Total (MB): Used  153  Alloctr  156  Proc 2914 
GR Total stats:
[GR: Done] Elapsed real time: 0:00:02 
[GR: Done] Elapsed cpu  time: sys=0:00:00 usr=0:00:02 total=0:00:02
[GR: Done] Stage (MB): Used   11  Alloctr   11  Proc    0 
[GR: Done] Total (MB): Used  153  Alloctr  156  Proc 2914 
Updating congestion ...
Updating congestion ...
Final total stats:
[End of Global Routing] Elapsed real time: 0:00:02 
[End of Global Routing] Elapsed cpu  time: sys=0:00:00 usr=0:00:02 total=0:00:02
[End of Global Routing] Stage (MB): Used   -1  Alloctr    0  Proc    0 
[End of Global Routing] Total (MB): Used  141  Alloctr  143  Proc 2914 
[ECO: GR] Elapsed real time: 0:00:05 
[ECO: GR] Elapsed cpu  time: sys=0:00:00 usr=0:00:19 total=0:00:19
[ECO: GR] Stage (MB): Used  140  Alloctr  141  Proc    0 
[ECO: GR] Total (MB): Used  141  Alloctr  143  Proc 2914 

Start track assignment

Printing options for 'route.common.*'
common.verbose_level                                    :	 0                   

Printing options for 'route.track.*'

Information: Using 12 threads for routing. (ZRT-444)
Information: RC layer preference is turned on for this design. (ZRT-613)

[Track Assign: Read routes] Elapsed real time: 0:00:00 
[Track Assign: Read routes] Elapsed cpu  time: sys=0:00:00 usr=0:00:00 total=0:00:00
[Track Assign: Read routes] Stage (MB): Used    3  Alloctr    3  Proc    0 
[Track Assign: Read routes] Total (MB): Used  140  Alloctr  143  Proc 2914 

Start initial assignment
Routed partition 1/2       
Routed partition 2/2       

Number of wires with overlap after iteration 0 = 5 of 8


[Track Assign: Iteration 0] Elapsed real time: 0:00:00 
[Track Assign: Iteration 0] Elapsed cpu  time: sys=0:00:00 usr=0:00:00 total=0:00:00
[Track Assign: Iteration 0] Stage (MB): Used    3  Alloctr    3  Proc    0 
[Track Assign: Iteration 0] Total (MB): Used  140  Alloctr  143  Proc 2914 

Reroute to fix overlaps
Routed partition 1/2       
Routed partition 2/2       

[Track Assign: Iteration 1] Elapsed real time: 0:00:00 
[Track Assign: Iteration 1] Elapsed cpu  time: sys=0:00:00 usr=0:00:00 total=0:00:00
[Track Assign: Iteration 1] Stage (MB): Used    3  Alloctr    3  Proc    0 
[Track Assign: Iteration 1] Total (MB): Used  140  Alloctr  143  Proc 2914 

Number of wires with overlap after iteration 1 = 6 of 17


Wire length and via report:
---------------------------
Number of M1 wires: 0 		  : 0
Number of M2 wires: 4 		 VIA12SQ_C: 0
Number of M3 wires: 6 		 VIA23SQ_C: 9
Number of M4 wires: 1 		 VIA34SQ_C: 2
Number of M5 wires: 2 		 VIA45SQ: 2
Number of M6 wires: 4 		 VIA56SQ: 4
Number of M7 wires: 0 		 VIA67SQ_C: 0
Number of M8 wires: 0 		 VIA78SQ_C: 0
Number of M9 wires: 0 		 VIA89_C: 0
Number of MRDL wires: 0 		 VIA9RDL: 0
Total number of wires: 17 		 vias: 17

Total M1 wire length: 0.0
Total M2 wire length: 96.2
Total M3 wire length: 64.0
Total M4 wire length: 9.1
Total M5 wire length: 0.4
Total M6 wire length: 51.4
Total M7 wire length: 0.0
Total M8 wire length: 0.0
Total M9 wire length: 0.0
Total MRDL wire length: 0.0
Total wire length: 221.0

Longest M1 wire length: 0.0
Longest M2 wire length: 55.4
Longest M3 wire length: 60.5
Longest M4 wire length: 9.1
Longest M5 wire length: 0.4
Longest M6 wire length: 37.1
Longest M7 wire length: 0.0
Longest M8 wire length: 0.0
Longest M9 wire length: 0.0
Longest MRDL wire length: 0.0


[Track Assign: Done] Elapsed real time: 0:00:00 
[Track Assign: Done] Elapsed cpu  time: sys=0:00:00 usr=0:00:00 total=0:00:00
[Track Assign: Done] Stage (MB): Used    0  Alloctr    0  Proc    0 
[Track Assign: Done] Total (MB): Used  136  Alloctr  139  Proc 2914 
[ECO: CDR] Elapsed real time: 0:00:05 
[ECO: CDR] Elapsed cpu  time: sys=0:00:00 usr=0:00:19 total=0:00:19
[ECO: CDR] Stage (MB): Used  135  Alloctr  137  Proc    0 
[ECO: CDR] Total (MB): Used  136  Alloctr  139  Proc 2914 
Printing options for 'route.common.*'
common.verbose_level                                    :	 0                   

Printing options for 'route.detail.*'
detail.antenna                                          :	 true                
detail.force_end_on_preferred_grid                      :	 true                

Printing options for 'route.auto_via_ladder.*'

Information: RC layer preference is turned on for this design. (ZRT-613)

Begin ECO DRC check ...

Checked	1/169 Partitions, Violations =	0
Checked	6/169 Partitions, Violations =	0
Checked	12/169 Partitions, Violations =	0
Checked	18/169 Partitions, Violations =	0
Checked	24/169 Partitions, Violations =	0
Checked	30/169 Partitions, Violations =	0
Checked	36/169 Partitions, Violations =	0
Checked	42/169 Partitions, Violations =	0
Checked	48/169 Partitions, Violations =	0
Checked	54/169 Partitions, Violations =	0
Checked	60/169 Partitions, Violations =	0
Checked	66/169 Partitions, Violations =	0
Checked	72/169 Partitions, Violations =	0
Checked	78/169 Partitions, Violations =	0
Checked	84/169 Partitions, Violations =	0
Checked	90/169 Partitions, Violations =	0
Checked	96/169 Partitions, Violations =	0
Checked	102/169 Partitions, Violations =	0
Checked	108/169 Partitions, Violations =	0
Checked	114/169 Partitions, Violations =	0
Checked	120/169 Partitions, Violations =	0
Checked	126/169 Partitions, Violations =	0
Checked	132/169 Partitions, Violations =	0
Checked	138/169 Partitions, Violations =	0
Checked	144/169 Partitions, Violations =	0
Checked	150/169 Partitions, Violations =	0
Checked	156/169 Partitions, Violations =	0
Checked	162/169 Partitions, Violations =	2
Checked	168/169 Partitions, Violations =	11

DRC-SUMMARY:
	@@@@@@@ TOTAL VIOLATIONS =	11

[DRC CHECK] Elapsed real time: 0:00:00 
[DRC CHECK] Elapsed cpu  time: sys=0:00:00 usr=0:00:02 total=0:00:02
[DRC CHECK] Stage (MB): Used    0  Alloctr    0  Proc    0 
[DRC CHECK] Total (MB): Used  160  Alloctr  164  Proc 2914 

Total Wire Length =                    456015 micron
Total Number of Contacts =             192088
Total Number of Wires =                257839
Total Number of PtConns =              4997
Total Number of Routed Wires =       45258
Total Routed Wire Length =           85894 micron
Total Number of Routed Contacts =       37097
	Layer                 M1 :       1192 micron
	Layer                 M2 :     196348 micron
	Layer                 M3 :     211456 micron
	Layer                 M4 :      18971 micron
	Layer                 M5 :      22736 micron
	Layer                 M6 :       5089 micron
	Layer                 M7 :         23 micron
	Layer                 M8 :        198 micron
	Layer                 M9 :          0 micron
	Layer               MRDL :          0 micron
	Via         VIA78SQ(rot) :          2
	Via            VIA67SQ_C :          5
	Via       VIA67SQ_C(rot) :          5
	Via       VIA56SQ_C(rot) :         16
	Via              VIA56SQ :         75
	Via              VIA45SQ :        354
	Via       VIA34SQ_C(rot) :       1103
	Via          VIA34BAR2_C :          1
	Via              VIA34SQ :         26
	Via         VIA34SQ(rot) :         94
	Via     VIA3_34SQ_C(rot) :          1
	Via            VIA23SQ_C :      22485
	Via              VIA23SQ :          2
	Via            VIA23BAR1 :          1
	Via          VIA2_33SQ_C :         10
	Via          VIA23_3SQ_C :         20
	Via        VIA2_33_3SQ_C :          4
	Via       VIA12SQ_C(rot) :      12668
	Via         VIA12SQ(rot) :        101
	Via     VIA1_32SQ_C(rot) :        122
	Via     VIA12_3SQ_C(rot) :          1
	Via   VIA1_32_3SQ_C(rot) :          1

 
Redundant via conversion report:
--------------------------------

  Total optimized via conversion rate =  0.00% (0 / 37097 vias)
 
    Layer VIA1       =  0.00% (0      / 12893   vias)
        Un-optimized =  0.00% (0       vias)
        Un-mapped    = 100.00% (12893   vias)
    Layer VIA2       =  0.00% (0      / 22522   vias)
        Un-optimized =  0.00% (0       vias)
        Un-mapped    = 100.00% (22522   vias)
    Layer VIA3       =  0.00% (0      / 1225    vias)
        Un-optimized =  0.00% (0       vias)
        Un-mapped    = 100.00% (1225    vias)
    Layer VIA4       =  0.00% (0      / 354     vias)
        Un-optimized =  0.00% (0       vias)
        Un-mapped    = 100.00% (354     vias)
    Layer VIA5       =  0.00% (0      / 91      vias)
        Un-optimized =  0.00% (0       vias)
        Un-mapped    = 100.00% (91      vias)
    Layer VIA6       =  0.00% (0      / 10      vias)
        Un-optimized =  0.00% (0       vias)
        Un-mapped    = 100.00% (10      vias)
    Layer VIA7       =  0.00% (0      / 2       vias)
        Un-optimized =  0.00% (0       vias)
        Un-mapped    = 100.00% (2       vias)
 
  Total double via conversion rate    =  0.00% (0 / 37097 vias)
 
    Layer VIA1       =  0.00% (0      / 12893   vias)
    Layer VIA2       =  0.00% (0      / 22522   vias)
    Layer VIA3       =  0.00% (0      / 1225    vias)
    Layer VIA4       =  0.00% (0      / 354     vias)
    Layer VIA5       =  0.00% (0      / 91      vias)
    Layer VIA6       =  0.00% (0      / 10      vias)
    Layer VIA7       =  0.00% (0      / 2       vias)
 
  The optimized via conversion rate based on total routed via count =  0.00% (0 / 37097 vias)
 
    Layer VIA1       =  0.00% (0      / 12893   vias)
        Un-optimized =  0.00% (0       vias)
        Un-mapped    = 100.00% (12893   vias)
    Layer VIA2       =  0.00% (0      / 22522   vias)
        Un-optimized =  0.00% (0       vias)
        Un-mapped    = 100.00% (22522   vias)
    Layer VIA3       =  0.00% (0      / 1225    vias)
        Un-optimized =  0.00% (0       vias)
        Un-mapped    = 100.00% (1225    vias)
    Layer VIA4       =  0.00% (0      / 354     vias)
        Un-optimized =  0.00% (0       vias)
        Un-mapped    = 100.00% (354     vias)
    Layer VIA5       =  0.00% (0      / 91      vias)
        Un-optimized =  0.00% (0       vias)
        Un-mapped    = 100.00% (91      vias)
    Layer VIA6       =  0.00% (0      / 10      vias)
        Un-optimized =  0.00% (0       vias)
        Un-mapped    = 100.00% (10      vias)
    Layer VIA7       =  0.00% (0      / 2       vias)
        Un-optimized =  0.00% (0       vias)
        Un-mapped    = 100.00% (2       vias)
 
Total number of nets = 26998, of which 21274 are not extracted
Total number of open nets = 0, of which 0 are frozen
Information: Using 12 threads for routing. (ZRT-444)
Start DR iteration 0: non-uniform partition
Routed	1/4 Partitions, Violations =	1
Routed	2/4 Partitions, Violations =	1
Routed	3/4 Partitions, Violations =	0
Routed	4/4 Partitions, Violations =	1

DRC-SUMMARY:
	@@@@@@@ TOTAL VIOLATIONS =	1
	Less than minimum area : 1

[Iter 0] Elapsed real time: 0:00:01 
[Iter 0] Elapsed cpu  time: sys=0:00:00 usr=0:00:05 total=0:00:05
[Iter 0] Stage (MB): Used   23  Alloctr   25  Proc    0 
[Iter 0] Total (MB): Used  160  Alloctr  164  Proc 2914 

End DR iteration 0 with 4 parts

Start DR iteration 1: non-uniform partition
Routed	1/1 Partitions, Violations =	1

DRC-SUMMARY:
	@@@@@@@ TOTAL VIOLATIONS =	1
	Less than minimum area : 1

[Iter 1] Elapsed real time: 0:00:01 
[Iter 1] Elapsed cpu  time: sys=0:00:00 usr=0:00:06 total=0:00:07
[Iter 1] Stage (MB): Used   23  Alloctr   25  Proc    0 
[Iter 1] Total (MB): Used  160  Alloctr  164  Proc 2914 

End DR iteration 1 with 1 parts

Start DR iteration 2: non-uniform partition
Routed	1/1 Partitions, Violations =	1

DRC-SUMMARY:
	@@@@@@@ TOTAL VIOLATIONS =	1
	Less than minimum area : 1

[Iter 2] Elapsed real time: 0:00:02 
[Iter 2] Elapsed cpu  time: sys=0:00:00 usr=0:00:09 total=0:00:09
[Iter 2] Stage (MB): Used   23  Alloctr   25  Proc    0 
[Iter 2] Total (MB): Used  160  Alloctr  164  Proc 2914 

End DR iteration 2 with 1 parts

Start DR iteration 3: non-uniform partition
Routed	1/1 Partitions, Violations =	2

DRC-SUMMARY:
	@@@@@@@ TOTAL VIOLATIONS =	2
	Less than minimum area : 1
	Same net via-cut spacing : 1

[Iter 3] Elapsed real time: 0:00:02 
[Iter 3] Elapsed cpu  time: sys=0:00:00 usr=0:00:10 total=0:00:11
[Iter 3] Stage (MB): Used   23  Alloctr   25  Proc    0 
[Iter 3] Total (MB): Used  160  Alloctr  164  Proc 2914 

End DR iteration 3 with 1 parts

Start DR iteration 4: non-uniform partition
Routed	1/1 Partitions, Violations =	1

DRC-SUMMARY:
	@@@@@@@ TOTAL VIOLATIONS =	1
	Less than minimum area : 1

[Iter 4] Elapsed real time: 0:00:03 
[Iter 4] Elapsed cpu  time: sys=0:00:00 usr=0:00:12 total=0:00:13
[Iter 4] Stage (MB): Used   23  Alloctr   25  Proc    0 
[Iter 4] Total (MB): Used  160  Alloctr  164  Proc 2914 

End DR iteration 4 with 1 parts

Start DR iteration 5: non-uniform partition
Routed	1/1 Partitions, Violations =	2

DRC-SUMMARY:
	@@@@@@@ TOTAL VIOLATIONS =	2
	Less than minimum area : 1
	Same net via-cut spacing : 1

[Iter 5] Elapsed real time: 0:00:03 
[Iter 5] Elapsed cpu  time: sys=0:00:00 usr=0:00:14 total=0:00:15
[Iter 5] Stage (MB): Used   23  Alloctr   25  Proc    0 
[Iter 5] Total (MB): Used  160  Alloctr  164  Proc 2914 

End DR iteration 5 with 1 parts

Start DR iteration 6: non-uniform partition
Routed	1/1 Partitions, Violations =	1

DRC-SUMMARY:
	@@@@@@@ TOTAL VIOLATIONS =	1
	Less than minimum area : 1

[Iter 6] Elapsed real time: 0:00:04 
[Iter 6] Elapsed cpu  time: sys=0:00:00 usr=0:00:16 total=0:00:17
[Iter 6] Stage (MB): Used   23  Alloctr   25  Proc    0 
[Iter 6] Total (MB): Used  160  Alloctr  164  Proc 2914 

End DR iteration 6 with 1 parts

Start DR iteration 7: non-uniform partition
Routed	1/1 Partitions, Violations =	2

DRC-SUMMARY:
	@@@@@@@ TOTAL VIOLATIONS =	2
	Less than minimum area : 1
	Same net via-cut spacing : 1

[Iter 7] Elapsed real time: 0:00:05 
[Iter 7] Elapsed cpu  time: sys=0:00:00 usr=0:00:18 total=0:00:19
[Iter 7] Stage (MB): Used   23  Alloctr   25  Proc    0 
[Iter 7] Total (MB): Used  160  Alloctr  164  Proc 2914 

End DR iteration 7 with 1 parts

Start DR iteration 8: non-uniform partition
Routed	1/1 Partitions, Violations =	3

DRC-SUMMARY:
	@@@@@@@ TOTAL VIOLATIONS =	3
	Less than minimum area : 2
	Same net via-cut spacing : 1

[Iter 8] Elapsed real time: 0:00:06 
[Iter 8] Elapsed cpu  time: sys=0:00:01 usr=0:00:21 total=0:00:22
[Iter 8] Stage (MB): Used   23  Alloctr   25  Proc    0 
[Iter 8] Total (MB): Used  160  Alloctr  164  Proc 2914 

End DR iteration 8 with 1 parts

Start DR iteration 9: non-uniform partition
Routed	1/1 Partitions, Violations =	1

DRC-SUMMARY:
	@@@@@@@ TOTAL VIOLATIONS =	1
	Less than minimum area : 1

[Iter 9] Elapsed real time: 0:00:06 
[Iter 9] Elapsed cpu  time: sys=0:00:01 usr=0:00:22 total=0:00:23
[Iter 9] Stage (MB): Used   23  Alloctr   25  Proc    0 
[Iter 9] Total (MB): Used  160  Alloctr  164  Proc 2914 

End DR iteration 9 with 1 parts

Start DR iteration 10: non-uniform partition
Routed	1/1 Partitions, Violations =	3

DRC-SUMMARY:
	@@@@@@@ TOTAL VIOLATIONS =	3
	Less than minimum area : 1
	Short : 2

[Iter 10] Elapsed real time: 0:00:07 
[Iter 10] Elapsed cpu  time: sys=0:00:01 usr=0:00:24 total=0:00:25
[Iter 10] Stage (MB): Used   23  Alloctr   25  Proc    0 
[Iter 10] Total (MB): Used  160  Alloctr  164  Proc 2914 

End DR iteration 10 with 1 parts

Stop DR since not converging

Information: Detail Routing terminated early because DRCs were not converging: true (ZRT-312)

Nets that have been changed:
Net 1 = dm_halt_addr_i[25]
Net 2 = dm_halt_addr_i[17]
Net 3 = core_i/mtvec[9]
Net 4 = core_i/jump_target_ex[25]
Net 5 = core_i/alu_operand_c_ex[17]
Net 6 = core_i/cs_registers_i/PLACE_HFSNET_100
Net 7 = core_i/if_stage_i/n121
Net 8 = core_i/if_stage_i/n2
Net 9 = core_i/if_stage_i/n238
Net 10 = core_i/id_stage_i/controller_i/n98
Net 11 = core_i/cs_registers_i/n90
Net 12 = core_i/cs_registers_i/n562
Net 13 = core_i/cs_registers_i/n834
Net 14 = core_i/cs_registers_i/dscratch1_q[3]
Total number of changed nets = 14 (out of 26998)

[DR: Done] Elapsed real time: 0:00:07 
[DR: Done] Elapsed cpu  time: sys=0:00:01 usr=0:00:24 total=0:00:25
[DR: Done] Stage (MB): Used    5  Alloctr    6  Proc    0 
[DR: Done] Total (MB): Used  142  Alloctr  146  Proc 2914 
[ECO: DR] Elapsed real time: 0:00:13 
[ECO: DR] Elapsed cpu  time: sys=0:00:01 usr=0:00:43 total=0:00:45
[ECO: DR] Stage (MB): Used  141  Alloctr  144  Proc    0 
[ECO: DR] Total (MB): Used  142  Alloctr  146  Proc 2914 

ECO Route finished with 0 open nets, of which 0 are frozen
Information: Merged away 1 aligned/redundant DRCs. (ZRT-305)

ECO Route finished with 2 violations

DRC-SUMMARY:
	@@@@@@@ TOTAL VIOLATIONS =	2
	Less than minimum area : 1
	Short : 1



Total Wire Length =                    456019 micron
Total Number of Contacts =             192083
Total Number of Wires =                257845
Total Number of PtConns =              4999
Total Number of Routed Wires =       45264
Total Routed Wire Length =           85894 micron
Total Number of Routed Contacts =       37092
	Layer               M1 :       1193 micron
	Layer               M2 :     196346 micron
	Layer               M3 :     211460 micron
	Layer               M4 :      18974 micron
	Layer               M5 :      22737 micron
	Layer               M6 :       5088 micron
	Layer               M7 :         23 micron
	Layer               M8 :        198 micron
	Layer               M9 :          0 micron
	Layer             MRDL :          0 micron
	Via       VIA78SQ(rot) :          2
	Via          VIA67SQ_C :          5
	Via     VIA67SQ_C(rot) :          5
	Via     VIA56SQ_C(rot) :         16
	Via            VIA56SQ :         75
	Via            VIA45SQ :        354
	Via     VIA34SQ_C(rot) :       1104
	Via        VIA34BAR2_C :          1
	Via            VIA34SQ :         26
	Via       VIA34SQ(rot) :         94
	Via   VIA3_34SQ_C(rot) :          2
	Via          VIA23SQ_C :      22478
	Via            VIA23SQ :          2
	Via          VIA23BAR1 :          1
	Via        VIA2_33SQ_C :         10
	Via        VIA23_3SQ_C :         22
	Via      VIA2_33_3SQ_C :          2
	Via     VIA12SQ_C(rot) :      12666
	Via       VIA12SQ(rot) :        101
	Via   VIA1_32SQ_C(rot) :        124
	Via   VIA12_3SQ_C(rot) :          2

 
Redundant via conversion report:
--------------------------------

  Total optimized via conversion rate =  0.00% (0 / 37092 vias)
 
    Layer VIA1       =  0.00% (0      / 12893   vias)
        Un-optimized =  0.00% (0       vias)
        Un-mapped    = 100.00% (12893   vias)
    Layer VIA2       =  0.00% (0      / 22515   vias)
        Un-optimized =  0.00% (0       vias)
        Un-mapped    = 100.00% (22515   vias)
    Layer VIA3       =  0.00% (0      / 1227    vias)
        Un-optimized =  0.00% (0       vias)
        Un-mapped    = 100.00% (1227    vias)
    Layer VIA4       =  0.00% (0      / 354     vias)
        Un-optimized =  0.00% (0       vias)
        Un-mapped    = 100.00% (354     vias)
    Layer VIA5       =  0.00% (0      / 91      vias)
        Un-optimized =  0.00% (0       vias)
        Un-mapped    = 100.00% (91      vias)
    Layer VIA6       =  0.00% (0      / 10      vias)
        Un-optimized =  0.00% (0       vias)
        Un-mapped    = 100.00% (10      vias)
    Layer VIA7       =  0.00% (0      / 2       vias)
        Un-optimized =  0.00% (0       vias)
        Un-mapped    = 100.00% (2       vias)
 
  Total double via conversion rate    =  0.00% (0 / 37092 vias)
 
    Layer VIA1       =  0.00% (0      / 12893   vias)
    Layer VIA2       =  0.00% (0      / 22515   vias)
    Layer VIA3       =  0.00% (0      / 1227    vias)
    Layer VIA4       =  0.00% (0      / 354     vias)
    Layer VIA5       =  0.00% (0      / 91      vias)
    Layer VIA6       =  0.00% (0      / 10      vias)
    Layer VIA7       =  0.00% (0      / 2       vias)
 
  The optimized via conversion rate based on total routed via count =  0.00% (0 / 37092 vias)
 
    Layer VIA1       =  0.00% (0      / 12893   vias)
        Un-optimized =  0.00% (0       vias)
        Un-mapped    = 100.00% (12893   vias)
    Layer VIA2       =  0.00% (0      / 22515   vias)
        Un-optimized =  0.00% (0       vias)
        Un-mapped    = 100.00% (22515   vias)
    Layer VIA3       =  0.00% (0      / 1227    vias)
        Un-optimized =  0.00% (0       vias)
        Un-mapped    = 100.00% (1227    vias)
    Layer VIA4       =  0.00% (0      / 354     vias)
        Un-optimized =  0.00% (0       vias)
        Un-mapped    = 100.00% (354     vias)
    Layer VIA5       =  0.00% (0      / 91      vias)
        Un-optimized =  0.00% (0       vias)
        Un-mapped    = 100.00% (91      vias)
    Layer VIA6       =  0.00% (0      / 10      vias)
        Un-optimized =  0.00% (0       vias)
        Un-mapped    = 100.00% (10      vias)
    Layer VIA7       =  0.00% (0      / 2       vias)
        Un-optimized =  0.00% (0       vias)
        Un-mapped    = 100.00% (2       vias)
 

Total number of nets = 26998
0 open nets, of which 0 are frozen
Total number of excluded ports = 0 ports of 0 unplaced cells connected to 0 nets
                                 0 ports without pins of 0 cells connected to 0 nets
                                 0 ports of 0 cover cells connected to 0 non-pg nets
Total number of DRCs = 2
Total number of antenna violations = antenna checking not active
Information: Routes in non-preferred voltage areas = 0 (ZRT-559)

Total Wire Length =                    456019 micron
Total Number of Contacts =             192083
Total Number of Wires =                257845
Total Number of PtConns =              4999
Total Number of Routed Wires =       45264
Total Routed Wire Length =           85894 micron
Total Number of Routed Contacts =       37092
	Layer               M1 :       1193 micron
	Layer               M2 :     196346 micron
	Layer               M3 :     211460 micron
	Layer               M4 :      18974 micron
	Layer               M5 :      22737 micron
	Layer               M6 :       5088 micron
	Layer               M7 :         23 micron
	Layer               M8 :        198 micron
	Layer               M9 :          0 micron
	Layer             MRDL :          0 micron
	Via       VIA78SQ(rot) :          2
	Via          VIA67SQ_C :          5
	Via     VIA67SQ_C(rot) :          5
	Via     VIA56SQ_C(rot) :         16
	Via            VIA56SQ :         75
	Via            VIA45SQ :        354
	Via     VIA34SQ_C(rot) :       1104
	Via        VIA34BAR2_C :          1
	Via            VIA34SQ :         26
	Via       VIA34SQ(rot) :         94
	Via   VIA3_34SQ_C(rot) :          2
	Via          VIA23SQ_C :      22478
	Via            VIA23SQ :          2
	Via          VIA23BAR1 :          1
	Via        VIA2_33SQ_C :         10
	Via        VIA23_3SQ_C :         22
	Via      VIA2_33_3SQ_C :          2
	Via     VIA12SQ_C(rot) :      12666
	Via       VIA12SQ(rot) :        101
	Via   VIA1_32SQ_C(rot) :        124
	Via   VIA12_3SQ_C(rot) :          2

 
Redundant via conversion report:
--------------------------------

  Total optimized via conversion rate =  0.00% (0 / 37092 vias)
 
    Layer VIA1       =  0.00% (0      / 12893   vias)
        Un-optimized =  0.00% (0       vias)
        Un-mapped    = 100.00% (12893   vias)
    Layer VIA2       =  0.00% (0      / 22515   vias)
        Un-optimized =  0.00% (0       vias)
        Un-mapped    = 100.00% (22515   vias)
    Layer VIA3       =  0.00% (0      / 1227    vias)
        Un-optimized =  0.00% (0       vias)
        Un-mapped    = 100.00% (1227    vias)
    Layer VIA4       =  0.00% (0      / 354     vias)
        Un-optimized =  0.00% (0       vias)
        Un-mapped    = 100.00% (354     vias)
    Layer VIA5       =  0.00% (0      / 91      vias)
        Un-optimized =  0.00% (0       vias)
        Un-mapped    = 100.00% (91      vias)
    Layer VIA6       =  0.00% (0      / 10      vias)
        Un-optimized =  0.00% (0       vias)
        Un-mapped    = 100.00% (10      vias)
    Layer VIA7       =  0.00% (0      / 2       vias)
        Un-optimized =  0.00% (0       vias)
        Un-mapped    = 100.00% (2       vias)
 
  Total double via conversion rate    =  0.00% (0 / 37092 vias)
 
    Layer VIA1       =  0.00% (0      / 12893   vias)
    Layer VIA2       =  0.00% (0      / 22515   vias)
    Layer VIA3       =  0.00% (0      / 1227    vias)
    Layer VIA4       =  0.00% (0      / 354     vias)
    Layer VIA5       =  0.00% (0      / 91      vias)
    Layer VIA6       =  0.00% (0      / 10      vias)
    Layer VIA7       =  0.00% (0      / 2       vias)
 
  The optimized via conversion rate based on total routed via count =  0.00% (0 / 37092 vias)
 
    Layer VIA1       =  0.00% (0      / 12893   vias)
        Un-optimized =  0.00% (0       vias)
        Un-mapped    = 100.00% (12893   vias)
    Layer VIA2       =  0.00% (0      / 22515   vias)
        Un-optimized =  0.00% (0       vias)
        Un-mapped    = 100.00% (22515   vias)
    Layer VIA3       =  0.00% (0      / 1227    vias)
        Un-optimized =  0.00% (0       vias)
        Un-mapped    = 100.00% (1227    vias)
    Layer VIA4       =  0.00% (0      / 354     vias)
        Un-optimized =  0.00% (0       vias)
        Un-mapped    = 100.00% (354     vias)
    Layer VIA5       =  0.00% (0      / 91      vias)
        Un-optimized =  0.00% (0       vias)
        Un-mapped    = 100.00% (91      vias)
    Layer VIA6       =  0.00% (0      / 10      vias)
        Un-optimized =  0.00% (0       vias)
        Un-mapped    = 100.00% (10      vias)
    Layer VIA7       =  0.00% (0      / 2       vias)
        Un-optimized =  0.00% (0       vias)
        Un-mapped    = 100.00% (2       vias)
 
Topology ECO not run, no qualifying violations or in frozen nets.
Updating the database ...
...updated 14 nets
[ECO: End] Elapsed real time: 0:00:14 
[ECO: End] Elapsed cpu  time: sys=0:00:01 usr=0:00:44 total=0:00:46
[ECO: End] Stage (MB): Used    0  Alloctr    0  Proc    0 
[ECO: End] Total (MB): Used    0  Alloctr    2  Proc 2914 
icc2_shell> check_lvs
Information: Using 12 threads for LVS
[Check Net] Init	Elapsed =    0:00:00, CPU =    0:00:00
[Check Short] Stage 1	Elapsed =    0:00:00, CPU =    0:00:00
Warning: Port VDD have no valid pin shapes. Skip this port. (RT-203)
Warning: Port VSS have no valid pin shapes. Skip this port. (RT-203)
[Check Short] Stage 1-2	Elapsed =    0:00:00, CPU =    0:00:02
[Check Short] Stage 2	Elapsed =    0:00:01, CPU =    0:00:04
[Check Short] Stage 2-2	Elapsed =    0:00:01, CPU =    0:00:11
[Check Short] Stage 3	Elapsed =    0:00:01, CPU =    0:00:11
[Check Short] End	Elapsed =    0:00:01, CPU =    0:00:11
[Check Net] 10% 	Elapsed =    0:00:01, CPU =    0:00:11
[Check Net] 20% 	Elapsed =    0:00:02, CPU =    0:00:12
[Check Net] 30% 	Elapsed =    0:00:02, CPU =    0:00:13
[Check Net] 40% 	Elapsed =    0:00:02, CPU =    0:00:14
[Check Net] 50% 	Elapsed =    0:00:02, CPU =    0:00:14
[Check Net] 60% 	Elapsed =    0:00:02, CPU =    0:00:15
[Check Net] 70% 	Elapsed =    0:00:02, CPU =    0:00:15
[Check Net] 80% 	Elapsed =    0:00:02, CPU =    0:00:16
[Check Net] 90% 	Elapsed =    0:00:02, CPU =    0:00:16
Warning: Net pulp_clock_en_i has less than 2 valid port. Skip open checking for this net. (RT-204)
Warning: Net boot_addr_i[1] has less than 2 valid port. Skip open checking for this net. (RT-204)
Warning: Net mtvec_addr_i[6] has less than 2 valid port. Skip open checking for this net. (RT-204)
Warning: Net mtvec_addr_i[5] has less than 2 valid port. Skip open checking for this net. (RT-204)
Warning: Net mtvec_addr_i[7] has less than 2 valid port. Skip open checking for this net. (RT-204)
Warning: Net mtvec_addr_i[3] has less than 2 valid port. Skip open checking for this net. (RT-204)
Warning: Net mtvec_addr_i[1] has less than 2 valid port. Skip open checking for this net. (RT-204)
Warning: Net mtvec_addr_i[4] has less than 2 valid port. Skip open checking for this net. (RT-204)
Warning: Net dm_halt_addr_i[0] has less than 2 valid port. Skip open checking for this net. (RT-204)
Warning: Net dm_exception_addr_i[1] has less than 2 valid port. Skip open checking for this net. (RT-204)
Warning: Net dm_halt_addr_i[1] has less than 2 valid port. Skip open checking for this net. (RT-204)
Warning: Net dm_exception_addr_i[0] has less than 2 valid port. Skip open checking for this net. (RT-204)
[Check Net] All nets are submitted.
Warning: Net boot_addr_i[0] has less than 2 valid port. Skip open checking for this net. (RT-204)
Warning: Net mtvec_addr_i[0] has less than 2 valid port. Skip open checking for this net. (RT-204)
Warning: Net mtvec_addr_i[2] has less than 2 valid port. Skip open checking for this net. (RT-204)
[Check Net] 100%	Elapsed =    0:00:02, CPU =    0:00:17
Information: Detected short violation. Net1: VDD. Net2: core_i/if_stage_i/n238. BBox: (192.0670 66.1450)(192.1010 66.2550). Layer: M3. (RT-586)
Information: Detected short violation. Net1: VDD. Net2: core_i/if_stage_i/n238. BBox: (192.0670 66.1650)(192.1010 66.2350). Layer: M3. (RT-586)

===============================================================
    Maximum number of violations is set to 20
    Abort checking when more than 20 violations are found
    All violations might not be found.
===============================================================
Total number of input nets is 26998.
Total number of short violations is 2.
Total number of open nets is 0.
Total number of floating route violations is 0.

Elapsed =    0:00:03, CPU =    0:00:18
1
icc2_shell> gui_mouse_tool -window [gui_get_current_window -types Layout -mru] -start SplitTool
icc2_shell> gui_mouse_tool -window [gui_get_current_window -types Layout -mru] -add_point {192.012 66.288} -scale 0.0011
icc2_shell> gui_mouse_tool -window [gui_get_current_window -types Layout -mru] -add_point {192.125 66.282} -scale 0.0011
icc2_shell> gui_mouse_tool -window [gui_get_current_window -types Layout -mru] -reset
icc2_shell> remove_physical_objects
icc2_shell> gui_mouse_tool -window [gui_get_current_window -types Layout -mru] -start CreateShapeTool
icc2_shell> gui_set_mouse_tool_option -tool CreateShapeTool -option {inputType} -value {Polyline}
icc2_shell> gui_mouse_tool -window [gui_get_current_window -types Layout -mru] -add_point {192.085 66.288} -scale 0.0011
icc2_shell> gui_mouse_tool -window [gui_get_current_window -types Layout -mru] -add_point {192.689 66.077} -scale 0.0011
icc2_shell> gui_mouse_tool -window [gui_get_current_window -types Layout -mru] -add_point {192.086 66.080} -scale 0.0011
icc2_shell> gui_mouse_tool -window [gui_get_current_window -types Layout -mru] -add_point {192.086 66.081} -scale 0.0011
icc2_shell> gui_mouse_tool -window [gui_get_current_window -types Layout -mru] -reset
icc2_shell> gui_mouse_tool -window [gui_get_current_window -types Layout -mru] -add_point {192.091 66.289} -scale 0.0011
icc2_shell> gui_mouse_tool -window [gui_get_current_window -types Layout -mru] -add_point {192.647 66.083} -scale 0.0011
icc2_shell> gui_mouse_tool -window [gui_get_current_window -types Layout -mru] -add_point {192.096 66.082} -scale 0.0011
icc2_shell> gui_mouse_tool -window [gui_get_current_window -types Layout -mru] -reset
icc2_shell> gui_mouse_tool -window [gui_get_current_window -types Layout -mru] -add_point {192.090 66.286} -scale 0.0011
icc2_shell> gui_mouse_tool -window [gui_get_current_window -types Layout -mru] -add_point {192.669 66.104} -scale 0.0011
icc2_shell> gui_mouse_tool -window [gui_get_current_window -types Layout -mru] -reset
icc2_shell> gui_mouse_tool -window [gui_get_current_window -types Layout -mru] -add_point {192.095 66.284} -scale 0.0011
icc2_shell> gui_mouse_tool -window [gui_get_current_window -types Layout -mru] -add_point {192.666 66.078} -scale 0.0011
icc2_shell> gui_mouse_tool -window [gui_get_current_window -types Layout -mru] -add_point {192.085 66.083} -scale 0.0011
icc2_shell> gui_mouse_tool -window [gui_get_current_window -types Layout -mru] -add_point {192.084 66.083} -scale 0.0011
icc2_shell> gui_mouse_tool -window [gui_get_current_window -types Layout -mru] -reset
icc2_shell> gui_mouse_tool -window [gui_get_current_window -types Layout -mru] -add_point {192.084 66.291} -scale 0.0011
icc2_shell> gui_mouse_tool -window [gui_get_current_window -types Layout -mru] -add_point {192.683 66.084} -scale 0.0011
icc2_shell> gui_mouse_tool -window [gui_get_current_window -types Layout -mru] -add_point {192.081 66.076} -scale 0.0011
icc2_shell> gui_mouse_tool -window [gui_get_current_window -types Layout -mru] -apply
icc2_shell> gui_mouse_tool -window [gui_get_current_window -types Layout -mru] -reset
icc2_shell> gui_mouse_tool -window [gui_get_current_window -types Layout -mru] -start StretchTool
icc2_shell> gui_mouse_tool -window [gui_get_current_window -types Layout -mru] -add_point {192.088 66.283} -scale 0.0011
icc2_shell> gui_mouse_tool -window [gui_get_current_window -types Layout -mru] -reset
gui_mouse_tool -window [gui_get_current_window -types Layout -mru] -reset
icc2_shell> gui_mouse_tool -window [gui_get_current_window -types Layout -mru] -start StretchTool
icc2_shell> gui_mouse_tool -window [gui_get_current_window -types Layout -mru] -add_point {192.083 66.287} -scale 0.0011
icc2_shell> gui_mouse_tool -window [gui_get_current_window -types Layout -mru] -add_point {192.090 66.324} -scale 0.0011
icc2_shell> gui_mouse_tool -window [gui_get_current_window -types Layout -mru] -add_point {192.082 66.297} -scale 0.0011
icc2_shell> gui_mouse_tool -window [gui_get_current_window -types Layout -mru] -add_point {192.089 66.323} -scale 0.0011
icc2_shell> gui_mouse_tool -window [gui_get_current_window -types Layout -mru] -reset
icc2_shell> gui_mouse_tool -window [gui_get_current_window -types Layout -mru] -start MoveTool
icc2_shell> gui_mouse_tool -window [gui_get_current_window -types Layout -mru] -add_point {192.437 66.266} -scale 0.0011
icc2_shell> gui_mouse_tool -window [gui_get_current_window -types Layout -mru] -add_point {192.438 66.322} -scale 0.0011
icc2_shell> gui_mouse_tool -window [gui_get_current_window -types Layout -mru] -reset
icc2_shell> gui_mouse_tool -window [gui_get_current_window -types Layout -mru] -start StretchTool
icc2_shell> gui_mouse_tool -window [gui_get_current_window -types Layout -mru] -add_point {192.083 66.310} -scale 0.0011
icc2_shell> gui_mouse_tool -window [gui_get_current_window -types Layout -mru] -add_point {192.083 66.363} -scale 0.0011
icc2_shell> gui_mouse_tool -window [gui_get_current_window -types Layout -mru] -add_point {192.673 66.278} -scale 0.0011
icc2_shell> gui_mouse_tool -window [gui_get_current_window -types Layout -mru] -add_point {192.675 66.353} -scale 0.0011
icc2_shell> gui_mouse_tool -window [gui_get_current_window -types Layout -mru] -reset
icc2_shell> check_lvs
Information: Using 12 threads for LVS
[Check Net] Init	Elapsed =    0:00:00, CPU =    0:00:00
[Check Short] Stage 1	Elapsed =    0:00:00, CPU =    0:00:00
Warning: Port VSS have no valid pin shapes. Skip this port. (RT-203)
Warning: Port VDD have no valid pin shapes. Skip this port. (RT-203)
[Check Short] Stage 1-2	Elapsed =    0:00:00, CPU =    0:00:03
[Check Short] Stage 2	Elapsed =    0:00:01, CPU =    0:00:04
[Check Short] Stage 2-2	Elapsed =    0:00:01, CPU =    0:00:11
[Check Short] Stage 3	Elapsed =    0:00:01, CPU =    0:00:11
[Check Short] End	Elapsed =    0:00:01, CPU =    0:00:11
[Check Net] 10% 	Elapsed =    0:00:02, CPU =    0:00:12
[Check Net] 20% 	Elapsed =    0:00:02, CPU =    0:00:13
[Check Net] 30% 	Elapsed =    0:00:02, CPU =    0:00:14
[Check Net] 40% 	Elapsed =    0:00:02, CPU =    0:00:14
[Check Net] 50% 	Elapsed =    0:00:02, CPU =    0:00:15
[Check Net] 60% 	Elapsed =    0:00:02, CPU =    0:00:15
[Check Net] 70% 	Elapsed =    0:00:02, CPU =    0:00:16
[Check Net] 80% 	Elapsed =    0:00:02, CPU =    0:00:16
[Check Net] 90% 	Elapsed =    0:00:02, CPU =    0:00:17
Warning: Net pulp_clock_en_i has less than 2 valid port. Skip open checking for this net. (RT-204)
Warning: Net mtvec_addr_i[7] has less than 2 valid port. Skip open checking for this net. (RT-204)
Warning: Net mtvec_addr_i[4] has less than 2 valid port. Skip open checking for this net. (RT-204)
Warning: Net boot_addr_i[0] has less than 2 valid port. Skip open checking for this net. (RT-204)
Warning: Net dm_exception_addr_i[1] has less than 2 valid port. Skip open checking for this net. (RT-204)
Warning: Net dm_exception_addr_i[0] has less than 2 valid port. Skip open checking for this net. (RT-204)
[Check Net] All nets are submitted.
Warning: Net mtvec_addr_i[6] has less than 2 valid port. Skip open checking for this net. (RT-204)
Warning: Net mtvec_addr_i[5] has less than 2 valid port. Skip open checking for this net. (RT-204)
Warning: Net mtvec_addr_i[3] has less than 2 valid port. Skip open checking for this net. (RT-204)
Warning: Net mtvec_addr_i[2] has less than 2 valid port. Skip open checking for this net. (RT-204)
Warning: Net mtvec_addr_i[1] has less than 2 valid port. Skip open checking for this net. (RT-204)
Warning: Net mtvec_addr_i[0] has less than 2 valid port. Skip open checking for this net. (RT-204)
Warning: Net dm_halt_addr_i[0] has less than 2 valid port. Skip open checking for this net. (RT-204)
Warning: Net dm_halt_addr_i[1] has less than 2 valid port. Skip open checking for this net. (RT-204)
Warning: Net boot_addr_i[1] has less than 2 valid port. Skip open checking for this net. (RT-204)
[Check Net] 100%	Elapsed =    0:00:02, CPU =    0:00:17

===============================================================
    Maximum number of violations is set to 20
    Abort checking when more than 20 violations are found
    All violations might not be found.
===============================================================
Total number of input nets is 26998.
Total number of short violations is 0.
Total number of open nets is 0.
Total number of floating route violations is 0.

Elapsed =    0:00:03, CPU =    0:00:18
1
icc2_shell> gui_mouse_tool -window [gui_get_current_window -types Layout -mru] -start CreateShapeTool
icc2_shell> gui_mouse_tool -window [gui_get_current_window -types Layout -mru] -add_point {192.415 65.287} -scale 0.0007
icc2_shell> gui_mouse_tool -window [gui_get_current_window -types Layout -mru] -reset
icc2_shell> gui_set_mouse_tool_option -tool CreateShapeTool -option {inputType} -value {Line}
icc2_shell> gui_mouse_tool -window [gui_get_current_window -types Layout -mru] -reset
icc2_shell> gui_mouse_tool -window [gui_get_current_window -types Layout -mru] -start MoveTool
icc2_shell> gui_mouse_tool -window [gui_get_current_window -types Layout -mru] -add_point {192.423 65.315} -scale 0.0007
icc2_shell> gui_mouse_tool -window [gui_get_current_window -types Layout -mru] -add_point {192.428 65.317} -scale 0.0007
icc2_shell> gui_mouse_tool -window [gui_get_current_window -types Layout -mru] -reset
icc2_shell> check_routes
Warning: Cell contains tie connections which are not connected to real PG. (ZRT-511)
Turn off antenna since no rule is specified
Cell Min-Routing-Layer = M1
Cell Max-Routing-Layer = M9
Warning: There is no constraint to limit maximum number of secondary power and ground (PG) pins in a cluster. (ZRT-536)
Warning: There is no constraint to limit maximum number of secondary power and ground (PG) pins in a cluster. (ZRT-536)
Warning: There is no constraint to limit maximum number of secondary power and ground (PG) pins in a cluster. (ZRT-536)
Warning: There is no constraint to limit maximum number of secondary power and ground (PG) pins in a cluster. (ZRT-536)
Warning: There is no constraint to limit maximum number of secondary power and ground (PG) pins in a cluster. (ZRT-536)
Warning: There is no constraint to limit maximum number of secondary power and ground (PG) pins in a cluster. (ZRT-536)
Warning: There is no constraint to limit maximum number of secondary power and ground (PG) pins in a cluster. (ZRT-536)
Warning: There is no constraint to limit maximum number of secondary power and ground (PG) pins in a cluster. (ZRT-536)
Warning: There is no constraint to limit maximum number of secondary power and ground (PG) pins in a cluster. (ZRT-536)
Warning: There is no constraint to limit maximum number of secondary power and ground (PG) pins in a cluster. (ZRT-536)
Warning: There is no constraint to limit maximum number of secondary power and ground (PG) pins in a cluster. (ZRT-536)
Warning: There is no constraint to limit maximum number of secondary power and ground (PG) pins in a cluster. (ZRT-536)
Warning: There is no constraint to limit maximum number of secondary power and ground (PG) pins in a cluster. (ZRT-536)
Warning: There is no constraint to limit maximum number of secondary power and ground (PG) pins in a cluster. (ZRT-536)
Warning: There is no constraint to limit maximum number of secondary power and ground (PG) pins in a cluster. (ZRT-536)
Warning: There is no constraint to limit maximum number of secondary power and ground (PG) pins in a cluster. (ZRT-536)
Warning: Ignore 2 top cell ports with no pins. (ZRT-027)
Skipping 1 internal pins that are not physical. Set route.common.verbose_level to > 0 and run routing command to get skipped pin names.
Info: number of net_type_blockage: 0 
Via on layer (VIA1) needs more than one tracks
Warning: Layer M1 pitch 0.074 may be too small: wire/via-down 0.074, wire/via-up 0.098. (ZRT-026)
Via on layer (VIA1) needs more than one tracks
Warning: Layer M2 pitch 0.060 may be too small: wire/via-down 0.098, wire/via-up 0.060. (ZRT-026)
Via on layer (VIA3) needs more than one tracks
Warning: Layer M3 pitch 0.074 may be too small: wire/via-down 0.060, wire/via-up 0.080. (ZRT-026)
Wire on layer (M4) needs more than one tracks
Via on layer (VIA3) needs more than one tracks
Via on layer (VIA4) needs more than one tracks
Warning: Layer M4 pitch 0.074 may be too small: wire/via-down 0.107, wire/via-up 0.105. (ZRT-026)
Via on layer (VIA4) needs more than one tracks
Warning: Layer M5 pitch 0.120 may be too small: wire/via-down 0.135, wire/via-up 0.107. (ZRT-026)
Via on layer (VIA8) needs more than one tracks
Warning: Layer M8 pitch 0.120 may be too small: wire/via-down 0.107, wire/via-up 0.135. (ZRT-026)
Wire on layer (M9) needs more than one tracks
Via on layer (VIA8) needs more than one tracks
Via on layer (VIARDL) needs more than one tracks
Warning: Layer M9 pitch 0.120 may be too small: wire/via-down 0.135, wire/via-up 1.570. (ZRT-026)
Via on layer (VIARDL) needs more than one tracks
Warning: Layer MRDL pitch 0.600 may be too small: wire/via-down 4.500, wire/via-up 0.600. (ZRT-026)
Transition layer name: M3(2)
Warning: Standard cell pin SAEDRVT14_BUF_PECO_2/VDD has no valid via regions. (ZRT-044)
Warning: Standard cell pin SAEDRVT14_BUF_PECO_4/VDD has no valid via regions. (ZRT-044)
Warning: Standard cell pin SAEDRVT14_BUF_PECO_12/VDD has no valid via regions. (ZRT-044)
Warning: Standard cell pin SAEDRVT14_BUF_PS_3/VDD has no valid via regions. (ZRT-044)
Warning: Standard cell pin SAEDRVT14_BUF_PS_6/VDD has no valid via regions. (ZRT-044)
Warning: Standard cell pin SAEDRVT14_AOBUF_IW_3/VDD has no valid via regions. (ZRT-044)
Warning: Standard cell pin SAEDRVT14_AOBUF_IW_6/VDD has no valid via regions. (ZRT-044)
Warning: Standard cell pin SAEDRVT14_BUF_PECO_8/VDD has no valid via regions. (ZRT-044)
Warning: Standard cell pin SAEDRVT14_OA2BB2_2/B1 has no valid via regions. (ZRT-044)
Warning: Standard cell pin SAEDRVT14_AOI21_V1_6/B has no valid via regions. (ZRT-044)
Warning: Standard cell pin SAEDRVT14_NR2_2/A1 has no valid via regions. (ZRT-044)
Warning: Standard cell pin SAEDRVT14_NR2_2/X has no valid via regions. (ZRT-044)
Warning: Standard cell pin SAEDRVT14_NR3B_4/A has no valid via regions. (ZRT-044)


Start checking for open nets ... 

Total number of nets = 26992, of which 0 are not extracted
Total number of open nets = 0, of which 0 are frozen

Check 26992 nets, 0 have Errors

[CHECK OPEN NETS] Elapsed real time: 0:00:00 
[CHECK OPEN NETS] Elapsed cpu  time: sys=0:00:00 usr=0:00:00 total=0:00:00
[CHECK OPEN NETS] Stage (MB): Used    0  Alloctr    0  Proc    0 
[CHECK OPEN NETS] Total (MB): Used  146  Alloctr  153  Proc 2914 
Printing options for 'route.common.*'
common.verbose_level                                    :	 0                   

Printing options for 'route.detail.*'
detail.antenna                                          :	 true                
detail.force_end_on_preferred_grid                      :	 true                

Printing options for 'route.auto_via_ladder.*'


Begin full DRC check ...

Information: Using 12 threads for routing. (ZRT-444)
Checked	1/169 Partitions, Violations =	0
Checked	6/169 Partitions, Violations =	0
Checked	12/169 Partitions, Violations =	0
Checked	18/169 Partitions, Violations =	0
Checked	24/169 Partitions, Violations =	0
Checked	30/169 Partitions, Violations =	2
Checked	36/169 Partitions, Violations =	2
Checked	42/169 Partitions, Violations =	2
Checked	48/169 Partitions, Violations =	2
Checked	54/169 Partitions, Violations =	2
Checked	60/169 Partitions, Violations =	2
Checked	66/169 Partitions, Violations =	2
Checked	72/169 Partitions, Violations =	2
Checked	78/169 Partitions, Violations =	2
Checked	84/169 Partitions, Violations =	2
Checked	90/169 Partitions, Violations =	2
Checked	96/169 Partitions, Violations =	2
Checked	102/169 Partitions, Violations =	2
Checked	108/169 Partitions, Violations =	2
Checked	114/169 Partitions, Violations =	2
Checked	120/169 Partitions, Violations =	2
Checked	126/169 Partitions, Violations =	2
Checked	132/169 Partitions, Violations =	2
Checked	138/169 Partitions, Violations =	2
Checked	144/169 Partitions, Violations =	2
Checked	150/169 Partitions, Violations =	2
Checked	156/169 Partitions, Violations =	2
Checked	162/169 Partitions, Violations =	2
Checked	168/169 Partitions, Violations =	2
[DRC CHECK] Elapsed real time: 0:00:04 
[DRC CHECK] Elapsed cpu  time: sys=0:00:00 usr=0:00:25 total=0:00:26
[DRC CHECK] Stage (MB): Used    0  Alloctr    1  Proc    0 
[DRC CHECK] Total (MB): Used  170  Alloctr  178  Proc 2914 
Warning: No antenna rules defined, Skip antenna analysis. (ZRT-309)

DRC-SUMMARY:
	@@@@@@@ TOTAL VIOLATIONS =	2
	Less than minimum area : 1
	Less than minimum width : 1


Total Wire Length =                    455957 micron
Total Number of Contacts =             192083
Total Number of Wires =                236017
Total Number of PtConns =              26602
Total Number of Routed Wires =       236014
Total Routed Wire Length =           436174 micron
Total Number of Routed Contacts =       192083
	Layer                 M1 :       1193 micron
	Layer                 M2 :     196346 micron
	Layer                 M3 :     211417 micron
	Layer                 M4 :      18955 micron
	Layer                 M5 :      22736 micron
	Layer                 M6 :       5088 micron
	Layer                 M7 :         23 micron
	Layer                 M8 :        198 micron
	Layer                 M9 :          0 micron
	Layer               MRDL :          0 micron
	Via         VIA78SQ(rot) :         12
	Via            VIA67SQ_C :          9
	Via       VIA67SQ_C(rot) :         15
	Via       VIA56SQ_C(rot) :         57
	Via              VIA56SQ :        341
	Via              VIA45SQ :       1949
	Via            VIA34SQ_C :          1
	Via       VIA34SQ_C(rot) :       6632
	Via          VIA34BAR2_C :         19
	Via              VIA34SQ :        124
	Via         VIA34SQ(rot) :        486
	Via     VIA3_34SQ_C(rot) :          3
	Via            VIA3_34SQ :          3
	Via            VIA23SQ_C :     116588
	Via       VIA23SQ_C(rot) :          3
	Via     VIA23BAR2_C(rot) :          1
	Via              VIA23SQ :         19
	Via         VIA23SQ(rot) :          3
	Via            VIA23BAR1 :          4
	Via          VIA2_33SQ_C :        106
	Via          VIA23_3SQ_C :         57
	Via        VIA2_33_3SQ_C :          2
	Via            VIA12SQ_C :         13
	Via       VIA12SQ_C(rot) :      64458
	Via     VIA12BAR2_C(rot) :          1
	Via            VIA12LG_C :          1
	Via         VIA12SQ(rot) :        302
	Via     VIA1_32SQ_C(rot) :        865
	Via     VIA12_3SQ_C(rot) :          5
	Via   VIA1_32_3SQ_C(rot) :          4

 
Redundant via conversion report:
--------------------------------

  Total optimized via conversion rate =  0.00% (0 / 192083 vias)
 
    Layer VIA1       =  0.00% (0      / 65649   vias)
        Un-optimized =  0.00% (0       vias)
        Un-mapped    = 100.00% (65649   vias)
    Layer VIA2       =  0.00% (0      / 116783  vias)
        Un-optimized =  0.00% (0       vias)
        Un-mapped    = 100.00% (116783  vias)
    Layer VIA3       =  0.00% (0      / 7268    vias)
        Un-optimized =  0.00% (0       vias)
        Un-mapped    = 100.00% (7268    vias)
    Layer VIA4       =  0.00% (0      / 1949    vias)
        Un-optimized =  0.00% (0       vias)
        Un-mapped    = 100.00% (1949    vias)
    Layer VIA5       =  0.00% (0      / 398     vias)
        Un-optimized =  0.00% (0       vias)
        Un-mapped    = 100.00% (398     vias)
    Layer VIA6       =  0.00% (0      / 24      vias)
        Un-optimized =  0.00% (0       vias)
        Un-mapped    = 100.00% (24      vias)
    Layer VIA7       =  0.00% (0      / 12      vias)
        Un-optimized =  0.00% (0       vias)
        Un-mapped    = 100.00% (12      vias)
 
  Total double via conversion rate    =  0.00% (0 / 192083 vias)
 
    Layer VIA1       =  0.00% (0      / 65649   vias)
    Layer VIA2       =  0.00% (0      / 116783  vias)
    Layer VIA3       =  0.00% (0      / 7268    vias)
    Layer VIA4       =  0.00% (0      / 1949    vias)
    Layer VIA5       =  0.00% (0      / 398     vias)
    Layer VIA6       =  0.00% (0      / 24      vias)
    Layer VIA7       =  0.00% (0      / 12      vias)
 
  The optimized via conversion rate based on total routed via count =  0.00% (0 / 192083 vias)
 
    Layer VIA1       =  0.00% (0      / 65649   vias)
        Un-optimized =  0.00% (0       vias)
        Un-mapped    = 100.00% (65649   vias)
    Layer VIA2       =  0.00% (0      / 116783  vias)
        Un-optimized =  0.00% (0       vias)
        Un-mapped    = 100.00% (116783  vias)
    Layer VIA3       =  0.00% (0      / 7268    vias)
        Un-optimized =  0.00% (0       vias)
        Un-mapped    = 100.00% (7268    vias)
    Layer VIA4       =  0.00% (0      / 1949    vias)
        Un-optimized =  0.00% (0       vias)
        Un-mapped    = 100.00% (1949    vias)
    Layer VIA5       =  0.00% (0      / 398     vias)
        Un-optimized =  0.00% (0       vias)
        Un-mapped    = 100.00% (398     vias)
    Layer VIA6       =  0.00% (0      / 24      vias)
        Un-optimized =  0.00% (0       vias)
        Un-mapped    = 100.00% (24      vias)
    Layer VIA7       =  0.00% (0      / 12      vias)
        Un-optimized =  0.00% (0       vias)
        Un-mapped    = 100.00% (12      vias)
 


Verify Summary:

Total number of nets = 26992, of which 0 are not extracted
Total number of open nets = 0, of which 0 are frozen
Total number of excluded ports = 0 ports of 0 unplaced cells connected to 0 nets
                                 0 ports without pins of 0 cells connected to 0 nets
                                 0 ports of 0 cover cells connected to 0 non-pg nets
Total number of DRCs = 2
Total number of antenna violations = no antenna rules defined
Total number of tie to rail violations = not checked
Total number of tie to rail directly violations = not checked


icc2_shell> gui_mouse_tool -window [gui_get_current_window -types Layout -mru] -start CreateShapeTool
gui_set_mouse_tool_option -tool CreateShapeTool -option {net} -value {dm_halt_addr_i[17]}
icc2_shell> gui_set_mouse_tool_option -tool CreateShapeTool -option {layer} -value {M2 VIA2 M3}
Error: The layer 'M2 VIA2 M3' cannot be found. (LED-004)
icc2_shell> icc2_shell> gui_mouse_tool -window [gui_get_current_window -types Layout -mru] -add_point {192.439 65.288} -scale 0.0007
icc2_shell> gui_mouse_tool -window [gui_get_current_window -types Layout -mru] -add_point {192.439 65.527} -scale 0.0007
icc2_shell> gui_mouse_tool -window [gui_get_current_window -types Layout -mru] -reset
icc2_shell> check_routes
Warning: Cell contains tie connections which are not connected to real PG. (ZRT-511)
Turn off antenna since no rule is specified
Cell Min-Routing-Layer = M1
Cell Max-Routing-Layer = M9
Warning: There is no constraint to limit maximum number of secondary power and ground (PG) pins in a cluster. (ZRT-536)
Warning: There is no constraint to limit maximum number of secondary power and ground (PG) pins in a cluster. (ZRT-536)
Warning: There is no constraint to limit maximum number of secondary power and ground (PG) pins in a cluster. (ZRT-536)
Warning: There is no constraint to limit maximum number of secondary power and ground (PG) pins in a cluster. (ZRT-536)
Warning: There is no constraint to limit maximum number of secondary power and ground (PG) pins in a cluster. (ZRT-536)
Warning: There is no constraint to limit maximum number of secondary power and ground (PG) pins in a cluster. (ZRT-536)
Warning: There is no constraint to limit maximum number of secondary power and ground (PG) pins in a cluster. (ZRT-536)
Warning: There is no constraint to limit maximum number of secondary power and ground (PG) pins in a cluster. (ZRT-536)
Warning: There is no constraint to limit maximum number of secondary power and ground (PG) pins in a cluster. (ZRT-536)
Warning: There is no constraint to limit maximum number of secondary power and ground (PG) pins in a cluster. (ZRT-536)
Warning: There is no constraint to limit maximum number of secondary power and ground (PG) pins in a cluster. (ZRT-536)
Warning: There is no constraint to limit maximum number of secondary power and ground (PG) pins in a cluster. (ZRT-536)
Warning: There is no constraint to limit maximum number of secondary power and ground (PG) pins in a cluster. (ZRT-536)
Warning: There is no constraint to limit maximum number of secondary power and ground (PG) pins in a cluster. (ZRT-536)
Warning: There is no constraint to limit maximum number of secondary power and ground (PG) pins in a cluster. (ZRT-536)
Warning: There is no constraint to limit maximum number of secondary power and ground (PG) pins in a cluster. (ZRT-536)
Warning: Ignore 2 top cell ports with no pins. (ZRT-027)
Skipping 1 internal pins that are not physical. Set route.common.verbose_level to > 0 and run routing command to get skipped pin names.
Info: number of net_type_blockage: 0 
Via on layer (VIA1) needs more than one tracks
Warning: Layer M1 pitch 0.074 may be too small: wire/via-down 0.074, wire/via-up 0.098. (ZRT-026)
Via on layer (VIA1) needs more than one tracks
Warning: Layer M2 pitch 0.060 may be too small: wire/via-down 0.098, wire/via-up 0.060. (ZRT-026)
Via on layer (VIA3) needs more than one tracks
Warning: Layer M3 pitch 0.074 may be too small: wire/via-down 0.060, wire/via-up 0.080. (ZRT-026)
Wire on layer (M4) needs more than one tracks
Via on layer (VIA3) needs more than one tracks
Via on layer (VIA4) needs more than one tracks
Warning: Layer M4 pitch 0.074 may be too small: wire/via-down 0.107, wire/via-up 0.105. (ZRT-026)
Via on layer (VIA4) needs more than one tracks
Warning: Layer M5 pitch 0.120 may be too small: wire/via-down 0.135, wire/via-up 0.107. (ZRT-026)
Via on layer (VIA8) needs more than one tracks
Warning: Layer M8 pitch 0.120 may be too small: wire/via-down 0.107, wire/via-up 0.135. (ZRT-026)
Wire on layer (M9) needs more than one tracks
Via on layer (VIA8) needs more than one tracks
Via on layer (VIARDL) needs more than one tracks
Warning: Layer M9 pitch 0.120 may be too small: wire/via-down 0.135, wire/via-up 1.570. (ZRT-026)
Via on layer (VIARDL) needs more than one tracks
Warning: Layer MRDL pitch 0.600 may be too small: wire/via-down 4.500, wire/via-up 0.600. (ZRT-026)
Transition layer name: M3(2)
Warning: Standard cell pin SAEDRVT14_BUF_PECO_2/VDD has no valid via regions. (ZRT-044)
Warning: Standard cell pin SAEDRVT14_BUF_PECO_12/VDD has no valid via regions. (ZRT-044)
Warning: Standard cell pin SAEDRVT14_BUF_PS_3/VDD has no valid via regions. (ZRT-044)
Warning: Standard cell pin SAEDRVT14_BUF_PECO_4/VDD has no valid via regions. (ZRT-044)
Warning: Standard cell pin SAEDRVT14_BUF_PS_6/VDD has no valid via regions. (ZRT-044)
Warning: Standard cell pin SAEDRVT14_AOBUF_IW_3/VDD has no valid via regions. (ZRT-044)
Warning: Standard cell pin SAEDRVT14_AOBUF_IW_6/VDD has no valid via regions. (ZRT-044)
Warning: Standard cell pin SAEDRVT14_BUF_PECO_8/VDD has no valid via regions. (ZRT-044)
Warning: Standard cell pin SAEDRVT14_AOI21_V1_6/B has no valid via regions. (ZRT-044)
Warning: Standard cell pin SAEDRVT14_OA2BB2_2/B1 has no valid via regions. (ZRT-044)
Warning: Standard cell pin SAEDRVT14_NR2_2/A1 has no valid via regions. (ZRT-044)
Warning: Standard cell pin SAEDRVT14_NR2_2/X has no valid via regions. (ZRT-044)
Warning: Standard cell pin SAEDRVT14_NR3B_4/A has no valid via regions. (ZRT-044)


Start checking for open nets ... 

Total number of nets = 26992, of which 0 are not extracted
Total number of open nets = 0, of which 0 are frozen

Check 26992 nets, 0 have Errors

[CHECK OPEN NETS] Elapsed real time: 0:00:00 
[CHECK OPEN NETS] Elapsed cpu  time: sys=0:00:00 usr=0:00:00 total=0:00:00
[CHECK OPEN NETS] Stage (MB): Used    0  Alloctr    0  Proc    0 
[CHECK OPEN NETS] Total (MB): Used  146  Alloctr  154  Proc 2946 
Printing options for 'route.common.*'
common.verbose_level                                    :	 0                   

Printing options for 'route.detail.*'
detail.antenna                                          :	 true                
detail.force_end_on_preferred_grid                      :	 true                

Printing options for 'route.auto_via_ladder.*'


Begin full DRC check ...

Information: Using 12 threads for routing. (ZRT-444)
Checked	1/169 Partitions, Violations =	0
Checked	6/169 Partitions, Violations =	0
Checked	12/169 Partitions, Violations =	0
Checked	18/169 Partitions, Violations =	0
Checked	24/169 Partitions, Violations =	1
Checked	30/169 Partitions, Violations =	1
Checked	36/169 Partitions, Violations =	1
Checked	42/169 Partitions, Violations =	1
Checked	48/169 Partitions, Violations =	1
Checked	54/169 Partitions, Violations =	1
Checked	60/169 Partitions, Violations =	1
Checked	66/169 Partitions, Violations =	1
Checked	72/169 Partitions, Violations =	1
Checked	78/169 Partitions, Violations =	1
Checked	84/169 Partitions, Violations =	1
Checked	90/169 Partitions, Violations =	1
Checked	96/169 Partitions, Violations =	1
Checked	102/169 Partitions, Violations =	1
Checked	108/169 Partitions, Violations =	1
Checked	114/169 Partitions, Violations =	1
Checked	120/169 Partitions, Violations =	1
Checked	126/169 Partitions, Violations =	1
Checked	132/169 Partitions, Violations =	1
Checked	138/169 Partitions, Violations =	1
Checked	144/169 Partitions, Violations =	1
Checked	150/169 Partitions, Violations =	1
Checked	156/169 Partitions, Violations =	1
Checked	162/169 Partitions, Violations =	1
Checked	168/169 Partitions, Violations =	1
[DRC CHECK] Elapsed real time: 0:00:03 
[DRC CHECK] Elapsed cpu  time: sys=0:00:00 usr=0:00:26 total=0:00:26
[DRC CHECK] Stage (MB): Used    0  Alloctr    1  Proc    0 
[DRC CHECK] Total (MB): Used  170  Alloctr  178  Proc 2946 
Warning: No antenna rules defined, Skip antenna analysis. (ZRT-309)

DRC-SUMMARY:
	@@@@@@@ TOTAL VIOLATIONS =	1
	Less than minimum area : 1


Total Wire Length =                    455957 micron
Total Number of Contacts =             192083
Total Number of Wires =                236018
Total Number of PtConns =              26604
Total Number of Routed Wires =       236014
Total Routed Wire Length =           436174 micron
Total Number of Routed Contacts =       192083
	Layer                 M1 :       1193 micron
	Layer                 M2 :     196346 micron
	Layer                 M3 :     211418 micron
	Layer                 M4 :      18955 micron
	Layer                 M5 :      22736 micron
	Layer                 M6 :       5088 micron
	Layer                 M7 :         23 micron
	Layer                 M8 :        198 micron
	Layer                 M9 :          0 micron
	Layer               MRDL :          0 micron
	Via         VIA78SQ(rot) :         12
	Via            VIA67SQ_C :          9
	Via       VIA67SQ_C(rot) :         15
	Via       VIA56SQ_C(rot) :         57
	Via              VIA56SQ :        341
	Via              VIA45SQ :       1949
	Via            VIA34SQ_C :          1
	Via       VIA34SQ_C(rot) :       6632
	Via          VIA34BAR2_C :         19
	Via              VIA34SQ :        124
	Via         VIA34SQ(rot) :        486
	Via     VIA3_34SQ_C(rot) :          3
	Via            VIA3_34SQ :          3
	Via            VIA23SQ_C :     116588
	Via       VIA23SQ_C(rot) :          3
	Via     VIA23BAR2_C(rot) :          1
	Via              VIA23SQ :         19
	Via         VIA23SQ(rot) :          3
	Via            VIA23BAR1 :          4
	Via          VIA2_33SQ_C :        106
	Via          VIA23_3SQ_C :         57
	Via        VIA2_33_3SQ_C :          2
	Via            VIA12SQ_C :         13
	Via       VIA12SQ_C(rot) :      64458
	Via     VIA12BAR2_C(rot) :          1
	Via            VIA12LG_C :          1
	Via         VIA12SQ(rot) :        302
	Via     VIA1_32SQ_C(rot) :        865
	Via     VIA12_3SQ_C(rot) :          5
	Via   VIA1_32_3SQ_C(rot) :          4

 
Redundant via conversion report:
--------------------------------

  Total optimized via conversion rate =  0.00% (0 / 192083 vias)
 
    Layer VIA1       =  0.00% (0      / 65649   vias)
        Un-optimized =  0.00% (0       vias)
        Un-mapped    = 100.00% (65649   vias)
    Layer VIA2       =  0.00% (0      / 116783  vias)
        Un-optimized =  0.00% (0       vias)
        Un-mapped    = 100.00% (116783  vias)
    Layer VIA3       =  0.00% (0      / 7268    vias)
        Un-optimized =  0.00% (0       vias)
        Un-mapped    = 100.00% (7268    vias)
    Layer VIA4       =  0.00% (0      / 1949    vias)
        Un-optimized =  0.00% (0       vias)
        Un-mapped    = 100.00% (1949    vias)
    Layer VIA5       =  0.00% (0      / 398     vias)
        Un-optimized =  0.00% (0       vias)
        Un-mapped    = 100.00% (398     vias)
    Layer VIA6       =  0.00% (0      / 24      vias)
        Un-optimized =  0.00% (0       vias)
        Un-mapped    = 100.00% (24      vias)
    Layer VIA7       =  0.00% (0      / 12      vias)
        Un-optimized =  0.00% (0       vias)
        Un-mapped    = 100.00% (12      vias)
 
  Total double via conversion rate    =  0.00% (0 / 192083 vias)
 
    Layer VIA1       =  0.00% (0      / 65649   vias)
    Layer VIA2       =  0.00% (0      / 116783  vias)
    Layer VIA3       =  0.00% (0      / 7268    vias)
    Layer VIA4       =  0.00% (0      / 1949    vias)
    Layer VIA5       =  0.00% (0      / 398     vias)
    Layer VIA6       =  0.00% (0      / 24      vias)
    Layer VIA7       =  0.00% (0      / 12      vias)
 
  The optimized via conversion rate based on total routed via count =  0.00% (0 / 192083 vias)
 
    Layer VIA1       =  0.00% (0      / 65649   vias)
        Un-optimized =  0.00% (0       vias)
        Un-mapped    = 100.00% (65649   vias)
    Layer VIA2       =  0.00% (0      / 116783  vias)
        Un-optimized =  0.00% (0       vias)
        Un-mapped    = 100.00% (116783  vias)
    Layer VIA3       =  0.00% (0      / 7268    vias)
        Un-optimized =  0.00% (0       vias)
        Un-mapped    = 100.00% (7268    vias)
    Layer VIA4       =  0.00% (0      / 1949    vias)
        Un-optimized =  0.00% (0       vias)
        Un-mapped    = 100.00% (1949    vias)
    Layer VIA5       =  0.00% (0      / 398     vias)
        Un-optimized =  0.00% (0       vias)
        Un-mapped    = 100.00% (398     vias)
    Layer VIA6       =  0.00% (0      / 24      vias)
        Un-optimized =  0.00% (0       vias)
        Un-mapped    = 100.00% (24      vias)
    Layer VIA7       =  0.00% (0      / 12      vias)
        Un-optimized =  0.00% (0       vias)
        Un-mapped    = 100.00% (12      vias)
 


Verify Summary:

Total number of nets = 26992, of which 0 are not extracted
Total number of open nets = 0, of which 0 are frozen
Total number of excluded ports = 0 ports of 0 unplaced cells connected to 0 nets
                                 0 ports without pins of 0 cells connected to 0 nets
                                 0 ports of 0 cover cells connected to 0 non-pg nets
Total number of DRCs = 1
Total number of antenna violations = no antenna rules defined
Total number of tie to rail violations = not checked
Total number of tie to rail directly violations = not checked


icc2_shell> gui_mouse_tool -window [gui_get_current_window -types Layout -mru] -start CreateShapeTool
icc2_shell> gui_mouse_tool -window [gui_get_current_window -types Layout -mru] -add_point {192.441 65.290} -scale 0.0007
icc2_shell> gui_mouse_tool -window [gui_get_current_window -types Layout -mru] -add_point {192.206 65.281} -scale 0.0007
icc2_shell> gui_mouse_tool -window [gui_get_current_window -types Layout -mru] -reset
icc2_shell> check_routes
Warning: Cell contains tie connections which are not connected to real PG. (ZRT-511)
Turn off antenna since no rule is specified
Cell Min-Routing-Layer = M1
Cell Max-Routing-Layer = M9
Warning: There is no constraint to limit maximum number of secondary power and ground (PG) pins in a cluster. (ZRT-536)
Warning: There is no constraint to limit maximum number of secondary power and ground (PG) pins in a cluster. (ZRT-536)
Warning: There is no constraint to limit maximum number of secondary power and ground (PG) pins in a cluster. (ZRT-536)
Warning: There is no constraint to limit maximum number of secondary power and ground (PG) pins in a cluster. (ZRT-536)
Warning: There is no constraint to limit maximum number of secondary power and ground (PG) pins in a cluster. (ZRT-536)
Warning: There is no constraint to limit maximum number of secondary power and ground (PG) pins in a cluster. (ZRT-536)
Warning: There is no constraint to limit maximum number of secondary power and ground (PG) pins in a cluster. (ZRT-536)
Warning: There is no constraint to limit maximum number of secondary power and ground (PG) pins in a cluster. (ZRT-536)
Warning: There is no constraint to limit maximum number of secondary power and ground (PG) pins in a cluster. (ZRT-536)
Warning: There is no constraint to limit maximum number of secondary power and ground (PG) pins in a cluster. (ZRT-536)
Warning: There is no constraint to limit maximum number of secondary power and ground (PG) pins in a cluster. (ZRT-536)
Warning: There is no constraint to limit maximum number of secondary power and ground (PG) pins in a cluster. (ZRT-536)
Warning: There is no constraint to limit maximum number of secondary power and ground (PG) pins in a cluster. (ZRT-536)
Warning: There is no constraint to limit maximum number of secondary power and ground (PG) pins in a cluster. (ZRT-536)
Warning: There is no constraint to limit maximum number of secondary power and ground (PG) pins in a cluster. (ZRT-536)
Warning: There is no constraint to limit maximum number of secondary power and ground (PG) pins in a cluster. (ZRT-536)
Warning: Ignore 2 top cell ports with no pins. (ZRT-027)
Skipping 1 internal pins that are not physical. Set route.common.verbose_level to > 0 and run routing command to get skipped pin names.
Info: number of net_type_blockage: 0 
Via on layer (VIA1) needs more than one tracks
Warning: Layer M1 pitch 0.074 may be too small: wire/via-down 0.074, wire/via-up 0.098. (ZRT-026)
Via on layer (VIA1) needs more than one tracks
Warning: Layer M2 pitch 0.060 may be too small: wire/via-down 0.098, wire/via-up 0.060. (ZRT-026)
Via on layer (VIA3) needs more than one tracks
Warning: Layer M3 pitch 0.074 may be too small: wire/via-down 0.060, wire/via-up 0.080. (ZRT-026)
Wire on layer (M4) needs more than one tracks
Via on layer (VIA3) needs more than one tracks
Via on layer (VIA4) needs more than one tracks
Warning: Layer M4 pitch 0.074 may be too small: wire/via-down 0.107, wire/via-up 0.105. (ZRT-026)
Via on layer (VIA4) needs more than one tracks
Warning: Layer M5 pitch 0.120 may be too small: wire/via-down 0.135, wire/via-up 0.107. (ZRT-026)
Via on layer (VIA8) needs more than one tracks
Warning: Layer M8 pitch 0.120 may be too small: wire/via-down 0.107, wire/via-up 0.135. (ZRT-026)
Wire on layer (M9) needs more than one tracks
Via on layer (VIA8) needs more than one tracks
Via on layer (VIARDL) needs more than one tracks
Warning: Layer M9 pitch 0.120 may be too small: wire/via-down 0.135, wire/via-up 1.570. (ZRT-026)
Via on layer (VIARDL) needs more than one tracks
Warning: Layer MRDL pitch 0.600 may be too small: wire/via-down 4.500, wire/via-up 0.600. (ZRT-026)
Transition layer name: M3(2)
Warning: Standard cell pin SAEDRVT14_BUF_PECO_12/VDD has no valid via regions. (ZRT-044)
Warning: Standard cell pin SAEDRVT14_BUF_PECO_2/VDD has no valid via regions. (ZRT-044)
Warning: Standard cell pin SAEDRVT14_BUF_PS_3/VDD has no valid via regions. (ZRT-044)
Warning: Standard cell pin SAEDRVT14_BUF_PS_6/VDD has no valid via regions. (ZRT-044)
Warning: Standard cell pin SAEDRVT14_AOBUF_IW_3/VDD has no valid via regions. (ZRT-044)
Warning: Standard cell pin SAEDRVT14_BUF_PECO_4/VDD has no valid via regions. (ZRT-044)
Warning: Standard cell pin SAEDRVT14_AOBUF_IW_6/VDD has no valid via regions. (ZRT-044)
Warning: Standard cell pin SAEDRVT14_AOI21_V1_6/B has no valid via regions. (ZRT-044)
Warning: Standard cell pin SAEDRVT14_BUF_PECO_8/VDD has no valid via regions. (ZRT-044)
Warning: Standard cell pin SAEDRVT14_OA2BB2_2/B1 has no valid via regions. (ZRT-044)
Warning: Standard cell pin SAEDRVT14_NR2_2/A1 has no valid via regions. (ZRT-044)
Warning: Standard cell pin SAEDRVT14_NR2_2/X has no valid via regions. (ZRT-044)
Warning: Standard cell pin SAEDRVT14_NR3B_4/A has no valid via regions. (ZRT-044)


Start checking for open nets ... 

Total number of nets = 26992, of which 0 are not extracted
Total number of open nets = 0, of which 0 are frozen

Check 26992 nets, 0 have Errors

[CHECK OPEN NETS] Elapsed real time: 0:00:00 
[CHECK OPEN NETS] Elapsed cpu  time: sys=0:00:00 usr=0:00:00 total=0:00:00
[CHECK OPEN NETS] Stage (MB): Used    0  Alloctr    0  Proc    0 
[CHECK OPEN NETS] Total (MB): Used  146  Alloctr  154  Proc 2946 
Printing options for 'route.common.*'
common.verbose_level                                    :	 0                   

Printing options for 'route.detail.*'
detail.antenna                                          :	 true                
detail.force_end_on_preferred_grid                      :	 true                

Printing options for 'route.auto_via_ladder.*'


Begin full DRC check ...

Information: Using 12 threads for routing. (ZRT-444)
Checked	1/169 Partitions, Violations =	0
Checked	6/169 Partitions, Violations =	0
Checked	12/169 Partitions, Violations =	0
Checked	18/169 Partitions, Violations =	0
Checked	24/169 Partitions, Violations =	1
Checked	30/169 Partitions, Violations =	1
Checked	36/169 Partitions, Violations =	1
Checked	42/169 Partitions, Violations =	1
Checked	48/169 Partitions, Violations =	1
Checked	54/169 Partitions, Violations =	1
Checked	60/169 Partitions, Violations =	1
Checked	66/169 Partitions, Violations =	1
Checked	72/169 Partitions, Violations =	1
Checked	78/169 Partitions, Violations =	1
Checked	84/169 Partitions, Violations =	1
Checked	90/169 Partitions, Violations =	1
Checked	96/169 Partitions, Violations =	1
Checked	102/169 Partitions, Violations =	1
Checked	108/169 Partitions, Violations =	1
Checked	114/169 Partitions, Violations =	1
Checked	120/169 Partitions, Violations =	1
Checked	126/169 Partitions, Violations =	1
Checked	132/169 Partitions, Violations =	1
Checked	138/169 Partitions, Violations =	1
Checked	144/169 Partitions, Violations =	1
Checked	150/169 Partitions, Violations =	1
Checked	156/169 Partitions, Violations =	1
Checked	162/169 Partitions, Violations =	1
Checked	168/169 Partitions, Violations =	1
[DRC CHECK] Elapsed real time: 0:00:03 
[DRC CHECK] Elapsed cpu  time: sys=0:00:00 usr=0:00:26 total=0:00:26
[DRC CHECK] Stage (MB): Used    0  Alloctr    1  Proc    0 
[DRC CHECK] Total (MB): Used  170  Alloctr  178  Proc 2946 
Warning: No antenna rules defined, Skip antenna analysis. (ZRT-309)

DRC-SUMMARY:
	@@@@@@@ TOTAL VIOLATIONS =	1
	Less than minimum area : 1


Total Wire Length =                    455957 micron
Total Number of Contacts =             192083
Total Number of Wires =                236019
Total Number of PtConns =              26604
Total Number of Routed Wires =       236014
Total Routed Wire Length =           436174 micron
Total Number of Routed Contacts =       192083
	Layer                 M1 :       1193 micron
	Layer                 M2 :     196346 micron
	Layer                 M3 :     211418 micron
	Layer                 M4 :      18955 micron
	Layer                 M5 :      22736 micron
	Layer                 M6 :       5088 micron
	Layer                 M7 :         23 micron
	Layer                 M8 :        198 micron
	Layer                 M9 :          0 micron
	Layer               MRDL :          0 micron
	Via         VIA78SQ(rot) :         12
	Via            VIA67SQ_C :          9
	Via       VIA67SQ_C(rot) :         15
	Via       VIA56SQ_C(rot) :         57
	Via              VIA56SQ :        341
	Via              VIA45SQ :       1949
	Via            VIA34SQ_C :          1
	Via       VIA34SQ_C(rot) :       6632
	Via          VIA34BAR2_C :         19
	Via              VIA34SQ :        124
	Via         VIA34SQ(rot) :        486
	Via     VIA3_34SQ_C(rot) :          3
	Via            VIA3_34SQ :          3
	Via            VIA23SQ_C :     116588
	Via       VIA23SQ_C(rot) :          3
	Via     VIA23BAR2_C(rot) :          1
	Via              VIA23SQ :         19
	Via         VIA23SQ(rot) :          3
	Via            VIA23BAR1 :          4
	Via          VIA2_33SQ_C :        106
	Via          VIA23_3SQ_C :         57
	Via        VIA2_33_3SQ_C :          2
	Via            VIA12SQ_C :         13
	Via       VIA12SQ_C(rot) :      64458
	Via     VIA12BAR2_C(rot) :          1
	Via            VIA12LG_C :          1
	Via         VIA12SQ(rot) :        302
	Via     VIA1_32SQ_C(rot) :        865
	Via     VIA12_3SQ_C(rot) :          5
	Via   VIA1_32_3SQ_C(rot) :          4

 
Redundant via conversion report:
--------------------------------

  Total optimized via conversion rate =  0.00% (0 / 192083 vias)
 
    Layer VIA1       =  0.00% (0      / 65649   vias)
        Un-optimized =  0.00% (0       vias)
        Un-mapped    = 100.00% (65649   vias)
    Layer VIA2       =  0.00% (0      / 116783  vias)
        Un-optimized =  0.00% (0       vias)
        Un-mapped    = 100.00% (116783  vias)
    Layer VIA3       =  0.00% (0      / 7268    vias)
        Un-optimized =  0.00% (0       vias)
        Un-mapped    = 100.00% (7268    vias)
    Layer VIA4       =  0.00% (0      / 1949    vias)
        Un-optimized =  0.00% (0       vias)
        Un-mapped    = 100.00% (1949    vias)
    Layer VIA5       =  0.00% (0      / 398     vias)
        Un-optimized =  0.00% (0       vias)
        Un-mapped    = 100.00% (398     vias)
    Layer VIA6       =  0.00% (0      / 24      vias)
        Un-optimized =  0.00% (0       vias)
        Un-mapped    = 100.00% (24      vias)
    Layer VIA7       =  0.00% (0      / 12      vias)
        Un-optimized =  0.00% (0       vias)
        Un-mapped    = 100.00% (12      vias)
 
  Total double via conversion rate    =  0.00% (0 / 192083 vias)
 
    Layer VIA1       =  0.00% (0      / 65649   vias)
    Layer VIA2       =  0.00% (0      / 116783  vias)
    Layer VIA3       =  0.00% (0      / 7268    vias)
    Layer VIA4       =  0.00% (0      / 1949    vias)
    Layer VIA5       =  0.00% (0      / 398     vias)
    Layer VIA6       =  0.00% (0      / 24      vias)
    Layer VIA7       =  0.00% (0      / 12      vias)
 
  The optimized via conversion rate based on total routed via count =  0.00% (0 / 192083 vias)
 
    Layer VIA1       =  0.00% (0      / 65649   vias)
        Un-optimized =  0.00% (0       vias)
        Un-mapped    = 100.00% (65649   vias)
    Layer VIA2       =  0.00% (0      / 116783  vias)
        Un-optimized =  0.00% (0       vias)
        Un-mapped    = 100.00% (116783  vias)
    Layer VIA3       =  0.00% (0      / 7268    vias)
        Un-optimized =  0.00% (0       vias)
        Un-mapped    = 100.00% (7268    vias)
    Layer VIA4       =  0.00% (0      / 1949    vias)
        Un-optimized =  0.00% (0       vias)
        Un-mapped    = 100.00% (1949    vias)
    Layer VIA5       =  0.00% (0      / 398     vias)
        Un-optimized =  0.00% (0       vias)
        Un-mapped    = 100.00% (398     vias)
    Layer VIA6       =  0.00% (0      / 24      vias)
        Un-optimized =  0.00% (0       vias)
        Un-mapped    = 100.00% (24      vias)
    Layer VIA7       =  0.00% (0      / 12      vias)
        Un-optimized =  0.00% (0       vias)
        Un-mapped    = 100.00% (12      vias)
 


Verify Summary:

Total number of nets = 26992, of which 0 are not extracted
Total number of open nets = 0, of which 0 are frozen
Total number of excluded ports = 0 ports of 0 unplaced cells connected to 0 nets
                                 0 ports without pins of 0 cells connected to 0 nets
                                 0 ports of 0 cover cells connected to 0 non-pg nets
Total number of DRCs = 1
Total number of antenna violations = no antenna rules defined
Total number of tie to rail violations = not checked
Total number of tie to rail directly violations = not checked


icc2_shell> gui_mouse_tool -window [gui_get_current_window -types Layout -mru] -start StretchTool
icc2_shell> gui_mouse_tool -window [gui_get_current_window -types Layout -mru] -reset
icc2_shell> gui_mouse_tool -window [gui_get_current_window -types Layout -mru] -start StretchTool
icc2_shell> gui_mouse_tool -window [gui_get_current_window -types Layout -mru] -add_point {192.214 65.286} -scale 0.0007
icc2_shell> gui_mouse_tool -window [gui_get_current_window -types Layout -mru] -add_point {192.065 65.289} -scale 0.0007
icc2_shell> gui_mouse_tool -window [gui_get_current_window -types Layout -mru] -add_point {192.047 65.289} -scale 0.0007
icc2_shell> gui_mouse_tool -window [gui_get_current_window -types Layout -mru] -reset
icc2_shell> gui_mouse_tool -window [gui_get_current_window -types Layout -mru] -reset
icc2_shell> check_routes
Warning: Cell contains tie connections which are not connected to real PG. (ZRT-511)
Turn off antenna since no rule is specified
Cell Min-Routing-Layer = M1
Cell Max-Routing-Layer = M9
Warning: There is no constraint to limit maximum number of secondary power and ground (PG) pins in a cluster. (ZRT-536)
Warning: There is no constraint to limit maximum number of secondary power and ground (PG) pins in a cluster. (ZRT-536)
Warning: There is no constraint to limit maximum number of secondary power and ground (PG) pins in a cluster. (ZRT-536)
Warning: There is no constraint to limit maximum number of secondary power and ground (PG) pins in a cluster. (ZRT-536)
Warning: There is no constraint to limit maximum number of secondary power and ground (PG) pins in a cluster. (ZRT-536)
Warning: There is no constraint to limit maximum number of secondary power and ground (PG) pins in a cluster. (ZRT-536)
Warning: There is no constraint to limit maximum number of secondary power and ground (PG) pins in a cluster. (ZRT-536)
Warning: There is no constraint to limit maximum number of secondary power and ground (PG) pins in a cluster. (ZRT-536)
Warning: There is no constraint to limit maximum number of secondary power and ground (PG) pins in a cluster. (ZRT-536)
Warning: There is no constraint to limit maximum number of secondary power and ground (PG) pins in a cluster. (ZRT-536)
Warning: There is no constraint to limit maximum number of secondary power and ground (PG) pins in a cluster. (ZRT-536)
Warning: There is no constraint to limit maximum number of secondary power and ground (PG) pins in a cluster. (ZRT-536)
Warning: There is no constraint to limit maximum number of secondary power and ground (PG) pins in a cluster. (ZRT-536)
Warning: There is no constraint to limit maximum number of secondary power and ground (PG) pins in a cluster. (ZRT-536)
Warning: There is no constraint to limit maximum number of secondary power and ground (PG) pins in a cluster. (ZRT-536)
Warning: There is no constraint to limit maximum number of secondary power and ground (PG) pins in a cluster. (ZRT-536)
Warning: Ignore 2 top cell ports with no pins. (ZRT-027)
Skipping 1 internal pins that are not physical. Set route.common.verbose_level to > 0 and run routing command to get skipped pin names.
Info: number of net_type_blockage: 0 
Via on layer (VIA1) needs more than one tracks
Warning: Layer M1 pitch 0.074 may be too small: wire/via-down 0.074, wire/via-up 0.098. (ZRT-026)
Via on layer (VIA1) needs more than one tracks
Warning: Layer M2 pitch 0.060 may be too small: wire/via-down 0.098, wire/via-up 0.060. (ZRT-026)
Via on layer (VIA3) needs more than one tracks
Warning: Layer M3 pitch 0.074 may be too small: wire/via-down 0.060, wire/via-up 0.080. (ZRT-026)
Wire on layer (M4) needs more than one tracks
Via on layer (VIA3) needs more than one tracks
Via on layer (VIA4) needs more than one tracks
Warning: Layer M4 pitch 0.074 may be too small: wire/via-down 0.107, wire/via-up 0.105. (ZRT-026)
Via on layer (VIA4) needs more than one tracks
Warning: Layer M5 pitch 0.120 may be too small: wire/via-down 0.135, wire/via-up 0.107. (ZRT-026)
Via on layer (VIA8) needs more than one tracks
Warning: Layer M8 pitch 0.120 may be too small: wire/via-down 0.107, wire/via-up 0.135. (ZRT-026)
Wire on layer (M9) needs more than one tracks
Via on layer (VIA8) needs more than one tracks
Via on layer (VIARDL) needs more than one tracks
Warning: Layer M9 pitch 0.120 may be too small: wire/via-down 0.135, wire/via-up 1.570. (ZRT-026)
Via on layer (VIARDL) needs more than one tracks
Warning: Layer MRDL pitch 0.600 may be too small: wire/via-down 4.500, wire/via-up 0.600. (ZRT-026)
Transition layer name: M3(2)
Warning: Standard cell pin SAEDRVT14_BUF_PECO_2/VDD has no valid via regions. (ZRT-044)
Warning: Standard cell pin SAEDRVT14_BUF_PECO_4/VDD has no valid via regions. (ZRT-044)
Warning: Standard cell pin SAEDRVT14_BUF_PECO_12/VDD has no valid via regions. (ZRT-044)
Warning: Standard cell pin SAEDRVT14_BUF_PS_3/VDD has no valid via regions. (ZRT-044)
Warning: Standard cell pin SAEDRVT14_BUF_PS_6/VDD has no valid via regions. (ZRT-044)
Warning: Standard cell pin SAEDRVT14_AOBUF_IW_3/VDD has no valid via regions. (ZRT-044)
Warning: Standard cell pin SAEDRVT14_AOBUF_IW_6/VDD has no valid via regions. (ZRT-044)
Warning: Standard cell pin SAEDRVT14_AOI21_V1_6/B has no valid via regions. (ZRT-044)
Warning: Standard cell pin SAEDRVT14_BUF_PECO_8/VDD has no valid via regions. (ZRT-044)
Warning: Standard cell pin SAEDRVT14_OA2BB2_2/B1 has no valid via regions. (ZRT-044)
Warning: Standard cell pin SAEDRVT14_NR2_2/A1 has no valid via regions. (ZRT-044)
Warning: Standard cell pin SAEDRVT14_NR2_2/X has no valid via regions. (ZRT-044)
Warning: Standard cell pin SAEDRVT14_NR3B_4/A has no valid via regions. (ZRT-044)


Start checking for open nets ... 

Total number of nets = 26992, of which 0 are not extracted
Total number of open nets = 0, of which 0 are frozen

Check 26992 nets, 0 have Errors

[CHECK OPEN NETS] Elapsed real time: 0:00:00 
[CHECK OPEN NETS] Elapsed cpu  time: sys=0:00:00 usr=0:00:00 total=0:00:00
[CHECK OPEN NETS] Stage (MB): Used    0  Alloctr    0  Proc    0 
[CHECK OPEN NETS] Total (MB): Used  146  Alloctr  154  Proc 2946 
Printing options for 'route.common.*'
common.verbose_level                                    :	 0                   

Printing options for 'route.detail.*'
detail.antenna                                          :	 true                
detail.force_end_on_preferred_grid                      :	 true                

Printing options for 'route.auto_via_ladder.*'


Begin full DRC check ...

Information: Using 12 threads for routing. (ZRT-444)
Checked	1/169 Partitions, Violations =	0
Checked	6/169 Partitions, Violations =	0
Checked	12/169 Partitions, Violations =	0
Checked	18/169 Partitions, Violations =	0
Checked	24/169 Partitions, Violations =	0
Checked	30/169 Partitions, Violations =	1
Checked	36/169 Partitions, Violations =	1
Checked	42/169 Partitions, Violations =	1
Checked	48/169 Partitions, Violations =	1
Checked	54/169 Partitions, Violations =	1
Checked	60/169 Partitions, Violations =	1
Checked	66/169 Partitions, Violations =	1
Checked	72/169 Partitions, Violations =	1
Checked	78/169 Partitions, Violations =	1
Checked	84/169 Partitions, Violations =	1
Checked	90/169 Partitions, Violations =	1
Checked	96/169 Partitions, Violations =	1
Checked	102/169 Partitions, Violations =	1
Checked	108/169 Partitions, Violations =	1
Checked	114/169 Partitions, Violations =	1
Checked	120/169 Partitions, Violations =	1
Checked	126/169 Partitions, Violations =	1
Checked	132/169 Partitions, Violations =	1
Checked	138/169 Partitions, Violations =	1
Checked	144/169 Partitions, Violations =	1
Checked	150/169 Partitions, Violations =	1
Checked	156/169 Partitions, Violations =	1
Checked	162/169 Partitions, Violations =	1
Checked	168/169 Partitions, Violations =	1
[DRC CHECK] Elapsed real time: 0:00:03 
[DRC CHECK] Elapsed cpu  time: sys=0:00:00 usr=0:00:26 total=0:00:26
[DRC CHECK] Stage (MB): Used    0  Alloctr    1  Proc    0 
[DRC CHECK] Total (MB): Used  170  Alloctr  178  Proc 2946 
Warning: No antenna rules defined, Skip antenna analysis. (ZRT-309)

DRC-SUMMARY:
	@@@@@@@ TOTAL VIOLATIONS =	1
	Less than minimum area : 1


Total Wire Length =                    455957 micron
Total Number of Contacts =             192083
Total Number of Wires =                236019
Total Number of PtConns =              26604
Total Number of Routed Wires =       236014
Total Routed Wire Length =           436174 micron
Total Number of Routed Contacts =       192083
	Layer                 M1 :       1193 micron
	Layer                 M2 :     196346 micron
	Layer                 M3 :     211418 micron
	Layer                 M4 :      18955 micron
	Layer                 M5 :      22736 micron
	Layer                 M6 :       5088 micron
	Layer                 M7 :         23 micron
	Layer                 M8 :        198 micron
	Layer                 M9 :          0 micron
	Layer               MRDL :          0 micron
	Via         VIA78SQ(rot) :         12
	Via            VIA67SQ_C :          9
	Via       VIA67SQ_C(rot) :         15
	Via       VIA56SQ_C(rot) :         57
	Via              VIA56SQ :        341
	Via              VIA45SQ :       1949
	Via            VIA34SQ_C :          1
	Via       VIA34SQ_C(rot) :       6632
	Via          VIA34BAR2_C :         19
	Via              VIA34SQ :        124
	Via         VIA34SQ(rot) :        486
	Via     VIA3_34SQ_C(rot) :          3
	Via            VIA3_34SQ :          3
	Via            VIA23SQ_C :     116588
	Via       VIA23SQ_C(rot) :          3
	Via     VIA23BAR2_C(rot) :          1
	Via              VIA23SQ :         19
	Via         VIA23SQ(rot) :          3
	Via            VIA23BAR1 :          4
	Via          VIA2_33SQ_C :        106
	Via          VIA23_3SQ_C :         57
	Via        VIA2_33_3SQ_C :          2
	Via            VIA12SQ_C :         13
	Via       VIA12SQ_C(rot) :      64458
	Via     VIA12BAR2_C(rot) :          1
	Via            VIA12LG_C :          1
	Via         VIA12SQ(rot) :        302
	Via     VIA1_32SQ_C(rot) :        865
	Via     VIA12_3SQ_C(rot) :          5
	Via   VIA1_32_3SQ_C(rot) :          4

 
Redundant via conversion report:
--------------------------------

  Total optimized via conversion rate =  0.00% (0 / 192083 vias)
 
    Layer VIA1       =  0.00% (0      / 65649   vias)
        Un-optimized =  0.00% (0       vias)
        Un-mapped    = 100.00% (65649   vias)
    Layer VIA2       =  0.00% (0      / 116783  vias)
        Un-optimized =  0.00% (0       vias)
        Un-mapped    = 100.00% (116783  vias)
    Layer VIA3       =  0.00% (0      / 7268    vias)
        Un-optimized =  0.00% (0       vias)
        Un-mapped    = 100.00% (7268    vias)
    Layer VIA4       =  0.00% (0      / 1949    vias)
        Un-optimized =  0.00% (0       vias)
        Un-mapped    = 100.00% (1949    vias)
    Layer VIA5       =  0.00% (0      / 398     vias)
        Un-optimized =  0.00% (0       vias)
        Un-mapped    = 100.00% (398     vias)
    Layer VIA6       =  0.00% (0      / 24      vias)
        Un-optimized =  0.00% (0       vias)
        Un-mapped    = 100.00% (24      vias)
    Layer VIA7       =  0.00% (0      / 12      vias)
        Un-optimized =  0.00% (0       vias)
        Un-mapped    = 100.00% (12      vias)
 
  Total double via conversion rate    =  0.00% (0 / 192083 vias)
 
    Layer VIA1       =  0.00% (0      / 65649   vias)
    Layer VIA2       =  0.00% (0      / 116783  vias)
    Layer VIA3       =  0.00% (0      / 7268    vias)
    Layer VIA4       =  0.00% (0      / 1949    vias)
    Layer VIA5       =  0.00% (0      / 398     vias)
    Layer VIA6       =  0.00% (0      / 24      vias)
    Layer VIA7       =  0.00% (0      / 12      vias)
 
  The optimized via conversion rate based on total routed via count =  0.00% (0 / 192083 vias)
 
    Layer VIA1       =  0.00% (0      / 65649   vias)
        Un-optimized =  0.00% (0       vias)
        Un-mapped    = 100.00% (65649   vias)
    Layer VIA2       =  0.00% (0      / 116783  vias)
        Un-optimized =  0.00% (0       vias)
        Un-mapped    = 100.00% (116783  vias)
    Layer VIA3       =  0.00% (0      / 7268    vias)
        Un-optimized =  0.00% (0       vias)
        Un-mapped    = 100.00% (7268    vias)
    Layer VIA4       =  0.00% (0      / 1949    vias)
        Un-optimized =  0.00% (0       vias)
        Un-mapped    = 100.00% (1949    vias)
    Layer VIA5       =  0.00% (0      / 398     vias)
        Un-optimized =  0.00% (0       vias)
        Un-mapped    = 100.00% (398     vias)
    Layer VIA6       =  0.00% (0      / 24      vias)
        Un-optimized =  0.00% (0       vias)
        Un-mapped    = 100.00% (24      vias)
    Layer VIA7       =  0.00% (0      / 12      vias)
        Un-optimized =  0.00% (0       vias)
        Un-mapped    = 100.00% (12      vias)
 


Verify Summary:

Total number of nets = 26992, of which 0 are not extracted
Total number of open nets = 0, of which 0 are frozen
Total number of excluded ports = 0 ports of 0 unplaced cells connected to 0 nets
                                 0 ports without pins of 0 cells connected to 0 nets
                                 0 ports of 0 cover cells connected to 0 non-pg nets
Total number of DRCs = 1
Total number of antenna violations = no antenna rules defined
Total number of tie to rail violations = not checked
Total number of tie to rail directly violations = not checked


icc2_shell> gui_mouse_tool -window [gui_get_current_window -types Layout -mru] -start CreateShapeTool
icc2_shell> gui_set_mouse_tool_option -tool CreateShapeTool -option {net} -value {core_i/if_stage_i/n238}
icc2_shell> gui_set_mouse_tool_option -tool CreateShapeTool -option {layer} -value {M2}
icc2_shell> gui_mouse_tool -window [gui_get_current_window -types Layout -mru] -add_point {192.045 65.286} -scale 0.0007
icc2_shell> gui_mouse_tool -window [gui_get_current_window -types Layout -mru] -reset
icc2_shell> gui_set_mouse_tool_option -tool CreateShapeTool -option {layer} -value {M3}
icc2_shell> gui_set_mouse_tool_option -tool CreateShapeTool -option {autoLayer} -value {false}
icc2_shell> gui_mouse_tool -window [gui_get_current_window -types Layout -mru] -add_point {192.052 65.288} -scale 0.0007
icc2_shell> gui_mouse_tool -window [gui_get_current_window -types Layout -mru] -add_point {192.060 65.539} -scale 0.0007
icc2_shell> gui_mouse_tool -window [gui_get_current_window -types Layout -mru] -add_point {192.050 65.545} -scale 0.0007
icc2_shell> gui_mouse_tool -window [gui_get_current_window -types Layout -mru] -add_point {192.280 65.534} -scale 0.0007
icc2_shell> gui_mouse_tool -window [gui_get_current_window -types Layout -mru] -reset
icc2_shell> check_routes
Warning: Cell contains tie connections which are not connected to real PG. (ZRT-511)
Turn off antenna since no rule is specified
Cell Min-Routing-Layer = M1
Cell Max-Routing-Layer = M9
Warning: There is no constraint to limit maximum number of secondary power and ground (PG) pins in a cluster. (ZRT-536)
Warning: There is no constraint to limit maximum number of secondary power and ground (PG) pins in a cluster. (ZRT-536)
Warning: There is no constraint to limit maximum number of secondary power and ground (PG) pins in a cluster. (ZRT-536)
Warning: There is no constraint to limit maximum number of secondary power and ground (PG) pins in a cluster. (ZRT-536)
Warning: There is no constraint to limit maximum number of secondary power and ground (PG) pins in a cluster. (ZRT-536)
Warning: There is no constraint to limit maximum number of secondary power and ground (PG) pins in a cluster. (ZRT-536)
Warning: There is no constraint to limit maximum number of secondary power and ground (PG) pins in a cluster. (ZRT-536)
Warning: There is no constraint to limit maximum number of secondary power and ground (PG) pins in a cluster. (ZRT-536)
Warning: There is no constraint to limit maximum number of secondary power and ground (PG) pins in a cluster. (ZRT-536)
Warning: There is no constraint to limit maximum number of secondary power and ground (PG) pins in a cluster. (ZRT-536)
Warning: There is no constraint to limit maximum number of secondary power and ground (PG) pins in a cluster. (ZRT-536)
Warning: There is no constraint to limit maximum number of secondary power and ground (PG) pins in a cluster. (ZRT-536)
Warning: There is no constraint to limit maximum number of secondary power and ground (PG) pins in a cluster. (ZRT-536)
Warning: There is no constraint to limit maximum number of secondary power and ground (PG) pins in a cluster. (ZRT-536)
Warning: There is no constraint to limit maximum number of secondary power and ground (PG) pins in a cluster. (ZRT-536)
Warning: There is no constraint to limit maximum number of secondary power and ground (PG) pins in a cluster. (ZRT-536)
Warning: Ignore 2 top cell ports with no pins. (ZRT-027)
Skipping 1 internal pins that are not physical. Set route.common.verbose_level to > 0 and run routing command to get skipped pin names.
Info: number of net_type_blockage: 0 
Via on layer (VIA1) needs more than one tracks
Warning: Layer M1 pitch 0.074 may be too small: wire/via-down 0.074, wire/via-up 0.098. (ZRT-026)
Via on layer (VIA1) needs more than one tracks
Warning: Layer M2 pitch 0.060 may be too small: wire/via-down 0.098, wire/via-up 0.060. (ZRT-026)
Via on layer (VIA3) needs more than one tracks
Warning: Layer M3 pitch 0.074 may be too small: wire/via-down 0.060, wire/via-up 0.080. (ZRT-026)
Wire on layer (M4) needs more than one tracks
Via on layer (VIA3) needs more than one tracks
Via on layer (VIA4) needs more than one tracks
Warning: Layer M4 pitch 0.074 may be too small: wire/via-down 0.107, wire/via-up 0.105. (ZRT-026)
Via on layer (VIA4) needs more than one tracks
Warning: Layer M5 pitch 0.120 may be too small: wire/via-down 0.135, wire/via-up 0.107. (ZRT-026)
Via on layer (VIA8) needs more than one tracks
Warning: Layer M8 pitch 0.120 may be too small: wire/via-down 0.107, wire/via-up 0.135. (ZRT-026)
Wire on layer (M9) needs more than one tracks
Via on layer (VIA8) needs more than one tracks
Via on layer (VIARDL) needs more than one tracks
Warning: Layer M9 pitch 0.120 may be too small: wire/via-down 0.135, wire/via-up 1.570. (ZRT-026)
Via on layer (VIARDL) needs more than one tracks
Warning: Layer MRDL pitch 0.600 may be too small: wire/via-down 4.500, wire/via-up 0.600. (ZRT-026)
Transition layer name: M3(2)
Warning: Standard cell pin SAEDRVT14_BUF_PECO_12/VDD has no valid via regions. (ZRT-044)
Warning: Standard cell pin SAEDRVT14_BUF_PECO_2/VDD has no valid via regions. (ZRT-044)
Warning: Standard cell pin SAEDRVT14_BUF_PECO_4/VDD has no valid via regions. (ZRT-044)
Warning: Standard cell pin SAEDRVT14_BUF_PS_3/VDD has no valid via regions. (ZRT-044)
Warning: Standard cell pin SAEDRVT14_BUF_PS_6/VDD has no valid via regions. (ZRT-044)
Warning: Standard cell pin SAEDRVT14_AOBUF_IW_3/VDD has no valid via regions. (ZRT-044)
Warning: Standard cell pin SAEDRVT14_AOBUF_IW_6/VDD has no valid via regions. (ZRT-044)
Warning: Standard cell pin SAEDRVT14_BUF_PECO_8/VDD has no valid via regions. (ZRT-044)
Warning: Standard cell pin SAEDRVT14_AOI21_V1_6/B has no valid via regions. (ZRT-044)
Warning: Standard cell pin SAEDRVT14_OA2BB2_2/B1 has no valid via regions. (ZRT-044)
Warning: Standard cell pin SAEDRVT14_NR2_2/A1 has no valid via regions. (ZRT-044)
Warning: Standard cell pin SAEDRVT14_NR2_2/X has no valid via regions. (ZRT-044)
Warning: Standard cell pin SAEDRVT14_NR3B_4/A has no valid via regions. (ZRT-044)


Start checking for open nets ... 

Total number of nets = 26992, of which 0 are not extracted
Total number of open nets = 0, of which 0 are frozen

Check 26992 nets, 0 have Errors

[CHECK OPEN NETS] Elapsed real time: 0:00:00 
[CHECK OPEN NETS] Elapsed cpu  time: sys=0:00:00 usr=0:00:00 total=0:00:00
[CHECK OPEN NETS] Stage (MB): Used    0  Alloctr    0  Proc    0 
[CHECK OPEN NETS] Total (MB): Used  146  Alloctr  153  Proc 2946 
Printing options for 'route.common.*'
common.verbose_level                                    :	 0                   

Printing options for 'route.detail.*'
detail.antenna                                          :	 true                
detail.force_end_on_preferred_grid                      :	 true                

Printing options for 'route.auto_via_ladder.*'


Begin full DRC check ...

Information: Using 12 threads for routing. (ZRT-444)
Checked	1/169 Partitions, Violations =	0
Checked	6/169 Partitions, Violations =	0
Checked	12/169 Partitions, Violations =	0
Checked	18/169 Partitions, Violations =	0
Checked	24/169 Partitions, Violations =	0
Checked	30/169 Partitions, Violations =	1
Checked	36/169 Partitions, Violations =	1
Checked	42/169 Partitions, Violations =	1
Checked	48/169 Partitions, Violations =	1
Checked	54/169 Partitions, Violations =	1
Checked	60/169 Partitions, Violations =	1
Checked	66/169 Partitions, Violations =	1
Checked	72/169 Partitions, Violations =	1
Checked	78/169 Partitions, Violations =	1
Checked	84/169 Partitions, Violations =	1
Checked	90/169 Partitions, Violations =	1
Checked	96/169 Partitions, Violations =	1
Checked	102/169 Partitions, Violations =	1
Checked	108/169 Partitions, Violations =	1
Checked	114/169 Partitions, Violations =	1
Checked	120/169 Partitions, Violations =	1
Checked	126/169 Partitions, Violations =	1
Checked	132/169 Partitions, Violations =	1
Checked	138/169 Partitions, Violations =	1
Checked	144/169 Partitions, Violations =	1
Checked	150/169 Partitions, Violations =	1
Checked	156/169 Partitions, Violations =	1
Checked	162/169 Partitions, Violations =	1
Checked	168/169 Partitions, Violations =	1
[DRC CHECK] Elapsed real time: 0:00:03 
[DRC CHECK] Elapsed cpu  time: sys=0:00:00 usr=0:00:25 total=0:00:25
[DRC CHECK] Stage (MB): Used    0  Alloctr    1  Proc    0 
[DRC CHECK] Total (MB): Used  170  Alloctr  178  Proc 2946 
Warning: No antenna rules defined, Skip antenna analysis. (ZRT-309)

DRC-SUMMARY:
	@@@@@@@ TOTAL VIOLATIONS =	1
	Less than minimum area : 1


Total Wire Length =                    455958 micron
Total Number of Contacts =             192083
Total Number of Wires =                236021
Total Number of PtConns =              26604
Total Number of Routed Wires =       236014
Total Routed Wire Length =           436174 micron
Total Number of Routed Contacts =       192083
	Layer                 M1 :       1193 micron
	Layer                 M2 :     196346 micron
	Layer                 M3 :     211418 micron
	Layer                 M4 :      18955 micron
	Layer                 M5 :      22736 micron
	Layer                 M6 :       5088 micron
	Layer                 M7 :         23 micron
	Layer                 M8 :        198 micron
	Layer                 M9 :          0 micron
	Layer               MRDL :          0 micron
	Via         VIA78SQ(rot) :         12
	Via            VIA67SQ_C :          9
	Via       VIA67SQ_C(rot) :         15
	Via       VIA56SQ_C(rot) :         57
	Via              VIA56SQ :        341
	Via              VIA45SQ :       1949
	Via            VIA34SQ_C :          1
	Via       VIA34SQ_C(rot) :       6632
	Via          VIA34BAR2_C :         19
	Via              VIA34SQ :        124
	Via         VIA34SQ(rot) :        486
	Via     VIA3_34SQ_C(rot) :          3
	Via            VIA3_34SQ :          3
	Via            VIA23SQ_C :     116588
	Via       VIA23SQ_C(rot) :          3
	Via     VIA23BAR2_C(rot) :          1
	Via              VIA23SQ :         19
	Via         VIA23SQ(rot) :          3
	Via            VIA23BAR1 :          4
	Via          VIA2_33SQ_C :        106
	Via          VIA23_3SQ_C :         57
	Via        VIA2_33_3SQ_C :          2
	Via            VIA12SQ_C :         13
	Via       VIA12SQ_C(rot) :      64458
	Via     VIA12BAR2_C(rot) :          1
	Via            VIA12LG_C :          1
	Via         VIA12SQ(rot) :        302
	Via     VIA1_32SQ_C(rot) :        865
	Via     VIA12_3SQ_C(rot) :          5
	Via   VIA1_32_3SQ_C(rot) :          4

 
Redundant via conversion report:
--------------------------------

  Total optimized via conversion rate =  0.00% (0 / 192083 vias)
 
    Layer VIA1       =  0.00% (0      / 65649   vias)
        Un-optimized =  0.00% (0       vias)
        Un-mapped    = 100.00% (65649   vias)
    Layer VIA2       =  0.00% (0      / 116783  vias)
        Un-optimized =  0.00% (0       vias)
        Un-mapped    = 100.00% (116783  vias)
    Layer VIA3       =  0.00% (0      / 7268    vias)
        Un-optimized =  0.00% (0       vias)
        Un-mapped    = 100.00% (7268    vias)
    Layer VIA4       =  0.00% (0      / 1949    vias)
        Un-optimized =  0.00% (0       vias)
        Un-mapped    = 100.00% (1949    vias)
    Layer VIA5       =  0.00% (0      / 398     vias)
        Un-optimized =  0.00% (0       vias)
        Un-mapped    = 100.00% (398     vias)
    Layer VIA6       =  0.00% (0      / 24      vias)
        Un-optimized =  0.00% (0       vias)
        Un-mapped    = 100.00% (24      vias)
    Layer VIA7       =  0.00% (0      / 12      vias)
        Un-optimized =  0.00% (0       vias)
        Un-mapped    = 100.00% (12      vias)
 
  Total double via conversion rate    =  0.00% (0 / 192083 vias)
 
    Layer VIA1       =  0.00% (0      / 65649   vias)
    Layer VIA2       =  0.00% (0      / 116783  vias)
    Layer VIA3       =  0.00% (0      / 7268    vias)
    Layer VIA4       =  0.00% (0      / 1949    vias)
    Layer VIA5       =  0.00% (0      / 398     vias)
    Layer VIA6       =  0.00% (0      / 24      vias)
    Layer VIA7       =  0.00% (0      / 12      vias)
 
  The optimized via conversion rate based on total routed via count =  0.00% (0 / 192083 vias)
 
    Layer VIA1       =  0.00% (0      / 65649   vias)
        Un-optimized =  0.00% (0       vias)
        Un-mapped    = 100.00% (65649   vias)
    Layer VIA2       =  0.00% (0      / 116783  vias)
        Un-optimized =  0.00% (0       vias)
        Un-mapped    = 100.00% (116783  vias)
    Layer VIA3       =  0.00% (0      / 7268    vias)
        Un-optimized =  0.00% (0       vias)
        Un-mapped    = 100.00% (7268    vias)
    Layer VIA4       =  0.00% (0      / 1949    vias)
        Un-optimized =  0.00% (0       vias)
        Un-mapped    = 100.00% (1949    vias)
    Layer VIA5       =  0.00% (0      / 398     vias)
        Un-optimized =  0.00% (0       vias)
        Un-mapped    = 100.00% (398     vias)
    Layer VIA6       =  0.00% (0      / 24      vias)
        Un-optimized =  0.00% (0       vias)
        Un-mapped    = 100.00% (24      vias)
    Layer VIA7       =  0.00% (0      / 12      vias)
        Un-optimized =  0.00% (0       vias)
        Un-mapped    = 100.00% (12      vias)
 


Verify Summary:

Total number of nets = 26992, of which 0 are not extracted
Total number of open nets = 0, of which 0 are frozen
Total number of excluded ports = 0 ports of 0 unplaced cells connected to 0 nets
                                 0 ports without pins of 0 cells connected to 0 nets
                                 0 ports of 0 cover cells connected to 0 non-pg nets
Total number of DRCs = 1
Total number of antenna violations = no antenna rules defined
Total number of tie to rail violations = not checked
Total number of tie to rail directly violations = not checked


icc2_shell> remove_physical_objects
icc2_shell> remove_physical_objects
icc2_shell> remove_physical_objects
icc2_shell> remove_physical_objects
icc2_shell> gui_mouse_tool -window [gui_get_current_window -types Layout -mru] -start CreateShapeTool
icc2_shell> gui_set_mouse_tool_option -tool CreateShapeTool -option {inputType} -value {Rectangle}
icc2_shell> gui_mouse_tool -window [gui_get_current_window -types Layout -mru] -add_point {192.323 65.526} -scale 0.0007
icc2_shell> gui_mouse_tool -window [gui_get_current_window -types Layout -mru] -add_point {192.598 65.256} -scale 0.0007
icc2_shell> gui_mouse_tool -window [gui_get_current_window -types Layout -mru] -reset
icc2_shell> check_routes
Warning: Cell contains tie connections which are not connected to real PG. (ZRT-511)
Turn off antenna since no rule is specified
Cell Min-Routing-Layer = M1
Cell Max-Routing-Layer = M9
Warning: There is no constraint to limit maximum number of secondary power and ground (PG) pins in a cluster. (ZRT-536)
Warning: There is no constraint to limit maximum number of secondary power and ground (PG) pins in a cluster. (ZRT-536)
Warning: There is no constraint to limit maximum number of secondary power and ground (PG) pins in a cluster. (ZRT-536)
Warning: There is no constraint to limit maximum number of secondary power and ground (PG) pins in a cluster. (ZRT-536)
Warning: There is no constraint to limit maximum number of secondary power and ground (PG) pins in a cluster. (ZRT-536)
Warning: There is no constraint to limit maximum number of secondary power and ground (PG) pins in a cluster. (ZRT-536)
Warning: There is no constraint to limit maximum number of secondary power and ground (PG) pins in a cluster. (ZRT-536)
Warning: There is no constraint to limit maximum number of secondary power and ground (PG) pins in a cluster. (ZRT-536)
Warning: There is no constraint to limit maximum number of secondary power and ground (PG) pins in a cluster. (ZRT-536)
Warning: There is no constraint to limit maximum number of secondary power and ground (PG) pins in a cluster. (ZRT-536)
Warning: There is no constraint to limit maximum number of secondary power and ground (PG) pins in a cluster. (ZRT-536)
Warning: There is no constraint to limit maximum number of secondary power and ground (PG) pins in a cluster. (ZRT-536)
Warning: There is no constraint to limit maximum number of secondary power and ground (PG) pins in a cluster. (ZRT-536)
Warning: There is no constraint to limit maximum number of secondary power and ground (PG) pins in a cluster. (ZRT-536)
Warning: There is no constraint to limit maximum number of secondary power and ground (PG) pins in a cluster. (ZRT-536)
Warning: There is no constraint to limit maximum number of secondary power and ground (PG) pins in a cluster. (ZRT-536)
Warning: Ignore 2 top cell ports with no pins. (ZRT-027)
Skipping 1 internal pins that are not physical. Set route.common.verbose_level to > 0 and run routing command to get skipped pin names.
Info: number of net_type_blockage: 0 
Via on layer (VIA1) needs more than one tracks
Warning: Layer M1 pitch 0.074 may be too small: wire/via-down 0.074, wire/via-up 0.098. (ZRT-026)
Via on layer (VIA1) needs more than one tracks
Warning: Layer M2 pitch 0.060 may be too small: wire/via-down 0.098, wire/via-up 0.060. (ZRT-026)
Via on layer (VIA3) needs more than one tracks
Warning: Layer M3 pitch 0.074 may be too small: wire/via-down 0.060, wire/via-up 0.080. (ZRT-026)
Wire on layer (M4) needs more than one tracks
Via on layer (VIA3) needs more than one tracks
Via on layer (VIA4) needs more than one tracks
Warning: Layer M4 pitch 0.074 may be too small: wire/via-down 0.107, wire/via-up 0.105. (ZRT-026)
Via on layer (VIA4) needs more than one tracks
Warning: Layer M5 pitch 0.120 may be too small: wire/via-down 0.135, wire/via-up 0.107. (ZRT-026)
Via on layer (VIA8) needs more than one tracks
Warning: Layer M8 pitch 0.120 may be too small: wire/via-down 0.107, wire/via-up 0.135. (ZRT-026)
Wire on layer (M9) needs more than one tracks
Via on layer (VIA8) needs more than one tracks
Via on layer (VIARDL) needs more than one tracks
Warning: Layer M9 pitch 0.120 may be too small: wire/via-down 0.135, wire/via-up 1.570. (ZRT-026)
Via on layer (VIARDL) needs more than one tracks
Warning: Layer MRDL pitch 0.600 may be too small: wire/via-down 4.500, wire/via-up 0.600. (ZRT-026)
Transition layer name: M3(2)
Warning: Standard cell pin SAEDRVT14_BUF_PECO_12/VDD has no valid via regions. (ZRT-044)
Warning: Standard cell pin SAEDRVT14_BUF_PECO_2/VDD has no valid via regions. (ZRT-044)
Warning: Standard cell pin SAEDRVT14_BUF_PS_3/VDD has no valid via regions. (ZRT-044)
Warning: Standard cell pin SAEDRVT14_BUF_PS_6/VDD has no valid via regions. (ZRT-044)
Warning: Standard cell pin SAEDRVT14_BUF_PECO_4/VDD has no valid via regions. (ZRT-044)
Warning: Standard cell pin SAEDRVT14_AOBUF_IW_3/VDD has no valid via regions. (ZRT-044)
Warning: Standard cell pin SAEDRVT14_AOBUF_IW_6/VDD has no valid via regions. (ZRT-044)
Warning: Standard cell pin SAEDRVT14_BUF_PECO_8/VDD has no valid via regions. (ZRT-044)
Warning: Standard cell pin SAEDRVT14_AOI21_V1_6/B has no valid via regions. (ZRT-044)
Warning: Standard cell pin SAEDRVT14_NR2_2/A1 has no valid via regions. (ZRT-044)
Warning: Standard cell pin SAEDRVT14_NR2_2/X has no valid via regions. (ZRT-044)
Warning: Standard cell pin SAEDRVT14_OA2BB2_2/B1 has no valid via regions. (ZRT-044)
Warning: Standard cell pin SAEDRVT14_NR3B_4/A has no valid via regions. (ZRT-044)


Start checking for open nets ... 

Total number of nets = 26992, of which 0 are not extracted
Total number of open nets = 0, of which 0 are frozen

Check 26992 nets, 0 have Errors

[CHECK OPEN NETS] Elapsed real time: 0:00:00 
[CHECK OPEN NETS] Elapsed cpu  time: sys=0:00:00 usr=0:00:00 total=0:00:00
[CHECK OPEN NETS] Stage (MB): Used    0  Alloctr    0  Proc    0 
[CHECK OPEN NETS] Total (MB): Used  146  Alloctr  154  Proc 2946 
Printing options for 'route.common.*'
common.verbose_level                                    :	 0                   

Printing options for 'route.detail.*'
detail.antenna                                          :	 true                
detail.force_end_on_preferred_grid                      :	 true                

Printing options for 'route.auto_via_ladder.*'


Begin full DRC check ...

Information: Using 12 threads for routing. (ZRT-444)
Checked	1/169 Partitions, Violations =	0
Checked	6/169 Partitions, Violations =	0
Checked	12/169 Partitions, Violations =	0
Checked	18/169 Partitions, Violations =	0
Checked	24/169 Partitions, Violations =	4
Checked	30/169 Partitions, Violations =	4
Checked	36/169 Partitions, Violations =	4
Checked	42/169 Partitions, Violations =	4
Checked	48/169 Partitions, Violations =	4
Checked	54/169 Partitions, Violations =	4
Checked	60/169 Partitions, Violations =	4
Checked	66/169 Partitions, Violations =	4
Checked	72/169 Partitions, Violations =	4
Checked	78/169 Partitions, Violations =	4
Checked	84/169 Partitions, Violations =	4
Checked	90/169 Partitions, Violations =	4
Checked	96/169 Partitions, Violations =	4
Checked	102/169 Partitions, Violations =	4
Checked	108/169 Partitions, Violations =	4
Checked	114/169 Partitions, Violations =	4
Checked	120/169 Partitions, Violations =	4
Checked	126/169 Partitions, Violations =	4
Checked	132/169 Partitions, Violations =	4
Checked	138/169 Partitions, Violations =	4
Checked	144/169 Partitions, Violations =	4
Checked	150/169 Partitions, Violations =	4
Checked	156/169 Partitions, Violations =	4
Checked	162/169 Partitions, Violations =	4
Checked	168/169 Partitions, Violations =	4
[DRC CHECK] Elapsed real time: 0:00:03 
[DRC CHECK] Elapsed cpu  time: sys=0:00:00 usr=0:00:26 total=0:00:26
[DRC CHECK] Stage (MB): Used    0  Alloctr    1  Proc    0 
[DRC CHECK] Total (MB): Used  170  Alloctr  178  Proc 2946 
Warning: No antenna rules defined, Skip antenna analysis. (ZRT-309)

DRC-SUMMARY:
	@@@@@@@ TOTAL VIOLATIONS =	4
	Less than minimum area : 1
	Less than minimum width : 1
	Short : 2


Total Wire Length =                    455957 micron
Total Number of Contacts =             192083
Total Number of Wires =                236018
Total Number of PtConns =              26602
Total Number of Routed Wires =       236014
Total Routed Wire Length =           436174 micron
Total Number of Routed Contacts =       192083
	Layer                 M1 :       1193 micron
	Layer                 M2 :     196346 micron
	Layer                 M3 :     211417 micron
	Layer                 M4 :      18955 micron
	Layer                 M5 :      22736 micron
	Layer                 M6 :       5088 micron
	Layer                 M7 :         23 micron
	Layer                 M8 :        198 micron
	Layer                 M9 :          0 micron
	Layer               MRDL :          0 micron
	Via         VIA78SQ(rot) :         12
	Via            VIA67SQ_C :          9
	Via       VIA67SQ_C(rot) :         15
	Via       VIA56SQ_C(rot) :         57
	Via              VIA56SQ :        341
	Via              VIA45SQ :       1949
	Via            VIA34SQ_C :          1
	Via       VIA34SQ_C(rot) :       6632
	Via          VIA34BAR2_C :         19
	Via              VIA34SQ :        124
	Via         VIA34SQ(rot) :        486
	Via     VIA3_34SQ_C(rot) :          3
	Via            VIA3_34SQ :          3
	Via            VIA23SQ_C :     116588
	Via       VIA23SQ_C(rot) :          3
	Via     VIA23BAR2_C(rot) :          1
	Via              VIA23SQ :         19
	Via         VIA23SQ(rot) :          3
	Via            VIA23BAR1 :          4
	Via          VIA2_33SQ_C :        106
	Via          VIA23_3SQ_C :         57
	Via        VIA2_33_3SQ_C :          2
	Via            VIA12SQ_C :         13
	Via       VIA12SQ_C(rot) :      64458
	Via     VIA12BAR2_C(rot) :          1
	Via            VIA12LG_C :          1
	Via         VIA12SQ(rot) :        302
	Via     VIA1_32SQ_C(rot) :        865
	Via     VIA12_3SQ_C(rot) :          5
	Via   VIA1_32_3SQ_C(rot) :          4

 
Redundant via conversion report:
--------------------------------

  Total optimized via conversion rate =  0.00% (0 / 192083 vias)
 
    Layer VIA1       =  0.00% (0      / 65649   vias)
        Un-optimized =  0.00% (0       vias)
        Un-mapped    = 100.00% (65649   vias)
    Layer VIA2       =  0.00% (0      / 116783  vias)
        Un-optimized =  0.00% (0       vias)
        Un-mapped    = 100.00% (116783  vias)
    Layer VIA3       =  0.00% (0      / 7268    vias)
        Un-optimized =  0.00% (0       vias)
        Un-mapped    = 100.00% (7268    vias)
    Layer VIA4       =  0.00% (0      / 1949    vias)
        Un-optimized =  0.00% (0       vias)
        Un-mapped    = 100.00% (1949    vias)
    Layer VIA5       =  0.00% (0      / 398     vias)
        Un-optimized =  0.00% (0       vias)
        Un-mapped    = 100.00% (398     vias)
    Layer VIA6       =  0.00% (0      / 24      vias)
        Un-optimized =  0.00% (0       vias)
        Un-mapped    = 100.00% (24      vias)
    Layer VIA7       =  0.00% (0      / 12      vias)
        Un-optimized =  0.00% (0       vias)
        Un-mapped    = 100.00% (12      vias)
 
  Total double via conversion rate    =  0.00% (0 / 192083 vias)
 
    Layer VIA1       =  0.00% (0      / 65649   vias)
    Layer VIA2       =  0.00% (0      / 116783  vias)
    Layer VIA3       =  0.00% (0      / 7268    vias)
    Layer VIA4       =  0.00% (0      / 1949    vias)
    Layer VIA5       =  0.00% (0      / 398     vias)
    Layer VIA6       =  0.00% (0      / 24      vias)
    Layer VIA7       =  0.00% (0      / 12      vias)
 
  The optimized via conversion rate based on total routed via count =  0.00% (0 / 192083 vias)
 
    Layer VIA1       =  0.00% (0      / 65649   vias)
        Un-optimized =  0.00% (0       vias)
        Un-mapped    = 100.00% (65649   vias)
    Layer VIA2       =  0.00% (0      / 116783  vias)
        Un-optimized =  0.00% (0       vias)
        Un-mapped    = 100.00% (116783  vias)
    Layer VIA3       =  0.00% (0      / 7268    vias)
        Un-optimized =  0.00% (0       vias)
        Un-mapped    = 100.00% (7268    vias)
    Layer VIA4       =  0.00% (0      / 1949    vias)
        Un-optimized =  0.00% (0       vias)
        Un-mapped    = 100.00% (1949    vias)
    Layer VIA5       =  0.00% (0      / 398     vias)
        Un-optimized =  0.00% (0       vias)
        Un-mapped    = 100.00% (398     vias)
    Layer VIA6       =  0.00% (0      / 24      vias)
        Un-optimized =  0.00% (0       vias)
        Un-mapped    = 100.00% (24      vias)
    Layer VIA7       =  0.00% (0      / 12      vias)
        Un-optimized =  0.00% (0       vias)
        Un-mapped    = 100.00% (12      vias)
 


Verify Summary:

Total number of nets = 26992, of which 0 are not extracted
Total number of open nets = 0, of which 0 are frozen
Total number of excluded ports = 0 ports of 0 unplaced cells connected to 0 nets
                                 0 ports without pins of 0 cells connected to 0 nets
                                 0 ports of 0 cover cells connected to 0 non-pg nets
Total number of DRCs = 4
Total number of antenna violations = no antenna rules defined
Total number of tie to rail violations = not checked
Total number of tie to rail directly violations = not checked


icc2_shell> remove_physical_objects
icc2_shell> gui_mouse_tool -window [gui_get_current_window -types Layout -mru] -start CreateRouteTool
gui_set_mouse_tool_option -tool CreateRouteTool -option {HorizontalWidth} -value {0.034}
icc2_shell> gui_set_mouse_tool_option -tool CreateRouteTool -option {HorizontalPitch} -value {0.06}
icc2_shell> gui_set_mouse_tool_option -tool CreateRouteTool -option {VerticalWidth} -value {0.034}
icc2_shell> gui_set_mouse_tool_option -tool CreateRouteTool -option {VerticalPitch} -value {0.074}
icc2_shell> icc2_shell> gui_mouse_tool -window [gui_get_current_window -types Layout -mru] -add_point {192.288 65.456} -scale 0.0005
icc2_shell> gui_set_mouse_tool_option -tool CreateRouteTool -option {BundleOrNetNames} -value {clk_i}
icc2_shell> gui_set_mouse_tool_option -tool CreateRouteTool -option {AutoNet} -value {false}
icc2_shell> gui_set_mouse_tool_option -tool CreateRouteTool -option {VerticalLayer} -value {M3}
icc2_shell> gui_set_mouse_tool_option -tool CreateRouteTool -option {AutoLayer} -value {false}
icc2_shell> gui_mouse_tool -window [gui_get_current_window -types Layout -mru] -add_point {192.297 65.455} -scale 0.0005
icc2_shell> gui_mouse_tool -window [gui_get_current_window -types Layout -mru] -reset
icc2_shell> gui_mouse_tool -window [gui_get_current_window -types Layout -mru] -add_point {192.436 65.296} -scale 0.001
icc2_shell> gui_mouse_tool -window [gui_get_current_window -types Layout -mru] -add_point {192.431 65.587} -scale 0.001
icc2_shell> 
Segmentation fault encountered.

Detailed stack trace :
---------------------------------
Thread 31 (Thread 0x7ff87d390700 (LWP 102828)):
#0  0x00007ff88df53a33 in select () from /lib64/libc.so.6
#1  0x00000000160d8426 in SNPSee_554ec7c90557bab679d871cd58526530 ()
#2  0x0000000015430aa1 in SNPSee_d9c72da67e7a1f57e9891545cd875e2719332304182309de ()
#3  0x00007ff89a298ea5 in start_thread () from /lib64/libpthread.so.0
#4  0x00007ff88df5c9fd in clone () from /lib64/libc.so.6
Thread 30 (Thread 0x7ff87b7d1700 (LWP 102928)):
#0  0x00007ff89a29ca35 in pthread_cond_wait@@GLIBC_2.3.2 () from /lib64/libpthread.so.0
#1  0x0000000007069179 in SNPSee_05df245ab75e88bb922a52816f42e51b56c95f2ebe24276cd0e6e48563956768d71f9b2a14cc67f3b4966d8fd01ea975e42c45ed702021ab ()
#2  0x0000000015430aa1 in SNPSee_d9c72da67e7a1f57e9891545cd875e2719332304182309de ()
#3  0x00007ff89a298ea5 in start_thread () from /lib64/libpthread.so.0
#4  0x00007ff88df5c9fd in clone () from /lib64/libc.so.6
Thread 29 (Thread 0x7ff87afd0700 (LWP 102929)):
#0  0x00007ff89a29ca35 in pthread_cond_wait@@GLIBC_2.3.2 () from /lib64/libpthread.so.0
#1  0x0000000007069179 in SNPSee_05df245ab75e88bb922a52816f42e51b56c95f2ebe24276cd0e6e48563956768d71f9b2a14cc67f3b4966d8fd01ea975e42c45ed702021ab ()
#2  0x0000000015430aa1 in SNPSee_d9c72da67e7a1f57e9891545cd875e2719332304182309de ()
#3  0x00007ff89a298ea5 in start_thread () from /lib64/libpthread.so.0
#4  0x00007ff88df5c9fd in clone () from /lib64/libc.so.6
Thread 28 (Thread 0x7ff87a7cf700 (LWP 102930)):
#0  0x00007ff89a29ca35 in pthread_cond_wait@@GLIBC_2.3.2 () from /lib64/libpthread.so.0
#1  0x0000000007069179 in SNPSee_05df245ab75e88bb922a52816f42e51b56c95f2ebe24276cd0e6e48563956768d71f9b2a14cc67f3b4966d8fd01ea975e42c45ed702021ab ()
#2  0x0000000015430aa1 in SNPSee_d9c72da67e7a1f57e9891545cd875e2719332304182309de ()
#3  0x00007ff89a298ea5 in start_thread () from /lib64/libpthread.so.0
#4  0x00007ff88df5c9fd in clone () from /lib64/libc.so.6
Thread 27 (Thread 0x7ff879fce700 (LWP 102931)):
#0  0x00007ff89a29ca35 in pthread_cond_wait@@GLIBC_2.3.2 () from /lib64/libpthread.so.0
#1  0x0000000007069179 in SNPSee_05df245ab75e88bb922a52816f42e51b56c95f2ebe24276cd0e6e48563956768d71f9b2a14cc67f3b4966d8fd01ea975e42c45ed702021ab ()
#2  0x0000000015430aa1 in SNPSee_d9c72da67e7a1f57e9891545cd875e2719332304182309de ()
#3  0x00007ff89a298ea5 in start_thread () from /lib64/libpthread.so.0
#4  0x00007ff88df5c9fd in clone () from /lib64/libc.so.6
Thread 26 (Thread 0x7ff8797cd700 (LWP 102932)):
#0  0x00007ff89a29ca35 in pthread_cond_wait@@GLIBC_2.3.2 () from /lib64/libpthread.so.0
#1  0x0000000007069179 in SNPSee_05df245ab75e88bb922a52816f42e51b56c95f2ebe24276cd0e6e48563956768d71f9b2a14cc67f3b4966d8fd01ea975e42c45ed702021ab ()
#2  0x0000000015430aa1 in SNPSee_d9c72da67e7a1f57e9891545cd875e2719332304182309de ()
#3  0x00007ff89a298ea5 in start_thread () from /lib64/libpthread.so.0
#4  0x00007ff88df5c9fd in clone () from /lib64/libc.so.6
Thread 25 (Thread 0x7ff878fcc700 (LWP 102933)):
#0  0x00007ff89a29ca35 in pthread_cond_wait@@GLIBC_2.3.2 () from /lib64/libpthread.so.0
#1  0x0000000007069179 in SNPSee_05df245ab75e88bb922a52816f42e51b56c95f2ebe24276cd0e6e48563956768d71f9b2a14cc67f3b4966d8fd01ea975e42c45ed702021ab ()
#2  0x0000000015430aa1 in SNPSee_d9c72da67e7a1f57e9891545cd875e2719332304182309de ()
#3  0x00007ff89a298ea5 in start_thread () from /lib64/libpthread.so.0
#4  0x00007ff88df5c9fd in clone () from /lib64/libc.so.6
Thread 24 (Thread 0x7ff8787cb700 (LWP 102934)):
#0  0x00007ff89a29ca35 in pthread_cond_wait@@GLIBC_2.3.2 () from /lib64/libpthread.so.0
#1  0x0000000007069179 in SNPSee_05df245ab75e88bb922a52816f42e51b56c95f2ebe24276cd0e6e48563956768d71f9b2a14cc67f3b4966d8fd01ea975e42c45ed702021ab ()
#2  0x0000000015430aa1 in SNPSee_d9c72da67e7a1f57e9891545cd875e2719332304182309de ()
#3  0x00007ff89a298ea5 in start_thread () from /lib64/libpthread.so.0
#4  0x00007ff88df5c9fd in clone () from /lib64/libc.so.6
Thread 23 (Thread 0x7ff877fca700 (LWP 102935)):
#0  0x00007ff89a29ca35 in pthread_cond_wait@@GLIBC_2.3.2 () from /lib64/libpthread.so.0
#1  0x0000000007069179 in SNPSee_05df245ab75e88bb922a52816f42e51b56c95f2ebe24276cd0e6e48563956768d71f9b2a14cc67f3b4966d8fd01ea975e42c45ed702021ab ()
#2  0x0000000015430aa1 in SNPSee_d9c72da67e7a1f57e9891545cd875e2719332304182309de ()
#3  0x00007ff89a298ea5 in start_thread () from /lib64/libpthread.so.0
#4  0x00007ff88df5c9fd in clone () from /lib64/libc.so.6
Thread 22 (Thread 0x7ff8777c9700 (LWP 102936)):
#0  0x00007ff89a29ca35 in pthread_cond_wait@@GLIBC_2.3.2 () from /lib64/libpthread.so.0
#1  0x0000000007069179 in SNPSee_05df245ab75e88bb922a52816f42e51b56c95f2ebe24276cd0e6e48563956768d71f9b2a14cc67f3b4966d8fd01ea975e42c45ed702021ab ()
#2  0x0000000015430aa1 in SNPSee_d9c72da67e7a1f57e9891545cd875e2719332304182309de ()
#3  0x00007ff89a298ea5 in start_thread () from /lib64/libpthread.so.0
#4  0x00007ff88df5c9fd in clone () from /lib64/libc.so.6
Thread 21 (Thread 0x7ff876fc8700 (LWP 102937)):
#0  0x00007ff89a29ca35 in pthread_cond_wait@@GLIBC_2.3.2 () from /lib64/libpthread.so.0
#1  0x0000000007069179 in SNPSee_05df245ab75e88bb922a52816f42e51b56c95f2ebe24276cd0e6e48563956768d71f9b2a14cc67f3b4966d8fd01ea975e42c45ed702021ab ()
#2  0x0000000015430aa1 in SNPSee_d9c72da67e7a1f57e9891545cd875e2719332304182309de ()
#3  0x00007ff89a298ea5 in start_thread () from /lib64/libpthread.so.0
#4  0x00007ff88df5c9fd in clone () from /lib64/libc.so.6
Thread 20 (Thread 0x7ff8767c7700 (LWP 102938)):
#0  0x00007ff89a29ca35 in pthread_cond_wait@@GLIBC_2.3.2 () from /lib64/libpthread.so.0
#1  0x0000000007069179 in SNPSee_05df245ab75e88bb922a52816f42e51b56c95f2ebe24276cd0e6e48563956768d71f9b2a14cc67f3b4966d8fd01ea975e42c45ed702021ab ()
#2  0x0000000015430aa1 in SNPSee_d9c72da67e7a1f57e9891545cd875e2719332304182309de ()
#3  0x00007ff89a298ea5 in start_thread () from /lib64/libpthread.so.0
#4  0x00007ff88df5c9fd in clone () from /lib64/libc.so.6
Thread 19 (Thread 0x7ff8707bb700 (LWP 104043)):
#0  0x00007ff88df56d19 in syscall () from /lib64/libc.so.6
#1  0x00007ff89a4c84fa in futex_wait (comparand=2, futex=0x2682bfac) at ../../include/tbb/machine/linux_common.h:60
#2  P (this=0x2682bfac) at ../../src/tbb/semaphore.h:206
#3  commit_wait (c=<synthetic pointer>, this=0x2682bfa0) at ../../src/rml/include/../server/thread_monitor.h:259
#4  tbb::internal::rml::private_worker::run (this=0x2682bf80) at ../../src/tbb/private_server.cpp:277
#5  0x00007ff89a4c8519 in tbb::internal::rml::private_worker::thread_routine (arg=<optimized out>) at ../../src/tbb/private_server.cpp:223
#6  0x0000000015430aa1 in SNPSee_d9c72da67e7a1f57e9891545cd875e2719332304182309de ()
#7  0x00007ff89a298ea5 in start_thread () from /lib64/libpthread.so.0
#8  0x00007ff88df5c9fd in clone () from /lib64/libc.so.6
Thread 18 (Thread 0x7ff870fbc700 (LWP 104044)):
#0  0x00007ff88df56d19 in syscall () from /lib64/libc.so.6
#1  0x00007ff89a4c84fa in futex_wait (comparand=2, futex=0x2682c02c) at ../../include/tbb/machine/linux_common.h:60
#2  P (this=0x2682c02c) at ../../src/tbb/semaphore.h:206
#3  commit_wait (c=<synthetic pointer>, this=0x2682c020) at ../../src/rml/include/../server/thread_monitor.h:259
#4  tbb::internal::rml::private_worker::run (this=0x2682c000) at ../../src/tbb/private_server.cpp:277
#5  0x00007ff89a4c8519 in tbb::internal::rml::private_worker::thread_routine (arg=<optimized out>) at ../../src/tbb/private_server.cpp:223
#6  0x0000000015430aa1 in SNPSee_d9c72da67e7a1f57e9891545cd875e2719332304182309de ()
#7  0x00007ff89a298ea5 in start_thread () from /lib64/libpthread.so.0
#8  0x00007ff88df5c9fd in clone () from /lib64/libc.so.6
Thread 17 (Thread 0x7ff86f7b9700 (LWP 104457)):
#0  0x00007ff88df56d19 in syscall () from /lib64/libc.so.6
#1  0x00007ff89a4c84fa in futex_wait (comparand=2, futex=0x2682beac) at ../../include/tbb/machine/linux_common.h:60
#2  P (this=0x2682beac) at ../../src/tbb/semaphore.h:206
#3  commit_wait (c=<synthetic pointer>, this=0x2682bea0) at ../../src/rml/include/../server/thread_monitor.h:259
#4  tbb::internal::rml::private_worker::run (this=0x2682be80) at ../../src/tbb/private_server.cpp:277
#5  0x00007ff89a4c8519 in tbb::internal::rml::private_worker::thread_routine (arg=<optimized out>) at ../../src/tbb/private_server.cpp:223
#6  0x0000000015430aa1 in SNPSee_d9c72da67e7a1f57e9891545cd875e2719332304182309de ()
#7  0x00007ff89a298ea5 in start_thread () from /lib64/libpthread.so.0
#8  0x00007ff88df5c9fd in clone () from /lib64/libc.so.6
Thread 16 (Thread 0x7ff86ffba700 (LWP 104458)):
#0  0x00007ff88df56d19 in syscall () from /lib64/libc.so.6
#1  0x00007ff89a4c84fa in futex_wait (comparand=2, futex=0x2682bf2c) at ../../include/tbb/machine/linux_common.h:60
#2  P (this=0x2682bf2c) at ../../src/tbb/semaphore.h:206
#3  commit_wait (c=<synthetic pointer>, this=0x2682bf20) at ../../src/rml/include/../server/thread_monitor.h:259
#4  tbb::internal::rml::private_worker::run (this=0x2682bf00) at ../../src/tbb/private_server.cpp:277
#5  0x00007ff89a4c8519 in tbb::internal::rml::private_worker::thread_routine (arg=<optimized out>) at ../../src/tbb/private_server.cpp:223
#6  0x0000000015430aa1 in SNPSee_d9c72da67e7a1f57e9891545cd875e2719332304182309de ()
#7  0x00007ff89a298ea5 in start_thread () from /lib64/libpthread.so.0
#8  0x00007ff88df5c9fd in clone () from /lib64/libc.so.6
Thread 15 (Thread 0x7ff86d7b5700 (LWP 104540)):
#0  0x00007ff88df56d19 in syscall () from /lib64/libc.so.6
#1  0x00007ff89a4c84fa in futex_wait (comparand=2, futex=0x2682bdac) at ../../include/tbb/machine/linux_common.h:60
#2  P (this=0x2682bdac) at ../../src/tbb/semaphore.h:206
#3  commit_wait (c=<synthetic pointer>, this=0x2682bda0) at ../../src/rml/include/../server/thread_monitor.h:259
#4  tbb::internal::rml::private_worker::run (this=0x2682bd80) at ../../src/tbb/private_server.cpp:277
#5  0x00007ff89a4c8519 in tbb::internal::rml::private_worker::thread_routine (arg=<optimized out>) at ../../src/tbb/private_server.cpp:223
#6  0x0000000015430aa1 in SNPSee_d9c72da67e7a1f57e9891545cd875e2719332304182309de ()
#7  0x00007ff89a298ea5 in start_thread () from /lib64/libpthread.so.0
#8  0x00007ff88df5c9fd in clone () from /lib64/libc.so.6
Thread 14 (Thread 0x7ff86dfb6700 (LWP 104539)):
#0  0x00007ff88df56d19 in syscall () from /lib64/libc.so.6
#1  0x00007ff89a4c84fa in futex_wait (comparand=2, futex=0x2682bcac) at ../../include/tbb/machine/linux_common.h:60
#2  P (this=0x2682bcac) at ../../src/tbb/semaphore.h:206
#3  commit_wait (c=<synthetic pointer>, this=0x2682bca0) at ../../src/rml/include/../server/thread_monitor.h:259
#4  tbb::internal::rml::private_worker::run (this=0x2682bc80) at ../../src/tbb/private_server.cpp:277
#5  0x00007ff89a4c8519 in tbb::internal::rml::private_worker::thread_routine (arg=<optimized out>) at ../../src/tbb/private_server.cpp:223
#6  0x0000000015430aa1 in SNPSee_d9c72da67e7a1f57e9891545cd875e2719332304182309de ()
#7  0x00007ff89a298ea5 in start_thread () from /lib64/libpthread.so.0
#8  0x00007ff88df5c9fd in clone () from /lib64/libc.so.6
Thread 13 (Thread 0x7ff86e7b7700 (LWP 104541)):
#0  0x00007ff88df56d19 in syscall () from /lib64/libc.so.6
#1  0x00007ff89a4c84fa in futex_wait (comparand=2, futex=0x2682be2c) at ../../include/tbb/machine/linux_common.h:60
#2  P (this=0x2682be2c) at ../../src/tbb/semaphore.h:206
#3  commit_wait (c=<synthetic pointer>, this=0x2682be20) at ../../src/rml/include/../server/thread_monitor.h:259
#4  tbb::internal::rml::private_worker::run (this=0x2682be00) at ../../src/tbb/private_server.cpp:277
#5  0x00007ff89a4c8519 in tbb::internal::rml::private_worker::thread_routine (arg=<optimized out>) at ../../src/tbb/private_server.cpp:223
#6  0x0000000015430aa1 in SNPSee_d9c72da67e7a1f57e9891545cd875e2719332304182309de ()
#7  0x00007ff89a298ea5 in start_thread () from /lib64/libpthread.so.0
#8  0x00007ff88df5c9fd in clone () from /lib64/libc.so.6
Thread 12 (Thread 0x7ff86efb8700 (LWP 104542)):
#0  0x00007ff88df56d19 in syscall () from /lib64/libc.so.6
#1  0x00007ff89a4c84fa in futex_wait (comparand=2, futex=0x2682bd2c) at ../../include/tbb/machine/linux_common.h:60
#2  P (this=0x2682bd2c) at ../../src/tbb/semaphore.h:206
#3  commit_wait (c=<synthetic pointer>, this=0x2682bd20) at ../../src/rml/include/../server/thread_monitor.h:259
#4  tbb::internal::rml::private_worker::run (this=0x2682bd00) at ../../src/tbb/private_server.cpp:277
#5  0x00007ff89a4c8519 in tbb::internal::rml::private_worker::thread_routine (arg=<optimized out>) at ../../src/tbb/private_server.cpp:223
#6  0x0000000015430aa1 in SNPSee_d9c72da67e7a1f57e9891545cd875e2719332304182309de ()
#7  0x00007ff89a298ea5 in start_thread () from /lib64/libpthread.so.0
#8  0x00007ff88df5c9fd in clone () from /lib64/libc.so.6
Thread 11 (Thread 0x7ff8754bb700 (LWP 104543)):
#0  0x00007ff88df56d19 in syscall () from /lib64/libc.so.6
#1  0x00007ff89a4c84fa in futex_wait (comparand=2, futex=0x2682bbac) at ../../include/tbb/machine/linux_common.h:60
#2  P (this=0x2682bbac) at ../../src/tbb/semaphore.h:206
#3  commit_wait (c=<synthetic pointer>, this=0x2682bba0) at ../../src/rml/include/../server/thread_monitor.h:259
#4  tbb::internal::rml::private_worker::run (this=0x2682bb80) at ../../src/tbb/private_server.cpp:277
#5  0x00007ff89a4c8519 in tbb::internal::rml::private_worker::thread_routine (arg=<optimized out>) at ../../src/tbb/private_server.cpp:223
#6  0x0000000015430aa1 in SNPSee_d9c72da67e7a1f57e9891545cd875e2719332304182309de ()
#7  0x00007ff89a298ea5 in start_thread () from /lib64/libpthread.so.0
#8  0x00007ff88df5c9fd in clone () from /lib64/libc.so.6
Thread 10 (Thread 0x7ff8744b9700 (LWP 104544)):
#0  0x00007ff88df56d19 in syscall () from /lib64/libc.so.6
#1  0x00007ff89a4c84fa in futex_wait (comparand=2, futex=0x2682bc2c) at ../../include/tbb/machine/linux_common.h:60
#2  P (this=0x2682bc2c) at ../../src/tbb/semaphore.h:206
#3  commit_wait (c=<synthetic pointer>, this=0x2682bc20) at ../../src/rml/include/../server/thread_monitor.h:259
#4  tbb::internal::rml::private_worker::run (this=0x2682bc00) at ../../src/tbb/private_server.cpp:277
#5  0x00007ff89a4c8519 in tbb::internal::rml::private_worker::thread_routine (arg=<optimized out>) at ../../src/tbb/private_server.cpp:223
#6  0x0000000015430aa1 in SNPSee_d9c72da67e7a1f57e9891545cd875e2719332304182309de ()
#7  0x00007ff89a298ea5 in start_thread () from /lib64/libpthread.so.0
#8  0x00007ff88df5c9fd in clone () from /lib64/libc.so.6
Thread 9 (Thread 0x7ff874cba700 (LWP 104545)):
#0  0x00007ff88df56d19 in syscall () from /lib64/libc.so.6
#1  0x00007ff89a4c84fa in futex_wait (comparand=2, futex=0x2682bb2c) at ../../include/tbb/machine/linux_common.h:60
#2  P (this=0x2682bb2c) at ../../src/tbb/semaphore.h:206
#3  commit_wait (c=<synthetic pointer>, this=0x2682bb20) at ../../src/rml/include/../server/thread_monitor.h:259
#4  tbb::internal::rml::private_worker::run (this=0x2682bb00) at ../../src/tbb/private_server.cpp:277
#5  0x00007ff89a4c8519 in tbb::internal::rml::private_worker::thread_routine (arg=<optimized out>) at ../../src/tbb/private_server.cpp:223
#6  0x0000000015430aa1 in SNPSee_d9c72da67e7a1f57e9891545cd875e2719332304182309de ()
#7  0x00007ff89a298ea5 in start_thread () from /lib64/libpthread.so.0
#8  0x00007ff88df5c9fd in clone () from /lib64/libc.so.6
Thread 8 (Thread 0x7ff8724b5700 (LWP 104960)):
#0  0x00007ff88df51ccd in poll () from /lib64/libc.so.6
#1  0x00007ff892a44aaa in ?? () from /home/synopsys/icc2/O-2018.06-SP1/linux64/nwtn/bin/../shlib/libxcb.so.1
#2  0x00007ff892a461c8 in xcb_wait_for_event () from /home/synopsys/icc2/O-2018.06-SP1/linux64/nwtn/bin/../shlib/libxcb.so.1
#3  0x00007ff8717dbed9 in ?? () from /home/synopsys/icc2/O-2018.06-SP1/linux64/nwtn/bin/../shlib/libQt5XcbQpa.so.5
#4  0x00007ff8932a0583 in ?? () from /home/synopsys/icc2/O-2018.06-SP1/linux64/nwtn/bin/../shlib/libQt5Core.so.5
#5  0x0000000015430aa1 in SNPSee_d9c72da67e7a1f57e9891545cd875e2719332304182309de ()
#6  0x00007ff89a298ea5 in start_thread () from /lib64/libpthread.so.0
#7  0x00007ff88df5c9fd in clone () from /lib64/libc.so.6
Thread 7 (Thread 0x7ff872cb6700 (LWP 104967)):
#0  0x00007ff89a29ca35 in pthread_cond_wait@@GLIBC_2.3.2 () from /lib64/libpthread.so.0
#1  0x00007ff8932a12e3 in QWaitCondition::wait(QMutex*, unsigned long) () from /home/synopsys/icc2/O-2018.06-SP1/linux64/nwtn/bin/../shlib/libQt5Core.so.5
#2  0x00007ff89329cb19 in ?? () from /home/synopsys/icc2/O-2018.06-SP1/linux64/nwtn/bin/../shlib/libQt5Core.so.5
#3  0x00007ff8932a0583 in ?? () from /home/synopsys/icc2/O-2018.06-SP1/linux64/nwtn/bin/../shlib/libQt5Core.so.5
#4  0x0000000015430aa1 in SNPSee_d9c72da67e7a1f57e9891545cd875e2719332304182309de ()
#5  0x00007ff89a298ea5 in start_thread () from /lib64/libpthread.so.0
#6  0x00007ff88df5c9fd in clone () from /lib64/libc.so.6
Thread 6 (Thread 0x7ff8734b7700 (LWP 104968)):
#0  0x00007ff89a29fe9d in nanosleep () from /lib64/libpthread.so.0
#1  0x000000000905d763 in SNPSee_57aa06afe31f310512a9cc49ce7b46c129db833eed55d1c48374fef3f761fcfe1be46a4d681b9449401a38d938dc0213 ()
#2  0x00007ff89329c928 in ?? () from /home/synopsys/icc2/O-2018.06-SP1/linux64/nwtn/bin/../shlib/libQt5Core.so.5
#3  0x00007ff8932a0583 in ?? () from /home/synopsys/icc2/O-2018.06-SP1/linux64/nwtn/bin/../shlib/libQt5Core.so.5
#4  0x0000000015430aa1 in SNPSee_d9c72da67e7a1f57e9891545cd875e2719332304182309de ()
#5  0x00007ff89a298ea5 in start_thread () from /lib64/libpthread.so.0
#6  0x00007ff88df5c9fd in clone () from /lib64/libc.so.6
Thread 5 (Thread 0x7ff865910700 (LWP 109172)):
#0  0x00007ff88df56d19 in syscall () from /lib64/libc.so.6
#1  0x00007ff89a4c84fa in futex_wait (comparand=2, futex=0x2682ba2c) at ../../include/tbb/machine/linux_common.h:60
#2  P (this=0x2682ba2c) at ../../src/tbb/semaphore.h:206
#3  commit_wait (c=<synthetic pointer>, this=0x2682ba20) at ../../src/rml/include/../server/thread_monitor.h:259
#4  tbb::internal::rml::private_worker::run (this=0x2682ba00) at ../../src/tbb/private_server.cpp:277
#5  0x00007ff89a4c8519 in tbb::internal::rml::private_worker::thread_routine (arg=<optimized out>) at ../../src/tbb/private_server.cpp:223
#6  0x0000000015430aa1 in SNPSee_d9c72da67e7a1f57e9891545cd875e2719332304182309de ()
#7  0x00007ff89a298ea5 in start_thread () from /lib64/libpthread.so.0
#8  0x00007ff88df5c9fd in clone () from /lib64/libc.so.6
Thread 4 (Thread 0x7ff866111700 (LWP 109173)):
#0  0x00007ff88df56d19 in syscall () from /lib64/libc.so.6
#1  0x00007ff89a4c84fa in futex_wait (comparand=2, futex=0x2682baac) at ../../include/tbb/machine/linux_common.h:60
#2  P (this=0x2682baac) at ../../src/tbb/semaphore.h:206
#3  commit_wait (c=<synthetic pointer>, this=0x2682baa0) at ../../src/rml/include/../server/thread_monitor.h:259
#4  tbb::internal::rml::private_worker::run (this=0x2682ba80) at ../../src/tbb/private_server.cpp:277
#5  0x00007ff89a4c8519 in tbb::internal::rml::private_worker::thread_routine (arg=<optimized out>) at ../../src/tbb/private_server.cpp:223
#6  0x0000000015430aa1 in SNPSee_d9c72da67e7a1f57e9891545cd875e2719332304182309de ()
#7  0x00007ff89a298ea5 in start_thread () from /lib64/libpthread.so.0
#8  0x00007ff88df5c9fd in clone () from /lib64/libc.so.6
Thread 3 (Thread 0x7ff866912700 (LWP 109174)):
#0  0x00007ff88df56d19 in syscall () from /lib64/libc.so.6
#1  0x00007ff89a4c84fa in futex_wait (comparand=2, futex=0x2682b92c) at ../../include/tbb/machine/linux_common.h:60
#2  P (this=0x2682b92c) at ../../src/tbb/semaphore.h:206
#3  commit_wait (c=<synthetic pointer>, this=0x2682b920) at ../../src/rml/include/../server/thread_monitor.h:259
#4  tbb::internal::rml::private_worker::run (this=0x2682b900) at ../../src/tbb/private_server.cpp:277
#5  0x00007ff89a4c8519 in tbb::internal::rml::private_worker::thread_routine (arg=<optimized out>) at ../../src/tbb/private_server.cpp:223
#6  0x0000000015430aa1 in SNPSee_d9c72da67e7a1f57e9891545cd875e2719332304182309de ()
#7  0x00007ff89a298ea5 in start_thread () from /lib64/libpthread.so.0
#8  0x00007ff88df5c9fd in clone () from /lib64/libc.so.6
Thread 2 (Thread 0x7ff867113700 (LWP 109175)):
#0  0x00007ff88df56d19 in syscall () from /lib64/libc.so.6
#1  0x00007ff89a4c84fa in futex_wait (comparand=2, futex=0x2682b9ac) at ../../include/tbb/machine/linux_common.h:60
#2  P (this=0x2682b9ac) at ../../src/tbb/semaphore.h:206
#3  commit_wait (c=<synthetic pointer>, this=0x2682b9a0) at ../../src/rml/include/../server/thread_monitor.h:259
#4  tbb::internal::rml::private_worker::run (this=0x2682b980) at ../../src/tbb/private_server.cpp:277
#5  0x00007ff89a4c8519 in tbb::internal::rml::private_worker::thread_routine (arg=<optimized out>) at ../../src/tbb/private_server.cpp:223
#6  0x0000000015430aa1 in SNPSee_d9c72da67e7a1f57e9891545cd875e2719332304182309de ()
#7  0x00007ff89a298ea5 in start_thread () from /lib64/libpthread.so.0
#8  0x00007ff88df5c9fd in clone () from /lib64/libc.so.6
Thread 1 (Thread 0x7ff89ae0ce40 (LWP 102736)):
#0  0x00007ff89a2a01d9 in waitpid () from /lib64/libpthread.so.0
#1  0x000000000702b34b in SNPSee_9ea8dbbd5e74784447e693058ff24d3ffe3b7927ff35ac62eec4782670afaff6 ()
#2  0x000000000702c935 in SNPSee_9ea8dbbd5e74784484d3cce2fced02c05a3783bc3b9f8fad6989ef886e673ad9 ()
#3  <signal handler called>
#4  0x000000000822189a in SNPSee_1b2142911b22b39376d95e0990a912aa1f60e1094cc2170d74be7258dc079409d2149cf402e47beb1417f6d30f9c55c0521c6969af8d10bff376aff4d9a8e128337835bda47ed89d7a79c276dfb97b2a5076ddb25390e6eee870b6316d36df398633ef65c291b880c7417ffd7b99920b4bc72d8b880e935628e82961129f3d8a35e298ead8661a86fe1df3acdf366e825815cb9ed8cd40c95fff205304930849c3f5911508dc716f0cfcbe9ca2034a7ccbef4784c1cb4dfe ()
#5  0x000000000821d11d in SNPSee_1b2142911b22b393c22c7c62c50ed0afe684cc8b01965fa1560ad6f12ae1adbf80f8e28c4cb22bcb30867a5b79a169717760b4335692fc485e1f031e30f5df8cd6e77ff37e84bbfcc903c9ba8be47b2a147145d56f64fa9f ()
#6  0x000000000821e16f in SNPSee_1b2142911b22b393c22c7c62c50ed0afe684cc8b01965fa10f0442ef1d314de00ee028b878609b9758e10de393222c6295bb08cec3134fa70053d83bddb89649de4a2015c4fd93ab8e331f9608f4196f2990f4c3af41a9311fd927691c76101bf6d3ebbcaa02c63f7898730e38d093bdc263a5ba437e29427cfdb2c7b8390dc6 ()
#7  0x0000000008219d38 in SNPSee_1b2142911b22b3932d6dde15cdf7e34df4d1f2573480e3d0889295f5b8b4bed110ea66bb7db96ceaf7ed39e10c2687b8b6c4fcac00e519d110a63481e751f255ca59d345a0ba722b ()
#8  0x0000000007fbe416 in SNPSee_1b2142911b22b393fa18307521fad542d4092a897cb0a4371e2f5f5053ee326c7f9d23f0177b7f657318c06320fcf99e39970cf7e0271d98cb5e5c27c73bb578b38b96dfa5ecb0fdf951f4891bea76b07c4983c48cdadc7f81164123b801298c19b3598c0dd2ecb06c8475edebbec61577f20b57e0129e5e36dc12afb860c6b7d8a1d90109774e7a777eb68d2d3c3b5782461536865352326249fd6e93d96b5b46f4c7d765597a2b0cba55dee10548b9 ()
#9  0x0000000007fbf7ed in SNPSee_1b2142911b22b393fa18307521fad542d4092a897cb0a437781587b797fdac8227f9b392177727705f50eb1c7cd16975211f78a79195274260890db0ab9ab627f8636e81353c8781c50c6c3f9ce89931fe43a0da485c887303a730a743a4eb0a060e5b4ef2981fb9f86abc7534d31ee72fa6392c4db0ee62484c0cd32d7bf69021e57bf0c08eadfeb88873cc02c3ad3198542fddf77599ffe77bd4e84358ed11adf74204aeff12e66b66d130288683e9d40d7b17a5f8df14f0a0a648b58959a3733918349c79819d218ecc68ebb2bae4ce69b950c23c1c2891b6ab89c01de594540f139fcde50f7dcc59e9b1d3057ebb ()
#10 0x0000000007fbfd7e in SNPSee_1b2142911b22b393fa18307521fad542d4092a897cb0a4371e2f5f5053ee326c7f9d23f0177b7f65b1c08cd6d892dd656371d03412c2649962b42c98f414497b8a5b3955e3ed8014c4bb30fcaf93c7215b8fdd6f5b4c61cb04b423095c4dc3a8dbd2b9ad1b67de2c9be3e15f4d62cc15 ()
#11 0x00000000077e3465 in SNPSee_1b2142911b22b3935ba3eaaa355c4976ffa9bc4195e895a76feb96e4373fedfa6c9e665be3337c54837748a7594841af29c613bdab4ed2e594b233a36a6862be14fbc8b81a760764b38e560b6da42caaaff9d4840e86301cef6fcd937447ae96 ()
#12 0x00000000077e65ff in SNPSee_1b2142911b22b3935ba3eaaa355c4976ffa9bc4195e895a76feb96e4373fedfa6c9e665be3337c547163a84ae3be1bf689b5b6532fcc2f01a26c5b465d7eac43 ()
#13 0x00000000077ea180 in SNPSee_1b2142911b22b3935ba3eaaa355c4976ffa9bc4195e895a76feb96e4373fedfae0e6a85b9f1eabbf03f77409c75b80c4276ede4cc2f338b9d25230e769c922c3e813957c94efa94e485a43555d2631b5e8c045bf6ca15a047d0fed780f28a06a43a2bee98a94feb97c4eed4c50eafc424472e3ce35c2330e ()
#14 0x00000000077db5da in SNPSee_1b2142911b22b3935ba3eaaa355c4976ffa9bc4195e895a74ad4b1656fb54f8ddd139a4d463e7bd52ddad50a37125e422642a933fe92ae6a9be1e59ada403615be70c6b88e0112189c89a817cdfb1c4d2b297ee992c5b41566df170405a20a4b795e7697de5a86a765f609c5bc8fa70c5baf6ba49cd4b52d ()
#15 0x00000000086cb86d in SNPSee_c6ebb3710147ef2c9934b321da56455d7915940dee6c19ebb441534c0b6426a1e5724c0de9f3400d3f514272da2625afc2db2499c35434b871aa87fd0c558aa4d9521dc7d918c04bb63d48d0df9b2efd ()
#16 0x00000000086a3d67 in SNPSee_154f79af9efb8da509666f98eed6deaf741cd5609343755b5aa6cf0aa49b3913303ed9a432009fe31c95b3068f7db6bc ()
#17 0x00000000086a4867 in SNPSee_154f79af9efb8da53464ad8b6034627acae3d193d56acf8b ()
#18 0x00000000086a3b19 in SNPSee_154f79af9efb8da509666f98eed6deaf741cd5609343755b5aa6cf0aa49b3913303ed9a432009fe31c95b3068f7db6bc ()
#19 0x00000000090a89ab in SNPSee_5d29d322c3beac580ee31e7c1c9bc8c3f3f80cf6b3bde133e61120ace028474a9fbdb05c1db5bd1cd04a339b81ef98c32c1cf1ce56ec4049 ()
#20 0x00000000090acf40 in SNPSee_5d29d322c3beac580ee31e7c1c9bc8c33da8e686b01b93d3da18c8b3bde09f034adc76627e8c9d449303e073f197ad85 ()
#21 0x00007ff89346f8df in QCoreApplicationPrivate::sendThroughObjectEventFilters(QObject*, QEvent*) () from /home/synopsys/icc2/O-2018.06-SP1/linux64/nwtn/bin/../shlib/libQt5Core.so.5
#22 0x00007ff894ed97e8 in QApplicationPrivate::notify_helper(QObject*, QEvent*) () from /home/synopsys/icc2/O-2018.06-SP1/linux64/nwtn/bin/../shlib/libQt5Widgets.so.5
#23 0x00007ff894edebb2 in QApplication::notify(QObject*, QEvent*) () from /home/synopsys/icc2/O-2018.06-SP1/linux64/nwtn/bin/../shlib/libQt5Widgets.so.5
#24 0x000000000953241c in SNPSee_9886f32bf8214536ec9f95d3ed3c7f5e64ba1872850550598ca741cdfb68659679bafee2b9707c59 ()
#25 0x00007ff89346fb38 in QCoreApplication::notifyInternal2(QObject*, QEvent*) () from /home/synopsys/icc2/O-2018.06-SP1/linux64/nwtn/bin/../shlib/libQt5Core.so.5
#26 0x00007ff894f17eef in QWidgetPrivate::sendPaintEvent(QRegion const&) () from /home/synopsys/icc2/O-2018.06-SP1/linux64/nwtn/bin/../shlib/libQt5Widgets.so.5
#27 0x00007ff894f1853e in QWidgetPrivate::drawWidget(QPaintDevice*, QRegion const&, QPoint const&, int, QPainter*, QWidgetBackingStore*) () from /home/synopsys/icc2/O-2018.06-SP1/linux64/nwtn/bin/../shlib/libQt5Widgets.so.5
#28 0x00007ff894ee7959 in ?? () from /home/synopsys/icc2/O-2018.06-SP1/linux64/nwtn/bin/../shlib/libQt5Widgets.so.5
#29 0x00007ff894ee7bb3 in ?? () from /home/synopsys/icc2/O-2018.06-SP1/linux64/nwtn/bin/../shlib/libQt5Widgets.so.5
#30 0x00007ff894f078b4 in QWidgetPrivate::syncBackingStore() () from /home/synopsys/icc2/O-2018.06-SP1/linux64/nwtn/bin/../shlib/libQt5Widgets.so.5
#31 0x00007ff894f1ed58 in QWidget::event(QEvent*) () from /home/synopsys/icc2/O-2018.06-SP1/linux64/nwtn/bin/../shlib/libQt5Widgets.so.5
#32 0x00007ff89501abab in QMainWindow::event(QEvent*) () from /home/synopsys/icc2/O-2018.06-SP1/linux64/nwtn/bin/../shlib/libQt5Widgets.so.5
#33 0x00000000094800a3 in SNPSee_4923ddf81716603ff6b0711392b4a99d7063303ad3d4f550bd2d0a72a3f3d324 ()
#34 0x00007ff894ed980c in QApplicationPrivate::notify_helper(QObject*, QEvent*) () from /home/synopsys/icc2/O-2018.06-SP1/linux64/nwtn/bin/../shlib/libQt5Widgets.so.5
#35 0x00007ff894edebb2 in QApplication::notify(QObject*, QEvent*) () from /home/synopsys/icc2/O-2018.06-SP1/linux64/nwtn/bin/../shlib/libQt5Widgets.so.5
#36 0x000000000953241c in SNPSee_9886f32bf8214536ec9f95d3ed3c7f5e64ba1872850550598ca741cdfb68659679bafee2b9707c59 ()
#37 0x00007ff89346fb38 in QCoreApplication::notifyInternal2(QObject*, QEvent*) () from /home/synopsys/icc2/O-2018.06-SP1/linux64/nwtn/bin/../shlib/libQt5Core.so.5
#38 0x00007ff893471a4f in QCoreApplicationPrivate::sendPostedEvents(QObject*, int, QThreadData*) () from /home/synopsys/icc2/O-2018.06-SP1/linux64/nwtn/bin/../shlib/libQt5Core.so.5
#39 0x00007ff8934c1267 in QEventDispatcherUNIX::processEvents(QFlags<QEventLoop::ProcessEventsFlag>) () from /home/synopsys/icc2/O-2018.06-SP1/linux64/nwtn/bin/../shlib/libQt5Core.so.5
#40 0x0000000017e6ce5e in SNPSee_022a2517f3563cbec2b5b42fedeb3dda68298addcf6014c77180d8caa827bd35279c339b109c845b928007e791d4668ff5d311bfb9e94450ab3ccaa8ebfc54a950b981701765173873c40273f1516ffa5352ef056534af68 ()
#41 0x0000000008d1f2bb in SNPSee_80051c3e017cbcc0e527ada7eaf06b628ebb3290689b73b98b5c8979b8a944fddf301789f3c04ee9e18e02a6e8dc8c8cc8d90585d03a00ea2c8799e295df6dd58edeea89405a17bcdadbde37f16eda3e ()
#42 0x00007ff89346de0b in QEventLoop::exec(QFlags<QEventLoop::ProcessEventsFlag>) () from /home/synopsys/icc2/O-2018.06-SP1/linux64/nwtn/bin/../shlib/libQt5Core.so.5
#43 0x00007ff893476108 in QCoreApplication::exec() () from /home/synopsys/icc2/O-2018.06-SP1/linux64/nwtn/bin/../shlib/libQt5Core.so.5
#44 0x000000000946f037 in SNPSee_b81f4656f0d7d3ca1b0bca755b60caea2cb50375ef5e9df280c2a7ba1e2ca19f7750e3d580600edd04a01dc4363d697fcd6b18c4d0ab558c ()
#45 0x00000000141ae728 in SNPSee_b3a63ca9beb66366a2beecdfa325f5f850e37c16b964335ba934f8a7afefeaf1 ()
#46 0x000000000055ba31 in SNPSee_6188b3f9a7e769c7eb2dc22ab181ff5c0260e7bf3c6e6c5b6dd310362dd3e58b19a33122e2a80c1014bca5a076370ba0686492d474ef148ca36ababef5945158a888f7e536545deca4d0228e032d0cd6 ()
#47 0x000000000055d88c in SNPSee_5a24f30b88271223 ()
#48 0x00007ff88de80555 in __libc_start_main () from /lib64/libc.so.6
#49 0x0000000000f1238d in SNPSee_d06eed713327be76 ()

The tool has just encountered a fatal error:

If you encountered this fatal error when using the most recent
Synopsys release, submit the above stack trace and a test case that
reproduces the problem to the Synopsys Support Center by using
Enter A Call at http://solvnet.synopsys.com/EnterACall.

* For information about the latest software releases, go to the Synopsys
  SolvNet Release Library at http://solvnet.synopsys.com/ReleaseLibrary.

* For information about required Operating System patches, go to
  http://www.synopsys.com/support


Fatal: Internal system error, cannot recover.
Error code=11

Release = 'O-2018.06-SP1'  Architecture = 'linux64'  Program = 'IC Compiler II'
Exec = '/home/synopsys/icc2/O-2018.06-SP1/linux64/nwtn/bin/dgcom_exec'

'117621967 140705715062320 136452250 136433949 136438127 136420664 133948438 133953517 133954942 125711461 125724159 125739392 125679066 141342829 141180263 141183079 141179673 151685547 151703360 140705599518943 140705627215848 140705627237298 156443676 140705599519544 140705627471599 140705627473214 140705627273561 140705627274163 140705627404468 140705627499864 140705628531627 155713699'

A snapshot of runtime data has been captured in /home/ICer/ITI/PnR_Grad/Backend/PnR/crte_000102736.txt
