


                              IC Compiler II (TM)

             Version O-2018.06-SP1 for linux64 - Jul 17, 2018 -SLE

                    Copyright (c) 1988 - 2018 Synopsys, Inc.
   This software and the associated documentation are proprietary to Synopsys,
 Inc. This software may only be used in accordance with the terms and conditions
 of a written license agreement with Synopsys, Inc. All other use, reproduction,
            or distribution of this software is strictly prohibited.

Loading user preference file /home/ICer/.synopsys_icc2_gui/preferences.tcl
##############################################
########### 1. DESIGN SETUP ##################
##############################################
set_host_options -max_cores 12
1
sh date
Tue Jul  1 12:09:53 CST 2025
set design cv32e40p_top
cv32e40p_top
sh rm -rf $design
set LIB_PATH  "/mnt/hgfs/saed14_pdk/stdcell_rvt/db_ccs"
/mnt/hgfs/saed14_pdk/stdcell_rvt/db_ccs
lappend search_path $LIB_PATH
. /mnt/hgfs/saed14_pdk/stdcell_rvt/db_ccs
set SSLIB "saed14rvt_ss0p6v125c.db" 
saed14rvt_ss0p6v125c.db
set FFLIB "saed14rvt_ff0p88vm40c.db" 
saed14rvt_ff0p88vm40c.db
## Standard Cell libraries 
set target_library [list $SSLIB $FFLIB]
saed14rvt_ss0p6v125c.db saed14rvt_ff0p88vm40c.db
## Standard Cell & Hard Macros libraries 
set link_library [list * $SSLIB $FFLIB] 
* saed14rvt_ss0p6v125c.db saed14rvt_ff0p88vm40c.db
################# std_cell NDM #################
create_lib -technology "tech/saed14nm_1p9m_mw.tf" -ref_libs "/home/ICer/ITI/PnR_Grad/Backend/PnR/ndm/saed14rvt.ndm" ${design}
Warning: Pitch 0.074000 for layer M4 is less than sum(0.100000) of minSpacing(0.040000) and minWidth(0.060000).(saed14nm_1p9m_mw.tf line:727) (TECH-223)
Warning: Pitch 0.600000 for layer MRDL is less than sum(4.000000) of minSpacing(2.000000) and minWidth(2.000000).(saed14nm_1p9m_mw.tf line:1356) (TECH-223)
Warning: saed14nm_1p9m_mw.tf line 779, 'cutNameTbl' on Layer 'VIA4' has cut name 'VIA4BAR1' with no matching ContactCode found. (TECH-252)
Warning: Layer 'M2' is missing the attribute 'maskEndMaxWidthThresholdTbl'. (saed14nm_1p9m_mw.tf line 618) (TECH-026)
Warning: Layer 'M2' is missing the attribute 'maskEndToEndKeepoutLengthTbl'. (saed14nm_1p9m_mw.tf line 618) (TECH-026)
Warning: Layer 'M2' is missing the attribute 'maskEndToSideKeepoutLengthTbl'. (saed14nm_1p9m_mw.tf line 618) (TECH-026)
Warning: Layer 'M2' is missing the attribute 'maskEndToEndMinSpacingTbl'. (saed14nm_1p9m_mw.tf line 618) (TECH-026)
Warning: Layer 'M2' is missing the attribute 'maskEndToSideMinSpacingTbl'. (saed14nm_1p9m_mw.tf line 618) (TECH-026)
Warning: The value of the pitch attribute of layer M4 is invalid. Attribute pitch should not be less than sum of attribute minWidth and minSpacing. (saed14nm_1p9m_mw.tf line 727) (TECH-050)
Warning: The value of the pitch attribute of layer MRDL is invalid. Attribute pitch should not be less than sum of attribute minWidth and minSpacing. (saed14nm_1p9m_mw.tf line 1356) (TECH-050)
Information: ContactCode 'VIA12SQ_C' has a minimum cut spacing 0.026 that is less than the cut layer minimum spacing 0.04. (line 1667) (TECH-084)
Information: ContactCode 'VIA12BAR1_C' has a minimum cut spacing 0.026 that is less than the cut layer minimum spacing 0.04. (line 1685) (TECH-084)
Information: ContactCode 'VIA12BAR2_C' has a minimum cut spacing 0.026 that is less than the cut layer minimum spacing 0.04. (line 1704) (TECH-084)
Information: ContactCode 'VIA12LG_C' has a minimum cut spacing 0.026 that is less than the cut layer minimum spacing 0.04. (line 1723) (TECH-084)
Information: ContactCode 'VIA12SQ' has a minimum cut spacing 0.026 that is less than the cut layer minimum spacing 0.04. (line 1742) (TECH-084)
Information: ContactCode 'VIA12BAR1' has a minimum cut spacing 0.026 that is less than the cut layer minimum spacing 0.04. (line 1761) (TECH-084)
Information: ContactCode 'VIA12BAR2' has a minimum cut spacing 0.026 that is less than the cut layer minimum spacing 0.04. (line 1780) (TECH-084)
Information: ContactCode 'VIA12LG' has a minimum cut spacing 0.026 that is less than the cut layer minimum spacing 0.04. (line 1799) (TECH-084)
Information: ContactCode 'VIA1_32SQ_C' has a minimum cut spacing 0.026 that is less than the cut layer minimum spacing 0.04. (line 1818) (TECH-084)
Information: ContactCode 'VIA1_32BAR1_C' has a minimum cut spacing 0.026 that is less than the cut layer minimum spacing 0.04. (line 1837) (TECH-084)
Information: ContactCode 'VIA1_32BAR2_C' has a minimum cut spacing 0.026 that is less than the cut layer minimum spacing 0.04. (line 1856) (TECH-084)
Information: ContactCode 'VIA1_32LG_C' has a minimum cut spacing 0.026 that is less than the cut layer minimum spacing 0.04. (line 1875) (TECH-084)
Information: ContactCode 'VIA1_32SQ' has a minimum cut spacing 0.026 that is less than the cut layer minimum spacing 0.04. (line 1894) (TECH-084)
Information: ContactCode 'VIA1_32BAR1' has a minimum cut spacing 0.026 that is less than the cut layer minimum spacing 0.04. (line 1913) (TECH-084)
Information: ContactCode 'VIA1_32BAR2' has a minimum cut spacing 0.026 that is less than the cut layer minimum spacing 0.04. (line 1932) (TECH-084)
Information: ContactCode 'VIA1_32LG' has a minimum cut spacing 0.026 that is less than the cut layer minimum spacing 0.04. (line 1951) (TECH-084)
Information: ContactCode 'VIA12_3SQ_C' has a minimum cut spacing 0.026 that is less than the cut layer minimum spacing 0.04. (line 1970) (TECH-084)
Information: ContactCode 'VIA12_3BAR1_C' has a minimum cut spacing 0.026 that is less than the cut layer minimum spacing 0.04. (line 1989) (TECH-084)
Information: ContactCode 'VIA12_3BAR2_C' has a minimum cut spacing 0.026 that is less than the cut layer minimum spacing 0.04. (line 2008) (TECH-084)
Information: ContactCode 'VIA12_3LG_C' has a minimum cut spacing 0.026 that is less than the cut layer minimum spacing 0.04. (line 2027) (TECH-084)
Information: ContactCode 'VIA12_3SQ' has a minimum cut spacing 0.026 that is less than the cut layer minimum spacing 0.04. (line 2046) (TECH-084)
Information: ContactCode 'VIA12_3BAR1' has a minimum cut spacing 0.026 that is less than the cut layer minimum spacing 0.04. (line 2065) (TECH-084)
Information: ContactCode 'VIA12_3BAR2' has a minimum cut spacing 0.026 that is less than the cut layer minimum spacing 0.04. (line 2084) (TECH-084)
Information: ContactCode 'VIA12_3LG' has a minimum cut spacing 0.026 that is less than the cut layer minimum spacing 0.04. (line 2103) (TECH-084)
Information: ContactCode 'VIA1_32_3SQ_C' has a minimum cut spacing 0.026 that is less than the cut layer minimum spacing 0.04. (line 2122) (TECH-084)
Information: ContactCode 'VIA1_32_3BAR1_C' has a minimum cut spacing 0.026 that is less than the cut layer minimum spacing 0.04. (line 2141) (TECH-084)
Information: ContactCode 'VIA1_32_3BAR2_C' has a minimum cut spacing 0.026 that is less than the cut layer minimum spacing 0.04. (line 2160) (TECH-084)
Information: ContactCode 'VIA1_32_3LG_C' has a minimum cut spacing 0.026 that is less than the cut layer minimum spacing 0.04. (line 2179) (TECH-084)
Information: ContactCode 'VIA1_32_3SQ' has a minimum cut spacing 0.026 that is less than the cut layer minimum spacing 0.04. (line 2198) (TECH-084)
Information: ContactCode 'VIA1_32_3BAR1' has a minimum cut spacing 0.026 that is less than the cut layer minimum spacing 0.04. (line 2217) (TECH-084)
Information: ContactCode 'VIA1_32_3BAR2' has a minimum cut spacing 0.026 that is less than the cut layer minimum spacing 0.04. (line 2236) (TECH-084)
Information: ContactCode 'VIA1_32_3LG' has a minimum cut spacing 0.026 that is less than the cut layer minimum spacing 0.04. (line 2255) (TECH-084)
Information: ContactCode 'VIA23SQ_C' has a minimum cut spacing 0.026 that is less than the cut layer minimum spacing 0.05. (line 2275) (TECH-084)
Information: ContactCode 'VIA23BAR1_C' has a minimum cut spacing 0.026 that is less than the cut layer minimum spacing 0.05. (line 2295) (TECH-084)
Information: ContactCode 'VIA23BAR2_C' has a minimum cut spacing 0.026 that is less than the cut layer minimum spacing 0.05. (line 2314) (TECH-084)
Information: ContactCode 'VIA23LG_C' has a minimum cut spacing 0.026 that is less than the cut layer minimum spacing 0.05. (line 2333) (TECH-084)
Information: ContactCode 'VIA23SQ' has a minimum cut spacing 0.026 that is less than the cut layer minimum spacing 0.05. (line 2352) (TECH-084)
Information: ContactCode 'VIA23BAR1' has a minimum cut spacing 0.026 that is less than the cut layer minimum spacing 0.05. (line 2371) (TECH-084)
Information: ContactCode 'VIA23BAR2' has a minimum cut spacing 0.026 that is less than the cut layer minimum spacing 0.05. (line 2390) (TECH-084)
Information: ContactCode 'VIA23LG' has a minimum cut spacing 0.026 that is less than the cut layer minimum spacing 0.05. (line 2409) (TECH-084)
Information: ContactCode 'VIA2_33SQ_C' has a minimum cut spacing 0.026 that is less than the cut layer minimum spacing 0.05. (line 2428) (TECH-084)
Information: ContactCode 'VIA2_33BAR1_C' has a minimum cut spacing 0.026 that is less than the cut layer minimum spacing 0.05. (line 2447) (TECH-084)
Information: ContactCode 'VIA2_33BAR2_C' has a minimum cut spacing 0.026 that is less than the cut layer minimum spacing 0.05. (line 2466) (TECH-084)
Information: ContactCode 'VIA2_33LG_C' has a minimum cut spacing 0.026 that is less than the cut layer minimum spacing 0.05. (line 2485) (TECH-084)
Information: ContactCode 'VIA2_33SQ' has a minimum cut spacing 0.026 that is less than the cut layer minimum spacing 0.05. (line 2504) (TECH-084)
Information: ContactCode 'VIA2_33BAR1' has a minimum cut spacing 0.026 that is less than the cut layer minimum spacing 0.05. (line 2523) (TECH-084)
Information: ContactCode 'VIA2_33BAR2' has a minimum cut spacing 0.026 that is less than the cut layer minimum spacing 0.05. (line 2542) (TECH-084)
Information: ContactCode 'VIA2_33LG' has a minimum cut spacing 0.026 that is less than the cut layer minimum spacing 0.05. (line 2561) (TECH-084)
Information: ContactCode 'VIA23_3SQ_C' has a minimum cut spacing 0.026 that is less than the cut layer minimum spacing 0.05. (line 2580) (TECH-084)
Information: ContactCode 'VIA23_3BAR1_C' has a minimum cut spacing 0.026 that is less than the cut layer minimum spacing 0.05. (line 2599) (TECH-084)
Information: ContactCode 'VIA23_3BAR2_C' has a minimum cut spacing 0.026 that is less than the cut layer minimum spacing 0.05. (line 2618) (TECH-084)
Information: ContactCode 'VIA23_3LG_C' has a minimum cut spacing 0.026 that is less than the cut layer minimum spacing 0.05. (line 2637) (TECH-084)
Information: ContactCode 'VIA23_3SQ' has a minimum cut spacing 0.026 that is less than the cut layer minimum spacing 0.05. (line 2656) (TECH-084)
Information: ContactCode 'VIA23_3BAR1' has a minimum cut spacing 0.026 that is less than the cut layer minimum spacing 0.05. (line 2675) (TECH-084)
Information: ContactCode 'VIA23_3BAR2' has a minimum cut spacing 0.026 that is less than the cut layer minimum spacing 0.05. (line 2694) (TECH-084)
Information: ContactCode 'VIA23_3LG' has a minimum cut spacing 0.026 that is less than the cut layer minimum spacing 0.05. (line 2712) (TECH-084)
Information: ContactCode 'VIA2_33_3SQ_C' has a minimum cut spacing 0.026 that is less than the cut layer minimum spacing 0.05. (line 2731) (TECH-084)
Information: ContactCode 'VIA2_33_3BAR1_C' has a minimum cut spacing 0.026 that is less than the cut layer minimum spacing 0.05. (line 2750) (TECH-084)
Information: ContactCode 'VIA2_33_3BAR2_C' has a minimum cut spacing 0.026 that is less than the cut layer minimum spacing 0.05. (line 2769) (TECH-084)
Information: ContactCode 'VIA2_33_3LG_C' has a minimum cut spacing 0.026 that is less than the cut layer minimum spacing 0.05. (line 2788) (TECH-084)
Information: ContactCode 'VIA2_33_3SQ' has a minimum cut spacing 0.026 that is less than the cut layer minimum spacing 0.05. (line 2807) (TECH-084)
Information: ContactCode 'VIA2_33_3BAR1' has a minimum cut spacing 0.026 that is less than the cut layer minimum spacing 0.05. (line 2826) (TECH-084)
Information: ContactCode 'VIA2_33_3BAR2' has a minimum cut spacing 0.026 that is less than the cut layer minimum spacing 0.05. (line 2845) (TECH-084)
Information: ContactCode 'VIA2_33_3LG' has a minimum cut spacing 0.026 that is less than the cut layer minimum spacing 0.05. (line 2864) (TECH-084)
Information: Loading technology file '/home/ICer/ITI/PnR_Grad/Backend/PnR/tech/saed14nm_1p9m_mw.tf' (FILE-007)
Information: db files specified in link_library already covered by full NDM reference libraries, the auto reference library creation will be disabled. (LIB-097)
Warning: Technology used to create frame-view and current technology have inconsistency: Min spacings are different for layer 'M1'. (FRAM-054)
Warning: Technology 'saed14rvt_1p9m.tf' used for frame-view creation in library 'saed14rvt', is inconsistent with the current technology 'saed14nm_1p9m_mw.tf' of library "cv32e40p_top'. (NDM-102)
{cv32e40p_top}
################# Load Design #################
read_verilog ../Synthesis/netlists/cv32e40p_top.v
Loading verilog file '/home/ICer/ITI/PnR_Grad/Backend/Synthesis/netlists/cv32e40p_top.v'
Information: Renamed scalar net '*Logic1*' to '*Logic1*1' in design 'cv32e40p_prefetch_controller_PULP_OBI0_COREV_PULP0_DEPTH2'. (VR-002)
Information: Renamed scalar net '*Logic1*' to '*Logic1*1' in design 'cv32e40p_prefetch_buffer_PULP_OBI0_COREV_PULP0'. (VR-002)
Information: Renamed scalar net '*Logic1*' to '*Logic1*1' in design 'cv32e40p_aligner'. (VR-002)
Information: Renamed scalar net '*Logic1*' to '*Logic1*1' in design 'cv32e40p_if_stage_COREV_PULP0_PULP_OBI0_PULP_SECURE0_FPU0_ZFINX0'. (VR-002)
Information: Renamed scalar net '*Logic0*' to '*Logic0*1' in design 'cv32e40p_top'. (VR-002)
Information: Reading Verilog into new design 'cv32e40p_top' in library 'cv32e40p_top'. (VR-012)
Number of modules read: 73
Top level ports: 379
Total ports in all modules: 11743
Total nets in all modules: 39912
Total instances in all modules: 27532
Elapsed = 00:00:00.60, CPU = 00:00:00.57
1
################# Multi Mode Multi Corner Analysis #################
source -e -v ./scripts/import/MCMM.tcl
remove_corners -all
Using libraries: cv32e40p_top saed14rvt
Linking block cv32e40p_top:cv32e40p_top.design
Information: User units loaded from library 'saed14rvt' (LNK-040)
Design 'cv32e40p_top' was successfully linked.
1
remove_modes -all
1
remove_scenarios -all
1
#load files
set tluplus_max_file "/mnt/hgfs/saed14_pdk/ttt/SAED14nm_PDK_12232018/starrc/max/saed14nm_1p9m_Cmax.tluplus"
/mnt/hgfs/saed14_pdk/ttt/SAED14nm_PDK_12232018/starrc/max/saed14nm_1p9m_Cmax.tluplus
set tluplus_min_file "/mnt/hgfs/saed14_pdk/ttt/SAED14nm_PDK_12232018/starrc/min/saed14nm_1p9m_Cmin.tluplus"
/mnt/hgfs/saed14_pdk/ttt/SAED14nm_PDK_12232018/starrc/min/saed14nm_1p9m_Cmin.tluplus
set map_file "/mnt/hgfs/saed14_pdk/ttt/SAED14nm_PDK_12232018/starrc/saed14nm_1p9m_layer.map"
/mnt/hgfs/saed14_pdk/ttt/SAED14nm_PDK_12232018/starrc/saed14nm_1p9m_layer.map
############ Read Parasitics Parameters ############
read_parasitic_tech -tlup $tluplus_max_file -layermap $map_file -name tlup_max
1
read_parasitic_tech -tlup $tluplus_min_file -layermap $map_file -name tlup_min
1
#corners
# In MCMM I must specifiy the (volt & temp) else the tool will use arbitrary values which are incorrect
create_corner slow_Cmax
1
create_corner slow_Cmin
1
create_corner fast_Cmax
1
create_corner fast_Cmin
1
set_process_label "ff"  -corners {fast_Cmax fast_Cmin}
1
set_temperature -40     -corners {fast_Cmax fast_Cmin}
1
set_voltage 0.88        -corners {fast_Cmax fast_Cmin}
1
set_process_label "ss"  -corners {slow_Cmax slow_Cmin}
1
set_temperature 125     -corners {slow_Cmax slow_Cmin}
1
set_voltage 0.6         -corners {slow_Cmax slow_Cmin}
1
#modes
create_mode func
1
create_mode test
1
#scenarios
create_scenario -mode func -corner slow_Cmax -name func_slow_Cmax
Created scenario func_slow_Cmax for mode func and corner slow_Cmax
All analysis types are activated.
{func_slow_Cmax}
create_scenario -mode func -corner slow_Cmin -name func_slow_Cmin
Created scenario func_slow_Cmin for mode func and corner slow_Cmin
All analysis types are activated.
{func_slow_Cmin}
create_scenario -mode func -corner fast_Cmax -name func_fast_Cmax
Created scenario func_fast_Cmax for mode func and corner fast_Cmax
All analysis types are activated.
{func_fast_Cmax}
create_scenario -mode func -corner fast_Cmin -name func_fast_Cmin
Created scenario func_fast_Cmin for mode func and corner fast_Cmin
All analysis types are activated.
{func_fast_Cmin}
create_scenario -mode test -corner slow_Cmax -name test_slow_Cmax
Created scenario test_slow_Cmax for mode test and corner slow_Cmax
All analysis types are activated.
{test_slow_Cmax}
create_scenario -mode test -corner slow_Cmin -name test_slow_Cmin
Created scenario test_slow_Cmin for mode test and corner slow_Cmin
All analysis types are activated.
{test_slow_Cmin}
create_scenario -mode test -corner fast_Cmax -name test_fast_Cmax
Created scenario test_fast_Cmax for mode test and corner fast_Cmax
All analysis types are activated.
{test_fast_Cmax}
create_scenario -mode test -corner fast_Cmin -name test_fast_Cmin
Created scenario test_fast_Cmin for mode test and corner fast_Cmin
All analysis types are activated.
{test_fast_Cmin}
############ Slow Corner ############
set_parasitic_parameters -early_spec tlup_max -late_spec tlup_max -early_temperature 125 -late_temperature 125 -corners {slow_Cmax}
1
set_parasitic_parameters -early_spec tlup_min -late_spec tlup_min -early_temperature 125 -late_temperature 125 -corners {slow_Cmin}
1
############ Fast Corner############
set_parasitic_parameters -early_spec tlup_max -late_spec tlup_max -early_temperature -40 -late_temperature -40 -corners {fast_Cmax}
1
set_parasitic_parameters -early_spec tlup_min -late_spec tlup_min -early_temperature -40 -late_temperature -40 -corners {fast_Cmin}
1
foreach_in_collection scenario [all_scenarios] {
current_scenario $scenario
################# Define Constraints File #################
read_sdc -e ../Synthesis/sdc/cv32e40p_top.sdc
}
Information: Loading SDC version 2.1 file '/home/ICer/ITI/PnR_Grad/Backend/Synthesis/sdc/cv32e40p_top.sdc' (FILE-007)
###################################################################
# Created by write_sdc on Tue Jul 1 12:04:20 2025
###################################################################
set sdc_version 2.1
set_units -time ns -resistance MOhm -capacitance fF -voltage V -current uA
set_max_fanout 25 [current_design]
Warning: The 'set_max_fanout' command is not supported in this program.  The command will be ignored. (CSTR-011)
set_driving_cell -lib_cell SAEDRVT14_BUF_4 -pin X [get_ports pulp_clock_en_i]
set_driving_cell -lib_cell SAEDRVT14_BUF_4 -pin X [get_ports scan_cg_en_i]
set_driving_cell -lib_cell SAEDRVT14_BUF_4 -pin X [get_ports {boot_addr_i[31]}]
set_driving_cell -lib_cell SAEDRVT14_BUF_4 -pin X [get_ports {boot_addr_i[30]}]
set_driving_cell -lib_cell SAEDRVT14_BUF_4 -pin X [get_ports {boot_addr_i[29]}]
set_driving_cell -lib_cell SAEDRVT14_BUF_4 -pin X [get_ports {boot_addr_i[28]}]
set_driving_cell -lib_cell SAEDRVT14_BUF_4 -pin X [get_ports {boot_addr_i[27]}]
set_driving_cell -lib_cell SAEDRVT14_BUF_4 -pin X [get_ports {boot_addr_i[26]}]
set_driving_cell -lib_cell SAEDRVT14_BUF_4 -pin X [get_ports {boot_addr_i[25]}]
set_driving_cell -lib_cell SAEDRVT14_BUF_4 -pin X [get_ports {boot_addr_i[24]}]
set_driving_cell -lib_cell SAEDRVT14_BUF_4 -pin X [get_ports {boot_addr_i[23]}]
set_driving_cell -lib_cell SAEDRVT14_BUF_4 -pin X [get_ports {boot_addr_i[22]}]
set_driving_cell -lib_cell SAEDRVT14_BUF_4 -pin X [get_ports {boot_addr_i[21]}]
set_driving_cell -lib_cell SAEDRVT14_BUF_4 -pin X [get_ports {boot_addr_i[20]}]
set_driving_cell -lib_cell SAEDRVT14_BUF_4 -pin X [get_ports {boot_addr_i[19]}]
set_driving_cell -lib_cell SAEDRVT14_BUF_4 -pin X [get_ports {boot_addr_i[18]}]
set_driving_cell -lib_cell SAEDRVT14_BUF_4 -pin X [get_ports {boot_addr_i[17]}]
set_driving_cell -lib_cell SAEDRVT14_BUF_4 -pin X [get_ports {boot_addr_i[16]}]
set_driving_cell -lib_cell SAEDRVT14_BUF_4 -pin X [get_ports {boot_addr_i[15]}]
set_driving_cell -lib_cell SAEDRVT14_BUF_4 -pin X [get_ports {boot_addr_i[14]}]
set_driving_cell -lib_cell SAEDRVT14_BUF_4 -pin X [get_ports {boot_addr_i[13]}]
set_driving_cell -lib_cell SAEDRVT14_BUF_4 -pin X [get_ports {boot_addr_i[12]}]
set_driving_cell -lib_cell SAEDRVT14_BUF_4 -pin X [get_ports {boot_addr_i[11]}]
set_driving_cell -lib_cell SAEDRVT14_BUF_4 -pin X [get_ports {boot_addr_i[10]}]
set_driving_cell -lib_cell SAEDRVT14_BUF_4 -pin X [get_ports {boot_addr_i[9]}]
set_driving_cell -lib_cell SAEDRVT14_BUF_4 -pin X [get_ports {boot_addr_i[8]}]
set_driving_cell -lib_cell SAEDRVT14_BUF_4 -pin X [get_ports {boot_addr_i[7]}]
set_driving_cell -lib_cell SAEDRVT14_BUF_4 -pin X [get_ports {boot_addr_i[6]}]
set_driving_cell -lib_cell SAEDRVT14_BUF_4 -pin X [get_ports {boot_addr_i[5]}]
set_driving_cell -lib_cell SAEDRVT14_BUF_4 -pin X [get_ports {boot_addr_i[4]}]
set_driving_cell -lib_cell SAEDRVT14_BUF_4 -pin X [get_ports {boot_addr_i[3]}]
set_driving_cell -lib_cell SAEDRVT14_BUF_4 -pin X [get_ports {boot_addr_i[2]}]
set_driving_cell -lib_cell SAEDRVT14_BUF_4 -pin X [get_ports {boot_addr_i[1]}]
set_driving_cell -lib_cell SAEDRVT14_BUF_4 -pin X [get_ports {boot_addr_i[0]}]
set_driving_cell -lib_cell SAEDRVT14_BUF_4 -pin X [get_ports {mtvec_addr_i[31]}]
set_driving_cell -lib_cell SAEDRVT14_BUF_4 -pin X [get_ports {mtvec_addr_i[30]}]
set_driving_cell -lib_cell SAEDRVT14_BUF_4 -pin X [get_ports {mtvec_addr_i[29]}]
set_driving_cell -lib_cell SAEDRVT14_BUF_4 -pin X [get_ports {mtvec_addr_i[28]}]
set_driving_cell -lib_cell SAEDRVT14_BUF_4 -pin X [get_ports {mtvec_addr_i[27]}]
set_driving_cell -lib_cell SAEDRVT14_BUF_4 -pin X [get_ports {mtvec_addr_i[26]}]
set_driving_cell -lib_cell SAEDRVT14_BUF_4 -pin X [get_ports {mtvec_addr_i[25]}]
set_driving_cell -lib_cell SAEDRVT14_BUF_4 -pin X [get_ports {mtvec_addr_i[24]}]
set_driving_cell -lib_cell SAEDRVT14_BUF_4 -pin X [get_ports {mtvec_addr_i[23]}]
set_driving_cell -lib_cell SAEDRVT14_BUF_4 -pin X [get_ports {mtvec_addr_i[22]}]
set_driving_cell -lib_cell SAEDRVT14_BUF_4 -pin X [get_ports {mtvec_addr_i[21]}]
set_driving_cell -lib_cell SAEDRVT14_BUF_4 -pin X [get_ports {mtvec_addr_i[20]}]
set_driving_cell -lib_cell SAEDRVT14_BUF_4 -pin X [get_ports {mtvec_addr_i[19]}]
set_driving_cell -lib_cell SAEDRVT14_BUF_4 -pin X [get_ports {mtvec_addr_i[18]}]
set_driving_cell -lib_cell SAEDRVT14_BUF_4 -pin X [get_ports {mtvec_addr_i[17]}]
set_driving_cell -lib_cell SAEDRVT14_BUF_4 -pin X [get_ports {mtvec_addr_i[16]}]
set_driving_cell -lib_cell SAEDRVT14_BUF_4 -pin X [get_ports {mtvec_addr_i[15]}]
set_driving_cell -lib_cell SAEDRVT14_BUF_4 -pin X [get_ports {mtvec_addr_i[14]}]
set_driving_cell -lib_cell SAEDRVT14_BUF_4 -pin X [get_ports {mtvec_addr_i[13]}]
set_driving_cell -lib_cell SAEDRVT14_BUF_4 -pin X [get_ports {mtvec_addr_i[12]}]
set_driving_cell -lib_cell SAEDRVT14_BUF_4 -pin X [get_ports {mtvec_addr_i[11]}]
set_driving_cell -lib_cell SAEDRVT14_BUF_4 -pin X [get_ports {mtvec_addr_i[10]}]
set_driving_cell -lib_cell SAEDRVT14_BUF_4 -pin X [get_ports {mtvec_addr_i[9]}]
set_driving_cell -lib_cell SAEDRVT14_BUF_4 -pin X [get_ports {mtvec_addr_i[8]}]
set_driving_cell -lib_cell SAEDRVT14_BUF_4 -pin X [get_ports {mtvec_addr_i[7]}]
set_driving_cell -lib_cell SAEDRVT14_BUF_4 -pin X [get_ports {mtvec_addr_i[6]}]
set_driving_cell -lib_cell SAEDRVT14_BUF_4 -pin X [get_ports {mtvec_addr_i[5]}]
set_driving_cell -lib_cell SAEDRVT14_BUF_4 -pin X [get_ports {mtvec_addr_i[4]}]
set_driving_cell -lib_cell SAEDRVT14_BUF_4 -pin X [get_ports {mtvec_addr_i[3]}]
set_driving_cell -lib_cell SAEDRVT14_BUF_4 -pin X [get_ports {mtvec_addr_i[2]}]
set_driving_cell -lib_cell SAEDRVT14_BUF_4 -pin X [get_ports {mtvec_addr_i[1]}]
set_driving_cell -lib_cell SAEDRVT14_BUF_4 -pin X [get_ports {mtvec_addr_i[0]}]
set_driving_cell -lib_cell SAEDRVT14_BUF_4 -pin X [get_ports {dm_halt_addr_i[31]}]
set_driving_cell -lib_cell SAEDRVT14_BUF_4 -pin X [get_ports {dm_halt_addr_i[30]}]
set_driving_cell -lib_cell SAEDRVT14_BUF_4 -pin X [get_ports {dm_halt_addr_i[29]}]
set_driving_cell -lib_cell SAEDRVT14_BUF_4 -pin X [get_ports {dm_halt_addr_i[28]}]
set_driving_cell -lib_cell SAEDRVT14_BUF_4 -pin X [get_ports {dm_halt_addr_i[27]}]
set_driving_cell -lib_cell SAEDRVT14_BUF_4 -pin X [get_ports {dm_halt_addr_i[26]}]
set_driving_cell -lib_cell SAEDRVT14_BUF_4 -pin X [get_ports {dm_halt_addr_i[25]}]
set_driving_cell -lib_cell SAEDRVT14_BUF_4 -pin X [get_ports {dm_halt_addr_i[24]}]
set_driving_cell -lib_cell SAEDRVT14_BUF_4 -pin X [get_ports {dm_halt_addr_i[23]}]
set_driving_cell -lib_cell SAEDRVT14_BUF_4 -pin X [get_ports {dm_halt_addr_i[22]}]
set_driving_cell -lib_cell SAEDRVT14_BUF_4 -pin X [get_ports {dm_halt_addr_i[21]}]
set_driving_cell -lib_cell SAEDRVT14_BUF_4 -pin X [get_ports {dm_halt_addr_i[20]}]
set_driving_cell -lib_cell SAEDRVT14_BUF_4 -pin X [get_ports {dm_halt_addr_i[19]}]
set_driving_cell -lib_cell SAEDRVT14_BUF_4 -pin X [get_ports {dm_halt_addr_i[18]}]
set_driving_cell -lib_cell SAEDRVT14_BUF_4 -pin X [get_ports {dm_halt_addr_i[17]}]
set_driving_cell -lib_cell SAEDRVT14_BUF_4 -pin X [get_ports {dm_halt_addr_i[16]}]
set_driving_cell -lib_cell SAEDRVT14_BUF_4 -pin X [get_ports {dm_halt_addr_i[15]}]
set_driving_cell -lib_cell SAEDRVT14_BUF_4 -pin X [get_ports {dm_halt_addr_i[14]}]
set_driving_cell -lib_cell SAEDRVT14_BUF_4 -pin X [get_ports {dm_halt_addr_i[13]}]
set_driving_cell -lib_cell SAEDRVT14_BUF_4 -pin X [get_ports {dm_halt_addr_i[12]}]
set_driving_cell -lib_cell SAEDRVT14_BUF_4 -pin X [get_ports {dm_halt_addr_i[11]}]
set_driving_cell -lib_cell SAEDRVT14_BUF_4 -pin X [get_ports {dm_halt_addr_i[10]}]
set_driving_cell -lib_cell SAEDRVT14_BUF_4 -pin X [get_ports {dm_halt_addr_i[9]}]
set_driving_cell -lib_cell SAEDRVT14_BUF_4 -pin X [get_ports {dm_halt_addr_i[8]}]
set_driving_cell -lib_cell SAEDRVT14_BUF_4 -pin X [get_ports {dm_halt_addr_i[7]}]
set_driving_cell -lib_cell SAEDRVT14_BUF_4 -pin X [get_ports {dm_halt_addr_i[6]}]
set_driving_cell -lib_cell SAEDRVT14_BUF_4 -pin X [get_ports {dm_halt_addr_i[5]}]
set_driving_cell -lib_cell SAEDRVT14_BUF_4 -pin X [get_ports {dm_halt_addr_i[4]}]
set_driving_cell -lib_cell SAEDRVT14_BUF_4 -pin X [get_ports {dm_halt_addr_i[3]}]
set_driving_cell -lib_cell SAEDRVT14_BUF_4 -pin X [get_ports {dm_halt_addr_i[2]}]
set_driving_cell -lib_cell SAEDRVT14_BUF_4 -pin X [get_ports {dm_halt_addr_i[1]}]
set_driving_cell -lib_cell SAEDRVT14_BUF_4 -pin X [get_ports {dm_halt_addr_i[0]}]
set_driving_cell -lib_cell SAEDRVT14_BUF_4 -pin X [get_ports {hart_id_i[31]}]
set_driving_cell -lib_cell SAEDRVT14_BUF_4 -pin X [get_ports {hart_id_i[30]}]
set_driving_cell -lib_cell SAEDRVT14_BUF_4 -pin X [get_ports {hart_id_i[29]}]
set_driving_cell -lib_cell SAEDRVT14_BUF_4 -pin X [get_ports {hart_id_i[28]}]
set_driving_cell -lib_cell SAEDRVT14_BUF_4 -pin X [get_ports {hart_id_i[27]}]
set_driving_cell -lib_cell SAEDRVT14_BUF_4 -pin X [get_ports {hart_id_i[26]}]
set_driving_cell -lib_cell SAEDRVT14_BUF_4 -pin X [get_ports {hart_id_i[25]}]
set_driving_cell -lib_cell SAEDRVT14_BUF_4 -pin X [get_ports {hart_id_i[24]}]
set_driving_cell -lib_cell SAEDRVT14_BUF_4 -pin X [get_ports {hart_id_i[23]}]
set_driving_cell -lib_cell SAEDRVT14_BUF_4 -pin X [get_ports {hart_id_i[22]}]
set_driving_cell -lib_cell SAEDRVT14_BUF_4 -pin X [get_ports {hart_id_i[21]}]
set_driving_cell -lib_cell SAEDRVT14_BUF_4 -pin X [get_ports {hart_id_i[20]}]
set_driving_cell -lib_cell SAEDRVT14_BUF_4 -pin X [get_ports {hart_id_i[19]}]
set_driving_cell -lib_cell SAEDRVT14_BUF_4 -pin X [get_ports {hart_id_i[18]}]
set_driving_cell -lib_cell SAEDRVT14_BUF_4 -pin X [get_ports {hart_id_i[17]}]
set_driving_cell -lib_cell SAEDRVT14_BUF_4 -pin X [get_ports {hart_id_i[16]}]
set_driving_cell -lib_cell SAEDRVT14_BUF_4 -pin X [get_ports {hart_id_i[15]}]
set_driving_cell -lib_cell SAEDRVT14_BUF_4 -pin X [get_ports {hart_id_i[14]}]
set_driving_cell -lib_cell SAEDRVT14_BUF_4 -pin X [get_ports {hart_id_i[13]}]
set_driving_cell -lib_cell SAEDRVT14_BUF_4 -pin X [get_ports {hart_id_i[12]}]
set_driving_cell -lib_cell SAEDRVT14_BUF_4 -pin X [get_ports {hart_id_i[11]}]
set_driving_cell -lib_cell SAEDRVT14_BUF_4 -pin X [get_ports {hart_id_i[10]}]
set_driving_cell -lib_cell SAEDRVT14_BUF_4 -pin X [get_ports {hart_id_i[9]}]
set_driving_cell -lib_cell SAEDRVT14_BUF_4 -pin X [get_ports {hart_id_i[8]}]
set_driving_cell -lib_cell SAEDRVT14_BUF_4 -pin X [get_ports {hart_id_i[7]}]
set_driving_cell -lib_cell SAEDRVT14_BUF_4 -pin X [get_ports {hart_id_i[6]}]
set_driving_cell -lib_cell SAEDRVT14_BUF_4 -pin X [get_ports {hart_id_i[5]}]
set_driving_cell -lib_cell SAEDRVT14_BUF_4 -pin X [get_ports {hart_id_i[4]}]
set_driving_cell -lib_cell SAEDRVT14_BUF_4 -pin X [get_ports {hart_id_i[3]}]
set_driving_cell -lib_cell SAEDRVT14_BUF_4 -pin X [get_ports {hart_id_i[2]}]
set_driving_cell -lib_cell SAEDRVT14_BUF_4 -pin X [get_ports {hart_id_i[1]}]
set_driving_cell -lib_cell SAEDRVT14_BUF_4 -pin X [get_ports {hart_id_i[0]}]
set_driving_cell -lib_cell SAEDRVT14_BUF_4 -pin X [get_ports {dm_exception_addr_i[31]}]
set_driving_cell -lib_cell SAEDRVT14_BUF_4 -pin X [get_ports {dm_exception_addr_i[30]}]
set_driving_cell -lib_cell SAEDRVT14_BUF_4 -pin X [get_ports {dm_exception_addr_i[29]}]
set_driving_cell -lib_cell SAEDRVT14_BUF_4 -pin X [get_ports {dm_exception_addr_i[28]}]
set_driving_cell -lib_cell SAEDRVT14_BUF_4 -pin X [get_ports {dm_exception_addr_i[27]}]
set_driving_cell -lib_cell SAEDRVT14_BUF_4 -pin X [get_ports {dm_exception_addr_i[26]}]
set_driving_cell -lib_cell SAEDRVT14_BUF_4 -pin X [get_ports {dm_exception_addr_i[25]}]
set_driving_cell -lib_cell SAEDRVT14_BUF_4 -pin X [get_ports {dm_exception_addr_i[24]}]
set_driving_cell -lib_cell SAEDRVT14_BUF_4 -pin X [get_ports {dm_exception_addr_i[23]}]
set_driving_cell -lib_cell SAEDRVT14_BUF_4 -pin X [get_ports {dm_exception_addr_i[22]}]
set_driving_cell -lib_cell SAEDRVT14_BUF_4 -pin X [get_ports {dm_exception_addr_i[21]}]
set_driving_cell -lib_cell SAEDRVT14_BUF_4 -pin X [get_ports {dm_exception_addr_i[20]}]
set_driving_cell -lib_cell SAEDRVT14_BUF_4 -pin X [get_ports {dm_exception_addr_i[19]}]
set_driving_cell -lib_cell SAEDRVT14_BUF_4 -pin X [get_ports {dm_exception_addr_i[18]}]
set_driving_cell -lib_cell SAEDRVT14_BUF_4 -pin X [get_ports {dm_exception_addr_i[17]}]
set_driving_cell -lib_cell SAEDRVT14_BUF_4 -pin X [get_ports {dm_exception_addr_i[16]}]
set_driving_cell -lib_cell SAEDRVT14_BUF_4 -pin X [get_ports {dm_exception_addr_i[15]}]
set_driving_cell -lib_cell SAEDRVT14_BUF_4 -pin X [get_ports {dm_exception_addr_i[14]}]
set_driving_cell -lib_cell SAEDRVT14_BUF_4 -pin X [get_ports {dm_exception_addr_i[13]}]
set_driving_cell -lib_cell SAEDRVT14_BUF_4 -pin X [get_ports {dm_exception_addr_i[12]}]
set_driving_cell -lib_cell SAEDRVT14_BUF_4 -pin X [get_ports {dm_exception_addr_i[11]}]
set_driving_cell -lib_cell SAEDRVT14_BUF_4 -pin X [get_ports {dm_exception_addr_i[10]}]
set_driving_cell -lib_cell SAEDRVT14_BUF_4 -pin X [get_ports {dm_exception_addr_i[9]}]
set_driving_cell -lib_cell SAEDRVT14_BUF_4 -pin X [get_ports {dm_exception_addr_i[8]}]
set_driving_cell -lib_cell SAEDRVT14_BUF_4 -pin X [get_ports {dm_exception_addr_i[7]}]
set_driving_cell -lib_cell SAEDRVT14_BUF_4 -pin X [get_ports {dm_exception_addr_i[6]}]
set_driving_cell -lib_cell SAEDRVT14_BUF_4 -pin X [get_ports {dm_exception_addr_i[5]}]
set_driving_cell -lib_cell SAEDRVT14_BUF_4 -pin X [get_ports {dm_exception_addr_i[4]}]
set_driving_cell -lib_cell SAEDRVT14_BUF_4 -pin X [get_ports {dm_exception_addr_i[3]}]
set_driving_cell -lib_cell SAEDRVT14_BUF_4 -pin X [get_ports {dm_exception_addr_i[2]}]
set_driving_cell -lib_cell SAEDRVT14_BUF_4 -pin X [get_ports {dm_exception_addr_i[1]}]
set_driving_cell -lib_cell SAEDRVT14_BUF_4 -pin X [get_ports {dm_exception_addr_i[0]}]
set_driving_cell -lib_cell SAEDRVT14_BUF_4 -pin X [get_ports instr_gnt_i]
set_driving_cell -lib_cell SAEDRVT14_BUF_4 -pin X [get_ports instr_rvalid_i]
set_driving_cell -lib_cell SAEDRVT14_BUF_4 -pin X [get_ports {instr_rdata_i[31]}]
set_driving_cell -lib_cell SAEDRVT14_BUF_4 -pin X [get_ports {instr_rdata_i[30]}]
set_driving_cell -lib_cell SAEDRVT14_BUF_4 -pin X [get_ports {instr_rdata_i[29]}]
set_driving_cell -lib_cell SAEDRVT14_BUF_4 -pin X [get_ports {instr_rdata_i[28]}]
set_driving_cell -lib_cell SAEDRVT14_BUF_4 -pin X [get_ports {instr_rdata_i[27]}]
set_driving_cell -lib_cell SAEDRVT14_BUF_4 -pin X [get_ports {instr_rdata_i[26]}]
set_driving_cell -lib_cell SAEDRVT14_BUF_4 -pin X [get_ports {instr_rdata_i[25]}]
set_driving_cell -lib_cell SAEDRVT14_BUF_4 -pin X [get_ports {instr_rdata_i[24]}]
set_driving_cell -lib_cell SAEDRVT14_BUF_4 -pin X [get_ports {instr_rdata_i[23]}]
set_driving_cell -lib_cell SAEDRVT14_BUF_4 -pin X [get_ports {instr_rdata_i[22]}]
set_driving_cell -lib_cell SAEDRVT14_BUF_4 -pin X [get_ports {instr_rdata_i[21]}]
set_driving_cell -lib_cell SAEDRVT14_BUF_4 -pin X [get_ports {instr_rdata_i[20]}]
set_driving_cell -lib_cell SAEDRVT14_BUF_4 -pin X [get_ports {instr_rdata_i[19]}]
set_driving_cell -lib_cell SAEDRVT14_BUF_4 -pin X [get_ports {instr_rdata_i[18]}]
set_driving_cell -lib_cell SAEDRVT14_BUF_4 -pin X [get_ports {instr_rdata_i[17]}]
set_driving_cell -lib_cell SAEDRVT14_BUF_4 -pin X [get_ports {instr_rdata_i[16]}]
set_driving_cell -lib_cell SAEDRVT14_BUF_4 -pin X [get_ports {instr_rdata_i[15]}]
set_driving_cell -lib_cell SAEDRVT14_BUF_4 -pin X [get_ports {instr_rdata_i[14]}]
set_driving_cell -lib_cell SAEDRVT14_BUF_4 -pin X [get_ports {instr_rdata_i[13]}]
set_driving_cell -lib_cell SAEDRVT14_BUF_4 -pin X [get_ports {instr_rdata_i[12]}]
set_driving_cell -lib_cell SAEDRVT14_BUF_4 -pin X [get_ports {instr_rdata_i[11]}]
set_driving_cell -lib_cell SAEDRVT14_BUF_4 -pin X [get_ports {instr_rdata_i[10]}]
set_driving_cell -lib_cell SAEDRVT14_BUF_4 -pin X [get_ports {instr_rdata_i[9]}]
set_driving_cell -lib_cell SAEDRVT14_BUF_4 -pin X [get_ports {instr_rdata_i[8]}]
set_driving_cell -lib_cell SAEDRVT14_BUF_4 -pin X [get_ports {instr_rdata_i[7]}]
set_driving_cell -lib_cell SAEDRVT14_BUF_4 -pin X [get_ports {instr_rdata_i[6]}]
set_driving_cell -lib_cell SAEDRVT14_BUF_4 -pin X [get_ports {instr_rdata_i[5]}]
set_driving_cell -lib_cell SAEDRVT14_BUF_4 -pin X [get_ports {instr_rdata_i[4]}]
set_driving_cell -lib_cell SAEDRVT14_BUF_4 -pin X [get_ports {instr_rdata_i[3]}]
set_driving_cell -lib_cell SAEDRVT14_BUF_4 -pin X [get_ports {instr_rdata_i[2]}]
set_driving_cell -lib_cell SAEDRVT14_BUF_4 -pin X [get_ports {instr_rdata_i[1]}]
set_driving_cell -lib_cell SAEDRVT14_BUF_4 -pin X [get_ports {instr_rdata_i[0]}]
set_driving_cell -lib_cell SAEDRVT14_BUF_4 -pin X [get_ports data_gnt_i]
set_driving_cell -lib_cell SAEDRVT14_BUF_4 -pin X [get_ports data_rvalid_i]
set_driving_cell -lib_cell SAEDRVT14_BUF_4 -pin X [get_ports {data_rdata_i[31]}]
set_driving_cell -lib_cell SAEDRVT14_BUF_4 -pin X [get_ports {data_rdata_i[30]}]
set_driving_cell -lib_cell SAEDRVT14_BUF_4 -pin X [get_ports {data_rdata_i[29]}]
set_driving_cell -lib_cell SAEDRVT14_BUF_4 -pin X [get_ports {data_rdata_i[28]}]
set_driving_cell -lib_cell SAEDRVT14_BUF_4 -pin X [get_ports {data_rdata_i[27]}]
set_driving_cell -lib_cell SAEDRVT14_BUF_4 -pin X [get_ports {data_rdata_i[26]}]
set_driving_cell -lib_cell SAEDRVT14_BUF_4 -pin X [get_ports {data_rdata_i[25]}]
set_driving_cell -lib_cell SAEDRVT14_BUF_4 -pin X [get_ports {data_rdata_i[24]}]
set_driving_cell -lib_cell SAEDRVT14_BUF_4 -pin X [get_ports {data_rdata_i[23]}]
set_driving_cell -lib_cell SAEDRVT14_BUF_4 -pin X [get_ports {data_rdata_i[22]}]
set_driving_cell -lib_cell SAEDRVT14_BUF_4 -pin X [get_ports {data_rdata_i[21]}]
set_driving_cell -lib_cell SAEDRVT14_BUF_4 -pin X [get_ports {data_rdata_i[20]}]
set_driving_cell -lib_cell SAEDRVT14_BUF_4 -pin X [get_ports {data_rdata_i[19]}]
set_driving_cell -lib_cell SAEDRVT14_BUF_4 -pin X [get_ports {data_rdata_i[18]}]
set_driving_cell -lib_cell SAEDRVT14_BUF_4 -pin X [get_ports {data_rdata_i[17]}]
set_driving_cell -lib_cell SAEDRVT14_BUF_4 -pin X [get_ports {data_rdata_i[16]}]
set_driving_cell -lib_cell SAEDRVT14_BUF_4 -pin X [get_ports {data_rdata_i[15]}]
set_driving_cell -lib_cell SAEDRVT14_BUF_4 -pin X [get_ports {data_rdata_i[14]}]
set_driving_cell -lib_cell SAEDRVT14_BUF_4 -pin X [get_ports {data_rdata_i[13]}]
set_driving_cell -lib_cell SAEDRVT14_BUF_4 -pin X [get_ports {data_rdata_i[12]}]
set_driving_cell -lib_cell SAEDRVT14_BUF_4 -pin X [get_ports {data_rdata_i[11]}]
set_driving_cell -lib_cell SAEDRVT14_BUF_4 -pin X [get_ports {data_rdata_i[10]}]
set_driving_cell -lib_cell SAEDRVT14_BUF_4 -pin X [get_ports {data_rdata_i[9]}]
set_driving_cell -lib_cell SAEDRVT14_BUF_4 -pin X [get_ports {data_rdata_i[8]}]
set_driving_cell -lib_cell SAEDRVT14_BUF_4 -pin X [get_ports {data_rdata_i[7]}]
set_driving_cell -lib_cell SAEDRVT14_BUF_4 -pin X [get_ports {data_rdata_i[6]}]
set_driving_cell -lib_cell SAEDRVT14_BUF_4 -pin X [get_ports {data_rdata_i[5]}]
set_driving_cell -lib_cell SAEDRVT14_BUF_4 -pin X [get_ports {data_rdata_i[4]}]
set_driving_cell -lib_cell SAEDRVT14_BUF_4 -pin X [get_ports {data_rdata_i[3]}]
set_driving_cell -lib_cell SAEDRVT14_BUF_4 -pin X [get_ports {data_rdata_i[2]}]
set_driving_cell -lib_cell SAEDRVT14_BUF_4 -pin X [get_ports {data_rdata_i[1]}]
set_driving_cell -lib_cell SAEDRVT14_BUF_4 -pin X [get_ports {data_rdata_i[0]}]
set_driving_cell -lib_cell SAEDRVT14_BUF_4 -pin X [get_ports {irq_i[31]}]
set_driving_cell -lib_cell SAEDRVT14_BUF_4 -pin X [get_ports {irq_i[30]}]
set_driving_cell -lib_cell SAEDRVT14_BUF_4 -pin X [get_ports {irq_i[29]}]
set_driving_cell -lib_cell SAEDRVT14_BUF_4 -pin X [get_ports {irq_i[28]}]
set_driving_cell -lib_cell SAEDRVT14_BUF_4 -pin X [get_ports {irq_i[27]}]
set_driving_cell -lib_cell SAEDRVT14_BUF_4 -pin X [get_ports {irq_i[26]}]
set_driving_cell -lib_cell SAEDRVT14_BUF_4 -pin X [get_ports {irq_i[25]}]
set_driving_cell -lib_cell SAEDRVT14_BUF_4 -pin X [get_ports {irq_i[24]}]
set_driving_cell -lib_cell SAEDRVT14_BUF_4 -pin X [get_ports {irq_i[23]}]
set_driving_cell -lib_cell SAEDRVT14_BUF_4 -pin X [get_ports {irq_i[22]}]
set_driving_cell -lib_cell SAEDRVT14_BUF_4 -pin X [get_ports {irq_i[21]}]
set_driving_cell -lib_cell SAEDRVT14_BUF_4 -pin X [get_ports {irq_i[20]}]
set_driving_cell -lib_cell SAEDRVT14_BUF_4 -pin X [get_ports {irq_i[19]}]
set_driving_cell -lib_cell SAEDRVT14_BUF_4 -pin X [get_ports {irq_i[18]}]
set_driving_cell -lib_cell SAEDRVT14_BUF_4 -pin X [get_ports {irq_i[17]}]
set_driving_cell -lib_cell SAEDRVT14_BUF_4 -pin X [get_ports {irq_i[16]}]
set_driving_cell -lib_cell SAEDRVT14_BUF_4 -pin X [get_ports {irq_i[15]}]
set_driving_cell -lib_cell SAEDRVT14_BUF_4 -pin X [get_ports {irq_i[14]}]
set_driving_cell -lib_cell SAEDRVT14_BUF_4 -pin X [get_ports {irq_i[13]}]
set_driving_cell -lib_cell SAEDRVT14_BUF_4 -pin X [get_ports {irq_i[12]}]
set_driving_cell -lib_cell SAEDRVT14_BUF_4 -pin X [get_ports {irq_i[11]}]
set_driving_cell -lib_cell SAEDRVT14_BUF_4 -pin X [get_ports {irq_i[10]}]
set_driving_cell -lib_cell SAEDRVT14_BUF_4 -pin X [get_ports {irq_i[9]}]
set_driving_cell -lib_cell SAEDRVT14_BUF_4 -pin X [get_ports {irq_i[8]}]
set_driving_cell -lib_cell SAEDRVT14_BUF_4 -pin X [get_ports {irq_i[7]}]
set_driving_cell -lib_cell SAEDRVT14_BUF_4 -pin X [get_ports {irq_i[6]}]
set_driving_cell -lib_cell SAEDRVT14_BUF_4 -pin X [get_ports {irq_i[5]}]
set_driving_cell -lib_cell SAEDRVT14_BUF_4 -pin X [get_ports {irq_i[4]}]
set_driving_cell -lib_cell SAEDRVT14_BUF_4 -pin X [get_ports {irq_i[3]}]
set_driving_cell -lib_cell SAEDRVT14_BUF_4 -pin X [get_ports {irq_i[2]}]
set_driving_cell -lib_cell SAEDRVT14_BUF_4 -pin X [get_ports {irq_i[1]}]
set_driving_cell -lib_cell SAEDRVT14_BUF_4 -pin X [get_ports {irq_i[0]}]
set_driving_cell -lib_cell SAEDRVT14_BUF_4 -pin X [get_ports debug_req_i]
set_driving_cell -lib_cell SAEDRVT14_BUF_4 -pin X [get_ports fetch_enable_i]
set_load -pin_load 0.5 [get_ports instr_req_o]
set_load -pin_load 0.5 [get_ports {instr_addr_o[31]}]
set_load -pin_load 0.5 [get_ports {instr_addr_o[30]}]
set_load -pin_load 0.5 [get_ports {instr_addr_o[29]}]
set_load -pin_load 0.5 [get_ports {instr_addr_o[28]}]
set_load -pin_load 0.5 [get_ports {instr_addr_o[27]}]
set_load -pin_load 0.5 [get_ports {instr_addr_o[26]}]
set_load -pin_load 0.5 [get_ports {instr_addr_o[25]}]
set_load -pin_load 0.5 [get_ports {instr_addr_o[24]}]
set_load -pin_load 0.5 [get_ports {instr_addr_o[23]}]
set_load -pin_load 0.5 [get_ports {instr_addr_o[22]}]
set_load -pin_load 0.5 [get_ports {instr_addr_o[21]}]
set_load -pin_load 0.5 [get_ports {instr_addr_o[20]}]
set_load -pin_load 0.5 [get_ports {instr_addr_o[19]}]
set_load -pin_load 0.5 [get_ports {instr_addr_o[18]}]
set_load -pin_load 0.5 [get_ports {instr_addr_o[17]}]
set_load -pin_load 0.5 [get_ports {instr_addr_o[16]}]
set_load -pin_load 0.5 [get_ports {instr_addr_o[15]}]
set_load -pin_load 0.5 [get_ports {instr_addr_o[14]}]
set_load -pin_load 0.5 [get_ports {instr_addr_o[13]}]
set_load -pin_load 0.5 [get_ports {instr_addr_o[12]}]
set_load -pin_load 0.5 [get_ports {instr_addr_o[11]}]
set_load -pin_load 0.5 [get_ports {instr_addr_o[10]}]
set_load -pin_load 0.5 [get_ports {instr_addr_o[9]}]
set_load -pin_load 0.5 [get_ports {instr_addr_o[8]}]
set_load -pin_load 0.5 [get_ports {instr_addr_o[7]}]
set_load -pin_load 0.5 [get_ports {instr_addr_o[6]}]
set_load -pin_load 0.5 [get_ports {instr_addr_o[5]}]
set_load -pin_load 0.5 [get_ports {instr_addr_o[4]}]
set_load -pin_load 0.5 [get_ports {instr_addr_o[3]}]
set_load -pin_load 0.5 [get_ports {instr_addr_o[2]}]
set_load -pin_load 0.5 [get_ports {instr_addr_o[1]}]
set_load -pin_load 0.5 [get_ports {instr_addr_o[0]}]
set_load -pin_load 0.5 [get_ports data_req_o]
set_load -pin_load 0.5 [get_ports data_we_o]
set_load -pin_load 0.5 [get_ports {data_be_o[3]}]
set_load -pin_load 0.5 [get_ports {data_be_o[2]}]
set_load -pin_load 0.5 [get_ports {data_be_o[1]}]
set_load -pin_load 0.5 [get_ports {data_be_o[0]}]
set_load -pin_load 0.5 [get_ports {data_addr_o[31]}]
set_load -pin_load 0.5 [get_ports {data_addr_o[30]}]
set_load -pin_load 0.5 [get_ports {data_addr_o[29]}]
set_load -pin_load 0.5 [get_ports {data_addr_o[28]}]
set_load -pin_load 0.5 [get_ports {data_addr_o[27]}]
set_load -pin_load 0.5 [get_ports {data_addr_o[26]}]
set_load -pin_load 0.5 [get_ports {data_addr_o[25]}]
set_load -pin_load 0.5 [get_ports {data_addr_o[24]}]
set_load -pin_load 0.5 [get_ports {data_addr_o[23]}]
set_load -pin_load 0.5 [get_ports {data_addr_o[22]}]
set_load -pin_load 0.5 [get_ports {data_addr_o[21]}]
set_load -pin_load 0.5 [get_ports {data_addr_o[20]}]
set_load -pin_load 0.5 [get_ports {data_addr_o[19]}]
set_load -pin_load 0.5 [get_ports {data_addr_o[18]}]
set_load -pin_load 0.5 [get_ports {data_addr_o[17]}]
set_load -pin_load 0.5 [get_ports {data_addr_o[16]}]
set_load -pin_load 0.5 [get_ports {data_addr_o[15]}]
set_load -pin_load 0.5 [get_ports {data_addr_o[14]}]
set_load -pin_load 0.5 [get_ports {data_addr_o[13]}]
set_load -pin_load 0.5 [get_ports {data_addr_o[12]}]
set_load -pin_load 0.5 [get_ports {data_addr_o[11]}]
set_load -pin_load 0.5 [get_ports {data_addr_o[10]}]
set_load -pin_load 0.5 [get_ports {data_addr_o[9]}]
set_load -pin_load 0.5 [get_ports {data_addr_o[8]}]
set_load -pin_load 0.5 [get_ports {data_addr_o[7]}]
set_load -pin_load 0.5 [get_ports {data_addr_o[6]}]
set_load -pin_load 0.5 [get_ports {data_addr_o[5]}]
set_load -pin_load 0.5 [get_ports {data_addr_o[4]}]
set_load -pin_load 0.5 [get_ports {data_addr_o[3]}]
set_load -pin_load 0.5 [get_ports {data_addr_o[2]}]
set_load -pin_load 0.5 [get_ports {data_addr_o[1]}]
set_load -pin_load 0.5 [get_ports {data_addr_o[0]}]
set_load -pin_load 0.5 [get_ports {data_wdata_o[31]}]
set_load -pin_load 0.5 [get_ports {data_wdata_o[30]}]
set_load -pin_load 0.5 [get_ports {data_wdata_o[29]}]
set_load -pin_load 0.5 [get_ports {data_wdata_o[28]}]
set_load -pin_load 0.5 [get_ports {data_wdata_o[27]}]
set_load -pin_load 0.5 [get_ports {data_wdata_o[26]}]
set_load -pin_load 0.5 [get_ports {data_wdata_o[25]}]
set_load -pin_load 0.5 [get_ports {data_wdata_o[24]}]
set_load -pin_load 0.5 [get_ports {data_wdata_o[23]}]
set_load -pin_load 0.5 [get_ports {data_wdata_o[22]}]
set_load -pin_load 0.5 [get_ports {data_wdata_o[21]}]
set_load -pin_load 0.5 [get_ports {data_wdata_o[20]}]
set_load -pin_load 0.5 [get_ports {data_wdata_o[19]}]
set_load -pin_load 0.5 [get_ports {data_wdata_o[18]}]
set_load -pin_load 0.5 [get_ports {data_wdata_o[17]}]
set_load -pin_load 0.5 [get_ports {data_wdata_o[16]}]
set_load -pin_load 0.5 [get_ports {data_wdata_o[15]}]
set_load -pin_load 0.5 [get_ports {data_wdata_o[14]}]
set_load -pin_load 0.5 [get_ports {data_wdata_o[13]}]
set_load -pin_load 0.5 [get_ports {data_wdata_o[12]}]
set_load -pin_load 0.5 [get_ports {data_wdata_o[11]}]
set_load -pin_load 0.5 [get_ports {data_wdata_o[10]}]
set_load -pin_load 0.5 [get_ports {data_wdata_o[9]}]
set_load -pin_load 0.5 [get_ports {data_wdata_o[8]}]
set_load -pin_load 0.5 [get_ports {data_wdata_o[7]}]
set_load -pin_load 0.5 [get_ports {data_wdata_o[6]}]
set_load -pin_load 0.5 [get_ports {data_wdata_o[5]}]
set_load -pin_load 0.5 [get_ports {data_wdata_o[4]}]
set_load -pin_load 0.5 [get_ports {data_wdata_o[3]}]
set_load -pin_load 0.5 [get_ports {data_wdata_o[2]}]
set_load -pin_load 0.5 [get_ports {data_wdata_o[1]}]
set_load -pin_load 0.5 [get_ports {data_wdata_o[0]}]
set_load -pin_load 0.5 [get_ports irq_ack_o]
set_load -pin_load 0.5 [get_ports {irq_id_o[4]}]
set_load -pin_load 0.5 [get_ports {irq_id_o[3]}]
set_load -pin_load 0.5 [get_ports {irq_id_o[2]}]
set_load -pin_load 0.5 [get_ports {irq_id_o[1]}]
set_load -pin_load 0.5 [get_ports {irq_id_o[0]}]
set_load -pin_load 0.5 [get_ports debug_havereset_o]
set_load -pin_load 0.5 [get_ports debug_running_o]
set_load -pin_load 0.5 [get_ports debug_halted_o]
set_load -pin_load 0.5 [get_ports core_sleep_o]
create_clock [get_ports clk_i]  -period 5  -waveform {0 2.5}
set_input_delay -clock clk_i  2.5  [get_ports {irq_i[31]}]
Begin building search trees for block cv32e40p_top:cv32e40p_top.design
Done building search trees for block cv32e40p_top:cv32e40p_top.design (time 0s)
************************************************************
Timer Settings:
Delay Calculation Style:                   auto
Signal Integrity Analysis:                 disabled
Timing Window Analysis:                    disabled
Advanced Waveform Propagation:             disabled
Variation Type:                            fixed_derate
Clock Reconvergence Pessimism Removal:     disabled
Advanced Receiver Model:                   disabled
************************************************************
set_input_delay -clock clk_i  2.5  [get_ports {irq_i[30]}]
set_input_delay -clock clk_i  2.5  [get_ports {irq_i[29]}]
set_input_delay -clock clk_i  2.5  [get_ports {irq_i[28]}]
set_input_delay -clock clk_i  2.5  [get_ports {irq_i[27]}]
set_input_delay -clock clk_i  2.5  [get_ports {irq_i[26]}]
set_input_delay -clock clk_i  2.5  [get_ports {irq_i[25]}]
set_input_delay -clock clk_i  2.5  [get_ports {irq_i[24]}]
set_input_delay -clock clk_i  2.5  [get_ports {irq_i[23]}]
set_input_delay -clock clk_i  2.5  [get_ports {irq_i[22]}]
set_input_delay -clock clk_i  2.5  [get_ports {irq_i[21]}]
set_input_delay -clock clk_i  2.5  [get_ports {irq_i[20]}]
set_input_delay -clock clk_i  2.5  [get_ports {irq_i[19]}]
set_input_delay -clock clk_i  2.5  [get_ports {irq_i[18]}]
set_input_delay -clock clk_i  2.5  [get_ports {irq_i[17]}]
set_input_delay -clock clk_i  2.5  [get_ports {irq_i[16]}]
set_input_delay -clock clk_i  2.5  [get_ports {irq_i[15]}]
set_input_delay -clock clk_i  2.5  [get_ports {irq_i[14]}]
set_input_delay -clock clk_i  2.5  [get_ports {irq_i[13]}]
set_input_delay -clock clk_i  2.5  [get_ports {irq_i[12]}]
set_input_delay -clock clk_i  2.5  [get_ports {irq_i[11]}]
set_input_delay -clock clk_i  2.5  [get_ports {irq_i[10]}]
set_input_delay -clock clk_i  2.5  [get_ports {irq_i[9]}]
set_input_delay -clock clk_i  2.5  [get_ports {irq_i[8]}]
set_input_delay -clock clk_i  2.5  [get_ports {irq_i[7]}]
set_input_delay -clock clk_i  2.5  [get_ports {irq_i[6]}]
set_input_delay -clock clk_i  2.5  [get_ports {irq_i[5]}]
set_input_delay -clock clk_i  2.5  [get_ports {irq_i[4]}]
set_input_delay -clock clk_i  2.5  [get_ports {irq_i[3]}]
set_input_delay -clock clk_i  2.5  [get_ports {irq_i[2]}]
set_input_delay -clock clk_i  2.5  [get_ports {irq_i[1]}]
set_input_delay -clock clk_i  2.5  [get_ports {irq_i[0]}]
set_input_delay -clock clk_i  4  [get_ports instr_gnt_i]
set_input_delay -clock clk_i  4  [get_ports instr_rvalid_i]
set_input_delay -clock clk_i  4  [get_ports {instr_rdata_i[31]}]
set_input_delay -clock clk_i  4  [get_ports {instr_rdata_i[30]}]
set_input_delay -clock clk_i  4  [get_ports {instr_rdata_i[29]}]
set_input_delay -clock clk_i  4  [get_ports {instr_rdata_i[28]}]
set_input_delay -clock clk_i  4  [get_ports {instr_rdata_i[27]}]
set_input_delay -clock clk_i  4  [get_ports {instr_rdata_i[26]}]
set_input_delay -clock clk_i  4  [get_ports {instr_rdata_i[25]}]
set_input_delay -clock clk_i  4  [get_ports {instr_rdata_i[24]}]
set_input_delay -clock clk_i  4  [get_ports {instr_rdata_i[23]}]
set_input_delay -clock clk_i  4  [get_ports {instr_rdata_i[22]}]
set_input_delay -clock clk_i  4  [get_ports {instr_rdata_i[21]}]
set_input_delay -clock clk_i  4  [get_ports {instr_rdata_i[20]}]
set_input_delay -clock clk_i  4  [get_ports {instr_rdata_i[19]}]
set_input_delay -clock clk_i  4  [get_ports {instr_rdata_i[18]}]
set_input_delay -clock clk_i  4  [get_ports {instr_rdata_i[17]}]
set_input_delay -clock clk_i  4  [get_ports {instr_rdata_i[16]}]
set_input_delay -clock clk_i  4  [get_ports {instr_rdata_i[15]}]
set_input_delay -clock clk_i  4  [get_ports {instr_rdata_i[14]}]
set_input_delay -clock clk_i  4  [get_ports {instr_rdata_i[13]}]
set_input_delay -clock clk_i  4  [get_ports {instr_rdata_i[12]}]
set_input_delay -clock clk_i  4  [get_ports {instr_rdata_i[11]}]
set_input_delay -clock clk_i  4  [get_ports {instr_rdata_i[10]}]
set_input_delay -clock clk_i  4  [get_ports {instr_rdata_i[9]}]
set_input_delay -clock clk_i  4  [get_ports {instr_rdata_i[8]}]
set_input_delay -clock clk_i  4  [get_ports {instr_rdata_i[7]}]
set_input_delay -clock clk_i  4  [get_ports {instr_rdata_i[6]}]
set_input_delay -clock clk_i  4  [get_ports {instr_rdata_i[5]}]
set_input_delay -clock clk_i  4  [get_ports {instr_rdata_i[4]}]
set_input_delay -clock clk_i  4  [get_ports {instr_rdata_i[3]}]
set_input_delay -clock clk_i  4  [get_ports {instr_rdata_i[2]}]
set_input_delay -clock clk_i  4  [get_ports {instr_rdata_i[1]}]
set_input_delay -clock clk_i  4  [get_ports {instr_rdata_i[0]}]
set_input_delay -clock clk_i  4  [get_ports data_gnt_i]
set_input_delay -clock clk_i  4  [get_ports data_rvalid_i]
set_input_delay -clock clk_i  4  [get_ports {data_rdata_i[31]}]
set_input_delay -clock clk_i  4  [get_ports {data_rdata_i[30]}]
set_input_delay -clock clk_i  4  [get_ports {data_rdata_i[29]}]
set_input_delay -clock clk_i  4  [get_ports {data_rdata_i[28]}]
set_input_delay -clock clk_i  4  [get_ports {data_rdata_i[27]}]
set_input_delay -clock clk_i  4  [get_ports {data_rdata_i[26]}]
set_input_delay -clock clk_i  4  [get_ports {data_rdata_i[25]}]
set_input_delay -clock clk_i  4  [get_ports {data_rdata_i[24]}]
set_input_delay -clock clk_i  4  [get_ports {data_rdata_i[23]}]
set_input_delay -clock clk_i  4  [get_ports {data_rdata_i[22]}]
set_input_delay -clock clk_i  4  [get_ports {data_rdata_i[21]}]
set_input_delay -clock clk_i  4  [get_ports {data_rdata_i[20]}]
set_input_delay -clock clk_i  4  [get_ports {data_rdata_i[19]}]
set_input_delay -clock clk_i  4  [get_ports {data_rdata_i[18]}]
set_input_delay -clock clk_i  4  [get_ports {data_rdata_i[17]}]
set_input_delay -clock clk_i  4  [get_ports {data_rdata_i[16]}]
set_input_delay -clock clk_i  4  [get_ports {data_rdata_i[15]}]
set_input_delay -clock clk_i  4  [get_ports {data_rdata_i[14]}]
set_input_delay -clock clk_i  4  [get_ports {data_rdata_i[13]}]
set_input_delay -clock clk_i  4  [get_ports {data_rdata_i[12]}]
set_input_delay -clock clk_i  4  [get_ports {data_rdata_i[11]}]
set_input_delay -clock clk_i  4  [get_ports {data_rdata_i[10]}]
set_input_delay -clock clk_i  4  [get_ports {data_rdata_i[9]}]
set_input_delay -clock clk_i  4  [get_ports {data_rdata_i[8]}]
set_input_delay -clock clk_i  4  [get_ports {data_rdata_i[7]}]
set_input_delay -clock clk_i  4  [get_ports {data_rdata_i[6]}]
set_input_delay -clock clk_i  4  [get_ports {data_rdata_i[5]}]
set_input_delay -clock clk_i  4  [get_ports {data_rdata_i[4]}]
set_input_delay -clock clk_i  4  [get_ports {data_rdata_i[3]}]
set_input_delay -clock clk_i  4  [get_ports {data_rdata_i[2]}]
set_input_delay -clock clk_i  4  [get_ports {data_rdata_i[1]}]
set_input_delay -clock clk_i  4  [get_ports {data_rdata_i[0]}]
set_input_delay -clock clk_i  0.5  [get_ports debug_req_i]
set_input_delay -clock clk_i  0.5  [get_ports {boot_addr_i[31]}]
set_input_delay -clock clk_i  0.5  [get_ports {boot_addr_i[30]}]
set_input_delay -clock clk_i  0.5  [get_ports {boot_addr_i[29]}]
set_input_delay -clock clk_i  0.5  [get_ports {boot_addr_i[28]}]
set_input_delay -clock clk_i  0.5  [get_ports {boot_addr_i[27]}]
set_input_delay -clock clk_i  0.5  [get_ports {boot_addr_i[26]}]
set_input_delay -clock clk_i  0.5  [get_ports {boot_addr_i[25]}]
set_input_delay -clock clk_i  0.5  [get_ports {boot_addr_i[24]}]
set_input_delay -clock clk_i  0.5  [get_ports {boot_addr_i[23]}]
set_input_delay -clock clk_i  0.5  [get_ports {boot_addr_i[22]}]
set_input_delay -clock clk_i  0.5  [get_ports {boot_addr_i[21]}]
set_input_delay -clock clk_i  0.5  [get_ports {boot_addr_i[20]}]
set_input_delay -clock clk_i  0.5  [get_ports {boot_addr_i[19]}]
set_input_delay -clock clk_i  0.5  [get_ports {boot_addr_i[18]}]
set_input_delay -clock clk_i  0.5  [get_ports {boot_addr_i[17]}]
set_input_delay -clock clk_i  0.5  [get_ports {boot_addr_i[16]}]
set_input_delay -clock clk_i  0.5  [get_ports {boot_addr_i[15]}]
set_input_delay -clock clk_i  0.5  [get_ports {boot_addr_i[14]}]
set_input_delay -clock clk_i  0.5  [get_ports {boot_addr_i[13]}]
set_input_delay -clock clk_i  0.5  [get_ports {boot_addr_i[12]}]
set_input_delay -clock clk_i  0.5  [get_ports {boot_addr_i[11]}]
set_input_delay -clock clk_i  0.5  [get_ports {boot_addr_i[10]}]
set_input_delay -clock clk_i  0.5  [get_ports {boot_addr_i[9]}]
set_input_delay -clock clk_i  0.5  [get_ports {boot_addr_i[8]}]
set_input_delay -clock clk_i  0.5  [get_ports {boot_addr_i[7]}]
set_input_delay -clock clk_i  0.5  [get_ports {boot_addr_i[6]}]
set_input_delay -clock clk_i  0.5  [get_ports {boot_addr_i[5]}]
set_input_delay -clock clk_i  0.5  [get_ports {boot_addr_i[4]}]
set_input_delay -clock clk_i  0.5  [get_ports {boot_addr_i[3]}]
set_input_delay -clock clk_i  0.5  [get_ports {boot_addr_i[2]}]
set_input_delay -clock clk_i  0.5  [get_ports {boot_addr_i[1]}]
set_input_delay -clock clk_i  0.5  [get_ports {boot_addr_i[0]}]
set_input_delay -clock clk_i  0.5  [get_ports {mtvec_addr_i[31]}]
set_input_delay -clock clk_i  0.5  [get_ports {mtvec_addr_i[30]}]
set_input_delay -clock clk_i  0.5  [get_ports {mtvec_addr_i[29]}]
set_input_delay -clock clk_i  0.5  [get_ports {mtvec_addr_i[28]}]
set_input_delay -clock clk_i  0.5  [get_ports {mtvec_addr_i[27]}]
set_input_delay -clock clk_i  0.5  [get_ports {mtvec_addr_i[26]}]
set_input_delay -clock clk_i  0.5  [get_ports {mtvec_addr_i[25]}]
set_input_delay -clock clk_i  0.5  [get_ports {mtvec_addr_i[24]}]
set_input_delay -clock clk_i  0.5  [get_ports {mtvec_addr_i[23]}]
set_input_delay -clock clk_i  0.5  [get_ports {mtvec_addr_i[22]}]
set_input_delay -clock clk_i  0.5  [get_ports {mtvec_addr_i[21]}]
set_input_delay -clock clk_i  0.5  [get_ports {mtvec_addr_i[20]}]
set_input_delay -clock clk_i  0.5  [get_ports {mtvec_addr_i[19]}]
set_input_delay -clock clk_i  0.5  [get_ports {mtvec_addr_i[18]}]
set_input_delay -clock clk_i  0.5  [get_ports {mtvec_addr_i[17]}]
set_input_delay -clock clk_i  0.5  [get_ports {mtvec_addr_i[16]}]
set_input_delay -clock clk_i  0.5  [get_ports {mtvec_addr_i[15]}]
set_input_delay -clock clk_i  0.5  [get_ports {mtvec_addr_i[14]}]
set_input_delay -clock clk_i  0.5  [get_ports {mtvec_addr_i[13]}]
set_input_delay -clock clk_i  0.5  [get_ports {mtvec_addr_i[12]}]
set_input_delay -clock clk_i  0.5  [get_ports {mtvec_addr_i[11]}]
set_input_delay -clock clk_i  0.5  [get_ports {mtvec_addr_i[10]}]
set_input_delay -clock clk_i  0.5  [get_ports {mtvec_addr_i[9]}]
set_input_delay -clock clk_i  0.5  [get_ports {mtvec_addr_i[8]}]
set_input_delay -clock clk_i  0.5  [get_ports {mtvec_addr_i[7]}]
set_input_delay -clock clk_i  0.5  [get_ports {mtvec_addr_i[6]}]
set_input_delay -clock clk_i  0.5  [get_ports {mtvec_addr_i[5]}]
set_input_delay -clock clk_i  0.5  [get_ports {mtvec_addr_i[4]}]
set_input_delay -clock clk_i  0.5  [get_ports {mtvec_addr_i[3]}]
set_input_delay -clock clk_i  0.5  [get_ports {mtvec_addr_i[2]}]
set_input_delay -clock clk_i  0.5  [get_ports {mtvec_addr_i[1]}]
set_input_delay -clock clk_i  0.5  [get_ports {mtvec_addr_i[0]}]
set_input_delay -clock clk_i  0.5  [get_ports {dm_halt_addr_i[31]}]
set_input_delay -clock clk_i  0.5  [get_ports {dm_halt_addr_i[30]}]
set_input_delay -clock clk_i  0.5  [get_ports {dm_halt_addr_i[29]}]
set_input_delay -clock clk_i  0.5  [get_ports {dm_halt_addr_i[28]}]
set_input_delay -clock clk_i  0.5  [get_ports {dm_halt_addr_i[27]}]
set_input_delay -clock clk_i  0.5  [get_ports {dm_halt_addr_i[26]}]
set_input_delay -clock clk_i  0.5  [get_ports {dm_halt_addr_i[25]}]
set_input_delay -clock clk_i  0.5  [get_ports {dm_halt_addr_i[24]}]
set_input_delay -clock clk_i  0.5  [get_ports {dm_halt_addr_i[23]}]
set_input_delay -clock clk_i  0.5  [get_ports {dm_halt_addr_i[22]}]
set_input_delay -clock clk_i  0.5  [get_ports {dm_halt_addr_i[21]}]
set_input_delay -clock clk_i  0.5  [get_ports {dm_halt_addr_i[20]}]
set_input_delay -clock clk_i  0.5  [get_ports {dm_halt_addr_i[19]}]
set_input_delay -clock clk_i  0.5  [get_ports {dm_halt_addr_i[18]}]
set_input_delay -clock clk_i  0.5  [get_ports {dm_halt_addr_i[17]}]
set_input_delay -clock clk_i  0.5  [get_ports {dm_halt_addr_i[16]}]
set_input_delay -clock clk_i  0.5  [get_ports {dm_halt_addr_i[15]}]
set_input_delay -clock clk_i  0.5  [get_ports {dm_halt_addr_i[14]}]
set_input_delay -clock clk_i  0.5  [get_ports {dm_halt_addr_i[13]}]
set_input_delay -clock clk_i  0.5  [get_ports {dm_halt_addr_i[12]}]
set_input_delay -clock clk_i  0.5  [get_ports {dm_halt_addr_i[11]}]
set_input_delay -clock clk_i  0.5  [get_ports {dm_halt_addr_i[10]}]
set_input_delay -clock clk_i  0.5  [get_ports {dm_halt_addr_i[9]}]
set_input_delay -clock clk_i  0.5  [get_ports {dm_halt_addr_i[8]}]
set_input_delay -clock clk_i  0.5  [get_ports {dm_halt_addr_i[7]}]
set_input_delay -clock clk_i  0.5  [get_ports {dm_halt_addr_i[6]}]
set_input_delay -clock clk_i  0.5  [get_ports {dm_halt_addr_i[5]}]
set_input_delay -clock clk_i  0.5  [get_ports {dm_halt_addr_i[4]}]
set_input_delay -clock clk_i  0.5  [get_ports {dm_halt_addr_i[3]}]
set_input_delay -clock clk_i  0.5  [get_ports {dm_halt_addr_i[2]}]
set_input_delay -clock clk_i  0.5  [get_ports {dm_halt_addr_i[1]}]
set_input_delay -clock clk_i  0.5  [get_ports {dm_halt_addr_i[0]}]
set_input_delay -clock clk_i  0.5  [get_ports {hart_id_i[31]}]
set_input_delay -clock clk_i  0.5  [get_ports {hart_id_i[30]}]
set_input_delay -clock clk_i  0.5  [get_ports {hart_id_i[29]}]
set_input_delay -clock clk_i  0.5  [get_ports {hart_id_i[28]}]
set_input_delay -clock clk_i  0.5  [get_ports {hart_id_i[27]}]
set_input_delay -clock clk_i  0.5  [get_ports {hart_id_i[26]}]
set_input_delay -clock clk_i  0.5  [get_ports {hart_id_i[25]}]
set_input_delay -clock clk_i  0.5  [get_ports {hart_id_i[24]}]
set_input_delay -clock clk_i  0.5  [get_ports {hart_id_i[23]}]
set_input_delay -clock clk_i  0.5  [get_ports {hart_id_i[22]}]
set_input_delay -clock clk_i  0.5  [get_ports {hart_id_i[21]}]
set_input_delay -clock clk_i  0.5  [get_ports {hart_id_i[20]}]
set_input_delay -clock clk_i  0.5  [get_ports {hart_id_i[19]}]
set_input_delay -clock clk_i  0.5  [get_ports {hart_id_i[18]}]
set_input_delay -clock clk_i  0.5  [get_ports {hart_id_i[17]}]
set_input_delay -clock clk_i  0.5  [get_ports {hart_id_i[16]}]
set_input_delay -clock clk_i  0.5  [get_ports {hart_id_i[15]}]
set_input_delay -clock clk_i  0.5  [get_ports {hart_id_i[14]}]
set_input_delay -clock clk_i  0.5  [get_ports {hart_id_i[13]}]
set_input_delay -clock clk_i  0.5  [get_ports {hart_id_i[12]}]
set_input_delay -clock clk_i  0.5  [get_ports {hart_id_i[11]}]
set_input_delay -clock clk_i  0.5  [get_ports {hart_id_i[10]}]
set_input_delay -clock clk_i  0.5  [get_ports {hart_id_i[9]}]
set_input_delay -clock clk_i  0.5  [get_ports {hart_id_i[8]}]
set_input_delay -clock clk_i  0.5  [get_ports {hart_id_i[7]}]
set_input_delay -clock clk_i  0.5  [get_ports {hart_id_i[6]}]
set_input_delay -clock clk_i  0.5  [get_ports {hart_id_i[5]}]
set_input_delay -clock clk_i  0.5  [get_ports {hart_id_i[4]}]
set_input_delay -clock clk_i  0.5  [get_ports {hart_id_i[3]}]
set_input_delay -clock clk_i  0.5  [get_ports {hart_id_i[2]}]
set_input_delay -clock clk_i  0.5  [get_ports {hart_id_i[1]}]
set_input_delay -clock clk_i  0.5  [get_ports {hart_id_i[0]}]
set_input_delay -clock clk_i  0.5  [get_ports {dm_exception_addr_i[31]}]
set_input_delay -clock clk_i  0.5  [get_ports {dm_exception_addr_i[30]}]
set_input_delay -clock clk_i  0.5  [get_ports {dm_exception_addr_i[29]}]
set_input_delay -clock clk_i  0.5  [get_ports {dm_exception_addr_i[28]}]
set_input_delay -clock clk_i  0.5  [get_ports {dm_exception_addr_i[27]}]
set_input_delay -clock clk_i  0.5  [get_ports {dm_exception_addr_i[26]}]
set_input_delay -clock clk_i  0.5  [get_ports {dm_exception_addr_i[25]}]
set_input_delay -clock clk_i  0.5  [get_ports {dm_exception_addr_i[24]}]
set_input_delay -clock clk_i  0.5  [get_ports {dm_exception_addr_i[23]}]
set_input_delay -clock clk_i  0.5  [get_ports {dm_exception_addr_i[22]}]
set_input_delay -clock clk_i  0.5  [get_ports {dm_exception_addr_i[21]}]
set_input_delay -clock clk_i  0.5  [get_ports {dm_exception_addr_i[20]}]
set_input_delay -clock clk_i  0.5  [get_ports {dm_exception_addr_i[19]}]
set_input_delay -clock clk_i  0.5  [get_ports {dm_exception_addr_i[18]}]
set_input_delay -clock clk_i  0.5  [get_ports {dm_exception_addr_i[17]}]
set_input_delay -clock clk_i  0.5  [get_ports {dm_exception_addr_i[16]}]
set_input_delay -clock clk_i  0.5  [get_ports {dm_exception_addr_i[15]}]
set_input_delay -clock clk_i  0.5  [get_ports {dm_exception_addr_i[14]}]
set_input_delay -clock clk_i  0.5  [get_ports {dm_exception_addr_i[13]}]
set_input_delay -clock clk_i  0.5  [get_ports {dm_exception_addr_i[12]}]
set_input_delay -clock clk_i  0.5  [get_ports {dm_exception_addr_i[11]}]
set_input_delay -clock clk_i  0.5  [get_ports {dm_exception_addr_i[10]}]
set_input_delay -clock clk_i  0.5  [get_ports {dm_exception_addr_i[9]}]
set_input_delay -clock clk_i  0.5  [get_ports {dm_exception_addr_i[8]}]
set_input_delay -clock clk_i  0.5  [get_ports {dm_exception_addr_i[7]}]
set_input_delay -clock clk_i  0.5  [get_ports {dm_exception_addr_i[6]}]
set_input_delay -clock clk_i  0.5  [get_ports {dm_exception_addr_i[5]}]
set_input_delay -clock clk_i  0.5  [get_ports {dm_exception_addr_i[4]}]
set_input_delay -clock clk_i  0.5  [get_ports {dm_exception_addr_i[3]}]
set_input_delay -clock clk_i  0.5  [get_ports {dm_exception_addr_i[2]}]
set_input_delay -clock clk_i  0.5  [get_ports {dm_exception_addr_i[1]}]
set_input_delay -clock clk_i  0.5  [get_ports {dm_exception_addr_i[0]}]
set_output_delay -clock clk_i  1.25  [get_ports irq_ack_o]
set_output_delay -clock clk_i  1.25  [get_ports {irq_id_o[4]}]
set_output_delay -clock clk_i  1.25  [get_ports {irq_id_o[3]}]
set_output_delay -clock clk_i  1.25  [get_ports {irq_id_o[2]}]
set_output_delay -clock clk_i  1.25  [get_ports {irq_id_o[1]}]
set_output_delay -clock clk_i  1.25  [get_ports {irq_id_o[0]}]
set_output_delay -clock clk_i  3  [get_ports instr_req_o]
set_output_delay -clock clk_i  3  [get_ports {instr_addr_o[31]}]
set_output_delay -clock clk_i  3  [get_ports {instr_addr_o[30]}]
set_output_delay -clock clk_i  3  [get_ports {instr_addr_o[29]}]
set_output_delay -clock clk_i  3  [get_ports {instr_addr_o[28]}]
set_output_delay -clock clk_i  3  [get_ports {instr_addr_o[27]}]
set_output_delay -clock clk_i  3  [get_ports {instr_addr_o[26]}]
set_output_delay -clock clk_i  3  [get_ports {instr_addr_o[25]}]
set_output_delay -clock clk_i  3  [get_ports {instr_addr_o[24]}]
set_output_delay -clock clk_i  3  [get_ports {instr_addr_o[23]}]
set_output_delay -clock clk_i  3  [get_ports {instr_addr_o[22]}]
set_output_delay -clock clk_i  3  [get_ports {instr_addr_o[21]}]
set_output_delay -clock clk_i  3  [get_ports {instr_addr_o[20]}]
set_output_delay -clock clk_i  3  [get_ports {instr_addr_o[19]}]
set_output_delay -clock clk_i  3  [get_ports {instr_addr_o[18]}]
set_output_delay -clock clk_i  3  [get_ports {instr_addr_o[17]}]
set_output_delay -clock clk_i  3  [get_ports {instr_addr_o[16]}]
set_output_delay -clock clk_i  3  [get_ports {instr_addr_o[15]}]
set_output_delay -clock clk_i  3  [get_ports {instr_addr_o[14]}]
set_output_delay -clock clk_i  3  [get_ports {instr_addr_o[13]}]
set_output_delay -clock clk_i  3  [get_ports {instr_addr_o[12]}]
set_output_delay -clock clk_i  3  [get_ports {instr_addr_o[11]}]
set_output_delay -clock clk_i  3  [get_ports {instr_addr_o[10]}]
set_output_delay -clock clk_i  3  [get_ports {instr_addr_o[9]}]
set_output_delay -clock clk_i  3  [get_ports {instr_addr_o[8]}]
set_output_delay -clock clk_i  3  [get_ports {instr_addr_o[7]}]
set_output_delay -clock clk_i  3  [get_ports {instr_addr_o[6]}]
set_output_delay -clock clk_i  3  [get_ports {instr_addr_o[5]}]
set_output_delay -clock clk_i  3  [get_ports {instr_addr_o[4]}]
set_output_delay -clock clk_i  3  [get_ports {instr_addr_o[3]}]
set_output_delay -clock clk_i  3  [get_ports {instr_addr_o[2]}]
set_output_delay -clock clk_i  3  [get_ports {instr_addr_o[1]}]
set_output_delay -clock clk_i  3  [get_ports {instr_addr_o[0]}]
set_output_delay -clock clk_i  3  [get_ports data_req_o]
set_output_delay -clock clk_i  3  [get_ports data_we_o]
set_output_delay -clock clk_i  3  [get_ports {data_be_o[3]}]
set_output_delay -clock clk_i  3  [get_ports {data_be_o[2]}]
set_output_delay -clock clk_i  3  [get_ports {data_be_o[1]}]
set_output_delay -clock clk_i  3  [get_ports {data_be_o[0]}]
set_output_delay -clock clk_i  3  [get_ports {data_addr_o[31]}]
set_output_delay -clock clk_i  3  [get_ports {data_addr_o[30]}]
set_output_delay -clock clk_i  3  [get_ports {data_addr_o[29]}]
set_output_delay -clock clk_i  3  [get_ports {data_addr_o[28]}]
set_output_delay -clock clk_i  3  [get_ports {data_addr_o[27]}]
set_output_delay -clock clk_i  3  [get_ports {data_addr_o[26]}]
set_output_delay -clock clk_i  3  [get_ports {data_addr_o[25]}]
set_output_delay -clock clk_i  3  [get_ports {data_addr_o[24]}]
set_output_delay -clock clk_i  3  [get_ports {data_addr_o[23]}]
set_output_delay -clock clk_i  3  [get_ports {data_addr_o[22]}]
set_output_delay -clock clk_i  3  [get_ports {data_addr_o[21]}]
set_output_delay -clock clk_i  3  [get_ports {data_addr_o[20]}]
set_output_delay -clock clk_i  3  [get_ports {data_addr_o[19]}]
set_output_delay -clock clk_i  3  [get_ports {data_addr_o[18]}]
set_output_delay -clock clk_i  3  [get_ports {data_addr_o[17]}]
set_output_delay -clock clk_i  3  [get_ports {data_addr_o[16]}]
set_output_delay -clock clk_i  3  [get_ports {data_addr_o[15]}]
set_output_delay -clock clk_i  3  [get_ports {data_addr_o[14]}]
set_output_delay -clock clk_i  3  [get_ports {data_addr_o[13]}]
set_output_delay -clock clk_i  3  [get_ports {data_addr_o[12]}]
set_output_delay -clock clk_i  3  [get_ports {data_addr_o[11]}]
set_output_delay -clock clk_i  3  [get_ports {data_addr_o[10]}]
set_output_delay -clock clk_i  3  [get_ports {data_addr_o[9]}]
set_output_delay -clock clk_i  3  [get_ports {data_addr_o[8]}]
set_output_delay -clock clk_i  3  [get_ports {data_addr_o[7]}]
set_output_delay -clock clk_i  3  [get_ports {data_addr_o[6]}]
set_output_delay -clock clk_i  3  [get_ports {data_addr_o[5]}]
set_output_delay -clock clk_i  3  [get_ports {data_addr_o[4]}]
set_output_delay -clock clk_i  3  [get_ports {data_addr_o[3]}]
set_output_delay -clock clk_i  3  [get_ports {data_addr_o[2]}]
set_output_delay -clock clk_i  3  [get_ports {data_addr_o[1]}]
set_output_delay -clock clk_i  3  [get_ports {data_addr_o[0]}]
set_output_delay -clock clk_i  3  [get_ports {data_wdata_o[31]}]
set_output_delay -clock clk_i  3  [get_ports {data_wdata_o[30]}]
set_output_delay -clock clk_i  3  [get_ports {data_wdata_o[29]}]
set_output_delay -clock clk_i  3  [get_ports {data_wdata_o[28]}]
set_output_delay -clock clk_i  3  [get_ports {data_wdata_o[27]}]
set_output_delay -clock clk_i  3  [get_ports {data_wdata_o[26]}]
set_output_delay -clock clk_i  3  [get_ports {data_wdata_o[25]}]
set_output_delay -clock clk_i  3  [get_ports {data_wdata_o[24]}]
set_output_delay -clock clk_i  3  [get_ports {data_wdata_o[23]}]
set_output_delay -clock clk_i  3  [get_ports {data_wdata_o[22]}]
set_output_delay -clock clk_i  3  [get_ports {data_wdata_o[21]}]
set_output_delay -clock clk_i  3  [get_ports {data_wdata_o[20]}]
set_output_delay -clock clk_i  3  [get_ports {data_wdata_o[19]}]
set_output_delay -clock clk_i  3  [get_ports {data_wdata_o[18]}]
set_output_delay -clock clk_i  3  [get_ports {data_wdata_o[17]}]
set_output_delay -clock clk_i  3  [get_ports {data_wdata_o[16]}]
set_output_delay -clock clk_i  3  [get_ports {data_wdata_o[15]}]
set_output_delay -clock clk_i  3  [get_ports {data_wdata_o[14]}]
set_output_delay -clock clk_i  3  [get_ports {data_wdata_o[13]}]
set_output_delay -clock clk_i  3  [get_ports {data_wdata_o[12]}]
set_output_delay -clock clk_i  3  [get_ports {data_wdata_o[11]}]
set_output_delay -clock clk_i  3  [get_ports {data_wdata_o[10]}]
set_output_delay -clock clk_i  3  [get_ports {data_wdata_o[9]}]
set_output_delay -clock clk_i  3  [get_ports {data_wdata_o[8]}]
set_output_delay -clock clk_i  3  [get_ports {data_wdata_o[7]}]
set_output_delay -clock clk_i  3  [get_ports {data_wdata_o[6]}]
set_output_delay -clock clk_i  3  [get_ports {data_wdata_o[5]}]
set_output_delay -clock clk_i  3  [get_ports {data_wdata_o[4]}]
set_output_delay -clock clk_i  3  [get_ports {data_wdata_o[3]}]
set_output_delay -clock clk_i  3  [get_ports {data_wdata_o[2]}]
set_output_delay -clock clk_i  3  [get_ports {data_wdata_o[1]}]
set_output_delay -clock clk_i  3  [get_ports {data_wdata_o[0]}]
set_output_delay -clock clk_i  3  [get_ports debug_havereset_o]
set_output_delay -clock clk_i  3  [get_ports debug_running_o]
set_output_delay -clock clk_i  3  [get_ports debug_halted_o]
set_output_delay -clock clk_i  1.25  [get_ports core_sleep_o]
Information: Loading SDC version 2.1 file '/home/ICer/ITI/PnR_Grad/Backend/Synthesis/sdc/cv32e40p_top.sdc' (FILE-007)
###################################################################
# Created by write_sdc on Tue Jul 1 12:04:20 2025
###################################################################
set sdc_version 2.1
set_units -time ns -resistance MOhm -capacitance fF -voltage V -current uA
set_max_fanout 25 [current_design]
set_driving_cell -lib_cell SAEDRVT14_BUF_4 -pin X [get_ports pulp_clock_en_i]
set_driving_cell -lib_cell SAEDRVT14_BUF_4 -pin X [get_ports scan_cg_en_i]
set_driving_cell -lib_cell SAEDRVT14_BUF_4 -pin X [get_ports {boot_addr_i[31]}]
set_driving_cell -lib_cell SAEDRVT14_BUF_4 -pin X [get_ports {boot_addr_i[30]}]
set_driving_cell -lib_cell SAEDRVT14_BUF_4 -pin X [get_ports {boot_addr_i[29]}]
set_driving_cell -lib_cell SAEDRVT14_BUF_4 -pin X [get_ports {boot_addr_i[28]}]
set_driving_cell -lib_cell SAEDRVT14_BUF_4 -pin X [get_ports {boot_addr_i[27]}]
set_driving_cell -lib_cell SAEDRVT14_BUF_4 -pin X [get_ports {boot_addr_i[26]}]
set_driving_cell -lib_cell SAEDRVT14_BUF_4 -pin X [get_ports {boot_addr_i[25]}]
set_driving_cell -lib_cell SAEDRVT14_BUF_4 -pin X [get_ports {boot_addr_i[24]}]
set_driving_cell -lib_cell SAEDRVT14_BUF_4 -pin X [get_ports {boot_addr_i[23]}]
set_driving_cell -lib_cell SAEDRVT14_BUF_4 -pin X [get_ports {boot_addr_i[22]}]
set_driving_cell -lib_cell SAEDRVT14_BUF_4 -pin X [get_ports {boot_addr_i[21]}]
set_driving_cell -lib_cell SAEDRVT14_BUF_4 -pin X [get_ports {boot_addr_i[20]}]
set_driving_cell -lib_cell SAEDRVT14_BUF_4 -pin X [get_ports {boot_addr_i[19]}]
set_driving_cell -lib_cell SAEDRVT14_BUF_4 -pin X [get_ports {boot_addr_i[18]}]
set_driving_cell -lib_cell SAEDRVT14_BUF_4 -pin X [get_ports {boot_addr_i[17]}]
set_driving_cell -lib_cell SAEDRVT14_BUF_4 -pin X [get_ports {boot_addr_i[16]}]
set_driving_cell -lib_cell SAEDRVT14_BUF_4 -pin X [get_ports {boot_addr_i[15]}]
set_driving_cell -lib_cell SAEDRVT14_BUF_4 -pin X [get_ports {boot_addr_i[14]}]
set_driving_cell -lib_cell SAEDRVT14_BUF_4 -pin X [get_ports {boot_addr_i[13]}]
set_driving_cell -lib_cell SAEDRVT14_BUF_4 -pin X [get_ports {boot_addr_i[12]}]
set_driving_cell -lib_cell SAEDRVT14_BUF_4 -pin X [get_ports {boot_addr_i[11]}]
set_driving_cell -lib_cell SAEDRVT14_BUF_4 -pin X [get_ports {boot_addr_i[10]}]
set_driving_cell -lib_cell SAEDRVT14_BUF_4 -pin X [get_ports {boot_addr_i[9]}]
set_driving_cell -lib_cell SAEDRVT14_BUF_4 -pin X [get_ports {boot_addr_i[8]}]
set_driving_cell -lib_cell SAEDRVT14_BUF_4 -pin X [get_ports {boot_addr_i[7]}]
set_driving_cell -lib_cell SAEDRVT14_BUF_4 -pin X [get_ports {boot_addr_i[6]}]
set_driving_cell -lib_cell SAEDRVT14_BUF_4 -pin X [get_ports {boot_addr_i[5]}]
set_driving_cell -lib_cell SAEDRVT14_BUF_4 -pin X [get_ports {boot_addr_i[4]}]
set_driving_cell -lib_cell SAEDRVT14_BUF_4 -pin X [get_ports {boot_addr_i[3]}]
set_driving_cell -lib_cell SAEDRVT14_BUF_4 -pin X [get_ports {boot_addr_i[2]}]
set_driving_cell -lib_cell SAEDRVT14_BUF_4 -pin X [get_ports {boot_addr_i[1]}]
set_driving_cell -lib_cell SAEDRVT14_BUF_4 -pin X [get_ports {boot_addr_i[0]}]
set_driving_cell -lib_cell SAEDRVT14_BUF_4 -pin X [get_ports {mtvec_addr_i[31]}]
set_driving_cell -lib_cell SAEDRVT14_BUF_4 -pin X [get_ports {mtvec_addr_i[30]}]
set_driving_cell -lib_cell SAEDRVT14_BUF_4 -pin X [get_ports {mtvec_addr_i[29]}]
set_driving_cell -lib_cell SAEDRVT14_BUF_4 -pin X [get_ports {mtvec_addr_i[28]}]
set_driving_cell -lib_cell SAEDRVT14_BUF_4 -pin X [get_ports {mtvec_addr_i[27]}]
set_driving_cell -lib_cell SAEDRVT14_BUF_4 -pin X [get_ports {mtvec_addr_i[26]}]
set_driving_cell -lib_cell SAEDRVT14_BUF_4 -pin X [get_ports {mtvec_addr_i[25]}]
set_driving_cell -lib_cell SAEDRVT14_BUF_4 -pin X [get_ports {mtvec_addr_i[24]}]
set_driving_cell -lib_cell SAEDRVT14_BUF_4 -pin X [get_ports {mtvec_addr_i[23]}]
set_driving_cell -lib_cell SAEDRVT14_BUF_4 -pin X [get_ports {mtvec_addr_i[22]}]
set_driving_cell -lib_cell SAEDRVT14_BUF_4 -pin X [get_ports {mtvec_addr_i[21]}]
set_driving_cell -lib_cell SAEDRVT14_BUF_4 -pin X [get_ports {mtvec_addr_i[20]}]
set_driving_cell -lib_cell SAEDRVT14_BUF_4 -pin X [get_ports {mtvec_addr_i[19]}]
set_driving_cell -lib_cell SAEDRVT14_BUF_4 -pin X [get_ports {mtvec_addr_i[18]}]
set_driving_cell -lib_cell SAEDRVT14_BUF_4 -pin X [get_ports {mtvec_addr_i[17]}]
set_driving_cell -lib_cell SAEDRVT14_BUF_4 -pin X [get_ports {mtvec_addr_i[16]}]
set_driving_cell -lib_cell SAEDRVT14_BUF_4 -pin X [get_ports {mtvec_addr_i[15]}]
set_driving_cell -lib_cell SAEDRVT14_BUF_4 -pin X [get_ports {mtvec_addr_i[14]}]
set_driving_cell -lib_cell SAEDRVT14_BUF_4 -pin X [get_ports {mtvec_addr_i[13]}]
set_driving_cell -lib_cell SAEDRVT14_BUF_4 -pin X [get_ports {mtvec_addr_i[12]}]
set_driving_cell -lib_cell SAEDRVT14_BUF_4 -pin X [get_ports {mtvec_addr_i[11]}]
set_driving_cell -lib_cell SAEDRVT14_BUF_4 -pin X [get_ports {mtvec_addr_i[10]}]
set_driving_cell -lib_cell SAEDRVT14_BUF_4 -pin X [get_ports {mtvec_addr_i[9]}]
set_driving_cell -lib_cell SAEDRVT14_BUF_4 -pin X [get_ports {mtvec_addr_i[8]}]
set_driving_cell -lib_cell SAEDRVT14_BUF_4 -pin X [get_ports {mtvec_addr_i[7]}]
set_driving_cell -lib_cell SAEDRVT14_BUF_4 -pin X [get_ports {mtvec_addr_i[6]}]
set_driving_cell -lib_cell SAEDRVT14_BUF_4 -pin X [get_ports {mtvec_addr_i[5]}]
set_driving_cell -lib_cell SAEDRVT14_BUF_4 -pin X [get_ports {mtvec_addr_i[4]}]
set_driving_cell -lib_cell SAEDRVT14_BUF_4 -pin X [get_ports {mtvec_addr_i[3]}]
set_driving_cell -lib_cell SAEDRVT14_BUF_4 -pin X [get_ports {mtvec_addr_i[2]}]
set_driving_cell -lib_cell SAEDRVT14_BUF_4 -pin X [get_ports {mtvec_addr_i[1]}]
set_driving_cell -lib_cell SAEDRVT14_BUF_4 -pin X [get_ports {mtvec_addr_i[0]}]
set_driving_cell -lib_cell SAEDRVT14_BUF_4 -pin X [get_ports {dm_halt_addr_i[31]}]
set_driving_cell -lib_cell SAEDRVT14_BUF_4 -pin X [get_ports {dm_halt_addr_i[30]}]
set_driving_cell -lib_cell SAEDRVT14_BUF_4 -pin X [get_ports {dm_halt_addr_i[29]}]
set_driving_cell -lib_cell SAEDRVT14_BUF_4 -pin X [get_ports {dm_halt_addr_i[28]}]
set_driving_cell -lib_cell SAEDRVT14_BUF_4 -pin X [get_ports {dm_halt_addr_i[27]}]
set_driving_cell -lib_cell SAEDRVT14_BUF_4 -pin X [get_ports {dm_halt_addr_i[26]}]
set_driving_cell -lib_cell SAEDRVT14_BUF_4 -pin X [get_ports {dm_halt_addr_i[25]}]
set_driving_cell -lib_cell SAEDRVT14_BUF_4 -pin X [get_ports {dm_halt_addr_i[24]}]
set_driving_cell -lib_cell SAEDRVT14_BUF_4 -pin X [get_ports {dm_halt_addr_i[23]}]
set_driving_cell -lib_cell SAEDRVT14_BUF_4 -pin X [get_ports {dm_halt_addr_i[22]}]
set_driving_cell -lib_cell SAEDRVT14_BUF_4 -pin X [get_ports {dm_halt_addr_i[21]}]
set_driving_cell -lib_cell SAEDRVT14_BUF_4 -pin X [get_ports {dm_halt_addr_i[20]}]
set_driving_cell -lib_cell SAEDRVT14_BUF_4 -pin X [get_ports {dm_halt_addr_i[19]}]
set_driving_cell -lib_cell SAEDRVT14_BUF_4 -pin X [get_ports {dm_halt_addr_i[18]}]
set_driving_cell -lib_cell SAEDRVT14_BUF_4 -pin X [get_ports {dm_halt_addr_i[17]}]
set_driving_cell -lib_cell SAEDRVT14_BUF_4 -pin X [get_ports {dm_halt_addr_i[16]}]
set_driving_cell -lib_cell SAEDRVT14_BUF_4 -pin X [get_ports {dm_halt_addr_i[15]}]
set_driving_cell -lib_cell SAEDRVT14_BUF_4 -pin X [get_ports {dm_halt_addr_i[14]}]
set_driving_cell -lib_cell SAEDRVT14_BUF_4 -pin X [get_ports {dm_halt_addr_i[13]}]
set_driving_cell -lib_cell SAEDRVT14_BUF_4 -pin X [get_ports {dm_halt_addr_i[12]}]
set_driving_cell -lib_cell SAEDRVT14_BUF_4 -pin X [get_ports {dm_halt_addr_i[11]}]
set_driving_cell -lib_cell SAEDRVT14_BUF_4 -pin X [get_ports {dm_halt_addr_i[10]}]
set_driving_cell -lib_cell SAEDRVT14_BUF_4 -pin X [get_ports {dm_halt_addr_i[9]}]
set_driving_cell -lib_cell SAEDRVT14_BUF_4 -pin X [get_ports {dm_halt_addr_i[8]}]
set_driving_cell -lib_cell SAEDRVT14_BUF_4 -pin X [get_ports {dm_halt_addr_i[7]}]
set_driving_cell -lib_cell SAEDRVT14_BUF_4 -pin X [get_ports {dm_halt_addr_i[6]}]
set_driving_cell -lib_cell SAEDRVT14_BUF_4 -pin X [get_ports {dm_halt_addr_i[5]}]
set_driving_cell -lib_cell SAEDRVT14_BUF_4 -pin X [get_ports {dm_halt_addr_i[4]}]
set_driving_cell -lib_cell SAEDRVT14_BUF_4 -pin X [get_ports {dm_halt_addr_i[3]}]
set_driving_cell -lib_cell SAEDRVT14_BUF_4 -pin X [get_ports {dm_halt_addr_i[2]}]
set_driving_cell -lib_cell SAEDRVT14_BUF_4 -pin X [get_ports {dm_halt_addr_i[1]}]
set_driving_cell -lib_cell SAEDRVT14_BUF_4 -pin X [get_ports {dm_halt_addr_i[0]}]
set_driving_cell -lib_cell SAEDRVT14_BUF_4 -pin X [get_ports {hart_id_i[31]}]
set_driving_cell -lib_cell SAEDRVT14_BUF_4 -pin X [get_ports {hart_id_i[30]}]
set_driving_cell -lib_cell SAEDRVT14_BUF_4 -pin X [get_ports {hart_id_i[29]}]
set_driving_cell -lib_cell SAEDRVT14_BUF_4 -pin X [get_ports {hart_id_i[28]}]
set_driving_cell -lib_cell SAEDRVT14_BUF_4 -pin X [get_ports {hart_id_i[27]}]
set_driving_cell -lib_cell SAEDRVT14_BUF_4 -pin X [get_ports {hart_id_i[26]}]
set_driving_cell -lib_cell SAEDRVT14_BUF_4 -pin X [get_ports {hart_id_i[25]}]
set_driving_cell -lib_cell SAEDRVT14_BUF_4 -pin X [get_ports {hart_id_i[24]}]
set_driving_cell -lib_cell SAEDRVT14_BUF_4 -pin X [get_ports {hart_id_i[23]}]
set_driving_cell -lib_cell SAEDRVT14_BUF_4 -pin X [get_ports {hart_id_i[22]}]
set_driving_cell -lib_cell SAEDRVT14_BUF_4 -pin X [get_ports {hart_id_i[21]}]
set_driving_cell -lib_cell SAEDRVT14_BUF_4 -pin X [get_ports {hart_id_i[20]}]
set_driving_cell -lib_cell SAEDRVT14_BUF_4 -pin X [get_ports {hart_id_i[19]}]
set_driving_cell -lib_cell SAEDRVT14_BUF_4 -pin X [get_ports {hart_id_i[18]}]
set_driving_cell -lib_cell SAEDRVT14_BUF_4 -pin X [get_ports {hart_id_i[17]}]
set_driving_cell -lib_cell SAEDRVT14_BUF_4 -pin X [get_ports {hart_id_i[16]}]
set_driving_cell -lib_cell SAEDRVT14_BUF_4 -pin X [get_ports {hart_id_i[15]}]
set_driving_cell -lib_cell SAEDRVT14_BUF_4 -pin X [get_ports {hart_id_i[14]}]
set_driving_cell -lib_cell SAEDRVT14_BUF_4 -pin X [get_ports {hart_id_i[13]}]
set_driving_cell -lib_cell SAEDRVT14_BUF_4 -pin X [get_ports {hart_id_i[12]}]
set_driving_cell -lib_cell SAEDRVT14_BUF_4 -pin X [get_ports {hart_id_i[11]}]
set_driving_cell -lib_cell SAEDRVT14_BUF_4 -pin X [get_ports {hart_id_i[10]}]
set_driving_cell -lib_cell SAEDRVT14_BUF_4 -pin X [get_ports {hart_id_i[9]}]
set_driving_cell -lib_cell SAEDRVT14_BUF_4 -pin X [get_ports {hart_id_i[8]}]
set_driving_cell -lib_cell SAEDRVT14_BUF_4 -pin X [get_ports {hart_id_i[7]}]
set_driving_cell -lib_cell SAEDRVT14_BUF_4 -pin X [get_ports {hart_id_i[6]}]
set_driving_cell -lib_cell SAEDRVT14_BUF_4 -pin X [get_ports {hart_id_i[5]}]
set_driving_cell -lib_cell SAEDRVT14_BUF_4 -pin X [get_ports {hart_id_i[4]}]
set_driving_cell -lib_cell SAEDRVT14_BUF_4 -pin X [get_ports {hart_id_i[3]}]
set_driving_cell -lib_cell SAEDRVT14_BUF_4 -pin X [get_ports {hart_id_i[2]}]
set_driving_cell -lib_cell SAEDRVT14_BUF_4 -pin X [get_ports {hart_id_i[1]}]
set_driving_cell -lib_cell SAEDRVT14_BUF_4 -pin X [get_ports {hart_id_i[0]}]
set_driving_cell -lib_cell SAEDRVT14_BUF_4 -pin X [get_ports {dm_exception_addr_i[31]}]
set_driving_cell -lib_cell SAEDRVT14_BUF_4 -pin X [get_ports {dm_exception_addr_i[30]}]
set_driving_cell -lib_cell SAEDRVT14_BUF_4 -pin X [get_ports {dm_exception_addr_i[29]}]
set_driving_cell -lib_cell SAEDRVT14_BUF_4 -pin X [get_ports {dm_exception_addr_i[28]}]
set_driving_cell -lib_cell SAEDRVT14_BUF_4 -pin X [get_ports {dm_exception_addr_i[27]}]
set_driving_cell -lib_cell SAEDRVT14_BUF_4 -pin X [get_ports {dm_exception_addr_i[26]}]
set_driving_cell -lib_cell SAEDRVT14_BUF_4 -pin X [get_ports {dm_exception_addr_i[25]}]
set_driving_cell -lib_cell SAEDRVT14_BUF_4 -pin X [get_ports {dm_exception_addr_i[24]}]
set_driving_cell -lib_cell SAEDRVT14_BUF_4 -pin X [get_ports {dm_exception_addr_i[23]}]
set_driving_cell -lib_cell SAEDRVT14_BUF_4 -pin X [get_ports {dm_exception_addr_i[22]}]
set_driving_cell -lib_cell SAEDRVT14_BUF_4 -pin X [get_ports {dm_exception_addr_i[21]}]
set_driving_cell -lib_cell SAEDRVT14_BUF_4 -pin X [get_ports {dm_exception_addr_i[20]}]
set_driving_cell -lib_cell SAEDRVT14_BUF_4 -pin X [get_ports {dm_exception_addr_i[19]}]
set_driving_cell -lib_cell SAEDRVT14_BUF_4 -pin X [get_ports {dm_exception_addr_i[18]}]
set_driving_cell -lib_cell SAEDRVT14_BUF_4 -pin X [get_ports {dm_exception_addr_i[17]}]
set_driving_cell -lib_cell SAEDRVT14_BUF_4 -pin X [get_ports {dm_exception_addr_i[16]}]
set_driving_cell -lib_cell SAEDRVT14_BUF_4 -pin X [get_ports {dm_exception_addr_i[15]}]
set_driving_cell -lib_cell SAEDRVT14_BUF_4 -pin X [get_ports {dm_exception_addr_i[14]}]
set_driving_cell -lib_cell SAEDRVT14_BUF_4 -pin X [get_ports {dm_exception_addr_i[13]}]
set_driving_cell -lib_cell SAEDRVT14_BUF_4 -pin X [get_ports {dm_exception_addr_i[12]}]
set_driving_cell -lib_cell SAEDRVT14_BUF_4 -pin X [get_ports {dm_exception_addr_i[11]}]
set_driving_cell -lib_cell SAEDRVT14_BUF_4 -pin X [get_ports {dm_exception_addr_i[10]}]
set_driving_cell -lib_cell SAEDRVT14_BUF_4 -pin X [get_ports {dm_exception_addr_i[9]}]
set_driving_cell -lib_cell SAEDRVT14_BUF_4 -pin X [get_ports {dm_exception_addr_i[8]}]
set_driving_cell -lib_cell SAEDRVT14_BUF_4 -pin X [get_ports {dm_exception_addr_i[7]}]
set_driving_cell -lib_cell SAEDRVT14_BUF_4 -pin X [get_ports {dm_exception_addr_i[6]}]
set_driving_cell -lib_cell SAEDRVT14_BUF_4 -pin X [get_ports {dm_exception_addr_i[5]}]
set_driving_cell -lib_cell SAEDRVT14_BUF_4 -pin X [get_ports {dm_exception_addr_i[4]}]
set_driving_cell -lib_cell SAEDRVT14_BUF_4 -pin X [get_ports {dm_exception_addr_i[3]}]
set_driving_cell -lib_cell SAEDRVT14_BUF_4 -pin X [get_ports {dm_exception_addr_i[2]}]
set_driving_cell -lib_cell SAEDRVT14_BUF_4 -pin X [get_ports {dm_exception_addr_i[1]}]
set_driving_cell -lib_cell SAEDRVT14_BUF_4 -pin X [get_ports {dm_exception_addr_i[0]}]
set_driving_cell -lib_cell SAEDRVT14_BUF_4 -pin X [get_ports instr_gnt_i]
set_driving_cell -lib_cell SAEDRVT14_BUF_4 -pin X [get_ports instr_rvalid_i]
set_driving_cell -lib_cell SAEDRVT14_BUF_4 -pin X [get_ports {instr_rdata_i[31]}]
set_driving_cell -lib_cell SAEDRVT14_BUF_4 -pin X [get_ports {instr_rdata_i[30]}]
set_driving_cell -lib_cell SAEDRVT14_BUF_4 -pin X [get_ports {instr_rdata_i[29]}]
set_driving_cell -lib_cell SAEDRVT14_BUF_4 -pin X [get_ports {instr_rdata_i[28]}]
set_driving_cell -lib_cell SAEDRVT14_BUF_4 -pin X [get_ports {instr_rdata_i[27]}]
set_driving_cell -lib_cell SAEDRVT14_BUF_4 -pin X [get_ports {instr_rdata_i[26]}]
set_driving_cell -lib_cell SAEDRVT14_BUF_4 -pin X [get_ports {instr_rdata_i[25]}]
set_driving_cell -lib_cell SAEDRVT14_BUF_4 -pin X [get_ports {instr_rdata_i[24]}]
set_driving_cell -lib_cell SAEDRVT14_BUF_4 -pin X [get_ports {instr_rdata_i[23]}]
set_driving_cell -lib_cell SAEDRVT14_BUF_4 -pin X [get_ports {instr_rdata_i[22]}]
set_driving_cell -lib_cell SAEDRVT14_BUF_4 -pin X [get_ports {instr_rdata_i[21]}]
set_driving_cell -lib_cell SAEDRVT14_BUF_4 -pin X [get_ports {instr_rdata_i[20]}]
set_driving_cell -lib_cell SAEDRVT14_BUF_4 -pin X [get_ports {instr_rdata_i[19]}]
set_driving_cell -lib_cell SAEDRVT14_BUF_4 -pin X [get_ports {instr_rdata_i[18]}]
set_driving_cell -lib_cell SAEDRVT14_BUF_4 -pin X [get_ports {instr_rdata_i[17]}]
set_driving_cell -lib_cell SAEDRVT14_BUF_4 -pin X [get_ports {instr_rdata_i[16]}]
set_driving_cell -lib_cell SAEDRVT14_BUF_4 -pin X [get_ports {instr_rdata_i[15]}]
set_driving_cell -lib_cell SAEDRVT14_BUF_4 -pin X [get_ports {instr_rdata_i[14]}]
set_driving_cell -lib_cell SAEDRVT14_BUF_4 -pin X [get_ports {instr_rdata_i[13]}]
set_driving_cell -lib_cell SAEDRVT14_BUF_4 -pin X [get_ports {instr_rdata_i[12]}]
set_driving_cell -lib_cell SAEDRVT14_BUF_4 -pin X [get_ports {instr_rdata_i[11]}]
set_driving_cell -lib_cell SAEDRVT14_BUF_4 -pin X [get_ports {instr_rdata_i[10]}]
set_driving_cell -lib_cell SAEDRVT14_BUF_4 -pin X [get_ports {instr_rdata_i[9]}]
set_driving_cell -lib_cell SAEDRVT14_BUF_4 -pin X [get_ports {instr_rdata_i[8]}]
set_driving_cell -lib_cell SAEDRVT14_BUF_4 -pin X [get_ports {instr_rdata_i[7]}]
set_driving_cell -lib_cell SAEDRVT14_BUF_4 -pin X [get_ports {instr_rdata_i[6]}]
set_driving_cell -lib_cell SAEDRVT14_BUF_4 -pin X [get_ports {instr_rdata_i[5]}]
set_driving_cell -lib_cell SAEDRVT14_BUF_4 -pin X [get_ports {instr_rdata_i[4]}]
set_driving_cell -lib_cell SAEDRVT14_BUF_4 -pin X [get_ports {instr_rdata_i[3]}]
set_driving_cell -lib_cell SAEDRVT14_BUF_4 -pin X [get_ports {instr_rdata_i[2]}]
set_driving_cell -lib_cell SAEDRVT14_BUF_4 -pin X [get_ports {instr_rdata_i[1]}]
set_driving_cell -lib_cell SAEDRVT14_BUF_4 -pin X [get_ports {instr_rdata_i[0]}]
set_driving_cell -lib_cell SAEDRVT14_BUF_4 -pin X [get_ports data_gnt_i]
set_driving_cell -lib_cell SAEDRVT14_BUF_4 -pin X [get_ports data_rvalid_i]
set_driving_cell -lib_cell SAEDRVT14_BUF_4 -pin X [get_ports {data_rdata_i[31]}]
set_driving_cell -lib_cell SAEDRVT14_BUF_4 -pin X [get_ports {data_rdata_i[30]}]
set_driving_cell -lib_cell SAEDRVT14_BUF_4 -pin X [get_ports {data_rdata_i[29]}]
set_driving_cell -lib_cell SAEDRVT14_BUF_4 -pin X [get_ports {data_rdata_i[28]}]
set_driving_cell -lib_cell SAEDRVT14_BUF_4 -pin X [get_ports {data_rdata_i[27]}]
set_driving_cell -lib_cell SAEDRVT14_BUF_4 -pin X [get_ports {data_rdata_i[26]}]
set_driving_cell -lib_cell SAEDRVT14_BUF_4 -pin X [get_ports {data_rdata_i[25]}]
set_driving_cell -lib_cell SAEDRVT14_BUF_4 -pin X [get_ports {data_rdata_i[24]}]
set_driving_cell -lib_cell SAEDRVT14_BUF_4 -pin X [get_ports {data_rdata_i[23]}]
set_driving_cell -lib_cell SAEDRVT14_BUF_4 -pin X [get_ports {data_rdata_i[22]}]
set_driving_cell -lib_cell SAEDRVT14_BUF_4 -pin X [get_ports {data_rdata_i[21]}]
set_driving_cell -lib_cell SAEDRVT14_BUF_4 -pin X [get_ports {data_rdata_i[20]}]
set_driving_cell -lib_cell SAEDRVT14_BUF_4 -pin X [get_ports {data_rdata_i[19]}]
set_driving_cell -lib_cell SAEDRVT14_BUF_4 -pin X [get_ports {data_rdata_i[18]}]
set_driving_cell -lib_cell SAEDRVT14_BUF_4 -pin X [get_ports {data_rdata_i[17]}]
set_driving_cell -lib_cell SAEDRVT14_BUF_4 -pin X [get_ports {data_rdata_i[16]}]
set_driving_cell -lib_cell SAEDRVT14_BUF_4 -pin X [get_ports {data_rdata_i[15]}]
set_driving_cell -lib_cell SAEDRVT14_BUF_4 -pin X [get_ports {data_rdata_i[14]}]
set_driving_cell -lib_cell SAEDRVT14_BUF_4 -pin X [get_ports {data_rdata_i[13]}]
set_driving_cell -lib_cell SAEDRVT14_BUF_4 -pin X [get_ports {data_rdata_i[12]}]
set_driving_cell -lib_cell SAEDRVT14_BUF_4 -pin X [get_ports {data_rdata_i[11]}]
set_driving_cell -lib_cell SAEDRVT14_BUF_4 -pin X [get_ports {data_rdata_i[10]}]
set_driving_cell -lib_cell SAEDRVT14_BUF_4 -pin X [get_ports {data_rdata_i[9]}]
set_driving_cell -lib_cell SAEDRVT14_BUF_4 -pin X [get_ports {data_rdata_i[8]}]
set_driving_cell -lib_cell SAEDRVT14_BUF_4 -pin X [get_ports {data_rdata_i[7]}]
set_driving_cell -lib_cell SAEDRVT14_BUF_4 -pin X [get_ports {data_rdata_i[6]}]
set_driving_cell -lib_cell SAEDRVT14_BUF_4 -pin X [get_ports {data_rdata_i[5]}]
set_driving_cell -lib_cell SAEDRVT14_BUF_4 -pin X [get_ports {data_rdata_i[4]}]
set_driving_cell -lib_cell SAEDRVT14_BUF_4 -pin X [get_ports {data_rdata_i[3]}]
set_driving_cell -lib_cell SAEDRVT14_BUF_4 -pin X [get_ports {data_rdata_i[2]}]
set_driving_cell -lib_cell SAEDRVT14_BUF_4 -pin X [get_ports {data_rdata_i[1]}]
set_driving_cell -lib_cell SAEDRVT14_BUF_4 -pin X [get_ports {data_rdata_i[0]}]
set_driving_cell -lib_cell SAEDRVT14_BUF_4 -pin X [get_ports {irq_i[31]}]
set_driving_cell -lib_cell SAEDRVT14_BUF_4 -pin X [get_ports {irq_i[30]}]
set_driving_cell -lib_cell SAEDRVT14_BUF_4 -pin X [get_ports {irq_i[29]}]
set_driving_cell -lib_cell SAEDRVT14_BUF_4 -pin X [get_ports {irq_i[28]}]
set_driving_cell -lib_cell SAEDRVT14_BUF_4 -pin X [get_ports {irq_i[27]}]
set_driving_cell -lib_cell SAEDRVT14_BUF_4 -pin X [get_ports {irq_i[26]}]
set_driving_cell -lib_cell SAEDRVT14_BUF_4 -pin X [get_ports {irq_i[25]}]
set_driving_cell -lib_cell SAEDRVT14_BUF_4 -pin X [get_ports {irq_i[24]}]
set_driving_cell -lib_cell SAEDRVT14_BUF_4 -pin X [get_ports {irq_i[23]}]
set_driving_cell -lib_cell SAEDRVT14_BUF_4 -pin X [get_ports {irq_i[22]}]
set_driving_cell -lib_cell SAEDRVT14_BUF_4 -pin X [get_ports {irq_i[21]}]
set_driving_cell -lib_cell SAEDRVT14_BUF_4 -pin X [get_ports {irq_i[20]}]
set_driving_cell -lib_cell SAEDRVT14_BUF_4 -pin X [get_ports {irq_i[19]}]
set_driving_cell -lib_cell SAEDRVT14_BUF_4 -pin X [get_ports {irq_i[18]}]
set_driving_cell -lib_cell SAEDRVT14_BUF_4 -pin X [get_ports {irq_i[17]}]
set_driving_cell -lib_cell SAEDRVT14_BUF_4 -pin X [get_ports {irq_i[16]}]
set_driving_cell -lib_cell SAEDRVT14_BUF_4 -pin X [get_ports {irq_i[15]}]
set_driving_cell -lib_cell SAEDRVT14_BUF_4 -pin X [get_ports {irq_i[14]}]
set_driving_cell -lib_cell SAEDRVT14_BUF_4 -pin X [get_ports {irq_i[13]}]
set_driving_cell -lib_cell SAEDRVT14_BUF_4 -pin X [get_ports {irq_i[12]}]
set_driving_cell -lib_cell SAEDRVT14_BUF_4 -pin X [get_ports {irq_i[11]}]
set_driving_cell -lib_cell SAEDRVT14_BUF_4 -pin X [get_ports {irq_i[10]}]
set_driving_cell -lib_cell SAEDRVT14_BUF_4 -pin X [get_ports {irq_i[9]}]
set_driving_cell -lib_cell SAEDRVT14_BUF_4 -pin X [get_ports {irq_i[8]}]
set_driving_cell -lib_cell SAEDRVT14_BUF_4 -pin X [get_ports {irq_i[7]}]
set_driving_cell -lib_cell SAEDRVT14_BUF_4 -pin X [get_ports {irq_i[6]}]
set_driving_cell -lib_cell SAEDRVT14_BUF_4 -pin X [get_ports {irq_i[5]}]
set_driving_cell -lib_cell SAEDRVT14_BUF_4 -pin X [get_ports {irq_i[4]}]
set_driving_cell -lib_cell SAEDRVT14_BUF_4 -pin X [get_ports {irq_i[3]}]
set_driving_cell -lib_cell SAEDRVT14_BUF_4 -pin X [get_ports {irq_i[2]}]
set_driving_cell -lib_cell SAEDRVT14_BUF_4 -pin X [get_ports {irq_i[1]}]
set_driving_cell -lib_cell SAEDRVT14_BUF_4 -pin X [get_ports {irq_i[0]}]
set_driving_cell -lib_cell SAEDRVT14_BUF_4 -pin X [get_ports debug_req_i]
set_driving_cell -lib_cell SAEDRVT14_BUF_4 -pin X [get_ports fetch_enable_i]
set_load -pin_load 0.5 [get_ports instr_req_o]
set_load -pin_load 0.5 [get_ports {instr_addr_o[31]}]
set_load -pin_load 0.5 [get_ports {instr_addr_o[30]}]
set_load -pin_load 0.5 [get_ports {instr_addr_o[29]}]
set_load -pin_load 0.5 [get_ports {instr_addr_o[28]}]
set_load -pin_load 0.5 [get_ports {instr_addr_o[27]}]
set_load -pin_load 0.5 [get_ports {instr_addr_o[26]}]
set_load -pin_load 0.5 [get_ports {instr_addr_o[25]}]
set_load -pin_load 0.5 [get_ports {instr_addr_o[24]}]
set_load -pin_load 0.5 [get_ports {instr_addr_o[23]}]
set_load -pin_load 0.5 [get_ports {instr_addr_o[22]}]
set_load -pin_load 0.5 [get_ports {instr_addr_o[21]}]
set_load -pin_load 0.5 [get_ports {instr_addr_o[20]}]
set_load -pin_load 0.5 [get_ports {instr_addr_o[19]}]
set_load -pin_load 0.5 [get_ports {instr_addr_o[18]}]
set_load -pin_load 0.5 [get_ports {instr_addr_o[17]}]
set_load -pin_load 0.5 [get_ports {instr_addr_o[16]}]
set_load -pin_load 0.5 [get_ports {instr_addr_o[15]}]
set_load -pin_load 0.5 [get_ports {instr_addr_o[14]}]
set_load -pin_load 0.5 [get_ports {instr_addr_o[13]}]
set_load -pin_load 0.5 [get_ports {instr_addr_o[12]}]
set_load -pin_load 0.5 [get_ports {instr_addr_o[11]}]
set_load -pin_load 0.5 [get_ports {instr_addr_o[10]}]
set_load -pin_load 0.5 [get_ports {instr_addr_o[9]}]
set_load -pin_load 0.5 [get_ports {instr_addr_o[8]}]
set_load -pin_load 0.5 [get_ports {instr_addr_o[7]}]
set_load -pin_load 0.5 [get_ports {instr_addr_o[6]}]
set_load -pin_load 0.5 [get_ports {instr_addr_o[5]}]
set_load -pin_load 0.5 [get_ports {instr_addr_o[4]}]
set_load -pin_load 0.5 [get_ports {instr_addr_o[3]}]
set_load -pin_load 0.5 [get_ports {instr_addr_o[2]}]
set_load -pin_load 0.5 [get_ports {instr_addr_o[1]}]
set_load -pin_load 0.5 [get_ports {instr_addr_o[0]}]
set_load -pin_load 0.5 [get_ports data_req_o]
set_load -pin_load 0.5 [get_ports data_we_o]
set_load -pin_load 0.5 [get_ports {data_be_o[3]}]
set_load -pin_load 0.5 [get_ports {data_be_o[2]}]
set_load -pin_load 0.5 [get_ports {data_be_o[1]}]
set_load -pin_load 0.5 [get_ports {data_be_o[0]}]
set_load -pin_load 0.5 [get_ports {data_addr_o[31]}]
set_load -pin_load 0.5 [get_ports {data_addr_o[30]}]
set_load -pin_load 0.5 [get_ports {data_addr_o[29]}]
set_load -pin_load 0.5 [get_ports {data_addr_o[28]}]
set_load -pin_load 0.5 [get_ports {data_addr_o[27]}]
set_load -pin_load 0.5 [get_ports {data_addr_o[26]}]
set_load -pin_load 0.5 [get_ports {data_addr_o[25]}]
set_load -pin_load 0.5 [get_ports {data_addr_o[24]}]
set_load -pin_load 0.5 [get_ports {data_addr_o[23]}]
set_load -pin_load 0.5 [get_ports {data_addr_o[22]}]
set_load -pin_load 0.5 [get_ports {data_addr_o[21]}]
set_load -pin_load 0.5 [get_ports {data_addr_o[20]}]
set_load -pin_load 0.5 [get_ports {data_addr_o[19]}]
set_load -pin_load 0.5 [get_ports {data_addr_o[18]}]
set_load -pin_load 0.5 [get_ports {data_addr_o[17]}]
set_load -pin_load 0.5 [get_ports {data_addr_o[16]}]
set_load -pin_load 0.5 [get_ports {data_addr_o[15]}]
set_load -pin_load 0.5 [get_ports {data_addr_o[14]}]
set_load -pin_load 0.5 [get_ports {data_addr_o[13]}]
set_load -pin_load 0.5 [get_ports {data_addr_o[12]}]
set_load -pin_load 0.5 [get_ports {data_addr_o[11]}]
set_load -pin_load 0.5 [get_ports {data_addr_o[10]}]
set_load -pin_load 0.5 [get_ports {data_addr_o[9]}]
set_load -pin_load 0.5 [get_ports {data_addr_o[8]}]
set_load -pin_load 0.5 [get_ports {data_addr_o[7]}]
set_load -pin_load 0.5 [get_ports {data_addr_o[6]}]
set_load -pin_load 0.5 [get_ports {data_addr_o[5]}]
set_load -pin_load 0.5 [get_ports {data_addr_o[4]}]
set_load -pin_load 0.5 [get_ports {data_addr_o[3]}]
set_load -pin_load 0.5 [get_ports {data_addr_o[2]}]
set_load -pin_load 0.5 [get_ports {data_addr_o[1]}]
set_load -pin_load 0.5 [get_ports {data_addr_o[0]}]
set_load -pin_load 0.5 [get_ports {data_wdata_o[31]}]
set_load -pin_load 0.5 [get_ports {data_wdata_o[30]}]
set_load -pin_load 0.5 [get_ports {data_wdata_o[29]}]
set_load -pin_load 0.5 [get_ports {data_wdata_o[28]}]
set_load -pin_load 0.5 [get_ports {data_wdata_o[27]}]
set_load -pin_load 0.5 [get_ports {data_wdata_o[26]}]
set_load -pin_load 0.5 [get_ports {data_wdata_o[25]}]
set_load -pin_load 0.5 [get_ports {data_wdata_o[24]}]
set_load -pin_load 0.5 [get_ports {data_wdata_o[23]}]
set_load -pin_load 0.5 [get_ports {data_wdata_o[22]}]
set_load -pin_load 0.5 [get_ports {data_wdata_o[21]}]
set_load -pin_load 0.5 [get_ports {data_wdata_o[20]}]
set_load -pin_load 0.5 [get_ports {data_wdata_o[19]}]
set_load -pin_load 0.5 [get_ports {data_wdata_o[18]}]
set_load -pin_load 0.5 [get_ports {data_wdata_o[17]}]
set_load -pin_load 0.5 [get_ports {data_wdata_o[16]}]
set_load -pin_load 0.5 [get_ports {data_wdata_o[15]}]
set_load -pin_load 0.5 [get_ports {data_wdata_o[14]}]
set_load -pin_load 0.5 [get_ports {data_wdata_o[13]}]
set_load -pin_load 0.5 [get_ports {data_wdata_o[12]}]
set_load -pin_load 0.5 [get_ports {data_wdata_o[11]}]
set_load -pin_load 0.5 [get_ports {data_wdata_o[10]}]
set_load -pin_load 0.5 [get_ports {data_wdata_o[9]}]
set_load -pin_load 0.5 [get_ports {data_wdata_o[8]}]
set_load -pin_load 0.5 [get_ports {data_wdata_o[7]}]
set_load -pin_load 0.5 [get_ports {data_wdata_o[6]}]
set_load -pin_load 0.5 [get_ports {data_wdata_o[5]}]
set_load -pin_load 0.5 [get_ports {data_wdata_o[4]}]
set_load -pin_load 0.5 [get_ports {data_wdata_o[3]}]
set_load -pin_load 0.5 [get_ports {data_wdata_o[2]}]
set_load -pin_load 0.5 [get_ports {data_wdata_o[1]}]
set_load -pin_load 0.5 [get_ports {data_wdata_o[0]}]
set_load -pin_load 0.5 [get_ports irq_ack_o]
set_load -pin_load 0.5 [get_ports {irq_id_o[4]}]
set_load -pin_load 0.5 [get_ports {irq_id_o[3]}]
set_load -pin_load 0.5 [get_ports {irq_id_o[2]}]
set_load -pin_load 0.5 [get_ports {irq_id_o[1]}]
set_load -pin_load 0.5 [get_ports {irq_id_o[0]}]
set_load -pin_load 0.5 [get_ports debug_havereset_o]
set_load -pin_load 0.5 [get_ports debug_running_o]
set_load -pin_load 0.5 [get_ports debug_halted_o]
set_load -pin_load 0.5 [get_ports core_sleep_o]
create_clock [get_ports clk_i]  -period 5  -waveform {0 2.5}
Warning: Redefining clock 'clk_i'.  
 Previously defined at: /home/ICer/ITI/PnR_Grad/Backend/Synthesis/sdc/cv32e40p_top.sdc, line 387 (UIC-034)
set_input_delay -clock clk_i  2.5  [get_ports {irq_i[31]}]
set_input_delay -clock clk_i  2.5  [get_ports {irq_i[30]}]
set_input_delay -clock clk_i  2.5  [get_ports {irq_i[29]}]
set_input_delay -clock clk_i  2.5  [get_ports {irq_i[28]}]
set_input_delay -clock clk_i  2.5  [get_ports {irq_i[27]}]
set_input_delay -clock clk_i  2.5  [get_ports {irq_i[26]}]
set_input_delay -clock clk_i  2.5  [get_ports {irq_i[25]}]
set_input_delay -clock clk_i  2.5  [get_ports {irq_i[24]}]
set_input_delay -clock clk_i  2.5  [get_ports {irq_i[23]}]
set_input_delay -clock clk_i  2.5  [get_ports {irq_i[22]}]
set_input_delay -clock clk_i  2.5  [get_ports {irq_i[21]}]
set_input_delay -clock clk_i  2.5  [get_ports {irq_i[20]}]
set_input_delay -clock clk_i  2.5  [get_ports {irq_i[19]}]
set_input_delay -clock clk_i  2.5  [get_ports {irq_i[18]}]
set_input_delay -clock clk_i  2.5  [get_ports {irq_i[17]}]
set_input_delay -clock clk_i  2.5  [get_ports {irq_i[16]}]
set_input_delay -clock clk_i  2.5  [get_ports {irq_i[15]}]
set_input_delay -clock clk_i  2.5  [get_ports {irq_i[14]}]
set_input_delay -clock clk_i  2.5  [get_ports {irq_i[13]}]
set_input_delay -clock clk_i  2.5  [get_ports {irq_i[12]}]
set_input_delay -clock clk_i  2.5  [get_ports {irq_i[11]}]
set_input_delay -clock clk_i  2.5  [get_ports {irq_i[10]}]
set_input_delay -clock clk_i  2.5  [get_ports {irq_i[9]}]
set_input_delay -clock clk_i  2.5  [get_ports {irq_i[8]}]
set_input_delay -clock clk_i  2.5  [get_ports {irq_i[7]}]
set_input_delay -clock clk_i  2.5  [get_ports {irq_i[6]}]
set_input_delay -clock clk_i  2.5  [get_ports {irq_i[5]}]
set_input_delay -clock clk_i  2.5  [get_ports {irq_i[4]}]
set_input_delay -clock clk_i  2.5  [get_ports {irq_i[3]}]
set_input_delay -clock clk_i  2.5  [get_ports {irq_i[2]}]
set_input_delay -clock clk_i  2.5  [get_ports {irq_i[1]}]
set_input_delay -clock clk_i  2.5  [get_ports {irq_i[0]}]
set_input_delay -clock clk_i  4  [get_ports instr_gnt_i]
set_input_delay -clock clk_i  4  [get_ports instr_rvalid_i]
set_input_delay -clock clk_i  4  [get_ports {instr_rdata_i[31]}]
set_input_delay -clock clk_i  4  [get_ports {instr_rdata_i[30]}]
set_input_delay -clock clk_i  4  [get_ports {instr_rdata_i[29]}]
set_input_delay -clock clk_i  4  [get_ports {instr_rdata_i[28]}]
set_input_delay -clock clk_i  4  [get_ports {instr_rdata_i[27]}]
set_input_delay -clock clk_i  4  [get_ports {instr_rdata_i[26]}]
set_input_delay -clock clk_i  4  [get_ports {instr_rdata_i[25]}]
set_input_delay -clock clk_i  4  [get_ports {instr_rdata_i[24]}]
set_input_delay -clock clk_i  4  [get_ports {instr_rdata_i[23]}]
set_input_delay -clock clk_i  4  [get_ports {instr_rdata_i[22]}]
set_input_delay -clock clk_i  4  [get_ports {instr_rdata_i[21]}]
set_input_delay -clock clk_i  4  [get_ports {instr_rdata_i[20]}]
set_input_delay -clock clk_i  4  [get_ports {instr_rdata_i[19]}]
set_input_delay -clock clk_i  4  [get_ports {instr_rdata_i[18]}]
set_input_delay -clock clk_i  4  [get_ports {instr_rdata_i[17]}]
set_input_delay -clock clk_i  4  [get_ports {instr_rdata_i[16]}]
set_input_delay -clock clk_i  4  [get_ports {instr_rdata_i[15]}]
set_input_delay -clock clk_i  4  [get_ports {instr_rdata_i[14]}]
set_input_delay -clock clk_i  4  [get_ports {instr_rdata_i[13]}]
set_input_delay -clock clk_i  4  [get_ports {instr_rdata_i[12]}]
set_input_delay -clock clk_i  4  [get_ports {instr_rdata_i[11]}]
set_input_delay -clock clk_i  4  [get_ports {instr_rdata_i[10]}]
set_input_delay -clock clk_i  4  [get_ports {instr_rdata_i[9]}]
set_input_delay -clock clk_i  4  [get_ports {instr_rdata_i[8]}]
set_input_delay -clock clk_i  4  [get_ports {instr_rdata_i[7]}]
set_input_delay -clock clk_i  4  [get_ports {instr_rdata_i[6]}]
set_input_delay -clock clk_i  4  [get_ports {instr_rdata_i[5]}]
set_input_delay -clock clk_i  4  [get_ports {instr_rdata_i[4]}]
set_input_delay -clock clk_i  4  [get_ports {instr_rdata_i[3]}]
set_input_delay -clock clk_i  4  [get_ports {instr_rdata_i[2]}]
set_input_delay -clock clk_i  4  [get_ports {instr_rdata_i[1]}]
set_input_delay -clock clk_i  4  [get_ports {instr_rdata_i[0]}]
set_input_delay -clock clk_i  4  [get_ports data_gnt_i]
set_input_delay -clock clk_i  4  [get_ports data_rvalid_i]
set_input_delay -clock clk_i  4  [get_ports {data_rdata_i[31]}]
set_input_delay -clock clk_i  4  [get_ports {data_rdata_i[30]}]
set_input_delay -clock clk_i  4  [get_ports {data_rdata_i[29]}]
set_input_delay -clock clk_i  4  [get_ports {data_rdata_i[28]}]
set_input_delay -clock clk_i  4  [get_ports {data_rdata_i[27]}]
set_input_delay -clock clk_i  4  [get_ports {data_rdata_i[26]}]
set_input_delay -clock clk_i  4  [get_ports {data_rdata_i[25]}]
set_input_delay -clock clk_i  4  [get_ports {data_rdata_i[24]}]
set_input_delay -clock clk_i  4  [get_ports {data_rdata_i[23]}]
set_input_delay -clock clk_i  4  [get_ports {data_rdata_i[22]}]
set_input_delay -clock clk_i  4  [get_ports {data_rdata_i[21]}]
set_input_delay -clock clk_i  4  [get_ports {data_rdata_i[20]}]
set_input_delay -clock clk_i  4  [get_ports {data_rdata_i[19]}]
set_input_delay -clock clk_i  4  [get_ports {data_rdata_i[18]}]
set_input_delay -clock clk_i  4  [get_ports {data_rdata_i[17]}]
set_input_delay -clock clk_i  4  [get_ports {data_rdata_i[16]}]
set_input_delay -clock clk_i  4  [get_ports {data_rdata_i[15]}]
set_input_delay -clock clk_i  4  [get_ports {data_rdata_i[14]}]
set_input_delay -clock clk_i  4  [get_ports {data_rdata_i[13]}]
set_input_delay -clock clk_i  4  [get_ports {data_rdata_i[12]}]
set_input_delay -clock clk_i  4  [get_ports {data_rdata_i[11]}]
set_input_delay -clock clk_i  4  [get_ports {data_rdata_i[10]}]
set_input_delay -clock clk_i  4  [get_ports {data_rdata_i[9]}]
set_input_delay -clock clk_i  4  [get_ports {data_rdata_i[8]}]
set_input_delay -clock clk_i  4  [get_ports {data_rdata_i[7]}]
set_input_delay -clock clk_i  4  [get_ports {data_rdata_i[6]}]
set_input_delay -clock clk_i  4  [get_ports {data_rdata_i[5]}]
set_input_delay -clock clk_i  4  [get_ports {data_rdata_i[4]}]
set_input_delay -clock clk_i  4  [get_ports {data_rdata_i[3]}]
set_input_delay -clock clk_i  4  [get_ports {data_rdata_i[2]}]
set_input_delay -clock clk_i  4  [get_ports {data_rdata_i[1]}]
set_input_delay -clock clk_i  4  [get_ports {data_rdata_i[0]}]
set_input_delay -clock clk_i  0.5  [get_ports debug_req_i]
set_input_delay -clock clk_i  0.5  [get_ports {boot_addr_i[31]}]
set_input_delay -clock clk_i  0.5  [get_ports {boot_addr_i[30]}]
set_input_delay -clock clk_i  0.5  [get_ports {boot_addr_i[29]}]
set_input_delay -clock clk_i  0.5  [get_ports {boot_addr_i[28]}]
set_input_delay -clock clk_i  0.5  [get_ports {boot_addr_i[27]}]
set_input_delay -clock clk_i  0.5  [get_ports {boot_addr_i[26]}]
set_input_delay -clock clk_i  0.5  [get_ports {boot_addr_i[25]}]
set_input_delay -clock clk_i  0.5  [get_ports {boot_addr_i[24]}]
set_input_delay -clock clk_i  0.5  [get_ports {boot_addr_i[23]}]
set_input_delay -clock clk_i  0.5  [get_ports {boot_addr_i[22]}]
set_input_delay -clock clk_i  0.5  [get_ports {boot_addr_i[21]}]
set_input_delay -clock clk_i  0.5  [get_ports {boot_addr_i[20]}]
set_input_delay -clock clk_i  0.5  [get_ports {boot_addr_i[19]}]
set_input_delay -clock clk_i  0.5  [get_ports {boot_addr_i[18]}]
set_input_delay -clock clk_i  0.5  [get_ports {boot_addr_i[17]}]
set_input_delay -clock clk_i  0.5  [get_ports {boot_addr_i[16]}]
set_input_delay -clock clk_i  0.5  [get_ports {boot_addr_i[15]}]
set_input_delay -clock clk_i  0.5  [get_ports {boot_addr_i[14]}]
set_input_delay -clock clk_i  0.5  [get_ports {boot_addr_i[13]}]
set_input_delay -clock clk_i  0.5  [get_ports {boot_addr_i[12]}]
set_input_delay -clock clk_i  0.5  [get_ports {boot_addr_i[11]}]
set_input_delay -clock clk_i  0.5  [get_ports {boot_addr_i[10]}]
set_input_delay -clock clk_i  0.5  [get_ports {boot_addr_i[9]}]
set_input_delay -clock clk_i  0.5  [get_ports {boot_addr_i[8]}]
set_input_delay -clock clk_i  0.5  [get_ports {boot_addr_i[7]}]
set_input_delay -clock clk_i  0.5  [get_ports {boot_addr_i[6]}]
set_input_delay -clock clk_i  0.5  [get_ports {boot_addr_i[5]}]
set_input_delay -clock clk_i  0.5  [get_ports {boot_addr_i[4]}]
set_input_delay -clock clk_i  0.5  [get_ports {boot_addr_i[3]}]
set_input_delay -clock clk_i  0.5  [get_ports {boot_addr_i[2]}]
set_input_delay -clock clk_i  0.5  [get_ports {boot_addr_i[1]}]
set_input_delay -clock clk_i  0.5  [get_ports {boot_addr_i[0]}]
set_input_delay -clock clk_i  0.5  [get_ports {mtvec_addr_i[31]}]
set_input_delay -clock clk_i  0.5  [get_ports {mtvec_addr_i[30]}]
set_input_delay -clock clk_i  0.5  [get_ports {mtvec_addr_i[29]}]
set_input_delay -clock clk_i  0.5  [get_ports {mtvec_addr_i[28]}]
set_input_delay -clock clk_i  0.5  [get_ports {mtvec_addr_i[27]}]
set_input_delay -clock clk_i  0.5  [get_ports {mtvec_addr_i[26]}]
set_input_delay -clock clk_i  0.5  [get_ports {mtvec_addr_i[25]}]
set_input_delay -clock clk_i  0.5  [get_ports {mtvec_addr_i[24]}]
set_input_delay -clock clk_i  0.5  [get_ports {mtvec_addr_i[23]}]
set_input_delay -clock clk_i  0.5  [get_ports {mtvec_addr_i[22]}]
set_input_delay -clock clk_i  0.5  [get_ports {mtvec_addr_i[21]}]
set_input_delay -clock clk_i  0.5  [get_ports {mtvec_addr_i[20]}]
set_input_delay -clock clk_i  0.5  [get_ports {mtvec_addr_i[19]}]
set_input_delay -clock clk_i  0.5  [get_ports {mtvec_addr_i[18]}]
set_input_delay -clock clk_i  0.5  [get_ports {mtvec_addr_i[17]}]
set_input_delay -clock clk_i  0.5  [get_ports {mtvec_addr_i[16]}]
set_input_delay -clock clk_i  0.5  [get_ports {mtvec_addr_i[15]}]
set_input_delay -clock clk_i  0.5  [get_ports {mtvec_addr_i[14]}]
set_input_delay -clock clk_i  0.5  [get_ports {mtvec_addr_i[13]}]
set_input_delay -clock clk_i  0.5  [get_ports {mtvec_addr_i[12]}]
set_input_delay -clock clk_i  0.5  [get_ports {mtvec_addr_i[11]}]
set_input_delay -clock clk_i  0.5  [get_ports {mtvec_addr_i[10]}]
set_input_delay -clock clk_i  0.5  [get_ports {mtvec_addr_i[9]}]
set_input_delay -clock clk_i  0.5  [get_ports {mtvec_addr_i[8]}]
set_input_delay -clock clk_i  0.5  [get_ports {mtvec_addr_i[7]}]
set_input_delay -clock clk_i  0.5  [get_ports {mtvec_addr_i[6]}]
set_input_delay -clock clk_i  0.5  [get_ports {mtvec_addr_i[5]}]
set_input_delay -clock clk_i  0.5  [get_ports {mtvec_addr_i[4]}]
set_input_delay -clock clk_i  0.5  [get_ports {mtvec_addr_i[3]}]
set_input_delay -clock clk_i  0.5  [get_ports {mtvec_addr_i[2]}]
set_input_delay -clock clk_i  0.5  [get_ports {mtvec_addr_i[1]}]
set_input_delay -clock clk_i  0.5  [get_ports {mtvec_addr_i[0]}]
set_input_delay -clock clk_i  0.5  [get_ports {dm_halt_addr_i[31]}]
set_input_delay -clock clk_i  0.5  [get_ports {dm_halt_addr_i[30]}]
set_input_delay -clock clk_i  0.5  [get_ports {dm_halt_addr_i[29]}]
set_input_delay -clock clk_i  0.5  [get_ports {dm_halt_addr_i[28]}]
set_input_delay -clock clk_i  0.5  [get_ports {dm_halt_addr_i[27]}]
set_input_delay -clock clk_i  0.5  [get_ports {dm_halt_addr_i[26]}]
set_input_delay -clock clk_i  0.5  [get_ports {dm_halt_addr_i[25]}]
set_input_delay -clock clk_i  0.5  [get_ports {dm_halt_addr_i[24]}]
set_input_delay -clock clk_i  0.5  [get_ports {dm_halt_addr_i[23]}]
set_input_delay -clock clk_i  0.5  [get_ports {dm_halt_addr_i[22]}]
set_input_delay -clock clk_i  0.5  [get_ports {dm_halt_addr_i[21]}]
set_input_delay -clock clk_i  0.5  [get_ports {dm_halt_addr_i[20]}]
set_input_delay -clock clk_i  0.5  [get_ports {dm_halt_addr_i[19]}]
set_input_delay -clock clk_i  0.5  [get_ports {dm_halt_addr_i[18]}]
set_input_delay -clock clk_i  0.5  [get_ports {dm_halt_addr_i[17]}]
set_input_delay -clock clk_i  0.5  [get_ports {dm_halt_addr_i[16]}]
set_input_delay -clock clk_i  0.5  [get_ports {dm_halt_addr_i[15]}]
set_input_delay -clock clk_i  0.5  [get_ports {dm_halt_addr_i[14]}]
set_input_delay -clock clk_i  0.5  [get_ports {dm_halt_addr_i[13]}]
set_input_delay -clock clk_i  0.5  [get_ports {dm_halt_addr_i[12]}]
set_input_delay -clock clk_i  0.5  [get_ports {dm_halt_addr_i[11]}]
set_input_delay -clock clk_i  0.5  [get_ports {dm_halt_addr_i[10]}]
set_input_delay -clock clk_i  0.5  [get_ports {dm_halt_addr_i[9]}]
set_input_delay -clock clk_i  0.5  [get_ports {dm_halt_addr_i[8]}]
set_input_delay -clock clk_i  0.5  [get_ports {dm_halt_addr_i[7]}]
set_input_delay -clock clk_i  0.5  [get_ports {dm_halt_addr_i[6]}]
set_input_delay -clock clk_i  0.5  [get_ports {dm_halt_addr_i[5]}]
set_input_delay -clock clk_i  0.5  [get_ports {dm_halt_addr_i[4]}]
set_input_delay -clock clk_i  0.5  [get_ports {dm_halt_addr_i[3]}]
set_input_delay -clock clk_i  0.5  [get_ports {dm_halt_addr_i[2]}]
set_input_delay -clock clk_i  0.5  [get_ports {dm_halt_addr_i[1]}]
set_input_delay -clock clk_i  0.5  [get_ports {dm_halt_addr_i[0]}]
set_input_delay -clock clk_i  0.5  [get_ports {hart_id_i[31]}]
set_input_delay -clock clk_i  0.5  [get_ports {hart_id_i[30]}]
set_input_delay -clock clk_i  0.5  [get_ports {hart_id_i[29]}]
set_input_delay -clock clk_i  0.5  [get_ports {hart_id_i[28]}]
set_input_delay -clock clk_i  0.5  [get_ports {hart_id_i[27]}]
set_input_delay -clock clk_i  0.5  [get_ports {hart_id_i[26]}]
set_input_delay -clock clk_i  0.5  [get_ports {hart_id_i[25]}]
set_input_delay -clock clk_i  0.5  [get_ports {hart_id_i[24]}]
set_input_delay -clock clk_i  0.5  [get_ports {hart_id_i[23]}]
set_input_delay -clock clk_i  0.5  [get_ports {hart_id_i[22]}]
set_input_delay -clock clk_i  0.5  [get_ports {hart_id_i[21]}]
set_input_delay -clock clk_i  0.5  [get_ports {hart_id_i[20]}]
set_input_delay -clock clk_i  0.5  [get_ports {hart_id_i[19]}]
set_input_delay -clock clk_i  0.5  [get_ports {hart_id_i[18]}]
set_input_delay -clock clk_i  0.5  [get_ports {hart_id_i[17]}]
set_input_delay -clock clk_i  0.5  [get_ports {hart_id_i[16]}]
set_input_delay -clock clk_i  0.5  [get_ports {hart_id_i[15]}]
set_input_delay -clock clk_i  0.5  [get_ports {hart_id_i[14]}]
set_input_delay -clock clk_i  0.5  [get_ports {hart_id_i[13]}]
set_input_delay -clock clk_i  0.5  [get_ports {hart_id_i[12]}]
set_input_delay -clock clk_i  0.5  [get_ports {hart_id_i[11]}]
set_input_delay -clock clk_i  0.5  [get_ports {hart_id_i[10]}]
set_input_delay -clock clk_i  0.5  [get_ports {hart_id_i[9]}]
set_input_delay -clock clk_i  0.5  [get_ports {hart_id_i[8]}]
set_input_delay -clock clk_i  0.5  [get_ports {hart_id_i[7]}]
set_input_delay -clock clk_i  0.5  [get_ports {hart_id_i[6]}]
set_input_delay -clock clk_i  0.5  [get_ports {hart_id_i[5]}]
set_input_delay -clock clk_i  0.5  [get_ports {hart_id_i[4]}]
set_input_delay -clock clk_i  0.5  [get_ports {hart_id_i[3]}]
set_input_delay -clock clk_i  0.5  [get_ports {hart_id_i[2]}]
set_input_delay -clock clk_i  0.5  [get_ports {hart_id_i[1]}]
set_input_delay -clock clk_i  0.5  [get_ports {hart_id_i[0]}]
set_input_delay -clock clk_i  0.5  [get_ports {dm_exception_addr_i[31]}]
set_input_delay -clock clk_i  0.5  [get_ports {dm_exception_addr_i[30]}]
set_input_delay -clock clk_i  0.5  [get_ports {dm_exception_addr_i[29]}]
set_input_delay -clock clk_i  0.5  [get_ports {dm_exception_addr_i[28]}]
set_input_delay -clock clk_i  0.5  [get_ports {dm_exception_addr_i[27]}]
set_input_delay -clock clk_i  0.5  [get_ports {dm_exception_addr_i[26]}]
set_input_delay -clock clk_i  0.5  [get_ports {dm_exception_addr_i[25]}]
set_input_delay -clock clk_i  0.5  [get_ports {dm_exception_addr_i[24]}]
set_input_delay -clock clk_i  0.5  [get_ports {dm_exception_addr_i[23]}]
set_input_delay -clock clk_i  0.5  [get_ports {dm_exception_addr_i[22]}]
set_input_delay -clock clk_i  0.5  [get_ports {dm_exception_addr_i[21]}]
set_input_delay -clock clk_i  0.5  [get_ports {dm_exception_addr_i[20]}]
set_input_delay -clock clk_i  0.5  [get_ports {dm_exception_addr_i[19]}]
set_input_delay -clock clk_i  0.5  [get_ports {dm_exception_addr_i[18]}]
set_input_delay -clock clk_i  0.5  [get_ports {dm_exception_addr_i[17]}]
set_input_delay -clock clk_i  0.5  [get_ports {dm_exception_addr_i[16]}]
set_input_delay -clock clk_i  0.5  [get_ports {dm_exception_addr_i[15]}]
set_input_delay -clock clk_i  0.5  [get_ports {dm_exception_addr_i[14]}]
set_input_delay -clock clk_i  0.5  [get_ports {dm_exception_addr_i[13]}]
set_input_delay -clock clk_i  0.5  [get_ports {dm_exception_addr_i[12]}]
set_input_delay -clock clk_i  0.5  [get_ports {dm_exception_addr_i[11]}]
set_input_delay -clock clk_i  0.5  [get_ports {dm_exception_addr_i[10]}]
set_input_delay -clock clk_i  0.5  [get_ports {dm_exception_addr_i[9]}]
set_input_delay -clock clk_i  0.5  [get_ports {dm_exception_addr_i[8]}]
set_input_delay -clock clk_i  0.5  [get_ports {dm_exception_addr_i[7]}]
set_input_delay -clock clk_i  0.5  [get_ports {dm_exception_addr_i[6]}]
set_input_delay -clock clk_i  0.5  [get_ports {dm_exception_addr_i[5]}]
set_input_delay -clock clk_i  0.5  [get_ports {dm_exception_addr_i[4]}]
set_input_delay -clock clk_i  0.5  [get_ports {dm_exception_addr_i[3]}]
set_input_delay -clock clk_i  0.5  [get_ports {dm_exception_addr_i[2]}]
set_input_delay -clock clk_i  0.5  [get_ports {dm_exception_addr_i[1]}]
set_input_delay -clock clk_i  0.5  [get_ports {dm_exception_addr_i[0]}]
set_output_delay -clock clk_i  1.25  [get_ports irq_ack_o]
set_output_delay -clock clk_i  1.25  [get_ports {irq_id_o[4]}]
set_output_delay -clock clk_i  1.25  [get_ports {irq_id_o[3]}]
set_output_delay -clock clk_i  1.25  [get_ports {irq_id_o[2]}]
set_output_delay -clock clk_i  1.25  [get_ports {irq_id_o[1]}]
set_output_delay -clock clk_i  1.25  [get_ports {irq_id_o[0]}]
set_output_delay -clock clk_i  3  [get_ports instr_req_o]
set_output_delay -clock clk_i  3  [get_ports {instr_addr_o[31]}]
set_output_delay -clock clk_i  3  [get_ports {instr_addr_o[30]}]
set_output_delay -clock clk_i  3  [get_ports {instr_addr_o[29]}]
set_output_delay -clock clk_i  3  [get_ports {instr_addr_o[28]}]
set_output_delay -clock clk_i  3  [get_ports {instr_addr_o[27]}]
set_output_delay -clock clk_i  3  [get_ports {instr_addr_o[26]}]
set_output_delay -clock clk_i  3  [get_ports {instr_addr_o[25]}]
set_output_delay -clock clk_i  3  [get_ports {instr_addr_o[24]}]
set_output_delay -clock clk_i  3  [get_ports {instr_addr_o[23]}]
set_output_delay -clock clk_i  3  [get_ports {instr_addr_o[22]}]
set_output_delay -clock clk_i  3  [get_ports {instr_addr_o[21]}]
set_output_delay -clock clk_i  3  [get_ports {instr_addr_o[20]}]
set_output_delay -clock clk_i  3  [get_ports {instr_addr_o[19]}]
set_output_delay -clock clk_i  3  [get_ports {instr_addr_o[18]}]
set_output_delay -clock clk_i  3  [get_ports {instr_addr_o[17]}]
set_output_delay -clock clk_i  3  [get_ports {instr_addr_o[16]}]
set_output_delay -clock clk_i  3  [get_ports {instr_addr_o[15]}]
set_output_delay -clock clk_i  3  [get_ports {instr_addr_o[14]}]
set_output_delay -clock clk_i  3  [get_ports {instr_addr_o[13]}]
set_output_delay -clock clk_i  3  [get_ports {instr_addr_o[12]}]
set_output_delay -clock clk_i  3  [get_ports {instr_addr_o[11]}]
set_output_delay -clock clk_i  3  [get_ports {instr_addr_o[10]}]
set_output_delay -clock clk_i  3  [get_ports {instr_addr_o[9]}]
set_output_delay -clock clk_i  3  [get_ports {instr_addr_o[8]}]
set_output_delay -clock clk_i  3  [get_ports {instr_addr_o[7]}]
set_output_delay -clock clk_i  3  [get_ports {instr_addr_o[6]}]
set_output_delay -clock clk_i  3  [get_ports {instr_addr_o[5]}]
set_output_delay -clock clk_i  3  [get_ports {instr_addr_o[4]}]
set_output_delay -clock clk_i  3  [get_ports {instr_addr_o[3]}]
set_output_delay -clock clk_i  3  [get_ports {instr_addr_o[2]}]
set_output_delay -clock clk_i  3  [get_ports {instr_addr_o[1]}]
set_output_delay -clock clk_i  3  [get_ports {instr_addr_o[0]}]
set_output_delay -clock clk_i  3  [get_ports data_req_o]
set_output_delay -clock clk_i  3  [get_ports data_we_o]
set_output_delay -clock clk_i  3  [get_ports {data_be_o[3]}]
set_output_delay -clock clk_i  3  [get_ports {data_be_o[2]}]
set_output_delay -clock clk_i  3  [get_ports {data_be_o[1]}]
set_output_delay -clock clk_i  3  [get_ports {data_be_o[0]}]
set_output_delay -clock clk_i  3  [get_ports {data_addr_o[31]}]
set_output_delay -clock clk_i  3  [get_ports {data_addr_o[30]}]
set_output_delay -clock clk_i  3  [get_ports {data_addr_o[29]}]
set_output_delay -clock clk_i  3  [get_ports {data_addr_o[28]}]
set_output_delay -clock clk_i  3  [get_ports {data_addr_o[27]}]
set_output_delay -clock clk_i  3  [get_ports {data_addr_o[26]}]
set_output_delay -clock clk_i  3  [get_ports {data_addr_o[25]}]
set_output_delay -clock clk_i  3  [get_ports {data_addr_o[24]}]
set_output_delay -clock clk_i  3  [get_ports {data_addr_o[23]}]
set_output_delay -clock clk_i  3  [get_ports {data_addr_o[22]}]
set_output_delay -clock clk_i  3  [get_ports {data_addr_o[21]}]
set_output_delay -clock clk_i  3  [get_ports {data_addr_o[20]}]
set_output_delay -clock clk_i  3  [get_ports {data_addr_o[19]}]
set_output_delay -clock clk_i  3  [get_ports {data_addr_o[18]}]
set_output_delay -clock clk_i  3  [get_ports {data_addr_o[17]}]
set_output_delay -clock clk_i  3  [get_ports {data_addr_o[16]}]
set_output_delay -clock clk_i  3  [get_ports {data_addr_o[15]}]
set_output_delay -clock clk_i  3  [get_ports {data_addr_o[14]}]
set_output_delay -clock clk_i  3  [get_ports {data_addr_o[13]}]
set_output_delay -clock clk_i  3  [get_ports {data_addr_o[12]}]
set_output_delay -clock clk_i  3  [get_ports {data_addr_o[11]}]
set_output_delay -clock clk_i  3  [get_ports {data_addr_o[10]}]
set_output_delay -clock clk_i  3  [get_ports {data_addr_o[9]}]
set_output_delay -clock clk_i  3  [get_ports {data_addr_o[8]}]
set_output_delay -clock clk_i  3  [get_ports {data_addr_o[7]}]
set_output_delay -clock clk_i  3  [get_ports {data_addr_o[6]}]
set_output_delay -clock clk_i  3  [get_ports {data_addr_o[5]}]
set_output_delay -clock clk_i  3  [get_ports {data_addr_o[4]}]
set_output_delay -clock clk_i  3  [get_ports {data_addr_o[3]}]
set_output_delay -clock clk_i  3  [get_ports {data_addr_o[2]}]
set_output_delay -clock clk_i  3  [get_ports {data_addr_o[1]}]
set_output_delay -clock clk_i  3  [get_ports {data_addr_o[0]}]
set_output_delay -clock clk_i  3  [get_ports {data_wdata_o[31]}]
set_output_delay -clock clk_i  3  [get_ports {data_wdata_o[30]}]
set_output_delay -clock clk_i  3  [get_ports {data_wdata_o[29]}]
set_output_delay -clock clk_i  3  [get_ports {data_wdata_o[28]}]
set_output_delay -clock clk_i  3  [get_ports {data_wdata_o[27]}]
set_output_delay -clock clk_i  3  [get_ports {data_wdata_o[26]}]
set_output_delay -clock clk_i  3  [get_ports {data_wdata_o[25]}]
set_output_delay -clock clk_i  3  [get_ports {data_wdata_o[24]}]
set_output_delay -clock clk_i  3  [get_ports {data_wdata_o[23]}]
set_output_delay -clock clk_i  3  [get_ports {data_wdata_o[22]}]
set_output_delay -clock clk_i  3  [get_ports {data_wdata_o[21]}]
set_output_delay -clock clk_i  3  [get_ports {data_wdata_o[20]}]
set_output_delay -clock clk_i  3  [get_ports {data_wdata_o[19]}]
set_output_delay -clock clk_i  3  [get_ports {data_wdata_o[18]}]
set_output_delay -clock clk_i  3  [get_ports {data_wdata_o[17]}]
set_output_delay -clock clk_i  3  [get_ports {data_wdata_o[16]}]
set_output_delay -clock clk_i  3  [get_ports {data_wdata_o[15]}]
set_output_delay -clock clk_i  3  [get_ports {data_wdata_o[14]}]
set_output_delay -clock clk_i  3  [get_ports {data_wdata_o[13]}]
set_output_delay -clock clk_i  3  [get_ports {data_wdata_o[12]}]
set_output_delay -clock clk_i  3  [get_ports {data_wdata_o[11]}]
set_output_delay -clock clk_i  3  [get_ports {data_wdata_o[10]}]
set_output_delay -clock clk_i  3  [get_ports {data_wdata_o[9]}]
set_output_delay -clock clk_i  3  [get_ports {data_wdata_o[8]}]
set_output_delay -clock clk_i  3  [get_ports {data_wdata_o[7]}]
set_output_delay -clock clk_i  3  [get_ports {data_wdata_o[6]}]
set_output_delay -clock clk_i  3  [get_ports {data_wdata_o[5]}]
set_output_delay -clock clk_i  3  [get_ports {data_wdata_o[4]}]
set_output_delay -clock clk_i  3  [get_ports {data_wdata_o[3]}]
set_output_delay -clock clk_i  3  [get_ports {data_wdata_o[2]}]
set_output_delay -clock clk_i  3  [get_ports {data_wdata_o[1]}]
set_output_delay -clock clk_i  3  [get_ports {data_wdata_o[0]}]
set_output_delay -clock clk_i  3  [get_ports debug_havereset_o]
set_output_delay -clock clk_i  3  [get_ports debug_running_o]
set_output_delay -clock clk_i  3  [get_ports debug_halted_o]
set_output_delay -clock clk_i  1.25  [get_ports core_sleep_o]
Information: Loading SDC version 2.1 file '/home/ICer/ITI/PnR_Grad/Backend/Synthesis/sdc/cv32e40p_top.sdc' (FILE-007)
###################################################################
# Created by write_sdc on Tue Jul 1 12:04:20 2025
###################################################################
set sdc_version 2.1
set_units -time ns -resistance MOhm -capacitance fF -voltage V -current uA
set_max_fanout 25 [current_design]
set_driving_cell -lib_cell SAEDRVT14_BUF_4 -pin X [get_ports pulp_clock_en_i]
set_driving_cell -lib_cell SAEDRVT14_BUF_4 -pin X [get_ports scan_cg_en_i]
set_driving_cell -lib_cell SAEDRVT14_BUF_4 -pin X [get_ports {boot_addr_i[31]}]
set_driving_cell -lib_cell SAEDRVT14_BUF_4 -pin X [get_ports {boot_addr_i[30]}]
set_driving_cell -lib_cell SAEDRVT14_BUF_4 -pin X [get_ports {boot_addr_i[29]}]
set_driving_cell -lib_cell SAEDRVT14_BUF_4 -pin X [get_ports {boot_addr_i[28]}]
set_driving_cell -lib_cell SAEDRVT14_BUF_4 -pin X [get_ports {boot_addr_i[27]}]
set_driving_cell -lib_cell SAEDRVT14_BUF_4 -pin X [get_ports {boot_addr_i[26]}]
set_driving_cell -lib_cell SAEDRVT14_BUF_4 -pin X [get_ports {boot_addr_i[25]}]
set_driving_cell -lib_cell SAEDRVT14_BUF_4 -pin X [get_ports {boot_addr_i[24]}]
set_driving_cell -lib_cell SAEDRVT14_BUF_4 -pin X [get_ports {boot_addr_i[23]}]
set_driving_cell -lib_cell SAEDRVT14_BUF_4 -pin X [get_ports {boot_addr_i[22]}]
set_driving_cell -lib_cell SAEDRVT14_BUF_4 -pin X [get_ports {boot_addr_i[21]}]
set_driving_cell -lib_cell SAEDRVT14_BUF_4 -pin X [get_ports {boot_addr_i[20]}]
set_driving_cell -lib_cell SAEDRVT14_BUF_4 -pin X [get_ports {boot_addr_i[19]}]
set_driving_cell -lib_cell SAEDRVT14_BUF_4 -pin X [get_ports {boot_addr_i[18]}]
set_driving_cell -lib_cell SAEDRVT14_BUF_4 -pin X [get_ports {boot_addr_i[17]}]
set_driving_cell -lib_cell SAEDRVT14_BUF_4 -pin X [get_ports {boot_addr_i[16]}]
set_driving_cell -lib_cell SAEDRVT14_BUF_4 -pin X [get_ports {boot_addr_i[15]}]
set_driving_cell -lib_cell SAEDRVT14_BUF_4 -pin X [get_ports {boot_addr_i[14]}]
set_driving_cell -lib_cell SAEDRVT14_BUF_4 -pin X [get_ports {boot_addr_i[13]}]
set_driving_cell -lib_cell SAEDRVT14_BUF_4 -pin X [get_ports {boot_addr_i[12]}]
set_driving_cell -lib_cell SAEDRVT14_BUF_4 -pin X [get_ports {boot_addr_i[11]}]
set_driving_cell -lib_cell SAEDRVT14_BUF_4 -pin X [get_ports {boot_addr_i[10]}]
set_driving_cell -lib_cell SAEDRVT14_BUF_4 -pin X [get_ports {boot_addr_i[9]}]
set_driving_cell -lib_cell SAEDRVT14_BUF_4 -pin X [get_ports {boot_addr_i[8]}]
set_driving_cell -lib_cell SAEDRVT14_BUF_4 -pin X [get_ports {boot_addr_i[7]}]
set_driving_cell -lib_cell SAEDRVT14_BUF_4 -pin X [get_ports {boot_addr_i[6]}]
set_driving_cell -lib_cell SAEDRVT14_BUF_4 -pin X [get_ports {boot_addr_i[5]}]
set_driving_cell -lib_cell SAEDRVT14_BUF_4 -pin X [get_ports {boot_addr_i[4]}]
set_driving_cell -lib_cell SAEDRVT14_BUF_4 -pin X [get_ports {boot_addr_i[3]}]
set_driving_cell -lib_cell SAEDRVT14_BUF_4 -pin X [get_ports {boot_addr_i[2]}]
set_driving_cell -lib_cell SAEDRVT14_BUF_4 -pin X [get_ports {boot_addr_i[1]}]
set_driving_cell -lib_cell SAEDRVT14_BUF_4 -pin X [get_ports {boot_addr_i[0]}]
set_driving_cell -lib_cell SAEDRVT14_BUF_4 -pin X [get_ports {mtvec_addr_i[31]}]
set_driving_cell -lib_cell SAEDRVT14_BUF_4 -pin X [get_ports {mtvec_addr_i[30]}]
set_driving_cell -lib_cell SAEDRVT14_BUF_4 -pin X [get_ports {mtvec_addr_i[29]}]
set_driving_cell -lib_cell SAEDRVT14_BUF_4 -pin X [get_ports {mtvec_addr_i[28]}]
set_driving_cell -lib_cell SAEDRVT14_BUF_4 -pin X [get_ports {mtvec_addr_i[27]}]
set_driving_cell -lib_cell SAEDRVT14_BUF_4 -pin X [get_ports {mtvec_addr_i[26]}]
set_driving_cell -lib_cell SAEDRVT14_BUF_4 -pin X [get_ports {mtvec_addr_i[25]}]
set_driving_cell -lib_cell SAEDRVT14_BUF_4 -pin X [get_ports {mtvec_addr_i[24]}]
set_driving_cell -lib_cell SAEDRVT14_BUF_4 -pin X [get_ports {mtvec_addr_i[23]}]
set_driving_cell -lib_cell SAEDRVT14_BUF_4 -pin X [get_ports {mtvec_addr_i[22]}]
set_driving_cell -lib_cell SAEDRVT14_BUF_4 -pin X [get_ports {mtvec_addr_i[21]}]
set_driving_cell -lib_cell SAEDRVT14_BUF_4 -pin X [get_ports {mtvec_addr_i[20]}]
set_driving_cell -lib_cell SAEDRVT14_BUF_4 -pin X [get_ports {mtvec_addr_i[19]}]
set_driving_cell -lib_cell SAEDRVT14_BUF_4 -pin X [get_ports {mtvec_addr_i[18]}]
set_driving_cell -lib_cell SAEDRVT14_BUF_4 -pin X [get_ports {mtvec_addr_i[17]}]
set_driving_cell -lib_cell SAEDRVT14_BUF_4 -pin X [get_ports {mtvec_addr_i[16]}]
set_driving_cell -lib_cell SAEDRVT14_BUF_4 -pin X [get_ports {mtvec_addr_i[15]}]
set_driving_cell -lib_cell SAEDRVT14_BUF_4 -pin X [get_ports {mtvec_addr_i[14]}]
set_driving_cell -lib_cell SAEDRVT14_BUF_4 -pin X [get_ports {mtvec_addr_i[13]}]
set_driving_cell -lib_cell SAEDRVT14_BUF_4 -pin X [get_ports {mtvec_addr_i[12]}]
set_driving_cell -lib_cell SAEDRVT14_BUF_4 -pin X [get_ports {mtvec_addr_i[11]}]
set_driving_cell -lib_cell SAEDRVT14_BUF_4 -pin X [get_ports {mtvec_addr_i[10]}]
set_driving_cell -lib_cell SAEDRVT14_BUF_4 -pin X [get_ports {mtvec_addr_i[9]}]
set_driving_cell -lib_cell SAEDRVT14_BUF_4 -pin X [get_ports {mtvec_addr_i[8]}]
set_driving_cell -lib_cell SAEDRVT14_BUF_4 -pin X [get_ports {mtvec_addr_i[7]}]
set_driving_cell -lib_cell SAEDRVT14_BUF_4 -pin X [get_ports {mtvec_addr_i[6]}]
set_driving_cell -lib_cell SAEDRVT14_BUF_4 -pin X [get_ports {mtvec_addr_i[5]}]
set_driving_cell -lib_cell SAEDRVT14_BUF_4 -pin X [get_ports {mtvec_addr_i[4]}]
set_driving_cell -lib_cell SAEDRVT14_BUF_4 -pin X [get_ports {mtvec_addr_i[3]}]
set_driving_cell -lib_cell SAEDRVT14_BUF_4 -pin X [get_ports {mtvec_addr_i[2]}]
set_driving_cell -lib_cell SAEDRVT14_BUF_4 -pin X [get_ports {mtvec_addr_i[1]}]
set_driving_cell -lib_cell SAEDRVT14_BUF_4 -pin X [get_ports {mtvec_addr_i[0]}]
set_driving_cell -lib_cell SAEDRVT14_BUF_4 -pin X [get_ports {dm_halt_addr_i[31]}]
set_driving_cell -lib_cell SAEDRVT14_BUF_4 -pin X [get_ports {dm_halt_addr_i[30]}]
set_driving_cell -lib_cell SAEDRVT14_BUF_4 -pin X [get_ports {dm_halt_addr_i[29]}]
set_driving_cell -lib_cell SAEDRVT14_BUF_4 -pin X [get_ports {dm_halt_addr_i[28]}]
set_driving_cell -lib_cell SAEDRVT14_BUF_4 -pin X [get_ports {dm_halt_addr_i[27]}]
set_driving_cell -lib_cell SAEDRVT14_BUF_4 -pin X [get_ports {dm_halt_addr_i[26]}]
set_driving_cell -lib_cell SAEDRVT14_BUF_4 -pin X [get_ports {dm_halt_addr_i[25]}]
set_driving_cell -lib_cell SAEDRVT14_BUF_4 -pin X [get_ports {dm_halt_addr_i[24]}]
set_driving_cell -lib_cell SAEDRVT14_BUF_4 -pin X [get_ports {dm_halt_addr_i[23]}]
set_driving_cell -lib_cell SAEDRVT14_BUF_4 -pin X [get_ports {dm_halt_addr_i[22]}]
set_driving_cell -lib_cell SAEDRVT14_BUF_4 -pin X [get_ports {dm_halt_addr_i[21]}]
set_driving_cell -lib_cell SAEDRVT14_BUF_4 -pin X [get_ports {dm_halt_addr_i[20]}]
set_driving_cell -lib_cell SAEDRVT14_BUF_4 -pin X [get_ports {dm_halt_addr_i[19]}]
set_driving_cell -lib_cell SAEDRVT14_BUF_4 -pin X [get_ports {dm_halt_addr_i[18]}]
set_driving_cell -lib_cell SAEDRVT14_BUF_4 -pin X [get_ports {dm_halt_addr_i[17]}]
set_driving_cell -lib_cell SAEDRVT14_BUF_4 -pin X [get_ports {dm_halt_addr_i[16]}]
set_driving_cell -lib_cell SAEDRVT14_BUF_4 -pin X [get_ports {dm_halt_addr_i[15]}]
set_driving_cell -lib_cell SAEDRVT14_BUF_4 -pin X [get_ports {dm_halt_addr_i[14]}]
set_driving_cell -lib_cell SAEDRVT14_BUF_4 -pin X [get_ports {dm_halt_addr_i[13]}]
set_driving_cell -lib_cell SAEDRVT14_BUF_4 -pin X [get_ports {dm_halt_addr_i[12]}]
set_driving_cell -lib_cell SAEDRVT14_BUF_4 -pin X [get_ports {dm_halt_addr_i[11]}]
set_driving_cell -lib_cell SAEDRVT14_BUF_4 -pin X [get_ports {dm_halt_addr_i[10]}]
set_driving_cell -lib_cell SAEDRVT14_BUF_4 -pin X [get_ports {dm_halt_addr_i[9]}]
set_driving_cell -lib_cell SAEDRVT14_BUF_4 -pin X [get_ports {dm_halt_addr_i[8]}]
set_driving_cell -lib_cell SAEDRVT14_BUF_4 -pin X [get_ports {dm_halt_addr_i[7]}]
set_driving_cell -lib_cell SAEDRVT14_BUF_4 -pin X [get_ports {dm_halt_addr_i[6]}]
set_driving_cell -lib_cell SAEDRVT14_BUF_4 -pin X [get_ports {dm_halt_addr_i[5]}]
set_driving_cell -lib_cell SAEDRVT14_BUF_4 -pin X [get_ports {dm_halt_addr_i[4]}]
set_driving_cell -lib_cell SAEDRVT14_BUF_4 -pin X [get_ports {dm_halt_addr_i[3]}]
set_driving_cell -lib_cell SAEDRVT14_BUF_4 -pin X [get_ports {dm_halt_addr_i[2]}]
set_driving_cell -lib_cell SAEDRVT14_BUF_4 -pin X [get_ports {dm_halt_addr_i[1]}]
set_driving_cell -lib_cell SAEDRVT14_BUF_4 -pin X [get_ports {dm_halt_addr_i[0]}]
set_driving_cell -lib_cell SAEDRVT14_BUF_4 -pin X [get_ports {hart_id_i[31]}]
set_driving_cell -lib_cell SAEDRVT14_BUF_4 -pin X [get_ports {hart_id_i[30]}]
set_driving_cell -lib_cell SAEDRVT14_BUF_4 -pin X [get_ports {hart_id_i[29]}]
set_driving_cell -lib_cell SAEDRVT14_BUF_4 -pin X [get_ports {hart_id_i[28]}]
set_driving_cell -lib_cell SAEDRVT14_BUF_4 -pin X [get_ports {hart_id_i[27]}]
set_driving_cell -lib_cell SAEDRVT14_BUF_4 -pin X [get_ports {hart_id_i[26]}]
set_driving_cell -lib_cell SAEDRVT14_BUF_4 -pin X [get_ports {hart_id_i[25]}]
set_driving_cell -lib_cell SAEDRVT14_BUF_4 -pin X [get_ports {hart_id_i[24]}]
set_driving_cell -lib_cell SAEDRVT14_BUF_4 -pin X [get_ports {hart_id_i[23]}]
set_driving_cell -lib_cell SAEDRVT14_BUF_4 -pin X [get_ports {hart_id_i[22]}]
set_driving_cell -lib_cell SAEDRVT14_BUF_4 -pin X [get_ports {hart_id_i[21]}]
set_driving_cell -lib_cell SAEDRVT14_BUF_4 -pin X [get_ports {hart_id_i[20]}]
set_driving_cell -lib_cell SAEDRVT14_BUF_4 -pin X [get_ports {hart_id_i[19]}]
set_driving_cell -lib_cell SAEDRVT14_BUF_4 -pin X [get_ports {hart_id_i[18]}]
set_driving_cell -lib_cell SAEDRVT14_BUF_4 -pin X [get_ports {hart_id_i[17]}]
set_driving_cell -lib_cell SAEDRVT14_BUF_4 -pin X [get_ports {hart_id_i[16]}]
set_driving_cell -lib_cell SAEDRVT14_BUF_4 -pin X [get_ports {hart_id_i[15]}]
set_driving_cell -lib_cell SAEDRVT14_BUF_4 -pin X [get_ports {hart_id_i[14]}]
set_driving_cell -lib_cell SAEDRVT14_BUF_4 -pin X [get_ports {hart_id_i[13]}]
set_driving_cell -lib_cell SAEDRVT14_BUF_4 -pin X [get_ports {hart_id_i[12]}]
set_driving_cell -lib_cell SAEDRVT14_BUF_4 -pin X [get_ports {hart_id_i[11]}]
set_driving_cell -lib_cell SAEDRVT14_BUF_4 -pin X [get_ports {hart_id_i[10]}]
set_driving_cell -lib_cell SAEDRVT14_BUF_4 -pin X [get_ports {hart_id_i[9]}]
set_driving_cell -lib_cell SAEDRVT14_BUF_4 -pin X [get_ports {hart_id_i[8]}]
set_driving_cell -lib_cell SAEDRVT14_BUF_4 -pin X [get_ports {hart_id_i[7]}]
set_driving_cell -lib_cell SAEDRVT14_BUF_4 -pin X [get_ports {hart_id_i[6]}]
set_driving_cell -lib_cell SAEDRVT14_BUF_4 -pin X [get_ports {hart_id_i[5]}]
set_driving_cell -lib_cell SAEDRVT14_BUF_4 -pin X [get_ports {hart_id_i[4]}]
set_driving_cell -lib_cell SAEDRVT14_BUF_4 -pin X [get_ports {hart_id_i[3]}]
set_driving_cell -lib_cell SAEDRVT14_BUF_4 -pin X [get_ports {hart_id_i[2]}]
set_driving_cell -lib_cell SAEDRVT14_BUF_4 -pin X [get_ports {hart_id_i[1]}]
set_driving_cell -lib_cell SAEDRVT14_BUF_4 -pin X [get_ports {hart_id_i[0]}]
set_driving_cell -lib_cell SAEDRVT14_BUF_4 -pin X [get_ports {dm_exception_addr_i[31]}]
set_driving_cell -lib_cell SAEDRVT14_BUF_4 -pin X [get_ports {dm_exception_addr_i[30]}]
set_driving_cell -lib_cell SAEDRVT14_BUF_4 -pin X [get_ports {dm_exception_addr_i[29]}]
set_driving_cell -lib_cell SAEDRVT14_BUF_4 -pin X [get_ports {dm_exception_addr_i[28]}]
set_driving_cell -lib_cell SAEDRVT14_BUF_4 -pin X [get_ports {dm_exception_addr_i[27]}]
set_driving_cell -lib_cell SAEDRVT14_BUF_4 -pin X [get_ports {dm_exception_addr_i[26]}]
set_driving_cell -lib_cell SAEDRVT14_BUF_4 -pin X [get_ports {dm_exception_addr_i[25]}]
set_driving_cell -lib_cell SAEDRVT14_BUF_4 -pin X [get_ports {dm_exception_addr_i[24]}]
set_driving_cell -lib_cell SAEDRVT14_BUF_4 -pin X [get_ports {dm_exception_addr_i[23]}]
set_driving_cell -lib_cell SAEDRVT14_BUF_4 -pin X [get_ports {dm_exception_addr_i[22]}]
set_driving_cell -lib_cell SAEDRVT14_BUF_4 -pin X [get_ports {dm_exception_addr_i[21]}]
set_driving_cell -lib_cell SAEDRVT14_BUF_4 -pin X [get_ports {dm_exception_addr_i[20]}]
set_driving_cell -lib_cell SAEDRVT14_BUF_4 -pin X [get_ports {dm_exception_addr_i[19]}]
set_driving_cell -lib_cell SAEDRVT14_BUF_4 -pin X [get_ports {dm_exception_addr_i[18]}]
set_driving_cell -lib_cell SAEDRVT14_BUF_4 -pin X [get_ports {dm_exception_addr_i[17]}]
set_driving_cell -lib_cell SAEDRVT14_BUF_4 -pin X [get_ports {dm_exception_addr_i[16]}]
set_driving_cell -lib_cell SAEDRVT14_BUF_4 -pin X [get_ports {dm_exception_addr_i[15]}]
set_driving_cell -lib_cell SAEDRVT14_BUF_4 -pin X [get_ports {dm_exception_addr_i[14]}]
set_driving_cell -lib_cell SAEDRVT14_BUF_4 -pin X [get_ports {dm_exception_addr_i[13]}]
set_driving_cell -lib_cell SAEDRVT14_BUF_4 -pin X [get_ports {dm_exception_addr_i[12]}]
set_driving_cell -lib_cell SAEDRVT14_BUF_4 -pin X [get_ports {dm_exception_addr_i[11]}]
set_driving_cell -lib_cell SAEDRVT14_BUF_4 -pin X [get_ports {dm_exception_addr_i[10]}]
set_driving_cell -lib_cell SAEDRVT14_BUF_4 -pin X [get_ports {dm_exception_addr_i[9]}]
set_driving_cell -lib_cell SAEDRVT14_BUF_4 -pin X [get_ports {dm_exception_addr_i[8]}]
set_driving_cell -lib_cell SAEDRVT14_BUF_4 -pin X [get_ports {dm_exception_addr_i[7]}]
set_driving_cell -lib_cell SAEDRVT14_BUF_4 -pin X [get_ports {dm_exception_addr_i[6]}]
set_driving_cell -lib_cell SAEDRVT14_BUF_4 -pin X [get_ports {dm_exception_addr_i[5]}]
set_driving_cell -lib_cell SAEDRVT14_BUF_4 -pin X [get_ports {dm_exception_addr_i[4]}]
set_driving_cell -lib_cell SAEDRVT14_BUF_4 -pin X [get_ports {dm_exception_addr_i[3]}]
set_driving_cell -lib_cell SAEDRVT14_BUF_4 -pin X [get_ports {dm_exception_addr_i[2]}]
set_driving_cell -lib_cell SAEDRVT14_BUF_4 -pin X [get_ports {dm_exception_addr_i[1]}]
set_driving_cell -lib_cell SAEDRVT14_BUF_4 -pin X [get_ports {dm_exception_addr_i[0]}]
set_driving_cell -lib_cell SAEDRVT14_BUF_4 -pin X [get_ports instr_gnt_i]
set_driving_cell -lib_cell SAEDRVT14_BUF_4 -pin X [get_ports instr_rvalid_i]
set_driving_cell -lib_cell SAEDRVT14_BUF_4 -pin X [get_ports {instr_rdata_i[31]}]
set_driving_cell -lib_cell SAEDRVT14_BUF_4 -pin X [get_ports {instr_rdata_i[30]}]
set_driving_cell -lib_cell SAEDRVT14_BUF_4 -pin X [get_ports {instr_rdata_i[29]}]
set_driving_cell -lib_cell SAEDRVT14_BUF_4 -pin X [get_ports {instr_rdata_i[28]}]
set_driving_cell -lib_cell SAEDRVT14_BUF_4 -pin X [get_ports {instr_rdata_i[27]}]
set_driving_cell -lib_cell SAEDRVT14_BUF_4 -pin X [get_ports {instr_rdata_i[26]}]
set_driving_cell -lib_cell SAEDRVT14_BUF_4 -pin X [get_ports {instr_rdata_i[25]}]
set_driving_cell -lib_cell SAEDRVT14_BUF_4 -pin X [get_ports {instr_rdata_i[24]}]
set_driving_cell -lib_cell SAEDRVT14_BUF_4 -pin X [get_ports {instr_rdata_i[23]}]
set_driving_cell -lib_cell SAEDRVT14_BUF_4 -pin X [get_ports {instr_rdata_i[22]}]
set_driving_cell -lib_cell SAEDRVT14_BUF_4 -pin X [get_ports {instr_rdata_i[21]}]
set_driving_cell -lib_cell SAEDRVT14_BUF_4 -pin X [get_ports {instr_rdata_i[20]}]
set_driving_cell -lib_cell SAEDRVT14_BUF_4 -pin X [get_ports {instr_rdata_i[19]}]
set_driving_cell -lib_cell SAEDRVT14_BUF_4 -pin X [get_ports {instr_rdata_i[18]}]
set_driving_cell -lib_cell SAEDRVT14_BUF_4 -pin X [get_ports {instr_rdata_i[17]}]
set_driving_cell -lib_cell SAEDRVT14_BUF_4 -pin X [get_ports {instr_rdata_i[16]}]
set_driving_cell -lib_cell SAEDRVT14_BUF_4 -pin X [get_ports {instr_rdata_i[15]}]
set_driving_cell -lib_cell SAEDRVT14_BUF_4 -pin X [get_ports {instr_rdata_i[14]}]
set_driving_cell -lib_cell SAEDRVT14_BUF_4 -pin X [get_ports {instr_rdata_i[13]}]
set_driving_cell -lib_cell SAEDRVT14_BUF_4 -pin X [get_ports {instr_rdata_i[12]}]
set_driving_cell -lib_cell SAEDRVT14_BUF_4 -pin X [get_ports {instr_rdata_i[11]}]
set_driving_cell -lib_cell SAEDRVT14_BUF_4 -pin X [get_ports {instr_rdata_i[10]}]
set_driving_cell -lib_cell SAEDRVT14_BUF_4 -pin X [get_ports {instr_rdata_i[9]}]
set_driving_cell -lib_cell SAEDRVT14_BUF_4 -pin X [get_ports {instr_rdata_i[8]}]
set_driving_cell -lib_cell SAEDRVT14_BUF_4 -pin X [get_ports {instr_rdata_i[7]}]
set_driving_cell -lib_cell SAEDRVT14_BUF_4 -pin X [get_ports {instr_rdata_i[6]}]
set_driving_cell -lib_cell SAEDRVT14_BUF_4 -pin X [get_ports {instr_rdata_i[5]}]
set_driving_cell -lib_cell SAEDRVT14_BUF_4 -pin X [get_ports {instr_rdata_i[4]}]
set_driving_cell -lib_cell SAEDRVT14_BUF_4 -pin X [get_ports {instr_rdata_i[3]}]
set_driving_cell -lib_cell SAEDRVT14_BUF_4 -pin X [get_ports {instr_rdata_i[2]}]
set_driving_cell -lib_cell SAEDRVT14_BUF_4 -pin X [get_ports {instr_rdata_i[1]}]
set_driving_cell -lib_cell SAEDRVT14_BUF_4 -pin X [get_ports {instr_rdata_i[0]}]
set_driving_cell -lib_cell SAEDRVT14_BUF_4 -pin X [get_ports data_gnt_i]
set_driving_cell -lib_cell SAEDRVT14_BUF_4 -pin X [get_ports data_rvalid_i]
set_driving_cell -lib_cell SAEDRVT14_BUF_4 -pin X [get_ports {data_rdata_i[31]}]
set_driving_cell -lib_cell SAEDRVT14_BUF_4 -pin X [get_ports {data_rdata_i[30]}]
set_driving_cell -lib_cell SAEDRVT14_BUF_4 -pin X [get_ports {data_rdata_i[29]}]
set_driving_cell -lib_cell SAEDRVT14_BUF_4 -pin X [get_ports {data_rdata_i[28]}]
set_driving_cell -lib_cell SAEDRVT14_BUF_4 -pin X [get_ports {data_rdata_i[27]}]
set_driving_cell -lib_cell SAEDRVT14_BUF_4 -pin X [get_ports {data_rdata_i[26]}]
set_driving_cell -lib_cell SAEDRVT14_BUF_4 -pin X [get_ports {data_rdata_i[25]}]
set_driving_cell -lib_cell SAEDRVT14_BUF_4 -pin X [get_ports {data_rdata_i[24]}]
set_driving_cell -lib_cell SAEDRVT14_BUF_4 -pin X [get_ports {data_rdata_i[23]}]
set_driving_cell -lib_cell SAEDRVT14_BUF_4 -pin X [get_ports {data_rdata_i[22]}]
set_driving_cell -lib_cell SAEDRVT14_BUF_4 -pin X [get_ports {data_rdata_i[21]}]
set_driving_cell -lib_cell SAEDRVT14_BUF_4 -pin X [get_ports {data_rdata_i[20]}]
set_driving_cell -lib_cell SAEDRVT14_BUF_4 -pin X [get_ports {data_rdata_i[19]}]
set_driving_cell -lib_cell SAEDRVT14_BUF_4 -pin X [get_ports {data_rdata_i[18]}]
set_driving_cell -lib_cell SAEDRVT14_BUF_4 -pin X [get_ports {data_rdata_i[17]}]
set_driving_cell -lib_cell SAEDRVT14_BUF_4 -pin X [get_ports {data_rdata_i[16]}]
set_driving_cell -lib_cell SAEDRVT14_BUF_4 -pin X [get_ports {data_rdata_i[15]}]
set_driving_cell -lib_cell SAEDRVT14_BUF_4 -pin X [get_ports {data_rdata_i[14]}]
set_driving_cell -lib_cell SAEDRVT14_BUF_4 -pin X [get_ports {data_rdata_i[13]}]
set_driving_cell -lib_cell SAEDRVT14_BUF_4 -pin X [get_ports {data_rdata_i[12]}]
set_driving_cell -lib_cell SAEDRVT14_BUF_4 -pin X [get_ports {data_rdata_i[11]}]
set_driving_cell -lib_cell SAEDRVT14_BUF_4 -pin X [get_ports {data_rdata_i[10]}]
set_driving_cell -lib_cell SAEDRVT14_BUF_4 -pin X [get_ports {data_rdata_i[9]}]
set_driving_cell -lib_cell SAEDRVT14_BUF_4 -pin X [get_ports {data_rdata_i[8]}]
set_driving_cell -lib_cell SAEDRVT14_BUF_4 -pin X [get_ports {data_rdata_i[7]}]
set_driving_cell -lib_cell SAEDRVT14_BUF_4 -pin X [get_ports {data_rdata_i[6]}]
set_driving_cell -lib_cell SAEDRVT14_BUF_4 -pin X [get_ports {data_rdata_i[5]}]
set_driving_cell -lib_cell SAEDRVT14_BUF_4 -pin X [get_ports {data_rdata_i[4]}]
set_driving_cell -lib_cell SAEDRVT14_BUF_4 -pin X [get_ports {data_rdata_i[3]}]
set_driving_cell -lib_cell SAEDRVT14_BUF_4 -pin X [get_ports {data_rdata_i[2]}]
set_driving_cell -lib_cell SAEDRVT14_BUF_4 -pin X [get_ports {data_rdata_i[1]}]
set_driving_cell -lib_cell SAEDRVT14_BUF_4 -pin X [get_ports {data_rdata_i[0]}]
set_driving_cell -lib_cell SAEDRVT14_BUF_4 -pin X [get_ports {irq_i[31]}]
set_driving_cell -lib_cell SAEDRVT14_BUF_4 -pin X [get_ports {irq_i[30]}]
set_driving_cell -lib_cell SAEDRVT14_BUF_4 -pin X [get_ports {irq_i[29]}]
set_driving_cell -lib_cell SAEDRVT14_BUF_4 -pin X [get_ports {irq_i[28]}]
set_driving_cell -lib_cell SAEDRVT14_BUF_4 -pin X [get_ports {irq_i[27]}]
set_driving_cell -lib_cell SAEDRVT14_BUF_4 -pin X [get_ports {irq_i[26]}]
set_driving_cell -lib_cell SAEDRVT14_BUF_4 -pin X [get_ports {irq_i[25]}]
set_driving_cell -lib_cell SAEDRVT14_BUF_4 -pin X [get_ports {irq_i[24]}]
set_driving_cell -lib_cell SAEDRVT14_BUF_4 -pin X [get_ports {irq_i[23]}]
set_driving_cell -lib_cell SAEDRVT14_BUF_4 -pin X [get_ports {irq_i[22]}]
set_driving_cell -lib_cell SAEDRVT14_BUF_4 -pin X [get_ports {irq_i[21]}]
set_driving_cell -lib_cell SAEDRVT14_BUF_4 -pin X [get_ports {irq_i[20]}]
set_driving_cell -lib_cell SAEDRVT14_BUF_4 -pin X [get_ports {irq_i[19]}]
set_driving_cell -lib_cell SAEDRVT14_BUF_4 -pin X [get_ports {irq_i[18]}]
set_driving_cell -lib_cell SAEDRVT14_BUF_4 -pin X [get_ports {irq_i[17]}]
set_driving_cell -lib_cell SAEDRVT14_BUF_4 -pin X [get_ports {irq_i[16]}]
set_driving_cell -lib_cell SAEDRVT14_BUF_4 -pin X [get_ports {irq_i[15]}]
set_driving_cell -lib_cell SAEDRVT14_BUF_4 -pin X [get_ports {irq_i[14]}]
set_driving_cell -lib_cell SAEDRVT14_BUF_4 -pin X [get_ports {irq_i[13]}]
set_driving_cell -lib_cell SAEDRVT14_BUF_4 -pin X [get_ports {irq_i[12]}]
set_driving_cell -lib_cell SAEDRVT14_BUF_4 -pin X [get_ports {irq_i[11]}]
set_driving_cell -lib_cell SAEDRVT14_BUF_4 -pin X [get_ports {irq_i[10]}]
set_driving_cell -lib_cell SAEDRVT14_BUF_4 -pin X [get_ports {irq_i[9]}]
set_driving_cell -lib_cell SAEDRVT14_BUF_4 -pin X [get_ports {irq_i[8]}]
set_driving_cell -lib_cell SAEDRVT14_BUF_4 -pin X [get_ports {irq_i[7]}]
set_driving_cell -lib_cell SAEDRVT14_BUF_4 -pin X [get_ports {irq_i[6]}]
set_driving_cell -lib_cell SAEDRVT14_BUF_4 -pin X [get_ports {irq_i[5]}]
set_driving_cell -lib_cell SAEDRVT14_BUF_4 -pin X [get_ports {irq_i[4]}]
set_driving_cell -lib_cell SAEDRVT14_BUF_4 -pin X [get_ports {irq_i[3]}]
set_driving_cell -lib_cell SAEDRVT14_BUF_4 -pin X [get_ports {irq_i[2]}]
set_driving_cell -lib_cell SAEDRVT14_BUF_4 -pin X [get_ports {irq_i[1]}]
set_driving_cell -lib_cell SAEDRVT14_BUF_4 -pin X [get_ports {irq_i[0]}]
set_driving_cell -lib_cell SAEDRVT14_BUF_4 -pin X [get_ports debug_req_i]
set_driving_cell -lib_cell SAEDRVT14_BUF_4 -pin X [get_ports fetch_enable_i]
set_load -pin_load 0.5 [get_ports instr_req_o]
set_load -pin_load 0.5 [get_ports {instr_addr_o[31]}]
set_load -pin_load 0.5 [get_ports {instr_addr_o[30]}]
set_load -pin_load 0.5 [get_ports {instr_addr_o[29]}]
set_load -pin_load 0.5 [get_ports {instr_addr_o[28]}]
set_load -pin_load 0.5 [get_ports {instr_addr_o[27]}]
set_load -pin_load 0.5 [get_ports {instr_addr_o[26]}]
set_load -pin_load 0.5 [get_ports {instr_addr_o[25]}]
set_load -pin_load 0.5 [get_ports {instr_addr_o[24]}]
set_load -pin_load 0.5 [get_ports {instr_addr_o[23]}]
set_load -pin_load 0.5 [get_ports {instr_addr_o[22]}]
set_load -pin_load 0.5 [get_ports {instr_addr_o[21]}]
set_load -pin_load 0.5 [get_ports {instr_addr_o[20]}]
set_load -pin_load 0.5 [get_ports {instr_addr_o[19]}]
set_load -pin_load 0.5 [get_ports {instr_addr_o[18]}]
set_load -pin_load 0.5 [get_ports {instr_addr_o[17]}]
set_load -pin_load 0.5 [get_ports {instr_addr_o[16]}]
set_load -pin_load 0.5 [get_ports {instr_addr_o[15]}]
set_load -pin_load 0.5 [get_ports {instr_addr_o[14]}]
set_load -pin_load 0.5 [get_ports {instr_addr_o[13]}]
set_load -pin_load 0.5 [get_ports {instr_addr_o[12]}]
set_load -pin_load 0.5 [get_ports {instr_addr_o[11]}]
set_load -pin_load 0.5 [get_ports {instr_addr_o[10]}]
set_load -pin_load 0.5 [get_ports {instr_addr_o[9]}]
set_load -pin_load 0.5 [get_ports {instr_addr_o[8]}]
set_load -pin_load 0.5 [get_ports {instr_addr_o[7]}]
set_load -pin_load 0.5 [get_ports {instr_addr_o[6]}]
set_load -pin_load 0.5 [get_ports {instr_addr_o[5]}]
set_load -pin_load 0.5 [get_ports {instr_addr_o[4]}]
set_load -pin_load 0.5 [get_ports {instr_addr_o[3]}]
set_load -pin_load 0.5 [get_ports {instr_addr_o[2]}]
set_load -pin_load 0.5 [get_ports {instr_addr_o[1]}]
set_load -pin_load 0.5 [get_ports {instr_addr_o[0]}]
set_load -pin_load 0.5 [get_ports data_req_o]
set_load -pin_load 0.5 [get_ports data_we_o]
set_load -pin_load 0.5 [get_ports {data_be_o[3]}]
set_load -pin_load 0.5 [get_ports {data_be_o[2]}]
set_load -pin_load 0.5 [get_ports {data_be_o[1]}]
set_load -pin_load 0.5 [get_ports {data_be_o[0]}]
set_load -pin_load 0.5 [get_ports {data_addr_o[31]}]
set_load -pin_load 0.5 [get_ports {data_addr_o[30]}]
set_load -pin_load 0.5 [get_ports {data_addr_o[29]}]
set_load -pin_load 0.5 [get_ports {data_addr_o[28]}]
set_load -pin_load 0.5 [get_ports {data_addr_o[27]}]
set_load -pin_load 0.5 [get_ports {data_addr_o[26]}]
set_load -pin_load 0.5 [get_ports {data_addr_o[25]}]
set_load -pin_load 0.5 [get_ports {data_addr_o[24]}]
set_load -pin_load 0.5 [get_ports {data_addr_o[23]}]
set_load -pin_load 0.5 [get_ports {data_addr_o[22]}]
set_load -pin_load 0.5 [get_ports {data_addr_o[21]}]
set_load -pin_load 0.5 [get_ports {data_addr_o[20]}]
set_load -pin_load 0.5 [get_ports {data_addr_o[19]}]
set_load -pin_load 0.5 [get_ports {data_addr_o[18]}]
set_load -pin_load 0.5 [get_ports {data_addr_o[17]}]
set_load -pin_load 0.5 [get_ports {data_addr_o[16]}]
set_load -pin_load 0.5 [get_ports {data_addr_o[15]}]
set_load -pin_load 0.5 [get_ports {data_addr_o[14]}]
set_load -pin_load 0.5 [get_ports {data_addr_o[13]}]
set_load -pin_load 0.5 [get_ports {data_addr_o[12]}]
set_load -pin_load 0.5 [get_ports {data_addr_o[11]}]
set_load -pin_load 0.5 [get_ports {data_addr_o[10]}]
set_load -pin_load 0.5 [get_ports {data_addr_o[9]}]
set_load -pin_load 0.5 [get_ports {data_addr_o[8]}]
set_load -pin_load 0.5 [get_ports {data_addr_o[7]}]
set_load -pin_load 0.5 [get_ports {data_addr_o[6]}]
set_load -pin_load 0.5 [get_ports {data_addr_o[5]}]
set_load -pin_load 0.5 [get_ports {data_addr_o[4]}]
set_load -pin_load 0.5 [get_ports {data_addr_o[3]}]
set_load -pin_load 0.5 [get_ports {data_addr_o[2]}]
set_load -pin_load 0.5 [get_ports {data_addr_o[1]}]
set_load -pin_load 0.5 [get_ports {data_addr_o[0]}]
set_load -pin_load 0.5 [get_ports {data_wdata_o[31]}]
set_load -pin_load 0.5 [get_ports {data_wdata_o[30]}]
set_load -pin_load 0.5 [get_ports {data_wdata_o[29]}]
set_load -pin_load 0.5 [get_ports {data_wdata_o[28]}]
set_load -pin_load 0.5 [get_ports {data_wdata_o[27]}]
set_load -pin_load 0.5 [get_ports {data_wdata_o[26]}]
set_load -pin_load 0.5 [get_ports {data_wdata_o[25]}]
set_load -pin_load 0.5 [get_ports {data_wdata_o[24]}]
set_load -pin_load 0.5 [get_ports {data_wdata_o[23]}]
set_load -pin_load 0.5 [get_ports {data_wdata_o[22]}]
set_load -pin_load 0.5 [get_ports {data_wdata_o[21]}]
set_load -pin_load 0.5 [get_ports {data_wdata_o[20]}]
set_load -pin_load 0.5 [get_ports {data_wdata_o[19]}]
set_load -pin_load 0.5 [get_ports {data_wdata_o[18]}]
set_load -pin_load 0.5 [get_ports {data_wdata_o[17]}]
set_load -pin_load 0.5 [get_ports {data_wdata_o[16]}]
set_load -pin_load 0.5 [get_ports {data_wdata_o[15]}]
set_load -pin_load 0.5 [get_ports {data_wdata_o[14]}]
set_load -pin_load 0.5 [get_ports {data_wdata_o[13]}]
set_load -pin_load 0.5 [get_ports {data_wdata_o[12]}]
set_load -pin_load 0.5 [get_ports {data_wdata_o[11]}]
set_load -pin_load 0.5 [get_ports {data_wdata_o[10]}]
set_load -pin_load 0.5 [get_ports {data_wdata_o[9]}]
set_load -pin_load 0.5 [get_ports {data_wdata_o[8]}]
set_load -pin_load 0.5 [get_ports {data_wdata_o[7]}]
set_load -pin_load 0.5 [get_ports {data_wdata_o[6]}]
set_load -pin_load 0.5 [get_ports {data_wdata_o[5]}]
set_load -pin_load 0.5 [get_ports {data_wdata_o[4]}]
set_load -pin_load 0.5 [get_ports {data_wdata_o[3]}]
set_load -pin_load 0.5 [get_ports {data_wdata_o[2]}]
set_load -pin_load 0.5 [get_ports {data_wdata_o[1]}]
set_load -pin_load 0.5 [get_ports {data_wdata_o[0]}]
set_load -pin_load 0.5 [get_ports irq_ack_o]
set_load -pin_load 0.5 [get_ports {irq_id_o[4]}]
set_load -pin_load 0.5 [get_ports {irq_id_o[3]}]
set_load -pin_load 0.5 [get_ports {irq_id_o[2]}]
set_load -pin_load 0.5 [get_ports {irq_id_o[1]}]
set_load -pin_load 0.5 [get_ports {irq_id_o[0]}]
set_load -pin_load 0.5 [get_ports debug_havereset_o]
set_load -pin_load 0.5 [get_ports debug_running_o]
set_load -pin_load 0.5 [get_ports debug_halted_o]
set_load -pin_load 0.5 [get_ports core_sleep_o]
create_clock [get_ports clk_i]  -period 5  -waveform {0 2.5}
Warning: Redefining clock 'clk_i'.  
 Previously defined at: /home/ICer/ITI/PnR_Grad/Backend/Synthesis/sdc/cv32e40p_top.sdc, line 387 (UIC-034)
set_input_delay -clock clk_i  2.5  [get_ports {irq_i[31]}]
set_input_delay -clock clk_i  2.5  [get_ports {irq_i[30]}]
set_input_delay -clock clk_i  2.5  [get_ports {irq_i[29]}]
set_input_delay -clock clk_i  2.5  [get_ports {irq_i[28]}]
set_input_delay -clock clk_i  2.5  [get_ports {irq_i[27]}]
set_input_delay -clock clk_i  2.5  [get_ports {irq_i[26]}]
set_input_delay -clock clk_i  2.5  [get_ports {irq_i[25]}]
set_input_delay -clock clk_i  2.5  [get_ports {irq_i[24]}]
set_input_delay -clock clk_i  2.5  [get_ports {irq_i[23]}]
set_input_delay -clock clk_i  2.5  [get_ports {irq_i[22]}]
set_input_delay -clock clk_i  2.5  [get_ports {irq_i[21]}]
set_input_delay -clock clk_i  2.5  [get_ports {irq_i[20]}]
set_input_delay -clock clk_i  2.5  [get_ports {irq_i[19]}]
set_input_delay -clock clk_i  2.5  [get_ports {irq_i[18]}]
set_input_delay -clock clk_i  2.5  [get_ports {irq_i[17]}]
set_input_delay -clock clk_i  2.5  [get_ports {irq_i[16]}]
set_input_delay -clock clk_i  2.5  [get_ports {irq_i[15]}]
set_input_delay -clock clk_i  2.5  [get_ports {irq_i[14]}]
set_input_delay -clock clk_i  2.5  [get_ports {irq_i[13]}]
set_input_delay -clock clk_i  2.5  [get_ports {irq_i[12]}]
set_input_delay -clock clk_i  2.5  [get_ports {irq_i[11]}]
set_input_delay -clock clk_i  2.5  [get_ports {irq_i[10]}]
set_input_delay -clock clk_i  2.5  [get_ports {irq_i[9]}]
set_input_delay -clock clk_i  2.5  [get_ports {irq_i[8]}]
set_input_delay -clock clk_i  2.5  [get_ports {irq_i[7]}]
set_input_delay -clock clk_i  2.5  [get_ports {irq_i[6]}]
set_input_delay -clock clk_i  2.5  [get_ports {irq_i[5]}]
set_input_delay -clock clk_i  2.5  [get_ports {irq_i[4]}]
set_input_delay -clock clk_i  2.5  [get_ports {irq_i[3]}]
set_input_delay -clock clk_i  2.5  [get_ports {irq_i[2]}]
set_input_delay -clock clk_i  2.5  [get_ports {irq_i[1]}]
set_input_delay -clock clk_i  2.5  [get_ports {irq_i[0]}]
set_input_delay -clock clk_i  4  [get_ports instr_gnt_i]
set_input_delay -clock clk_i  4  [get_ports instr_rvalid_i]
set_input_delay -clock clk_i  4  [get_ports {instr_rdata_i[31]}]
set_input_delay -clock clk_i  4  [get_ports {instr_rdata_i[30]}]
set_input_delay -clock clk_i  4  [get_ports {instr_rdata_i[29]}]
set_input_delay -clock clk_i  4  [get_ports {instr_rdata_i[28]}]
set_input_delay -clock clk_i  4  [get_ports {instr_rdata_i[27]}]
set_input_delay -clock clk_i  4  [get_ports {instr_rdata_i[26]}]
set_input_delay -clock clk_i  4  [get_ports {instr_rdata_i[25]}]
set_input_delay -clock clk_i  4  [get_ports {instr_rdata_i[24]}]
set_input_delay -clock clk_i  4  [get_ports {instr_rdata_i[23]}]
set_input_delay -clock clk_i  4  [get_ports {instr_rdata_i[22]}]
set_input_delay -clock clk_i  4  [get_ports {instr_rdata_i[21]}]
set_input_delay -clock clk_i  4  [get_ports {instr_rdata_i[20]}]
set_input_delay -clock clk_i  4  [get_ports {instr_rdata_i[19]}]
set_input_delay -clock clk_i  4  [get_ports {instr_rdata_i[18]}]
set_input_delay -clock clk_i  4  [get_ports {instr_rdata_i[17]}]
set_input_delay -clock clk_i  4  [get_ports {instr_rdata_i[16]}]
set_input_delay -clock clk_i  4  [get_ports {instr_rdata_i[15]}]
set_input_delay -clock clk_i  4  [get_ports {instr_rdata_i[14]}]
set_input_delay -clock clk_i  4  [get_ports {instr_rdata_i[13]}]
set_input_delay -clock clk_i  4  [get_ports {instr_rdata_i[12]}]
set_input_delay -clock clk_i  4  [get_ports {instr_rdata_i[11]}]
set_input_delay -clock clk_i  4  [get_ports {instr_rdata_i[10]}]
set_input_delay -clock clk_i  4  [get_ports {instr_rdata_i[9]}]
set_input_delay -clock clk_i  4  [get_ports {instr_rdata_i[8]}]
set_input_delay -clock clk_i  4  [get_ports {instr_rdata_i[7]}]
set_input_delay -clock clk_i  4  [get_ports {instr_rdata_i[6]}]
set_input_delay -clock clk_i  4  [get_ports {instr_rdata_i[5]}]
set_input_delay -clock clk_i  4  [get_ports {instr_rdata_i[4]}]
set_input_delay -clock clk_i  4  [get_ports {instr_rdata_i[3]}]
set_input_delay -clock clk_i  4  [get_ports {instr_rdata_i[2]}]
set_input_delay -clock clk_i  4  [get_ports {instr_rdata_i[1]}]
set_input_delay -clock clk_i  4  [get_ports {instr_rdata_i[0]}]
set_input_delay -clock clk_i  4  [get_ports data_gnt_i]
set_input_delay -clock clk_i  4  [get_ports data_rvalid_i]
set_input_delay -clock clk_i  4  [get_ports {data_rdata_i[31]}]
set_input_delay -clock clk_i  4  [get_ports {data_rdata_i[30]}]
set_input_delay -clock clk_i  4  [get_ports {data_rdata_i[29]}]
set_input_delay -clock clk_i  4  [get_ports {data_rdata_i[28]}]
set_input_delay -clock clk_i  4  [get_ports {data_rdata_i[27]}]
set_input_delay -clock clk_i  4  [get_ports {data_rdata_i[26]}]
set_input_delay -clock clk_i  4  [get_ports {data_rdata_i[25]}]
set_input_delay -clock clk_i  4  [get_ports {data_rdata_i[24]}]
set_input_delay -clock clk_i  4  [get_ports {data_rdata_i[23]}]
set_input_delay -clock clk_i  4  [get_ports {data_rdata_i[22]}]
set_input_delay -clock clk_i  4  [get_ports {data_rdata_i[21]}]
set_input_delay -clock clk_i  4  [get_ports {data_rdata_i[20]}]
set_input_delay -clock clk_i  4  [get_ports {data_rdata_i[19]}]
set_input_delay -clock clk_i  4  [get_ports {data_rdata_i[18]}]
set_input_delay -clock clk_i  4  [get_ports {data_rdata_i[17]}]
set_input_delay -clock clk_i  4  [get_ports {data_rdata_i[16]}]
set_input_delay -clock clk_i  4  [get_ports {data_rdata_i[15]}]
set_input_delay -clock clk_i  4  [get_ports {data_rdata_i[14]}]
set_input_delay -clock clk_i  4  [get_ports {data_rdata_i[13]}]
set_input_delay -clock clk_i  4  [get_ports {data_rdata_i[12]}]
set_input_delay -clock clk_i  4  [get_ports {data_rdata_i[11]}]
set_input_delay -clock clk_i  4  [get_ports {data_rdata_i[10]}]
set_input_delay -clock clk_i  4  [get_ports {data_rdata_i[9]}]
set_input_delay -clock clk_i  4  [get_ports {data_rdata_i[8]}]
set_input_delay -clock clk_i  4  [get_ports {data_rdata_i[7]}]
set_input_delay -clock clk_i  4  [get_ports {data_rdata_i[6]}]
set_input_delay -clock clk_i  4  [get_ports {data_rdata_i[5]}]
set_input_delay -clock clk_i  4  [get_ports {data_rdata_i[4]}]
set_input_delay -clock clk_i  4  [get_ports {data_rdata_i[3]}]
set_input_delay -clock clk_i  4  [get_ports {data_rdata_i[2]}]
set_input_delay -clock clk_i  4  [get_ports {data_rdata_i[1]}]
set_input_delay -clock clk_i  4  [get_ports {data_rdata_i[0]}]
set_input_delay -clock clk_i  0.5  [get_ports debug_req_i]
set_input_delay -clock clk_i  0.5  [get_ports {boot_addr_i[31]}]
set_input_delay -clock clk_i  0.5  [get_ports {boot_addr_i[30]}]
set_input_delay -clock clk_i  0.5  [get_ports {boot_addr_i[29]}]
set_input_delay -clock clk_i  0.5  [get_ports {boot_addr_i[28]}]
set_input_delay -clock clk_i  0.5  [get_ports {boot_addr_i[27]}]
set_input_delay -clock clk_i  0.5  [get_ports {boot_addr_i[26]}]
set_input_delay -clock clk_i  0.5  [get_ports {boot_addr_i[25]}]
set_input_delay -clock clk_i  0.5  [get_ports {boot_addr_i[24]}]
set_input_delay -clock clk_i  0.5  [get_ports {boot_addr_i[23]}]
set_input_delay -clock clk_i  0.5  [get_ports {boot_addr_i[22]}]
set_input_delay -clock clk_i  0.5  [get_ports {boot_addr_i[21]}]
set_input_delay -clock clk_i  0.5  [get_ports {boot_addr_i[20]}]
set_input_delay -clock clk_i  0.5  [get_ports {boot_addr_i[19]}]
set_input_delay -clock clk_i  0.5  [get_ports {boot_addr_i[18]}]
set_input_delay -clock clk_i  0.5  [get_ports {boot_addr_i[17]}]
set_input_delay -clock clk_i  0.5  [get_ports {boot_addr_i[16]}]
set_input_delay -clock clk_i  0.5  [get_ports {boot_addr_i[15]}]
set_input_delay -clock clk_i  0.5  [get_ports {boot_addr_i[14]}]
set_input_delay -clock clk_i  0.5  [get_ports {boot_addr_i[13]}]
set_input_delay -clock clk_i  0.5  [get_ports {boot_addr_i[12]}]
set_input_delay -clock clk_i  0.5  [get_ports {boot_addr_i[11]}]
set_input_delay -clock clk_i  0.5  [get_ports {boot_addr_i[10]}]
set_input_delay -clock clk_i  0.5  [get_ports {boot_addr_i[9]}]
set_input_delay -clock clk_i  0.5  [get_ports {boot_addr_i[8]}]
set_input_delay -clock clk_i  0.5  [get_ports {boot_addr_i[7]}]
set_input_delay -clock clk_i  0.5  [get_ports {boot_addr_i[6]}]
set_input_delay -clock clk_i  0.5  [get_ports {boot_addr_i[5]}]
set_input_delay -clock clk_i  0.5  [get_ports {boot_addr_i[4]}]
set_input_delay -clock clk_i  0.5  [get_ports {boot_addr_i[3]}]
set_input_delay -clock clk_i  0.5  [get_ports {boot_addr_i[2]}]
set_input_delay -clock clk_i  0.5  [get_ports {boot_addr_i[1]}]
set_input_delay -clock clk_i  0.5  [get_ports {boot_addr_i[0]}]
set_input_delay -clock clk_i  0.5  [get_ports {mtvec_addr_i[31]}]
set_input_delay -clock clk_i  0.5  [get_ports {mtvec_addr_i[30]}]
set_input_delay -clock clk_i  0.5  [get_ports {mtvec_addr_i[29]}]
set_input_delay -clock clk_i  0.5  [get_ports {mtvec_addr_i[28]}]
set_input_delay -clock clk_i  0.5  [get_ports {mtvec_addr_i[27]}]
set_input_delay -clock clk_i  0.5  [get_ports {mtvec_addr_i[26]}]
set_input_delay -clock clk_i  0.5  [get_ports {mtvec_addr_i[25]}]
set_input_delay -clock clk_i  0.5  [get_ports {mtvec_addr_i[24]}]
set_input_delay -clock clk_i  0.5  [get_ports {mtvec_addr_i[23]}]
set_input_delay -clock clk_i  0.5  [get_ports {mtvec_addr_i[22]}]
set_input_delay -clock clk_i  0.5  [get_ports {mtvec_addr_i[21]}]
set_input_delay -clock clk_i  0.5  [get_ports {mtvec_addr_i[20]}]
set_input_delay -clock clk_i  0.5  [get_ports {mtvec_addr_i[19]}]
set_input_delay -clock clk_i  0.5  [get_ports {mtvec_addr_i[18]}]
set_input_delay -clock clk_i  0.5  [get_ports {mtvec_addr_i[17]}]
set_input_delay -clock clk_i  0.5  [get_ports {mtvec_addr_i[16]}]
set_input_delay -clock clk_i  0.5  [get_ports {mtvec_addr_i[15]}]
set_input_delay -clock clk_i  0.5  [get_ports {mtvec_addr_i[14]}]
set_input_delay -clock clk_i  0.5  [get_ports {mtvec_addr_i[13]}]
set_input_delay -clock clk_i  0.5  [get_ports {mtvec_addr_i[12]}]
set_input_delay -clock clk_i  0.5  [get_ports {mtvec_addr_i[11]}]
set_input_delay -clock clk_i  0.5  [get_ports {mtvec_addr_i[10]}]
set_input_delay -clock clk_i  0.5  [get_ports {mtvec_addr_i[9]}]
set_input_delay -clock clk_i  0.5  [get_ports {mtvec_addr_i[8]}]
set_input_delay -clock clk_i  0.5  [get_ports {mtvec_addr_i[7]}]
set_input_delay -clock clk_i  0.5  [get_ports {mtvec_addr_i[6]}]
set_input_delay -clock clk_i  0.5  [get_ports {mtvec_addr_i[5]}]
set_input_delay -clock clk_i  0.5  [get_ports {mtvec_addr_i[4]}]
set_input_delay -clock clk_i  0.5  [get_ports {mtvec_addr_i[3]}]
set_input_delay -clock clk_i  0.5  [get_ports {mtvec_addr_i[2]}]
set_input_delay -clock clk_i  0.5  [get_ports {mtvec_addr_i[1]}]
set_input_delay -clock clk_i  0.5  [get_ports {mtvec_addr_i[0]}]
set_input_delay -clock clk_i  0.5  [get_ports {dm_halt_addr_i[31]}]
set_input_delay -clock clk_i  0.5  [get_ports {dm_halt_addr_i[30]}]
set_input_delay -clock clk_i  0.5  [get_ports {dm_halt_addr_i[29]}]
set_input_delay -clock clk_i  0.5  [get_ports {dm_halt_addr_i[28]}]
set_input_delay -clock clk_i  0.5  [get_ports {dm_halt_addr_i[27]}]
set_input_delay -clock clk_i  0.5  [get_ports {dm_halt_addr_i[26]}]
set_input_delay -clock clk_i  0.5  [get_ports {dm_halt_addr_i[25]}]
set_input_delay -clock clk_i  0.5  [get_ports {dm_halt_addr_i[24]}]
set_input_delay -clock clk_i  0.5  [get_ports {dm_halt_addr_i[23]}]
set_input_delay -clock clk_i  0.5  [get_ports {dm_halt_addr_i[22]}]
set_input_delay -clock clk_i  0.5  [get_ports {dm_halt_addr_i[21]}]
set_input_delay -clock clk_i  0.5  [get_ports {dm_halt_addr_i[20]}]
set_input_delay -clock clk_i  0.5  [get_ports {dm_halt_addr_i[19]}]
set_input_delay -clock clk_i  0.5  [get_ports {dm_halt_addr_i[18]}]
set_input_delay -clock clk_i  0.5  [get_ports {dm_halt_addr_i[17]}]
set_input_delay -clock clk_i  0.5  [get_ports {dm_halt_addr_i[16]}]
set_input_delay -clock clk_i  0.5  [get_ports {dm_halt_addr_i[15]}]
set_input_delay -clock clk_i  0.5  [get_ports {dm_halt_addr_i[14]}]
set_input_delay -clock clk_i  0.5  [get_ports {dm_halt_addr_i[13]}]
set_input_delay -clock clk_i  0.5  [get_ports {dm_halt_addr_i[12]}]
set_input_delay -clock clk_i  0.5  [get_ports {dm_halt_addr_i[11]}]
set_input_delay -clock clk_i  0.5  [get_ports {dm_halt_addr_i[10]}]
set_input_delay -clock clk_i  0.5  [get_ports {dm_halt_addr_i[9]}]
set_input_delay -clock clk_i  0.5  [get_ports {dm_halt_addr_i[8]}]
set_input_delay -clock clk_i  0.5  [get_ports {dm_halt_addr_i[7]}]
set_input_delay -clock clk_i  0.5  [get_ports {dm_halt_addr_i[6]}]
set_input_delay -clock clk_i  0.5  [get_ports {dm_halt_addr_i[5]}]
set_input_delay -clock clk_i  0.5  [get_ports {dm_halt_addr_i[4]}]
set_input_delay -clock clk_i  0.5  [get_ports {dm_halt_addr_i[3]}]
set_input_delay -clock clk_i  0.5  [get_ports {dm_halt_addr_i[2]}]
set_input_delay -clock clk_i  0.5  [get_ports {dm_halt_addr_i[1]}]
set_input_delay -clock clk_i  0.5  [get_ports {dm_halt_addr_i[0]}]
set_input_delay -clock clk_i  0.5  [get_ports {hart_id_i[31]}]
set_input_delay -clock clk_i  0.5  [get_ports {hart_id_i[30]}]
set_input_delay -clock clk_i  0.5  [get_ports {hart_id_i[29]}]
set_input_delay -clock clk_i  0.5  [get_ports {hart_id_i[28]}]
set_input_delay -clock clk_i  0.5  [get_ports {hart_id_i[27]}]
set_input_delay -clock clk_i  0.5  [get_ports {hart_id_i[26]}]
set_input_delay -clock clk_i  0.5  [get_ports {hart_id_i[25]}]
set_input_delay -clock clk_i  0.5  [get_ports {hart_id_i[24]}]
set_input_delay -clock clk_i  0.5  [get_ports {hart_id_i[23]}]
set_input_delay -clock clk_i  0.5  [get_ports {hart_id_i[22]}]
set_input_delay -clock clk_i  0.5  [get_ports {hart_id_i[21]}]
set_input_delay -clock clk_i  0.5  [get_ports {hart_id_i[20]}]
set_input_delay -clock clk_i  0.5  [get_ports {hart_id_i[19]}]
set_input_delay -clock clk_i  0.5  [get_ports {hart_id_i[18]}]
set_input_delay -clock clk_i  0.5  [get_ports {hart_id_i[17]}]
set_input_delay -clock clk_i  0.5  [get_ports {hart_id_i[16]}]
set_input_delay -clock clk_i  0.5  [get_ports {hart_id_i[15]}]
set_input_delay -clock clk_i  0.5  [get_ports {hart_id_i[14]}]
set_input_delay -clock clk_i  0.5  [get_ports {hart_id_i[13]}]
set_input_delay -clock clk_i  0.5  [get_ports {hart_id_i[12]}]
set_input_delay -clock clk_i  0.5  [get_ports {hart_id_i[11]}]
set_input_delay -clock clk_i  0.5  [get_ports {hart_id_i[10]}]
set_input_delay -clock clk_i  0.5  [get_ports {hart_id_i[9]}]
set_input_delay -clock clk_i  0.5  [get_ports {hart_id_i[8]}]
set_input_delay -clock clk_i  0.5  [get_ports {hart_id_i[7]}]
set_input_delay -clock clk_i  0.5  [get_ports {hart_id_i[6]}]
set_input_delay -clock clk_i  0.5  [get_ports {hart_id_i[5]}]
set_input_delay -clock clk_i  0.5  [get_ports {hart_id_i[4]}]
set_input_delay -clock clk_i  0.5  [get_ports {hart_id_i[3]}]
set_input_delay -clock clk_i  0.5  [get_ports {hart_id_i[2]}]
set_input_delay -clock clk_i  0.5  [get_ports {hart_id_i[1]}]
set_input_delay -clock clk_i  0.5  [get_ports {hart_id_i[0]}]
set_input_delay -clock clk_i  0.5  [get_ports {dm_exception_addr_i[31]}]
set_input_delay -clock clk_i  0.5  [get_ports {dm_exception_addr_i[30]}]
set_input_delay -clock clk_i  0.5  [get_ports {dm_exception_addr_i[29]}]
set_input_delay -clock clk_i  0.5  [get_ports {dm_exception_addr_i[28]}]
set_input_delay -clock clk_i  0.5  [get_ports {dm_exception_addr_i[27]}]
set_input_delay -clock clk_i  0.5  [get_ports {dm_exception_addr_i[26]}]
set_input_delay -clock clk_i  0.5  [get_ports {dm_exception_addr_i[25]}]
set_input_delay -clock clk_i  0.5  [get_ports {dm_exception_addr_i[24]}]
set_input_delay -clock clk_i  0.5  [get_ports {dm_exception_addr_i[23]}]
set_input_delay -clock clk_i  0.5  [get_ports {dm_exception_addr_i[22]}]
set_input_delay -clock clk_i  0.5  [get_ports {dm_exception_addr_i[21]}]
set_input_delay -clock clk_i  0.5  [get_ports {dm_exception_addr_i[20]}]
set_input_delay -clock clk_i  0.5  [get_ports {dm_exception_addr_i[19]}]
set_input_delay -clock clk_i  0.5  [get_ports {dm_exception_addr_i[18]}]
set_input_delay -clock clk_i  0.5  [get_ports {dm_exception_addr_i[17]}]
set_input_delay -clock clk_i  0.5  [get_ports {dm_exception_addr_i[16]}]
set_input_delay -clock clk_i  0.5  [get_ports {dm_exception_addr_i[15]}]
set_input_delay -clock clk_i  0.5  [get_ports {dm_exception_addr_i[14]}]
set_input_delay -clock clk_i  0.5  [get_ports {dm_exception_addr_i[13]}]
set_input_delay -clock clk_i  0.5  [get_ports {dm_exception_addr_i[12]}]
set_input_delay -clock clk_i  0.5  [get_ports {dm_exception_addr_i[11]}]
set_input_delay -clock clk_i  0.5  [get_ports {dm_exception_addr_i[10]}]
set_input_delay -clock clk_i  0.5  [get_ports {dm_exception_addr_i[9]}]
set_input_delay -clock clk_i  0.5  [get_ports {dm_exception_addr_i[8]}]
set_input_delay -clock clk_i  0.5  [get_ports {dm_exception_addr_i[7]}]
set_input_delay -clock clk_i  0.5  [get_ports {dm_exception_addr_i[6]}]
set_input_delay -clock clk_i  0.5  [get_ports {dm_exception_addr_i[5]}]
set_input_delay -clock clk_i  0.5  [get_ports {dm_exception_addr_i[4]}]
set_input_delay -clock clk_i  0.5  [get_ports {dm_exception_addr_i[3]}]
set_input_delay -clock clk_i  0.5  [get_ports {dm_exception_addr_i[2]}]
set_input_delay -clock clk_i  0.5  [get_ports {dm_exception_addr_i[1]}]
set_input_delay -clock clk_i  0.5  [get_ports {dm_exception_addr_i[0]}]
set_output_delay -clock clk_i  1.25  [get_ports irq_ack_o]
set_output_delay -clock clk_i  1.25  [get_ports {irq_id_o[4]}]
set_output_delay -clock clk_i  1.25  [get_ports {irq_id_o[3]}]
set_output_delay -clock clk_i  1.25  [get_ports {irq_id_o[2]}]
set_output_delay -clock clk_i  1.25  [get_ports {irq_id_o[1]}]
set_output_delay -clock clk_i  1.25  [get_ports {irq_id_o[0]}]
set_output_delay -clock clk_i  3  [get_ports instr_req_o]
set_output_delay -clock clk_i  3  [get_ports {instr_addr_o[31]}]
set_output_delay -clock clk_i  3  [get_ports {instr_addr_o[30]}]
set_output_delay -clock clk_i  3  [get_ports {instr_addr_o[29]}]
set_output_delay -clock clk_i  3  [get_ports {instr_addr_o[28]}]
set_output_delay -clock clk_i  3  [get_ports {instr_addr_o[27]}]
set_output_delay -clock clk_i  3  [get_ports {instr_addr_o[26]}]
set_output_delay -clock clk_i  3  [get_ports {instr_addr_o[25]}]
set_output_delay -clock clk_i  3  [get_ports {instr_addr_o[24]}]
set_output_delay -clock clk_i  3  [get_ports {instr_addr_o[23]}]
set_output_delay -clock clk_i  3  [get_ports {instr_addr_o[22]}]
set_output_delay -clock clk_i  3  [get_ports {instr_addr_o[21]}]
set_output_delay -clock clk_i  3  [get_ports {instr_addr_o[20]}]
set_output_delay -clock clk_i  3  [get_ports {instr_addr_o[19]}]
set_output_delay -clock clk_i  3  [get_ports {instr_addr_o[18]}]
set_output_delay -clock clk_i  3  [get_ports {instr_addr_o[17]}]
set_output_delay -clock clk_i  3  [get_ports {instr_addr_o[16]}]
set_output_delay -clock clk_i  3  [get_ports {instr_addr_o[15]}]
set_output_delay -clock clk_i  3  [get_ports {instr_addr_o[14]}]
set_output_delay -clock clk_i  3  [get_ports {instr_addr_o[13]}]
set_output_delay -clock clk_i  3  [get_ports {instr_addr_o[12]}]
set_output_delay -clock clk_i  3  [get_ports {instr_addr_o[11]}]
set_output_delay -clock clk_i  3  [get_ports {instr_addr_o[10]}]
set_output_delay -clock clk_i  3  [get_ports {instr_addr_o[9]}]
set_output_delay -clock clk_i  3  [get_ports {instr_addr_o[8]}]
set_output_delay -clock clk_i  3  [get_ports {instr_addr_o[7]}]
set_output_delay -clock clk_i  3  [get_ports {instr_addr_o[6]}]
set_output_delay -clock clk_i  3  [get_ports {instr_addr_o[5]}]
set_output_delay -clock clk_i  3  [get_ports {instr_addr_o[4]}]
set_output_delay -clock clk_i  3  [get_ports {instr_addr_o[3]}]
set_output_delay -clock clk_i  3  [get_ports {instr_addr_o[2]}]
set_output_delay -clock clk_i  3  [get_ports {instr_addr_o[1]}]
set_output_delay -clock clk_i  3  [get_ports {instr_addr_o[0]}]
set_output_delay -clock clk_i  3  [get_ports data_req_o]
set_output_delay -clock clk_i  3  [get_ports data_we_o]
set_output_delay -clock clk_i  3  [get_ports {data_be_o[3]}]
set_output_delay -clock clk_i  3  [get_ports {data_be_o[2]}]
set_output_delay -clock clk_i  3  [get_ports {data_be_o[1]}]
set_output_delay -clock clk_i  3  [get_ports {data_be_o[0]}]
set_output_delay -clock clk_i  3  [get_ports {data_addr_o[31]}]
set_output_delay -clock clk_i  3  [get_ports {data_addr_o[30]}]
set_output_delay -clock clk_i  3  [get_ports {data_addr_o[29]}]
set_output_delay -clock clk_i  3  [get_ports {data_addr_o[28]}]
set_output_delay -clock clk_i  3  [get_ports {data_addr_o[27]}]
set_output_delay -clock clk_i  3  [get_ports {data_addr_o[26]}]
set_output_delay -clock clk_i  3  [get_ports {data_addr_o[25]}]
set_output_delay -clock clk_i  3  [get_ports {data_addr_o[24]}]
set_output_delay -clock clk_i  3  [get_ports {data_addr_o[23]}]
set_output_delay -clock clk_i  3  [get_ports {data_addr_o[22]}]
set_output_delay -clock clk_i  3  [get_ports {data_addr_o[21]}]
set_output_delay -clock clk_i  3  [get_ports {data_addr_o[20]}]
set_output_delay -clock clk_i  3  [get_ports {data_addr_o[19]}]
set_output_delay -clock clk_i  3  [get_ports {data_addr_o[18]}]
set_output_delay -clock clk_i  3  [get_ports {data_addr_o[17]}]
set_output_delay -clock clk_i  3  [get_ports {data_addr_o[16]}]
set_output_delay -clock clk_i  3  [get_ports {data_addr_o[15]}]
set_output_delay -clock clk_i  3  [get_ports {data_addr_o[14]}]
set_output_delay -clock clk_i  3  [get_ports {data_addr_o[13]}]
set_output_delay -clock clk_i  3  [get_ports {data_addr_o[12]}]
set_output_delay -clock clk_i  3  [get_ports {data_addr_o[11]}]
set_output_delay -clock clk_i  3  [get_ports {data_addr_o[10]}]
set_output_delay -clock clk_i  3  [get_ports {data_addr_o[9]}]
set_output_delay -clock clk_i  3  [get_ports {data_addr_o[8]}]
set_output_delay -clock clk_i  3  [get_ports {data_addr_o[7]}]
set_output_delay -clock clk_i  3  [get_ports {data_addr_o[6]}]
set_output_delay -clock clk_i  3  [get_ports {data_addr_o[5]}]
set_output_delay -clock clk_i  3  [get_ports {data_addr_o[4]}]
set_output_delay -clock clk_i  3  [get_ports {data_addr_o[3]}]
set_output_delay -clock clk_i  3  [get_ports {data_addr_o[2]}]
set_output_delay -clock clk_i  3  [get_ports {data_addr_o[1]}]
set_output_delay -clock clk_i  3  [get_ports {data_addr_o[0]}]
set_output_delay -clock clk_i  3  [get_ports {data_wdata_o[31]}]
set_output_delay -clock clk_i  3  [get_ports {data_wdata_o[30]}]
set_output_delay -clock clk_i  3  [get_ports {data_wdata_o[29]}]
set_output_delay -clock clk_i  3  [get_ports {data_wdata_o[28]}]
set_output_delay -clock clk_i  3  [get_ports {data_wdata_o[27]}]
set_output_delay -clock clk_i  3  [get_ports {data_wdata_o[26]}]
set_output_delay -clock clk_i  3  [get_ports {data_wdata_o[25]}]
set_output_delay -clock clk_i  3  [get_ports {data_wdata_o[24]}]
set_output_delay -clock clk_i  3  [get_ports {data_wdata_o[23]}]
set_output_delay -clock clk_i  3  [get_ports {data_wdata_o[22]}]
set_output_delay -clock clk_i  3  [get_ports {data_wdata_o[21]}]
set_output_delay -clock clk_i  3  [get_ports {data_wdata_o[20]}]
set_output_delay -clock clk_i  3  [get_ports {data_wdata_o[19]}]
set_output_delay -clock clk_i  3  [get_ports {data_wdata_o[18]}]
set_output_delay -clock clk_i  3  [get_ports {data_wdata_o[17]}]
set_output_delay -clock clk_i  3  [get_ports {data_wdata_o[16]}]
set_output_delay -clock clk_i  3  [get_ports {data_wdata_o[15]}]
set_output_delay -clock clk_i  3  [get_ports {data_wdata_o[14]}]
set_output_delay -clock clk_i  3  [get_ports {data_wdata_o[13]}]
set_output_delay -clock clk_i  3  [get_ports {data_wdata_o[12]}]
set_output_delay -clock clk_i  3  [get_ports {data_wdata_o[11]}]
set_output_delay -clock clk_i  3  [get_ports {data_wdata_o[10]}]
set_output_delay -clock clk_i  3  [get_ports {data_wdata_o[9]}]
set_output_delay -clock clk_i  3  [get_ports {data_wdata_o[8]}]
set_output_delay -clock clk_i  3  [get_ports {data_wdata_o[7]}]
set_output_delay -clock clk_i  3  [get_ports {data_wdata_o[6]}]
set_output_delay -clock clk_i  3  [get_ports {data_wdata_o[5]}]
set_output_delay -clock clk_i  3  [get_ports {data_wdata_o[4]}]
set_output_delay -clock clk_i  3  [get_ports {data_wdata_o[3]}]
set_output_delay -clock clk_i  3  [get_ports {data_wdata_o[2]}]
set_output_delay -clock clk_i  3  [get_ports {data_wdata_o[1]}]
set_output_delay -clock clk_i  3  [get_ports {data_wdata_o[0]}]
set_output_delay -clock clk_i  3  [get_ports debug_havereset_o]
set_output_delay -clock clk_i  3  [get_ports debug_running_o]
set_output_delay -clock clk_i  3  [get_ports debug_halted_o]
set_output_delay -clock clk_i  1.25  [get_ports core_sleep_o]
Information: Loading SDC version 2.1 file '/home/ICer/ITI/PnR_Grad/Backend/Synthesis/sdc/cv32e40p_top.sdc' (FILE-007)
###################################################################
# Created by write_sdc on Tue Jul 1 12:04:20 2025
###################################################################
set sdc_version 2.1
set_units -time ns -resistance MOhm -capacitance fF -voltage V -current uA
set_max_fanout 25 [current_design]
set_driving_cell -lib_cell SAEDRVT14_BUF_4 -pin X [get_ports pulp_clock_en_i]
set_driving_cell -lib_cell SAEDRVT14_BUF_4 -pin X [get_ports scan_cg_en_i]
set_driving_cell -lib_cell SAEDRVT14_BUF_4 -pin X [get_ports {boot_addr_i[31]}]
set_driving_cell -lib_cell SAEDRVT14_BUF_4 -pin X [get_ports {boot_addr_i[30]}]
set_driving_cell -lib_cell SAEDRVT14_BUF_4 -pin X [get_ports {boot_addr_i[29]}]
set_driving_cell -lib_cell SAEDRVT14_BUF_4 -pin X [get_ports {boot_addr_i[28]}]
set_driving_cell -lib_cell SAEDRVT14_BUF_4 -pin X [get_ports {boot_addr_i[27]}]
set_driving_cell -lib_cell SAEDRVT14_BUF_4 -pin X [get_ports {boot_addr_i[26]}]
set_driving_cell -lib_cell SAEDRVT14_BUF_4 -pin X [get_ports {boot_addr_i[25]}]
set_driving_cell -lib_cell SAEDRVT14_BUF_4 -pin X [get_ports {boot_addr_i[24]}]
set_driving_cell -lib_cell SAEDRVT14_BUF_4 -pin X [get_ports {boot_addr_i[23]}]
set_driving_cell -lib_cell SAEDRVT14_BUF_4 -pin X [get_ports {boot_addr_i[22]}]
set_driving_cell -lib_cell SAEDRVT14_BUF_4 -pin X [get_ports {boot_addr_i[21]}]
set_driving_cell -lib_cell SAEDRVT14_BUF_4 -pin X [get_ports {boot_addr_i[20]}]
set_driving_cell -lib_cell SAEDRVT14_BUF_4 -pin X [get_ports {boot_addr_i[19]}]
set_driving_cell -lib_cell SAEDRVT14_BUF_4 -pin X [get_ports {boot_addr_i[18]}]
set_driving_cell -lib_cell SAEDRVT14_BUF_4 -pin X [get_ports {boot_addr_i[17]}]
set_driving_cell -lib_cell SAEDRVT14_BUF_4 -pin X [get_ports {boot_addr_i[16]}]
set_driving_cell -lib_cell SAEDRVT14_BUF_4 -pin X [get_ports {boot_addr_i[15]}]
set_driving_cell -lib_cell SAEDRVT14_BUF_4 -pin X [get_ports {boot_addr_i[14]}]
set_driving_cell -lib_cell SAEDRVT14_BUF_4 -pin X [get_ports {boot_addr_i[13]}]
set_driving_cell -lib_cell SAEDRVT14_BUF_4 -pin X [get_ports {boot_addr_i[12]}]
set_driving_cell -lib_cell SAEDRVT14_BUF_4 -pin X [get_ports {boot_addr_i[11]}]
set_driving_cell -lib_cell SAEDRVT14_BUF_4 -pin X [get_ports {boot_addr_i[10]}]
set_driving_cell -lib_cell SAEDRVT14_BUF_4 -pin X [get_ports {boot_addr_i[9]}]
set_driving_cell -lib_cell SAEDRVT14_BUF_4 -pin X [get_ports {boot_addr_i[8]}]
set_driving_cell -lib_cell SAEDRVT14_BUF_4 -pin X [get_ports {boot_addr_i[7]}]
set_driving_cell -lib_cell SAEDRVT14_BUF_4 -pin X [get_ports {boot_addr_i[6]}]
set_driving_cell -lib_cell SAEDRVT14_BUF_4 -pin X [get_ports {boot_addr_i[5]}]
set_driving_cell -lib_cell SAEDRVT14_BUF_4 -pin X [get_ports {boot_addr_i[4]}]
set_driving_cell -lib_cell SAEDRVT14_BUF_4 -pin X [get_ports {boot_addr_i[3]}]
set_driving_cell -lib_cell SAEDRVT14_BUF_4 -pin X [get_ports {boot_addr_i[2]}]
set_driving_cell -lib_cell SAEDRVT14_BUF_4 -pin X [get_ports {boot_addr_i[1]}]
set_driving_cell -lib_cell SAEDRVT14_BUF_4 -pin X [get_ports {boot_addr_i[0]}]
set_driving_cell -lib_cell SAEDRVT14_BUF_4 -pin X [get_ports {mtvec_addr_i[31]}]
set_driving_cell -lib_cell SAEDRVT14_BUF_4 -pin X [get_ports {mtvec_addr_i[30]}]
set_driving_cell -lib_cell SAEDRVT14_BUF_4 -pin X [get_ports {mtvec_addr_i[29]}]
set_driving_cell -lib_cell SAEDRVT14_BUF_4 -pin X [get_ports {mtvec_addr_i[28]}]
set_driving_cell -lib_cell SAEDRVT14_BUF_4 -pin X [get_ports {mtvec_addr_i[27]}]
set_driving_cell -lib_cell SAEDRVT14_BUF_4 -pin X [get_ports {mtvec_addr_i[26]}]
set_driving_cell -lib_cell SAEDRVT14_BUF_4 -pin X [get_ports {mtvec_addr_i[25]}]
set_driving_cell -lib_cell SAEDRVT14_BUF_4 -pin X [get_ports {mtvec_addr_i[24]}]
set_driving_cell -lib_cell SAEDRVT14_BUF_4 -pin X [get_ports {mtvec_addr_i[23]}]
set_driving_cell -lib_cell SAEDRVT14_BUF_4 -pin X [get_ports {mtvec_addr_i[22]}]
set_driving_cell -lib_cell SAEDRVT14_BUF_4 -pin X [get_ports {mtvec_addr_i[21]}]
set_driving_cell -lib_cell SAEDRVT14_BUF_4 -pin X [get_ports {mtvec_addr_i[20]}]
set_driving_cell -lib_cell SAEDRVT14_BUF_4 -pin X [get_ports {mtvec_addr_i[19]}]
set_driving_cell -lib_cell SAEDRVT14_BUF_4 -pin X [get_ports {mtvec_addr_i[18]}]
set_driving_cell -lib_cell SAEDRVT14_BUF_4 -pin X [get_ports {mtvec_addr_i[17]}]
set_driving_cell -lib_cell SAEDRVT14_BUF_4 -pin X [get_ports {mtvec_addr_i[16]}]
set_driving_cell -lib_cell SAEDRVT14_BUF_4 -pin X [get_ports {mtvec_addr_i[15]}]
set_driving_cell -lib_cell SAEDRVT14_BUF_4 -pin X [get_ports {mtvec_addr_i[14]}]
set_driving_cell -lib_cell SAEDRVT14_BUF_4 -pin X [get_ports {mtvec_addr_i[13]}]
set_driving_cell -lib_cell SAEDRVT14_BUF_4 -pin X [get_ports {mtvec_addr_i[12]}]
set_driving_cell -lib_cell SAEDRVT14_BUF_4 -pin X [get_ports {mtvec_addr_i[11]}]
set_driving_cell -lib_cell SAEDRVT14_BUF_4 -pin X [get_ports {mtvec_addr_i[10]}]
set_driving_cell -lib_cell SAEDRVT14_BUF_4 -pin X [get_ports {mtvec_addr_i[9]}]
set_driving_cell -lib_cell SAEDRVT14_BUF_4 -pin X [get_ports {mtvec_addr_i[8]}]
set_driving_cell -lib_cell SAEDRVT14_BUF_4 -pin X [get_ports {mtvec_addr_i[7]}]
set_driving_cell -lib_cell SAEDRVT14_BUF_4 -pin X [get_ports {mtvec_addr_i[6]}]
set_driving_cell -lib_cell SAEDRVT14_BUF_4 -pin X [get_ports {mtvec_addr_i[5]}]
set_driving_cell -lib_cell SAEDRVT14_BUF_4 -pin X [get_ports {mtvec_addr_i[4]}]
set_driving_cell -lib_cell SAEDRVT14_BUF_4 -pin X [get_ports {mtvec_addr_i[3]}]
set_driving_cell -lib_cell SAEDRVT14_BUF_4 -pin X [get_ports {mtvec_addr_i[2]}]
set_driving_cell -lib_cell SAEDRVT14_BUF_4 -pin X [get_ports {mtvec_addr_i[1]}]
set_driving_cell -lib_cell SAEDRVT14_BUF_4 -pin X [get_ports {mtvec_addr_i[0]}]
set_driving_cell -lib_cell SAEDRVT14_BUF_4 -pin X [get_ports {dm_halt_addr_i[31]}]
set_driving_cell -lib_cell SAEDRVT14_BUF_4 -pin X [get_ports {dm_halt_addr_i[30]}]
set_driving_cell -lib_cell SAEDRVT14_BUF_4 -pin X [get_ports {dm_halt_addr_i[29]}]
set_driving_cell -lib_cell SAEDRVT14_BUF_4 -pin X [get_ports {dm_halt_addr_i[28]}]
set_driving_cell -lib_cell SAEDRVT14_BUF_4 -pin X [get_ports {dm_halt_addr_i[27]}]
set_driving_cell -lib_cell SAEDRVT14_BUF_4 -pin X [get_ports {dm_halt_addr_i[26]}]
set_driving_cell -lib_cell SAEDRVT14_BUF_4 -pin X [get_ports {dm_halt_addr_i[25]}]
set_driving_cell -lib_cell SAEDRVT14_BUF_4 -pin X [get_ports {dm_halt_addr_i[24]}]
set_driving_cell -lib_cell SAEDRVT14_BUF_4 -pin X [get_ports {dm_halt_addr_i[23]}]
set_driving_cell -lib_cell SAEDRVT14_BUF_4 -pin X [get_ports {dm_halt_addr_i[22]}]
set_driving_cell -lib_cell SAEDRVT14_BUF_4 -pin X [get_ports {dm_halt_addr_i[21]}]
set_driving_cell -lib_cell SAEDRVT14_BUF_4 -pin X [get_ports {dm_halt_addr_i[20]}]
set_driving_cell -lib_cell SAEDRVT14_BUF_4 -pin X [get_ports {dm_halt_addr_i[19]}]
set_driving_cell -lib_cell SAEDRVT14_BUF_4 -pin X [get_ports {dm_halt_addr_i[18]}]
set_driving_cell -lib_cell SAEDRVT14_BUF_4 -pin X [get_ports {dm_halt_addr_i[17]}]
set_driving_cell -lib_cell SAEDRVT14_BUF_4 -pin X [get_ports {dm_halt_addr_i[16]}]
set_driving_cell -lib_cell SAEDRVT14_BUF_4 -pin X [get_ports {dm_halt_addr_i[15]}]
set_driving_cell -lib_cell SAEDRVT14_BUF_4 -pin X [get_ports {dm_halt_addr_i[14]}]
set_driving_cell -lib_cell SAEDRVT14_BUF_4 -pin X [get_ports {dm_halt_addr_i[13]}]
set_driving_cell -lib_cell SAEDRVT14_BUF_4 -pin X [get_ports {dm_halt_addr_i[12]}]
set_driving_cell -lib_cell SAEDRVT14_BUF_4 -pin X [get_ports {dm_halt_addr_i[11]}]
set_driving_cell -lib_cell SAEDRVT14_BUF_4 -pin X [get_ports {dm_halt_addr_i[10]}]
set_driving_cell -lib_cell SAEDRVT14_BUF_4 -pin X [get_ports {dm_halt_addr_i[9]}]
set_driving_cell -lib_cell SAEDRVT14_BUF_4 -pin X [get_ports {dm_halt_addr_i[8]}]
set_driving_cell -lib_cell SAEDRVT14_BUF_4 -pin X [get_ports {dm_halt_addr_i[7]}]
set_driving_cell -lib_cell SAEDRVT14_BUF_4 -pin X [get_ports {dm_halt_addr_i[6]}]
set_driving_cell -lib_cell SAEDRVT14_BUF_4 -pin X [get_ports {dm_halt_addr_i[5]}]
set_driving_cell -lib_cell SAEDRVT14_BUF_4 -pin X [get_ports {dm_halt_addr_i[4]}]
set_driving_cell -lib_cell SAEDRVT14_BUF_4 -pin X [get_ports {dm_halt_addr_i[3]}]
set_driving_cell -lib_cell SAEDRVT14_BUF_4 -pin X [get_ports {dm_halt_addr_i[2]}]
set_driving_cell -lib_cell SAEDRVT14_BUF_4 -pin X [get_ports {dm_halt_addr_i[1]}]
set_driving_cell -lib_cell SAEDRVT14_BUF_4 -pin X [get_ports {dm_halt_addr_i[0]}]
set_driving_cell -lib_cell SAEDRVT14_BUF_4 -pin X [get_ports {hart_id_i[31]}]
set_driving_cell -lib_cell SAEDRVT14_BUF_4 -pin X [get_ports {hart_id_i[30]}]
set_driving_cell -lib_cell SAEDRVT14_BUF_4 -pin X [get_ports {hart_id_i[29]}]
set_driving_cell -lib_cell SAEDRVT14_BUF_4 -pin X [get_ports {hart_id_i[28]}]
set_driving_cell -lib_cell SAEDRVT14_BUF_4 -pin X [get_ports {hart_id_i[27]}]
set_driving_cell -lib_cell SAEDRVT14_BUF_4 -pin X [get_ports {hart_id_i[26]}]
set_driving_cell -lib_cell SAEDRVT14_BUF_4 -pin X [get_ports {hart_id_i[25]}]
set_driving_cell -lib_cell SAEDRVT14_BUF_4 -pin X [get_ports {hart_id_i[24]}]
set_driving_cell -lib_cell SAEDRVT14_BUF_4 -pin X [get_ports {hart_id_i[23]}]
set_driving_cell -lib_cell SAEDRVT14_BUF_4 -pin X [get_ports {hart_id_i[22]}]
set_driving_cell -lib_cell SAEDRVT14_BUF_4 -pin X [get_ports {hart_id_i[21]}]
set_driving_cell -lib_cell SAEDRVT14_BUF_4 -pin X [get_ports {hart_id_i[20]}]
set_driving_cell -lib_cell SAEDRVT14_BUF_4 -pin X [get_ports {hart_id_i[19]}]
set_driving_cell -lib_cell SAEDRVT14_BUF_4 -pin X [get_ports {hart_id_i[18]}]
set_driving_cell -lib_cell SAEDRVT14_BUF_4 -pin X [get_ports {hart_id_i[17]}]
set_driving_cell -lib_cell SAEDRVT14_BUF_4 -pin X [get_ports {hart_id_i[16]}]
set_driving_cell -lib_cell SAEDRVT14_BUF_4 -pin X [get_ports {hart_id_i[15]}]
set_driving_cell -lib_cell SAEDRVT14_BUF_4 -pin X [get_ports {hart_id_i[14]}]
set_driving_cell -lib_cell SAEDRVT14_BUF_4 -pin X [get_ports {hart_id_i[13]}]
set_driving_cell -lib_cell SAEDRVT14_BUF_4 -pin X [get_ports {hart_id_i[12]}]
set_driving_cell -lib_cell SAEDRVT14_BUF_4 -pin X [get_ports {hart_id_i[11]}]
set_driving_cell -lib_cell SAEDRVT14_BUF_4 -pin X [get_ports {hart_id_i[10]}]
set_driving_cell -lib_cell SAEDRVT14_BUF_4 -pin X [get_ports {hart_id_i[9]}]
set_driving_cell -lib_cell SAEDRVT14_BUF_4 -pin X [get_ports {hart_id_i[8]}]
set_driving_cell -lib_cell SAEDRVT14_BUF_4 -pin X [get_ports {hart_id_i[7]}]
set_driving_cell -lib_cell SAEDRVT14_BUF_4 -pin X [get_ports {hart_id_i[6]}]
set_driving_cell -lib_cell SAEDRVT14_BUF_4 -pin X [get_ports {hart_id_i[5]}]
set_driving_cell -lib_cell SAEDRVT14_BUF_4 -pin X [get_ports {hart_id_i[4]}]
set_driving_cell -lib_cell SAEDRVT14_BUF_4 -pin X [get_ports {hart_id_i[3]}]
set_driving_cell -lib_cell SAEDRVT14_BUF_4 -pin X [get_ports {hart_id_i[2]}]
set_driving_cell -lib_cell SAEDRVT14_BUF_4 -pin X [get_ports {hart_id_i[1]}]
set_driving_cell -lib_cell SAEDRVT14_BUF_4 -pin X [get_ports {hart_id_i[0]}]
set_driving_cell -lib_cell SAEDRVT14_BUF_4 -pin X [get_ports {dm_exception_addr_i[31]}]
set_driving_cell -lib_cell SAEDRVT14_BUF_4 -pin X [get_ports {dm_exception_addr_i[30]}]
set_driving_cell -lib_cell SAEDRVT14_BUF_4 -pin X [get_ports {dm_exception_addr_i[29]}]
set_driving_cell -lib_cell SAEDRVT14_BUF_4 -pin X [get_ports {dm_exception_addr_i[28]}]
set_driving_cell -lib_cell SAEDRVT14_BUF_4 -pin X [get_ports {dm_exception_addr_i[27]}]
set_driving_cell -lib_cell SAEDRVT14_BUF_4 -pin X [get_ports {dm_exception_addr_i[26]}]
set_driving_cell -lib_cell SAEDRVT14_BUF_4 -pin X [get_ports {dm_exception_addr_i[25]}]
set_driving_cell -lib_cell SAEDRVT14_BUF_4 -pin X [get_ports {dm_exception_addr_i[24]}]
set_driving_cell -lib_cell SAEDRVT14_BUF_4 -pin X [get_ports {dm_exception_addr_i[23]}]
set_driving_cell -lib_cell SAEDRVT14_BUF_4 -pin X [get_ports {dm_exception_addr_i[22]}]
set_driving_cell -lib_cell SAEDRVT14_BUF_4 -pin X [get_ports {dm_exception_addr_i[21]}]
set_driving_cell -lib_cell SAEDRVT14_BUF_4 -pin X [get_ports {dm_exception_addr_i[20]}]
set_driving_cell -lib_cell SAEDRVT14_BUF_4 -pin X [get_ports {dm_exception_addr_i[19]}]
set_driving_cell -lib_cell SAEDRVT14_BUF_4 -pin X [get_ports {dm_exception_addr_i[18]}]
set_driving_cell -lib_cell SAEDRVT14_BUF_4 -pin X [get_ports {dm_exception_addr_i[17]}]
set_driving_cell -lib_cell SAEDRVT14_BUF_4 -pin X [get_ports {dm_exception_addr_i[16]}]
set_driving_cell -lib_cell SAEDRVT14_BUF_4 -pin X [get_ports {dm_exception_addr_i[15]}]
set_driving_cell -lib_cell SAEDRVT14_BUF_4 -pin X [get_ports {dm_exception_addr_i[14]}]
set_driving_cell -lib_cell SAEDRVT14_BUF_4 -pin X [get_ports {dm_exception_addr_i[13]}]
set_driving_cell -lib_cell SAEDRVT14_BUF_4 -pin X [get_ports {dm_exception_addr_i[12]}]
set_driving_cell -lib_cell SAEDRVT14_BUF_4 -pin X [get_ports {dm_exception_addr_i[11]}]
set_driving_cell -lib_cell SAEDRVT14_BUF_4 -pin X [get_ports {dm_exception_addr_i[10]}]
set_driving_cell -lib_cell SAEDRVT14_BUF_4 -pin X [get_ports {dm_exception_addr_i[9]}]
set_driving_cell -lib_cell SAEDRVT14_BUF_4 -pin X [get_ports {dm_exception_addr_i[8]}]
set_driving_cell -lib_cell SAEDRVT14_BUF_4 -pin X [get_ports {dm_exception_addr_i[7]}]
set_driving_cell -lib_cell SAEDRVT14_BUF_4 -pin X [get_ports {dm_exception_addr_i[6]}]
set_driving_cell -lib_cell SAEDRVT14_BUF_4 -pin X [get_ports {dm_exception_addr_i[5]}]
set_driving_cell -lib_cell SAEDRVT14_BUF_4 -pin X [get_ports {dm_exception_addr_i[4]}]
set_driving_cell -lib_cell SAEDRVT14_BUF_4 -pin X [get_ports {dm_exception_addr_i[3]}]
set_driving_cell -lib_cell SAEDRVT14_BUF_4 -pin X [get_ports {dm_exception_addr_i[2]}]
set_driving_cell -lib_cell SAEDRVT14_BUF_4 -pin X [get_ports {dm_exception_addr_i[1]}]
set_driving_cell -lib_cell SAEDRVT14_BUF_4 -pin X [get_ports {dm_exception_addr_i[0]}]
set_driving_cell -lib_cell SAEDRVT14_BUF_4 -pin X [get_ports instr_gnt_i]
set_driving_cell -lib_cell SAEDRVT14_BUF_4 -pin X [get_ports instr_rvalid_i]
set_driving_cell -lib_cell SAEDRVT14_BUF_4 -pin X [get_ports {instr_rdata_i[31]}]
set_driving_cell -lib_cell SAEDRVT14_BUF_4 -pin X [get_ports {instr_rdata_i[30]}]
set_driving_cell -lib_cell SAEDRVT14_BUF_4 -pin X [get_ports {instr_rdata_i[29]}]
set_driving_cell -lib_cell SAEDRVT14_BUF_4 -pin X [get_ports {instr_rdata_i[28]}]
set_driving_cell -lib_cell SAEDRVT14_BUF_4 -pin X [get_ports {instr_rdata_i[27]}]
set_driving_cell -lib_cell SAEDRVT14_BUF_4 -pin X [get_ports {instr_rdata_i[26]}]
set_driving_cell -lib_cell SAEDRVT14_BUF_4 -pin X [get_ports {instr_rdata_i[25]}]
set_driving_cell -lib_cell SAEDRVT14_BUF_4 -pin X [get_ports {instr_rdata_i[24]}]
set_driving_cell -lib_cell SAEDRVT14_BUF_4 -pin X [get_ports {instr_rdata_i[23]}]
set_driving_cell -lib_cell SAEDRVT14_BUF_4 -pin X [get_ports {instr_rdata_i[22]}]
set_driving_cell -lib_cell SAEDRVT14_BUF_4 -pin X [get_ports {instr_rdata_i[21]}]
set_driving_cell -lib_cell SAEDRVT14_BUF_4 -pin X [get_ports {instr_rdata_i[20]}]
set_driving_cell -lib_cell SAEDRVT14_BUF_4 -pin X [get_ports {instr_rdata_i[19]}]
set_driving_cell -lib_cell SAEDRVT14_BUF_4 -pin X [get_ports {instr_rdata_i[18]}]
set_driving_cell -lib_cell SAEDRVT14_BUF_4 -pin X [get_ports {instr_rdata_i[17]}]
set_driving_cell -lib_cell SAEDRVT14_BUF_4 -pin X [get_ports {instr_rdata_i[16]}]
set_driving_cell -lib_cell SAEDRVT14_BUF_4 -pin X [get_ports {instr_rdata_i[15]}]
set_driving_cell -lib_cell SAEDRVT14_BUF_4 -pin X [get_ports {instr_rdata_i[14]}]
set_driving_cell -lib_cell SAEDRVT14_BUF_4 -pin X [get_ports {instr_rdata_i[13]}]
set_driving_cell -lib_cell SAEDRVT14_BUF_4 -pin X [get_ports {instr_rdata_i[12]}]
set_driving_cell -lib_cell SAEDRVT14_BUF_4 -pin X [get_ports {instr_rdata_i[11]}]
set_driving_cell -lib_cell SAEDRVT14_BUF_4 -pin X [get_ports {instr_rdata_i[10]}]
set_driving_cell -lib_cell SAEDRVT14_BUF_4 -pin X [get_ports {instr_rdata_i[9]}]
set_driving_cell -lib_cell SAEDRVT14_BUF_4 -pin X [get_ports {instr_rdata_i[8]}]
set_driving_cell -lib_cell SAEDRVT14_BUF_4 -pin X [get_ports {instr_rdata_i[7]}]
set_driving_cell -lib_cell SAEDRVT14_BUF_4 -pin X [get_ports {instr_rdata_i[6]}]
set_driving_cell -lib_cell SAEDRVT14_BUF_4 -pin X [get_ports {instr_rdata_i[5]}]
set_driving_cell -lib_cell SAEDRVT14_BUF_4 -pin X [get_ports {instr_rdata_i[4]}]
set_driving_cell -lib_cell SAEDRVT14_BUF_4 -pin X [get_ports {instr_rdata_i[3]}]
set_driving_cell -lib_cell SAEDRVT14_BUF_4 -pin X [get_ports {instr_rdata_i[2]}]
set_driving_cell -lib_cell SAEDRVT14_BUF_4 -pin X [get_ports {instr_rdata_i[1]}]
set_driving_cell -lib_cell SAEDRVT14_BUF_4 -pin X [get_ports {instr_rdata_i[0]}]
set_driving_cell -lib_cell SAEDRVT14_BUF_4 -pin X [get_ports data_gnt_i]
set_driving_cell -lib_cell SAEDRVT14_BUF_4 -pin X [get_ports data_rvalid_i]
set_driving_cell -lib_cell SAEDRVT14_BUF_4 -pin X [get_ports {data_rdata_i[31]}]
set_driving_cell -lib_cell SAEDRVT14_BUF_4 -pin X [get_ports {data_rdata_i[30]}]
set_driving_cell -lib_cell SAEDRVT14_BUF_4 -pin X [get_ports {data_rdata_i[29]}]
set_driving_cell -lib_cell SAEDRVT14_BUF_4 -pin X [get_ports {data_rdata_i[28]}]
set_driving_cell -lib_cell SAEDRVT14_BUF_4 -pin X [get_ports {data_rdata_i[27]}]
set_driving_cell -lib_cell SAEDRVT14_BUF_4 -pin X [get_ports {data_rdata_i[26]}]
set_driving_cell -lib_cell SAEDRVT14_BUF_4 -pin X [get_ports {data_rdata_i[25]}]
set_driving_cell -lib_cell SAEDRVT14_BUF_4 -pin X [get_ports {data_rdata_i[24]}]
set_driving_cell -lib_cell SAEDRVT14_BUF_4 -pin X [get_ports {data_rdata_i[23]}]
set_driving_cell -lib_cell SAEDRVT14_BUF_4 -pin X [get_ports {data_rdata_i[22]}]
set_driving_cell -lib_cell SAEDRVT14_BUF_4 -pin X [get_ports {data_rdata_i[21]}]
set_driving_cell -lib_cell SAEDRVT14_BUF_4 -pin X [get_ports {data_rdata_i[20]}]
set_driving_cell -lib_cell SAEDRVT14_BUF_4 -pin X [get_ports {data_rdata_i[19]}]
set_driving_cell -lib_cell SAEDRVT14_BUF_4 -pin X [get_ports {data_rdata_i[18]}]
set_driving_cell -lib_cell SAEDRVT14_BUF_4 -pin X [get_ports {data_rdata_i[17]}]
set_driving_cell -lib_cell SAEDRVT14_BUF_4 -pin X [get_ports {data_rdata_i[16]}]
set_driving_cell -lib_cell SAEDRVT14_BUF_4 -pin X [get_ports {data_rdata_i[15]}]
set_driving_cell -lib_cell SAEDRVT14_BUF_4 -pin X [get_ports {data_rdata_i[14]}]
set_driving_cell -lib_cell SAEDRVT14_BUF_4 -pin X [get_ports {data_rdata_i[13]}]
set_driving_cell -lib_cell SAEDRVT14_BUF_4 -pin X [get_ports {data_rdata_i[12]}]
set_driving_cell -lib_cell SAEDRVT14_BUF_4 -pin X [get_ports {data_rdata_i[11]}]
set_driving_cell -lib_cell SAEDRVT14_BUF_4 -pin X [get_ports {data_rdata_i[10]}]
set_driving_cell -lib_cell SAEDRVT14_BUF_4 -pin X [get_ports {data_rdata_i[9]}]
set_driving_cell -lib_cell SAEDRVT14_BUF_4 -pin X [get_ports {data_rdata_i[8]}]
set_driving_cell -lib_cell SAEDRVT14_BUF_4 -pin X [get_ports {data_rdata_i[7]}]
set_driving_cell -lib_cell SAEDRVT14_BUF_4 -pin X [get_ports {data_rdata_i[6]}]
set_driving_cell -lib_cell SAEDRVT14_BUF_4 -pin X [get_ports {data_rdata_i[5]}]
set_driving_cell -lib_cell SAEDRVT14_BUF_4 -pin X [get_ports {data_rdata_i[4]}]
set_driving_cell -lib_cell SAEDRVT14_BUF_4 -pin X [get_ports {data_rdata_i[3]}]
set_driving_cell -lib_cell SAEDRVT14_BUF_4 -pin X [get_ports {data_rdata_i[2]}]
set_driving_cell -lib_cell SAEDRVT14_BUF_4 -pin X [get_ports {data_rdata_i[1]}]
set_driving_cell -lib_cell SAEDRVT14_BUF_4 -pin X [get_ports {data_rdata_i[0]}]
set_driving_cell -lib_cell SAEDRVT14_BUF_4 -pin X [get_ports {irq_i[31]}]
set_driving_cell -lib_cell SAEDRVT14_BUF_4 -pin X [get_ports {irq_i[30]}]
set_driving_cell -lib_cell SAEDRVT14_BUF_4 -pin X [get_ports {irq_i[29]}]
set_driving_cell -lib_cell SAEDRVT14_BUF_4 -pin X [get_ports {irq_i[28]}]
set_driving_cell -lib_cell SAEDRVT14_BUF_4 -pin X [get_ports {irq_i[27]}]
set_driving_cell -lib_cell SAEDRVT14_BUF_4 -pin X [get_ports {irq_i[26]}]
set_driving_cell -lib_cell SAEDRVT14_BUF_4 -pin X [get_ports {irq_i[25]}]
set_driving_cell -lib_cell SAEDRVT14_BUF_4 -pin X [get_ports {irq_i[24]}]
set_driving_cell -lib_cell SAEDRVT14_BUF_4 -pin X [get_ports {irq_i[23]}]
set_driving_cell -lib_cell SAEDRVT14_BUF_4 -pin X [get_ports {irq_i[22]}]
set_driving_cell -lib_cell SAEDRVT14_BUF_4 -pin X [get_ports {irq_i[21]}]
set_driving_cell -lib_cell SAEDRVT14_BUF_4 -pin X [get_ports {irq_i[20]}]
set_driving_cell -lib_cell SAEDRVT14_BUF_4 -pin X [get_ports {irq_i[19]}]
set_driving_cell -lib_cell SAEDRVT14_BUF_4 -pin X [get_ports {irq_i[18]}]
set_driving_cell -lib_cell SAEDRVT14_BUF_4 -pin X [get_ports {irq_i[17]}]
set_driving_cell -lib_cell SAEDRVT14_BUF_4 -pin X [get_ports {irq_i[16]}]
set_driving_cell -lib_cell SAEDRVT14_BUF_4 -pin X [get_ports {irq_i[15]}]
set_driving_cell -lib_cell SAEDRVT14_BUF_4 -pin X [get_ports {irq_i[14]}]
set_driving_cell -lib_cell SAEDRVT14_BUF_4 -pin X [get_ports {irq_i[13]}]
set_driving_cell -lib_cell SAEDRVT14_BUF_4 -pin X [get_ports {irq_i[12]}]
set_driving_cell -lib_cell SAEDRVT14_BUF_4 -pin X [get_ports {irq_i[11]}]
set_driving_cell -lib_cell SAEDRVT14_BUF_4 -pin X [get_ports {irq_i[10]}]
set_driving_cell -lib_cell SAEDRVT14_BUF_4 -pin X [get_ports {irq_i[9]}]
set_driving_cell -lib_cell SAEDRVT14_BUF_4 -pin X [get_ports {irq_i[8]}]
set_driving_cell -lib_cell SAEDRVT14_BUF_4 -pin X [get_ports {irq_i[7]}]
set_driving_cell -lib_cell SAEDRVT14_BUF_4 -pin X [get_ports {irq_i[6]}]
set_driving_cell -lib_cell SAEDRVT14_BUF_4 -pin X [get_ports {irq_i[5]}]
set_driving_cell -lib_cell SAEDRVT14_BUF_4 -pin X [get_ports {irq_i[4]}]
set_driving_cell -lib_cell SAEDRVT14_BUF_4 -pin X [get_ports {irq_i[3]}]
set_driving_cell -lib_cell SAEDRVT14_BUF_4 -pin X [get_ports {irq_i[2]}]
set_driving_cell -lib_cell SAEDRVT14_BUF_4 -pin X [get_ports {irq_i[1]}]
set_driving_cell -lib_cell SAEDRVT14_BUF_4 -pin X [get_ports {irq_i[0]}]
set_driving_cell -lib_cell SAEDRVT14_BUF_4 -pin X [get_ports debug_req_i]
set_driving_cell -lib_cell SAEDRVT14_BUF_4 -pin X [get_ports fetch_enable_i]
set_load -pin_load 0.5 [get_ports instr_req_o]
set_load -pin_load 0.5 [get_ports {instr_addr_o[31]}]
set_load -pin_load 0.5 [get_ports {instr_addr_o[30]}]
set_load -pin_load 0.5 [get_ports {instr_addr_o[29]}]
set_load -pin_load 0.5 [get_ports {instr_addr_o[28]}]
set_load -pin_load 0.5 [get_ports {instr_addr_o[27]}]
set_load -pin_load 0.5 [get_ports {instr_addr_o[26]}]
set_load -pin_load 0.5 [get_ports {instr_addr_o[25]}]
set_load -pin_load 0.5 [get_ports {instr_addr_o[24]}]
set_load -pin_load 0.5 [get_ports {instr_addr_o[23]}]
set_load -pin_load 0.5 [get_ports {instr_addr_o[22]}]
set_load -pin_load 0.5 [get_ports {instr_addr_o[21]}]
set_load -pin_load 0.5 [get_ports {instr_addr_o[20]}]
set_load -pin_load 0.5 [get_ports {instr_addr_o[19]}]
set_load -pin_load 0.5 [get_ports {instr_addr_o[18]}]
set_load -pin_load 0.5 [get_ports {instr_addr_o[17]}]
set_load -pin_load 0.5 [get_ports {instr_addr_o[16]}]
set_load -pin_load 0.5 [get_ports {instr_addr_o[15]}]
set_load -pin_load 0.5 [get_ports {instr_addr_o[14]}]
set_load -pin_load 0.5 [get_ports {instr_addr_o[13]}]
set_load -pin_load 0.5 [get_ports {instr_addr_o[12]}]
set_load -pin_load 0.5 [get_ports {instr_addr_o[11]}]
set_load -pin_load 0.5 [get_ports {instr_addr_o[10]}]
set_load -pin_load 0.5 [get_ports {instr_addr_o[9]}]
set_load -pin_load 0.5 [get_ports {instr_addr_o[8]}]
set_load -pin_load 0.5 [get_ports {instr_addr_o[7]}]
set_load -pin_load 0.5 [get_ports {instr_addr_o[6]}]
set_load -pin_load 0.5 [get_ports {instr_addr_o[5]}]
set_load -pin_load 0.5 [get_ports {instr_addr_o[4]}]
set_load -pin_load 0.5 [get_ports {instr_addr_o[3]}]
set_load -pin_load 0.5 [get_ports {instr_addr_o[2]}]
set_load -pin_load 0.5 [get_ports {instr_addr_o[1]}]
set_load -pin_load 0.5 [get_ports {instr_addr_o[0]}]
set_load -pin_load 0.5 [get_ports data_req_o]
set_load -pin_load 0.5 [get_ports data_we_o]
set_load -pin_load 0.5 [get_ports {data_be_o[3]}]
set_load -pin_load 0.5 [get_ports {data_be_o[2]}]
set_load -pin_load 0.5 [get_ports {data_be_o[1]}]
set_load -pin_load 0.5 [get_ports {data_be_o[0]}]
set_load -pin_load 0.5 [get_ports {data_addr_o[31]}]
set_load -pin_load 0.5 [get_ports {data_addr_o[30]}]
set_load -pin_load 0.5 [get_ports {data_addr_o[29]}]
set_load -pin_load 0.5 [get_ports {data_addr_o[28]}]
set_load -pin_load 0.5 [get_ports {data_addr_o[27]}]
set_load -pin_load 0.5 [get_ports {data_addr_o[26]}]
set_load -pin_load 0.5 [get_ports {data_addr_o[25]}]
set_load -pin_load 0.5 [get_ports {data_addr_o[24]}]
set_load -pin_load 0.5 [get_ports {data_addr_o[23]}]
set_load -pin_load 0.5 [get_ports {data_addr_o[22]}]
set_load -pin_load 0.5 [get_ports {data_addr_o[21]}]
set_load -pin_load 0.5 [get_ports {data_addr_o[20]}]
set_load -pin_load 0.5 [get_ports {data_addr_o[19]}]
set_load -pin_load 0.5 [get_ports {data_addr_o[18]}]
set_load -pin_load 0.5 [get_ports {data_addr_o[17]}]
set_load -pin_load 0.5 [get_ports {data_addr_o[16]}]
set_load -pin_load 0.5 [get_ports {data_addr_o[15]}]
set_load -pin_load 0.5 [get_ports {data_addr_o[14]}]
set_load -pin_load 0.5 [get_ports {data_addr_o[13]}]
set_load -pin_load 0.5 [get_ports {data_addr_o[12]}]
set_load -pin_load 0.5 [get_ports {data_addr_o[11]}]
set_load -pin_load 0.5 [get_ports {data_addr_o[10]}]
set_load -pin_load 0.5 [get_ports {data_addr_o[9]}]
set_load -pin_load 0.5 [get_ports {data_addr_o[8]}]
set_load -pin_load 0.5 [get_ports {data_addr_o[7]}]
set_load -pin_load 0.5 [get_ports {data_addr_o[6]}]
set_load -pin_load 0.5 [get_ports {data_addr_o[5]}]
set_load -pin_load 0.5 [get_ports {data_addr_o[4]}]
set_load -pin_load 0.5 [get_ports {data_addr_o[3]}]
set_load -pin_load 0.5 [get_ports {data_addr_o[2]}]
set_load -pin_load 0.5 [get_ports {data_addr_o[1]}]
set_load -pin_load 0.5 [get_ports {data_addr_o[0]}]
set_load -pin_load 0.5 [get_ports {data_wdata_o[31]}]
set_load -pin_load 0.5 [get_ports {data_wdata_o[30]}]
set_load -pin_load 0.5 [get_ports {data_wdata_o[29]}]
set_load -pin_load 0.5 [get_ports {data_wdata_o[28]}]
set_load -pin_load 0.5 [get_ports {data_wdata_o[27]}]
set_load -pin_load 0.5 [get_ports {data_wdata_o[26]}]
set_load -pin_load 0.5 [get_ports {data_wdata_o[25]}]
set_load -pin_load 0.5 [get_ports {data_wdata_o[24]}]
set_load -pin_load 0.5 [get_ports {data_wdata_o[23]}]
set_load -pin_load 0.5 [get_ports {data_wdata_o[22]}]
set_load -pin_load 0.5 [get_ports {data_wdata_o[21]}]
set_load -pin_load 0.5 [get_ports {data_wdata_o[20]}]
set_load -pin_load 0.5 [get_ports {data_wdata_o[19]}]
set_load -pin_load 0.5 [get_ports {data_wdata_o[18]}]
set_load -pin_load 0.5 [get_ports {data_wdata_o[17]}]
set_load -pin_load 0.5 [get_ports {data_wdata_o[16]}]
set_load -pin_load 0.5 [get_ports {data_wdata_o[15]}]
set_load -pin_load 0.5 [get_ports {data_wdata_o[14]}]
set_load -pin_load 0.5 [get_ports {data_wdata_o[13]}]
set_load -pin_load 0.5 [get_ports {data_wdata_o[12]}]
set_load -pin_load 0.5 [get_ports {data_wdata_o[11]}]
set_load -pin_load 0.5 [get_ports {data_wdata_o[10]}]
set_load -pin_load 0.5 [get_ports {data_wdata_o[9]}]
set_load -pin_load 0.5 [get_ports {data_wdata_o[8]}]
set_load -pin_load 0.5 [get_ports {data_wdata_o[7]}]
set_load -pin_load 0.5 [get_ports {data_wdata_o[6]}]
set_load -pin_load 0.5 [get_ports {data_wdata_o[5]}]
set_load -pin_load 0.5 [get_ports {data_wdata_o[4]}]
set_load -pin_load 0.5 [get_ports {data_wdata_o[3]}]
set_load -pin_load 0.5 [get_ports {data_wdata_o[2]}]
set_load -pin_load 0.5 [get_ports {data_wdata_o[1]}]
set_load -pin_load 0.5 [get_ports {data_wdata_o[0]}]
set_load -pin_load 0.5 [get_ports irq_ack_o]
set_load -pin_load 0.5 [get_ports {irq_id_o[4]}]
set_load -pin_load 0.5 [get_ports {irq_id_o[3]}]
set_load -pin_load 0.5 [get_ports {irq_id_o[2]}]
set_load -pin_load 0.5 [get_ports {irq_id_o[1]}]
set_load -pin_load 0.5 [get_ports {irq_id_o[0]}]
set_load -pin_load 0.5 [get_ports debug_havereset_o]
set_load -pin_load 0.5 [get_ports debug_running_o]
set_load -pin_load 0.5 [get_ports debug_halted_o]
set_load -pin_load 0.5 [get_ports core_sleep_o]
create_clock [get_ports clk_i]  -period 5  -waveform {0 2.5}
Warning: Redefining clock 'clk_i'.  
 Previously defined at: /home/ICer/ITI/PnR_Grad/Backend/Synthesis/sdc/cv32e40p_top.sdc, line 387 (UIC-034)
set_input_delay -clock clk_i  2.5  [get_ports {irq_i[31]}]
set_input_delay -clock clk_i  2.5  [get_ports {irq_i[30]}]
set_input_delay -clock clk_i  2.5  [get_ports {irq_i[29]}]
set_input_delay -clock clk_i  2.5  [get_ports {irq_i[28]}]
set_input_delay -clock clk_i  2.5  [get_ports {irq_i[27]}]
set_input_delay -clock clk_i  2.5  [get_ports {irq_i[26]}]
set_input_delay -clock clk_i  2.5  [get_ports {irq_i[25]}]
set_input_delay -clock clk_i  2.5  [get_ports {irq_i[24]}]
set_input_delay -clock clk_i  2.5  [get_ports {irq_i[23]}]
set_input_delay -clock clk_i  2.5  [get_ports {irq_i[22]}]
set_input_delay -clock clk_i  2.5  [get_ports {irq_i[21]}]
set_input_delay -clock clk_i  2.5  [get_ports {irq_i[20]}]
set_input_delay -clock clk_i  2.5  [get_ports {irq_i[19]}]
set_input_delay -clock clk_i  2.5  [get_ports {irq_i[18]}]
set_input_delay -clock clk_i  2.5  [get_ports {irq_i[17]}]
set_input_delay -clock clk_i  2.5  [get_ports {irq_i[16]}]
set_input_delay -clock clk_i  2.5  [get_ports {irq_i[15]}]
set_input_delay -clock clk_i  2.5  [get_ports {irq_i[14]}]
set_input_delay -clock clk_i  2.5  [get_ports {irq_i[13]}]
set_input_delay -clock clk_i  2.5  [get_ports {irq_i[12]}]
set_input_delay -clock clk_i  2.5  [get_ports {irq_i[11]}]
set_input_delay -clock clk_i  2.5  [get_ports {irq_i[10]}]
set_input_delay -clock clk_i  2.5  [get_ports {irq_i[9]}]
set_input_delay -clock clk_i  2.5  [get_ports {irq_i[8]}]
set_input_delay -clock clk_i  2.5  [get_ports {irq_i[7]}]
set_input_delay -clock clk_i  2.5  [get_ports {irq_i[6]}]
set_input_delay -clock clk_i  2.5  [get_ports {irq_i[5]}]
set_input_delay -clock clk_i  2.5  [get_ports {irq_i[4]}]
set_input_delay -clock clk_i  2.5  [get_ports {irq_i[3]}]
set_input_delay -clock clk_i  2.5  [get_ports {irq_i[2]}]
set_input_delay -clock clk_i  2.5  [get_ports {irq_i[1]}]
set_input_delay -clock clk_i  2.5  [get_ports {irq_i[0]}]
set_input_delay -clock clk_i  4  [get_ports instr_gnt_i]
set_input_delay -clock clk_i  4  [get_ports instr_rvalid_i]
set_input_delay -clock clk_i  4  [get_ports {instr_rdata_i[31]}]
set_input_delay -clock clk_i  4  [get_ports {instr_rdata_i[30]}]
set_input_delay -clock clk_i  4  [get_ports {instr_rdata_i[29]}]
set_input_delay -clock clk_i  4  [get_ports {instr_rdata_i[28]}]
set_input_delay -clock clk_i  4  [get_ports {instr_rdata_i[27]}]
set_input_delay -clock clk_i  4  [get_ports {instr_rdata_i[26]}]
set_input_delay -clock clk_i  4  [get_ports {instr_rdata_i[25]}]
set_input_delay -clock clk_i  4  [get_ports {instr_rdata_i[24]}]
set_input_delay -clock clk_i  4  [get_ports {instr_rdata_i[23]}]
set_input_delay -clock clk_i  4  [get_ports {instr_rdata_i[22]}]
set_input_delay -clock clk_i  4  [get_ports {instr_rdata_i[21]}]
set_input_delay -clock clk_i  4  [get_ports {instr_rdata_i[20]}]
set_input_delay -clock clk_i  4  [get_ports {instr_rdata_i[19]}]
set_input_delay -clock clk_i  4  [get_ports {instr_rdata_i[18]}]
set_input_delay -clock clk_i  4  [get_ports {instr_rdata_i[17]}]
set_input_delay -clock clk_i  4  [get_ports {instr_rdata_i[16]}]
set_input_delay -clock clk_i  4  [get_ports {instr_rdata_i[15]}]
set_input_delay -clock clk_i  4  [get_ports {instr_rdata_i[14]}]
set_input_delay -clock clk_i  4  [get_ports {instr_rdata_i[13]}]
set_input_delay -clock clk_i  4  [get_ports {instr_rdata_i[12]}]
set_input_delay -clock clk_i  4  [get_ports {instr_rdata_i[11]}]
set_input_delay -clock clk_i  4  [get_ports {instr_rdata_i[10]}]
set_input_delay -clock clk_i  4  [get_ports {instr_rdata_i[9]}]
set_input_delay -clock clk_i  4  [get_ports {instr_rdata_i[8]}]
set_input_delay -clock clk_i  4  [get_ports {instr_rdata_i[7]}]
set_input_delay -clock clk_i  4  [get_ports {instr_rdata_i[6]}]
set_input_delay -clock clk_i  4  [get_ports {instr_rdata_i[5]}]
set_input_delay -clock clk_i  4  [get_ports {instr_rdata_i[4]}]
set_input_delay -clock clk_i  4  [get_ports {instr_rdata_i[3]}]
set_input_delay -clock clk_i  4  [get_ports {instr_rdata_i[2]}]
set_input_delay -clock clk_i  4  [get_ports {instr_rdata_i[1]}]
set_input_delay -clock clk_i  4  [get_ports {instr_rdata_i[0]}]
set_input_delay -clock clk_i  4  [get_ports data_gnt_i]
set_input_delay -clock clk_i  4  [get_ports data_rvalid_i]
set_input_delay -clock clk_i  4  [get_ports {data_rdata_i[31]}]
set_input_delay -clock clk_i  4  [get_ports {data_rdata_i[30]}]
set_input_delay -clock clk_i  4  [get_ports {data_rdata_i[29]}]
set_input_delay -clock clk_i  4  [get_ports {data_rdata_i[28]}]
set_input_delay -clock clk_i  4  [get_ports {data_rdata_i[27]}]
set_input_delay -clock clk_i  4  [get_ports {data_rdata_i[26]}]
set_input_delay -clock clk_i  4  [get_ports {data_rdata_i[25]}]
set_input_delay -clock clk_i  4  [get_ports {data_rdata_i[24]}]
set_input_delay -clock clk_i  4  [get_ports {data_rdata_i[23]}]
set_input_delay -clock clk_i  4  [get_ports {data_rdata_i[22]}]
set_input_delay -clock clk_i  4  [get_ports {data_rdata_i[21]}]
set_input_delay -clock clk_i  4  [get_ports {data_rdata_i[20]}]
set_input_delay -clock clk_i  4  [get_ports {data_rdata_i[19]}]
set_input_delay -clock clk_i  4  [get_ports {data_rdata_i[18]}]
set_input_delay -clock clk_i  4  [get_ports {data_rdata_i[17]}]
set_input_delay -clock clk_i  4  [get_ports {data_rdata_i[16]}]
set_input_delay -clock clk_i  4  [get_ports {data_rdata_i[15]}]
set_input_delay -clock clk_i  4  [get_ports {data_rdata_i[14]}]
set_input_delay -clock clk_i  4  [get_ports {data_rdata_i[13]}]
set_input_delay -clock clk_i  4  [get_ports {data_rdata_i[12]}]
set_input_delay -clock clk_i  4  [get_ports {data_rdata_i[11]}]
set_input_delay -clock clk_i  4  [get_ports {data_rdata_i[10]}]
set_input_delay -clock clk_i  4  [get_ports {data_rdata_i[9]}]
set_input_delay -clock clk_i  4  [get_ports {data_rdata_i[8]}]
set_input_delay -clock clk_i  4  [get_ports {data_rdata_i[7]}]
set_input_delay -clock clk_i  4  [get_ports {data_rdata_i[6]}]
set_input_delay -clock clk_i  4  [get_ports {data_rdata_i[5]}]
set_input_delay -clock clk_i  4  [get_ports {data_rdata_i[4]}]
set_input_delay -clock clk_i  4  [get_ports {data_rdata_i[3]}]
set_input_delay -clock clk_i  4  [get_ports {data_rdata_i[2]}]
set_input_delay -clock clk_i  4  [get_ports {data_rdata_i[1]}]
set_input_delay -clock clk_i  4  [get_ports {data_rdata_i[0]}]
set_input_delay -clock clk_i  0.5  [get_ports debug_req_i]
set_input_delay -clock clk_i  0.5  [get_ports {boot_addr_i[31]}]
set_input_delay -clock clk_i  0.5  [get_ports {boot_addr_i[30]}]
set_input_delay -clock clk_i  0.5  [get_ports {boot_addr_i[29]}]
set_input_delay -clock clk_i  0.5  [get_ports {boot_addr_i[28]}]
set_input_delay -clock clk_i  0.5  [get_ports {boot_addr_i[27]}]
set_input_delay -clock clk_i  0.5  [get_ports {boot_addr_i[26]}]
set_input_delay -clock clk_i  0.5  [get_ports {boot_addr_i[25]}]
set_input_delay -clock clk_i  0.5  [get_ports {boot_addr_i[24]}]
set_input_delay -clock clk_i  0.5  [get_ports {boot_addr_i[23]}]
set_input_delay -clock clk_i  0.5  [get_ports {boot_addr_i[22]}]
set_input_delay -clock clk_i  0.5  [get_ports {boot_addr_i[21]}]
set_input_delay -clock clk_i  0.5  [get_ports {boot_addr_i[20]}]
set_input_delay -clock clk_i  0.5  [get_ports {boot_addr_i[19]}]
set_input_delay -clock clk_i  0.5  [get_ports {boot_addr_i[18]}]
set_input_delay -clock clk_i  0.5  [get_ports {boot_addr_i[17]}]
set_input_delay -clock clk_i  0.5  [get_ports {boot_addr_i[16]}]
set_input_delay -clock clk_i  0.5  [get_ports {boot_addr_i[15]}]
set_input_delay -clock clk_i  0.5  [get_ports {boot_addr_i[14]}]
set_input_delay -clock clk_i  0.5  [get_ports {boot_addr_i[13]}]
set_input_delay -clock clk_i  0.5  [get_ports {boot_addr_i[12]}]
set_input_delay -clock clk_i  0.5  [get_ports {boot_addr_i[11]}]
set_input_delay -clock clk_i  0.5  [get_ports {boot_addr_i[10]}]
set_input_delay -clock clk_i  0.5  [get_ports {boot_addr_i[9]}]
set_input_delay -clock clk_i  0.5  [get_ports {boot_addr_i[8]}]
set_input_delay -clock clk_i  0.5  [get_ports {boot_addr_i[7]}]
set_input_delay -clock clk_i  0.5  [get_ports {boot_addr_i[6]}]
set_input_delay -clock clk_i  0.5  [get_ports {boot_addr_i[5]}]
set_input_delay -clock clk_i  0.5  [get_ports {boot_addr_i[4]}]
set_input_delay -clock clk_i  0.5  [get_ports {boot_addr_i[3]}]
set_input_delay -clock clk_i  0.5  [get_ports {boot_addr_i[2]}]
set_input_delay -clock clk_i  0.5  [get_ports {boot_addr_i[1]}]
set_input_delay -clock clk_i  0.5  [get_ports {boot_addr_i[0]}]
set_input_delay -clock clk_i  0.5  [get_ports {mtvec_addr_i[31]}]
set_input_delay -clock clk_i  0.5  [get_ports {mtvec_addr_i[30]}]
set_input_delay -clock clk_i  0.5  [get_ports {mtvec_addr_i[29]}]
set_input_delay -clock clk_i  0.5  [get_ports {mtvec_addr_i[28]}]
set_input_delay -clock clk_i  0.5  [get_ports {mtvec_addr_i[27]}]
set_input_delay -clock clk_i  0.5  [get_ports {mtvec_addr_i[26]}]
set_input_delay -clock clk_i  0.5  [get_ports {mtvec_addr_i[25]}]
set_input_delay -clock clk_i  0.5  [get_ports {mtvec_addr_i[24]}]
set_input_delay -clock clk_i  0.5  [get_ports {mtvec_addr_i[23]}]
set_input_delay -clock clk_i  0.5  [get_ports {mtvec_addr_i[22]}]
set_input_delay -clock clk_i  0.5  [get_ports {mtvec_addr_i[21]}]
set_input_delay -clock clk_i  0.5  [get_ports {mtvec_addr_i[20]}]
set_input_delay -clock clk_i  0.5  [get_ports {mtvec_addr_i[19]}]
set_input_delay -clock clk_i  0.5  [get_ports {mtvec_addr_i[18]}]
set_input_delay -clock clk_i  0.5  [get_ports {mtvec_addr_i[17]}]
set_input_delay -clock clk_i  0.5  [get_ports {mtvec_addr_i[16]}]
set_input_delay -clock clk_i  0.5  [get_ports {mtvec_addr_i[15]}]
set_input_delay -clock clk_i  0.5  [get_ports {mtvec_addr_i[14]}]
set_input_delay -clock clk_i  0.5  [get_ports {mtvec_addr_i[13]}]
set_input_delay -clock clk_i  0.5  [get_ports {mtvec_addr_i[12]}]
set_input_delay -clock clk_i  0.5  [get_ports {mtvec_addr_i[11]}]
set_input_delay -clock clk_i  0.5  [get_ports {mtvec_addr_i[10]}]
set_input_delay -clock clk_i  0.5  [get_ports {mtvec_addr_i[9]}]
set_input_delay -clock clk_i  0.5  [get_ports {mtvec_addr_i[8]}]
set_input_delay -clock clk_i  0.5  [get_ports {mtvec_addr_i[7]}]
set_input_delay -clock clk_i  0.5  [get_ports {mtvec_addr_i[6]}]
set_input_delay -clock clk_i  0.5  [get_ports {mtvec_addr_i[5]}]
set_input_delay -clock clk_i  0.5  [get_ports {mtvec_addr_i[4]}]
set_input_delay -clock clk_i  0.5  [get_ports {mtvec_addr_i[3]}]
set_input_delay -clock clk_i  0.5  [get_ports {mtvec_addr_i[2]}]
set_input_delay -clock clk_i  0.5  [get_ports {mtvec_addr_i[1]}]
set_input_delay -clock clk_i  0.5  [get_ports {mtvec_addr_i[0]}]
set_input_delay -clock clk_i  0.5  [get_ports {dm_halt_addr_i[31]}]
set_input_delay -clock clk_i  0.5  [get_ports {dm_halt_addr_i[30]}]
set_input_delay -clock clk_i  0.5  [get_ports {dm_halt_addr_i[29]}]
set_input_delay -clock clk_i  0.5  [get_ports {dm_halt_addr_i[28]}]
set_input_delay -clock clk_i  0.5  [get_ports {dm_halt_addr_i[27]}]
set_input_delay -clock clk_i  0.5  [get_ports {dm_halt_addr_i[26]}]
set_input_delay -clock clk_i  0.5  [get_ports {dm_halt_addr_i[25]}]
set_input_delay -clock clk_i  0.5  [get_ports {dm_halt_addr_i[24]}]
set_input_delay -clock clk_i  0.5  [get_ports {dm_halt_addr_i[23]}]
set_input_delay -clock clk_i  0.5  [get_ports {dm_halt_addr_i[22]}]
set_input_delay -clock clk_i  0.5  [get_ports {dm_halt_addr_i[21]}]
set_input_delay -clock clk_i  0.5  [get_ports {dm_halt_addr_i[20]}]
set_input_delay -clock clk_i  0.5  [get_ports {dm_halt_addr_i[19]}]
set_input_delay -clock clk_i  0.5  [get_ports {dm_halt_addr_i[18]}]
set_input_delay -clock clk_i  0.5  [get_ports {dm_halt_addr_i[17]}]
set_input_delay -clock clk_i  0.5  [get_ports {dm_halt_addr_i[16]}]
set_input_delay -clock clk_i  0.5  [get_ports {dm_halt_addr_i[15]}]
set_input_delay -clock clk_i  0.5  [get_ports {dm_halt_addr_i[14]}]
set_input_delay -clock clk_i  0.5  [get_ports {dm_halt_addr_i[13]}]
set_input_delay -clock clk_i  0.5  [get_ports {dm_halt_addr_i[12]}]
set_input_delay -clock clk_i  0.5  [get_ports {dm_halt_addr_i[11]}]
set_input_delay -clock clk_i  0.5  [get_ports {dm_halt_addr_i[10]}]
set_input_delay -clock clk_i  0.5  [get_ports {dm_halt_addr_i[9]}]
set_input_delay -clock clk_i  0.5  [get_ports {dm_halt_addr_i[8]}]
set_input_delay -clock clk_i  0.5  [get_ports {dm_halt_addr_i[7]}]
set_input_delay -clock clk_i  0.5  [get_ports {dm_halt_addr_i[6]}]
set_input_delay -clock clk_i  0.5  [get_ports {dm_halt_addr_i[5]}]
set_input_delay -clock clk_i  0.5  [get_ports {dm_halt_addr_i[4]}]
set_input_delay -clock clk_i  0.5  [get_ports {dm_halt_addr_i[3]}]
set_input_delay -clock clk_i  0.5  [get_ports {dm_halt_addr_i[2]}]
set_input_delay -clock clk_i  0.5  [get_ports {dm_halt_addr_i[1]}]
set_input_delay -clock clk_i  0.5  [get_ports {dm_halt_addr_i[0]}]
set_input_delay -clock clk_i  0.5  [get_ports {hart_id_i[31]}]
set_input_delay -clock clk_i  0.5  [get_ports {hart_id_i[30]}]
set_input_delay -clock clk_i  0.5  [get_ports {hart_id_i[29]}]
set_input_delay -clock clk_i  0.5  [get_ports {hart_id_i[28]}]
set_input_delay -clock clk_i  0.5  [get_ports {hart_id_i[27]}]
set_input_delay -clock clk_i  0.5  [get_ports {hart_id_i[26]}]
set_input_delay -clock clk_i  0.5  [get_ports {hart_id_i[25]}]
set_input_delay -clock clk_i  0.5  [get_ports {hart_id_i[24]}]
set_input_delay -clock clk_i  0.5  [get_ports {hart_id_i[23]}]
set_input_delay -clock clk_i  0.5  [get_ports {hart_id_i[22]}]
set_input_delay -clock clk_i  0.5  [get_ports {hart_id_i[21]}]
set_input_delay -clock clk_i  0.5  [get_ports {hart_id_i[20]}]
set_input_delay -clock clk_i  0.5  [get_ports {hart_id_i[19]}]
set_input_delay -clock clk_i  0.5  [get_ports {hart_id_i[18]}]
set_input_delay -clock clk_i  0.5  [get_ports {hart_id_i[17]}]
set_input_delay -clock clk_i  0.5  [get_ports {hart_id_i[16]}]
set_input_delay -clock clk_i  0.5  [get_ports {hart_id_i[15]}]
set_input_delay -clock clk_i  0.5  [get_ports {hart_id_i[14]}]
set_input_delay -clock clk_i  0.5  [get_ports {hart_id_i[13]}]
set_input_delay -clock clk_i  0.5  [get_ports {hart_id_i[12]}]
set_input_delay -clock clk_i  0.5  [get_ports {hart_id_i[11]}]
set_input_delay -clock clk_i  0.5  [get_ports {hart_id_i[10]}]
set_input_delay -clock clk_i  0.5  [get_ports {hart_id_i[9]}]
set_input_delay -clock clk_i  0.5  [get_ports {hart_id_i[8]}]
set_input_delay -clock clk_i  0.5  [get_ports {hart_id_i[7]}]
set_input_delay -clock clk_i  0.5  [get_ports {hart_id_i[6]}]
set_input_delay -clock clk_i  0.5  [get_ports {hart_id_i[5]}]
set_input_delay -clock clk_i  0.5  [get_ports {hart_id_i[4]}]
set_input_delay -clock clk_i  0.5  [get_ports {hart_id_i[3]}]
set_input_delay -clock clk_i  0.5  [get_ports {hart_id_i[2]}]
set_input_delay -clock clk_i  0.5  [get_ports {hart_id_i[1]}]
set_input_delay -clock clk_i  0.5  [get_ports {hart_id_i[0]}]
set_input_delay -clock clk_i  0.5  [get_ports {dm_exception_addr_i[31]}]
set_input_delay -clock clk_i  0.5  [get_ports {dm_exception_addr_i[30]}]
set_input_delay -clock clk_i  0.5  [get_ports {dm_exception_addr_i[29]}]
set_input_delay -clock clk_i  0.5  [get_ports {dm_exception_addr_i[28]}]
set_input_delay -clock clk_i  0.5  [get_ports {dm_exception_addr_i[27]}]
set_input_delay -clock clk_i  0.5  [get_ports {dm_exception_addr_i[26]}]
set_input_delay -clock clk_i  0.5  [get_ports {dm_exception_addr_i[25]}]
set_input_delay -clock clk_i  0.5  [get_ports {dm_exception_addr_i[24]}]
set_input_delay -clock clk_i  0.5  [get_ports {dm_exception_addr_i[23]}]
set_input_delay -clock clk_i  0.5  [get_ports {dm_exception_addr_i[22]}]
set_input_delay -clock clk_i  0.5  [get_ports {dm_exception_addr_i[21]}]
set_input_delay -clock clk_i  0.5  [get_ports {dm_exception_addr_i[20]}]
set_input_delay -clock clk_i  0.5  [get_ports {dm_exception_addr_i[19]}]
set_input_delay -clock clk_i  0.5  [get_ports {dm_exception_addr_i[18]}]
set_input_delay -clock clk_i  0.5  [get_ports {dm_exception_addr_i[17]}]
set_input_delay -clock clk_i  0.5  [get_ports {dm_exception_addr_i[16]}]
set_input_delay -clock clk_i  0.5  [get_ports {dm_exception_addr_i[15]}]
set_input_delay -clock clk_i  0.5  [get_ports {dm_exception_addr_i[14]}]
set_input_delay -clock clk_i  0.5  [get_ports {dm_exception_addr_i[13]}]
set_input_delay -clock clk_i  0.5  [get_ports {dm_exception_addr_i[12]}]
set_input_delay -clock clk_i  0.5  [get_ports {dm_exception_addr_i[11]}]
set_input_delay -clock clk_i  0.5  [get_ports {dm_exception_addr_i[10]}]
set_input_delay -clock clk_i  0.5  [get_ports {dm_exception_addr_i[9]}]
set_input_delay -clock clk_i  0.5  [get_ports {dm_exception_addr_i[8]}]
set_input_delay -clock clk_i  0.5  [get_ports {dm_exception_addr_i[7]}]
set_input_delay -clock clk_i  0.5  [get_ports {dm_exception_addr_i[6]}]
set_input_delay -clock clk_i  0.5  [get_ports {dm_exception_addr_i[5]}]
set_input_delay -clock clk_i  0.5  [get_ports {dm_exception_addr_i[4]}]
set_input_delay -clock clk_i  0.5  [get_ports {dm_exception_addr_i[3]}]
set_input_delay -clock clk_i  0.5  [get_ports {dm_exception_addr_i[2]}]
set_input_delay -clock clk_i  0.5  [get_ports {dm_exception_addr_i[1]}]
set_input_delay -clock clk_i  0.5  [get_ports {dm_exception_addr_i[0]}]
set_output_delay -clock clk_i  1.25  [get_ports irq_ack_o]
set_output_delay -clock clk_i  1.25  [get_ports {irq_id_o[4]}]
set_output_delay -clock clk_i  1.25  [get_ports {irq_id_o[3]}]
set_output_delay -clock clk_i  1.25  [get_ports {irq_id_o[2]}]
set_output_delay -clock clk_i  1.25  [get_ports {irq_id_o[1]}]
set_output_delay -clock clk_i  1.25  [get_ports {irq_id_o[0]}]
set_output_delay -clock clk_i  3  [get_ports instr_req_o]
set_output_delay -clock clk_i  3  [get_ports {instr_addr_o[31]}]
set_output_delay -clock clk_i  3  [get_ports {instr_addr_o[30]}]
set_output_delay -clock clk_i  3  [get_ports {instr_addr_o[29]}]
set_output_delay -clock clk_i  3  [get_ports {instr_addr_o[28]}]
set_output_delay -clock clk_i  3  [get_ports {instr_addr_o[27]}]
set_output_delay -clock clk_i  3  [get_ports {instr_addr_o[26]}]
set_output_delay -clock clk_i  3  [get_ports {instr_addr_o[25]}]
set_output_delay -clock clk_i  3  [get_ports {instr_addr_o[24]}]
set_output_delay -clock clk_i  3  [get_ports {instr_addr_o[23]}]
set_output_delay -clock clk_i  3  [get_ports {instr_addr_o[22]}]
set_output_delay -clock clk_i  3  [get_ports {instr_addr_o[21]}]
set_output_delay -clock clk_i  3  [get_ports {instr_addr_o[20]}]
set_output_delay -clock clk_i  3  [get_ports {instr_addr_o[19]}]
set_output_delay -clock clk_i  3  [get_ports {instr_addr_o[18]}]
set_output_delay -clock clk_i  3  [get_ports {instr_addr_o[17]}]
set_output_delay -clock clk_i  3  [get_ports {instr_addr_o[16]}]
set_output_delay -clock clk_i  3  [get_ports {instr_addr_o[15]}]
set_output_delay -clock clk_i  3  [get_ports {instr_addr_o[14]}]
set_output_delay -clock clk_i  3  [get_ports {instr_addr_o[13]}]
set_output_delay -clock clk_i  3  [get_ports {instr_addr_o[12]}]
set_output_delay -clock clk_i  3  [get_ports {instr_addr_o[11]}]
set_output_delay -clock clk_i  3  [get_ports {instr_addr_o[10]}]
set_output_delay -clock clk_i  3  [get_ports {instr_addr_o[9]}]
set_output_delay -clock clk_i  3  [get_ports {instr_addr_o[8]}]
set_output_delay -clock clk_i  3  [get_ports {instr_addr_o[7]}]
set_output_delay -clock clk_i  3  [get_ports {instr_addr_o[6]}]
set_output_delay -clock clk_i  3  [get_ports {instr_addr_o[5]}]
set_output_delay -clock clk_i  3  [get_ports {instr_addr_o[4]}]
set_output_delay -clock clk_i  3  [get_ports {instr_addr_o[3]}]
set_output_delay -clock clk_i  3  [get_ports {instr_addr_o[2]}]
set_output_delay -clock clk_i  3  [get_ports {instr_addr_o[1]}]
set_output_delay -clock clk_i  3  [get_ports {instr_addr_o[0]}]
set_output_delay -clock clk_i  3  [get_ports data_req_o]
set_output_delay -clock clk_i  3  [get_ports data_we_o]
set_output_delay -clock clk_i  3  [get_ports {data_be_o[3]}]
set_output_delay -clock clk_i  3  [get_ports {data_be_o[2]}]
set_output_delay -clock clk_i  3  [get_ports {data_be_o[1]}]
set_output_delay -clock clk_i  3  [get_ports {data_be_o[0]}]
set_output_delay -clock clk_i  3  [get_ports {data_addr_o[31]}]
set_output_delay -clock clk_i  3  [get_ports {data_addr_o[30]}]
set_output_delay -clock clk_i  3  [get_ports {data_addr_o[29]}]
set_output_delay -clock clk_i  3  [get_ports {data_addr_o[28]}]
set_output_delay -clock clk_i  3  [get_ports {data_addr_o[27]}]
set_output_delay -clock clk_i  3  [get_ports {data_addr_o[26]}]
set_output_delay -clock clk_i  3  [get_ports {data_addr_o[25]}]
set_output_delay -clock clk_i  3  [get_ports {data_addr_o[24]}]
set_output_delay -clock clk_i  3  [get_ports {data_addr_o[23]}]
set_output_delay -clock clk_i  3  [get_ports {data_addr_o[22]}]
set_output_delay -clock clk_i  3  [get_ports {data_addr_o[21]}]
set_output_delay -clock clk_i  3  [get_ports {data_addr_o[20]}]
set_output_delay -clock clk_i  3  [get_ports {data_addr_o[19]}]
set_output_delay -clock clk_i  3  [get_ports {data_addr_o[18]}]
set_output_delay -clock clk_i  3  [get_ports {data_addr_o[17]}]
set_output_delay -clock clk_i  3  [get_ports {data_addr_o[16]}]
set_output_delay -clock clk_i  3  [get_ports {data_addr_o[15]}]
set_output_delay -clock clk_i  3  [get_ports {data_addr_o[14]}]
set_output_delay -clock clk_i  3  [get_ports {data_addr_o[13]}]
set_output_delay -clock clk_i  3  [get_ports {data_addr_o[12]}]
set_output_delay -clock clk_i  3  [get_ports {data_addr_o[11]}]
set_output_delay -clock clk_i  3  [get_ports {data_addr_o[10]}]
set_output_delay -clock clk_i  3  [get_ports {data_addr_o[9]}]
set_output_delay -clock clk_i  3  [get_ports {data_addr_o[8]}]
set_output_delay -clock clk_i  3  [get_ports {data_addr_o[7]}]
set_output_delay -clock clk_i  3  [get_ports {data_addr_o[6]}]
set_output_delay -clock clk_i  3  [get_ports {data_addr_o[5]}]
set_output_delay -clock clk_i  3  [get_ports {data_addr_o[4]}]
set_output_delay -clock clk_i  3  [get_ports {data_addr_o[3]}]
set_output_delay -clock clk_i  3  [get_ports {data_addr_o[2]}]
set_output_delay -clock clk_i  3  [get_ports {data_addr_o[1]}]
set_output_delay -clock clk_i  3  [get_ports {data_addr_o[0]}]
set_output_delay -clock clk_i  3  [get_ports {data_wdata_o[31]}]
set_output_delay -clock clk_i  3  [get_ports {data_wdata_o[30]}]
set_output_delay -clock clk_i  3  [get_ports {data_wdata_o[29]}]
set_output_delay -clock clk_i  3  [get_ports {data_wdata_o[28]}]
set_output_delay -clock clk_i  3  [get_ports {data_wdata_o[27]}]
set_output_delay -clock clk_i  3  [get_ports {data_wdata_o[26]}]
set_output_delay -clock clk_i  3  [get_ports {data_wdata_o[25]}]
set_output_delay -clock clk_i  3  [get_ports {data_wdata_o[24]}]
set_output_delay -clock clk_i  3  [get_ports {data_wdata_o[23]}]
set_output_delay -clock clk_i  3  [get_ports {data_wdata_o[22]}]
set_output_delay -clock clk_i  3  [get_ports {data_wdata_o[21]}]
set_output_delay -clock clk_i  3  [get_ports {data_wdata_o[20]}]
set_output_delay -clock clk_i  3  [get_ports {data_wdata_o[19]}]
set_output_delay -clock clk_i  3  [get_ports {data_wdata_o[18]}]
set_output_delay -clock clk_i  3  [get_ports {data_wdata_o[17]}]
set_output_delay -clock clk_i  3  [get_ports {data_wdata_o[16]}]
set_output_delay -clock clk_i  3  [get_ports {data_wdata_o[15]}]
set_output_delay -clock clk_i  3  [get_ports {data_wdata_o[14]}]
set_output_delay -clock clk_i  3  [get_ports {data_wdata_o[13]}]
set_output_delay -clock clk_i  3  [get_ports {data_wdata_o[12]}]
set_output_delay -clock clk_i  3  [get_ports {data_wdata_o[11]}]
set_output_delay -clock clk_i  3  [get_ports {data_wdata_o[10]}]
set_output_delay -clock clk_i  3  [get_ports {data_wdata_o[9]}]
set_output_delay -clock clk_i  3  [get_ports {data_wdata_o[8]}]
set_output_delay -clock clk_i  3  [get_ports {data_wdata_o[7]}]
set_output_delay -clock clk_i  3  [get_ports {data_wdata_o[6]}]
set_output_delay -clock clk_i  3  [get_ports {data_wdata_o[5]}]
set_output_delay -clock clk_i  3  [get_ports {data_wdata_o[4]}]
set_output_delay -clock clk_i  3  [get_ports {data_wdata_o[3]}]
set_output_delay -clock clk_i  3  [get_ports {data_wdata_o[2]}]
set_output_delay -clock clk_i  3  [get_ports {data_wdata_o[1]}]
set_output_delay -clock clk_i  3  [get_ports {data_wdata_o[0]}]
set_output_delay -clock clk_i  3  [get_ports debug_havereset_o]
set_output_delay -clock clk_i  3  [get_ports debug_running_o]
set_output_delay -clock clk_i  3  [get_ports debug_halted_o]
set_output_delay -clock clk_i  1.25  [get_ports core_sleep_o]
Information: Loading SDC version 2.1 file '/home/ICer/ITI/PnR_Grad/Backend/Synthesis/sdc/cv32e40p_top.sdc' (FILE-007)
###################################################################
# Created by write_sdc on Tue Jul 1 12:04:20 2025
###################################################################
set sdc_version 2.1
set_units -time ns -resistance MOhm -capacitance fF -voltage V -current uA
set_max_fanout 25 [current_design]
set_driving_cell -lib_cell SAEDRVT14_BUF_4 -pin X [get_ports pulp_clock_en_i]
set_driving_cell -lib_cell SAEDRVT14_BUF_4 -pin X [get_ports scan_cg_en_i]
set_driving_cell -lib_cell SAEDRVT14_BUF_4 -pin X [get_ports {boot_addr_i[31]}]
set_driving_cell -lib_cell SAEDRVT14_BUF_4 -pin X [get_ports {boot_addr_i[30]}]
set_driving_cell -lib_cell SAEDRVT14_BUF_4 -pin X [get_ports {boot_addr_i[29]}]
set_driving_cell -lib_cell SAEDRVT14_BUF_4 -pin X [get_ports {boot_addr_i[28]}]
set_driving_cell -lib_cell SAEDRVT14_BUF_4 -pin X [get_ports {boot_addr_i[27]}]
set_driving_cell -lib_cell SAEDRVT14_BUF_4 -pin X [get_ports {boot_addr_i[26]}]
set_driving_cell -lib_cell SAEDRVT14_BUF_4 -pin X [get_ports {boot_addr_i[25]}]
set_driving_cell -lib_cell SAEDRVT14_BUF_4 -pin X [get_ports {boot_addr_i[24]}]
set_driving_cell -lib_cell SAEDRVT14_BUF_4 -pin X [get_ports {boot_addr_i[23]}]
set_driving_cell -lib_cell SAEDRVT14_BUF_4 -pin X [get_ports {boot_addr_i[22]}]
set_driving_cell -lib_cell SAEDRVT14_BUF_4 -pin X [get_ports {boot_addr_i[21]}]
set_driving_cell -lib_cell SAEDRVT14_BUF_4 -pin X [get_ports {boot_addr_i[20]}]
set_driving_cell -lib_cell SAEDRVT14_BUF_4 -pin X [get_ports {boot_addr_i[19]}]
set_driving_cell -lib_cell SAEDRVT14_BUF_4 -pin X [get_ports {boot_addr_i[18]}]
set_driving_cell -lib_cell SAEDRVT14_BUF_4 -pin X [get_ports {boot_addr_i[17]}]
set_driving_cell -lib_cell SAEDRVT14_BUF_4 -pin X [get_ports {boot_addr_i[16]}]
set_driving_cell -lib_cell SAEDRVT14_BUF_4 -pin X [get_ports {boot_addr_i[15]}]
set_driving_cell -lib_cell SAEDRVT14_BUF_4 -pin X [get_ports {boot_addr_i[14]}]
set_driving_cell -lib_cell SAEDRVT14_BUF_4 -pin X [get_ports {boot_addr_i[13]}]
set_driving_cell -lib_cell SAEDRVT14_BUF_4 -pin X [get_ports {boot_addr_i[12]}]
set_driving_cell -lib_cell SAEDRVT14_BUF_4 -pin X [get_ports {boot_addr_i[11]}]
set_driving_cell -lib_cell SAEDRVT14_BUF_4 -pin X [get_ports {boot_addr_i[10]}]
set_driving_cell -lib_cell SAEDRVT14_BUF_4 -pin X [get_ports {boot_addr_i[9]}]
set_driving_cell -lib_cell SAEDRVT14_BUF_4 -pin X [get_ports {boot_addr_i[8]}]
set_driving_cell -lib_cell SAEDRVT14_BUF_4 -pin X [get_ports {boot_addr_i[7]}]
set_driving_cell -lib_cell SAEDRVT14_BUF_4 -pin X [get_ports {boot_addr_i[6]}]
set_driving_cell -lib_cell SAEDRVT14_BUF_4 -pin X [get_ports {boot_addr_i[5]}]
set_driving_cell -lib_cell SAEDRVT14_BUF_4 -pin X [get_ports {boot_addr_i[4]}]
set_driving_cell -lib_cell SAEDRVT14_BUF_4 -pin X [get_ports {boot_addr_i[3]}]
set_driving_cell -lib_cell SAEDRVT14_BUF_4 -pin X [get_ports {boot_addr_i[2]}]
set_driving_cell -lib_cell SAEDRVT14_BUF_4 -pin X [get_ports {boot_addr_i[1]}]
set_driving_cell -lib_cell SAEDRVT14_BUF_4 -pin X [get_ports {boot_addr_i[0]}]
set_driving_cell -lib_cell SAEDRVT14_BUF_4 -pin X [get_ports {mtvec_addr_i[31]}]
set_driving_cell -lib_cell SAEDRVT14_BUF_4 -pin X [get_ports {mtvec_addr_i[30]}]
set_driving_cell -lib_cell SAEDRVT14_BUF_4 -pin X [get_ports {mtvec_addr_i[29]}]
set_driving_cell -lib_cell SAEDRVT14_BUF_4 -pin X [get_ports {mtvec_addr_i[28]}]
set_driving_cell -lib_cell SAEDRVT14_BUF_4 -pin X [get_ports {mtvec_addr_i[27]}]
set_driving_cell -lib_cell SAEDRVT14_BUF_4 -pin X [get_ports {mtvec_addr_i[26]}]
set_driving_cell -lib_cell SAEDRVT14_BUF_4 -pin X [get_ports {mtvec_addr_i[25]}]
set_driving_cell -lib_cell SAEDRVT14_BUF_4 -pin X [get_ports {mtvec_addr_i[24]}]
set_driving_cell -lib_cell SAEDRVT14_BUF_4 -pin X [get_ports {mtvec_addr_i[23]}]
set_driving_cell -lib_cell SAEDRVT14_BUF_4 -pin X [get_ports {mtvec_addr_i[22]}]
set_driving_cell -lib_cell SAEDRVT14_BUF_4 -pin X [get_ports {mtvec_addr_i[21]}]
set_driving_cell -lib_cell SAEDRVT14_BUF_4 -pin X [get_ports {mtvec_addr_i[20]}]
set_driving_cell -lib_cell SAEDRVT14_BUF_4 -pin X [get_ports {mtvec_addr_i[19]}]
set_driving_cell -lib_cell SAEDRVT14_BUF_4 -pin X [get_ports {mtvec_addr_i[18]}]
set_driving_cell -lib_cell SAEDRVT14_BUF_4 -pin X [get_ports {mtvec_addr_i[17]}]
set_driving_cell -lib_cell SAEDRVT14_BUF_4 -pin X [get_ports {mtvec_addr_i[16]}]
set_driving_cell -lib_cell SAEDRVT14_BUF_4 -pin X [get_ports {mtvec_addr_i[15]}]
set_driving_cell -lib_cell SAEDRVT14_BUF_4 -pin X [get_ports {mtvec_addr_i[14]}]
set_driving_cell -lib_cell SAEDRVT14_BUF_4 -pin X [get_ports {mtvec_addr_i[13]}]
set_driving_cell -lib_cell SAEDRVT14_BUF_4 -pin X [get_ports {mtvec_addr_i[12]}]
set_driving_cell -lib_cell SAEDRVT14_BUF_4 -pin X [get_ports {mtvec_addr_i[11]}]
set_driving_cell -lib_cell SAEDRVT14_BUF_4 -pin X [get_ports {mtvec_addr_i[10]}]
set_driving_cell -lib_cell SAEDRVT14_BUF_4 -pin X [get_ports {mtvec_addr_i[9]}]
set_driving_cell -lib_cell SAEDRVT14_BUF_4 -pin X [get_ports {mtvec_addr_i[8]}]
set_driving_cell -lib_cell SAEDRVT14_BUF_4 -pin X [get_ports {mtvec_addr_i[7]}]
set_driving_cell -lib_cell SAEDRVT14_BUF_4 -pin X [get_ports {mtvec_addr_i[6]}]
set_driving_cell -lib_cell SAEDRVT14_BUF_4 -pin X [get_ports {mtvec_addr_i[5]}]
set_driving_cell -lib_cell SAEDRVT14_BUF_4 -pin X [get_ports {mtvec_addr_i[4]}]
set_driving_cell -lib_cell SAEDRVT14_BUF_4 -pin X [get_ports {mtvec_addr_i[3]}]
set_driving_cell -lib_cell SAEDRVT14_BUF_4 -pin X [get_ports {mtvec_addr_i[2]}]
set_driving_cell -lib_cell SAEDRVT14_BUF_4 -pin X [get_ports {mtvec_addr_i[1]}]
set_driving_cell -lib_cell SAEDRVT14_BUF_4 -pin X [get_ports {mtvec_addr_i[0]}]
set_driving_cell -lib_cell SAEDRVT14_BUF_4 -pin X [get_ports {dm_halt_addr_i[31]}]
set_driving_cell -lib_cell SAEDRVT14_BUF_4 -pin X [get_ports {dm_halt_addr_i[30]}]
set_driving_cell -lib_cell SAEDRVT14_BUF_4 -pin X [get_ports {dm_halt_addr_i[29]}]
set_driving_cell -lib_cell SAEDRVT14_BUF_4 -pin X [get_ports {dm_halt_addr_i[28]}]
set_driving_cell -lib_cell SAEDRVT14_BUF_4 -pin X [get_ports {dm_halt_addr_i[27]}]
set_driving_cell -lib_cell SAEDRVT14_BUF_4 -pin X [get_ports {dm_halt_addr_i[26]}]
set_driving_cell -lib_cell SAEDRVT14_BUF_4 -pin X [get_ports {dm_halt_addr_i[25]}]
set_driving_cell -lib_cell SAEDRVT14_BUF_4 -pin X [get_ports {dm_halt_addr_i[24]}]
set_driving_cell -lib_cell SAEDRVT14_BUF_4 -pin X [get_ports {dm_halt_addr_i[23]}]
set_driving_cell -lib_cell SAEDRVT14_BUF_4 -pin X [get_ports {dm_halt_addr_i[22]}]
set_driving_cell -lib_cell SAEDRVT14_BUF_4 -pin X [get_ports {dm_halt_addr_i[21]}]
set_driving_cell -lib_cell SAEDRVT14_BUF_4 -pin X [get_ports {dm_halt_addr_i[20]}]
set_driving_cell -lib_cell SAEDRVT14_BUF_4 -pin X [get_ports {dm_halt_addr_i[19]}]
set_driving_cell -lib_cell SAEDRVT14_BUF_4 -pin X [get_ports {dm_halt_addr_i[18]}]
set_driving_cell -lib_cell SAEDRVT14_BUF_4 -pin X [get_ports {dm_halt_addr_i[17]}]
set_driving_cell -lib_cell SAEDRVT14_BUF_4 -pin X [get_ports {dm_halt_addr_i[16]}]
set_driving_cell -lib_cell SAEDRVT14_BUF_4 -pin X [get_ports {dm_halt_addr_i[15]}]
set_driving_cell -lib_cell SAEDRVT14_BUF_4 -pin X [get_ports {dm_halt_addr_i[14]}]
set_driving_cell -lib_cell SAEDRVT14_BUF_4 -pin X [get_ports {dm_halt_addr_i[13]}]
set_driving_cell -lib_cell SAEDRVT14_BUF_4 -pin X [get_ports {dm_halt_addr_i[12]}]
set_driving_cell -lib_cell SAEDRVT14_BUF_4 -pin X [get_ports {dm_halt_addr_i[11]}]
set_driving_cell -lib_cell SAEDRVT14_BUF_4 -pin X [get_ports {dm_halt_addr_i[10]}]
set_driving_cell -lib_cell SAEDRVT14_BUF_4 -pin X [get_ports {dm_halt_addr_i[9]}]
set_driving_cell -lib_cell SAEDRVT14_BUF_4 -pin X [get_ports {dm_halt_addr_i[8]}]
set_driving_cell -lib_cell SAEDRVT14_BUF_4 -pin X [get_ports {dm_halt_addr_i[7]}]
set_driving_cell -lib_cell SAEDRVT14_BUF_4 -pin X [get_ports {dm_halt_addr_i[6]}]
set_driving_cell -lib_cell SAEDRVT14_BUF_4 -pin X [get_ports {dm_halt_addr_i[5]}]
set_driving_cell -lib_cell SAEDRVT14_BUF_4 -pin X [get_ports {dm_halt_addr_i[4]}]
set_driving_cell -lib_cell SAEDRVT14_BUF_4 -pin X [get_ports {dm_halt_addr_i[3]}]
set_driving_cell -lib_cell SAEDRVT14_BUF_4 -pin X [get_ports {dm_halt_addr_i[2]}]
set_driving_cell -lib_cell SAEDRVT14_BUF_4 -pin X [get_ports {dm_halt_addr_i[1]}]
set_driving_cell -lib_cell SAEDRVT14_BUF_4 -pin X [get_ports {dm_halt_addr_i[0]}]
set_driving_cell -lib_cell SAEDRVT14_BUF_4 -pin X [get_ports {hart_id_i[31]}]
set_driving_cell -lib_cell SAEDRVT14_BUF_4 -pin X [get_ports {hart_id_i[30]}]
set_driving_cell -lib_cell SAEDRVT14_BUF_4 -pin X [get_ports {hart_id_i[29]}]
set_driving_cell -lib_cell SAEDRVT14_BUF_4 -pin X [get_ports {hart_id_i[28]}]
set_driving_cell -lib_cell SAEDRVT14_BUF_4 -pin X [get_ports {hart_id_i[27]}]
set_driving_cell -lib_cell SAEDRVT14_BUF_4 -pin X [get_ports {hart_id_i[26]}]
set_driving_cell -lib_cell SAEDRVT14_BUF_4 -pin X [get_ports {hart_id_i[25]}]
set_driving_cell -lib_cell SAEDRVT14_BUF_4 -pin X [get_ports {hart_id_i[24]}]
set_driving_cell -lib_cell SAEDRVT14_BUF_4 -pin X [get_ports {hart_id_i[23]}]
set_driving_cell -lib_cell SAEDRVT14_BUF_4 -pin X [get_ports {hart_id_i[22]}]
set_driving_cell -lib_cell SAEDRVT14_BUF_4 -pin X [get_ports {hart_id_i[21]}]
set_driving_cell -lib_cell SAEDRVT14_BUF_4 -pin X [get_ports {hart_id_i[20]}]
set_driving_cell -lib_cell SAEDRVT14_BUF_4 -pin X [get_ports {hart_id_i[19]}]
set_driving_cell -lib_cell SAEDRVT14_BUF_4 -pin X [get_ports {hart_id_i[18]}]
set_driving_cell -lib_cell SAEDRVT14_BUF_4 -pin X [get_ports {hart_id_i[17]}]
set_driving_cell -lib_cell SAEDRVT14_BUF_4 -pin X [get_ports {hart_id_i[16]}]
set_driving_cell -lib_cell SAEDRVT14_BUF_4 -pin X [get_ports {hart_id_i[15]}]
set_driving_cell -lib_cell SAEDRVT14_BUF_4 -pin X [get_ports {hart_id_i[14]}]
set_driving_cell -lib_cell SAEDRVT14_BUF_4 -pin X [get_ports {hart_id_i[13]}]
set_driving_cell -lib_cell SAEDRVT14_BUF_4 -pin X [get_ports {hart_id_i[12]}]
set_driving_cell -lib_cell SAEDRVT14_BUF_4 -pin X [get_ports {hart_id_i[11]}]
set_driving_cell -lib_cell SAEDRVT14_BUF_4 -pin X [get_ports {hart_id_i[10]}]
set_driving_cell -lib_cell SAEDRVT14_BUF_4 -pin X [get_ports {hart_id_i[9]}]
set_driving_cell -lib_cell SAEDRVT14_BUF_4 -pin X [get_ports {hart_id_i[8]}]
set_driving_cell -lib_cell SAEDRVT14_BUF_4 -pin X [get_ports {hart_id_i[7]}]
set_driving_cell -lib_cell SAEDRVT14_BUF_4 -pin X [get_ports {hart_id_i[6]}]
set_driving_cell -lib_cell SAEDRVT14_BUF_4 -pin X [get_ports {hart_id_i[5]}]
set_driving_cell -lib_cell SAEDRVT14_BUF_4 -pin X [get_ports {hart_id_i[4]}]
set_driving_cell -lib_cell SAEDRVT14_BUF_4 -pin X [get_ports {hart_id_i[3]}]
set_driving_cell -lib_cell SAEDRVT14_BUF_4 -pin X [get_ports {hart_id_i[2]}]
set_driving_cell -lib_cell SAEDRVT14_BUF_4 -pin X [get_ports {hart_id_i[1]}]
set_driving_cell -lib_cell SAEDRVT14_BUF_4 -pin X [get_ports {hart_id_i[0]}]
set_driving_cell -lib_cell SAEDRVT14_BUF_4 -pin X [get_ports {dm_exception_addr_i[31]}]
set_driving_cell -lib_cell SAEDRVT14_BUF_4 -pin X [get_ports {dm_exception_addr_i[30]}]
set_driving_cell -lib_cell SAEDRVT14_BUF_4 -pin X [get_ports {dm_exception_addr_i[29]}]
set_driving_cell -lib_cell SAEDRVT14_BUF_4 -pin X [get_ports {dm_exception_addr_i[28]}]
set_driving_cell -lib_cell SAEDRVT14_BUF_4 -pin X [get_ports {dm_exception_addr_i[27]}]
set_driving_cell -lib_cell SAEDRVT14_BUF_4 -pin X [get_ports {dm_exception_addr_i[26]}]
set_driving_cell -lib_cell SAEDRVT14_BUF_4 -pin X [get_ports {dm_exception_addr_i[25]}]
set_driving_cell -lib_cell SAEDRVT14_BUF_4 -pin X [get_ports {dm_exception_addr_i[24]}]
set_driving_cell -lib_cell SAEDRVT14_BUF_4 -pin X [get_ports {dm_exception_addr_i[23]}]
set_driving_cell -lib_cell SAEDRVT14_BUF_4 -pin X [get_ports {dm_exception_addr_i[22]}]
set_driving_cell -lib_cell SAEDRVT14_BUF_4 -pin X [get_ports {dm_exception_addr_i[21]}]
set_driving_cell -lib_cell SAEDRVT14_BUF_4 -pin X [get_ports {dm_exception_addr_i[20]}]
set_driving_cell -lib_cell SAEDRVT14_BUF_4 -pin X [get_ports {dm_exception_addr_i[19]}]
set_driving_cell -lib_cell SAEDRVT14_BUF_4 -pin X [get_ports {dm_exception_addr_i[18]}]
set_driving_cell -lib_cell SAEDRVT14_BUF_4 -pin X [get_ports {dm_exception_addr_i[17]}]
set_driving_cell -lib_cell SAEDRVT14_BUF_4 -pin X [get_ports {dm_exception_addr_i[16]}]
set_driving_cell -lib_cell SAEDRVT14_BUF_4 -pin X [get_ports {dm_exception_addr_i[15]}]
set_driving_cell -lib_cell SAEDRVT14_BUF_4 -pin X [get_ports {dm_exception_addr_i[14]}]
set_driving_cell -lib_cell SAEDRVT14_BUF_4 -pin X [get_ports {dm_exception_addr_i[13]}]
set_driving_cell -lib_cell SAEDRVT14_BUF_4 -pin X [get_ports {dm_exception_addr_i[12]}]
set_driving_cell -lib_cell SAEDRVT14_BUF_4 -pin X [get_ports {dm_exception_addr_i[11]}]
set_driving_cell -lib_cell SAEDRVT14_BUF_4 -pin X [get_ports {dm_exception_addr_i[10]}]
set_driving_cell -lib_cell SAEDRVT14_BUF_4 -pin X [get_ports {dm_exception_addr_i[9]}]
set_driving_cell -lib_cell SAEDRVT14_BUF_4 -pin X [get_ports {dm_exception_addr_i[8]}]
set_driving_cell -lib_cell SAEDRVT14_BUF_4 -pin X [get_ports {dm_exception_addr_i[7]}]
set_driving_cell -lib_cell SAEDRVT14_BUF_4 -pin X [get_ports {dm_exception_addr_i[6]}]
set_driving_cell -lib_cell SAEDRVT14_BUF_4 -pin X [get_ports {dm_exception_addr_i[5]}]
set_driving_cell -lib_cell SAEDRVT14_BUF_4 -pin X [get_ports {dm_exception_addr_i[4]}]
set_driving_cell -lib_cell SAEDRVT14_BUF_4 -pin X [get_ports {dm_exception_addr_i[3]}]
set_driving_cell -lib_cell SAEDRVT14_BUF_4 -pin X [get_ports {dm_exception_addr_i[2]}]
set_driving_cell -lib_cell SAEDRVT14_BUF_4 -pin X [get_ports {dm_exception_addr_i[1]}]
set_driving_cell -lib_cell SAEDRVT14_BUF_4 -pin X [get_ports {dm_exception_addr_i[0]}]
set_driving_cell -lib_cell SAEDRVT14_BUF_4 -pin X [get_ports instr_gnt_i]
set_driving_cell -lib_cell SAEDRVT14_BUF_4 -pin X [get_ports instr_rvalid_i]
set_driving_cell -lib_cell SAEDRVT14_BUF_4 -pin X [get_ports {instr_rdata_i[31]}]
set_driving_cell -lib_cell SAEDRVT14_BUF_4 -pin X [get_ports {instr_rdata_i[30]}]
set_driving_cell -lib_cell SAEDRVT14_BUF_4 -pin X [get_ports {instr_rdata_i[29]}]
set_driving_cell -lib_cell SAEDRVT14_BUF_4 -pin X [get_ports {instr_rdata_i[28]}]
set_driving_cell -lib_cell SAEDRVT14_BUF_4 -pin X [get_ports {instr_rdata_i[27]}]
set_driving_cell -lib_cell SAEDRVT14_BUF_4 -pin X [get_ports {instr_rdata_i[26]}]
set_driving_cell -lib_cell SAEDRVT14_BUF_4 -pin X [get_ports {instr_rdata_i[25]}]
set_driving_cell -lib_cell SAEDRVT14_BUF_4 -pin X [get_ports {instr_rdata_i[24]}]
set_driving_cell -lib_cell SAEDRVT14_BUF_4 -pin X [get_ports {instr_rdata_i[23]}]
set_driving_cell -lib_cell SAEDRVT14_BUF_4 -pin X [get_ports {instr_rdata_i[22]}]
set_driving_cell -lib_cell SAEDRVT14_BUF_4 -pin X [get_ports {instr_rdata_i[21]}]
set_driving_cell -lib_cell SAEDRVT14_BUF_4 -pin X [get_ports {instr_rdata_i[20]}]
set_driving_cell -lib_cell SAEDRVT14_BUF_4 -pin X [get_ports {instr_rdata_i[19]}]
set_driving_cell -lib_cell SAEDRVT14_BUF_4 -pin X [get_ports {instr_rdata_i[18]}]
set_driving_cell -lib_cell SAEDRVT14_BUF_4 -pin X [get_ports {instr_rdata_i[17]}]
set_driving_cell -lib_cell SAEDRVT14_BUF_4 -pin X [get_ports {instr_rdata_i[16]}]
set_driving_cell -lib_cell SAEDRVT14_BUF_4 -pin X [get_ports {instr_rdata_i[15]}]
set_driving_cell -lib_cell SAEDRVT14_BUF_4 -pin X [get_ports {instr_rdata_i[14]}]
set_driving_cell -lib_cell SAEDRVT14_BUF_4 -pin X [get_ports {instr_rdata_i[13]}]
set_driving_cell -lib_cell SAEDRVT14_BUF_4 -pin X [get_ports {instr_rdata_i[12]}]
set_driving_cell -lib_cell SAEDRVT14_BUF_4 -pin X [get_ports {instr_rdata_i[11]}]
set_driving_cell -lib_cell SAEDRVT14_BUF_4 -pin X [get_ports {instr_rdata_i[10]}]
set_driving_cell -lib_cell SAEDRVT14_BUF_4 -pin X [get_ports {instr_rdata_i[9]}]
set_driving_cell -lib_cell SAEDRVT14_BUF_4 -pin X [get_ports {instr_rdata_i[8]}]
set_driving_cell -lib_cell SAEDRVT14_BUF_4 -pin X [get_ports {instr_rdata_i[7]}]
set_driving_cell -lib_cell SAEDRVT14_BUF_4 -pin X [get_ports {instr_rdata_i[6]}]
set_driving_cell -lib_cell SAEDRVT14_BUF_4 -pin X [get_ports {instr_rdata_i[5]}]
set_driving_cell -lib_cell SAEDRVT14_BUF_4 -pin X [get_ports {instr_rdata_i[4]}]
set_driving_cell -lib_cell SAEDRVT14_BUF_4 -pin X [get_ports {instr_rdata_i[3]}]
set_driving_cell -lib_cell SAEDRVT14_BUF_4 -pin X [get_ports {instr_rdata_i[2]}]
set_driving_cell -lib_cell SAEDRVT14_BUF_4 -pin X [get_ports {instr_rdata_i[1]}]
set_driving_cell -lib_cell SAEDRVT14_BUF_4 -pin X [get_ports {instr_rdata_i[0]}]
set_driving_cell -lib_cell SAEDRVT14_BUF_4 -pin X [get_ports data_gnt_i]
set_driving_cell -lib_cell SAEDRVT14_BUF_4 -pin X [get_ports data_rvalid_i]
set_driving_cell -lib_cell SAEDRVT14_BUF_4 -pin X [get_ports {data_rdata_i[31]}]
set_driving_cell -lib_cell SAEDRVT14_BUF_4 -pin X [get_ports {data_rdata_i[30]}]
set_driving_cell -lib_cell SAEDRVT14_BUF_4 -pin X [get_ports {data_rdata_i[29]}]
set_driving_cell -lib_cell SAEDRVT14_BUF_4 -pin X [get_ports {data_rdata_i[28]}]
set_driving_cell -lib_cell SAEDRVT14_BUF_4 -pin X [get_ports {data_rdata_i[27]}]
set_driving_cell -lib_cell SAEDRVT14_BUF_4 -pin X [get_ports {data_rdata_i[26]}]
set_driving_cell -lib_cell SAEDRVT14_BUF_4 -pin X [get_ports {data_rdata_i[25]}]
set_driving_cell -lib_cell SAEDRVT14_BUF_4 -pin X [get_ports {data_rdata_i[24]}]
set_driving_cell -lib_cell SAEDRVT14_BUF_4 -pin X [get_ports {data_rdata_i[23]}]
set_driving_cell -lib_cell SAEDRVT14_BUF_4 -pin X [get_ports {data_rdata_i[22]}]
set_driving_cell -lib_cell SAEDRVT14_BUF_4 -pin X [get_ports {data_rdata_i[21]}]
set_driving_cell -lib_cell SAEDRVT14_BUF_4 -pin X [get_ports {data_rdata_i[20]}]
set_driving_cell -lib_cell SAEDRVT14_BUF_4 -pin X [get_ports {data_rdata_i[19]}]
set_driving_cell -lib_cell SAEDRVT14_BUF_4 -pin X [get_ports {data_rdata_i[18]}]
set_driving_cell -lib_cell SAEDRVT14_BUF_4 -pin X [get_ports {data_rdata_i[17]}]
set_driving_cell -lib_cell SAEDRVT14_BUF_4 -pin X [get_ports {data_rdata_i[16]}]
set_driving_cell -lib_cell SAEDRVT14_BUF_4 -pin X [get_ports {data_rdata_i[15]}]
set_driving_cell -lib_cell SAEDRVT14_BUF_4 -pin X [get_ports {data_rdata_i[14]}]
set_driving_cell -lib_cell SAEDRVT14_BUF_4 -pin X [get_ports {data_rdata_i[13]}]
set_driving_cell -lib_cell SAEDRVT14_BUF_4 -pin X [get_ports {data_rdata_i[12]}]
set_driving_cell -lib_cell SAEDRVT14_BUF_4 -pin X [get_ports {data_rdata_i[11]}]
set_driving_cell -lib_cell SAEDRVT14_BUF_4 -pin X [get_ports {data_rdata_i[10]}]
set_driving_cell -lib_cell SAEDRVT14_BUF_4 -pin X [get_ports {data_rdata_i[9]}]
set_driving_cell -lib_cell SAEDRVT14_BUF_4 -pin X [get_ports {data_rdata_i[8]}]
set_driving_cell -lib_cell SAEDRVT14_BUF_4 -pin X [get_ports {data_rdata_i[7]}]
set_driving_cell -lib_cell SAEDRVT14_BUF_4 -pin X [get_ports {data_rdata_i[6]}]
set_driving_cell -lib_cell SAEDRVT14_BUF_4 -pin X [get_ports {data_rdata_i[5]}]
set_driving_cell -lib_cell SAEDRVT14_BUF_4 -pin X [get_ports {data_rdata_i[4]}]
set_driving_cell -lib_cell SAEDRVT14_BUF_4 -pin X [get_ports {data_rdata_i[3]}]
set_driving_cell -lib_cell SAEDRVT14_BUF_4 -pin X [get_ports {data_rdata_i[2]}]
set_driving_cell -lib_cell SAEDRVT14_BUF_4 -pin X [get_ports {data_rdata_i[1]}]
set_driving_cell -lib_cell SAEDRVT14_BUF_4 -pin X [get_ports {data_rdata_i[0]}]
set_driving_cell -lib_cell SAEDRVT14_BUF_4 -pin X [get_ports {irq_i[31]}]
set_driving_cell -lib_cell SAEDRVT14_BUF_4 -pin X [get_ports {irq_i[30]}]
set_driving_cell -lib_cell SAEDRVT14_BUF_4 -pin X [get_ports {irq_i[29]}]
set_driving_cell -lib_cell SAEDRVT14_BUF_4 -pin X [get_ports {irq_i[28]}]
set_driving_cell -lib_cell SAEDRVT14_BUF_4 -pin X [get_ports {irq_i[27]}]
set_driving_cell -lib_cell SAEDRVT14_BUF_4 -pin X [get_ports {irq_i[26]}]
set_driving_cell -lib_cell SAEDRVT14_BUF_4 -pin X [get_ports {irq_i[25]}]
set_driving_cell -lib_cell SAEDRVT14_BUF_4 -pin X [get_ports {irq_i[24]}]
set_driving_cell -lib_cell SAEDRVT14_BUF_4 -pin X [get_ports {irq_i[23]}]
set_driving_cell -lib_cell SAEDRVT14_BUF_4 -pin X [get_ports {irq_i[22]}]
set_driving_cell -lib_cell SAEDRVT14_BUF_4 -pin X [get_ports {irq_i[21]}]
set_driving_cell -lib_cell SAEDRVT14_BUF_4 -pin X [get_ports {irq_i[20]}]
set_driving_cell -lib_cell SAEDRVT14_BUF_4 -pin X [get_ports {irq_i[19]}]
set_driving_cell -lib_cell SAEDRVT14_BUF_4 -pin X [get_ports {irq_i[18]}]
set_driving_cell -lib_cell SAEDRVT14_BUF_4 -pin X [get_ports {irq_i[17]}]
set_driving_cell -lib_cell SAEDRVT14_BUF_4 -pin X [get_ports {irq_i[16]}]
set_driving_cell -lib_cell SAEDRVT14_BUF_4 -pin X [get_ports {irq_i[15]}]
set_driving_cell -lib_cell SAEDRVT14_BUF_4 -pin X [get_ports {irq_i[14]}]
set_driving_cell -lib_cell SAEDRVT14_BUF_4 -pin X [get_ports {irq_i[13]}]
set_driving_cell -lib_cell SAEDRVT14_BUF_4 -pin X [get_ports {irq_i[12]}]
set_driving_cell -lib_cell SAEDRVT14_BUF_4 -pin X [get_ports {irq_i[11]}]
set_driving_cell -lib_cell SAEDRVT14_BUF_4 -pin X [get_ports {irq_i[10]}]
set_driving_cell -lib_cell SAEDRVT14_BUF_4 -pin X [get_ports {irq_i[9]}]
set_driving_cell -lib_cell SAEDRVT14_BUF_4 -pin X [get_ports {irq_i[8]}]
set_driving_cell -lib_cell SAEDRVT14_BUF_4 -pin X [get_ports {irq_i[7]}]
set_driving_cell -lib_cell SAEDRVT14_BUF_4 -pin X [get_ports {irq_i[6]}]
set_driving_cell -lib_cell SAEDRVT14_BUF_4 -pin X [get_ports {irq_i[5]}]
set_driving_cell -lib_cell SAEDRVT14_BUF_4 -pin X [get_ports {irq_i[4]}]
set_driving_cell -lib_cell SAEDRVT14_BUF_4 -pin X [get_ports {irq_i[3]}]
set_driving_cell -lib_cell SAEDRVT14_BUF_4 -pin X [get_ports {irq_i[2]}]
set_driving_cell -lib_cell SAEDRVT14_BUF_4 -pin X [get_ports {irq_i[1]}]
set_driving_cell -lib_cell SAEDRVT14_BUF_4 -pin X [get_ports {irq_i[0]}]
set_driving_cell -lib_cell SAEDRVT14_BUF_4 -pin X [get_ports debug_req_i]
set_driving_cell -lib_cell SAEDRVT14_BUF_4 -pin X [get_ports fetch_enable_i]
set_load -pin_load 0.5 [get_ports instr_req_o]
set_load -pin_load 0.5 [get_ports {instr_addr_o[31]}]
set_load -pin_load 0.5 [get_ports {instr_addr_o[30]}]
set_load -pin_load 0.5 [get_ports {instr_addr_o[29]}]
set_load -pin_load 0.5 [get_ports {instr_addr_o[28]}]
set_load -pin_load 0.5 [get_ports {instr_addr_o[27]}]
set_load -pin_load 0.5 [get_ports {instr_addr_o[26]}]
set_load -pin_load 0.5 [get_ports {instr_addr_o[25]}]
set_load -pin_load 0.5 [get_ports {instr_addr_o[24]}]
set_load -pin_load 0.5 [get_ports {instr_addr_o[23]}]
set_load -pin_load 0.5 [get_ports {instr_addr_o[22]}]
set_load -pin_load 0.5 [get_ports {instr_addr_o[21]}]
set_load -pin_load 0.5 [get_ports {instr_addr_o[20]}]
set_load -pin_load 0.5 [get_ports {instr_addr_o[19]}]
set_load -pin_load 0.5 [get_ports {instr_addr_o[18]}]
set_load -pin_load 0.5 [get_ports {instr_addr_o[17]}]
set_load -pin_load 0.5 [get_ports {instr_addr_o[16]}]
set_load -pin_load 0.5 [get_ports {instr_addr_o[15]}]
set_load -pin_load 0.5 [get_ports {instr_addr_o[14]}]
set_load -pin_load 0.5 [get_ports {instr_addr_o[13]}]
set_load -pin_load 0.5 [get_ports {instr_addr_o[12]}]
set_load -pin_load 0.5 [get_ports {instr_addr_o[11]}]
set_load -pin_load 0.5 [get_ports {instr_addr_o[10]}]
set_load -pin_load 0.5 [get_ports {instr_addr_o[9]}]
set_load -pin_load 0.5 [get_ports {instr_addr_o[8]}]
set_load -pin_load 0.5 [get_ports {instr_addr_o[7]}]
set_load -pin_load 0.5 [get_ports {instr_addr_o[6]}]
set_load -pin_load 0.5 [get_ports {instr_addr_o[5]}]
set_load -pin_load 0.5 [get_ports {instr_addr_o[4]}]
set_load -pin_load 0.5 [get_ports {instr_addr_o[3]}]
set_load -pin_load 0.5 [get_ports {instr_addr_o[2]}]
set_load -pin_load 0.5 [get_ports {instr_addr_o[1]}]
set_load -pin_load 0.5 [get_ports {instr_addr_o[0]}]
set_load -pin_load 0.5 [get_ports data_req_o]
set_load -pin_load 0.5 [get_ports data_we_o]
set_load -pin_load 0.5 [get_ports {data_be_o[3]}]
set_load -pin_load 0.5 [get_ports {data_be_o[2]}]
set_load -pin_load 0.5 [get_ports {data_be_o[1]}]
set_load -pin_load 0.5 [get_ports {data_be_o[0]}]
set_load -pin_load 0.5 [get_ports {data_addr_o[31]}]
set_load -pin_load 0.5 [get_ports {data_addr_o[30]}]
set_load -pin_load 0.5 [get_ports {data_addr_o[29]}]
set_load -pin_load 0.5 [get_ports {data_addr_o[28]}]
set_load -pin_load 0.5 [get_ports {data_addr_o[27]}]
set_load -pin_load 0.5 [get_ports {data_addr_o[26]}]
set_load -pin_load 0.5 [get_ports {data_addr_o[25]}]
set_load -pin_load 0.5 [get_ports {data_addr_o[24]}]
set_load -pin_load 0.5 [get_ports {data_addr_o[23]}]
set_load -pin_load 0.5 [get_ports {data_addr_o[22]}]
set_load -pin_load 0.5 [get_ports {data_addr_o[21]}]
set_load -pin_load 0.5 [get_ports {data_addr_o[20]}]
set_load -pin_load 0.5 [get_ports {data_addr_o[19]}]
set_load -pin_load 0.5 [get_ports {data_addr_o[18]}]
set_load -pin_load 0.5 [get_ports {data_addr_o[17]}]
set_load -pin_load 0.5 [get_ports {data_addr_o[16]}]
set_load -pin_load 0.5 [get_ports {data_addr_o[15]}]
set_load -pin_load 0.5 [get_ports {data_addr_o[14]}]
set_load -pin_load 0.5 [get_ports {data_addr_o[13]}]
set_load -pin_load 0.5 [get_ports {data_addr_o[12]}]
set_load -pin_load 0.5 [get_ports {data_addr_o[11]}]
set_load -pin_load 0.5 [get_ports {data_addr_o[10]}]
set_load -pin_load 0.5 [get_ports {data_addr_o[9]}]
set_load -pin_load 0.5 [get_ports {data_addr_o[8]}]
set_load -pin_load 0.5 [get_ports {data_addr_o[7]}]
set_load -pin_load 0.5 [get_ports {data_addr_o[6]}]
set_load -pin_load 0.5 [get_ports {data_addr_o[5]}]
set_load -pin_load 0.5 [get_ports {data_addr_o[4]}]
set_load -pin_load 0.5 [get_ports {data_addr_o[3]}]
set_load -pin_load 0.5 [get_ports {data_addr_o[2]}]
set_load -pin_load 0.5 [get_ports {data_addr_o[1]}]
set_load -pin_load 0.5 [get_ports {data_addr_o[0]}]
set_load -pin_load 0.5 [get_ports {data_wdata_o[31]}]
set_load -pin_load 0.5 [get_ports {data_wdata_o[30]}]
set_load -pin_load 0.5 [get_ports {data_wdata_o[29]}]
set_load -pin_load 0.5 [get_ports {data_wdata_o[28]}]
set_load -pin_load 0.5 [get_ports {data_wdata_o[27]}]
set_load -pin_load 0.5 [get_ports {data_wdata_o[26]}]
set_load -pin_load 0.5 [get_ports {data_wdata_o[25]}]
set_load -pin_load 0.5 [get_ports {data_wdata_o[24]}]
set_load -pin_load 0.5 [get_ports {data_wdata_o[23]}]
set_load -pin_load 0.5 [get_ports {data_wdata_o[22]}]
set_load -pin_load 0.5 [get_ports {data_wdata_o[21]}]
set_load -pin_load 0.5 [get_ports {data_wdata_o[20]}]
set_load -pin_load 0.5 [get_ports {data_wdata_o[19]}]
set_load -pin_load 0.5 [get_ports {data_wdata_o[18]}]
set_load -pin_load 0.5 [get_ports {data_wdata_o[17]}]
set_load -pin_load 0.5 [get_ports {data_wdata_o[16]}]
set_load -pin_load 0.5 [get_ports {data_wdata_o[15]}]
set_load -pin_load 0.5 [get_ports {data_wdata_o[14]}]
set_load -pin_load 0.5 [get_ports {data_wdata_o[13]}]
set_load -pin_load 0.5 [get_ports {data_wdata_o[12]}]
set_load -pin_load 0.5 [get_ports {data_wdata_o[11]}]
set_load -pin_load 0.5 [get_ports {data_wdata_o[10]}]
set_load -pin_load 0.5 [get_ports {data_wdata_o[9]}]
set_load -pin_load 0.5 [get_ports {data_wdata_o[8]}]
set_load -pin_load 0.5 [get_ports {data_wdata_o[7]}]
set_load -pin_load 0.5 [get_ports {data_wdata_o[6]}]
set_load -pin_load 0.5 [get_ports {data_wdata_o[5]}]
set_load -pin_load 0.5 [get_ports {data_wdata_o[4]}]
set_load -pin_load 0.5 [get_ports {data_wdata_o[3]}]
set_load -pin_load 0.5 [get_ports {data_wdata_o[2]}]
set_load -pin_load 0.5 [get_ports {data_wdata_o[1]}]
set_load -pin_load 0.5 [get_ports {data_wdata_o[0]}]
set_load -pin_load 0.5 [get_ports irq_ack_o]
set_load -pin_load 0.5 [get_ports {irq_id_o[4]}]
set_load -pin_load 0.5 [get_ports {irq_id_o[3]}]
set_load -pin_load 0.5 [get_ports {irq_id_o[2]}]
set_load -pin_load 0.5 [get_ports {irq_id_o[1]}]
set_load -pin_load 0.5 [get_ports {irq_id_o[0]}]
set_load -pin_load 0.5 [get_ports debug_havereset_o]
set_load -pin_load 0.5 [get_ports debug_running_o]
set_load -pin_load 0.5 [get_ports debug_halted_o]
set_load -pin_load 0.5 [get_ports core_sleep_o]
create_clock [get_ports clk_i]  -period 5  -waveform {0 2.5}
set_input_delay -clock clk_i  2.5  [get_ports {irq_i[31]}]
set_input_delay -clock clk_i  2.5  [get_ports {irq_i[30]}]
set_input_delay -clock clk_i  2.5  [get_ports {irq_i[29]}]
set_input_delay -clock clk_i  2.5  [get_ports {irq_i[28]}]
set_input_delay -clock clk_i  2.5  [get_ports {irq_i[27]}]
set_input_delay -clock clk_i  2.5  [get_ports {irq_i[26]}]
set_input_delay -clock clk_i  2.5  [get_ports {irq_i[25]}]
set_input_delay -clock clk_i  2.5  [get_ports {irq_i[24]}]
set_input_delay -clock clk_i  2.5  [get_ports {irq_i[23]}]
set_input_delay -clock clk_i  2.5  [get_ports {irq_i[22]}]
set_input_delay -clock clk_i  2.5  [get_ports {irq_i[21]}]
set_input_delay -clock clk_i  2.5  [get_ports {irq_i[20]}]
set_input_delay -clock clk_i  2.5  [get_ports {irq_i[19]}]
set_input_delay -clock clk_i  2.5  [get_ports {irq_i[18]}]
set_input_delay -clock clk_i  2.5  [get_ports {irq_i[17]}]
set_input_delay -clock clk_i  2.5  [get_ports {irq_i[16]}]
set_input_delay -clock clk_i  2.5  [get_ports {irq_i[15]}]
set_input_delay -clock clk_i  2.5  [get_ports {irq_i[14]}]
set_input_delay -clock clk_i  2.5  [get_ports {irq_i[13]}]
set_input_delay -clock clk_i  2.5  [get_ports {irq_i[12]}]
set_input_delay -clock clk_i  2.5  [get_ports {irq_i[11]}]
set_input_delay -clock clk_i  2.5  [get_ports {irq_i[10]}]
set_input_delay -clock clk_i  2.5  [get_ports {irq_i[9]}]
set_input_delay -clock clk_i  2.5  [get_ports {irq_i[8]}]
set_input_delay -clock clk_i  2.5  [get_ports {irq_i[7]}]
set_input_delay -clock clk_i  2.5  [get_ports {irq_i[6]}]
set_input_delay -clock clk_i  2.5  [get_ports {irq_i[5]}]
set_input_delay -clock clk_i  2.5  [get_ports {irq_i[4]}]
set_input_delay -clock clk_i  2.5  [get_ports {irq_i[3]}]
set_input_delay -clock clk_i  2.5  [get_ports {irq_i[2]}]
set_input_delay -clock clk_i  2.5  [get_ports {irq_i[1]}]
set_input_delay -clock clk_i  2.5  [get_ports {irq_i[0]}]
set_input_delay -clock clk_i  4  [get_ports instr_gnt_i]
set_input_delay -clock clk_i  4  [get_ports instr_rvalid_i]
set_input_delay -clock clk_i  4  [get_ports {instr_rdata_i[31]}]
set_input_delay -clock clk_i  4  [get_ports {instr_rdata_i[30]}]
set_input_delay -clock clk_i  4  [get_ports {instr_rdata_i[29]}]
set_input_delay -clock clk_i  4  [get_ports {instr_rdata_i[28]}]
set_input_delay -clock clk_i  4  [get_ports {instr_rdata_i[27]}]
set_input_delay -clock clk_i  4  [get_ports {instr_rdata_i[26]}]
set_input_delay -clock clk_i  4  [get_ports {instr_rdata_i[25]}]
set_input_delay -clock clk_i  4  [get_ports {instr_rdata_i[24]}]
set_input_delay -clock clk_i  4  [get_ports {instr_rdata_i[23]}]
set_input_delay -clock clk_i  4  [get_ports {instr_rdata_i[22]}]
set_input_delay -clock clk_i  4  [get_ports {instr_rdata_i[21]}]
set_input_delay -clock clk_i  4  [get_ports {instr_rdata_i[20]}]
set_input_delay -clock clk_i  4  [get_ports {instr_rdata_i[19]}]
set_input_delay -clock clk_i  4  [get_ports {instr_rdata_i[18]}]
set_input_delay -clock clk_i  4  [get_ports {instr_rdata_i[17]}]
set_input_delay -clock clk_i  4  [get_ports {instr_rdata_i[16]}]
set_input_delay -clock clk_i  4  [get_ports {instr_rdata_i[15]}]
set_input_delay -clock clk_i  4  [get_ports {instr_rdata_i[14]}]
set_input_delay -clock clk_i  4  [get_ports {instr_rdata_i[13]}]
set_input_delay -clock clk_i  4  [get_ports {instr_rdata_i[12]}]
set_input_delay -clock clk_i  4  [get_ports {instr_rdata_i[11]}]
set_input_delay -clock clk_i  4  [get_ports {instr_rdata_i[10]}]
set_input_delay -clock clk_i  4  [get_ports {instr_rdata_i[9]}]
set_input_delay -clock clk_i  4  [get_ports {instr_rdata_i[8]}]
set_input_delay -clock clk_i  4  [get_ports {instr_rdata_i[7]}]
set_input_delay -clock clk_i  4  [get_ports {instr_rdata_i[6]}]
set_input_delay -clock clk_i  4  [get_ports {instr_rdata_i[5]}]
set_input_delay -clock clk_i  4  [get_ports {instr_rdata_i[4]}]
set_input_delay -clock clk_i  4  [get_ports {instr_rdata_i[3]}]
set_input_delay -clock clk_i  4  [get_ports {instr_rdata_i[2]}]
set_input_delay -clock clk_i  4  [get_ports {instr_rdata_i[1]}]
set_input_delay -clock clk_i  4  [get_ports {instr_rdata_i[0]}]
set_input_delay -clock clk_i  4  [get_ports data_gnt_i]
set_input_delay -clock clk_i  4  [get_ports data_rvalid_i]
set_input_delay -clock clk_i  4  [get_ports {data_rdata_i[31]}]
set_input_delay -clock clk_i  4  [get_ports {data_rdata_i[30]}]
set_input_delay -clock clk_i  4  [get_ports {data_rdata_i[29]}]
set_input_delay -clock clk_i  4  [get_ports {data_rdata_i[28]}]
set_input_delay -clock clk_i  4  [get_ports {data_rdata_i[27]}]
set_input_delay -clock clk_i  4  [get_ports {data_rdata_i[26]}]
set_input_delay -clock clk_i  4  [get_ports {data_rdata_i[25]}]
set_input_delay -clock clk_i  4  [get_ports {data_rdata_i[24]}]
set_input_delay -clock clk_i  4  [get_ports {data_rdata_i[23]}]
set_input_delay -clock clk_i  4  [get_ports {data_rdata_i[22]}]
set_input_delay -clock clk_i  4  [get_ports {data_rdata_i[21]}]
set_input_delay -clock clk_i  4  [get_ports {data_rdata_i[20]}]
set_input_delay -clock clk_i  4  [get_ports {data_rdata_i[19]}]
set_input_delay -clock clk_i  4  [get_ports {data_rdata_i[18]}]
set_input_delay -clock clk_i  4  [get_ports {data_rdata_i[17]}]
set_input_delay -clock clk_i  4  [get_ports {data_rdata_i[16]}]
set_input_delay -clock clk_i  4  [get_ports {data_rdata_i[15]}]
set_input_delay -clock clk_i  4  [get_ports {data_rdata_i[14]}]
set_input_delay -clock clk_i  4  [get_ports {data_rdata_i[13]}]
set_input_delay -clock clk_i  4  [get_ports {data_rdata_i[12]}]
set_input_delay -clock clk_i  4  [get_ports {data_rdata_i[11]}]
set_input_delay -clock clk_i  4  [get_ports {data_rdata_i[10]}]
set_input_delay -clock clk_i  4  [get_ports {data_rdata_i[9]}]
set_input_delay -clock clk_i  4  [get_ports {data_rdata_i[8]}]
set_input_delay -clock clk_i  4  [get_ports {data_rdata_i[7]}]
set_input_delay -clock clk_i  4  [get_ports {data_rdata_i[6]}]
set_input_delay -clock clk_i  4  [get_ports {data_rdata_i[5]}]
set_input_delay -clock clk_i  4  [get_ports {data_rdata_i[4]}]
set_input_delay -clock clk_i  4  [get_ports {data_rdata_i[3]}]
set_input_delay -clock clk_i  4  [get_ports {data_rdata_i[2]}]
set_input_delay -clock clk_i  4  [get_ports {data_rdata_i[1]}]
set_input_delay -clock clk_i  4  [get_ports {data_rdata_i[0]}]
set_input_delay -clock clk_i  0.5  [get_ports debug_req_i]
set_input_delay -clock clk_i  0.5  [get_ports {boot_addr_i[31]}]
set_input_delay -clock clk_i  0.5  [get_ports {boot_addr_i[30]}]
set_input_delay -clock clk_i  0.5  [get_ports {boot_addr_i[29]}]
set_input_delay -clock clk_i  0.5  [get_ports {boot_addr_i[28]}]
set_input_delay -clock clk_i  0.5  [get_ports {boot_addr_i[27]}]
set_input_delay -clock clk_i  0.5  [get_ports {boot_addr_i[26]}]
set_input_delay -clock clk_i  0.5  [get_ports {boot_addr_i[25]}]
set_input_delay -clock clk_i  0.5  [get_ports {boot_addr_i[24]}]
set_input_delay -clock clk_i  0.5  [get_ports {boot_addr_i[23]}]
set_input_delay -clock clk_i  0.5  [get_ports {boot_addr_i[22]}]
set_input_delay -clock clk_i  0.5  [get_ports {boot_addr_i[21]}]
set_input_delay -clock clk_i  0.5  [get_ports {boot_addr_i[20]}]
set_input_delay -clock clk_i  0.5  [get_ports {boot_addr_i[19]}]
set_input_delay -clock clk_i  0.5  [get_ports {boot_addr_i[18]}]
set_input_delay -clock clk_i  0.5  [get_ports {boot_addr_i[17]}]
set_input_delay -clock clk_i  0.5  [get_ports {boot_addr_i[16]}]
set_input_delay -clock clk_i  0.5  [get_ports {boot_addr_i[15]}]
set_input_delay -clock clk_i  0.5  [get_ports {boot_addr_i[14]}]
set_input_delay -clock clk_i  0.5  [get_ports {boot_addr_i[13]}]
set_input_delay -clock clk_i  0.5  [get_ports {boot_addr_i[12]}]
set_input_delay -clock clk_i  0.5  [get_ports {boot_addr_i[11]}]
set_input_delay -clock clk_i  0.5  [get_ports {boot_addr_i[10]}]
set_input_delay -clock clk_i  0.5  [get_ports {boot_addr_i[9]}]
set_input_delay -clock clk_i  0.5  [get_ports {boot_addr_i[8]}]
set_input_delay -clock clk_i  0.5  [get_ports {boot_addr_i[7]}]
set_input_delay -clock clk_i  0.5  [get_ports {boot_addr_i[6]}]
set_input_delay -clock clk_i  0.5  [get_ports {boot_addr_i[5]}]
set_input_delay -clock clk_i  0.5  [get_ports {boot_addr_i[4]}]
set_input_delay -clock clk_i  0.5  [get_ports {boot_addr_i[3]}]
set_input_delay -clock clk_i  0.5  [get_ports {boot_addr_i[2]}]
set_input_delay -clock clk_i  0.5  [get_ports {boot_addr_i[1]}]
set_input_delay -clock clk_i  0.5  [get_ports {boot_addr_i[0]}]
set_input_delay -clock clk_i  0.5  [get_ports {mtvec_addr_i[31]}]
set_input_delay -clock clk_i  0.5  [get_ports {mtvec_addr_i[30]}]
set_input_delay -clock clk_i  0.5  [get_ports {mtvec_addr_i[29]}]
set_input_delay -clock clk_i  0.5  [get_ports {mtvec_addr_i[28]}]
set_input_delay -clock clk_i  0.5  [get_ports {mtvec_addr_i[27]}]
set_input_delay -clock clk_i  0.5  [get_ports {mtvec_addr_i[26]}]
set_input_delay -clock clk_i  0.5  [get_ports {mtvec_addr_i[25]}]
set_input_delay -clock clk_i  0.5  [get_ports {mtvec_addr_i[24]}]
set_input_delay -clock clk_i  0.5  [get_ports {mtvec_addr_i[23]}]
set_input_delay -clock clk_i  0.5  [get_ports {mtvec_addr_i[22]}]
set_input_delay -clock clk_i  0.5  [get_ports {mtvec_addr_i[21]}]
set_input_delay -clock clk_i  0.5  [get_ports {mtvec_addr_i[20]}]
set_input_delay -clock clk_i  0.5  [get_ports {mtvec_addr_i[19]}]
set_input_delay -clock clk_i  0.5  [get_ports {mtvec_addr_i[18]}]
set_input_delay -clock clk_i  0.5  [get_ports {mtvec_addr_i[17]}]
set_input_delay -clock clk_i  0.5  [get_ports {mtvec_addr_i[16]}]
set_input_delay -clock clk_i  0.5  [get_ports {mtvec_addr_i[15]}]
set_input_delay -clock clk_i  0.5  [get_ports {mtvec_addr_i[14]}]
set_input_delay -clock clk_i  0.5  [get_ports {mtvec_addr_i[13]}]
set_input_delay -clock clk_i  0.5  [get_ports {mtvec_addr_i[12]}]
set_input_delay -clock clk_i  0.5  [get_ports {mtvec_addr_i[11]}]
set_input_delay -clock clk_i  0.5  [get_ports {mtvec_addr_i[10]}]
set_input_delay -clock clk_i  0.5  [get_ports {mtvec_addr_i[9]}]
set_input_delay -clock clk_i  0.5  [get_ports {mtvec_addr_i[8]}]
set_input_delay -clock clk_i  0.5  [get_ports {mtvec_addr_i[7]}]
set_input_delay -clock clk_i  0.5  [get_ports {mtvec_addr_i[6]}]
set_input_delay -clock clk_i  0.5  [get_ports {mtvec_addr_i[5]}]
set_input_delay -clock clk_i  0.5  [get_ports {mtvec_addr_i[4]}]
set_input_delay -clock clk_i  0.5  [get_ports {mtvec_addr_i[3]}]
set_input_delay -clock clk_i  0.5  [get_ports {mtvec_addr_i[2]}]
set_input_delay -clock clk_i  0.5  [get_ports {mtvec_addr_i[1]}]
set_input_delay -clock clk_i  0.5  [get_ports {mtvec_addr_i[0]}]
set_input_delay -clock clk_i  0.5  [get_ports {dm_halt_addr_i[31]}]
set_input_delay -clock clk_i  0.5  [get_ports {dm_halt_addr_i[30]}]
set_input_delay -clock clk_i  0.5  [get_ports {dm_halt_addr_i[29]}]
set_input_delay -clock clk_i  0.5  [get_ports {dm_halt_addr_i[28]}]
set_input_delay -clock clk_i  0.5  [get_ports {dm_halt_addr_i[27]}]
set_input_delay -clock clk_i  0.5  [get_ports {dm_halt_addr_i[26]}]
set_input_delay -clock clk_i  0.5  [get_ports {dm_halt_addr_i[25]}]
set_input_delay -clock clk_i  0.5  [get_ports {dm_halt_addr_i[24]}]
set_input_delay -clock clk_i  0.5  [get_ports {dm_halt_addr_i[23]}]
set_input_delay -clock clk_i  0.5  [get_ports {dm_halt_addr_i[22]}]
set_input_delay -clock clk_i  0.5  [get_ports {dm_halt_addr_i[21]}]
set_input_delay -clock clk_i  0.5  [get_ports {dm_halt_addr_i[20]}]
set_input_delay -clock clk_i  0.5  [get_ports {dm_halt_addr_i[19]}]
set_input_delay -clock clk_i  0.5  [get_ports {dm_halt_addr_i[18]}]
set_input_delay -clock clk_i  0.5  [get_ports {dm_halt_addr_i[17]}]
set_input_delay -clock clk_i  0.5  [get_ports {dm_halt_addr_i[16]}]
set_input_delay -clock clk_i  0.5  [get_ports {dm_halt_addr_i[15]}]
set_input_delay -clock clk_i  0.5  [get_ports {dm_halt_addr_i[14]}]
set_input_delay -clock clk_i  0.5  [get_ports {dm_halt_addr_i[13]}]
set_input_delay -clock clk_i  0.5  [get_ports {dm_halt_addr_i[12]}]
set_input_delay -clock clk_i  0.5  [get_ports {dm_halt_addr_i[11]}]
set_input_delay -clock clk_i  0.5  [get_ports {dm_halt_addr_i[10]}]
set_input_delay -clock clk_i  0.5  [get_ports {dm_halt_addr_i[9]}]
set_input_delay -clock clk_i  0.5  [get_ports {dm_halt_addr_i[8]}]
set_input_delay -clock clk_i  0.5  [get_ports {dm_halt_addr_i[7]}]
set_input_delay -clock clk_i  0.5  [get_ports {dm_halt_addr_i[6]}]
set_input_delay -clock clk_i  0.5  [get_ports {dm_halt_addr_i[5]}]
set_input_delay -clock clk_i  0.5  [get_ports {dm_halt_addr_i[4]}]
set_input_delay -clock clk_i  0.5  [get_ports {dm_halt_addr_i[3]}]
set_input_delay -clock clk_i  0.5  [get_ports {dm_halt_addr_i[2]}]
set_input_delay -clock clk_i  0.5  [get_ports {dm_halt_addr_i[1]}]
set_input_delay -clock clk_i  0.5  [get_ports {dm_halt_addr_i[0]}]
set_input_delay -clock clk_i  0.5  [get_ports {hart_id_i[31]}]
set_input_delay -clock clk_i  0.5  [get_ports {hart_id_i[30]}]
set_input_delay -clock clk_i  0.5  [get_ports {hart_id_i[29]}]
set_input_delay -clock clk_i  0.5  [get_ports {hart_id_i[28]}]
set_input_delay -clock clk_i  0.5  [get_ports {hart_id_i[27]}]
set_input_delay -clock clk_i  0.5  [get_ports {hart_id_i[26]}]
set_input_delay -clock clk_i  0.5  [get_ports {hart_id_i[25]}]
set_input_delay -clock clk_i  0.5  [get_ports {hart_id_i[24]}]
set_input_delay -clock clk_i  0.5  [get_ports {hart_id_i[23]}]
set_input_delay -clock clk_i  0.5  [get_ports {hart_id_i[22]}]
set_input_delay -clock clk_i  0.5  [get_ports {hart_id_i[21]}]
set_input_delay -clock clk_i  0.5  [get_ports {hart_id_i[20]}]
set_input_delay -clock clk_i  0.5  [get_ports {hart_id_i[19]}]
set_input_delay -clock clk_i  0.5  [get_ports {hart_id_i[18]}]
set_input_delay -clock clk_i  0.5  [get_ports {hart_id_i[17]}]
set_input_delay -clock clk_i  0.5  [get_ports {hart_id_i[16]}]
set_input_delay -clock clk_i  0.5  [get_ports {hart_id_i[15]}]
set_input_delay -clock clk_i  0.5  [get_ports {hart_id_i[14]}]
set_input_delay -clock clk_i  0.5  [get_ports {hart_id_i[13]}]
set_input_delay -clock clk_i  0.5  [get_ports {hart_id_i[12]}]
set_input_delay -clock clk_i  0.5  [get_ports {hart_id_i[11]}]
set_input_delay -clock clk_i  0.5  [get_ports {hart_id_i[10]}]
set_input_delay -clock clk_i  0.5  [get_ports {hart_id_i[9]}]
set_input_delay -clock clk_i  0.5  [get_ports {hart_id_i[8]}]
set_input_delay -clock clk_i  0.5  [get_ports {hart_id_i[7]}]
set_input_delay -clock clk_i  0.5  [get_ports {hart_id_i[6]}]
set_input_delay -clock clk_i  0.5  [get_ports {hart_id_i[5]}]
set_input_delay -clock clk_i  0.5  [get_ports {hart_id_i[4]}]
set_input_delay -clock clk_i  0.5  [get_ports {hart_id_i[3]}]
set_input_delay -clock clk_i  0.5  [get_ports {hart_id_i[2]}]
set_input_delay -clock clk_i  0.5  [get_ports {hart_id_i[1]}]
set_input_delay -clock clk_i  0.5  [get_ports {hart_id_i[0]}]
set_input_delay -clock clk_i  0.5  [get_ports {dm_exception_addr_i[31]}]
set_input_delay -clock clk_i  0.5  [get_ports {dm_exception_addr_i[30]}]
set_input_delay -clock clk_i  0.5  [get_ports {dm_exception_addr_i[29]}]
set_input_delay -clock clk_i  0.5  [get_ports {dm_exception_addr_i[28]}]
set_input_delay -clock clk_i  0.5  [get_ports {dm_exception_addr_i[27]}]
set_input_delay -clock clk_i  0.5  [get_ports {dm_exception_addr_i[26]}]
set_input_delay -clock clk_i  0.5  [get_ports {dm_exception_addr_i[25]}]
set_input_delay -clock clk_i  0.5  [get_ports {dm_exception_addr_i[24]}]
set_input_delay -clock clk_i  0.5  [get_ports {dm_exception_addr_i[23]}]
set_input_delay -clock clk_i  0.5  [get_ports {dm_exception_addr_i[22]}]
set_input_delay -clock clk_i  0.5  [get_ports {dm_exception_addr_i[21]}]
set_input_delay -clock clk_i  0.5  [get_ports {dm_exception_addr_i[20]}]
set_input_delay -clock clk_i  0.5  [get_ports {dm_exception_addr_i[19]}]
set_input_delay -clock clk_i  0.5  [get_ports {dm_exception_addr_i[18]}]
set_input_delay -clock clk_i  0.5  [get_ports {dm_exception_addr_i[17]}]
set_input_delay -clock clk_i  0.5  [get_ports {dm_exception_addr_i[16]}]
set_input_delay -clock clk_i  0.5  [get_ports {dm_exception_addr_i[15]}]
set_input_delay -clock clk_i  0.5  [get_ports {dm_exception_addr_i[14]}]
set_input_delay -clock clk_i  0.5  [get_ports {dm_exception_addr_i[13]}]
set_input_delay -clock clk_i  0.5  [get_ports {dm_exception_addr_i[12]}]
set_input_delay -clock clk_i  0.5  [get_ports {dm_exception_addr_i[11]}]
set_input_delay -clock clk_i  0.5  [get_ports {dm_exception_addr_i[10]}]
set_input_delay -clock clk_i  0.5  [get_ports {dm_exception_addr_i[9]}]
set_input_delay -clock clk_i  0.5  [get_ports {dm_exception_addr_i[8]}]
set_input_delay -clock clk_i  0.5  [get_ports {dm_exception_addr_i[7]}]
set_input_delay -clock clk_i  0.5  [get_ports {dm_exception_addr_i[6]}]
set_input_delay -clock clk_i  0.5  [get_ports {dm_exception_addr_i[5]}]
set_input_delay -clock clk_i  0.5  [get_ports {dm_exception_addr_i[4]}]
set_input_delay -clock clk_i  0.5  [get_ports {dm_exception_addr_i[3]}]
set_input_delay -clock clk_i  0.5  [get_ports {dm_exception_addr_i[2]}]
set_input_delay -clock clk_i  0.5  [get_ports {dm_exception_addr_i[1]}]
set_input_delay -clock clk_i  0.5  [get_ports {dm_exception_addr_i[0]}]
set_output_delay -clock clk_i  1.25  [get_ports irq_ack_o]
set_output_delay -clock clk_i  1.25  [get_ports {irq_id_o[4]}]
set_output_delay -clock clk_i  1.25  [get_ports {irq_id_o[3]}]
set_output_delay -clock clk_i  1.25  [get_ports {irq_id_o[2]}]
set_output_delay -clock clk_i  1.25  [get_ports {irq_id_o[1]}]
set_output_delay -clock clk_i  1.25  [get_ports {irq_id_o[0]}]
set_output_delay -clock clk_i  3  [get_ports instr_req_o]
set_output_delay -clock clk_i  3  [get_ports {instr_addr_o[31]}]
set_output_delay -clock clk_i  3  [get_ports {instr_addr_o[30]}]
set_output_delay -clock clk_i  3  [get_ports {instr_addr_o[29]}]
set_output_delay -clock clk_i  3  [get_ports {instr_addr_o[28]}]
set_output_delay -clock clk_i  3  [get_ports {instr_addr_o[27]}]
set_output_delay -clock clk_i  3  [get_ports {instr_addr_o[26]}]
set_output_delay -clock clk_i  3  [get_ports {instr_addr_o[25]}]
set_output_delay -clock clk_i  3  [get_ports {instr_addr_o[24]}]
set_output_delay -clock clk_i  3  [get_ports {instr_addr_o[23]}]
set_output_delay -clock clk_i  3  [get_ports {instr_addr_o[22]}]
set_output_delay -clock clk_i  3  [get_ports {instr_addr_o[21]}]
set_output_delay -clock clk_i  3  [get_ports {instr_addr_o[20]}]
set_output_delay -clock clk_i  3  [get_ports {instr_addr_o[19]}]
set_output_delay -clock clk_i  3  [get_ports {instr_addr_o[18]}]
set_output_delay -clock clk_i  3  [get_ports {instr_addr_o[17]}]
set_output_delay -clock clk_i  3  [get_ports {instr_addr_o[16]}]
set_output_delay -clock clk_i  3  [get_ports {instr_addr_o[15]}]
set_output_delay -clock clk_i  3  [get_ports {instr_addr_o[14]}]
set_output_delay -clock clk_i  3  [get_ports {instr_addr_o[13]}]
set_output_delay -clock clk_i  3  [get_ports {instr_addr_o[12]}]
set_output_delay -clock clk_i  3  [get_ports {instr_addr_o[11]}]
set_output_delay -clock clk_i  3  [get_ports {instr_addr_o[10]}]
set_output_delay -clock clk_i  3  [get_ports {instr_addr_o[9]}]
set_output_delay -clock clk_i  3  [get_ports {instr_addr_o[8]}]
set_output_delay -clock clk_i  3  [get_ports {instr_addr_o[7]}]
set_output_delay -clock clk_i  3  [get_ports {instr_addr_o[6]}]
set_output_delay -clock clk_i  3  [get_ports {instr_addr_o[5]}]
set_output_delay -clock clk_i  3  [get_ports {instr_addr_o[4]}]
set_output_delay -clock clk_i  3  [get_ports {instr_addr_o[3]}]
set_output_delay -clock clk_i  3  [get_ports {instr_addr_o[2]}]
set_output_delay -clock clk_i  3  [get_ports {instr_addr_o[1]}]
set_output_delay -clock clk_i  3  [get_ports {instr_addr_o[0]}]
set_output_delay -clock clk_i  3  [get_ports data_req_o]
set_output_delay -clock clk_i  3  [get_ports data_we_o]
set_output_delay -clock clk_i  3  [get_ports {data_be_o[3]}]
set_output_delay -clock clk_i  3  [get_ports {data_be_o[2]}]
set_output_delay -clock clk_i  3  [get_ports {data_be_o[1]}]
set_output_delay -clock clk_i  3  [get_ports {data_be_o[0]}]
set_output_delay -clock clk_i  3  [get_ports {data_addr_o[31]}]
set_output_delay -clock clk_i  3  [get_ports {data_addr_o[30]}]
set_output_delay -clock clk_i  3  [get_ports {data_addr_o[29]}]
set_output_delay -clock clk_i  3  [get_ports {data_addr_o[28]}]
set_output_delay -clock clk_i  3  [get_ports {data_addr_o[27]}]
set_output_delay -clock clk_i  3  [get_ports {data_addr_o[26]}]
set_output_delay -clock clk_i  3  [get_ports {data_addr_o[25]}]
set_output_delay -clock clk_i  3  [get_ports {data_addr_o[24]}]
set_output_delay -clock clk_i  3  [get_ports {data_addr_o[23]}]
set_output_delay -clock clk_i  3  [get_ports {data_addr_o[22]}]
set_output_delay -clock clk_i  3  [get_ports {data_addr_o[21]}]
set_output_delay -clock clk_i  3  [get_ports {data_addr_o[20]}]
set_output_delay -clock clk_i  3  [get_ports {data_addr_o[19]}]
set_output_delay -clock clk_i  3  [get_ports {data_addr_o[18]}]
set_output_delay -clock clk_i  3  [get_ports {data_addr_o[17]}]
set_output_delay -clock clk_i  3  [get_ports {data_addr_o[16]}]
set_output_delay -clock clk_i  3  [get_ports {data_addr_o[15]}]
set_output_delay -clock clk_i  3  [get_ports {data_addr_o[14]}]
set_output_delay -clock clk_i  3  [get_ports {data_addr_o[13]}]
set_output_delay -clock clk_i  3  [get_ports {data_addr_o[12]}]
set_output_delay -clock clk_i  3  [get_ports {data_addr_o[11]}]
set_output_delay -clock clk_i  3  [get_ports {data_addr_o[10]}]
set_output_delay -clock clk_i  3  [get_ports {data_addr_o[9]}]
set_output_delay -clock clk_i  3  [get_ports {data_addr_o[8]}]
set_output_delay -clock clk_i  3  [get_ports {data_addr_o[7]}]
set_output_delay -clock clk_i  3  [get_ports {data_addr_o[6]}]
set_output_delay -clock clk_i  3  [get_ports {data_addr_o[5]}]
set_output_delay -clock clk_i  3  [get_ports {data_addr_o[4]}]
set_output_delay -clock clk_i  3  [get_ports {data_addr_o[3]}]
set_output_delay -clock clk_i  3  [get_ports {data_addr_o[2]}]
set_output_delay -clock clk_i  3  [get_ports {data_addr_o[1]}]
set_output_delay -clock clk_i  3  [get_ports {data_addr_o[0]}]
set_output_delay -clock clk_i  3  [get_ports {data_wdata_o[31]}]
set_output_delay -clock clk_i  3  [get_ports {data_wdata_o[30]}]
set_output_delay -clock clk_i  3  [get_ports {data_wdata_o[29]}]
set_output_delay -clock clk_i  3  [get_ports {data_wdata_o[28]}]
set_output_delay -clock clk_i  3  [get_ports {data_wdata_o[27]}]
set_output_delay -clock clk_i  3  [get_ports {data_wdata_o[26]}]
set_output_delay -clock clk_i  3  [get_ports {data_wdata_o[25]}]
set_output_delay -clock clk_i  3  [get_ports {data_wdata_o[24]}]
set_output_delay -clock clk_i  3  [get_ports {data_wdata_o[23]}]
set_output_delay -clock clk_i  3  [get_ports {data_wdata_o[22]}]
set_output_delay -clock clk_i  3  [get_ports {data_wdata_o[21]}]
set_output_delay -clock clk_i  3  [get_ports {data_wdata_o[20]}]
set_output_delay -clock clk_i  3  [get_ports {data_wdata_o[19]}]
set_output_delay -clock clk_i  3  [get_ports {data_wdata_o[18]}]
set_output_delay -clock clk_i  3  [get_ports {data_wdata_o[17]}]
set_output_delay -clock clk_i  3  [get_ports {data_wdata_o[16]}]
set_output_delay -clock clk_i  3  [get_ports {data_wdata_o[15]}]
set_output_delay -clock clk_i  3  [get_ports {data_wdata_o[14]}]
set_output_delay -clock clk_i  3  [get_ports {data_wdata_o[13]}]
set_output_delay -clock clk_i  3  [get_ports {data_wdata_o[12]}]
set_output_delay -clock clk_i  3  [get_ports {data_wdata_o[11]}]
set_output_delay -clock clk_i  3  [get_ports {data_wdata_o[10]}]
set_output_delay -clock clk_i  3  [get_ports {data_wdata_o[9]}]
set_output_delay -clock clk_i  3  [get_ports {data_wdata_o[8]}]
set_output_delay -clock clk_i  3  [get_ports {data_wdata_o[7]}]
set_output_delay -clock clk_i  3  [get_ports {data_wdata_o[6]}]
set_output_delay -clock clk_i  3  [get_ports {data_wdata_o[5]}]
set_output_delay -clock clk_i  3  [get_ports {data_wdata_o[4]}]
set_output_delay -clock clk_i  3  [get_ports {data_wdata_o[3]}]
set_output_delay -clock clk_i  3  [get_ports {data_wdata_o[2]}]
set_output_delay -clock clk_i  3  [get_ports {data_wdata_o[1]}]
set_output_delay -clock clk_i  3  [get_ports {data_wdata_o[0]}]
set_output_delay -clock clk_i  3  [get_ports debug_havereset_o]
set_output_delay -clock clk_i  3  [get_ports debug_running_o]
set_output_delay -clock clk_i  3  [get_ports debug_halted_o]
set_output_delay -clock clk_i  1.25  [get_ports core_sleep_o]
Information: Loading SDC version 2.1 file '/home/ICer/ITI/PnR_Grad/Backend/Synthesis/sdc/cv32e40p_top.sdc' (FILE-007)
###################################################################
# Created by write_sdc on Tue Jul 1 12:04:20 2025
###################################################################
set sdc_version 2.1
set_units -time ns -resistance MOhm -capacitance fF -voltage V -current uA
set_max_fanout 25 [current_design]
set_driving_cell -lib_cell SAEDRVT14_BUF_4 -pin X [get_ports pulp_clock_en_i]
set_driving_cell -lib_cell SAEDRVT14_BUF_4 -pin X [get_ports scan_cg_en_i]
set_driving_cell -lib_cell SAEDRVT14_BUF_4 -pin X [get_ports {boot_addr_i[31]}]
set_driving_cell -lib_cell SAEDRVT14_BUF_4 -pin X [get_ports {boot_addr_i[30]}]
set_driving_cell -lib_cell SAEDRVT14_BUF_4 -pin X [get_ports {boot_addr_i[29]}]
set_driving_cell -lib_cell SAEDRVT14_BUF_4 -pin X [get_ports {boot_addr_i[28]}]
set_driving_cell -lib_cell SAEDRVT14_BUF_4 -pin X [get_ports {boot_addr_i[27]}]
set_driving_cell -lib_cell SAEDRVT14_BUF_4 -pin X [get_ports {boot_addr_i[26]}]
set_driving_cell -lib_cell SAEDRVT14_BUF_4 -pin X [get_ports {boot_addr_i[25]}]
set_driving_cell -lib_cell SAEDRVT14_BUF_4 -pin X [get_ports {boot_addr_i[24]}]
set_driving_cell -lib_cell SAEDRVT14_BUF_4 -pin X [get_ports {boot_addr_i[23]}]
set_driving_cell -lib_cell SAEDRVT14_BUF_4 -pin X [get_ports {boot_addr_i[22]}]
set_driving_cell -lib_cell SAEDRVT14_BUF_4 -pin X [get_ports {boot_addr_i[21]}]
set_driving_cell -lib_cell SAEDRVT14_BUF_4 -pin X [get_ports {boot_addr_i[20]}]
set_driving_cell -lib_cell SAEDRVT14_BUF_4 -pin X [get_ports {boot_addr_i[19]}]
set_driving_cell -lib_cell SAEDRVT14_BUF_4 -pin X [get_ports {boot_addr_i[18]}]
set_driving_cell -lib_cell SAEDRVT14_BUF_4 -pin X [get_ports {boot_addr_i[17]}]
set_driving_cell -lib_cell SAEDRVT14_BUF_4 -pin X [get_ports {boot_addr_i[16]}]
set_driving_cell -lib_cell SAEDRVT14_BUF_4 -pin X [get_ports {boot_addr_i[15]}]
set_driving_cell -lib_cell SAEDRVT14_BUF_4 -pin X [get_ports {boot_addr_i[14]}]
set_driving_cell -lib_cell SAEDRVT14_BUF_4 -pin X [get_ports {boot_addr_i[13]}]
set_driving_cell -lib_cell SAEDRVT14_BUF_4 -pin X [get_ports {boot_addr_i[12]}]
set_driving_cell -lib_cell SAEDRVT14_BUF_4 -pin X [get_ports {boot_addr_i[11]}]
set_driving_cell -lib_cell SAEDRVT14_BUF_4 -pin X [get_ports {boot_addr_i[10]}]
set_driving_cell -lib_cell SAEDRVT14_BUF_4 -pin X [get_ports {boot_addr_i[9]}]
set_driving_cell -lib_cell SAEDRVT14_BUF_4 -pin X [get_ports {boot_addr_i[8]}]
set_driving_cell -lib_cell SAEDRVT14_BUF_4 -pin X [get_ports {boot_addr_i[7]}]
set_driving_cell -lib_cell SAEDRVT14_BUF_4 -pin X [get_ports {boot_addr_i[6]}]
set_driving_cell -lib_cell SAEDRVT14_BUF_4 -pin X [get_ports {boot_addr_i[5]}]
set_driving_cell -lib_cell SAEDRVT14_BUF_4 -pin X [get_ports {boot_addr_i[4]}]
set_driving_cell -lib_cell SAEDRVT14_BUF_4 -pin X [get_ports {boot_addr_i[3]}]
set_driving_cell -lib_cell SAEDRVT14_BUF_4 -pin X [get_ports {boot_addr_i[2]}]
set_driving_cell -lib_cell SAEDRVT14_BUF_4 -pin X [get_ports {boot_addr_i[1]}]
set_driving_cell -lib_cell SAEDRVT14_BUF_4 -pin X [get_ports {boot_addr_i[0]}]
set_driving_cell -lib_cell SAEDRVT14_BUF_4 -pin X [get_ports {mtvec_addr_i[31]}]
set_driving_cell -lib_cell SAEDRVT14_BUF_4 -pin X [get_ports {mtvec_addr_i[30]}]
set_driving_cell -lib_cell SAEDRVT14_BUF_4 -pin X [get_ports {mtvec_addr_i[29]}]
set_driving_cell -lib_cell SAEDRVT14_BUF_4 -pin X [get_ports {mtvec_addr_i[28]}]
set_driving_cell -lib_cell SAEDRVT14_BUF_4 -pin X [get_ports {mtvec_addr_i[27]}]
set_driving_cell -lib_cell SAEDRVT14_BUF_4 -pin X [get_ports {mtvec_addr_i[26]}]
set_driving_cell -lib_cell SAEDRVT14_BUF_4 -pin X [get_ports {mtvec_addr_i[25]}]
set_driving_cell -lib_cell SAEDRVT14_BUF_4 -pin X [get_ports {mtvec_addr_i[24]}]
set_driving_cell -lib_cell SAEDRVT14_BUF_4 -pin X [get_ports {mtvec_addr_i[23]}]
set_driving_cell -lib_cell SAEDRVT14_BUF_4 -pin X [get_ports {mtvec_addr_i[22]}]
set_driving_cell -lib_cell SAEDRVT14_BUF_4 -pin X [get_ports {mtvec_addr_i[21]}]
set_driving_cell -lib_cell SAEDRVT14_BUF_4 -pin X [get_ports {mtvec_addr_i[20]}]
set_driving_cell -lib_cell SAEDRVT14_BUF_4 -pin X [get_ports {mtvec_addr_i[19]}]
set_driving_cell -lib_cell SAEDRVT14_BUF_4 -pin X [get_ports {mtvec_addr_i[18]}]
set_driving_cell -lib_cell SAEDRVT14_BUF_4 -pin X [get_ports {mtvec_addr_i[17]}]
set_driving_cell -lib_cell SAEDRVT14_BUF_4 -pin X [get_ports {mtvec_addr_i[16]}]
set_driving_cell -lib_cell SAEDRVT14_BUF_4 -pin X [get_ports {mtvec_addr_i[15]}]
set_driving_cell -lib_cell SAEDRVT14_BUF_4 -pin X [get_ports {mtvec_addr_i[14]}]
set_driving_cell -lib_cell SAEDRVT14_BUF_4 -pin X [get_ports {mtvec_addr_i[13]}]
set_driving_cell -lib_cell SAEDRVT14_BUF_4 -pin X [get_ports {mtvec_addr_i[12]}]
set_driving_cell -lib_cell SAEDRVT14_BUF_4 -pin X [get_ports {mtvec_addr_i[11]}]
set_driving_cell -lib_cell SAEDRVT14_BUF_4 -pin X [get_ports {mtvec_addr_i[10]}]
set_driving_cell -lib_cell SAEDRVT14_BUF_4 -pin X [get_ports {mtvec_addr_i[9]}]
set_driving_cell -lib_cell SAEDRVT14_BUF_4 -pin X [get_ports {mtvec_addr_i[8]}]
set_driving_cell -lib_cell SAEDRVT14_BUF_4 -pin X [get_ports {mtvec_addr_i[7]}]
set_driving_cell -lib_cell SAEDRVT14_BUF_4 -pin X [get_ports {mtvec_addr_i[6]}]
set_driving_cell -lib_cell SAEDRVT14_BUF_4 -pin X [get_ports {mtvec_addr_i[5]}]
set_driving_cell -lib_cell SAEDRVT14_BUF_4 -pin X [get_ports {mtvec_addr_i[4]}]
set_driving_cell -lib_cell SAEDRVT14_BUF_4 -pin X [get_ports {mtvec_addr_i[3]}]
set_driving_cell -lib_cell SAEDRVT14_BUF_4 -pin X [get_ports {mtvec_addr_i[2]}]
set_driving_cell -lib_cell SAEDRVT14_BUF_4 -pin X [get_ports {mtvec_addr_i[1]}]
set_driving_cell -lib_cell SAEDRVT14_BUF_4 -pin X [get_ports {mtvec_addr_i[0]}]
set_driving_cell -lib_cell SAEDRVT14_BUF_4 -pin X [get_ports {dm_halt_addr_i[31]}]
set_driving_cell -lib_cell SAEDRVT14_BUF_4 -pin X [get_ports {dm_halt_addr_i[30]}]
set_driving_cell -lib_cell SAEDRVT14_BUF_4 -pin X [get_ports {dm_halt_addr_i[29]}]
set_driving_cell -lib_cell SAEDRVT14_BUF_4 -pin X [get_ports {dm_halt_addr_i[28]}]
set_driving_cell -lib_cell SAEDRVT14_BUF_4 -pin X [get_ports {dm_halt_addr_i[27]}]
set_driving_cell -lib_cell SAEDRVT14_BUF_4 -pin X [get_ports {dm_halt_addr_i[26]}]
set_driving_cell -lib_cell SAEDRVT14_BUF_4 -pin X [get_ports {dm_halt_addr_i[25]}]
set_driving_cell -lib_cell SAEDRVT14_BUF_4 -pin X [get_ports {dm_halt_addr_i[24]}]
set_driving_cell -lib_cell SAEDRVT14_BUF_4 -pin X [get_ports {dm_halt_addr_i[23]}]
set_driving_cell -lib_cell SAEDRVT14_BUF_4 -pin X [get_ports {dm_halt_addr_i[22]}]
set_driving_cell -lib_cell SAEDRVT14_BUF_4 -pin X [get_ports {dm_halt_addr_i[21]}]
set_driving_cell -lib_cell SAEDRVT14_BUF_4 -pin X [get_ports {dm_halt_addr_i[20]}]
set_driving_cell -lib_cell SAEDRVT14_BUF_4 -pin X [get_ports {dm_halt_addr_i[19]}]
set_driving_cell -lib_cell SAEDRVT14_BUF_4 -pin X [get_ports {dm_halt_addr_i[18]}]
set_driving_cell -lib_cell SAEDRVT14_BUF_4 -pin X [get_ports {dm_halt_addr_i[17]}]
set_driving_cell -lib_cell SAEDRVT14_BUF_4 -pin X [get_ports {dm_halt_addr_i[16]}]
set_driving_cell -lib_cell SAEDRVT14_BUF_4 -pin X [get_ports {dm_halt_addr_i[15]}]
set_driving_cell -lib_cell SAEDRVT14_BUF_4 -pin X [get_ports {dm_halt_addr_i[14]}]
set_driving_cell -lib_cell SAEDRVT14_BUF_4 -pin X [get_ports {dm_halt_addr_i[13]}]
set_driving_cell -lib_cell SAEDRVT14_BUF_4 -pin X [get_ports {dm_halt_addr_i[12]}]
set_driving_cell -lib_cell SAEDRVT14_BUF_4 -pin X [get_ports {dm_halt_addr_i[11]}]
set_driving_cell -lib_cell SAEDRVT14_BUF_4 -pin X [get_ports {dm_halt_addr_i[10]}]
set_driving_cell -lib_cell SAEDRVT14_BUF_4 -pin X [get_ports {dm_halt_addr_i[9]}]
set_driving_cell -lib_cell SAEDRVT14_BUF_4 -pin X [get_ports {dm_halt_addr_i[8]}]
set_driving_cell -lib_cell SAEDRVT14_BUF_4 -pin X [get_ports {dm_halt_addr_i[7]}]
set_driving_cell -lib_cell SAEDRVT14_BUF_4 -pin X [get_ports {dm_halt_addr_i[6]}]
set_driving_cell -lib_cell SAEDRVT14_BUF_4 -pin X [get_ports {dm_halt_addr_i[5]}]
set_driving_cell -lib_cell SAEDRVT14_BUF_4 -pin X [get_ports {dm_halt_addr_i[4]}]
set_driving_cell -lib_cell SAEDRVT14_BUF_4 -pin X [get_ports {dm_halt_addr_i[3]}]
set_driving_cell -lib_cell SAEDRVT14_BUF_4 -pin X [get_ports {dm_halt_addr_i[2]}]
set_driving_cell -lib_cell SAEDRVT14_BUF_4 -pin X [get_ports {dm_halt_addr_i[1]}]
set_driving_cell -lib_cell SAEDRVT14_BUF_4 -pin X [get_ports {dm_halt_addr_i[0]}]
set_driving_cell -lib_cell SAEDRVT14_BUF_4 -pin X [get_ports {hart_id_i[31]}]
set_driving_cell -lib_cell SAEDRVT14_BUF_4 -pin X [get_ports {hart_id_i[30]}]
set_driving_cell -lib_cell SAEDRVT14_BUF_4 -pin X [get_ports {hart_id_i[29]}]
set_driving_cell -lib_cell SAEDRVT14_BUF_4 -pin X [get_ports {hart_id_i[28]}]
set_driving_cell -lib_cell SAEDRVT14_BUF_4 -pin X [get_ports {hart_id_i[27]}]
set_driving_cell -lib_cell SAEDRVT14_BUF_4 -pin X [get_ports {hart_id_i[26]}]
set_driving_cell -lib_cell SAEDRVT14_BUF_4 -pin X [get_ports {hart_id_i[25]}]
set_driving_cell -lib_cell SAEDRVT14_BUF_4 -pin X [get_ports {hart_id_i[24]}]
set_driving_cell -lib_cell SAEDRVT14_BUF_4 -pin X [get_ports {hart_id_i[23]}]
set_driving_cell -lib_cell SAEDRVT14_BUF_4 -pin X [get_ports {hart_id_i[22]}]
set_driving_cell -lib_cell SAEDRVT14_BUF_4 -pin X [get_ports {hart_id_i[21]}]
set_driving_cell -lib_cell SAEDRVT14_BUF_4 -pin X [get_ports {hart_id_i[20]}]
set_driving_cell -lib_cell SAEDRVT14_BUF_4 -pin X [get_ports {hart_id_i[19]}]
set_driving_cell -lib_cell SAEDRVT14_BUF_4 -pin X [get_ports {hart_id_i[18]}]
set_driving_cell -lib_cell SAEDRVT14_BUF_4 -pin X [get_ports {hart_id_i[17]}]
set_driving_cell -lib_cell SAEDRVT14_BUF_4 -pin X [get_ports {hart_id_i[16]}]
set_driving_cell -lib_cell SAEDRVT14_BUF_4 -pin X [get_ports {hart_id_i[15]}]
set_driving_cell -lib_cell SAEDRVT14_BUF_4 -pin X [get_ports {hart_id_i[14]}]
set_driving_cell -lib_cell SAEDRVT14_BUF_4 -pin X [get_ports {hart_id_i[13]}]
set_driving_cell -lib_cell SAEDRVT14_BUF_4 -pin X [get_ports {hart_id_i[12]}]
set_driving_cell -lib_cell SAEDRVT14_BUF_4 -pin X [get_ports {hart_id_i[11]}]
set_driving_cell -lib_cell SAEDRVT14_BUF_4 -pin X [get_ports {hart_id_i[10]}]
set_driving_cell -lib_cell SAEDRVT14_BUF_4 -pin X [get_ports {hart_id_i[9]}]
set_driving_cell -lib_cell SAEDRVT14_BUF_4 -pin X [get_ports {hart_id_i[8]}]
set_driving_cell -lib_cell SAEDRVT14_BUF_4 -pin X [get_ports {hart_id_i[7]}]
set_driving_cell -lib_cell SAEDRVT14_BUF_4 -pin X [get_ports {hart_id_i[6]}]
set_driving_cell -lib_cell SAEDRVT14_BUF_4 -pin X [get_ports {hart_id_i[5]}]
set_driving_cell -lib_cell SAEDRVT14_BUF_4 -pin X [get_ports {hart_id_i[4]}]
set_driving_cell -lib_cell SAEDRVT14_BUF_4 -pin X [get_ports {hart_id_i[3]}]
set_driving_cell -lib_cell SAEDRVT14_BUF_4 -pin X [get_ports {hart_id_i[2]}]
set_driving_cell -lib_cell SAEDRVT14_BUF_4 -pin X [get_ports {hart_id_i[1]}]
set_driving_cell -lib_cell SAEDRVT14_BUF_4 -pin X [get_ports {hart_id_i[0]}]
set_driving_cell -lib_cell SAEDRVT14_BUF_4 -pin X [get_ports {dm_exception_addr_i[31]}]
set_driving_cell -lib_cell SAEDRVT14_BUF_4 -pin X [get_ports {dm_exception_addr_i[30]}]
set_driving_cell -lib_cell SAEDRVT14_BUF_4 -pin X [get_ports {dm_exception_addr_i[29]}]
set_driving_cell -lib_cell SAEDRVT14_BUF_4 -pin X [get_ports {dm_exception_addr_i[28]}]
set_driving_cell -lib_cell SAEDRVT14_BUF_4 -pin X [get_ports {dm_exception_addr_i[27]}]
set_driving_cell -lib_cell SAEDRVT14_BUF_4 -pin X [get_ports {dm_exception_addr_i[26]}]
set_driving_cell -lib_cell SAEDRVT14_BUF_4 -pin X [get_ports {dm_exception_addr_i[25]}]
set_driving_cell -lib_cell SAEDRVT14_BUF_4 -pin X [get_ports {dm_exception_addr_i[24]}]
set_driving_cell -lib_cell SAEDRVT14_BUF_4 -pin X [get_ports {dm_exception_addr_i[23]}]
set_driving_cell -lib_cell SAEDRVT14_BUF_4 -pin X [get_ports {dm_exception_addr_i[22]}]
set_driving_cell -lib_cell SAEDRVT14_BUF_4 -pin X [get_ports {dm_exception_addr_i[21]}]
set_driving_cell -lib_cell SAEDRVT14_BUF_4 -pin X [get_ports {dm_exception_addr_i[20]}]
set_driving_cell -lib_cell SAEDRVT14_BUF_4 -pin X [get_ports {dm_exception_addr_i[19]}]
set_driving_cell -lib_cell SAEDRVT14_BUF_4 -pin X [get_ports {dm_exception_addr_i[18]}]
set_driving_cell -lib_cell SAEDRVT14_BUF_4 -pin X [get_ports {dm_exception_addr_i[17]}]
set_driving_cell -lib_cell SAEDRVT14_BUF_4 -pin X [get_ports {dm_exception_addr_i[16]}]
set_driving_cell -lib_cell SAEDRVT14_BUF_4 -pin X [get_ports {dm_exception_addr_i[15]}]
set_driving_cell -lib_cell SAEDRVT14_BUF_4 -pin X [get_ports {dm_exception_addr_i[14]}]
set_driving_cell -lib_cell SAEDRVT14_BUF_4 -pin X [get_ports {dm_exception_addr_i[13]}]
set_driving_cell -lib_cell SAEDRVT14_BUF_4 -pin X [get_ports {dm_exception_addr_i[12]}]
set_driving_cell -lib_cell SAEDRVT14_BUF_4 -pin X [get_ports {dm_exception_addr_i[11]}]
set_driving_cell -lib_cell SAEDRVT14_BUF_4 -pin X [get_ports {dm_exception_addr_i[10]}]
set_driving_cell -lib_cell SAEDRVT14_BUF_4 -pin X [get_ports {dm_exception_addr_i[9]}]
set_driving_cell -lib_cell SAEDRVT14_BUF_4 -pin X [get_ports {dm_exception_addr_i[8]}]
set_driving_cell -lib_cell SAEDRVT14_BUF_4 -pin X [get_ports {dm_exception_addr_i[7]}]
set_driving_cell -lib_cell SAEDRVT14_BUF_4 -pin X [get_ports {dm_exception_addr_i[6]}]
set_driving_cell -lib_cell SAEDRVT14_BUF_4 -pin X [get_ports {dm_exception_addr_i[5]}]
set_driving_cell -lib_cell SAEDRVT14_BUF_4 -pin X [get_ports {dm_exception_addr_i[4]}]
set_driving_cell -lib_cell SAEDRVT14_BUF_4 -pin X [get_ports {dm_exception_addr_i[3]}]
set_driving_cell -lib_cell SAEDRVT14_BUF_4 -pin X [get_ports {dm_exception_addr_i[2]}]
set_driving_cell -lib_cell SAEDRVT14_BUF_4 -pin X [get_ports {dm_exception_addr_i[1]}]
set_driving_cell -lib_cell SAEDRVT14_BUF_4 -pin X [get_ports {dm_exception_addr_i[0]}]
set_driving_cell -lib_cell SAEDRVT14_BUF_4 -pin X [get_ports instr_gnt_i]
set_driving_cell -lib_cell SAEDRVT14_BUF_4 -pin X [get_ports instr_rvalid_i]
set_driving_cell -lib_cell SAEDRVT14_BUF_4 -pin X [get_ports {instr_rdata_i[31]}]
set_driving_cell -lib_cell SAEDRVT14_BUF_4 -pin X [get_ports {instr_rdata_i[30]}]
set_driving_cell -lib_cell SAEDRVT14_BUF_4 -pin X [get_ports {instr_rdata_i[29]}]
set_driving_cell -lib_cell SAEDRVT14_BUF_4 -pin X [get_ports {instr_rdata_i[28]}]
set_driving_cell -lib_cell SAEDRVT14_BUF_4 -pin X [get_ports {instr_rdata_i[27]}]
set_driving_cell -lib_cell SAEDRVT14_BUF_4 -pin X [get_ports {instr_rdata_i[26]}]
set_driving_cell -lib_cell SAEDRVT14_BUF_4 -pin X [get_ports {instr_rdata_i[25]}]
set_driving_cell -lib_cell SAEDRVT14_BUF_4 -pin X [get_ports {instr_rdata_i[24]}]
set_driving_cell -lib_cell SAEDRVT14_BUF_4 -pin X [get_ports {instr_rdata_i[23]}]
set_driving_cell -lib_cell SAEDRVT14_BUF_4 -pin X [get_ports {instr_rdata_i[22]}]
set_driving_cell -lib_cell SAEDRVT14_BUF_4 -pin X [get_ports {instr_rdata_i[21]}]
set_driving_cell -lib_cell SAEDRVT14_BUF_4 -pin X [get_ports {instr_rdata_i[20]}]
set_driving_cell -lib_cell SAEDRVT14_BUF_4 -pin X [get_ports {instr_rdata_i[19]}]
set_driving_cell -lib_cell SAEDRVT14_BUF_4 -pin X [get_ports {instr_rdata_i[18]}]
set_driving_cell -lib_cell SAEDRVT14_BUF_4 -pin X [get_ports {instr_rdata_i[17]}]
set_driving_cell -lib_cell SAEDRVT14_BUF_4 -pin X [get_ports {instr_rdata_i[16]}]
set_driving_cell -lib_cell SAEDRVT14_BUF_4 -pin X [get_ports {instr_rdata_i[15]}]
set_driving_cell -lib_cell SAEDRVT14_BUF_4 -pin X [get_ports {instr_rdata_i[14]}]
set_driving_cell -lib_cell SAEDRVT14_BUF_4 -pin X [get_ports {instr_rdata_i[13]}]
set_driving_cell -lib_cell SAEDRVT14_BUF_4 -pin X [get_ports {instr_rdata_i[12]}]
set_driving_cell -lib_cell SAEDRVT14_BUF_4 -pin X [get_ports {instr_rdata_i[11]}]
set_driving_cell -lib_cell SAEDRVT14_BUF_4 -pin X [get_ports {instr_rdata_i[10]}]
set_driving_cell -lib_cell SAEDRVT14_BUF_4 -pin X [get_ports {instr_rdata_i[9]}]
set_driving_cell -lib_cell SAEDRVT14_BUF_4 -pin X [get_ports {instr_rdata_i[8]}]
set_driving_cell -lib_cell SAEDRVT14_BUF_4 -pin X [get_ports {instr_rdata_i[7]}]
set_driving_cell -lib_cell SAEDRVT14_BUF_4 -pin X [get_ports {instr_rdata_i[6]}]
set_driving_cell -lib_cell SAEDRVT14_BUF_4 -pin X [get_ports {instr_rdata_i[5]}]
set_driving_cell -lib_cell SAEDRVT14_BUF_4 -pin X [get_ports {instr_rdata_i[4]}]
set_driving_cell -lib_cell SAEDRVT14_BUF_4 -pin X [get_ports {instr_rdata_i[3]}]
set_driving_cell -lib_cell SAEDRVT14_BUF_4 -pin X [get_ports {instr_rdata_i[2]}]
set_driving_cell -lib_cell SAEDRVT14_BUF_4 -pin X [get_ports {instr_rdata_i[1]}]
set_driving_cell -lib_cell SAEDRVT14_BUF_4 -pin X [get_ports {instr_rdata_i[0]}]
set_driving_cell -lib_cell SAEDRVT14_BUF_4 -pin X [get_ports data_gnt_i]
set_driving_cell -lib_cell SAEDRVT14_BUF_4 -pin X [get_ports data_rvalid_i]
set_driving_cell -lib_cell SAEDRVT14_BUF_4 -pin X [get_ports {data_rdata_i[31]}]
set_driving_cell -lib_cell SAEDRVT14_BUF_4 -pin X [get_ports {data_rdata_i[30]}]
set_driving_cell -lib_cell SAEDRVT14_BUF_4 -pin X [get_ports {data_rdata_i[29]}]
set_driving_cell -lib_cell SAEDRVT14_BUF_4 -pin X [get_ports {data_rdata_i[28]}]
set_driving_cell -lib_cell SAEDRVT14_BUF_4 -pin X [get_ports {data_rdata_i[27]}]
set_driving_cell -lib_cell SAEDRVT14_BUF_4 -pin X [get_ports {data_rdata_i[26]}]
set_driving_cell -lib_cell SAEDRVT14_BUF_4 -pin X [get_ports {data_rdata_i[25]}]
set_driving_cell -lib_cell SAEDRVT14_BUF_4 -pin X [get_ports {data_rdata_i[24]}]
set_driving_cell -lib_cell SAEDRVT14_BUF_4 -pin X [get_ports {data_rdata_i[23]}]
set_driving_cell -lib_cell SAEDRVT14_BUF_4 -pin X [get_ports {data_rdata_i[22]}]
set_driving_cell -lib_cell SAEDRVT14_BUF_4 -pin X [get_ports {data_rdata_i[21]}]
set_driving_cell -lib_cell SAEDRVT14_BUF_4 -pin X [get_ports {data_rdata_i[20]}]
set_driving_cell -lib_cell SAEDRVT14_BUF_4 -pin X [get_ports {data_rdata_i[19]}]
set_driving_cell -lib_cell SAEDRVT14_BUF_4 -pin X [get_ports {data_rdata_i[18]}]
set_driving_cell -lib_cell SAEDRVT14_BUF_4 -pin X [get_ports {data_rdata_i[17]}]
set_driving_cell -lib_cell SAEDRVT14_BUF_4 -pin X [get_ports {data_rdata_i[16]}]
set_driving_cell -lib_cell SAEDRVT14_BUF_4 -pin X [get_ports {data_rdata_i[15]}]
set_driving_cell -lib_cell SAEDRVT14_BUF_4 -pin X [get_ports {data_rdata_i[14]}]
set_driving_cell -lib_cell SAEDRVT14_BUF_4 -pin X [get_ports {data_rdata_i[13]}]
set_driving_cell -lib_cell SAEDRVT14_BUF_4 -pin X [get_ports {data_rdata_i[12]}]
set_driving_cell -lib_cell SAEDRVT14_BUF_4 -pin X [get_ports {data_rdata_i[11]}]
set_driving_cell -lib_cell SAEDRVT14_BUF_4 -pin X [get_ports {data_rdata_i[10]}]
set_driving_cell -lib_cell SAEDRVT14_BUF_4 -pin X [get_ports {data_rdata_i[9]}]
set_driving_cell -lib_cell SAEDRVT14_BUF_4 -pin X [get_ports {data_rdata_i[8]}]
set_driving_cell -lib_cell SAEDRVT14_BUF_4 -pin X [get_ports {data_rdata_i[7]}]
set_driving_cell -lib_cell SAEDRVT14_BUF_4 -pin X [get_ports {data_rdata_i[6]}]
set_driving_cell -lib_cell SAEDRVT14_BUF_4 -pin X [get_ports {data_rdata_i[5]}]
set_driving_cell -lib_cell SAEDRVT14_BUF_4 -pin X [get_ports {data_rdata_i[4]}]
set_driving_cell -lib_cell SAEDRVT14_BUF_4 -pin X [get_ports {data_rdata_i[3]}]
set_driving_cell -lib_cell SAEDRVT14_BUF_4 -pin X [get_ports {data_rdata_i[2]}]
set_driving_cell -lib_cell SAEDRVT14_BUF_4 -pin X [get_ports {data_rdata_i[1]}]
set_driving_cell -lib_cell SAEDRVT14_BUF_4 -pin X [get_ports {data_rdata_i[0]}]
set_driving_cell -lib_cell SAEDRVT14_BUF_4 -pin X [get_ports {irq_i[31]}]
set_driving_cell -lib_cell SAEDRVT14_BUF_4 -pin X [get_ports {irq_i[30]}]
set_driving_cell -lib_cell SAEDRVT14_BUF_4 -pin X [get_ports {irq_i[29]}]
set_driving_cell -lib_cell SAEDRVT14_BUF_4 -pin X [get_ports {irq_i[28]}]
set_driving_cell -lib_cell SAEDRVT14_BUF_4 -pin X [get_ports {irq_i[27]}]
set_driving_cell -lib_cell SAEDRVT14_BUF_4 -pin X [get_ports {irq_i[26]}]
set_driving_cell -lib_cell SAEDRVT14_BUF_4 -pin X [get_ports {irq_i[25]}]
set_driving_cell -lib_cell SAEDRVT14_BUF_4 -pin X [get_ports {irq_i[24]}]
set_driving_cell -lib_cell SAEDRVT14_BUF_4 -pin X [get_ports {irq_i[23]}]
set_driving_cell -lib_cell SAEDRVT14_BUF_4 -pin X [get_ports {irq_i[22]}]
set_driving_cell -lib_cell SAEDRVT14_BUF_4 -pin X [get_ports {irq_i[21]}]
set_driving_cell -lib_cell SAEDRVT14_BUF_4 -pin X [get_ports {irq_i[20]}]
set_driving_cell -lib_cell SAEDRVT14_BUF_4 -pin X [get_ports {irq_i[19]}]
set_driving_cell -lib_cell SAEDRVT14_BUF_4 -pin X [get_ports {irq_i[18]}]
set_driving_cell -lib_cell SAEDRVT14_BUF_4 -pin X [get_ports {irq_i[17]}]
set_driving_cell -lib_cell SAEDRVT14_BUF_4 -pin X [get_ports {irq_i[16]}]
set_driving_cell -lib_cell SAEDRVT14_BUF_4 -pin X [get_ports {irq_i[15]}]
set_driving_cell -lib_cell SAEDRVT14_BUF_4 -pin X [get_ports {irq_i[14]}]
set_driving_cell -lib_cell SAEDRVT14_BUF_4 -pin X [get_ports {irq_i[13]}]
set_driving_cell -lib_cell SAEDRVT14_BUF_4 -pin X [get_ports {irq_i[12]}]
set_driving_cell -lib_cell SAEDRVT14_BUF_4 -pin X [get_ports {irq_i[11]}]
set_driving_cell -lib_cell SAEDRVT14_BUF_4 -pin X [get_ports {irq_i[10]}]
set_driving_cell -lib_cell SAEDRVT14_BUF_4 -pin X [get_ports {irq_i[9]}]
set_driving_cell -lib_cell SAEDRVT14_BUF_4 -pin X [get_ports {irq_i[8]}]
set_driving_cell -lib_cell SAEDRVT14_BUF_4 -pin X [get_ports {irq_i[7]}]
set_driving_cell -lib_cell SAEDRVT14_BUF_4 -pin X [get_ports {irq_i[6]}]
set_driving_cell -lib_cell SAEDRVT14_BUF_4 -pin X [get_ports {irq_i[5]}]
set_driving_cell -lib_cell SAEDRVT14_BUF_4 -pin X [get_ports {irq_i[4]}]
set_driving_cell -lib_cell SAEDRVT14_BUF_4 -pin X [get_ports {irq_i[3]}]
set_driving_cell -lib_cell SAEDRVT14_BUF_4 -pin X [get_ports {irq_i[2]}]
set_driving_cell -lib_cell SAEDRVT14_BUF_4 -pin X [get_ports {irq_i[1]}]
set_driving_cell -lib_cell SAEDRVT14_BUF_4 -pin X [get_ports {irq_i[0]}]
set_driving_cell -lib_cell SAEDRVT14_BUF_4 -pin X [get_ports debug_req_i]
set_driving_cell -lib_cell SAEDRVT14_BUF_4 -pin X [get_ports fetch_enable_i]
set_load -pin_load 0.5 [get_ports instr_req_o]
set_load -pin_load 0.5 [get_ports {instr_addr_o[31]}]
set_load -pin_load 0.5 [get_ports {instr_addr_o[30]}]
set_load -pin_load 0.5 [get_ports {instr_addr_o[29]}]
set_load -pin_load 0.5 [get_ports {instr_addr_o[28]}]
set_load -pin_load 0.5 [get_ports {instr_addr_o[27]}]
set_load -pin_load 0.5 [get_ports {instr_addr_o[26]}]
set_load -pin_load 0.5 [get_ports {instr_addr_o[25]}]
set_load -pin_load 0.5 [get_ports {instr_addr_o[24]}]
set_load -pin_load 0.5 [get_ports {instr_addr_o[23]}]
set_load -pin_load 0.5 [get_ports {instr_addr_o[22]}]
set_load -pin_load 0.5 [get_ports {instr_addr_o[21]}]
set_load -pin_load 0.5 [get_ports {instr_addr_o[20]}]
set_load -pin_load 0.5 [get_ports {instr_addr_o[19]}]
set_load -pin_load 0.5 [get_ports {instr_addr_o[18]}]
set_load -pin_load 0.5 [get_ports {instr_addr_o[17]}]
set_load -pin_load 0.5 [get_ports {instr_addr_o[16]}]
set_load -pin_load 0.5 [get_ports {instr_addr_o[15]}]
set_load -pin_load 0.5 [get_ports {instr_addr_o[14]}]
set_load -pin_load 0.5 [get_ports {instr_addr_o[13]}]
set_load -pin_load 0.5 [get_ports {instr_addr_o[12]}]
set_load -pin_load 0.5 [get_ports {instr_addr_o[11]}]
set_load -pin_load 0.5 [get_ports {instr_addr_o[10]}]
set_load -pin_load 0.5 [get_ports {instr_addr_o[9]}]
set_load -pin_load 0.5 [get_ports {instr_addr_o[8]}]
set_load -pin_load 0.5 [get_ports {instr_addr_o[7]}]
set_load -pin_load 0.5 [get_ports {instr_addr_o[6]}]
set_load -pin_load 0.5 [get_ports {instr_addr_o[5]}]
set_load -pin_load 0.5 [get_ports {instr_addr_o[4]}]
set_load -pin_load 0.5 [get_ports {instr_addr_o[3]}]
set_load -pin_load 0.5 [get_ports {instr_addr_o[2]}]
set_load -pin_load 0.5 [get_ports {instr_addr_o[1]}]
set_load -pin_load 0.5 [get_ports {instr_addr_o[0]}]
set_load -pin_load 0.5 [get_ports data_req_o]
set_load -pin_load 0.5 [get_ports data_we_o]
set_load -pin_load 0.5 [get_ports {data_be_o[3]}]
set_load -pin_load 0.5 [get_ports {data_be_o[2]}]
set_load -pin_load 0.5 [get_ports {data_be_o[1]}]
set_load -pin_load 0.5 [get_ports {data_be_o[0]}]
set_load -pin_load 0.5 [get_ports {data_addr_o[31]}]
set_load -pin_load 0.5 [get_ports {data_addr_o[30]}]
set_load -pin_load 0.5 [get_ports {data_addr_o[29]}]
set_load -pin_load 0.5 [get_ports {data_addr_o[28]}]
set_load -pin_load 0.5 [get_ports {data_addr_o[27]}]
set_load -pin_load 0.5 [get_ports {data_addr_o[26]}]
set_load -pin_load 0.5 [get_ports {data_addr_o[25]}]
set_load -pin_load 0.5 [get_ports {data_addr_o[24]}]
set_load -pin_load 0.5 [get_ports {data_addr_o[23]}]
set_load -pin_load 0.5 [get_ports {data_addr_o[22]}]
set_load -pin_load 0.5 [get_ports {data_addr_o[21]}]
set_load -pin_load 0.5 [get_ports {data_addr_o[20]}]
set_load -pin_load 0.5 [get_ports {data_addr_o[19]}]
set_load -pin_load 0.5 [get_ports {data_addr_o[18]}]
set_load -pin_load 0.5 [get_ports {data_addr_o[17]}]
set_load -pin_load 0.5 [get_ports {data_addr_o[16]}]
set_load -pin_load 0.5 [get_ports {data_addr_o[15]}]
set_load -pin_load 0.5 [get_ports {data_addr_o[14]}]
set_load -pin_load 0.5 [get_ports {data_addr_o[13]}]
set_load -pin_load 0.5 [get_ports {data_addr_o[12]}]
set_load -pin_load 0.5 [get_ports {data_addr_o[11]}]
set_load -pin_load 0.5 [get_ports {data_addr_o[10]}]
set_load -pin_load 0.5 [get_ports {data_addr_o[9]}]
set_load -pin_load 0.5 [get_ports {data_addr_o[8]}]
set_load -pin_load 0.5 [get_ports {data_addr_o[7]}]
set_load -pin_load 0.5 [get_ports {data_addr_o[6]}]
set_load -pin_load 0.5 [get_ports {data_addr_o[5]}]
set_load -pin_load 0.5 [get_ports {data_addr_o[4]}]
set_load -pin_load 0.5 [get_ports {data_addr_o[3]}]
set_load -pin_load 0.5 [get_ports {data_addr_o[2]}]
set_load -pin_load 0.5 [get_ports {data_addr_o[1]}]
set_load -pin_load 0.5 [get_ports {data_addr_o[0]}]
set_load -pin_load 0.5 [get_ports {data_wdata_o[31]}]
set_load -pin_load 0.5 [get_ports {data_wdata_o[30]}]
set_load -pin_load 0.5 [get_ports {data_wdata_o[29]}]
set_load -pin_load 0.5 [get_ports {data_wdata_o[28]}]
set_load -pin_load 0.5 [get_ports {data_wdata_o[27]}]
set_load -pin_load 0.5 [get_ports {data_wdata_o[26]}]
set_load -pin_load 0.5 [get_ports {data_wdata_o[25]}]
set_load -pin_load 0.5 [get_ports {data_wdata_o[24]}]
set_load -pin_load 0.5 [get_ports {data_wdata_o[23]}]
set_load -pin_load 0.5 [get_ports {data_wdata_o[22]}]
set_load -pin_load 0.5 [get_ports {data_wdata_o[21]}]
set_load -pin_load 0.5 [get_ports {data_wdata_o[20]}]
set_load -pin_load 0.5 [get_ports {data_wdata_o[19]}]
set_load -pin_load 0.5 [get_ports {data_wdata_o[18]}]
set_load -pin_load 0.5 [get_ports {data_wdata_o[17]}]
set_load -pin_load 0.5 [get_ports {data_wdata_o[16]}]
set_load -pin_load 0.5 [get_ports {data_wdata_o[15]}]
set_load -pin_load 0.5 [get_ports {data_wdata_o[14]}]
set_load -pin_load 0.5 [get_ports {data_wdata_o[13]}]
set_load -pin_load 0.5 [get_ports {data_wdata_o[12]}]
set_load -pin_load 0.5 [get_ports {data_wdata_o[11]}]
set_load -pin_load 0.5 [get_ports {data_wdata_o[10]}]
set_load -pin_load 0.5 [get_ports {data_wdata_o[9]}]
set_load -pin_load 0.5 [get_ports {data_wdata_o[8]}]
set_load -pin_load 0.5 [get_ports {data_wdata_o[7]}]
set_load -pin_load 0.5 [get_ports {data_wdata_o[6]}]
set_load -pin_load 0.5 [get_ports {data_wdata_o[5]}]
set_load -pin_load 0.5 [get_ports {data_wdata_o[4]}]
set_load -pin_load 0.5 [get_ports {data_wdata_o[3]}]
set_load -pin_load 0.5 [get_ports {data_wdata_o[2]}]
set_load -pin_load 0.5 [get_ports {data_wdata_o[1]}]
set_load -pin_load 0.5 [get_ports {data_wdata_o[0]}]
set_load -pin_load 0.5 [get_ports irq_ack_o]
set_load -pin_load 0.5 [get_ports {irq_id_o[4]}]
set_load -pin_load 0.5 [get_ports {irq_id_o[3]}]
set_load -pin_load 0.5 [get_ports {irq_id_o[2]}]
set_load -pin_load 0.5 [get_ports {irq_id_o[1]}]
set_load -pin_load 0.5 [get_ports {irq_id_o[0]}]
set_load -pin_load 0.5 [get_ports debug_havereset_o]
set_load -pin_load 0.5 [get_ports debug_running_o]
set_load -pin_load 0.5 [get_ports debug_halted_o]
set_load -pin_load 0.5 [get_ports core_sleep_o]
create_clock [get_ports clk_i]  -period 5  -waveform {0 2.5}
Warning: Redefining clock 'clk_i'.  
 Previously defined at: /home/ICer/ITI/PnR_Grad/Backend/Synthesis/sdc/cv32e40p_top.sdc, line 387 (UIC-034)
set_input_delay -clock clk_i  2.5  [get_ports {irq_i[31]}]
set_input_delay -clock clk_i  2.5  [get_ports {irq_i[30]}]
set_input_delay -clock clk_i  2.5  [get_ports {irq_i[29]}]
set_input_delay -clock clk_i  2.5  [get_ports {irq_i[28]}]
set_input_delay -clock clk_i  2.5  [get_ports {irq_i[27]}]
set_input_delay -clock clk_i  2.5  [get_ports {irq_i[26]}]
set_input_delay -clock clk_i  2.5  [get_ports {irq_i[25]}]
set_input_delay -clock clk_i  2.5  [get_ports {irq_i[24]}]
set_input_delay -clock clk_i  2.5  [get_ports {irq_i[23]}]
set_input_delay -clock clk_i  2.5  [get_ports {irq_i[22]}]
set_input_delay -clock clk_i  2.5  [get_ports {irq_i[21]}]
set_input_delay -clock clk_i  2.5  [get_ports {irq_i[20]}]
set_input_delay -clock clk_i  2.5  [get_ports {irq_i[19]}]
set_input_delay -clock clk_i  2.5  [get_ports {irq_i[18]}]
set_input_delay -clock clk_i  2.5  [get_ports {irq_i[17]}]
set_input_delay -clock clk_i  2.5  [get_ports {irq_i[16]}]
set_input_delay -clock clk_i  2.5  [get_ports {irq_i[15]}]
set_input_delay -clock clk_i  2.5  [get_ports {irq_i[14]}]
set_input_delay -clock clk_i  2.5  [get_ports {irq_i[13]}]
set_input_delay -clock clk_i  2.5  [get_ports {irq_i[12]}]
set_input_delay -clock clk_i  2.5  [get_ports {irq_i[11]}]
set_input_delay -clock clk_i  2.5  [get_ports {irq_i[10]}]
set_input_delay -clock clk_i  2.5  [get_ports {irq_i[9]}]
set_input_delay -clock clk_i  2.5  [get_ports {irq_i[8]}]
set_input_delay -clock clk_i  2.5  [get_ports {irq_i[7]}]
set_input_delay -clock clk_i  2.5  [get_ports {irq_i[6]}]
set_input_delay -clock clk_i  2.5  [get_ports {irq_i[5]}]
set_input_delay -clock clk_i  2.5  [get_ports {irq_i[4]}]
set_input_delay -clock clk_i  2.5  [get_ports {irq_i[3]}]
set_input_delay -clock clk_i  2.5  [get_ports {irq_i[2]}]
set_input_delay -clock clk_i  2.5  [get_ports {irq_i[1]}]
set_input_delay -clock clk_i  2.5  [get_ports {irq_i[0]}]
set_input_delay -clock clk_i  4  [get_ports instr_gnt_i]
set_input_delay -clock clk_i  4  [get_ports instr_rvalid_i]
set_input_delay -clock clk_i  4  [get_ports {instr_rdata_i[31]}]
set_input_delay -clock clk_i  4  [get_ports {instr_rdata_i[30]}]
set_input_delay -clock clk_i  4  [get_ports {instr_rdata_i[29]}]
set_input_delay -clock clk_i  4  [get_ports {instr_rdata_i[28]}]
set_input_delay -clock clk_i  4  [get_ports {instr_rdata_i[27]}]
set_input_delay -clock clk_i  4  [get_ports {instr_rdata_i[26]}]
set_input_delay -clock clk_i  4  [get_ports {instr_rdata_i[25]}]
set_input_delay -clock clk_i  4  [get_ports {instr_rdata_i[24]}]
set_input_delay -clock clk_i  4  [get_ports {instr_rdata_i[23]}]
set_input_delay -clock clk_i  4  [get_ports {instr_rdata_i[22]}]
set_input_delay -clock clk_i  4  [get_ports {instr_rdata_i[21]}]
set_input_delay -clock clk_i  4  [get_ports {instr_rdata_i[20]}]
set_input_delay -clock clk_i  4  [get_ports {instr_rdata_i[19]}]
set_input_delay -clock clk_i  4  [get_ports {instr_rdata_i[18]}]
set_input_delay -clock clk_i  4  [get_ports {instr_rdata_i[17]}]
set_input_delay -clock clk_i  4  [get_ports {instr_rdata_i[16]}]
set_input_delay -clock clk_i  4  [get_ports {instr_rdata_i[15]}]
set_input_delay -clock clk_i  4  [get_ports {instr_rdata_i[14]}]
set_input_delay -clock clk_i  4  [get_ports {instr_rdata_i[13]}]
set_input_delay -clock clk_i  4  [get_ports {instr_rdata_i[12]}]
set_input_delay -clock clk_i  4  [get_ports {instr_rdata_i[11]}]
set_input_delay -clock clk_i  4  [get_ports {instr_rdata_i[10]}]
set_input_delay -clock clk_i  4  [get_ports {instr_rdata_i[9]}]
set_input_delay -clock clk_i  4  [get_ports {instr_rdata_i[8]}]
set_input_delay -clock clk_i  4  [get_ports {instr_rdata_i[7]}]
set_input_delay -clock clk_i  4  [get_ports {instr_rdata_i[6]}]
set_input_delay -clock clk_i  4  [get_ports {instr_rdata_i[5]}]
set_input_delay -clock clk_i  4  [get_ports {instr_rdata_i[4]}]
set_input_delay -clock clk_i  4  [get_ports {instr_rdata_i[3]}]
set_input_delay -clock clk_i  4  [get_ports {instr_rdata_i[2]}]
set_input_delay -clock clk_i  4  [get_ports {instr_rdata_i[1]}]
set_input_delay -clock clk_i  4  [get_ports {instr_rdata_i[0]}]
set_input_delay -clock clk_i  4  [get_ports data_gnt_i]
set_input_delay -clock clk_i  4  [get_ports data_rvalid_i]
set_input_delay -clock clk_i  4  [get_ports {data_rdata_i[31]}]
set_input_delay -clock clk_i  4  [get_ports {data_rdata_i[30]}]
set_input_delay -clock clk_i  4  [get_ports {data_rdata_i[29]}]
set_input_delay -clock clk_i  4  [get_ports {data_rdata_i[28]}]
set_input_delay -clock clk_i  4  [get_ports {data_rdata_i[27]}]
set_input_delay -clock clk_i  4  [get_ports {data_rdata_i[26]}]
set_input_delay -clock clk_i  4  [get_ports {data_rdata_i[25]}]
set_input_delay -clock clk_i  4  [get_ports {data_rdata_i[24]}]
set_input_delay -clock clk_i  4  [get_ports {data_rdata_i[23]}]
set_input_delay -clock clk_i  4  [get_ports {data_rdata_i[22]}]
set_input_delay -clock clk_i  4  [get_ports {data_rdata_i[21]}]
set_input_delay -clock clk_i  4  [get_ports {data_rdata_i[20]}]
set_input_delay -clock clk_i  4  [get_ports {data_rdata_i[19]}]
set_input_delay -clock clk_i  4  [get_ports {data_rdata_i[18]}]
set_input_delay -clock clk_i  4  [get_ports {data_rdata_i[17]}]
set_input_delay -clock clk_i  4  [get_ports {data_rdata_i[16]}]
set_input_delay -clock clk_i  4  [get_ports {data_rdata_i[15]}]
set_input_delay -clock clk_i  4  [get_ports {data_rdata_i[14]}]
set_input_delay -clock clk_i  4  [get_ports {data_rdata_i[13]}]
set_input_delay -clock clk_i  4  [get_ports {data_rdata_i[12]}]
set_input_delay -clock clk_i  4  [get_ports {data_rdata_i[11]}]
set_input_delay -clock clk_i  4  [get_ports {data_rdata_i[10]}]
set_input_delay -clock clk_i  4  [get_ports {data_rdata_i[9]}]
set_input_delay -clock clk_i  4  [get_ports {data_rdata_i[8]}]
set_input_delay -clock clk_i  4  [get_ports {data_rdata_i[7]}]
set_input_delay -clock clk_i  4  [get_ports {data_rdata_i[6]}]
set_input_delay -clock clk_i  4  [get_ports {data_rdata_i[5]}]
set_input_delay -clock clk_i  4  [get_ports {data_rdata_i[4]}]
set_input_delay -clock clk_i  4  [get_ports {data_rdata_i[3]}]
set_input_delay -clock clk_i  4  [get_ports {data_rdata_i[2]}]
set_input_delay -clock clk_i  4  [get_ports {data_rdata_i[1]}]
set_input_delay -clock clk_i  4  [get_ports {data_rdata_i[0]}]
set_input_delay -clock clk_i  0.5  [get_ports debug_req_i]
set_input_delay -clock clk_i  0.5  [get_ports {boot_addr_i[31]}]
set_input_delay -clock clk_i  0.5  [get_ports {boot_addr_i[30]}]
set_input_delay -clock clk_i  0.5  [get_ports {boot_addr_i[29]}]
set_input_delay -clock clk_i  0.5  [get_ports {boot_addr_i[28]}]
set_input_delay -clock clk_i  0.5  [get_ports {boot_addr_i[27]}]
set_input_delay -clock clk_i  0.5  [get_ports {boot_addr_i[26]}]
set_input_delay -clock clk_i  0.5  [get_ports {boot_addr_i[25]}]
set_input_delay -clock clk_i  0.5  [get_ports {boot_addr_i[24]}]
set_input_delay -clock clk_i  0.5  [get_ports {boot_addr_i[23]}]
set_input_delay -clock clk_i  0.5  [get_ports {boot_addr_i[22]}]
set_input_delay -clock clk_i  0.5  [get_ports {boot_addr_i[21]}]
set_input_delay -clock clk_i  0.5  [get_ports {boot_addr_i[20]}]
set_input_delay -clock clk_i  0.5  [get_ports {boot_addr_i[19]}]
set_input_delay -clock clk_i  0.5  [get_ports {boot_addr_i[18]}]
set_input_delay -clock clk_i  0.5  [get_ports {boot_addr_i[17]}]
set_input_delay -clock clk_i  0.5  [get_ports {boot_addr_i[16]}]
set_input_delay -clock clk_i  0.5  [get_ports {boot_addr_i[15]}]
set_input_delay -clock clk_i  0.5  [get_ports {boot_addr_i[14]}]
set_input_delay -clock clk_i  0.5  [get_ports {boot_addr_i[13]}]
set_input_delay -clock clk_i  0.5  [get_ports {boot_addr_i[12]}]
set_input_delay -clock clk_i  0.5  [get_ports {boot_addr_i[11]}]
set_input_delay -clock clk_i  0.5  [get_ports {boot_addr_i[10]}]
set_input_delay -clock clk_i  0.5  [get_ports {boot_addr_i[9]}]
set_input_delay -clock clk_i  0.5  [get_ports {boot_addr_i[8]}]
set_input_delay -clock clk_i  0.5  [get_ports {boot_addr_i[7]}]
set_input_delay -clock clk_i  0.5  [get_ports {boot_addr_i[6]}]
set_input_delay -clock clk_i  0.5  [get_ports {boot_addr_i[5]}]
set_input_delay -clock clk_i  0.5  [get_ports {boot_addr_i[4]}]
set_input_delay -clock clk_i  0.5  [get_ports {boot_addr_i[3]}]
set_input_delay -clock clk_i  0.5  [get_ports {boot_addr_i[2]}]
set_input_delay -clock clk_i  0.5  [get_ports {boot_addr_i[1]}]
set_input_delay -clock clk_i  0.5  [get_ports {boot_addr_i[0]}]
set_input_delay -clock clk_i  0.5  [get_ports {mtvec_addr_i[31]}]
set_input_delay -clock clk_i  0.5  [get_ports {mtvec_addr_i[30]}]
set_input_delay -clock clk_i  0.5  [get_ports {mtvec_addr_i[29]}]
set_input_delay -clock clk_i  0.5  [get_ports {mtvec_addr_i[28]}]
set_input_delay -clock clk_i  0.5  [get_ports {mtvec_addr_i[27]}]
set_input_delay -clock clk_i  0.5  [get_ports {mtvec_addr_i[26]}]
set_input_delay -clock clk_i  0.5  [get_ports {mtvec_addr_i[25]}]
set_input_delay -clock clk_i  0.5  [get_ports {mtvec_addr_i[24]}]
set_input_delay -clock clk_i  0.5  [get_ports {mtvec_addr_i[23]}]
set_input_delay -clock clk_i  0.5  [get_ports {mtvec_addr_i[22]}]
set_input_delay -clock clk_i  0.5  [get_ports {mtvec_addr_i[21]}]
set_input_delay -clock clk_i  0.5  [get_ports {mtvec_addr_i[20]}]
set_input_delay -clock clk_i  0.5  [get_ports {mtvec_addr_i[19]}]
set_input_delay -clock clk_i  0.5  [get_ports {mtvec_addr_i[18]}]
set_input_delay -clock clk_i  0.5  [get_ports {mtvec_addr_i[17]}]
set_input_delay -clock clk_i  0.5  [get_ports {mtvec_addr_i[16]}]
set_input_delay -clock clk_i  0.5  [get_ports {mtvec_addr_i[15]}]
set_input_delay -clock clk_i  0.5  [get_ports {mtvec_addr_i[14]}]
set_input_delay -clock clk_i  0.5  [get_ports {mtvec_addr_i[13]}]
set_input_delay -clock clk_i  0.5  [get_ports {mtvec_addr_i[12]}]
set_input_delay -clock clk_i  0.5  [get_ports {mtvec_addr_i[11]}]
set_input_delay -clock clk_i  0.5  [get_ports {mtvec_addr_i[10]}]
set_input_delay -clock clk_i  0.5  [get_ports {mtvec_addr_i[9]}]
set_input_delay -clock clk_i  0.5  [get_ports {mtvec_addr_i[8]}]
set_input_delay -clock clk_i  0.5  [get_ports {mtvec_addr_i[7]}]
set_input_delay -clock clk_i  0.5  [get_ports {mtvec_addr_i[6]}]
set_input_delay -clock clk_i  0.5  [get_ports {mtvec_addr_i[5]}]
set_input_delay -clock clk_i  0.5  [get_ports {mtvec_addr_i[4]}]
set_input_delay -clock clk_i  0.5  [get_ports {mtvec_addr_i[3]}]
set_input_delay -clock clk_i  0.5  [get_ports {mtvec_addr_i[2]}]
set_input_delay -clock clk_i  0.5  [get_ports {mtvec_addr_i[1]}]
set_input_delay -clock clk_i  0.5  [get_ports {mtvec_addr_i[0]}]
set_input_delay -clock clk_i  0.5  [get_ports {dm_halt_addr_i[31]}]
set_input_delay -clock clk_i  0.5  [get_ports {dm_halt_addr_i[30]}]
set_input_delay -clock clk_i  0.5  [get_ports {dm_halt_addr_i[29]}]
set_input_delay -clock clk_i  0.5  [get_ports {dm_halt_addr_i[28]}]
set_input_delay -clock clk_i  0.5  [get_ports {dm_halt_addr_i[27]}]
set_input_delay -clock clk_i  0.5  [get_ports {dm_halt_addr_i[26]}]
set_input_delay -clock clk_i  0.5  [get_ports {dm_halt_addr_i[25]}]
set_input_delay -clock clk_i  0.5  [get_ports {dm_halt_addr_i[24]}]
set_input_delay -clock clk_i  0.5  [get_ports {dm_halt_addr_i[23]}]
set_input_delay -clock clk_i  0.5  [get_ports {dm_halt_addr_i[22]}]
set_input_delay -clock clk_i  0.5  [get_ports {dm_halt_addr_i[21]}]
set_input_delay -clock clk_i  0.5  [get_ports {dm_halt_addr_i[20]}]
set_input_delay -clock clk_i  0.5  [get_ports {dm_halt_addr_i[19]}]
set_input_delay -clock clk_i  0.5  [get_ports {dm_halt_addr_i[18]}]
set_input_delay -clock clk_i  0.5  [get_ports {dm_halt_addr_i[17]}]
set_input_delay -clock clk_i  0.5  [get_ports {dm_halt_addr_i[16]}]
set_input_delay -clock clk_i  0.5  [get_ports {dm_halt_addr_i[15]}]
set_input_delay -clock clk_i  0.5  [get_ports {dm_halt_addr_i[14]}]
set_input_delay -clock clk_i  0.5  [get_ports {dm_halt_addr_i[13]}]
set_input_delay -clock clk_i  0.5  [get_ports {dm_halt_addr_i[12]}]
set_input_delay -clock clk_i  0.5  [get_ports {dm_halt_addr_i[11]}]
set_input_delay -clock clk_i  0.5  [get_ports {dm_halt_addr_i[10]}]
set_input_delay -clock clk_i  0.5  [get_ports {dm_halt_addr_i[9]}]
set_input_delay -clock clk_i  0.5  [get_ports {dm_halt_addr_i[8]}]
set_input_delay -clock clk_i  0.5  [get_ports {dm_halt_addr_i[7]}]
set_input_delay -clock clk_i  0.5  [get_ports {dm_halt_addr_i[6]}]
set_input_delay -clock clk_i  0.5  [get_ports {dm_halt_addr_i[5]}]
set_input_delay -clock clk_i  0.5  [get_ports {dm_halt_addr_i[4]}]
set_input_delay -clock clk_i  0.5  [get_ports {dm_halt_addr_i[3]}]
set_input_delay -clock clk_i  0.5  [get_ports {dm_halt_addr_i[2]}]
set_input_delay -clock clk_i  0.5  [get_ports {dm_halt_addr_i[1]}]
set_input_delay -clock clk_i  0.5  [get_ports {dm_halt_addr_i[0]}]
set_input_delay -clock clk_i  0.5  [get_ports {hart_id_i[31]}]
set_input_delay -clock clk_i  0.5  [get_ports {hart_id_i[30]}]
set_input_delay -clock clk_i  0.5  [get_ports {hart_id_i[29]}]
set_input_delay -clock clk_i  0.5  [get_ports {hart_id_i[28]}]
set_input_delay -clock clk_i  0.5  [get_ports {hart_id_i[27]}]
set_input_delay -clock clk_i  0.5  [get_ports {hart_id_i[26]}]
set_input_delay -clock clk_i  0.5  [get_ports {hart_id_i[25]}]
set_input_delay -clock clk_i  0.5  [get_ports {hart_id_i[24]}]
set_input_delay -clock clk_i  0.5  [get_ports {hart_id_i[23]}]
set_input_delay -clock clk_i  0.5  [get_ports {hart_id_i[22]}]
set_input_delay -clock clk_i  0.5  [get_ports {hart_id_i[21]}]
set_input_delay -clock clk_i  0.5  [get_ports {hart_id_i[20]}]
set_input_delay -clock clk_i  0.5  [get_ports {hart_id_i[19]}]
set_input_delay -clock clk_i  0.5  [get_ports {hart_id_i[18]}]
set_input_delay -clock clk_i  0.5  [get_ports {hart_id_i[17]}]
set_input_delay -clock clk_i  0.5  [get_ports {hart_id_i[16]}]
set_input_delay -clock clk_i  0.5  [get_ports {hart_id_i[15]}]
set_input_delay -clock clk_i  0.5  [get_ports {hart_id_i[14]}]
set_input_delay -clock clk_i  0.5  [get_ports {hart_id_i[13]}]
set_input_delay -clock clk_i  0.5  [get_ports {hart_id_i[12]}]
set_input_delay -clock clk_i  0.5  [get_ports {hart_id_i[11]}]
set_input_delay -clock clk_i  0.5  [get_ports {hart_id_i[10]}]
set_input_delay -clock clk_i  0.5  [get_ports {hart_id_i[9]}]
set_input_delay -clock clk_i  0.5  [get_ports {hart_id_i[8]}]
set_input_delay -clock clk_i  0.5  [get_ports {hart_id_i[7]}]
set_input_delay -clock clk_i  0.5  [get_ports {hart_id_i[6]}]
set_input_delay -clock clk_i  0.5  [get_ports {hart_id_i[5]}]
set_input_delay -clock clk_i  0.5  [get_ports {hart_id_i[4]}]
set_input_delay -clock clk_i  0.5  [get_ports {hart_id_i[3]}]
set_input_delay -clock clk_i  0.5  [get_ports {hart_id_i[2]}]
set_input_delay -clock clk_i  0.5  [get_ports {hart_id_i[1]}]
set_input_delay -clock clk_i  0.5  [get_ports {hart_id_i[0]}]
set_input_delay -clock clk_i  0.5  [get_ports {dm_exception_addr_i[31]}]
set_input_delay -clock clk_i  0.5  [get_ports {dm_exception_addr_i[30]}]
set_input_delay -clock clk_i  0.5  [get_ports {dm_exception_addr_i[29]}]
set_input_delay -clock clk_i  0.5  [get_ports {dm_exception_addr_i[28]}]
set_input_delay -clock clk_i  0.5  [get_ports {dm_exception_addr_i[27]}]
set_input_delay -clock clk_i  0.5  [get_ports {dm_exception_addr_i[26]}]
set_input_delay -clock clk_i  0.5  [get_ports {dm_exception_addr_i[25]}]
set_input_delay -clock clk_i  0.5  [get_ports {dm_exception_addr_i[24]}]
set_input_delay -clock clk_i  0.5  [get_ports {dm_exception_addr_i[23]}]
set_input_delay -clock clk_i  0.5  [get_ports {dm_exception_addr_i[22]}]
set_input_delay -clock clk_i  0.5  [get_ports {dm_exception_addr_i[21]}]
set_input_delay -clock clk_i  0.5  [get_ports {dm_exception_addr_i[20]}]
set_input_delay -clock clk_i  0.5  [get_ports {dm_exception_addr_i[19]}]
set_input_delay -clock clk_i  0.5  [get_ports {dm_exception_addr_i[18]}]
set_input_delay -clock clk_i  0.5  [get_ports {dm_exception_addr_i[17]}]
set_input_delay -clock clk_i  0.5  [get_ports {dm_exception_addr_i[16]}]
set_input_delay -clock clk_i  0.5  [get_ports {dm_exception_addr_i[15]}]
set_input_delay -clock clk_i  0.5  [get_ports {dm_exception_addr_i[14]}]
set_input_delay -clock clk_i  0.5  [get_ports {dm_exception_addr_i[13]}]
set_input_delay -clock clk_i  0.5  [get_ports {dm_exception_addr_i[12]}]
set_input_delay -clock clk_i  0.5  [get_ports {dm_exception_addr_i[11]}]
set_input_delay -clock clk_i  0.5  [get_ports {dm_exception_addr_i[10]}]
set_input_delay -clock clk_i  0.5  [get_ports {dm_exception_addr_i[9]}]
set_input_delay -clock clk_i  0.5  [get_ports {dm_exception_addr_i[8]}]
set_input_delay -clock clk_i  0.5  [get_ports {dm_exception_addr_i[7]}]
set_input_delay -clock clk_i  0.5  [get_ports {dm_exception_addr_i[6]}]
set_input_delay -clock clk_i  0.5  [get_ports {dm_exception_addr_i[5]}]
set_input_delay -clock clk_i  0.5  [get_ports {dm_exception_addr_i[4]}]
set_input_delay -clock clk_i  0.5  [get_ports {dm_exception_addr_i[3]}]
set_input_delay -clock clk_i  0.5  [get_ports {dm_exception_addr_i[2]}]
set_input_delay -clock clk_i  0.5  [get_ports {dm_exception_addr_i[1]}]
set_input_delay -clock clk_i  0.5  [get_ports {dm_exception_addr_i[0]}]
set_output_delay -clock clk_i  1.25  [get_ports irq_ack_o]
set_output_delay -clock clk_i  1.25  [get_ports {irq_id_o[4]}]
set_output_delay -clock clk_i  1.25  [get_ports {irq_id_o[3]}]
set_output_delay -clock clk_i  1.25  [get_ports {irq_id_o[2]}]
set_output_delay -clock clk_i  1.25  [get_ports {irq_id_o[1]}]
set_output_delay -clock clk_i  1.25  [get_ports {irq_id_o[0]}]
set_output_delay -clock clk_i  3  [get_ports instr_req_o]
set_output_delay -clock clk_i  3  [get_ports {instr_addr_o[31]}]
set_output_delay -clock clk_i  3  [get_ports {instr_addr_o[30]}]
set_output_delay -clock clk_i  3  [get_ports {instr_addr_o[29]}]
set_output_delay -clock clk_i  3  [get_ports {instr_addr_o[28]}]
set_output_delay -clock clk_i  3  [get_ports {instr_addr_o[27]}]
set_output_delay -clock clk_i  3  [get_ports {instr_addr_o[26]}]
set_output_delay -clock clk_i  3  [get_ports {instr_addr_o[25]}]
set_output_delay -clock clk_i  3  [get_ports {instr_addr_o[24]}]
set_output_delay -clock clk_i  3  [get_ports {instr_addr_o[23]}]
set_output_delay -clock clk_i  3  [get_ports {instr_addr_o[22]}]
set_output_delay -clock clk_i  3  [get_ports {instr_addr_o[21]}]
set_output_delay -clock clk_i  3  [get_ports {instr_addr_o[20]}]
set_output_delay -clock clk_i  3  [get_ports {instr_addr_o[19]}]
set_output_delay -clock clk_i  3  [get_ports {instr_addr_o[18]}]
set_output_delay -clock clk_i  3  [get_ports {instr_addr_o[17]}]
set_output_delay -clock clk_i  3  [get_ports {instr_addr_o[16]}]
set_output_delay -clock clk_i  3  [get_ports {instr_addr_o[15]}]
set_output_delay -clock clk_i  3  [get_ports {instr_addr_o[14]}]
set_output_delay -clock clk_i  3  [get_ports {instr_addr_o[13]}]
set_output_delay -clock clk_i  3  [get_ports {instr_addr_o[12]}]
set_output_delay -clock clk_i  3  [get_ports {instr_addr_o[11]}]
set_output_delay -clock clk_i  3  [get_ports {instr_addr_o[10]}]
set_output_delay -clock clk_i  3  [get_ports {instr_addr_o[9]}]
set_output_delay -clock clk_i  3  [get_ports {instr_addr_o[8]}]
set_output_delay -clock clk_i  3  [get_ports {instr_addr_o[7]}]
set_output_delay -clock clk_i  3  [get_ports {instr_addr_o[6]}]
set_output_delay -clock clk_i  3  [get_ports {instr_addr_o[5]}]
set_output_delay -clock clk_i  3  [get_ports {instr_addr_o[4]}]
set_output_delay -clock clk_i  3  [get_ports {instr_addr_o[3]}]
set_output_delay -clock clk_i  3  [get_ports {instr_addr_o[2]}]
set_output_delay -clock clk_i  3  [get_ports {instr_addr_o[1]}]
set_output_delay -clock clk_i  3  [get_ports {instr_addr_o[0]}]
set_output_delay -clock clk_i  3  [get_ports data_req_o]
set_output_delay -clock clk_i  3  [get_ports data_we_o]
set_output_delay -clock clk_i  3  [get_ports {data_be_o[3]}]
set_output_delay -clock clk_i  3  [get_ports {data_be_o[2]}]
set_output_delay -clock clk_i  3  [get_ports {data_be_o[1]}]
set_output_delay -clock clk_i  3  [get_ports {data_be_o[0]}]
set_output_delay -clock clk_i  3  [get_ports {data_addr_o[31]}]
set_output_delay -clock clk_i  3  [get_ports {data_addr_o[30]}]
set_output_delay -clock clk_i  3  [get_ports {data_addr_o[29]}]
set_output_delay -clock clk_i  3  [get_ports {data_addr_o[28]}]
set_output_delay -clock clk_i  3  [get_ports {data_addr_o[27]}]
set_output_delay -clock clk_i  3  [get_ports {data_addr_o[26]}]
set_output_delay -clock clk_i  3  [get_ports {data_addr_o[25]}]
set_output_delay -clock clk_i  3  [get_ports {data_addr_o[24]}]
set_output_delay -clock clk_i  3  [get_ports {data_addr_o[23]}]
set_output_delay -clock clk_i  3  [get_ports {data_addr_o[22]}]
set_output_delay -clock clk_i  3  [get_ports {data_addr_o[21]}]
set_output_delay -clock clk_i  3  [get_ports {data_addr_o[20]}]
set_output_delay -clock clk_i  3  [get_ports {data_addr_o[19]}]
set_output_delay -clock clk_i  3  [get_ports {data_addr_o[18]}]
set_output_delay -clock clk_i  3  [get_ports {data_addr_o[17]}]
set_output_delay -clock clk_i  3  [get_ports {data_addr_o[16]}]
set_output_delay -clock clk_i  3  [get_ports {data_addr_o[15]}]
set_output_delay -clock clk_i  3  [get_ports {data_addr_o[14]}]
set_output_delay -clock clk_i  3  [get_ports {data_addr_o[13]}]
set_output_delay -clock clk_i  3  [get_ports {data_addr_o[12]}]
set_output_delay -clock clk_i  3  [get_ports {data_addr_o[11]}]
set_output_delay -clock clk_i  3  [get_ports {data_addr_o[10]}]
set_output_delay -clock clk_i  3  [get_ports {data_addr_o[9]}]
set_output_delay -clock clk_i  3  [get_ports {data_addr_o[8]}]
set_output_delay -clock clk_i  3  [get_ports {data_addr_o[7]}]
set_output_delay -clock clk_i  3  [get_ports {data_addr_o[6]}]
set_output_delay -clock clk_i  3  [get_ports {data_addr_o[5]}]
set_output_delay -clock clk_i  3  [get_ports {data_addr_o[4]}]
set_output_delay -clock clk_i  3  [get_ports {data_addr_o[3]}]
set_output_delay -clock clk_i  3  [get_ports {data_addr_o[2]}]
set_output_delay -clock clk_i  3  [get_ports {data_addr_o[1]}]
set_output_delay -clock clk_i  3  [get_ports {data_addr_o[0]}]
set_output_delay -clock clk_i  3  [get_ports {data_wdata_o[31]}]
set_output_delay -clock clk_i  3  [get_ports {data_wdata_o[30]}]
set_output_delay -clock clk_i  3  [get_ports {data_wdata_o[29]}]
set_output_delay -clock clk_i  3  [get_ports {data_wdata_o[28]}]
set_output_delay -clock clk_i  3  [get_ports {data_wdata_o[27]}]
set_output_delay -clock clk_i  3  [get_ports {data_wdata_o[26]}]
set_output_delay -clock clk_i  3  [get_ports {data_wdata_o[25]}]
set_output_delay -clock clk_i  3  [get_ports {data_wdata_o[24]}]
set_output_delay -clock clk_i  3  [get_ports {data_wdata_o[23]}]
set_output_delay -clock clk_i  3  [get_ports {data_wdata_o[22]}]
set_output_delay -clock clk_i  3  [get_ports {data_wdata_o[21]}]
set_output_delay -clock clk_i  3  [get_ports {data_wdata_o[20]}]
set_output_delay -clock clk_i  3  [get_ports {data_wdata_o[19]}]
set_output_delay -clock clk_i  3  [get_ports {data_wdata_o[18]}]
set_output_delay -clock clk_i  3  [get_ports {data_wdata_o[17]}]
set_output_delay -clock clk_i  3  [get_ports {data_wdata_o[16]}]
set_output_delay -clock clk_i  3  [get_ports {data_wdata_o[15]}]
set_output_delay -clock clk_i  3  [get_ports {data_wdata_o[14]}]
set_output_delay -clock clk_i  3  [get_ports {data_wdata_o[13]}]
set_output_delay -clock clk_i  3  [get_ports {data_wdata_o[12]}]
set_output_delay -clock clk_i  3  [get_ports {data_wdata_o[11]}]
set_output_delay -clock clk_i  3  [get_ports {data_wdata_o[10]}]
set_output_delay -clock clk_i  3  [get_ports {data_wdata_o[9]}]
set_output_delay -clock clk_i  3  [get_ports {data_wdata_o[8]}]
set_output_delay -clock clk_i  3  [get_ports {data_wdata_o[7]}]
set_output_delay -clock clk_i  3  [get_ports {data_wdata_o[6]}]
set_output_delay -clock clk_i  3  [get_ports {data_wdata_o[5]}]
set_output_delay -clock clk_i  3  [get_ports {data_wdata_o[4]}]
set_output_delay -clock clk_i  3  [get_ports {data_wdata_o[3]}]
set_output_delay -clock clk_i  3  [get_ports {data_wdata_o[2]}]
set_output_delay -clock clk_i  3  [get_ports {data_wdata_o[1]}]
set_output_delay -clock clk_i  3  [get_ports {data_wdata_o[0]}]
set_output_delay -clock clk_i  3  [get_ports debug_havereset_o]
set_output_delay -clock clk_i  3  [get_ports debug_running_o]
set_output_delay -clock clk_i  3  [get_ports debug_halted_o]
set_output_delay -clock clk_i  1.25  [get_ports core_sleep_o]
Information: Loading SDC version 2.1 file '/home/ICer/ITI/PnR_Grad/Backend/Synthesis/sdc/cv32e40p_top.sdc' (FILE-007)
###################################################################
# Created by write_sdc on Tue Jul 1 12:04:20 2025
###################################################################
set sdc_version 2.1
set_units -time ns -resistance MOhm -capacitance fF -voltage V -current uA
set_max_fanout 25 [current_design]
set_driving_cell -lib_cell SAEDRVT14_BUF_4 -pin X [get_ports pulp_clock_en_i]
set_driving_cell -lib_cell SAEDRVT14_BUF_4 -pin X [get_ports scan_cg_en_i]
set_driving_cell -lib_cell SAEDRVT14_BUF_4 -pin X [get_ports {boot_addr_i[31]}]
set_driving_cell -lib_cell SAEDRVT14_BUF_4 -pin X [get_ports {boot_addr_i[30]}]
set_driving_cell -lib_cell SAEDRVT14_BUF_4 -pin X [get_ports {boot_addr_i[29]}]
set_driving_cell -lib_cell SAEDRVT14_BUF_4 -pin X [get_ports {boot_addr_i[28]}]
set_driving_cell -lib_cell SAEDRVT14_BUF_4 -pin X [get_ports {boot_addr_i[27]}]
set_driving_cell -lib_cell SAEDRVT14_BUF_4 -pin X [get_ports {boot_addr_i[26]}]
set_driving_cell -lib_cell SAEDRVT14_BUF_4 -pin X [get_ports {boot_addr_i[25]}]
set_driving_cell -lib_cell SAEDRVT14_BUF_4 -pin X [get_ports {boot_addr_i[24]}]
set_driving_cell -lib_cell SAEDRVT14_BUF_4 -pin X [get_ports {boot_addr_i[23]}]
set_driving_cell -lib_cell SAEDRVT14_BUF_4 -pin X [get_ports {boot_addr_i[22]}]
set_driving_cell -lib_cell SAEDRVT14_BUF_4 -pin X [get_ports {boot_addr_i[21]}]
set_driving_cell -lib_cell SAEDRVT14_BUF_4 -pin X [get_ports {boot_addr_i[20]}]
set_driving_cell -lib_cell SAEDRVT14_BUF_4 -pin X [get_ports {boot_addr_i[19]}]
set_driving_cell -lib_cell SAEDRVT14_BUF_4 -pin X [get_ports {boot_addr_i[18]}]
set_driving_cell -lib_cell SAEDRVT14_BUF_4 -pin X [get_ports {boot_addr_i[17]}]
set_driving_cell -lib_cell SAEDRVT14_BUF_4 -pin X [get_ports {boot_addr_i[16]}]
set_driving_cell -lib_cell SAEDRVT14_BUF_4 -pin X [get_ports {boot_addr_i[15]}]
set_driving_cell -lib_cell SAEDRVT14_BUF_4 -pin X [get_ports {boot_addr_i[14]}]
set_driving_cell -lib_cell SAEDRVT14_BUF_4 -pin X [get_ports {boot_addr_i[13]}]
set_driving_cell -lib_cell SAEDRVT14_BUF_4 -pin X [get_ports {boot_addr_i[12]}]
set_driving_cell -lib_cell SAEDRVT14_BUF_4 -pin X [get_ports {boot_addr_i[11]}]
set_driving_cell -lib_cell SAEDRVT14_BUF_4 -pin X [get_ports {boot_addr_i[10]}]
set_driving_cell -lib_cell SAEDRVT14_BUF_4 -pin X [get_ports {boot_addr_i[9]}]
set_driving_cell -lib_cell SAEDRVT14_BUF_4 -pin X [get_ports {boot_addr_i[8]}]
set_driving_cell -lib_cell SAEDRVT14_BUF_4 -pin X [get_ports {boot_addr_i[7]}]
set_driving_cell -lib_cell SAEDRVT14_BUF_4 -pin X [get_ports {boot_addr_i[6]}]
set_driving_cell -lib_cell SAEDRVT14_BUF_4 -pin X [get_ports {boot_addr_i[5]}]
set_driving_cell -lib_cell SAEDRVT14_BUF_4 -pin X [get_ports {boot_addr_i[4]}]
set_driving_cell -lib_cell SAEDRVT14_BUF_4 -pin X [get_ports {boot_addr_i[3]}]
set_driving_cell -lib_cell SAEDRVT14_BUF_4 -pin X [get_ports {boot_addr_i[2]}]
set_driving_cell -lib_cell SAEDRVT14_BUF_4 -pin X [get_ports {boot_addr_i[1]}]
set_driving_cell -lib_cell SAEDRVT14_BUF_4 -pin X [get_ports {boot_addr_i[0]}]
set_driving_cell -lib_cell SAEDRVT14_BUF_4 -pin X [get_ports {mtvec_addr_i[31]}]
set_driving_cell -lib_cell SAEDRVT14_BUF_4 -pin X [get_ports {mtvec_addr_i[30]}]
set_driving_cell -lib_cell SAEDRVT14_BUF_4 -pin X [get_ports {mtvec_addr_i[29]}]
set_driving_cell -lib_cell SAEDRVT14_BUF_4 -pin X [get_ports {mtvec_addr_i[28]}]
set_driving_cell -lib_cell SAEDRVT14_BUF_4 -pin X [get_ports {mtvec_addr_i[27]}]
set_driving_cell -lib_cell SAEDRVT14_BUF_4 -pin X [get_ports {mtvec_addr_i[26]}]
set_driving_cell -lib_cell SAEDRVT14_BUF_4 -pin X [get_ports {mtvec_addr_i[25]}]
set_driving_cell -lib_cell SAEDRVT14_BUF_4 -pin X [get_ports {mtvec_addr_i[24]}]
set_driving_cell -lib_cell SAEDRVT14_BUF_4 -pin X [get_ports {mtvec_addr_i[23]}]
set_driving_cell -lib_cell SAEDRVT14_BUF_4 -pin X [get_ports {mtvec_addr_i[22]}]
set_driving_cell -lib_cell SAEDRVT14_BUF_4 -pin X [get_ports {mtvec_addr_i[21]}]
set_driving_cell -lib_cell SAEDRVT14_BUF_4 -pin X [get_ports {mtvec_addr_i[20]}]
set_driving_cell -lib_cell SAEDRVT14_BUF_4 -pin X [get_ports {mtvec_addr_i[19]}]
set_driving_cell -lib_cell SAEDRVT14_BUF_4 -pin X [get_ports {mtvec_addr_i[18]}]
set_driving_cell -lib_cell SAEDRVT14_BUF_4 -pin X [get_ports {mtvec_addr_i[17]}]
set_driving_cell -lib_cell SAEDRVT14_BUF_4 -pin X [get_ports {mtvec_addr_i[16]}]
set_driving_cell -lib_cell SAEDRVT14_BUF_4 -pin X [get_ports {mtvec_addr_i[15]}]
set_driving_cell -lib_cell SAEDRVT14_BUF_4 -pin X [get_ports {mtvec_addr_i[14]}]
set_driving_cell -lib_cell SAEDRVT14_BUF_4 -pin X [get_ports {mtvec_addr_i[13]}]
set_driving_cell -lib_cell SAEDRVT14_BUF_4 -pin X [get_ports {mtvec_addr_i[12]}]
set_driving_cell -lib_cell SAEDRVT14_BUF_4 -pin X [get_ports {mtvec_addr_i[11]}]
set_driving_cell -lib_cell SAEDRVT14_BUF_4 -pin X [get_ports {mtvec_addr_i[10]}]
set_driving_cell -lib_cell SAEDRVT14_BUF_4 -pin X [get_ports {mtvec_addr_i[9]}]
set_driving_cell -lib_cell SAEDRVT14_BUF_4 -pin X [get_ports {mtvec_addr_i[8]}]
set_driving_cell -lib_cell SAEDRVT14_BUF_4 -pin X [get_ports {mtvec_addr_i[7]}]
set_driving_cell -lib_cell SAEDRVT14_BUF_4 -pin X [get_ports {mtvec_addr_i[6]}]
set_driving_cell -lib_cell SAEDRVT14_BUF_4 -pin X [get_ports {mtvec_addr_i[5]}]
set_driving_cell -lib_cell SAEDRVT14_BUF_4 -pin X [get_ports {mtvec_addr_i[4]}]
set_driving_cell -lib_cell SAEDRVT14_BUF_4 -pin X [get_ports {mtvec_addr_i[3]}]
set_driving_cell -lib_cell SAEDRVT14_BUF_4 -pin X [get_ports {mtvec_addr_i[2]}]
set_driving_cell -lib_cell SAEDRVT14_BUF_4 -pin X [get_ports {mtvec_addr_i[1]}]
set_driving_cell -lib_cell SAEDRVT14_BUF_4 -pin X [get_ports {mtvec_addr_i[0]}]
set_driving_cell -lib_cell SAEDRVT14_BUF_4 -pin X [get_ports {dm_halt_addr_i[31]}]
set_driving_cell -lib_cell SAEDRVT14_BUF_4 -pin X [get_ports {dm_halt_addr_i[30]}]
set_driving_cell -lib_cell SAEDRVT14_BUF_4 -pin X [get_ports {dm_halt_addr_i[29]}]
set_driving_cell -lib_cell SAEDRVT14_BUF_4 -pin X [get_ports {dm_halt_addr_i[28]}]
set_driving_cell -lib_cell SAEDRVT14_BUF_4 -pin X [get_ports {dm_halt_addr_i[27]}]
set_driving_cell -lib_cell SAEDRVT14_BUF_4 -pin X [get_ports {dm_halt_addr_i[26]}]
set_driving_cell -lib_cell SAEDRVT14_BUF_4 -pin X [get_ports {dm_halt_addr_i[25]}]
set_driving_cell -lib_cell SAEDRVT14_BUF_4 -pin X [get_ports {dm_halt_addr_i[24]}]
set_driving_cell -lib_cell SAEDRVT14_BUF_4 -pin X [get_ports {dm_halt_addr_i[23]}]
set_driving_cell -lib_cell SAEDRVT14_BUF_4 -pin X [get_ports {dm_halt_addr_i[22]}]
set_driving_cell -lib_cell SAEDRVT14_BUF_4 -pin X [get_ports {dm_halt_addr_i[21]}]
set_driving_cell -lib_cell SAEDRVT14_BUF_4 -pin X [get_ports {dm_halt_addr_i[20]}]
set_driving_cell -lib_cell SAEDRVT14_BUF_4 -pin X [get_ports {dm_halt_addr_i[19]}]
set_driving_cell -lib_cell SAEDRVT14_BUF_4 -pin X [get_ports {dm_halt_addr_i[18]}]
set_driving_cell -lib_cell SAEDRVT14_BUF_4 -pin X [get_ports {dm_halt_addr_i[17]}]
set_driving_cell -lib_cell SAEDRVT14_BUF_4 -pin X [get_ports {dm_halt_addr_i[16]}]
set_driving_cell -lib_cell SAEDRVT14_BUF_4 -pin X [get_ports {dm_halt_addr_i[15]}]
set_driving_cell -lib_cell SAEDRVT14_BUF_4 -pin X [get_ports {dm_halt_addr_i[14]}]
set_driving_cell -lib_cell SAEDRVT14_BUF_4 -pin X [get_ports {dm_halt_addr_i[13]}]
set_driving_cell -lib_cell SAEDRVT14_BUF_4 -pin X [get_ports {dm_halt_addr_i[12]}]
set_driving_cell -lib_cell SAEDRVT14_BUF_4 -pin X [get_ports {dm_halt_addr_i[11]}]
set_driving_cell -lib_cell SAEDRVT14_BUF_4 -pin X [get_ports {dm_halt_addr_i[10]}]
set_driving_cell -lib_cell SAEDRVT14_BUF_4 -pin X [get_ports {dm_halt_addr_i[9]}]
set_driving_cell -lib_cell SAEDRVT14_BUF_4 -pin X [get_ports {dm_halt_addr_i[8]}]
set_driving_cell -lib_cell SAEDRVT14_BUF_4 -pin X [get_ports {dm_halt_addr_i[7]}]
set_driving_cell -lib_cell SAEDRVT14_BUF_4 -pin X [get_ports {dm_halt_addr_i[6]}]
set_driving_cell -lib_cell SAEDRVT14_BUF_4 -pin X [get_ports {dm_halt_addr_i[5]}]
set_driving_cell -lib_cell SAEDRVT14_BUF_4 -pin X [get_ports {dm_halt_addr_i[4]}]
set_driving_cell -lib_cell SAEDRVT14_BUF_4 -pin X [get_ports {dm_halt_addr_i[3]}]
set_driving_cell -lib_cell SAEDRVT14_BUF_4 -pin X [get_ports {dm_halt_addr_i[2]}]
set_driving_cell -lib_cell SAEDRVT14_BUF_4 -pin X [get_ports {dm_halt_addr_i[1]}]
set_driving_cell -lib_cell SAEDRVT14_BUF_4 -pin X [get_ports {dm_halt_addr_i[0]}]
set_driving_cell -lib_cell SAEDRVT14_BUF_4 -pin X [get_ports {hart_id_i[31]}]
set_driving_cell -lib_cell SAEDRVT14_BUF_4 -pin X [get_ports {hart_id_i[30]}]
set_driving_cell -lib_cell SAEDRVT14_BUF_4 -pin X [get_ports {hart_id_i[29]}]
set_driving_cell -lib_cell SAEDRVT14_BUF_4 -pin X [get_ports {hart_id_i[28]}]
set_driving_cell -lib_cell SAEDRVT14_BUF_4 -pin X [get_ports {hart_id_i[27]}]
set_driving_cell -lib_cell SAEDRVT14_BUF_4 -pin X [get_ports {hart_id_i[26]}]
set_driving_cell -lib_cell SAEDRVT14_BUF_4 -pin X [get_ports {hart_id_i[25]}]
set_driving_cell -lib_cell SAEDRVT14_BUF_4 -pin X [get_ports {hart_id_i[24]}]
set_driving_cell -lib_cell SAEDRVT14_BUF_4 -pin X [get_ports {hart_id_i[23]}]
set_driving_cell -lib_cell SAEDRVT14_BUF_4 -pin X [get_ports {hart_id_i[22]}]
set_driving_cell -lib_cell SAEDRVT14_BUF_4 -pin X [get_ports {hart_id_i[21]}]
set_driving_cell -lib_cell SAEDRVT14_BUF_4 -pin X [get_ports {hart_id_i[20]}]
set_driving_cell -lib_cell SAEDRVT14_BUF_4 -pin X [get_ports {hart_id_i[19]}]
set_driving_cell -lib_cell SAEDRVT14_BUF_4 -pin X [get_ports {hart_id_i[18]}]
set_driving_cell -lib_cell SAEDRVT14_BUF_4 -pin X [get_ports {hart_id_i[17]}]
set_driving_cell -lib_cell SAEDRVT14_BUF_4 -pin X [get_ports {hart_id_i[16]}]
set_driving_cell -lib_cell SAEDRVT14_BUF_4 -pin X [get_ports {hart_id_i[15]}]
set_driving_cell -lib_cell SAEDRVT14_BUF_4 -pin X [get_ports {hart_id_i[14]}]
set_driving_cell -lib_cell SAEDRVT14_BUF_4 -pin X [get_ports {hart_id_i[13]}]
set_driving_cell -lib_cell SAEDRVT14_BUF_4 -pin X [get_ports {hart_id_i[12]}]
set_driving_cell -lib_cell SAEDRVT14_BUF_4 -pin X [get_ports {hart_id_i[11]}]
set_driving_cell -lib_cell SAEDRVT14_BUF_4 -pin X [get_ports {hart_id_i[10]}]
set_driving_cell -lib_cell SAEDRVT14_BUF_4 -pin X [get_ports {hart_id_i[9]}]
set_driving_cell -lib_cell SAEDRVT14_BUF_4 -pin X [get_ports {hart_id_i[8]}]
set_driving_cell -lib_cell SAEDRVT14_BUF_4 -pin X [get_ports {hart_id_i[7]}]
set_driving_cell -lib_cell SAEDRVT14_BUF_4 -pin X [get_ports {hart_id_i[6]}]
set_driving_cell -lib_cell SAEDRVT14_BUF_4 -pin X [get_ports {hart_id_i[5]}]
set_driving_cell -lib_cell SAEDRVT14_BUF_4 -pin X [get_ports {hart_id_i[4]}]
set_driving_cell -lib_cell SAEDRVT14_BUF_4 -pin X [get_ports {hart_id_i[3]}]
set_driving_cell -lib_cell SAEDRVT14_BUF_4 -pin X [get_ports {hart_id_i[2]}]
set_driving_cell -lib_cell SAEDRVT14_BUF_4 -pin X [get_ports {hart_id_i[1]}]
set_driving_cell -lib_cell SAEDRVT14_BUF_4 -pin X [get_ports {hart_id_i[0]}]
set_driving_cell -lib_cell SAEDRVT14_BUF_4 -pin X [get_ports {dm_exception_addr_i[31]}]
set_driving_cell -lib_cell SAEDRVT14_BUF_4 -pin X [get_ports {dm_exception_addr_i[30]}]
set_driving_cell -lib_cell SAEDRVT14_BUF_4 -pin X [get_ports {dm_exception_addr_i[29]}]
set_driving_cell -lib_cell SAEDRVT14_BUF_4 -pin X [get_ports {dm_exception_addr_i[28]}]
set_driving_cell -lib_cell SAEDRVT14_BUF_4 -pin X [get_ports {dm_exception_addr_i[27]}]
set_driving_cell -lib_cell SAEDRVT14_BUF_4 -pin X [get_ports {dm_exception_addr_i[26]}]
set_driving_cell -lib_cell SAEDRVT14_BUF_4 -pin X [get_ports {dm_exception_addr_i[25]}]
set_driving_cell -lib_cell SAEDRVT14_BUF_4 -pin X [get_ports {dm_exception_addr_i[24]}]
set_driving_cell -lib_cell SAEDRVT14_BUF_4 -pin X [get_ports {dm_exception_addr_i[23]}]
set_driving_cell -lib_cell SAEDRVT14_BUF_4 -pin X [get_ports {dm_exception_addr_i[22]}]
set_driving_cell -lib_cell SAEDRVT14_BUF_4 -pin X [get_ports {dm_exception_addr_i[21]}]
set_driving_cell -lib_cell SAEDRVT14_BUF_4 -pin X [get_ports {dm_exception_addr_i[20]}]
set_driving_cell -lib_cell SAEDRVT14_BUF_4 -pin X [get_ports {dm_exception_addr_i[19]}]
set_driving_cell -lib_cell SAEDRVT14_BUF_4 -pin X [get_ports {dm_exception_addr_i[18]}]
set_driving_cell -lib_cell SAEDRVT14_BUF_4 -pin X [get_ports {dm_exception_addr_i[17]}]
set_driving_cell -lib_cell SAEDRVT14_BUF_4 -pin X [get_ports {dm_exception_addr_i[16]}]
set_driving_cell -lib_cell SAEDRVT14_BUF_4 -pin X [get_ports {dm_exception_addr_i[15]}]
set_driving_cell -lib_cell SAEDRVT14_BUF_4 -pin X [get_ports {dm_exception_addr_i[14]}]
set_driving_cell -lib_cell SAEDRVT14_BUF_4 -pin X [get_ports {dm_exception_addr_i[13]}]
set_driving_cell -lib_cell SAEDRVT14_BUF_4 -pin X [get_ports {dm_exception_addr_i[12]}]
set_driving_cell -lib_cell SAEDRVT14_BUF_4 -pin X [get_ports {dm_exception_addr_i[11]}]
set_driving_cell -lib_cell SAEDRVT14_BUF_4 -pin X [get_ports {dm_exception_addr_i[10]}]
set_driving_cell -lib_cell SAEDRVT14_BUF_4 -pin X [get_ports {dm_exception_addr_i[9]}]
set_driving_cell -lib_cell SAEDRVT14_BUF_4 -pin X [get_ports {dm_exception_addr_i[8]}]
set_driving_cell -lib_cell SAEDRVT14_BUF_4 -pin X [get_ports {dm_exception_addr_i[7]}]
set_driving_cell -lib_cell SAEDRVT14_BUF_4 -pin X [get_ports {dm_exception_addr_i[6]}]
set_driving_cell -lib_cell SAEDRVT14_BUF_4 -pin X [get_ports {dm_exception_addr_i[5]}]
set_driving_cell -lib_cell SAEDRVT14_BUF_4 -pin X [get_ports {dm_exception_addr_i[4]}]
set_driving_cell -lib_cell SAEDRVT14_BUF_4 -pin X [get_ports {dm_exception_addr_i[3]}]
set_driving_cell -lib_cell SAEDRVT14_BUF_4 -pin X [get_ports {dm_exception_addr_i[2]}]
set_driving_cell -lib_cell SAEDRVT14_BUF_4 -pin X [get_ports {dm_exception_addr_i[1]}]
set_driving_cell -lib_cell SAEDRVT14_BUF_4 -pin X [get_ports {dm_exception_addr_i[0]}]
set_driving_cell -lib_cell SAEDRVT14_BUF_4 -pin X [get_ports instr_gnt_i]
set_driving_cell -lib_cell SAEDRVT14_BUF_4 -pin X [get_ports instr_rvalid_i]
set_driving_cell -lib_cell SAEDRVT14_BUF_4 -pin X [get_ports {instr_rdata_i[31]}]
set_driving_cell -lib_cell SAEDRVT14_BUF_4 -pin X [get_ports {instr_rdata_i[30]}]
set_driving_cell -lib_cell SAEDRVT14_BUF_4 -pin X [get_ports {instr_rdata_i[29]}]
set_driving_cell -lib_cell SAEDRVT14_BUF_4 -pin X [get_ports {instr_rdata_i[28]}]
set_driving_cell -lib_cell SAEDRVT14_BUF_4 -pin X [get_ports {instr_rdata_i[27]}]
set_driving_cell -lib_cell SAEDRVT14_BUF_4 -pin X [get_ports {instr_rdata_i[26]}]
set_driving_cell -lib_cell SAEDRVT14_BUF_4 -pin X [get_ports {instr_rdata_i[25]}]
set_driving_cell -lib_cell SAEDRVT14_BUF_4 -pin X [get_ports {instr_rdata_i[24]}]
set_driving_cell -lib_cell SAEDRVT14_BUF_4 -pin X [get_ports {instr_rdata_i[23]}]
set_driving_cell -lib_cell SAEDRVT14_BUF_4 -pin X [get_ports {instr_rdata_i[22]}]
set_driving_cell -lib_cell SAEDRVT14_BUF_4 -pin X [get_ports {instr_rdata_i[21]}]
set_driving_cell -lib_cell SAEDRVT14_BUF_4 -pin X [get_ports {instr_rdata_i[20]}]
set_driving_cell -lib_cell SAEDRVT14_BUF_4 -pin X [get_ports {instr_rdata_i[19]}]
set_driving_cell -lib_cell SAEDRVT14_BUF_4 -pin X [get_ports {instr_rdata_i[18]}]
set_driving_cell -lib_cell SAEDRVT14_BUF_4 -pin X [get_ports {instr_rdata_i[17]}]
set_driving_cell -lib_cell SAEDRVT14_BUF_4 -pin X [get_ports {instr_rdata_i[16]}]
set_driving_cell -lib_cell SAEDRVT14_BUF_4 -pin X [get_ports {instr_rdata_i[15]}]
set_driving_cell -lib_cell SAEDRVT14_BUF_4 -pin X [get_ports {instr_rdata_i[14]}]
set_driving_cell -lib_cell SAEDRVT14_BUF_4 -pin X [get_ports {instr_rdata_i[13]}]
set_driving_cell -lib_cell SAEDRVT14_BUF_4 -pin X [get_ports {instr_rdata_i[12]}]
set_driving_cell -lib_cell SAEDRVT14_BUF_4 -pin X [get_ports {instr_rdata_i[11]}]
set_driving_cell -lib_cell SAEDRVT14_BUF_4 -pin X [get_ports {instr_rdata_i[10]}]
set_driving_cell -lib_cell SAEDRVT14_BUF_4 -pin X [get_ports {instr_rdata_i[9]}]
set_driving_cell -lib_cell SAEDRVT14_BUF_4 -pin X [get_ports {instr_rdata_i[8]}]
set_driving_cell -lib_cell SAEDRVT14_BUF_4 -pin X [get_ports {instr_rdata_i[7]}]
set_driving_cell -lib_cell SAEDRVT14_BUF_4 -pin X [get_ports {instr_rdata_i[6]}]
set_driving_cell -lib_cell SAEDRVT14_BUF_4 -pin X [get_ports {instr_rdata_i[5]}]
set_driving_cell -lib_cell SAEDRVT14_BUF_4 -pin X [get_ports {instr_rdata_i[4]}]
set_driving_cell -lib_cell SAEDRVT14_BUF_4 -pin X [get_ports {instr_rdata_i[3]}]
set_driving_cell -lib_cell SAEDRVT14_BUF_4 -pin X [get_ports {instr_rdata_i[2]}]
set_driving_cell -lib_cell SAEDRVT14_BUF_4 -pin X [get_ports {instr_rdata_i[1]}]
set_driving_cell -lib_cell SAEDRVT14_BUF_4 -pin X [get_ports {instr_rdata_i[0]}]
set_driving_cell -lib_cell SAEDRVT14_BUF_4 -pin X [get_ports data_gnt_i]
set_driving_cell -lib_cell SAEDRVT14_BUF_4 -pin X [get_ports data_rvalid_i]
set_driving_cell -lib_cell SAEDRVT14_BUF_4 -pin X [get_ports {data_rdata_i[31]}]
set_driving_cell -lib_cell SAEDRVT14_BUF_4 -pin X [get_ports {data_rdata_i[30]}]
set_driving_cell -lib_cell SAEDRVT14_BUF_4 -pin X [get_ports {data_rdata_i[29]}]
set_driving_cell -lib_cell SAEDRVT14_BUF_4 -pin X [get_ports {data_rdata_i[28]}]
set_driving_cell -lib_cell SAEDRVT14_BUF_4 -pin X [get_ports {data_rdata_i[27]}]
set_driving_cell -lib_cell SAEDRVT14_BUF_4 -pin X [get_ports {data_rdata_i[26]}]
set_driving_cell -lib_cell SAEDRVT14_BUF_4 -pin X [get_ports {data_rdata_i[25]}]
set_driving_cell -lib_cell SAEDRVT14_BUF_4 -pin X [get_ports {data_rdata_i[24]}]
set_driving_cell -lib_cell SAEDRVT14_BUF_4 -pin X [get_ports {data_rdata_i[23]}]
set_driving_cell -lib_cell SAEDRVT14_BUF_4 -pin X [get_ports {data_rdata_i[22]}]
set_driving_cell -lib_cell SAEDRVT14_BUF_4 -pin X [get_ports {data_rdata_i[21]}]
set_driving_cell -lib_cell SAEDRVT14_BUF_4 -pin X [get_ports {data_rdata_i[20]}]
set_driving_cell -lib_cell SAEDRVT14_BUF_4 -pin X [get_ports {data_rdata_i[19]}]
set_driving_cell -lib_cell SAEDRVT14_BUF_4 -pin X [get_ports {data_rdata_i[18]}]
set_driving_cell -lib_cell SAEDRVT14_BUF_4 -pin X [get_ports {data_rdata_i[17]}]
set_driving_cell -lib_cell SAEDRVT14_BUF_4 -pin X [get_ports {data_rdata_i[16]}]
set_driving_cell -lib_cell SAEDRVT14_BUF_4 -pin X [get_ports {data_rdata_i[15]}]
set_driving_cell -lib_cell SAEDRVT14_BUF_4 -pin X [get_ports {data_rdata_i[14]}]
set_driving_cell -lib_cell SAEDRVT14_BUF_4 -pin X [get_ports {data_rdata_i[13]}]
set_driving_cell -lib_cell SAEDRVT14_BUF_4 -pin X [get_ports {data_rdata_i[12]}]
set_driving_cell -lib_cell SAEDRVT14_BUF_4 -pin X [get_ports {data_rdata_i[11]}]
set_driving_cell -lib_cell SAEDRVT14_BUF_4 -pin X [get_ports {data_rdata_i[10]}]
set_driving_cell -lib_cell SAEDRVT14_BUF_4 -pin X [get_ports {data_rdata_i[9]}]
set_driving_cell -lib_cell SAEDRVT14_BUF_4 -pin X [get_ports {data_rdata_i[8]}]
set_driving_cell -lib_cell SAEDRVT14_BUF_4 -pin X [get_ports {data_rdata_i[7]}]
set_driving_cell -lib_cell SAEDRVT14_BUF_4 -pin X [get_ports {data_rdata_i[6]}]
set_driving_cell -lib_cell SAEDRVT14_BUF_4 -pin X [get_ports {data_rdata_i[5]}]
set_driving_cell -lib_cell SAEDRVT14_BUF_4 -pin X [get_ports {data_rdata_i[4]}]
set_driving_cell -lib_cell SAEDRVT14_BUF_4 -pin X [get_ports {data_rdata_i[3]}]
set_driving_cell -lib_cell SAEDRVT14_BUF_4 -pin X [get_ports {data_rdata_i[2]}]
set_driving_cell -lib_cell SAEDRVT14_BUF_4 -pin X [get_ports {data_rdata_i[1]}]
set_driving_cell -lib_cell SAEDRVT14_BUF_4 -pin X [get_ports {data_rdata_i[0]}]
set_driving_cell -lib_cell SAEDRVT14_BUF_4 -pin X [get_ports {irq_i[31]}]
set_driving_cell -lib_cell SAEDRVT14_BUF_4 -pin X [get_ports {irq_i[30]}]
set_driving_cell -lib_cell SAEDRVT14_BUF_4 -pin X [get_ports {irq_i[29]}]
set_driving_cell -lib_cell SAEDRVT14_BUF_4 -pin X [get_ports {irq_i[28]}]
set_driving_cell -lib_cell SAEDRVT14_BUF_4 -pin X [get_ports {irq_i[27]}]
set_driving_cell -lib_cell SAEDRVT14_BUF_4 -pin X [get_ports {irq_i[26]}]
set_driving_cell -lib_cell SAEDRVT14_BUF_4 -pin X [get_ports {irq_i[25]}]
set_driving_cell -lib_cell SAEDRVT14_BUF_4 -pin X [get_ports {irq_i[24]}]
set_driving_cell -lib_cell SAEDRVT14_BUF_4 -pin X [get_ports {irq_i[23]}]
set_driving_cell -lib_cell SAEDRVT14_BUF_4 -pin X [get_ports {irq_i[22]}]
set_driving_cell -lib_cell SAEDRVT14_BUF_4 -pin X [get_ports {irq_i[21]}]
set_driving_cell -lib_cell SAEDRVT14_BUF_4 -pin X [get_ports {irq_i[20]}]
set_driving_cell -lib_cell SAEDRVT14_BUF_4 -pin X [get_ports {irq_i[19]}]
set_driving_cell -lib_cell SAEDRVT14_BUF_4 -pin X [get_ports {irq_i[18]}]
set_driving_cell -lib_cell SAEDRVT14_BUF_4 -pin X [get_ports {irq_i[17]}]
set_driving_cell -lib_cell SAEDRVT14_BUF_4 -pin X [get_ports {irq_i[16]}]
set_driving_cell -lib_cell SAEDRVT14_BUF_4 -pin X [get_ports {irq_i[15]}]
set_driving_cell -lib_cell SAEDRVT14_BUF_4 -pin X [get_ports {irq_i[14]}]
set_driving_cell -lib_cell SAEDRVT14_BUF_4 -pin X [get_ports {irq_i[13]}]
set_driving_cell -lib_cell SAEDRVT14_BUF_4 -pin X [get_ports {irq_i[12]}]
set_driving_cell -lib_cell SAEDRVT14_BUF_4 -pin X [get_ports {irq_i[11]}]
set_driving_cell -lib_cell SAEDRVT14_BUF_4 -pin X [get_ports {irq_i[10]}]
set_driving_cell -lib_cell SAEDRVT14_BUF_4 -pin X [get_ports {irq_i[9]}]
set_driving_cell -lib_cell SAEDRVT14_BUF_4 -pin X [get_ports {irq_i[8]}]
set_driving_cell -lib_cell SAEDRVT14_BUF_4 -pin X [get_ports {irq_i[7]}]
set_driving_cell -lib_cell SAEDRVT14_BUF_4 -pin X [get_ports {irq_i[6]}]
set_driving_cell -lib_cell SAEDRVT14_BUF_4 -pin X [get_ports {irq_i[5]}]
set_driving_cell -lib_cell SAEDRVT14_BUF_4 -pin X [get_ports {irq_i[4]}]
set_driving_cell -lib_cell SAEDRVT14_BUF_4 -pin X [get_ports {irq_i[3]}]
set_driving_cell -lib_cell SAEDRVT14_BUF_4 -pin X [get_ports {irq_i[2]}]
set_driving_cell -lib_cell SAEDRVT14_BUF_4 -pin X [get_ports {irq_i[1]}]
set_driving_cell -lib_cell SAEDRVT14_BUF_4 -pin X [get_ports {irq_i[0]}]
set_driving_cell -lib_cell SAEDRVT14_BUF_4 -pin X [get_ports debug_req_i]
set_driving_cell -lib_cell SAEDRVT14_BUF_4 -pin X [get_ports fetch_enable_i]
set_load -pin_load 0.5 [get_ports instr_req_o]
set_load -pin_load 0.5 [get_ports {instr_addr_o[31]}]
set_load -pin_load 0.5 [get_ports {instr_addr_o[30]}]
set_load -pin_load 0.5 [get_ports {instr_addr_o[29]}]
set_load -pin_load 0.5 [get_ports {instr_addr_o[28]}]
set_load -pin_load 0.5 [get_ports {instr_addr_o[27]}]
set_load -pin_load 0.5 [get_ports {instr_addr_o[26]}]
set_load -pin_load 0.5 [get_ports {instr_addr_o[25]}]
set_load -pin_load 0.5 [get_ports {instr_addr_o[24]}]
set_load -pin_load 0.5 [get_ports {instr_addr_o[23]}]
set_load -pin_load 0.5 [get_ports {instr_addr_o[22]}]
set_load -pin_load 0.5 [get_ports {instr_addr_o[21]}]
set_load -pin_load 0.5 [get_ports {instr_addr_o[20]}]
set_load -pin_load 0.5 [get_ports {instr_addr_o[19]}]
set_load -pin_load 0.5 [get_ports {instr_addr_o[18]}]
set_load -pin_load 0.5 [get_ports {instr_addr_o[17]}]
set_load -pin_load 0.5 [get_ports {instr_addr_o[16]}]
set_load -pin_load 0.5 [get_ports {instr_addr_o[15]}]
set_load -pin_load 0.5 [get_ports {instr_addr_o[14]}]
set_load -pin_load 0.5 [get_ports {instr_addr_o[13]}]
set_load -pin_load 0.5 [get_ports {instr_addr_o[12]}]
set_load -pin_load 0.5 [get_ports {instr_addr_o[11]}]
set_load -pin_load 0.5 [get_ports {instr_addr_o[10]}]
set_load -pin_load 0.5 [get_ports {instr_addr_o[9]}]
set_load -pin_load 0.5 [get_ports {instr_addr_o[8]}]
set_load -pin_load 0.5 [get_ports {instr_addr_o[7]}]
set_load -pin_load 0.5 [get_ports {instr_addr_o[6]}]
set_load -pin_load 0.5 [get_ports {instr_addr_o[5]}]
set_load -pin_load 0.5 [get_ports {instr_addr_o[4]}]
set_load -pin_load 0.5 [get_ports {instr_addr_o[3]}]
set_load -pin_load 0.5 [get_ports {instr_addr_o[2]}]
set_load -pin_load 0.5 [get_ports {instr_addr_o[1]}]
set_load -pin_load 0.5 [get_ports {instr_addr_o[0]}]
set_load -pin_load 0.5 [get_ports data_req_o]
set_load -pin_load 0.5 [get_ports data_we_o]
set_load -pin_load 0.5 [get_ports {data_be_o[3]}]
set_load -pin_load 0.5 [get_ports {data_be_o[2]}]
set_load -pin_load 0.5 [get_ports {data_be_o[1]}]
set_load -pin_load 0.5 [get_ports {data_be_o[0]}]
set_load -pin_load 0.5 [get_ports {data_addr_o[31]}]
set_load -pin_load 0.5 [get_ports {data_addr_o[30]}]
set_load -pin_load 0.5 [get_ports {data_addr_o[29]}]
set_load -pin_load 0.5 [get_ports {data_addr_o[28]}]
set_load -pin_load 0.5 [get_ports {data_addr_o[27]}]
set_load -pin_load 0.5 [get_ports {data_addr_o[26]}]
set_load -pin_load 0.5 [get_ports {data_addr_o[25]}]
set_load -pin_load 0.5 [get_ports {data_addr_o[24]}]
set_load -pin_load 0.5 [get_ports {data_addr_o[23]}]
set_load -pin_load 0.5 [get_ports {data_addr_o[22]}]
set_load -pin_load 0.5 [get_ports {data_addr_o[21]}]
set_load -pin_load 0.5 [get_ports {data_addr_o[20]}]
set_load -pin_load 0.5 [get_ports {data_addr_o[19]}]
set_load -pin_load 0.5 [get_ports {data_addr_o[18]}]
set_load -pin_load 0.5 [get_ports {data_addr_o[17]}]
set_load -pin_load 0.5 [get_ports {data_addr_o[16]}]
set_load -pin_load 0.5 [get_ports {data_addr_o[15]}]
set_load -pin_load 0.5 [get_ports {data_addr_o[14]}]
set_load -pin_load 0.5 [get_ports {data_addr_o[13]}]
set_load -pin_load 0.5 [get_ports {data_addr_o[12]}]
set_load -pin_load 0.5 [get_ports {data_addr_o[11]}]
set_load -pin_load 0.5 [get_ports {data_addr_o[10]}]
set_load -pin_load 0.5 [get_ports {data_addr_o[9]}]
set_load -pin_load 0.5 [get_ports {data_addr_o[8]}]
set_load -pin_load 0.5 [get_ports {data_addr_o[7]}]
set_load -pin_load 0.5 [get_ports {data_addr_o[6]}]
set_load -pin_load 0.5 [get_ports {data_addr_o[5]}]
set_load -pin_load 0.5 [get_ports {data_addr_o[4]}]
set_load -pin_load 0.5 [get_ports {data_addr_o[3]}]
set_load -pin_load 0.5 [get_ports {data_addr_o[2]}]
set_load -pin_load 0.5 [get_ports {data_addr_o[1]}]
set_load -pin_load 0.5 [get_ports {data_addr_o[0]}]
set_load -pin_load 0.5 [get_ports {data_wdata_o[31]}]
set_load -pin_load 0.5 [get_ports {data_wdata_o[30]}]
set_load -pin_load 0.5 [get_ports {data_wdata_o[29]}]
set_load -pin_load 0.5 [get_ports {data_wdata_o[28]}]
set_load -pin_load 0.5 [get_ports {data_wdata_o[27]}]
set_load -pin_load 0.5 [get_ports {data_wdata_o[26]}]
set_load -pin_load 0.5 [get_ports {data_wdata_o[25]}]
set_load -pin_load 0.5 [get_ports {data_wdata_o[24]}]
set_load -pin_load 0.5 [get_ports {data_wdata_o[23]}]
set_load -pin_load 0.5 [get_ports {data_wdata_o[22]}]
set_load -pin_load 0.5 [get_ports {data_wdata_o[21]}]
set_load -pin_load 0.5 [get_ports {data_wdata_o[20]}]
set_load -pin_load 0.5 [get_ports {data_wdata_o[19]}]
set_load -pin_load 0.5 [get_ports {data_wdata_o[18]}]
set_load -pin_load 0.5 [get_ports {data_wdata_o[17]}]
set_load -pin_load 0.5 [get_ports {data_wdata_o[16]}]
set_load -pin_load 0.5 [get_ports {data_wdata_o[15]}]
set_load -pin_load 0.5 [get_ports {data_wdata_o[14]}]
set_load -pin_load 0.5 [get_ports {data_wdata_o[13]}]
set_load -pin_load 0.5 [get_ports {data_wdata_o[12]}]
set_load -pin_load 0.5 [get_ports {data_wdata_o[11]}]
set_load -pin_load 0.5 [get_ports {data_wdata_o[10]}]
set_load -pin_load 0.5 [get_ports {data_wdata_o[9]}]
set_load -pin_load 0.5 [get_ports {data_wdata_o[8]}]
set_load -pin_load 0.5 [get_ports {data_wdata_o[7]}]
set_load -pin_load 0.5 [get_ports {data_wdata_o[6]}]
set_load -pin_load 0.5 [get_ports {data_wdata_o[5]}]
set_load -pin_load 0.5 [get_ports {data_wdata_o[4]}]
set_load -pin_load 0.5 [get_ports {data_wdata_o[3]}]
set_load -pin_load 0.5 [get_ports {data_wdata_o[2]}]
set_load -pin_load 0.5 [get_ports {data_wdata_o[1]}]
set_load -pin_load 0.5 [get_ports {data_wdata_o[0]}]
set_load -pin_load 0.5 [get_ports irq_ack_o]
set_load -pin_load 0.5 [get_ports {irq_id_o[4]}]
set_load -pin_load 0.5 [get_ports {irq_id_o[3]}]
set_load -pin_load 0.5 [get_ports {irq_id_o[2]}]
set_load -pin_load 0.5 [get_ports {irq_id_o[1]}]
set_load -pin_load 0.5 [get_ports {irq_id_o[0]}]
set_load -pin_load 0.5 [get_ports debug_havereset_o]
set_load -pin_load 0.5 [get_ports debug_running_o]
set_load -pin_load 0.5 [get_ports debug_halted_o]
set_load -pin_load 0.5 [get_ports core_sleep_o]
create_clock [get_ports clk_i]  -period 5  -waveform {0 2.5}
Warning: Redefining clock 'clk_i'.  
 Previously defined at: /home/ICer/ITI/PnR_Grad/Backend/Synthesis/sdc/cv32e40p_top.sdc, line 387 (UIC-034)
set_input_delay -clock clk_i  2.5  [get_ports {irq_i[31]}]
set_input_delay -clock clk_i  2.5  [get_ports {irq_i[30]}]
set_input_delay -clock clk_i  2.5  [get_ports {irq_i[29]}]
set_input_delay -clock clk_i  2.5  [get_ports {irq_i[28]}]
set_input_delay -clock clk_i  2.5  [get_ports {irq_i[27]}]
set_input_delay -clock clk_i  2.5  [get_ports {irq_i[26]}]
set_input_delay -clock clk_i  2.5  [get_ports {irq_i[25]}]
set_input_delay -clock clk_i  2.5  [get_ports {irq_i[24]}]
set_input_delay -clock clk_i  2.5  [get_ports {irq_i[23]}]
set_input_delay -clock clk_i  2.5  [get_ports {irq_i[22]}]
set_input_delay -clock clk_i  2.5  [get_ports {irq_i[21]}]
set_input_delay -clock clk_i  2.5  [get_ports {irq_i[20]}]
set_input_delay -clock clk_i  2.5  [get_ports {irq_i[19]}]
set_input_delay -clock clk_i  2.5  [get_ports {irq_i[18]}]
set_input_delay -clock clk_i  2.5  [get_ports {irq_i[17]}]
set_input_delay -clock clk_i  2.5  [get_ports {irq_i[16]}]
set_input_delay -clock clk_i  2.5  [get_ports {irq_i[15]}]
set_input_delay -clock clk_i  2.5  [get_ports {irq_i[14]}]
set_input_delay -clock clk_i  2.5  [get_ports {irq_i[13]}]
set_input_delay -clock clk_i  2.5  [get_ports {irq_i[12]}]
set_input_delay -clock clk_i  2.5  [get_ports {irq_i[11]}]
set_input_delay -clock clk_i  2.5  [get_ports {irq_i[10]}]
set_input_delay -clock clk_i  2.5  [get_ports {irq_i[9]}]
set_input_delay -clock clk_i  2.5  [get_ports {irq_i[8]}]
set_input_delay -clock clk_i  2.5  [get_ports {irq_i[7]}]
set_input_delay -clock clk_i  2.5  [get_ports {irq_i[6]}]
set_input_delay -clock clk_i  2.5  [get_ports {irq_i[5]}]
set_input_delay -clock clk_i  2.5  [get_ports {irq_i[4]}]
set_input_delay -clock clk_i  2.5  [get_ports {irq_i[3]}]
set_input_delay -clock clk_i  2.5  [get_ports {irq_i[2]}]
set_input_delay -clock clk_i  2.5  [get_ports {irq_i[1]}]
set_input_delay -clock clk_i  2.5  [get_ports {irq_i[0]}]
set_input_delay -clock clk_i  4  [get_ports instr_gnt_i]
set_input_delay -clock clk_i  4  [get_ports instr_rvalid_i]
set_input_delay -clock clk_i  4  [get_ports {instr_rdata_i[31]}]
set_input_delay -clock clk_i  4  [get_ports {instr_rdata_i[30]}]
set_input_delay -clock clk_i  4  [get_ports {instr_rdata_i[29]}]
set_input_delay -clock clk_i  4  [get_ports {instr_rdata_i[28]}]
set_input_delay -clock clk_i  4  [get_ports {instr_rdata_i[27]}]
set_input_delay -clock clk_i  4  [get_ports {instr_rdata_i[26]}]
set_input_delay -clock clk_i  4  [get_ports {instr_rdata_i[25]}]
set_input_delay -clock clk_i  4  [get_ports {instr_rdata_i[24]}]
set_input_delay -clock clk_i  4  [get_ports {instr_rdata_i[23]}]
set_input_delay -clock clk_i  4  [get_ports {instr_rdata_i[22]}]
set_input_delay -clock clk_i  4  [get_ports {instr_rdata_i[21]}]
set_input_delay -clock clk_i  4  [get_ports {instr_rdata_i[20]}]
set_input_delay -clock clk_i  4  [get_ports {instr_rdata_i[19]}]
set_input_delay -clock clk_i  4  [get_ports {instr_rdata_i[18]}]
set_input_delay -clock clk_i  4  [get_ports {instr_rdata_i[17]}]
set_input_delay -clock clk_i  4  [get_ports {instr_rdata_i[16]}]
set_input_delay -clock clk_i  4  [get_ports {instr_rdata_i[15]}]
set_input_delay -clock clk_i  4  [get_ports {instr_rdata_i[14]}]
set_input_delay -clock clk_i  4  [get_ports {instr_rdata_i[13]}]
set_input_delay -clock clk_i  4  [get_ports {instr_rdata_i[12]}]
set_input_delay -clock clk_i  4  [get_ports {instr_rdata_i[11]}]
set_input_delay -clock clk_i  4  [get_ports {instr_rdata_i[10]}]
set_input_delay -clock clk_i  4  [get_ports {instr_rdata_i[9]}]
set_input_delay -clock clk_i  4  [get_ports {instr_rdata_i[8]}]
set_input_delay -clock clk_i  4  [get_ports {instr_rdata_i[7]}]
set_input_delay -clock clk_i  4  [get_ports {instr_rdata_i[6]}]
set_input_delay -clock clk_i  4  [get_ports {instr_rdata_i[5]}]
set_input_delay -clock clk_i  4  [get_ports {instr_rdata_i[4]}]
set_input_delay -clock clk_i  4  [get_ports {instr_rdata_i[3]}]
set_input_delay -clock clk_i  4  [get_ports {instr_rdata_i[2]}]
set_input_delay -clock clk_i  4  [get_ports {instr_rdata_i[1]}]
set_input_delay -clock clk_i  4  [get_ports {instr_rdata_i[0]}]
set_input_delay -clock clk_i  4  [get_ports data_gnt_i]
set_input_delay -clock clk_i  4  [get_ports data_rvalid_i]
set_input_delay -clock clk_i  4  [get_ports {data_rdata_i[31]}]
set_input_delay -clock clk_i  4  [get_ports {data_rdata_i[30]}]
set_input_delay -clock clk_i  4  [get_ports {data_rdata_i[29]}]
set_input_delay -clock clk_i  4  [get_ports {data_rdata_i[28]}]
set_input_delay -clock clk_i  4  [get_ports {data_rdata_i[27]}]
set_input_delay -clock clk_i  4  [get_ports {data_rdata_i[26]}]
set_input_delay -clock clk_i  4  [get_ports {data_rdata_i[25]}]
set_input_delay -clock clk_i  4  [get_ports {data_rdata_i[24]}]
set_input_delay -clock clk_i  4  [get_ports {data_rdata_i[23]}]
set_input_delay -clock clk_i  4  [get_ports {data_rdata_i[22]}]
set_input_delay -clock clk_i  4  [get_ports {data_rdata_i[21]}]
set_input_delay -clock clk_i  4  [get_ports {data_rdata_i[20]}]
set_input_delay -clock clk_i  4  [get_ports {data_rdata_i[19]}]
set_input_delay -clock clk_i  4  [get_ports {data_rdata_i[18]}]
set_input_delay -clock clk_i  4  [get_ports {data_rdata_i[17]}]
set_input_delay -clock clk_i  4  [get_ports {data_rdata_i[16]}]
set_input_delay -clock clk_i  4  [get_ports {data_rdata_i[15]}]
set_input_delay -clock clk_i  4  [get_ports {data_rdata_i[14]}]
set_input_delay -clock clk_i  4  [get_ports {data_rdata_i[13]}]
set_input_delay -clock clk_i  4  [get_ports {data_rdata_i[12]}]
set_input_delay -clock clk_i  4  [get_ports {data_rdata_i[11]}]
set_input_delay -clock clk_i  4  [get_ports {data_rdata_i[10]}]
set_input_delay -clock clk_i  4  [get_ports {data_rdata_i[9]}]
set_input_delay -clock clk_i  4  [get_ports {data_rdata_i[8]}]
set_input_delay -clock clk_i  4  [get_ports {data_rdata_i[7]}]
set_input_delay -clock clk_i  4  [get_ports {data_rdata_i[6]}]
set_input_delay -clock clk_i  4  [get_ports {data_rdata_i[5]}]
set_input_delay -clock clk_i  4  [get_ports {data_rdata_i[4]}]
set_input_delay -clock clk_i  4  [get_ports {data_rdata_i[3]}]
set_input_delay -clock clk_i  4  [get_ports {data_rdata_i[2]}]
set_input_delay -clock clk_i  4  [get_ports {data_rdata_i[1]}]
set_input_delay -clock clk_i  4  [get_ports {data_rdata_i[0]}]
set_input_delay -clock clk_i  0.5  [get_ports debug_req_i]
set_input_delay -clock clk_i  0.5  [get_ports {boot_addr_i[31]}]
set_input_delay -clock clk_i  0.5  [get_ports {boot_addr_i[30]}]
set_input_delay -clock clk_i  0.5  [get_ports {boot_addr_i[29]}]
set_input_delay -clock clk_i  0.5  [get_ports {boot_addr_i[28]}]
set_input_delay -clock clk_i  0.5  [get_ports {boot_addr_i[27]}]
set_input_delay -clock clk_i  0.5  [get_ports {boot_addr_i[26]}]
set_input_delay -clock clk_i  0.5  [get_ports {boot_addr_i[25]}]
set_input_delay -clock clk_i  0.5  [get_ports {boot_addr_i[24]}]
set_input_delay -clock clk_i  0.5  [get_ports {boot_addr_i[23]}]
set_input_delay -clock clk_i  0.5  [get_ports {boot_addr_i[22]}]
set_input_delay -clock clk_i  0.5  [get_ports {boot_addr_i[21]}]
set_input_delay -clock clk_i  0.5  [get_ports {boot_addr_i[20]}]
set_input_delay -clock clk_i  0.5  [get_ports {boot_addr_i[19]}]
set_input_delay -clock clk_i  0.5  [get_ports {boot_addr_i[18]}]
set_input_delay -clock clk_i  0.5  [get_ports {boot_addr_i[17]}]
set_input_delay -clock clk_i  0.5  [get_ports {boot_addr_i[16]}]
set_input_delay -clock clk_i  0.5  [get_ports {boot_addr_i[15]}]
set_input_delay -clock clk_i  0.5  [get_ports {boot_addr_i[14]}]
set_input_delay -clock clk_i  0.5  [get_ports {boot_addr_i[13]}]
set_input_delay -clock clk_i  0.5  [get_ports {boot_addr_i[12]}]
set_input_delay -clock clk_i  0.5  [get_ports {boot_addr_i[11]}]
set_input_delay -clock clk_i  0.5  [get_ports {boot_addr_i[10]}]
set_input_delay -clock clk_i  0.5  [get_ports {boot_addr_i[9]}]
set_input_delay -clock clk_i  0.5  [get_ports {boot_addr_i[8]}]
set_input_delay -clock clk_i  0.5  [get_ports {boot_addr_i[7]}]
set_input_delay -clock clk_i  0.5  [get_ports {boot_addr_i[6]}]
set_input_delay -clock clk_i  0.5  [get_ports {boot_addr_i[5]}]
set_input_delay -clock clk_i  0.5  [get_ports {boot_addr_i[4]}]
set_input_delay -clock clk_i  0.5  [get_ports {boot_addr_i[3]}]
set_input_delay -clock clk_i  0.5  [get_ports {boot_addr_i[2]}]
set_input_delay -clock clk_i  0.5  [get_ports {boot_addr_i[1]}]
set_input_delay -clock clk_i  0.5  [get_ports {boot_addr_i[0]}]
set_input_delay -clock clk_i  0.5  [get_ports {mtvec_addr_i[31]}]
set_input_delay -clock clk_i  0.5  [get_ports {mtvec_addr_i[30]}]
set_input_delay -clock clk_i  0.5  [get_ports {mtvec_addr_i[29]}]
set_input_delay -clock clk_i  0.5  [get_ports {mtvec_addr_i[28]}]
set_input_delay -clock clk_i  0.5  [get_ports {mtvec_addr_i[27]}]
set_input_delay -clock clk_i  0.5  [get_ports {mtvec_addr_i[26]}]
set_input_delay -clock clk_i  0.5  [get_ports {mtvec_addr_i[25]}]
set_input_delay -clock clk_i  0.5  [get_ports {mtvec_addr_i[24]}]
set_input_delay -clock clk_i  0.5  [get_ports {mtvec_addr_i[23]}]
set_input_delay -clock clk_i  0.5  [get_ports {mtvec_addr_i[22]}]
set_input_delay -clock clk_i  0.5  [get_ports {mtvec_addr_i[21]}]
set_input_delay -clock clk_i  0.5  [get_ports {mtvec_addr_i[20]}]
set_input_delay -clock clk_i  0.5  [get_ports {mtvec_addr_i[19]}]
set_input_delay -clock clk_i  0.5  [get_ports {mtvec_addr_i[18]}]
set_input_delay -clock clk_i  0.5  [get_ports {mtvec_addr_i[17]}]
set_input_delay -clock clk_i  0.5  [get_ports {mtvec_addr_i[16]}]
set_input_delay -clock clk_i  0.5  [get_ports {mtvec_addr_i[15]}]
set_input_delay -clock clk_i  0.5  [get_ports {mtvec_addr_i[14]}]
set_input_delay -clock clk_i  0.5  [get_ports {mtvec_addr_i[13]}]
set_input_delay -clock clk_i  0.5  [get_ports {mtvec_addr_i[12]}]
set_input_delay -clock clk_i  0.5  [get_ports {mtvec_addr_i[11]}]
set_input_delay -clock clk_i  0.5  [get_ports {mtvec_addr_i[10]}]
set_input_delay -clock clk_i  0.5  [get_ports {mtvec_addr_i[9]}]
set_input_delay -clock clk_i  0.5  [get_ports {mtvec_addr_i[8]}]
set_input_delay -clock clk_i  0.5  [get_ports {mtvec_addr_i[7]}]
set_input_delay -clock clk_i  0.5  [get_ports {mtvec_addr_i[6]}]
set_input_delay -clock clk_i  0.5  [get_ports {mtvec_addr_i[5]}]
set_input_delay -clock clk_i  0.5  [get_ports {mtvec_addr_i[4]}]
set_input_delay -clock clk_i  0.5  [get_ports {mtvec_addr_i[3]}]
set_input_delay -clock clk_i  0.5  [get_ports {mtvec_addr_i[2]}]
set_input_delay -clock clk_i  0.5  [get_ports {mtvec_addr_i[1]}]
set_input_delay -clock clk_i  0.5  [get_ports {mtvec_addr_i[0]}]
set_input_delay -clock clk_i  0.5  [get_ports {dm_halt_addr_i[31]}]
set_input_delay -clock clk_i  0.5  [get_ports {dm_halt_addr_i[30]}]
set_input_delay -clock clk_i  0.5  [get_ports {dm_halt_addr_i[29]}]
set_input_delay -clock clk_i  0.5  [get_ports {dm_halt_addr_i[28]}]
set_input_delay -clock clk_i  0.5  [get_ports {dm_halt_addr_i[27]}]
set_input_delay -clock clk_i  0.5  [get_ports {dm_halt_addr_i[26]}]
set_input_delay -clock clk_i  0.5  [get_ports {dm_halt_addr_i[25]}]
set_input_delay -clock clk_i  0.5  [get_ports {dm_halt_addr_i[24]}]
set_input_delay -clock clk_i  0.5  [get_ports {dm_halt_addr_i[23]}]
set_input_delay -clock clk_i  0.5  [get_ports {dm_halt_addr_i[22]}]
set_input_delay -clock clk_i  0.5  [get_ports {dm_halt_addr_i[21]}]
set_input_delay -clock clk_i  0.5  [get_ports {dm_halt_addr_i[20]}]
set_input_delay -clock clk_i  0.5  [get_ports {dm_halt_addr_i[19]}]
set_input_delay -clock clk_i  0.5  [get_ports {dm_halt_addr_i[18]}]
set_input_delay -clock clk_i  0.5  [get_ports {dm_halt_addr_i[17]}]
set_input_delay -clock clk_i  0.5  [get_ports {dm_halt_addr_i[16]}]
set_input_delay -clock clk_i  0.5  [get_ports {dm_halt_addr_i[15]}]
set_input_delay -clock clk_i  0.5  [get_ports {dm_halt_addr_i[14]}]
set_input_delay -clock clk_i  0.5  [get_ports {dm_halt_addr_i[13]}]
set_input_delay -clock clk_i  0.5  [get_ports {dm_halt_addr_i[12]}]
set_input_delay -clock clk_i  0.5  [get_ports {dm_halt_addr_i[11]}]
set_input_delay -clock clk_i  0.5  [get_ports {dm_halt_addr_i[10]}]
set_input_delay -clock clk_i  0.5  [get_ports {dm_halt_addr_i[9]}]
set_input_delay -clock clk_i  0.5  [get_ports {dm_halt_addr_i[8]}]
set_input_delay -clock clk_i  0.5  [get_ports {dm_halt_addr_i[7]}]
set_input_delay -clock clk_i  0.5  [get_ports {dm_halt_addr_i[6]}]
set_input_delay -clock clk_i  0.5  [get_ports {dm_halt_addr_i[5]}]
set_input_delay -clock clk_i  0.5  [get_ports {dm_halt_addr_i[4]}]
set_input_delay -clock clk_i  0.5  [get_ports {dm_halt_addr_i[3]}]
set_input_delay -clock clk_i  0.5  [get_ports {dm_halt_addr_i[2]}]
set_input_delay -clock clk_i  0.5  [get_ports {dm_halt_addr_i[1]}]
set_input_delay -clock clk_i  0.5  [get_ports {dm_halt_addr_i[0]}]
set_input_delay -clock clk_i  0.5  [get_ports {hart_id_i[31]}]
set_input_delay -clock clk_i  0.5  [get_ports {hart_id_i[30]}]
set_input_delay -clock clk_i  0.5  [get_ports {hart_id_i[29]}]
set_input_delay -clock clk_i  0.5  [get_ports {hart_id_i[28]}]
set_input_delay -clock clk_i  0.5  [get_ports {hart_id_i[27]}]
set_input_delay -clock clk_i  0.5  [get_ports {hart_id_i[26]}]
set_input_delay -clock clk_i  0.5  [get_ports {hart_id_i[25]}]
set_input_delay -clock clk_i  0.5  [get_ports {hart_id_i[24]}]
set_input_delay -clock clk_i  0.5  [get_ports {hart_id_i[23]}]
set_input_delay -clock clk_i  0.5  [get_ports {hart_id_i[22]}]
set_input_delay -clock clk_i  0.5  [get_ports {hart_id_i[21]}]
set_input_delay -clock clk_i  0.5  [get_ports {hart_id_i[20]}]
set_input_delay -clock clk_i  0.5  [get_ports {hart_id_i[19]}]
set_input_delay -clock clk_i  0.5  [get_ports {hart_id_i[18]}]
set_input_delay -clock clk_i  0.5  [get_ports {hart_id_i[17]}]
set_input_delay -clock clk_i  0.5  [get_ports {hart_id_i[16]}]
set_input_delay -clock clk_i  0.5  [get_ports {hart_id_i[15]}]
set_input_delay -clock clk_i  0.5  [get_ports {hart_id_i[14]}]
set_input_delay -clock clk_i  0.5  [get_ports {hart_id_i[13]}]
set_input_delay -clock clk_i  0.5  [get_ports {hart_id_i[12]}]
set_input_delay -clock clk_i  0.5  [get_ports {hart_id_i[11]}]
set_input_delay -clock clk_i  0.5  [get_ports {hart_id_i[10]}]
set_input_delay -clock clk_i  0.5  [get_ports {hart_id_i[9]}]
set_input_delay -clock clk_i  0.5  [get_ports {hart_id_i[8]}]
set_input_delay -clock clk_i  0.5  [get_ports {hart_id_i[7]}]
set_input_delay -clock clk_i  0.5  [get_ports {hart_id_i[6]}]
set_input_delay -clock clk_i  0.5  [get_ports {hart_id_i[5]}]
set_input_delay -clock clk_i  0.5  [get_ports {hart_id_i[4]}]
set_input_delay -clock clk_i  0.5  [get_ports {hart_id_i[3]}]
set_input_delay -clock clk_i  0.5  [get_ports {hart_id_i[2]}]
set_input_delay -clock clk_i  0.5  [get_ports {hart_id_i[1]}]
set_input_delay -clock clk_i  0.5  [get_ports {hart_id_i[0]}]
set_input_delay -clock clk_i  0.5  [get_ports {dm_exception_addr_i[31]}]
set_input_delay -clock clk_i  0.5  [get_ports {dm_exception_addr_i[30]}]
set_input_delay -clock clk_i  0.5  [get_ports {dm_exception_addr_i[29]}]
set_input_delay -clock clk_i  0.5  [get_ports {dm_exception_addr_i[28]}]
set_input_delay -clock clk_i  0.5  [get_ports {dm_exception_addr_i[27]}]
set_input_delay -clock clk_i  0.5  [get_ports {dm_exception_addr_i[26]}]
set_input_delay -clock clk_i  0.5  [get_ports {dm_exception_addr_i[25]}]
set_input_delay -clock clk_i  0.5  [get_ports {dm_exception_addr_i[24]}]
set_input_delay -clock clk_i  0.5  [get_ports {dm_exception_addr_i[23]}]
set_input_delay -clock clk_i  0.5  [get_ports {dm_exception_addr_i[22]}]
set_input_delay -clock clk_i  0.5  [get_ports {dm_exception_addr_i[21]}]
set_input_delay -clock clk_i  0.5  [get_ports {dm_exception_addr_i[20]}]
set_input_delay -clock clk_i  0.5  [get_ports {dm_exception_addr_i[19]}]
set_input_delay -clock clk_i  0.5  [get_ports {dm_exception_addr_i[18]}]
set_input_delay -clock clk_i  0.5  [get_ports {dm_exception_addr_i[17]}]
set_input_delay -clock clk_i  0.5  [get_ports {dm_exception_addr_i[16]}]
set_input_delay -clock clk_i  0.5  [get_ports {dm_exception_addr_i[15]}]
set_input_delay -clock clk_i  0.5  [get_ports {dm_exception_addr_i[14]}]
set_input_delay -clock clk_i  0.5  [get_ports {dm_exception_addr_i[13]}]
set_input_delay -clock clk_i  0.5  [get_ports {dm_exception_addr_i[12]}]
set_input_delay -clock clk_i  0.5  [get_ports {dm_exception_addr_i[11]}]
set_input_delay -clock clk_i  0.5  [get_ports {dm_exception_addr_i[10]}]
set_input_delay -clock clk_i  0.5  [get_ports {dm_exception_addr_i[9]}]
set_input_delay -clock clk_i  0.5  [get_ports {dm_exception_addr_i[8]}]
set_input_delay -clock clk_i  0.5  [get_ports {dm_exception_addr_i[7]}]
set_input_delay -clock clk_i  0.5  [get_ports {dm_exception_addr_i[6]}]
set_input_delay -clock clk_i  0.5  [get_ports {dm_exception_addr_i[5]}]
set_input_delay -clock clk_i  0.5  [get_ports {dm_exception_addr_i[4]}]
set_input_delay -clock clk_i  0.5  [get_ports {dm_exception_addr_i[3]}]
set_input_delay -clock clk_i  0.5  [get_ports {dm_exception_addr_i[2]}]
set_input_delay -clock clk_i  0.5  [get_ports {dm_exception_addr_i[1]}]
set_input_delay -clock clk_i  0.5  [get_ports {dm_exception_addr_i[0]}]
set_output_delay -clock clk_i  1.25  [get_ports irq_ack_o]
set_output_delay -clock clk_i  1.25  [get_ports {irq_id_o[4]}]
set_output_delay -clock clk_i  1.25  [get_ports {irq_id_o[3]}]
set_output_delay -clock clk_i  1.25  [get_ports {irq_id_o[2]}]
set_output_delay -clock clk_i  1.25  [get_ports {irq_id_o[1]}]
set_output_delay -clock clk_i  1.25  [get_ports {irq_id_o[0]}]
set_output_delay -clock clk_i  3  [get_ports instr_req_o]
set_output_delay -clock clk_i  3  [get_ports {instr_addr_o[31]}]
set_output_delay -clock clk_i  3  [get_ports {instr_addr_o[30]}]
set_output_delay -clock clk_i  3  [get_ports {instr_addr_o[29]}]
set_output_delay -clock clk_i  3  [get_ports {instr_addr_o[28]}]
set_output_delay -clock clk_i  3  [get_ports {instr_addr_o[27]}]
set_output_delay -clock clk_i  3  [get_ports {instr_addr_o[26]}]
set_output_delay -clock clk_i  3  [get_ports {instr_addr_o[25]}]
set_output_delay -clock clk_i  3  [get_ports {instr_addr_o[24]}]
set_output_delay -clock clk_i  3  [get_ports {instr_addr_o[23]}]
set_output_delay -clock clk_i  3  [get_ports {instr_addr_o[22]}]
set_output_delay -clock clk_i  3  [get_ports {instr_addr_o[21]}]
set_output_delay -clock clk_i  3  [get_ports {instr_addr_o[20]}]
set_output_delay -clock clk_i  3  [get_ports {instr_addr_o[19]}]
set_output_delay -clock clk_i  3  [get_ports {instr_addr_o[18]}]
set_output_delay -clock clk_i  3  [get_ports {instr_addr_o[17]}]
set_output_delay -clock clk_i  3  [get_ports {instr_addr_o[16]}]
set_output_delay -clock clk_i  3  [get_ports {instr_addr_o[15]}]
set_output_delay -clock clk_i  3  [get_ports {instr_addr_o[14]}]
set_output_delay -clock clk_i  3  [get_ports {instr_addr_o[13]}]
set_output_delay -clock clk_i  3  [get_ports {instr_addr_o[12]}]
set_output_delay -clock clk_i  3  [get_ports {instr_addr_o[11]}]
set_output_delay -clock clk_i  3  [get_ports {instr_addr_o[10]}]
set_output_delay -clock clk_i  3  [get_ports {instr_addr_o[9]}]
set_output_delay -clock clk_i  3  [get_ports {instr_addr_o[8]}]
set_output_delay -clock clk_i  3  [get_ports {instr_addr_o[7]}]
set_output_delay -clock clk_i  3  [get_ports {instr_addr_o[6]}]
set_output_delay -clock clk_i  3  [get_ports {instr_addr_o[5]}]
set_output_delay -clock clk_i  3  [get_ports {instr_addr_o[4]}]
set_output_delay -clock clk_i  3  [get_ports {instr_addr_o[3]}]
set_output_delay -clock clk_i  3  [get_ports {instr_addr_o[2]}]
set_output_delay -clock clk_i  3  [get_ports {instr_addr_o[1]}]
set_output_delay -clock clk_i  3  [get_ports {instr_addr_o[0]}]
set_output_delay -clock clk_i  3  [get_ports data_req_o]
set_output_delay -clock clk_i  3  [get_ports data_we_o]
set_output_delay -clock clk_i  3  [get_ports {data_be_o[3]}]
set_output_delay -clock clk_i  3  [get_ports {data_be_o[2]}]
set_output_delay -clock clk_i  3  [get_ports {data_be_o[1]}]
set_output_delay -clock clk_i  3  [get_ports {data_be_o[0]}]
set_output_delay -clock clk_i  3  [get_ports {data_addr_o[31]}]
set_output_delay -clock clk_i  3  [get_ports {data_addr_o[30]}]
set_output_delay -clock clk_i  3  [get_ports {data_addr_o[29]}]
set_output_delay -clock clk_i  3  [get_ports {data_addr_o[28]}]
set_output_delay -clock clk_i  3  [get_ports {data_addr_o[27]}]
set_output_delay -clock clk_i  3  [get_ports {data_addr_o[26]}]
set_output_delay -clock clk_i  3  [get_ports {data_addr_o[25]}]
set_output_delay -clock clk_i  3  [get_ports {data_addr_o[24]}]
set_output_delay -clock clk_i  3  [get_ports {data_addr_o[23]}]
set_output_delay -clock clk_i  3  [get_ports {data_addr_o[22]}]
set_output_delay -clock clk_i  3  [get_ports {data_addr_o[21]}]
set_output_delay -clock clk_i  3  [get_ports {data_addr_o[20]}]
set_output_delay -clock clk_i  3  [get_ports {data_addr_o[19]}]
set_output_delay -clock clk_i  3  [get_ports {data_addr_o[18]}]
set_output_delay -clock clk_i  3  [get_ports {data_addr_o[17]}]
set_output_delay -clock clk_i  3  [get_ports {data_addr_o[16]}]
set_output_delay -clock clk_i  3  [get_ports {data_addr_o[15]}]
set_output_delay -clock clk_i  3  [get_ports {data_addr_o[14]}]
set_output_delay -clock clk_i  3  [get_ports {data_addr_o[13]}]
set_output_delay -clock clk_i  3  [get_ports {data_addr_o[12]}]
set_output_delay -clock clk_i  3  [get_ports {data_addr_o[11]}]
set_output_delay -clock clk_i  3  [get_ports {data_addr_o[10]}]
set_output_delay -clock clk_i  3  [get_ports {data_addr_o[9]}]
set_output_delay -clock clk_i  3  [get_ports {data_addr_o[8]}]
set_output_delay -clock clk_i  3  [get_ports {data_addr_o[7]}]
set_output_delay -clock clk_i  3  [get_ports {data_addr_o[6]}]
set_output_delay -clock clk_i  3  [get_ports {data_addr_o[5]}]
set_output_delay -clock clk_i  3  [get_ports {data_addr_o[4]}]
set_output_delay -clock clk_i  3  [get_ports {data_addr_o[3]}]
set_output_delay -clock clk_i  3  [get_ports {data_addr_o[2]}]
set_output_delay -clock clk_i  3  [get_ports {data_addr_o[1]}]
set_output_delay -clock clk_i  3  [get_ports {data_addr_o[0]}]
set_output_delay -clock clk_i  3  [get_ports {data_wdata_o[31]}]
set_output_delay -clock clk_i  3  [get_ports {data_wdata_o[30]}]
set_output_delay -clock clk_i  3  [get_ports {data_wdata_o[29]}]
set_output_delay -clock clk_i  3  [get_ports {data_wdata_o[28]}]
set_output_delay -clock clk_i  3  [get_ports {data_wdata_o[27]}]
set_output_delay -clock clk_i  3  [get_ports {data_wdata_o[26]}]
set_output_delay -clock clk_i  3  [get_ports {data_wdata_o[25]}]
set_output_delay -clock clk_i  3  [get_ports {data_wdata_o[24]}]
set_output_delay -clock clk_i  3  [get_ports {data_wdata_o[23]}]
set_output_delay -clock clk_i  3  [get_ports {data_wdata_o[22]}]
set_output_delay -clock clk_i  3  [get_ports {data_wdata_o[21]}]
set_output_delay -clock clk_i  3  [get_ports {data_wdata_o[20]}]
set_output_delay -clock clk_i  3  [get_ports {data_wdata_o[19]}]
set_output_delay -clock clk_i  3  [get_ports {data_wdata_o[18]}]
set_output_delay -clock clk_i  3  [get_ports {data_wdata_o[17]}]
set_output_delay -clock clk_i  3  [get_ports {data_wdata_o[16]}]
set_output_delay -clock clk_i  3  [get_ports {data_wdata_o[15]}]
set_output_delay -clock clk_i  3  [get_ports {data_wdata_o[14]}]
set_output_delay -clock clk_i  3  [get_ports {data_wdata_o[13]}]
set_output_delay -clock clk_i  3  [get_ports {data_wdata_o[12]}]
set_output_delay -clock clk_i  3  [get_ports {data_wdata_o[11]}]
set_output_delay -clock clk_i  3  [get_ports {data_wdata_o[10]}]
set_output_delay -clock clk_i  3  [get_ports {data_wdata_o[9]}]
set_output_delay -clock clk_i  3  [get_ports {data_wdata_o[8]}]
set_output_delay -clock clk_i  3  [get_ports {data_wdata_o[7]}]
set_output_delay -clock clk_i  3  [get_ports {data_wdata_o[6]}]
set_output_delay -clock clk_i  3  [get_ports {data_wdata_o[5]}]
set_output_delay -clock clk_i  3  [get_ports {data_wdata_o[4]}]
set_output_delay -clock clk_i  3  [get_ports {data_wdata_o[3]}]
set_output_delay -clock clk_i  3  [get_ports {data_wdata_o[2]}]
set_output_delay -clock clk_i  3  [get_ports {data_wdata_o[1]}]
set_output_delay -clock clk_i  3  [get_ports {data_wdata_o[0]}]
set_output_delay -clock clk_i  3  [get_ports debug_havereset_o]
set_output_delay -clock clk_i  3  [get_ports debug_running_o]
set_output_delay -clock clk_i  3  [get_ports debug_halted_o]
set_output_delay -clock clk_i  1.25  [get_ports core_sleep_o]
Information: Loading SDC version 2.1 file '/home/ICer/ITI/PnR_Grad/Backend/Synthesis/sdc/cv32e40p_top.sdc' (FILE-007)
###################################################################
# Created by write_sdc on Tue Jul 1 12:04:20 2025
###################################################################
set sdc_version 2.1
set_units -time ns -resistance MOhm -capacitance fF -voltage V -current uA
set_max_fanout 25 [current_design]
set_driving_cell -lib_cell SAEDRVT14_BUF_4 -pin X [get_ports pulp_clock_en_i]
set_driving_cell -lib_cell SAEDRVT14_BUF_4 -pin X [get_ports scan_cg_en_i]
set_driving_cell -lib_cell SAEDRVT14_BUF_4 -pin X [get_ports {boot_addr_i[31]}]
set_driving_cell -lib_cell SAEDRVT14_BUF_4 -pin X [get_ports {boot_addr_i[30]}]
set_driving_cell -lib_cell SAEDRVT14_BUF_4 -pin X [get_ports {boot_addr_i[29]}]
set_driving_cell -lib_cell SAEDRVT14_BUF_4 -pin X [get_ports {boot_addr_i[28]}]
set_driving_cell -lib_cell SAEDRVT14_BUF_4 -pin X [get_ports {boot_addr_i[27]}]
set_driving_cell -lib_cell SAEDRVT14_BUF_4 -pin X [get_ports {boot_addr_i[26]}]
set_driving_cell -lib_cell SAEDRVT14_BUF_4 -pin X [get_ports {boot_addr_i[25]}]
set_driving_cell -lib_cell SAEDRVT14_BUF_4 -pin X [get_ports {boot_addr_i[24]}]
set_driving_cell -lib_cell SAEDRVT14_BUF_4 -pin X [get_ports {boot_addr_i[23]}]
set_driving_cell -lib_cell SAEDRVT14_BUF_4 -pin X [get_ports {boot_addr_i[22]}]
set_driving_cell -lib_cell SAEDRVT14_BUF_4 -pin X [get_ports {boot_addr_i[21]}]
set_driving_cell -lib_cell SAEDRVT14_BUF_4 -pin X [get_ports {boot_addr_i[20]}]
set_driving_cell -lib_cell SAEDRVT14_BUF_4 -pin X [get_ports {boot_addr_i[19]}]
set_driving_cell -lib_cell SAEDRVT14_BUF_4 -pin X [get_ports {boot_addr_i[18]}]
set_driving_cell -lib_cell SAEDRVT14_BUF_4 -pin X [get_ports {boot_addr_i[17]}]
set_driving_cell -lib_cell SAEDRVT14_BUF_4 -pin X [get_ports {boot_addr_i[16]}]
set_driving_cell -lib_cell SAEDRVT14_BUF_4 -pin X [get_ports {boot_addr_i[15]}]
set_driving_cell -lib_cell SAEDRVT14_BUF_4 -pin X [get_ports {boot_addr_i[14]}]
set_driving_cell -lib_cell SAEDRVT14_BUF_4 -pin X [get_ports {boot_addr_i[13]}]
set_driving_cell -lib_cell SAEDRVT14_BUF_4 -pin X [get_ports {boot_addr_i[12]}]
set_driving_cell -lib_cell SAEDRVT14_BUF_4 -pin X [get_ports {boot_addr_i[11]}]
set_driving_cell -lib_cell SAEDRVT14_BUF_4 -pin X [get_ports {boot_addr_i[10]}]
set_driving_cell -lib_cell SAEDRVT14_BUF_4 -pin X [get_ports {boot_addr_i[9]}]
set_driving_cell -lib_cell SAEDRVT14_BUF_4 -pin X [get_ports {boot_addr_i[8]}]
set_driving_cell -lib_cell SAEDRVT14_BUF_4 -pin X [get_ports {boot_addr_i[7]}]
set_driving_cell -lib_cell SAEDRVT14_BUF_4 -pin X [get_ports {boot_addr_i[6]}]
set_driving_cell -lib_cell SAEDRVT14_BUF_4 -pin X [get_ports {boot_addr_i[5]}]
set_driving_cell -lib_cell SAEDRVT14_BUF_4 -pin X [get_ports {boot_addr_i[4]}]
set_driving_cell -lib_cell SAEDRVT14_BUF_4 -pin X [get_ports {boot_addr_i[3]}]
set_driving_cell -lib_cell SAEDRVT14_BUF_4 -pin X [get_ports {boot_addr_i[2]}]
set_driving_cell -lib_cell SAEDRVT14_BUF_4 -pin X [get_ports {boot_addr_i[1]}]
set_driving_cell -lib_cell SAEDRVT14_BUF_4 -pin X [get_ports {boot_addr_i[0]}]
set_driving_cell -lib_cell SAEDRVT14_BUF_4 -pin X [get_ports {mtvec_addr_i[31]}]
set_driving_cell -lib_cell SAEDRVT14_BUF_4 -pin X [get_ports {mtvec_addr_i[30]}]
set_driving_cell -lib_cell SAEDRVT14_BUF_4 -pin X [get_ports {mtvec_addr_i[29]}]
set_driving_cell -lib_cell SAEDRVT14_BUF_4 -pin X [get_ports {mtvec_addr_i[28]}]
set_driving_cell -lib_cell SAEDRVT14_BUF_4 -pin X [get_ports {mtvec_addr_i[27]}]
set_driving_cell -lib_cell SAEDRVT14_BUF_4 -pin X [get_ports {mtvec_addr_i[26]}]
set_driving_cell -lib_cell SAEDRVT14_BUF_4 -pin X [get_ports {mtvec_addr_i[25]}]
set_driving_cell -lib_cell SAEDRVT14_BUF_4 -pin X [get_ports {mtvec_addr_i[24]}]
set_driving_cell -lib_cell SAEDRVT14_BUF_4 -pin X [get_ports {mtvec_addr_i[23]}]
set_driving_cell -lib_cell SAEDRVT14_BUF_4 -pin X [get_ports {mtvec_addr_i[22]}]
set_driving_cell -lib_cell SAEDRVT14_BUF_4 -pin X [get_ports {mtvec_addr_i[21]}]
set_driving_cell -lib_cell SAEDRVT14_BUF_4 -pin X [get_ports {mtvec_addr_i[20]}]
set_driving_cell -lib_cell SAEDRVT14_BUF_4 -pin X [get_ports {mtvec_addr_i[19]}]
set_driving_cell -lib_cell SAEDRVT14_BUF_4 -pin X [get_ports {mtvec_addr_i[18]}]
set_driving_cell -lib_cell SAEDRVT14_BUF_4 -pin X [get_ports {mtvec_addr_i[17]}]
set_driving_cell -lib_cell SAEDRVT14_BUF_4 -pin X [get_ports {mtvec_addr_i[16]}]
set_driving_cell -lib_cell SAEDRVT14_BUF_4 -pin X [get_ports {mtvec_addr_i[15]}]
set_driving_cell -lib_cell SAEDRVT14_BUF_4 -pin X [get_ports {mtvec_addr_i[14]}]
set_driving_cell -lib_cell SAEDRVT14_BUF_4 -pin X [get_ports {mtvec_addr_i[13]}]
set_driving_cell -lib_cell SAEDRVT14_BUF_4 -pin X [get_ports {mtvec_addr_i[12]}]
set_driving_cell -lib_cell SAEDRVT14_BUF_4 -pin X [get_ports {mtvec_addr_i[11]}]
set_driving_cell -lib_cell SAEDRVT14_BUF_4 -pin X [get_ports {mtvec_addr_i[10]}]
set_driving_cell -lib_cell SAEDRVT14_BUF_4 -pin X [get_ports {mtvec_addr_i[9]}]
set_driving_cell -lib_cell SAEDRVT14_BUF_4 -pin X [get_ports {mtvec_addr_i[8]}]
set_driving_cell -lib_cell SAEDRVT14_BUF_4 -pin X [get_ports {mtvec_addr_i[7]}]
set_driving_cell -lib_cell SAEDRVT14_BUF_4 -pin X [get_ports {mtvec_addr_i[6]}]
set_driving_cell -lib_cell SAEDRVT14_BUF_4 -pin X [get_ports {mtvec_addr_i[5]}]
set_driving_cell -lib_cell SAEDRVT14_BUF_4 -pin X [get_ports {mtvec_addr_i[4]}]
set_driving_cell -lib_cell SAEDRVT14_BUF_4 -pin X [get_ports {mtvec_addr_i[3]}]
set_driving_cell -lib_cell SAEDRVT14_BUF_4 -pin X [get_ports {mtvec_addr_i[2]}]
set_driving_cell -lib_cell SAEDRVT14_BUF_4 -pin X [get_ports {mtvec_addr_i[1]}]
set_driving_cell -lib_cell SAEDRVT14_BUF_4 -pin X [get_ports {mtvec_addr_i[0]}]
set_driving_cell -lib_cell SAEDRVT14_BUF_4 -pin X [get_ports {dm_halt_addr_i[31]}]
set_driving_cell -lib_cell SAEDRVT14_BUF_4 -pin X [get_ports {dm_halt_addr_i[30]}]
set_driving_cell -lib_cell SAEDRVT14_BUF_4 -pin X [get_ports {dm_halt_addr_i[29]}]
set_driving_cell -lib_cell SAEDRVT14_BUF_4 -pin X [get_ports {dm_halt_addr_i[28]}]
set_driving_cell -lib_cell SAEDRVT14_BUF_4 -pin X [get_ports {dm_halt_addr_i[27]}]
set_driving_cell -lib_cell SAEDRVT14_BUF_4 -pin X [get_ports {dm_halt_addr_i[26]}]
set_driving_cell -lib_cell SAEDRVT14_BUF_4 -pin X [get_ports {dm_halt_addr_i[25]}]
set_driving_cell -lib_cell SAEDRVT14_BUF_4 -pin X [get_ports {dm_halt_addr_i[24]}]
set_driving_cell -lib_cell SAEDRVT14_BUF_4 -pin X [get_ports {dm_halt_addr_i[23]}]
set_driving_cell -lib_cell SAEDRVT14_BUF_4 -pin X [get_ports {dm_halt_addr_i[22]}]
set_driving_cell -lib_cell SAEDRVT14_BUF_4 -pin X [get_ports {dm_halt_addr_i[21]}]
set_driving_cell -lib_cell SAEDRVT14_BUF_4 -pin X [get_ports {dm_halt_addr_i[20]}]
set_driving_cell -lib_cell SAEDRVT14_BUF_4 -pin X [get_ports {dm_halt_addr_i[19]}]
set_driving_cell -lib_cell SAEDRVT14_BUF_4 -pin X [get_ports {dm_halt_addr_i[18]}]
set_driving_cell -lib_cell SAEDRVT14_BUF_4 -pin X [get_ports {dm_halt_addr_i[17]}]
set_driving_cell -lib_cell SAEDRVT14_BUF_4 -pin X [get_ports {dm_halt_addr_i[16]}]
set_driving_cell -lib_cell SAEDRVT14_BUF_4 -pin X [get_ports {dm_halt_addr_i[15]}]
set_driving_cell -lib_cell SAEDRVT14_BUF_4 -pin X [get_ports {dm_halt_addr_i[14]}]
set_driving_cell -lib_cell SAEDRVT14_BUF_4 -pin X [get_ports {dm_halt_addr_i[13]}]
set_driving_cell -lib_cell SAEDRVT14_BUF_4 -pin X [get_ports {dm_halt_addr_i[12]}]
set_driving_cell -lib_cell SAEDRVT14_BUF_4 -pin X [get_ports {dm_halt_addr_i[11]}]
set_driving_cell -lib_cell SAEDRVT14_BUF_4 -pin X [get_ports {dm_halt_addr_i[10]}]
set_driving_cell -lib_cell SAEDRVT14_BUF_4 -pin X [get_ports {dm_halt_addr_i[9]}]
set_driving_cell -lib_cell SAEDRVT14_BUF_4 -pin X [get_ports {dm_halt_addr_i[8]}]
set_driving_cell -lib_cell SAEDRVT14_BUF_4 -pin X [get_ports {dm_halt_addr_i[7]}]
set_driving_cell -lib_cell SAEDRVT14_BUF_4 -pin X [get_ports {dm_halt_addr_i[6]}]
set_driving_cell -lib_cell SAEDRVT14_BUF_4 -pin X [get_ports {dm_halt_addr_i[5]}]
set_driving_cell -lib_cell SAEDRVT14_BUF_4 -pin X [get_ports {dm_halt_addr_i[4]}]
set_driving_cell -lib_cell SAEDRVT14_BUF_4 -pin X [get_ports {dm_halt_addr_i[3]}]
set_driving_cell -lib_cell SAEDRVT14_BUF_4 -pin X [get_ports {dm_halt_addr_i[2]}]
set_driving_cell -lib_cell SAEDRVT14_BUF_4 -pin X [get_ports {dm_halt_addr_i[1]}]
set_driving_cell -lib_cell SAEDRVT14_BUF_4 -pin X [get_ports {dm_halt_addr_i[0]}]
set_driving_cell -lib_cell SAEDRVT14_BUF_4 -pin X [get_ports {hart_id_i[31]}]
set_driving_cell -lib_cell SAEDRVT14_BUF_4 -pin X [get_ports {hart_id_i[30]}]
set_driving_cell -lib_cell SAEDRVT14_BUF_4 -pin X [get_ports {hart_id_i[29]}]
set_driving_cell -lib_cell SAEDRVT14_BUF_4 -pin X [get_ports {hart_id_i[28]}]
set_driving_cell -lib_cell SAEDRVT14_BUF_4 -pin X [get_ports {hart_id_i[27]}]
set_driving_cell -lib_cell SAEDRVT14_BUF_4 -pin X [get_ports {hart_id_i[26]}]
set_driving_cell -lib_cell SAEDRVT14_BUF_4 -pin X [get_ports {hart_id_i[25]}]
set_driving_cell -lib_cell SAEDRVT14_BUF_4 -pin X [get_ports {hart_id_i[24]}]
set_driving_cell -lib_cell SAEDRVT14_BUF_4 -pin X [get_ports {hart_id_i[23]}]
set_driving_cell -lib_cell SAEDRVT14_BUF_4 -pin X [get_ports {hart_id_i[22]}]
set_driving_cell -lib_cell SAEDRVT14_BUF_4 -pin X [get_ports {hart_id_i[21]}]
set_driving_cell -lib_cell SAEDRVT14_BUF_4 -pin X [get_ports {hart_id_i[20]}]
set_driving_cell -lib_cell SAEDRVT14_BUF_4 -pin X [get_ports {hart_id_i[19]}]
set_driving_cell -lib_cell SAEDRVT14_BUF_4 -pin X [get_ports {hart_id_i[18]}]
set_driving_cell -lib_cell SAEDRVT14_BUF_4 -pin X [get_ports {hart_id_i[17]}]
set_driving_cell -lib_cell SAEDRVT14_BUF_4 -pin X [get_ports {hart_id_i[16]}]
set_driving_cell -lib_cell SAEDRVT14_BUF_4 -pin X [get_ports {hart_id_i[15]}]
set_driving_cell -lib_cell SAEDRVT14_BUF_4 -pin X [get_ports {hart_id_i[14]}]
set_driving_cell -lib_cell SAEDRVT14_BUF_4 -pin X [get_ports {hart_id_i[13]}]
set_driving_cell -lib_cell SAEDRVT14_BUF_4 -pin X [get_ports {hart_id_i[12]}]
set_driving_cell -lib_cell SAEDRVT14_BUF_4 -pin X [get_ports {hart_id_i[11]}]
set_driving_cell -lib_cell SAEDRVT14_BUF_4 -pin X [get_ports {hart_id_i[10]}]
set_driving_cell -lib_cell SAEDRVT14_BUF_4 -pin X [get_ports {hart_id_i[9]}]
set_driving_cell -lib_cell SAEDRVT14_BUF_4 -pin X [get_ports {hart_id_i[8]}]
set_driving_cell -lib_cell SAEDRVT14_BUF_4 -pin X [get_ports {hart_id_i[7]}]
set_driving_cell -lib_cell SAEDRVT14_BUF_4 -pin X [get_ports {hart_id_i[6]}]
set_driving_cell -lib_cell SAEDRVT14_BUF_4 -pin X [get_ports {hart_id_i[5]}]
set_driving_cell -lib_cell SAEDRVT14_BUF_4 -pin X [get_ports {hart_id_i[4]}]
set_driving_cell -lib_cell SAEDRVT14_BUF_4 -pin X [get_ports {hart_id_i[3]}]
set_driving_cell -lib_cell SAEDRVT14_BUF_4 -pin X [get_ports {hart_id_i[2]}]
set_driving_cell -lib_cell SAEDRVT14_BUF_4 -pin X [get_ports {hart_id_i[1]}]
set_driving_cell -lib_cell SAEDRVT14_BUF_4 -pin X [get_ports {hart_id_i[0]}]
set_driving_cell -lib_cell SAEDRVT14_BUF_4 -pin X [get_ports {dm_exception_addr_i[31]}]
set_driving_cell -lib_cell SAEDRVT14_BUF_4 -pin X [get_ports {dm_exception_addr_i[30]}]
set_driving_cell -lib_cell SAEDRVT14_BUF_4 -pin X [get_ports {dm_exception_addr_i[29]}]
set_driving_cell -lib_cell SAEDRVT14_BUF_4 -pin X [get_ports {dm_exception_addr_i[28]}]
set_driving_cell -lib_cell SAEDRVT14_BUF_4 -pin X [get_ports {dm_exception_addr_i[27]}]
set_driving_cell -lib_cell SAEDRVT14_BUF_4 -pin X [get_ports {dm_exception_addr_i[26]}]
set_driving_cell -lib_cell SAEDRVT14_BUF_4 -pin X [get_ports {dm_exception_addr_i[25]}]
set_driving_cell -lib_cell SAEDRVT14_BUF_4 -pin X [get_ports {dm_exception_addr_i[24]}]
set_driving_cell -lib_cell SAEDRVT14_BUF_4 -pin X [get_ports {dm_exception_addr_i[23]}]
set_driving_cell -lib_cell SAEDRVT14_BUF_4 -pin X [get_ports {dm_exception_addr_i[22]}]
set_driving_cell -lib_cell SAEDRVT14_BUF_4 -pin X [get_ports {dm_exception_addr_i[21]}]
set_driving_cell -lib_cell SAEDRVT14_BUF_4 -pin X [get_ports {dm_exception_addr_i[20]}]
set_driving_cell -lib_cell SAEDRVT14_BUF_4 -pin X [get_ports {dm_exception_addr_i[19]}]
set_driving_cell -lib_cell SAEDRVT14_BUF_4 -pin X [get_ports {dm_exception_addr_i[18]}]
set_driving_cell -lib_cell SAEDRVT14_BUF_4 -pin X [get_ports {dm_exception_addr_i[17]}]
set_driving_cell -lib_cell SAEDRVT14_BUF_4 -pin X [get_ports {dm_exception_addr_i[16]}]
set_driving_cell -lib_cell SAEDRVT14_BUF_4 -pin X [get_ports {dm_exception_addr_i[15]}]
set_driving_cell -lib_cell SAEDRVT14_BUF_4 -pin X [get_ports {dm_exception_addr_i[14]}]
set_driving_cell -lib_cell SAEDRVT14_BUF_4 -pin X [get_ports {dm_exception_addr_i[13]}]
set_driving_cell -lib_cell SAEDRVT14_BUF_4 -pin X [get_ports {dm_exception_addr_i[12]}]
set_driving_cell -lib_cell SAEDRVT14_BUF_4 -pin X [get_ports {dm_exception_addr_i[11]}]
set_driving_cell -lib_cell SAEDRVT14_BUF_4 -pin X [get_ports {dm_exception_addr_i[10]}]
set_driving_cell -lib_cell SAEDRVT14_BUF_4 -pin X [get_ports {dm_exception_addr_i[9]}]
set_driving_cell -lib_cell SAEDRVT14_BUF_4 -pin X [get_ports {dm_exception_addr_i[8]}]
set_driving_cell -lib_cell SAEDRVT14_BUF_4 -pin X [get_ports {dm_exception_addr_i[7]}]
set_driving_cell -lib_cell SAEDRVT14_BUF_4 -pin X [get_ports {dm_exception_addr_i[6]}]
set_driving_cell -lib_cell SAEDRVT14_BUF_4 -pin X [get_ports {dm_exception_addr_i[5]}]
set_driving_cell -lib_cell SAEDRVT14_BUF_4 -pin X [get_ports {dm_exception_addr_i[4]}]
set_driving_cell -lib_cell SAEDRVT14_BUF_4 -pin X [get_ports {dm_exception_addr_i[3]}]
set_driving_cell -lib_cell SAEDRVT14_BUF_4 -pin X [get_ports {dm_exception_addr_i[2]}]
set_driving_cell -lib_cell SAEDRVT14_BUF_4 -pin X [get_ports {dm_exception_addr_i[1]}]
set_driving_cell -lib_cell SAEDRVT14_BUF_4 -pin X [get_ports {dm_exception_addr_i[0]}]
set_driving_cell -lib_cell SAEDRVT14_BUF_4 -pin X [get_ports instr_gnt_i]
set_driving_cell -lib_cell SAEDRVT14_BUF_4 -pin X [get_ports instr_rvalid_i]
set_driving_cell -lib_cell SAEDRVT14_BUF_4 -pin X [get_ports {instr_rdata_i[31]}]
set_driving_cell -lib_cell SAEDRVT14_BUF_4 -pin X [get_ports {instr_rdata_i[30]}]
set_driving_cell -lib_cell SAEDRVT14_BUF_4 -pin X [get_ports {instr_rdata_i[29]}]
set_driving_cell -lib_cell SAEDRVT14_BUF_4 -pin X [get_ports {instr_rdata_i[28]}]
set_driving_cell -lib_cell SAEDRVT14_BUF_4 -pin X [get_ports {instr_rdata_i[27]}]
set_driving_cell -lib_cell SAEDRVT14_BUF_4 -pin X [get_ports {instr_rdata_i[26]}]
set_driving_cell -lib_cell SAEDRVT14_BUF_4 -pin X [get_ports {instr_rdata_i[25]}]
set_driving_cell -lib_cell SAEDRVT14_BUF_4 -pin X [get_ports {instr_rdata_i[24]}]
set_driving_cell -lib_cell SAEDRVT14_BUF_4 -pin X [get_ports {instr_rdata_i[23]}]
set_driving_cell -lib_cell SAEDRVT14_BUF_4 -pin X [get_ports {instr_rdata_i[22]}]
set_driving_cell -lib_cell SAEDRVT14_BUF_4 -pin X [get_ports {instr_rdata_i[21]}]
set_driving_cell -lib_cell SAEDRVT14_BUF_4 -pin X [get_ports {instr_rdata_i[20]}]
set_driving_cell -lib_cell SAEDRVT14_BUF_4 -pin X [get_ports {instr_rdata_i[19]}]
set_driving_cell -lib_cell SAEDRVT14_BUF_4 -pin X [get_ports {instr_rdata_i[18]}]
set_driving_cell -lib_cell SAEDRVT14_BUF_4 -pin X [get_ports {instr_rdata_i[17]}]
set_driving_cell -lib_cell SAEDRVT14_BUF_4 -pin X [get_ports {instr_rdata_i[16]}]
set_driving_cell -lib_cell SAEDRVT14_BUF_4 -pin X [get_ports {instr_rdata_i[15]}]
set_driving_cell -lib_cell SAEDRVT14_BUF_4 -pin X [get_ports {instr_rdata_i[14]}]
set_driving_cell -lib_cell SAEDRVT14_BUF_4 -pin X [get_ports {instr_rdata_i[13]}]
set_driving_cell -lib_cell SAEDRVT14_BUF_4 -pin X [get_ports {instr_rdata_i[12]}]
set_driving_cell -lib_cell SAEDRVT14_BUF_4 -pin X [get_ports {instr_rdata_i[11]}]
set_driving_cell -lib_cell SAEDRVT14_BUF_4 -pin X [get_ports {instr_rdata_i[10]}]
set_driving_cell -lib_cell SAEDRVT14_BUF_4 -pin X [get_ports {instr_rdata_i[9]}]
set_driving_cell -lib_cell SAEDRVT14_BUF_4 -pin X [get_ports {instr_rdata_i[8]}]
set_driving_cell -lib_cell SAEDRVT14_BUF_4 -pin X [get_ports {instr_rdata_i[7]}]
set_driving_cell -lib_cell SAEDRVT14_BUF_4 -pin X [get_ports {instr_rdata_i[6]}]
set_driving_cell -lib_cell SAEDRVT14_BUF_4 -pin X [get_ports {instr_rdata_i[5]}]
set_driving_cell -lib_cell SAEDRVT14_BUF_4 -pin X [get_ports {instr_rdata_i[4]}]
set_driving_cell -lib_cell SAEDRVT14_BUF_4 -pin X [get_ports {instr_rdata_i[3]}]
set_driving_cell -lib_cell SAEDRVT14_BUF_4 -pin X [get_ports {instr_rdata_i[2]}]
set_driving_cell -lib_cell SAEDRVT14_BUF_4 -pin X [get_ports {instr_rdata_i[1]}]
set_driving_cell -lib_cell SAEDRVT14_BUF_4 -pin X [get_ports {instr_rdata_i[0]}]
set_driving_cell -lib_cell SAEDRVT14_BUF_4 -pin X [get_ports data_gnt_i]
set_driving_cell -lib_cell SAEDRVT14_BUF_4 -pin X [get_ports data_rvalid_i]
set_driving_cell -lib_cell SAEDRVT14_BUF_4 -pin X [get_ports {data_rdata_i[31]}]
set_driving_cell -lib_cell SAEDRVT14_BUF_4 -pin X [get_ports {data_rdata_i[30]}]
set_driving_cell -lib_cell SAEDRVT14_BUF_4 -pin X [get_ports {data_rdata_i[29]}]
set_driving_cell -lib_cell SAEDRVT14_BUF_4 -pin X [get_ports {data_rdata_i[28]}]
set_driving_cell -lib_cell SAEDRVT14_BUF_4 -pin X [get_ports {data_rdata_i[27]}]
set_driving_cell -lib_cell SAEDRVT14_BUF_4 -pin X [get_ports {data_rdata_i[26]}]
set_driving_cell -lib_cell SAEDRVT14_BUF_4 -pin X [get_ports {data_rdata_i[25]}]
set_driving_cell -lib_cell SAEDRVT14_BUF_4 -pin X [get_ports {data_rdata_i[24]}]
set_driving_cell -lib_cell SAEDRVT14_BUF_4 -pin X [get_ports {data_rdata_i[23]}]
set_driving_cell -lib_cell SAEDRVT14_BUF_4 -pin X [get_ports {data_rdata_i[22]}]
set_driving_cell -lib_cell SAEDRVT14_BUF_4 -pin X [get_ports {data_rdata_i[21]}]
set_driving_cell -lib_cell SAEDRVT14_BUF_4 -pin X [get_ports {data_rdata_i[20]}]
set_driving_cell -lib_cell SAEDRVT14_BUF_4 -pin X [get_ports {data_rdata_i[19]}]
set_driving_cell -lib_cell SAEDRVT14_BUF_4 -pin X [get_ports {data_rdata_i[18]}]
set_driving_cell -lib_cell SAEDRVT14_BUF_4 -pin X [get_ports {data_rdata_i[17]}]
set_driving_cell -lib_cell SAEDRVT14_BUF_4 -pin X [get_ports {data_rdata_i[16]}]
set_driving_cell -lib_cell SAEDRVT14_BUF_4 -pin X [get_ports {data_rdata_i[15]}]
set_driving_cell -lib_cell SAEDRVT14_BUF_4 -pin X [get_ports {data_rdata_i[14]}]
set_driving_cell -lib_cell SAEDRVT14_BUF_4 -pin X [get_ports {data_rdata_i[13]}]
set_driving_cell -lib_cell SAEDRVT14_BUF_4 -pin X [get_ports {data_rdata_i[12]}]
set_driving_cell -lib_cell SAEDRVT14_BUF_4 -pin X [get_ports {data_rdata_i[11]}]
set_driving_cell -lib_cell SAEDRVT14_BUF_4 -pin X [get_ports {data_rdata_i[10]}]
set_driving_cell -lib_cell SAEDRVT14_BUF_4 -pin X [get_ports {data_rdata_i[9]}]
set_driving_cell -lib_cell SAEDRVT14_BUF_4 -pin X [get_ports {data_rdata_i[8]}]
set_driving_cell -lib_cell SAEDRVT14_BUF_4 -pin X [get_ports {data_rdata_i[7]}]
set_driving_cell -lib_cell SAEDRVT14_BUF_4 -pin X [get_ports {data_rdata_i[6]}]
set_driving_cell -lib_cell SAEDRVT14_BUF_4 -pin X [get_ports {data_rdata_i[5]}]
set_driving_cell -lib_cell SAEDRVT14_BUF_4 -pin X [get_ports {data_rdata_i[4]}]
set_driving_cell -lib_cell SAEDRVT14_BUF_4 -pin X [get_ports {data_rdata_i[3]}]
set_driving_cell -lib_cell SAEDRVT14_BUF_4 -pin X [get_ports {data_rdata_i[2]}]
set_driving_cell -lib_cell SAEDRVT14_BUF_4 -pin X [get_ports {data_rdata_i[1]}]
set_driving_cell -lib_cell SAEDRVT14_BUF_4 -pin X [get_ports {data_rdata_i[0]}]
set_driving_cell -lib_cell SAEDRVT14_BUF_4 -pin X [get_ports {irq_i[31]}]
set_driving_cell -lib_cell SAEDRVT14_BUF_4 -pin X [get_ports {irq_i[30]}]
set_driving_cell -lib_cell SAEDRVT14_BUF_4 -pin X [get_ports {irq_i[29]}]
set_driving_cell -lib_cell SAEDRVT14_BUF_4 -pin X [get_ports {irq_i[28]}]
set_driving_cell -lib_cell SAEDRVT14_BUF_4 -pin X [get_ports {irq_i[27]}]
set_driving_cell -lib_cell SAEDRVT14_BUF_4 -pin X [get_ports {irq_i[26]}]
set_driving_cell -lib_cell SAEDRVT14_BUF_4 -pin X [get_ports {irq_i[25]}]
set_driving_cell -lib_cell SAEDRVT14_BUF_4 -pin X [get_ports {irq_i[24]}]
set_driving_cell -lib_cell SAEDRVT14_BUF_4 -pin X [get_ports {irq_i[23]}]
set_driving_cell -lib_cell SAEDRVT14_BUF_4 -pin X [get_ports {irq_i[22]}]
set_driving_cell -lib_cell SAEDRVT14_BUF_4 -pin X [get_ports {irq_i[21]}]
set_driving_cell -lib_cell SAEDRVT14_BUF_4 -pin X [get_ports {irq_i[20]}]
set_driving_cell -lib_cell SAEDRVT14_BUF_4 -pin X [get_ports {irq_i[19]}]
set_driving_cell -lib_cell SAEDRVT14_BUF_4 -pin X [get_ports {irq_i[18]}]
set_driving_cell -lib_cell SAEDRVT14_BUF_4 -pin X [get_ports {irq_i[17]}]
set_driving_cell -lib_cell SAEDRVT14_BUF_4 -pin X [get_ports {irq_i[16]}]
set_driving_cell -lib_cell SAEDRVT14_BUF_4 -pin X [get_ports {irq_i[15]}]
set_driving_cell -lib_cell SAEDRVT14_BUF_4 -pin X [get_ports {irq_i[14]}]
set_driving_cell -lib_cell SAEDRVT14_BUF_4 -pin X [get_ports {irq_i[13]}]
set_driving_cell -lib_cell SAEDRVT14_BUF_4 -pin X [get_ports {irq_i[12]}]
set_driving_cell -lib_cell SAEDRVT14_BUF_4 -pin X [get_ports {irq_i[11]}]
set_driving_cell -lib_cell SAEDRVT14_BUF_4 -pin X [get_ports {irq_i[10]}]
set_driving_cell -lib_cell SAEDRVT14_BUF_4 -pin X [get_ports {irq_i[9]}]
set_driving_cell -lib_cell SAEDRVT14_BUF_4 -pin X [get_ports {irq_i[8]}]
set_driving_cell -lib_cell SAEDRVT14_BUF_4 -pin X [get_ports {irq_i[7]}]
set_driving_cell -lib_cell SAEDRVT14_BUF_4 -pin X [get_ports {irq_i[6]}]
set_driving_cell -lib_cell SAEDRVT14_BUF_4 -pin X [get_ports {irq_i[5]}]
set_driving_cell -lib_cell SAEDRVT14_BUF_4 -pin X [get_ports {irq_i[4]}]
set_driving_cell -lib_cell SAEDRVT14_BUF_4 -pin X [get_ports {irq_i[3]}]
set_driving_cell -lib_cell SAEDRVT14_BUF_4 -pin X [get_ports {irq_i[2]}]
set_driving_cell -lib_cell SAEDRVT14_BUF_4 -pin X [get_ports {irq_i[1]}]
set_driving_cell -lib_cell SAEDRVT14_BUF_4 -pin X [get_ports {irq_i[0]}]
set_driving_cell -lib_cell SAEDRVT14_BUF_4 -pin X [get_ports debug_req_i]
set_driving_cell -lib_cell SAEDRVT14_BUF_4 -pin X [get_ports fetch_enable_i]
set_load -pin_load 0.5 [get_ports instr_req_o]
set_load -pin_load 0.5 [get_ports {instr_addr_o[31]}]
set_load -pin_load 0.5 [get_ports {instr_addr_o[30]}]
set_load -pin_load 0.5 [get_ports {instr_addr_o[29]}]
set_load -pin_load 0.5 [get_ports {instr_addr_o[28]}]
set_load -pin_load 0.5 [get_ports {instr_addr_o[27]}]
set_load -pin_load 0.5 [get_ports {instr_addr_o[26]}]
set_load -pin_load 0.5 [get_ports {instr_addr_o[25]}]
set_load -pin_load 0.5 [get_ports {instr_addr_o[24]}]
set_load -pin_load 0.5 [get_ports {instr_addr_o[23]}]
set_load -pin_load 0.5 [get_ports {instr_addr_o[22]}]
set_load -pin_load 0.5 [get_ports {instr_addr_o[21]}]
set_load -pin_load 0.5 [get_ports {instr_addr_o[20]}]
set_load -pin_load 0.5 [get_ports {instr_addr_o[19]}]
set_load -pin_load 0.5 [get_ports {instr_addr_o[18]}]
set_load -pin_load 0.5 [get_ports {instr_addr_o[17]}]
set_load -pin_load 0.5 [get_ports {instr_addr_o[16]}]
set_load -pin_load 0.5 [get_ports {instr_addr_o[15]}]
set_load -pin_load 0.5 [get_ports {instr_addr_o[14]}]
set_load -pin_load 0.5 [get_ports {instr_addr_o[13]}]
set_load -pin_load 0.5 [get_ports {instr_addr_o[12]}]
set_load -pin_load 0.5 [get_ports {instr_addr_o[11]}]
set_load -pin_load 0.5 [get_ports {instr_addr_o[10]}]
set_load -pin_load 0.5 [get_ports {instr_addr_o[9]}]
set_load -pin_load 0.5 [get_ports {instr_addr_o[8]}]
set_load -pin_load 0.5 [get_ports {instr_addr_o[7]}]
set_load -pin_load 0.5 [get_ports {instr_addr_o[6]}]
set_load -pin_load 0.5 [get_ports {instr_addr_o[5]}]
set_load -pin_load 0.5 [get_ports {instr_addr_o[4]}]
set_load -pin_load 0.5 [get_ports {instr_addr_o[3]}]
set_load -pin_load 0.5 [get_ports {instr_addr_o[2]}]
set_load -pin_load 0.5 [get_ports {instr_addr_o[1]}]
set_load -pin_load 0.5 [get_ports {instr_addr_o[0]}]
set_load -pin_load 0.5 [get_ports data_req_o]
set_load -pin_load 0.5 [get_ports data_we_o]
set_load -pin_load 0.5 [get_ports {data_be_o[3]}]
set_load -pin_load 0.5 [get_ports {data_be_o[2]}]
set_load -pin_load 0.5 [get_ports {data_be_o[1]}]
set_load -pin_load 0.5 [get_ports {data_be_o[0]}]
set_load -pin_load 0.5 [get_ports {data_addr_o[31]}]
set_load -pin_load 0.5 [get_ports {data_addr_o[30]}]
set_load -pin_load 0.5 [get_ports {data_addr_o[29]}]
set_load -pin_load 0.5 [get_ports {data_addr_o[28]}]
set_load -pin_load 0.5 [get_ports {data_addr_o[27]}]
set_load -pin_load 0.5 [get_ports {data_addr_o[26]}]
set_load -pin_load 0.5 [get_ports {data_addr_o[25]}]
set_load -pin_load 0.5 [get_ports {data_addr_o[24]}]
set_load -pin_load 0.5 [get_ports {data_addr_o[23]}]
set_load -pin_load 0.5 [get_ports {data_addr_o[22]}]
set_load -pin_load 0.5 [get_ports {data_addr_o[21]}]
set_load -pin_load 0.5 [get_ports {data_addr_o[20]}]
set_load -pin_load 0.5 [get_ports {data_addr_o[19]}]
set_load -pin_load 0.5 [get_ports {data_addr_o[18]}]
set_load -pin_load 0.5 [get_ports {data_addr_o[17]}]
set_load -pin_load 0.5 [get_ports {data_addr_o[16]}]
set_load -pin_load 0.5 [get_ports {data_addr_o[15]}]
set_load -pin_load 0.5 [get_ports {data_addr_o[14]}]
set_load -pin_load 0.5 [get_ports {data_addr_o[13]}]
set_load -pin_load 0.5 [get_ports {data_addr_o[12]}]
set_load -pin_load 0.5 [get_ports {data_addr_o[11]}]
set_load -pin_load 0.5 [get_ports {data_addr_o[10]}]
set_load -pin_load 0.5 [get_ports {data_addr_o[9]}]
set_load -pin_load 0.5 [get_ports {data_addr_o[8]}]
set_load -pin_load 0.5 [get_ports {data_addr_o[7]}]
set_load -pin_load 0.5 [get_ports {data_addr_o[6]}]
set_load -pin_load 0.5 [get_ports {data_addr_o[5]}]
set_load -pin_load 0.5 [get_ports {data_addr_o[4]}]
set_load -pin_load 0.5 [get_ports {data_addr_o[3]}]
set_load -pin_load 0.5 [get_ports {data_addr_o[2]}]
set_load -pin_load 0.5 [get_ports {data_addr_o[1]}]
set_load -pin_load 0.5 [get_ports {data_addr_o[0]}]
set_load -pin_load 0.5 [get_ports {data_wdata_o[31]}]
set_load -pin_load 0.5 [get_ports {data_wdata_o[30]}]
set_load -pin_load 0.5 [get_ports {data_wdata_o[29]}]
set_load -pin_load 0.5 [get_ports {data_wdata_o[28]}]
set_load -pin_load 0.5 [get_ports {data_wdata_o[27]}]
set_load -pin_load 0.5 [get_ports {data_wdata_o[26]}]
set_load -pin_load 0.5 [get_ports {data_wdata_o[25]}]
set_load -pin_load 0.5 [get_ports {data_wdata_o[24]}]
set_load -pin_load 0.5 [get_ports {data_wdata_o[23]}]
set_load -pin_load 0.5 [get_ports {data_wdata_o[22]}]
set_load -pin_load 0.5 [get_ports {data_wdata_o[21]}]
set_load -pin_load 0.5 [get_ports {data_wdata_o[20]}]
set_load -pin_load 0.5 [get_ports {data_wdata_o[19]}]
set_load -pin_load 0.5 [get_ports {data_wdata_o[18]}]
set_load -pin_load 0.5 [get_ports {data_wdata_o[17]}]
set_load -pin_load 0.5 [get_ports {data_wdata_o[16]}]
set_load -pin_load 0.5 [get_ports {data_wdata_o[15]}]
set_load -pin_load 0.5 [get_ports {data_wdata_o[14]}]
set_load -pin_load 0.5 [get_ports {data_wdata_o[13]}]
set_load -pin_load 0.5 [get_ports {data_wdata_o[12]}]
set_load -pin_load 0.5 [get_ports {data_wdata_o[11]}]
set_load -pin_load 0.5 [get_ports {data_wdata_o[10]}]
set_load -pin_load 0.5 [get_ports {data_wdata_o[9]}]
set_load -pin_load 0.5 [get_ports {data_wdata_o[8]}]
set_load -pin_load 0.5 [get_ports {data_wdata_o[7]}]
set_load -pin_load 0.5 [get_ports {data_wdata_o[6]}]
set_load -pin_load 0.5 [get_ports {data_wdata_o[5]}]
set_load -pin_load 0.5 [get_ports {data_wdata_o[4]}]
set_load -pin_load 0.5 [get_ports {data_wdata_o[3]}]
set_load -pin_load 0.5 [get_ports {data_wdata_o[2]}]
set_load -pin_load 0.5 [get_ports {data_wdata_o[1]}]
set_load -pin_load 0.5 [get_ports {data_wdata_o[0]}]
set_load -pin_load 0.5 [get_ports irq_ack_o]
set_load -pin_load 0.5 [get_ports {irq_id_o[4]}]
set_load -pin_load 0.5 [get_ports {irq_id_o[3]}]
set_load -pin_load 0.5 [get_ports {irq_id_o[2]}]
set_load -pin_load 0.5 [get_ports {irq_id_o[1]}]
set_load -pin_load 0.5 [get_ports {irq_id_o[0]}]
set_load -pin_load 0.5 [get_ports debug_havereset_o]
set_load -pin_load 0.5 [get_ports debug_running_o]
set_load -pin_load 0.5 [get_ports debug_halted_o]
set_load -pin_load 0.5 [get_ports core_sleep_o]
create_clock [get_ports clk_i]  -period 5  -waveform {0 2.5}
Warning: Redefining clock 'clk_i'.  
 Previously defined at: /home/ICer/ITI/PnR_Grad/Backend/Synthesis/sdc/cv32e40p_top.sdc, line 387 (UIC-034)
set_input_delay -clock clk_i  2.5  [get_ports {irq_i[31]}]
set_input_delay -clock clk_i  2.5  [get_ports {irq_i[30]}]
set_input_delay -clock clk_i  2.5  [get_ports {irq_i[29]}]
set_input_delay -clock clk_i  2.5  [get_ports {irq_i[28]}]
set_input_delay -clock clk_i  2.5  [get_ports {irq_i[27]}]
set_input_delay -clock clk_i  2.5  [get_ports {irq_i[26]}]
set_input_delay -clock clk_i  2.5  [get_ports {irq_i[25]}]
set_input_delay -clock clk_i  2.5  [get_ports {irq_i[24]}]
set_input_delay -clock clk_i  2.5  [get_ports {irq_i[23]}]
set_input_delay -clock clk_i  2.5  [get_ports {irq_i[22]}]
set_input_delay -clock clk_i  2.5  [get_ports {irq_i[21]}]
set_input_delay -clock clk_i  2.5  [get_ports {irq_i[20]}]
set_input_delay -clock clk_i  2.5  [get_ports {irq_i[19]}]
set_input_delay -clock clk_i  2.5  [get_ports {irq_i[18]}]
set_input_delay -clock clk_i  2.5  [get_ports {irq_i[17]}]
set_input_delay -clock clk_i  2.5  [get_ports {irq_i[16]}]
set_input_delay -clock clk_i  2.5  [get_ports {irq_i[15]}]
set_input_delay -clock clk_i  2.5  [get_ports {irq_i[14]}]
set_input_delay -clock clk_i  2.5  [get_ports {irq_i[13]}]
set_input_delay -clock clk_i  2.5  [get_ports {irq_i[12]}]
set_input_delay -clock clk_i  2.5  [get_ports {irq_i[11]}]
set_input_delay -clock clk_i  2.5  [get_ports {irq_i[10]}]
set_input_delay -clock clk_i  2.5  [get_ports {irq_i[9]}]
set_input_delay -clock clk_i  2.5  [get_ports {irq_i[8]}]
set_input_delay -clock clk_i  2.5  [get_ports {irq_i[7]}]
set_input_delay -clock clk_i  2.5  [get_ports {irq_i[6]}]
set_input_delay -clock clk_i  2.5  [get_ports {irq_i[5]}]
set_input_delay -clock clk_i  2.5  [get_ports {irq_i[4]}]
set_input_delay -clock clk_i  2.5  [get_ports {irq_i[3]}]
set_input_delay -clock clk_i  2.5  [get_ports {irq_i[2]}]
set_input_delay -clock clk_i  2.5  [get_ports {irq_i[1]}]
set_input_delay -clock clk_i  2.5  [get_ports {irq_i[0]}]
set_input_delay -clock clk_i  4  [get_ports instr_gnt_i]
set_input_delay -clock clk_i  4  [get_ports instr_rvalid_i]
set_input_delay -clock clk_i  4  [get_ports {instr_rdata_i[31]}]
set_input_delay -clock clk_i  4  [get_ports {instr_rdata_i[30]}]
set_input_delay -clock clk_i  4  [get_ports {instr_rdata_i[29]}]
set_input_delay -clock clk_i  4  [get_ports {instr_rdata_i[28]}]
set_input_delay -clock clk_i  4  [get_ports {instr_rdata_i[27]}]
set_input_delay -clock clk_i  4  [get_ports {instr_rdata_i[26]}]
set_input_delay -clock clk_i  4  [get_ports {instr_rdata_i[25]}]
set_input_delay -clock clk_i  4  [get_ports {instr_rdata_i[24]}]
set_input_delay -clock clk_i  4  [get_ports {instr_rdata_i[23]}]
set_input_delay -clock clk_i  4  [get_ports {instr_rdata_i[22]}]
set_input_delay -clock clk_i  4  [get_ports {instr_rdata_i[21]}]
set_input_delay -clock clk_i  4  [get_ports {instr_rdata_i[20]}]
set_input_delay -clock clk_i  4  [get_ports {instr_rdata_i[19]}]
set_input_delay -clock clk_i  4  [get_ports {instr_rdata_i[18]}]
set_input_delay -clock clk_i  4  [get_ports {instr_rdata_i[17]}]
set_input_delay -clock clk_i  4  [get_ports {instr_rdata_i[16]}]
set_input_delay -clock clk_i  4  [get_ports {instr_rdata_i[15]}]
set_input_delay -clock clk_i  4  [get_ports {instr_rdata_i[14]}]
set_input_delay -clock clk_i  4  [get_ports {instr_rdata_i[13]}]
set_input_delay -clock clk_i  4  [get_ports {instr_rdata_i[12]}]
set_input_delay -clock clk_i  4  [get_ports {instr_rdata_i[11]}]
set_input_delay -clock clk_i  4  [get_ports {instr_rdata_i[10]}]
set_input_delay -clock clk_i  4  [get_ports {instr_rdata_i[9]}]
set_input_delay -clock clk_i  4  [get_ports {instr_rdata_i[8]}]
set_input_delay -clock clk_i  4  [get_ports {instr_rdata_i[7]}]
set_input_delay -clock clk_i  4  [get_ports {instr_rdata_i[6]}]
set_input_delay -clock clk_i  4  [get_ports {instr_rdata_i[5]}]
set_input_delay -clock clk_i  4  [get_ports {instr_rdata_i[4]}]
set_input_delay -clock clk_i  4  [get_ports {instr_rdata_i[3]}]
set_input_delay -clock clk_i  4  [get_ports {instr_rdata_i[2]}]
set_input_delay -clock clk_i  4  [get_ports {instr_rdata_i[1]}]
set_input_delay -clock clk_i  4  [get_ports {instr_rdata_i[0]}]
set_input_delay -clock clk_i  4  [get_ports data_gnt_i]
set_input_delay -clock clk_i  4  [get_ports data_rvalid_i]
set_input_delay -clock clk_i  4  [get_ports {data_rdata_i[31]}]
set_input_delay -clock clk_i  4  [get_ports {data_rdata_i[30]}]
set_input_delay -clock clk_i  4  [get_ports {data_rdata_i[29]}]
set_input_delay -clock clk_i  4  [get_ports {data_rdata_i[28]}]
set_input_delay -clock clk_i  4  [get_ports {data_rdata_i[27]}]
set_input_delay -clock clk_i  4  [get_ports {data_rdata_i[26]}]
set_input_delay -clock clk_i  4  [get_ports {data_rdata_i[25]}]
set_input_delay -clock clk_i  4  [get_ports {data_rdata_i[24]}]
set_input_delay -clock clk_i  4  [get_ports {data_rdata_i[23]}]
set_input_delay -clock clk_i  4  [get_ports {data_rdata_i[22]}]
set_input_delay -clock clk_i  4  [get_ports {data_rdata_i[21]}]
set_input_delay -clock clk_i  4  [get_ports {data_rdata_i[20]}]
set_input_delay -clock clk_i  4  [get_ports {data_rdata_i[19]}]
set_input_delay -clock clk_i  4  [get_ports {data_rdata_i[18]}]
set_input_delay -clock clk_i  4  [get_ports {data_rdata_i[17]}]
set_input_delay -clock clk_i  4  [get_ports {data_rdata_i[16]}]
set_input_delay -clock clk_i  4  [get_ports {data_rdata_i[15]}]
set_input_delay -clock clk_i  4  [get_ports {data_rdata_i[14]}]
set_input_delay -clock clk_i  4  [get_ports {data_rdata_i[13]}]
set_input_delay -clock clk_i  4  [get_ports {data_rdata_i[12]}]
set_input_delay -clock clk_i  4  [get_ports {data_rdata_i[11]}]
set_input_delay -clock clk_i  4  [get_ports {data_rdata_i[10]}]
set_input_delay -clock clk_i  4  [get_ports {data_rdata_i[9]}]
set_input_delay -clock clk_i  4  [get_ports {data_rdata_i[8]}]
set_input_delay -clock clk_i  4  [get_ports {data_rdata_i[7]}]
set_input_delay -clock clk_i  4  [get_ports {data_rdata_i[6]}]
set_input_delay -clock clk_i  4  [get_ports {data_rdata_i[5]}]
set_input_delay -clock clk_i  4  [get_ports {data_rdata_i[4]}]
set_input_delay -clock clk_i  4  [get_ports {data_rdata_i[3]}]
set_input_delay -clock clk_i  4  [get_ports {data_rdata_i[2]}]
set_input_delay -clock clk_i  4  [get_ports {data_rdata_i[1]}]
set_input_delay -clock clk_i  4  [get_ports {data_rdata_i[0]}]
set_input_delay -clock clk_i  0.5  [get_ports debug_req_i]
set_input_delay -clock clk_i  0.5  [get_ports {boot_addr_i[31]}]
set_input_delay -clock clk_i  0.5  [get_ports {boot_addr_i[30]}]
set_input_delay -clock clk_i  0.5  [get_ports {boot_addr_i[29]}]
set_input_delay -clock clk_i  0.5  [get_ports {boot_addr_i[28]}]
set_input_delay -clock clk_i  0.5  [get_ports {boot_addr_i[27]}]
set_input_delay -clock clk_i  0.5  [get_ports {boot_addr_i[26]}]
set_input_delay -clock clk_i  0.5  [get_ports {boot_addr_i[25]}]
set_input_delay -clock clk_i  0.5  [get_ports {boot_addr_i[24]}]
set_input_delay -clock clk_i  0.5  [get_ports {boot_addr_i[23]}]
set_input_delay -clock clk_i  0.5  [get_ports {boot_addr_i[22]}]
set_input_delay -clock clk_i  0.5  [get_ports {boot_addr_i[21]}]
set_input_delay -clock clk_i  0.5  [get_ports {boot_addr_i[20]}]
set_input_delay -clock clk_i  0.5  [get_ports {boot_addr_i[19]}]
set_input_delay -clock clk_i  0.5  [get_ports {boot_addr_i[18]}]
set_input_delay -clock clk_i  0.5  [get_ports {boot_addr_i[17]}]
set_input_delay -clock clk_i  0.5  [get_ports {boot_addr_i[16]}]
set_input_delay -clock clk_i  0.5  [get_ports {boot_addr_i[15]}]
set_input_delay -clock clk_i  0.5  [get_ports {boot_addr_i[14]}]
set_input_delay -clock clk_i  0.5  [get_ports {boot_addr_i[13]}]
set_input_delay -clock clk_i  0.5  [get_ports {boot_addr_i[12]}]
set_input_delay -clock clk_i  0.5  [get_ports {boot_addr_i[11]}]
set_input_delay -clock clk_i  0.5  [get_ports {boot_addr_i[10]}]
set_input_delay -clock clk_i  0.5  [get_ports {boot_addr_i[9]}]
set_input_delay -clock clk_i  0.5  [get_ports {boot_addr_i[8]}]
set_input_delay -clock clk_i  0.5  [get_ports {boot_addr_i[7]}]
set_input_delay -clock clk_i  0.5  [get_ports {boot_addr_i[6]}]
set_input_delay -clock clk_i  0.5  [get_ports {boot_addr_i[5]}]
set_input_delay -clock clk_i  0.5  [get_ports {boot_addr_i[4]}]
set_input_delay -clock clk_i  0.5  [get_ports {boot_addr_i[3]}]
set_input_delay -clock clk_i  0.5  [get_ports {boot_addr_i[2]}]
set_input_delay -clock clk_i  0.5  [get_ports {boot_addr_i[1]}]
set_input_delay -clock clk_i  0.5  [get_ports {boot_addr_i[0]}]
set_input_delay -clock clk_i  0.5  [get_ports {mtvec_addr_i[31]}]
set_input_delay -clock clk_i  0.5  [get_ports {mtvec_addr_i[30]}]
set_input_delay -clock clk_i  0.5  [get_ports {mtvec_addr_i[29]}]
set_input_delay -clock clk_i  0.5  [get_ports {mtvec_addr_i[28]}]
set_input_delay -clock clk_i  0.5  [get_ports {mtvec_addr_i[27]}]
set_input_delay -clock clk_i  0.5  [get_ports {mtvec_addr_i[26]}]
set_input_delay -clock clk_i  0.5  [get_ports {mtvec_addr_i[25]}]
set_input_delay -clock clk_i  0.5  [get_ports {mtvec_addr_i[24]}]
set_input_delay -clock clk_i  0.5  [get_ports {mtvec_addr_i[23]}]
set_input_delay -clock clk_i  0.5  [get_ports {mtvec_addr_i[22]}]
set_input_delay -clock clk_i  0.5  [get_ports {mtvec_addr_i[21]}]
set_input_delay -clock clk_i  0.5  [get_ports {mtvec_addr_i[20]}]
set_input_delay -clock clk_i  0.5  [get_ports {mtvec_addr_i[19]}]
set_input_delay -clock clk_i  0.5  [get_ports {mtvec_addr_i[18]}]
set_input_delay -clock clk_i  0.5  [get_ports {mtvec_addr_i[17]}]
set_input_delay -clock clk_i  0.5  [get_ports {mtvec_addr_i[16]}]
set_input_delay -clock clk_i  0.5  [get_ports {mtvec_addr_i[15]}]
set_input_delay -clock clk_i  0.5  [get_ports {mtvec_addr_i[14]}]
set_input_delay -clock clk_i  0.5  [get_ports {mtvec_addr_i[13]}]
set_input_delay -clock clk_i  0.5  [get_ports {mtvec_addr_i[12]}]
set_input_delay -clock clk_i  0.5  [get_ports {mtvec_addr_i[11]}]
set_input_delay -clock clk_i  0.5  [get_ports {mtvec_addr_i[10]}]
set_input_delay -clock clk_i  0.5  [get_ports {mtvec_addr_i[9]}]
set_input_delay -clock clk_i  0.5  [get_ports {mtvec_addr_i[8]}]
set_input_delay -clock clk_i  0.5  [get_ports {mtvec_addr_i[7]}]
set_input_delay -clock clk_i  0.5  [get_ports {mtvec_addr_i[6]}]
set_input_delay -clock clk_i  0.5  [get_ports {mtvec_addr_i[5]}]
set_input_delay -clock clk_i  0.5  [get_ports {mtvec_addr_i[4]}]
set_input_delay -clock clk_i  0.5  [get_ports {mtvec_addr_i[3]}]
set_input_delay -clock clk_i  0.5  [get_ports {mtvec_addr_i[2]}]
set_input_delay -clock clk_i  0.5  [get_ports {mtvec_addr_i[1]}]
set_input_delay -clock clk_i  0.5  [get_ports {mtvec_addr_i[0]}]
set_input_delay -clock clk_i  0.5  [get_ports {dm_halt_addr_i[31]}]
set_input_delay -clock clk_i  0.5  [get_ports {dm_halt_addr_i[30]}]
set_input_delay -clock clk_i  0.5  [get_ports {dm_halt_addr_i[29]}]
set_input_delay -clock clk_i  0.5  [get_ports {dm_halt_addr_i[28]}]
set_input_delay -clock clk_i  0.5  [get_ports {dm_halt_addr_i[27]}]
set_input_delay -clock clk_i  0.5  [get_ports {dm_halt_addr_i[26]}]
set_input_delay -clock clk_i  0.5  [get_ports {dm_halt_addr_i[25]}]
set_input_delay -clock clk_i  0.5  [get_ports {dm_halt_addr_i[24]}]
set_input_delay -clock clk_i  0.5  [get_ports {dm_halt_addr_i[23]}]
set_input_delay -clock clk_i  0.5  [get_ports {dm_halt_addr_i[22]}]
set_input_delay -clock clk_i  0.5  [get_ports {dm_halt_addr_i[21]}]
set_input_delay -clock clk_i  0.5  [get_ports {dm_halt_addr_i[20]}]
set_input_delay -clock clk_i  0.5  [get_ports {dm_halt_addr_i[19]}]
set_input_delay -clock clk_i  0.5  [get_ports {dm_halt_addr_i[18]}]
set_input_delay -clock clk_i  0.5  [get_ports {dm_halt_addr_i[17]}]
set_input_delay -clock clk_i  0.5  [get_ports {dm_halt_addr_i[16]}]
set_input_delay -clock clk_i  0.5  [get_ports {dm_halt_addr_i[15]}]
set_input_delay -clock clk_i  0.5  [get_ports {dm_halt_addr_i[14]}]
set_input_delay -clock clk_i  0.5  [get_ports {dm_halt_addr_i[13]}]
set_input_delay -clock clk_i  0.5  [get_ports {dm_halt_addr_i[12]}]
set_input_delay -clock clk_i  0.5  [get_ports {dm_halt_addr_i[11]}]
set_input_delay -clock clk_i  0.5  [get_ports {dm_halt_addr_i[10]}]
set_input_delay -clock clk_i  0.5  [get_ports {dm_halt_addr_i[9]}]
set_input_delay -clock clk_i  0.5  [get_ports {dm_halt_addr_i[8]}]
set_input_delay -clock clk_i  0.5  [get_ports {dm_halt_addr_i[7]}]
set_input_delay -clock clk_i  0.5  [get_ports {dm_halt_addr_i[6]}]
set_input_delay -clock clk_i  0.5  [get_ports {dm_halt_addr_i[5]}]
set_input_delay -clock clk_i  0.5  [get_ports {dm_halt_addr_i[4]}]
set_input_delay -clock clk_i  0.5  [get_ports {dm_halt_addr_i[3]}]
set_input_delay -clock clk_i  0.5  [get_ports {dm_halt_addr_i[2]}]
set_input_delay -clock clk_i  0.5  [get_ports {dm_halt_addr_i[1]}]
set_input_delay -clock clk_i  0.5  [get_ports {dm_halt_addr_i[0]}]
set_input_delay -clock clk_i  0.5  [get_ports {hart_id_i[31]}]
set_input_delay -clock clk_i  0.5  [get_ports {hart_id_i[30]}]
set_input_delay -clock clk_i  0.5  [get_ports {hart_id_i[29]}]
set_input_delay -clock clk_i  0.5  [get_ports {hart_id_i[28]}]
set_input_delay -clock clk_i  0.5  [get_ports {hart_id_i[27]}]
set_input_delay -clock clk_i  0.5  [get_ports {hart_id_i[26]}]
set_input_delay -clock clk_i  0.5  [get_ports {hart_id_i[25]}]
set_input_delay -clock clk_i  0.5  [get_ports {hart_id_i[24]}]
set_input_delay -clock clk_i  0.5  [get_ports {hart_id_i[23]}]
set_input_delay -clock clk_i  0.5  [get_ports {hart_id_i[22]}]
set_input_delay -clock clk_i  0.5  [get_ports {hart_id_i[21]}]
set_input_delay -clock clk_i  0.5  [get_ports {hart_id_i[20]}]
set_input_delay -clock clk_i  0.5  [get_ports {hart_id_i[19]}]
set_input_delay -clock clk_i  0.5  [get_ports {hart_id_i[18]}]
set_input_delay -clock clk_i  0.5  [get_ports {hart_id_i[17]}]
set_input_delay -clock clk_i  0.5  [get_ports {hart_id_i[16]}]
set_input_delay -clock clk_i  0.5  [get_ports {hart_id_i[15]}]
set_input_delay -clock clk_i  0.5  [get_ports {hart_id_i[14]}]
set_input_delay -clock clk_i  0.5  [get_ports {hart_id_i[13]}]
set_input_delay -clock clk_i  0.5  [get_ports {hart_id_i[12]}]
set_input_delay -clock clk_i  0.5  [get_ports {hart_id_i[11]}]
set_input_delay -clock clk_i  0.5  [get_ports {hart_id_i[10]}]
set_input_delay -clock clk_i  0.5  [get_ports {hart_id_i[9]}]
set_input_delay -clock clk_i  0.5  [get_ports {hart_id_i[8]}]
set_input_delay -clock clk_i  0.5  [get_ports {hart_id_i[7]}]
set_input_delay -clock clk_i  0.5  [get_ports {hart_id_i[6]}]
set_input_delay -clock clk_i  0.5  [get_ports {hart_id_i[5]}]
set_input_delay -clock clk_i  0.5  [get_ports {hart_id_i[4]}]
set_input_delay -clock clk_i  0.5  [get_ports {hart_id_i[3]}]
set_input_delay -clock clk_i  0.5  [get_ports {hart_id_i[2]}]
set_input_delay -clock clk_i  0.5  [get_ports {hart_id_i[1]}]
set_input_delay -clock clk_i  0.5  [get_ports {hart_id_i[0]}]
set_input_delay -clock clk_i  0.5  [get_ports {dm_exception_addr_i[31]}]
set_input_delay -clock clk_i  0.5  [get_ports {dm_exception_addr_i[30]}]
set_input_delay -clock clk_i  0.5  [get_ports {dm_exception_addr_i[29]}]
set_input_delay -clock clk_i  0.5  [get_ports {dm_exception_addr_i[28]}]
set_input_delay -clock clk_i  0.5  [get_ports {dm_exception_addr_i[27]}]
set_input_delay -clock clk_i  0.5  [get_ports {dm_exception_addr_i[26]}]
set_input_delay -clock clk_i  0.5  [get_ports {dm_exception_addr_i[25]}]
set_input_delay -clock clk_i  0.5  [get_ports {dm_exception_addr_i[24]}]
set_input_delay -clock clk_i  0.5  [get_ports {dm_exception_addr_i[23]}]
set_input_delay -clock clk_i  0.5  [get_ports {dm_exception_addr_i[22]}]
set_input_delay -clock clk_i  0.5  [get_ports {dm_exception_addr_i[21]}]
set_input_delay -clock clk_i  0.5  [get_ports {dm_exception_addr_i[20]}]
set_input_delay -clock clk_i  0.5  [get_ports {dm_exception_addr_i[19]}]
set_input_delay -clock clk_i  0.5  [get_ports {dm_exception_addr_i[18]}]
set_input_delay -clock clk_i  0.5  [get_ports {dm_exception_addr_i[17]}]
set_input_delay -clock clk_i  0.5  [get_ports {dm_exception_addr_i[16]}]
set_input_delay -clock clk_i  0.5  [get_ports {dm_exception_addr_i[15]}]
set_input_delay -clock clk_i  0.5  [get_ports {dm_exception_addr_i[14]}]
set_input_delay -clock clk_i  0.5  [get_ports {dm_exception_addr_i[13]}]
set_input_delay -clock clk_i  0.5  [get_ports {dm_exception_addr_i[12]}]
set_input_delay -clock clk_i  0.5  [get_ports {dm_exception_addr_i[11]}]
set_input_delay -clock clk_i  0.5  [get_ports {dm_exception_addr_i[10]}]
set_input_delay -clock clk_i  0.5  [get_ports {dm_exception_addr_i[9]}]
set_input_delay -clock clk_i  0.5  [get_ports {dm_exception_addr_i[8]}]
set_input_delay -clock clk_i  0.5  [get_ports {dm_exception_addr_i[7]}]
set_input_delay -clock clk_i  0.5  [get_ports {dm_exception_addr_i[6]}]
set_input_delay -clock clk_i  0.5  [get_ports {dm_exception_addr_i[5]}]
set_input_delay -clock clk_i  0.5  [get_ports {dm_exception_addr_i[4]}]
set_input_delay -clock clk_i  0.5  [get_ports {dm_exception_addr_i[3]}]
set_input_delay -clock clk_i  0.5  [get_ports {dm_exception_addr_i[2]}]
set_input_delay -clock clk_i  0.5  [get_ports {dm_exception_addr_i[1]}]
set_input_delay -clock clk_i  0.5  [get_ports {dm_exception_addr_i[0]}]
set_output_delay -clock clk_i  1.25  [get_ports irq_ack_o]
set_output_delay -clock clk_i  1.25  [get_ports {irq_id_o[4]}]
set_output_delay -clock clk_i  1.25  [get_ports {irq_id_o[3]}]
set_output_delay -clock clk_i  1.25  [get_ports {irq_id_o[2]}]
set_output_delay -clock clk_i  1.25  [get_ports {irq_id_o[1]}]
set_output_delay -clock clk_i  1.25  [get_ports {irq_id_o[0]}]
set_output_delay -clock clk_i  3  [get_ports instr_req_o]
set_output_delay -clock clk_i  3  [get_ports {instr_addr_o[31]}]
set_output_delay -clock clk_i  3  [get_ports {instr_addr_o[30]}]
set_output_delay -clock clk_i  3  [get_ports {instr_addr_o[29]}]
set_output_delay -clock clk_i  3  [get_ports {instr_addr_o[28]}]
set_output_delay -clock clk_i  3  [get_ports {instr_addr_o[27]}]
set_output_delay -clock clk_i  3  [get_ports {instr_addr_o[26]}]
set_output_delay -clock clk_i  3  [get_ports {instr_addr_o[25]}]
set_output_delay -clock clk_i  3  [get_ports {instr_addr_o[24]}]
set_output_delay -clock clk_i  3  [get_ports {instr_addr_o[23]}]
set_output_delay -clock clk_i  3  [get_ports {instr_addr_o[22]}]
set_output_delay -clock clk_i  3  [get_ports {instr_addr_o[21]}]
set_output_delay -clock clk_i  3  [get_ports {instr_addr_o[20]}]
set_output_delay -clock clk_i  3  [get_ports {instr_addr_o[19]}]
set_output_delay -clock clk_i  3  [get_ports {instr_addr_o[18]}]
set_output_delay -clock clk_i  3  [get_ports {instr_addr_o[17]}]
set_output_delay -clock clk_i  3  [get_ports {instr_addr_o[16]}]
set_output_delay -clock clk_i  3  [get_ports {instr_addr_o[15]}]
set_output_delay -clock clk_i  3  [get_ports {instr_addr_o[14]}]
set_output_delay -clock clk_i  3  [get_ports {instr_addr_o[13]}]
set_output_delay -clock clk_i  3  [get_ports {instr_addr_o[12]}]
set_output_delay -clock clk_i  3  [get_ports {instr_addr_o[11]}]
set_output_delay -clock clk_i  3  [get_ports {instr_addr_o[10]}]
set_output_delay -clock clk_i  3  [get_ports {instr_addr_o[9]}]
set_output_delay -clock clk_i  3  [get_ports {instr_addr_o[8]}]
set_output_delay -clock clk_i  3  [get_ports {instr_addr_o[7]}]
set_output_delay -clock clk_i  3  [get_ports {instr_addr_o[6]}]
set_output_delay -clock clk_i  3  [get_ports {instr_addr_o[5]}]
set_output_delay -clock clk_i  3  [get_ports {instr_addr_o[4]}]
set_output_delay -clock clk_i  3  [get_ports {instr_addr_o[3]}]
set_output_delay -clock clk_i  3  [get_ports {instr_addr_o[2]}]
set_output_delay -clock clk_i  3  [get_ports {instr_addr_o[1]}]
set_output_delay -clock clk_i  3  [get_ports {instr_addr_o[0]}]
set_output_delay -clock clk_i  3  [get_ports data_req_o]
set_output_delay -clock clk_i  3  [get_ports data_we_o]
set_output_delay -clock clk_i  3  [get_ports {data_be_o[3]}]
set_output_delay -clock clk_i  3  [get_ports {data_be_o[2]}]
set_output_delay -clock clk_i  3  [get_ports {data_be_o[1]}]
set_output_delay -clock clk_i  3  [get_ports {data_be_o[0]}]
set_output_delay -clock clk_i  3  [get_ports {data_addr_o[31]}]
set_output_delay -clock clk_i  3  [get_ports {data_addr_o[30]}]
set_output_delay -clock clk_i  3  [get_ports {data_addr_o[29]}]
set_output_delay -clock clk_i  3  [get_ports {data_addr_o[28]}]
set_output_delay -clock clk_i  3  [get_ports {data_addr_o[27]}]
set_output_delay -clock clk_i  3  [get_ports {data_addr_o[26]}]
set_output_delay -clock clk_i  3  [get_ports {data_addr_o[25]}]
set_output_delay -clock clk_i  3  [get_ports {data_addr_o[24]}]
set_output_delay -clock clk_i  3  [get_ports {data_addr_o[23]}]
set_output_delay -clock clk_i  3  [get_ports {data_addr_o[22]}]
set_output_delay -clock clk_i  3  [get_ports {data_addr_o[21]}]
set_output_delay -clock clk_i  3  [get_ports {data_addr_o[20]}]
set_output_delay -clock clk_i  3  [get_ports {data_addr_o[19]}]
set_output_delay -clock clk_i  3  [get_ports {data_addr_o[18]}]
set_output_delay -clock clk_i  3  [get_ports {data_addr_o[17]}]
set_output_delay -clock clk_i  3  [get_ports {data_addr_o[16]}]
set_output_delay -clock clk_i  3  [get_ports {data_addr_o[15]}]
set_output_delay -clock clk_i  3  [get_ports {data_addr_o[14]}]
set_output_delay -clock clk_i  3  [get_ports {data_addr_o[13]}]
set_output_delay -clock clk_i  3  [get_ports {data_addr_o[12]}]
set_output_delay -clock clk_i  3  [get_ports {data_addr_o[11]}]
set_output_delay -clock clk_i  3  [get_ports {data_addr_o[10]}]
set_output_delay -clock clk_i  3  [get_ports {data_addr_o[9]}]
set_output_delay -clock clk_i  3  [get_ports {data_addr_o[8]}]
set_output_delay -clock clk_i  3  [get_ports {data_addr_o[7]}]
set_output_delay -clock clk_i  3  [get_ports {data_addr_o[6]}]
set_output_delay -clock clk_i  3  [get_ports {data_addr_o[5]}]
set_output_delay -clock clk_i  3  [get_ports {data_addr_o[4]}]
set_output_delay -clock clk_i  3  [get_ports {data_addr_o[3]}]
set_output_delay -clock clk_i  3  [get_ports {data_addr_o[2]}]
set_output_delay -clock clk_i  3  [get_ports {data_addr_o[1]}]
set_output_delay -clock clk_i  3  [get_ports {data_addr_o[0]}]
set_output_delay -clock clk_i  3  [get_ports {data_wdata_o[31]}]
set_output_delay -clock clk_i  3  [get_ports {data_wdata_o[30]}]
set_output_delay -clock clk_i  3  [get_ports {data_wdata_o[29]}]
set_output_delay -clock clk_i  3  [get_ports {data_wdata_o[28]}]
set_output_delay -clock clk_i  3  [get_ports {data_wdata_o[27]}]
set_output_delay -clock clk_i  3  [get_ports {data_wdata_o[26]}]
set_output_delay -clock clk_i  3  [get_ports {data_wdata_o[25]}]
set_output_delay -clock clk_i  3  [get_ports {data_wdata_o[24]}]
set_output_delay -clock clk_i  3  [get_ports {data_wdata_o[23]}]
set_output_delay -clock clk_i  3  [get_ports {data_wdata_o[22]}]
set_output_delay -clock clk_i  3  [get_ports {data_wdata_o[21]}]
set_output_delay -clock clk_i  3  [get_ports {data_wdata_o[20]}]
set_output_delay -clock clk_i  3  [get_ports {data_wdata_o[19]}]
set_output_delay -clock clk_i  3  [get_ports {data_wdata_o[18]}]
set_output_delay -clock clk_i  3  [get_ports {data_wdata_o[17]}]
set_output_delay -clock clk_i  3  [get_ports {data_wdata_o[16]}]
set_output_delay -clock clk_i  3  [get_ports {data_wdata_o[15]}]
set_output_delay -clock clk_i  3  [get_ports {data_wdata_o[14]}]
set_output_delay -clock clk_i  3  [get_ports {data_wdata_o[13]}]
set_output_delay -clock clk_i  3  [get_ports {data_wdata_o[12]}]
set_output_delay -clock clk_i  3  [get_ports {data_wdata_o[11]}]
set_output_delay -clock clk_i  3  [get_ports {data_wdata_o[10]}]
set_output_delay -clock clk_i  3  [get_ports {data_wdata_o[9]}]
set_output_delay -clock clk_i  3  [get_ports {data_wdata_o[8]}]
set_output_delay -clock clk_i  3  [get_ports {data_wdata_o[7]}]
set_output_delay -clock clk_i  3  [get_ports {data_wdata_o[6]}]
set_output_delay -clock clk_i  3  [get_ports {data_wdata_o[5]}]
set_output_delay -clock clk_i  3  [get_ports {data_wdata_o[4]}]
set_output_delay -clock clk_i  3  [get_ports {data_wdata_o[3]}]
set_output_delay -clock clk_i  3  [get_ports {data_wdata_o[2]}]
set_output_delay -clock clk_i  3  [get_ports {data_wdata_o[1]}]
set_output_delay -clock clk_i  3  [get_ports {data_wdata_o[0]}]
set_output_delay -clock clk_i  3  [get_ports debug_havereset_o]
set_output_delay -clock clk_i  3  [get_ports debug_running_o]
set_output_delay -clock clk_i  3  [get_ports debug_halted_o]
set_output_delay -clock clk_i  1.25  [get_ports core_sleep_o]
#current scenario
current_scenario func_slow_Cmax
{func_slow_Cmax}
set_scenario_status -leakage_power false -dynamic_power false [get_scenarios]
Scenario func_fast_Cmax (mode func corner fast_Cmax) is active for setup/hold/max_transition/max_capacitance/min_capacitance analysis.
Scenario func_fast_Cmin (mode func corner fast_Cmin) is active for setup/hold/max_transition/max_capacitance/min_capacitance analysis.
Scenario func_slow_Cmax (mode func corner slow_Cmax) is active for setup/hold/max_transition/max_capacitance/min_capacitance analysis.
Scenario func_slow_Cmin (mode func corner slow_Cmin) is active for setup/hold/max_transition/max_capacitance/min_capacitance analysis.
Scenario test_fast_Cmax (mode test corner fast_Cmax) is active for setup/hold/max_transition/max_capacitance/min_capacitance analysis.
Scenario test_fast_Cmin (mode test corner fast_Cmin) is active for setup/hold/max_transition/max_capacitance/min_capacitance analysis.
Scenario test_slow_Cmax (mode test corner slow_Cmax) is active for setup/hold/max_transition/max_capacitance/min_capacitance analysis.
Scenario test_slow_Cmin (mode test corner slow_Cmin) is active for setup/hold/max_transition/max_capacitance/min_capacitance analysis.
1
report_scenarios
****************************************
Report : scenario
Design : cv32e40p_top
Version: O-2018.06-SP1
Date   : Tue Jul  1 12:10:05 2025
****************************************

                                                                     Leakage  Dynamic                              Cell  Signal
Name            Mode            Corner          Active  Setup  Hold  Power    Power    Max_tran  Max_cap  Min_cap  EM    EM
-------------------------------------------------------------------------------------------------------------------------------
func_fast_Cmax *
                func            fast_Cmax       true    true   true  false    false    true      true     true     false false
func_fast_Cmin *
                func            fast_Cmin       true    true   true  false    false    true      true     true     false false
func_slow_Cmax *
                func            slow_Cmax       true    true   true  false    false    true      true     true     false false
func_slow_Cmin *
                func            slow_Cmin       true    true   true  false    false    true      true     true     false false
test_fast_Cmax *
                test            fast_Cmax       true    true   true  false    false    true      true     true     false false
test_fast_Cmin *
                test            fast_Cmin       true    true   true  false    false    true      true     true     false false
test_slow_Cmax *
                test            slow_Cmax       true    true   true  false    false    true      true     true     false false
test_slow_Cmin *
                test            slow_Cmin       true    true   true  false    false    true      true     true     false false

1
1
################# Define Constraints File #################
#read_sdc -e ../Synthesis/sdc/cv32e40p_top.sdc
sh mkdir -p report_MCMM
report_corners > report_MCMM/report_corners.rpt
report_pvt > report_MCMM/pvt.rpt
report_lib -parasitic_tech [current_lib] > report_MCMM/parasitic_tech.rpt
report_parasitic_parameters > report_MCMM/parasitic_parameters.rpt
save_block -as ${design}_1_imported
Information: Saving 'cv32e40p_top:cv32e40p_top.design' to 'cv32e40p_top:cv32e40p_top_1_imported.design'. (DES-028)
1
report_clocks
****************************************
Report : clock
Design : cv32e40p_top
Mode   : func
Version: O-2018.06-SP1
Date   : Tue Jul  1 12:10:06 2025
****************************************


Attributes:
    p - Propagated clock
    G - Generated  clock
    U - Unexpanded generated clock

Clock          Period   Waveform            Attrs     Sources
--------------------------------------------------------------------------------
clk_i            5.00   {0 2.5}                       {clk_i}

1
sh rm -rf wscript
write_script
1
report_timing
Information: The stitching and editing of coupling caps is turned OFF for design 'cv32e40p_top:cv32e40p_top.design'. (TIM-125)
Warning: No physical information exists for design 'cv32e40p_top'. Zero interconnect delay is used in timing analysis. (TIM-101)
Warning: The extractor can not be initialized for design 'cv32e40p_top'. Zero interconnect delay is used in timing analysis. (TIM-102)
Information: Update timing completed net estimation for all the timing graph nets (TIM-111)
Information: Net estimation statistics: timing graph nets = 28151, routed nets = 0, across physical hierarchy nets = 0, parasitics cached nets = 0, delay annotated nets = 0, parasitics annotated nets = 0, multi-voltage nets = 0. (TIM-112)
****************************************
Report : timing
        -path_type full
        -delay_type max
        -max_paths 1
        -report_by design
Design : cv32e40p_top
Version: O-2018.06-SP1
Date   : Tue Jul  1 12:10:12 2025
****************************************

  Startpoint: data_rvalid_i (input port clocked by clk_i)
  Endpoint: core_i/id_stage_i/controller_i/debug_fsm_cs_reg[0] (rising edge-triggered flip-flop clocked by clk_i)
  Mode: func
  Corner: slow_Cmax
  Scenario: func_slow_Cmax
  Path Group: clk_i
  Path Type: max

  Point                                            Incr      Path  
  ------------------------------------------------------------------------
  clock clk_i (rise edge)                          0.00      0.00
  clock network delay (ideal)                      0.00      0.00
  input external delay                             4.00      4.00

  data_rvalid_i (in)                               0.00      4.00 f
  core_i/load_store_unit_i/data_obi_i/U101/X (SAEDRVT14_BUF_S_2)
                                                   0.01      4.01 f
  core_i/load_store_unit_i/U14/X (SAEDRVT14_INV_S_2)
                                                   0.01      4.02 r
  core_i/load_store_unit_i/U53/X (SAEDRVT14_BUF_S_2)
                                                   0.02      4.04 r
  core_i/load_store_unit_i/U17/X (SAEDRVT14_OAI21_V1_4)
                                                   0.02      4.06 f
  core_i/load_store_unit_i/U292/X (SAEDRVT14_AO22_2)
                                                   0.03      4.09 f
  core_i/load_store_unit_i/U288/X (SAEDRVT14_OR2_2)
                                                   0.02      4.11 f
  core_i/ex_stage_i/U88/X (SAEDRVT14_AN4_2)        0.02      4.13 f
  core_i/ex_stage_i/U199/X (SAEDRVT14_OR2_2)       0.02      4.15 f
  core_i/id_stage_i/U1337/X (SAEDRVT14_AN4_2)      0.03      4.18 f
  core_i/id_stage_i/controller_i/U456/X (SAEDRVT14_INV_S_2)
                                                   0.01      4.19 r
  core_i/id_stage_i/controller_i/U123/X (SAEDRVT14_OR2_2)
                                                   0.02      4.21 r
  core_i/id_stage_i/controller_i/U111/X (SAEDRVT14_OA32_2)
                                                   0.03      4.23 r
  core_i/id_stage_i/controller_i/U119/X (SAEDRVT14_OA21_MM_2)
                                                   0.03      4.26 r
  core_i/id_stage_i/controller_i/U118/X (SAEDRVT14_OAI22_3)
                                                   0.02      4.28 f
  core_i/id_stage_i/controller_i/U131/X (SAEDRVT14_OR2_2)
                                                   0.02      4.30 f
  core_i/id_stage_i/controller_i/U388/X (SAEDRVT14_AO22_2)
                                                   0.03      4.33 f
  core_i/id_stage_i/controller_i/U389/X (SAEDRVT14_NR2_4)
                                                   0.01      4.34 r
  core_i/id_stage_i/controller_i/U391/X (SAEDRVT14_OAI32_4)
                                                   0.04      4.37 f
  core_i/id_stage_i/controller_i/U392/X (SAEDRVT14_AOI311_2)
                                                   0.04      4.41 r
  core_i/id_stage_i/controller_i/U100/X (SAEDRVT14_AN4_2)
                                                   0.03      4.44 r
  core_i/id_stage_i/controller_i/U98/X (SAEDRVT14_OAI32_4)
                                                   0.04      4.48 f
  core_i/id_stage_i/controller_i/debug_fsm_cs_reg[0]/D (SAEDRVT14_FSDPSBQ_V2_4)
                                                   0.00      4.48 f
  data arrival time                                          4.48

  clock clk_i (rise edge)                          5.00      5.00
  clock network delay (ideal)                      0.00      5.00
  core_i/id_stage_i/controller_i/debug_fsm_cs_reg[0]/CK (SAEDRVT14_FSDPSBQ_V2_4)
                                                   0.00      5.00 r
  library setup time                              -0.02      4.98
  data required time                                         4.98
  ------------------------------------------------------------------------
  data required time                                         4.98
  data arrival time                                         -4.48
  ------------------------------------------------------------------------
  slack (MET)                                                0.50


1
exit
Maximum memory usage for this session: 396.06 MB
CPU usage for this session:     57 seconds (  0.02 hours)
Elapsed time for this session:     32 seconds (  0.01 hours)
Thank you for using IC Compiler II.
