 
****************************************
Report : timing
        -path full
        -delay max
        -max_paths 10
Design : cv32e40p_top
Version: O-2018.06-SP1
Date   : Sun Jul  6 23:28:57 2025
****************************************

 # A fanout number of 1000 was used for high fanout net computations.

Operating Conditions: ss0p6v125c   Library: saed14rvt_ss0p6v125c
Wire Load Model Mode: top

  Startpoint: debug_req_i
              (input port clocked by clk_i)
  Endpoint: instr_addr_o[7]
            (output port clocked by clk_i)
  Path Group: clk_i
  Path Type: max

  Des/Clust/Port     Wire Load Model       Library
  ------------------------------------------------
  cv32e40p_top       35000                 saed14rvt_ss0p6v125c

  Point                                                   Incr       Path
  --------------------------------------------------------------------------
  clock clk_i (rise edge)                                 0.00       0.00
  clock network delay (ideal)                             0.00       0.00
  input external delay                                    0.50       0.50 f
  debug_req_i (in)                                        0.00       0.50 f
  core_i/debug_req_i (cv32e40p_core_COREV_PULP0_COREV_CLUSTER0_FPU0_FPU_ADDMUL_LAT0_FPU_OTHERS_LAT0_ZFINX0_NUM_MHPMCOUNTERS1_test_1)
                                                          0.00       0.50 f
  core_i/id_stage_i/debug_req_i (cv32e40p_id_stage_COREV_PULP0_COREV_CLUSTER0_N_HWLP2_PULP_SECURE0_USE_PMP0_A_EXTENSION0_APU0_FPU0_FPU_ADDMUL_LAT0_FPU_OTHERS_LAT0_ZFINX0_APU_NARGS_CPU3_APU_WOP_CPU6_APU_NDSFLAGS_CPU15_APU_NUSFLAGS_CPU5_DEBUG_TRIGGER_EN1_test_1)
                                                          0.00       0.50 f
  core_i/id_stage_i/controller_i/debug_req_i (cv32e40p_controller_COREV_CLUSTER0_COREV_PULP0_FPU0_test_1)
                                                          0.00       0.50 f
  core_i/id_stage_i/controller_i/U167/X (SAEDRVT14_OR2_2)
                                                          0.02       0.53 f
  core_i/id_stage_i/controller_i/U81/X (SAEDRVT14_OA21_MM_2)
                                                          0.03       0.56 f
  core_i/id_stage_i/controller_i/U509/X (SAEDRVT14_INV_S_2)
                                                          0.02       0.58 r
  core_i/id_stage_i/controller_i/U13/X (SAEDRVT14_OAI21_V1_4)
                                                          0.04       0.63 f
  core_i/id_stage_i/controller_i/U35/X (SAEDRVT14_OR2_2)
                                                          0.04       0.67 f
  core_i/id_stage_i/controller_i/U79/X (SAEDRVT14_OR2_2)
                                                          0.04       0.71 f
  core_i/id_stage_i/controller_i/U464/X (SAEDRVT14_INV_S_2)
                                                          0.02       0.73 r
  core_i/id_stage_i/controller_i/U40/X (SAEDRVT14_ND3_2)
                                                          0.04       0.77 f
  core_i/id_stage_i/controller_i/U463/X (SAEDRVT14_INV_S_2)
                                                          0.01       0.78 r
  core_i/id_stage_i/controller_i/U356/X (SAEDRVT14_AOI311_2)
                                                          0.03       0.81 f
  core_i/id_stage_i/controller_i/U355/X (SAEDRVT14_NR2_4)
                                                          0.02       0.83 r
  core_i/id_stage_i/controller_i/pc_mux_o[1] (cv32e40p_controller_COREV_CLUSTER0_COREV_PULP0_FPU0_test_1)
                                                          0.00       0.83 r
  core_i/id_stage_i/pc_mux_o[1] (cv32e40p_id_stage_COREV_PULP0_COREV_CLUSTER0_N_HWLP2_PULP_SECURE0_USE_PMP0_A_EXTENSION0_APU0_FPU0_FPU_ADDMUL_LAT0_FPU_OTHERS_LAT0_ZFINX0_APU_NARGS_CPU3_APU_WOP_CPU6_APU_NDSFLAGS_CPU15_APU_NUSFLAGS_CPU5_DEBUG_TRIGGER_EN1_test_1)
                                                          0.00       0.83 r
  core_i/if_stage_i/pc_mux_i[1] (cv32e40p_if_stage_COREV_PULP0_PULP_OBI0_PULP_SECURE0_FPU0_ZFINX0_test_1)
                                                          0.00       0.83 r
  core_i/if_stage_i/U221/X (SAEDRVT14_INV_S_2)            0.02       0.86 f
  core_i/if_stage_i/U48/X (SAEDRVT14_AN2_MM_2)            0.02       0.88 f
  core_i/if_stage_i/U55/X (SAEDRVT14_ND3_2)               0.03       0.91 r
  core_i/if_stage_i/U426/X (SAEDRVT14_NR2_4)              0.03       0.94 f
  core_i/if_stage_i/U425/X (SAEDRVT14_ND3B_2)             0.04       0.98 r
  core_i/if_stage_i/U220/X (SAEDRVT14_INV_S_2)            0.02       1.00 f
  core_i/if_stage_i/U32/X (SAEDRVT14_BUF_S_2)             0.04       1.04 f
  core_i/if_stage_i/U288/X (SAEDRVT14_AOI222_2)           0.07       1.11 r
  core_i/if_stage_i/U287/X (SAEDRVT14_AN4_2)              0.04       1.15 r
  core_i/if_stage_i/U248/X (SAEDRVT14_INV_S_2)            0.02       1.16 f
  core_i/if_stage_i/prefetch_buffer_i/branch_addr_i[7] (cv32e40p_prefetch_buffer_PULP_OBI0_COREV_PULP0_test_1)
                                                          0.00       1.16 f
  core_i/if_stage_i/prefetch_buffer_i/prefetch_controller_i/branch_addr_i[7] (cv32e40p_prefetch_controller_PULP_OBI0_COREV_PULP0_DEPTH2_test_1)
                                                          0.00       1.16 f
  core_i/if_stage_i/prefetch_buffer_i/prefetch_controller_i/U109/X (SAEDRVT14_AO22_2)
                                                          0.03       1.20 f
  core_i/if_stage_i/prefetch_buffer_i/prefetch_controller_i/U107/X (SAEDRVT14_OR2_2)
                                                          0.03       1.23 f
  core_i/if_stage_i/prefetch_buffer_i/prefetch_controller_i/trans_addr_o[7] (cv32e40p_prefetch_controller_PULP_OBI0_COREV_PULP0_DEPTH2_test_1)
                                                          0.00       1.23 f
  core_i/if_stage_i/prefetch_buffer_i/instruction_obi_i/trans_addr_i[7] (cv32e40p_obi_interface_TRANS_STABLE0_test_1)
                                                          0.00       1.23 f
  core_i/if_stage_i/prefetch_buffer_i/instruction_obi_i/U72/X (SAEDRVT14_AO22_2)
                                                          0.03       1.26 f
  core_i/if_stage_i/prefetch_buffer_i/instruction_obi_i/obi_addr_o[7] (cv32e40p_obi_interface_TRANS_STABLE0_test_1)
                                                          0.00       1.26 f
  core_i/if_stage_i/prefetch_buffer_i/instr_addr_o[7] (cv32e40p_prefetch_buffer_PULP_OBI0_COREV_PULP0_test_1)
                                                          0.00       1.26 f
  core_i/if_stage_i/instr_addr_o[7] (cv32e40p_if_stage_COREV_PULP0_PULP_OBI0_PULP_SECURE0_FPU0_ZFINX0_test_1)
                                                          0.00       1.26 f
  core_i/instr_addr_o[7] (cv32e40p_core_COREV_PULP0_COREV_CLUSTER0_FPU0_FPU_ADDMUL_LAT0_FPU_OTHERS_LAT0_ZFINX0_NUM_MHPMCOUNTERS1_test_1)
                                                          0.00       1.26 f
  instr_addr_o[7] (out)                                   0.01       1.27 f
  data arrival time                                                  1.27

  clock clk_i (rise edge)                                 5.00       5.00
  clock network delay (ideal)                             0.00       5.00
  clock uncertainty                                      -0.05       4.95
  output external delay                                  -3.00       1.95
  data required time                                                 1.95
  --------------------------------------------------------------------------
  data required time                                                 1.95
  data arrival time                                                 -1.27
  --------------------------------------------------------------------------
  slack (MET)                                                        0.68


  Startpoint: debug_req_i
              (input port clocked by clk_i)
  Endpoint: instr_addr_o[19]
            (output port clocked by clk_i)
  Path Group: clk_i
  Path Type: max

  Des/Clust/Port     Wire Load Model       Library
  ------------------------------------------------
  cv32e40p_top       35000                 saed14rvt_ss0p6v125c

  Point                                                   Incr       Path
  --------------------------------------------------------------------------
  clock clk_i (rise edge)                                 0.00       0.00
  clock network delay (ideal)                             0.00       0.00
  input external delay                                    0.50       0.50 f
  debug_req_i (in)                                        0.00       0.50 f
  core_i/debug_req_i (cv32e40p_core_COREV_PULP0_COREV_CLUSTER0_FPU0_FPU_ADDMUL_LAT0_FPU_OTHERS_LAT0_ZFINX0_NUM_MHPMCOUNTERS1_test_1)
                                                          0.00       0.50 f
  core_i/id_stage_i/debug_req_i (cv32e40p_id_stage_COREV_PULP0_COREV_CLUSTER0_N_HWLP2_PULP_SECURE0_USE_PMP0_A_EXTENSION0_APU0_FPU0_FPU_ADDMUL_LAT0_FPU_OTHERS_LAT0_ZFINX0_APU_NARGS_CPU3_APU_WOP_CPU6_APU_NDSFLAGS_CPU15_APU_NUSFLAGS_CPU5_DEBUG_TRIGGER_EN1_test_1)
                                                          0.00       0.50 f
  core_i/id_stage_i/controller_i/debug_req_i (cv32e40p_controller_COREV_CLUSTER0_COREV_PULP0_FPU0_test_1)
                                                          0.00       0.50 f
  core_i/id_stage_i/controller_i/U167/X (SAEDRVT14_OR2_2)
                                                          0.02       0.53 f
  core_i/id_stage_i/controller_i/U81/X (SAEDRVT14_OA21_MM_2)
                                                          0.03       0.56 f
  core_i/id_stage_i/controller_i/U509/X (SAEDRVT14_INV_S_2)
                                                          0.02       0.58 r
  core_i/id_stage_i/controller_i/U13/X (SAEDRVT14_OAI21_V1_4)
                                                          0.04       0.63 f
  core_i/id_stage_i/controller_i/U35/X (SAEDRVT14_OR2_2)
                                                          0.04       0.67 f
  core_i/id_stage_i/controller_i/U79/X (SAEDRVT14_OR2_2)
                                                          0.04       0.71 f
  core_i/id_stage_i/controller_i/U464/X (SAEDRVT14_INV_S_2)
                                                          0.02       0.73 r
  core_i/id_stage_i/controller_i/U40/X (SAEDRVT14_ND3_2)
                                                          0.04       0.77 f
  core_i/id_stage_i/controller_i/U463/X (SAEDRVT14_INV_S_2)
                                                          0.01       0.78 r
  core_i/id_stage_i/controller_i/U356/X (SAEDRVT14_AOI311_2)
                                                          0.03       0.81 f
  core_i/id_stage_i/controller_i/U355/X (SAEDRVT14_NR2_4)
                                                          0.02       0.83 r
  core_i/id_stage_i/controller_i/pc_mux_o[1] (cv32e40p_controller_COREV_CLUSTER0_COREV_PULP0_FPU0_test_1)
                                                          0.00       0.83 r
  core_i/id_stage_i/pc_mux_o[1] (cv32e40p_id_stage_COREV_PULP0_COREV_CLUSTER0_N_HWLP2_PULP_SECURE0_USE_PMP0_A_EXTENSION0_APU0_FPU0_FPU_ADDMUL_LAT0_FPU_OTHERS_LAT0_ZFINX0_APU_NARGS_CPU3_APU_WOP_CPU6_APU_NDSFLAGS_CPU15_APU_NUSFLAGS_CPU5_DEBUG_TRIGGER_EN1_test_1)
                                                          0.00       0.83 r
  core_i/if_stage_i/pc_mux_i[1] (cv32e40p_if_stage_COREV_PULP0_PULP_OBI0_PULP_SECURE0_FPU0_ZFINX0_test_1)
                                                          0.00       0.83 r
  core_i/if_stage_i/U221/X (SAEDRVT14_INV_S_2)            0.02       0.86 f
  core_i/if_stage_i/U48/X (SAEDRVT14_AN2_MM_2)            0.02       0.88 f
  core_i/if_stage_i/U55/X (SAEDRVT14_ND3_2)               0.03       0.91 r
  core_i/if_stage_i/U426/X (SAEDRVT14_NR2_4)              0.03       0.94 f
  core_i/if_stage_i/U425/X (SAEDRVT14_ND3B_2)             0.04       0.98 r
  core_i/if_stage_i/U220/X (SAEDRVT14_INV_S_2)            0.02       1.00 f
  core_i/if_stage_i/U23/X (SAEDRVT14_BUF_S_2)             0.04       1.04 f
  core_i/if_stage_i/U379/X (SAEDRVT14_AOI222_2)           0.06       1.11 r
  core_i/if_stage_i/U378/X (SAEDRVT14_AN4_2)              0.04       1.14 r
  core_i/if_stage_i/U236/X (SAEDRVT14_INV_S_2)            0.02       1.16 f
  core_i/if_stage_i/prefetch_buffer_i/branch_addr_i[19] (cv32e40p_prefetch_buffer_PULP_OBI0_COREV_PULP0_test_1)
                                                          0.00       1.16 f
  core_i/if_stage_i/prefetch_buffer_i/prefetch_controller_i/branch_addr_i[19] (cv32e40p_prefetch_controller_PULP_OBI0_COREV_PULP0_DEPTH2_test_1)
                                                          0.00       1.16 f
  core_i/if_stage_i/prefetch_buffer_i/prefetch_controller_i/U73/X (SAEDRVT14_AO22_2)
                                                          0.03       1.19 f
  core_i/if_stage_i/prefetch_buffer_i/prefetch_controller_i/U71/X (SAEDRVT14_OR2_2)
                                                          0.03       1.22 f
  core_i/if_stage_i/prefetch_buffer_i/prefetch_controller_i/trans_addr_o[19] (cv32e40p_prefetch_controller_PULP_OBI0_COREV_PULP0_DEPTH2_test_1)
                                                          0.00       1.22 f
  core_i/if_stage_i/prefetch_buffer_i/instruction_obi_i/trans_addr_i[19] (cv32e40p_obi_interface_TRANS_STABLE0_test_1)
                                                          0.00       1.22 f
  core_i/if_stage_i/prefetch_buffer_i/instruction_obi_i/U82/X (SAEDRVT14_AO22_2)
                                                          0.03       1.26 f
  core_i/if_stage_i/prefetch_buffer_i/instruction_obi_i/obi_addr_o[19] (cv32e40p_obi_interface_TRANS_STABLE0_test_1)
                                                          0.00       1.26 f
  core_i/if_stage_i/prefetch_buffer_i/instr_addr_o[19] (cv32e40p_prefetch_buffer_PULP_OBI0_COREV_PULP0_test_1)
                                                          0.00       1.26 f
  core_i/if_stage_i/instr_addr_o[19] (cv32e40p_if_stage_COREV_PULP0_PULP_OBI0_PULP_SECURE0_FPU0_ZFINX0_test_1)
                                                          0.00       1.26 f
  core_i/instr_addr_o[19] (cv32e40p_core_COREV_PULP0_COREV_CLUSTER0_FPU0_FPU_ADDMUL_LAT0_FPU_OTHERS_LAT0_ZFINX0_NUM_MHPMCOUNTERS1_test_1)
                                                          0.00       1.26 f
  instr_addr_o[19] (out)                                  0.01       1.27 f
  data arrival time                                                  1.27

  clock clk_i (rise edge)                                 5.00       5.00
  clock network delay (ideal)                             0.00       5.00
  clock uncertainty                                      -0.05       4.95
  output external delay                                  -3.00       1.95
  data required time                                                 1.95
  --------------------------------------------------------------------------
  data required time                                                 1.95
  data arrival time                                                 -1.27
  --------------------------------------------------------------------------
  slack (MET)                                                        0.68


  Startpoint: debug_req_i
              (input port clocked by clk_i)
  Endpoint: instr_addr_o[18]
            (output port clocked by clk_i)
  Path Group: clk_i
  Path Type: max

  Des/Clust/Port     Wire Load Model       Library
  ------------------------------------------------
  cv32e40p_top       35000                 saed14rvt_ss0p6v125c

  Point                                                   Incr       Path
  --------------------------------------------------------------------------
  clock clk_i (rise edge)                                 0.00       0.00
  clock network delay (ideal)                             0.00       0.00
  input external delay                                    0.50       0.50 f
  debug_req_i (in)                                        0.00       0.50 f
  core_i/debug_req_i (cv32e40p_core_COREV_PULP0_COREV_CLUSTER0_FPU0_FPU_ADDMUL_LAT0_FPU_OTHERS_LAT0_ZFINX0_NUM_MHPMCOUNTERS1_test_1)
                                                          0.00       0.50 f
  core_i/id_stage_i/debug_req_i (cv32e40p_id_stage_COREV_PULP0_COREV_CLUSTER0_N_HWLP2_PULP_SECURE0_USE_PMP0_A_EXTENSION0_APU0_FPU0_FPU_ADDMUL_LAT0_FPU_OTHERS_LAT0_ZFINX0_APU_NARGS_CPU3_APU_WOP_CPU6_APU_NDSFLAGS_CPU15_APU_NUSFLAGS_CPU5_DEBUG_TRIGGER_EN1_test_1)
                                                          0.00       0.50 f
  core_i/id_stage_i/controller_i/debug_req_i (cv32e40p_controller_COREV_CLUSTER0_COREV_PULP0_FPU0_test_1)
                                                          0.00       0.50 f
  core_i/id_stage_i/controller_i/U167/X (SAEDRVT14_OR2_2)
                                                          0.02       0.53 f
  core_i/id_stage_i/controller_i/U81/X (SAEDRVT14_OA21_MM_2)
                                                          0.03       0.56 f
  core_i/id_stage_i/controller_i/U509/X (SAEDRVT14_INV_S_2)
                                                          0.02       0.58 r
  core_i/id_stage_i/controller_i/U13/X (SAEDRVT14_OAI21_V1_4)
                                                          0.04       0.63 f
  core_i/id_stage_i/controller_i/U35/X (SAEDRVT14_OR2_2)
                                                          0.04       0.67 f
  core_i/id_stage_i/controller_i/U79/X (SAEDRVT14_OR2_2)
                                                          0.04       0.71 f
  core_i/id_stage_i/controller_i/U464/X (SAEDRVT14_INV_S_2)
                                                          0.02       0.73 r
  core_i/id_stage_i/controller_i/U40/X (SAEDRVT14_ND3_2)
                                                          0.04       0.77 f
  core_i/id_stage_i/controller_i/U463/X (SAEDRVT14_INV_S_2)
                                                          0.01       0.78 r
  core_i/id_stage_i/controller_i/U356/X (SAEDRVT14_AOI311_2)
                                                          0.03       0.81 f
  core_i/id_stage_i/controller_i/U355/X (SAEDRVT14_NR2_4)
                                                          0.02       0.83 r
  core_i/id_stage_i/controller_i/pc_mux_o[1] (cv32e40p_controller_COREV_CLUSTER0_COREV_PULP0_FPU0_test_1)
                                                          0.00       0.83 r
  core_i/id_stage_i/pc_mux_o[1] (cv32e40p_id_stage_COREV_PULP0_COREV_CLUSTER0_N_HWLP2_PULP_SECURE0_USE_PMP0_A_EXTENSION0_APU0_FPU0_FPU_ADDMUL_LAT0_FPU_OTHERS_LAT0_ZFINX0_APU_NARGS_CPU3_APU_WOP_CPU6_APU_NDSFLAGS_CPU15_APU_NUSFLAGS_CPU5_DEBUG_TRIGGER_EN1_test_1)
                                                          0.00       0.83 r
  core_i/if_stage_i/pc_mux_i[1] (cv32e40p_if_stage_COREV_PULP0_PULP_OBI0_PULP_SECURE0_FPU0_ZFINX0_test_1)
                                                          0.00       0.83 r
  core_i/if_stage_i/U221/X (SAEDRVT14_INV_S_2)            0.02       0.86 f
  core_i/if_stage_i/U48/X (SAEDRVT14_AN2_MM_2)            0.02       0.88 f
  core_i/if_stage_i/U55/X (SAEDRVT14_ND3_2)               0.03       0.91 r
  core_i/if_stage_i/U426/X (SAEDRVT14_NR2_4)              0.03       0.94 f
  core_i/if_stage_i/U425/X (SAEDRVT14_ND3B_2)             0.04       0.98 r
  core_i/if_stage_i/U220/X (SAEDRVT14_INV_S_2)            0.02       1.00 f
  core_i/if_stage_i/U23/X (SAEDRVT14_BUF_S_2)             0.04       1.04 f
  core_i/if_stage_i/U384/X (SAEDRVT14_AOI222_2)           0.06       1.11 r
  core_i/if_stage_i/U383/X (SAEDRVT14_AN4_2)              0.04       1.14 r
  core_i/if_stage_i/U237/X (SAEDRVT14_INV_S_2)            0.02       1.16 f
  core_i/if_stage_i/prefetch_buffer_i/branch_addr_i[18] (cv32e40p_prefetch_buffer_PULP_OBI0_COREV_PULP0_test_1)
                                                          0.00       1.16 f
  core_i/if_stage_i/prefetch_buffer_i/prefetch_controller_i/branch_addr_i[18] (cv32e40p_prefetch_controller_PULP_OBI0_COREV_PULP0_DEPTH2_test_1)
                                                          0.00       1.16 f
  core_i/if_stage_i/prefetch_buffer_i/prefetch_controller_i/U76/X (SAEDRVT14_AO22_2)
                                                          0.03       1.19 f
  core_i/if_stage_i/prefetch_buffer_i/prefetch_controller_i/U74/X (SAEDRVT14_OR2_2)
                                                          0.03       1.22 f
  core_i/if_stage_i/prefetch_buffer_i/prefetch_controller_i/trans_addr_o[18] (cv32e40p_prefetch_controller_PULP_OBI0_COREV_PULP0_DEPTH2_test_1)
                                                          0.00       1.22 f
  core_i/if_stage_i/prefetch_buffer_i/instruction_obi_i/trans_addr_i[18] (cv32e40p_obi_interface_TRANS_STABLE0_test_1)
                                                          0.00       1.22 f
  core_i/if_stage_i/prefetch_buffer_i/instruction_obi_i/U81/X (SAEDRVT14_AO22_2)
                                                          0.03       1.26 f
  core_i/if_stage_i/prefetch_buffer_i/instruction_obi_i/obi_addr_o[18] (cv32e40p_obi_interface_TRANS_STABLE0_test_1)
                                                          0.00       1.26 f
  core_i/if_stage_i/prefetch_buffer_i/instr_addr_o[18] (cv32e40p_prefetch_buffer_PULP_OBI0_COREV_PULP0_test_1)
                                                          0.00       1.26 f
  core_i/if_stage_i/instr_addr_o[18] (cv32e40p_if_stage_COREV_PULP0_PULP_OBI0_PULP_SECURE0_FPU0_ZFINX0_test_1)
                                                          0.00       1.26 f
  core_i/instr_addr_o[18] (cv32e40p_core_COREV_PULP0_COREV_CLUSTER0_FPU0_FPU_ADDMUL_LAT0_FPU_OTHERS_LAT0_ZFINX0_NUM_MHPMCOUNTERS1_test_1)
                                                          0.00       1.26 f
  instr_addr_o[18] (out)                                  0.01       1.27 f
  data arrival time                                                  1.27

  clock clk_i (rise edge)                                 5.00       5.00
  clock network delay (ideal)                             0.00       5.00
  clock uncertainty                                      -0.05       4.95
  output external delay                                  -3.00       1.95
  data required time                                                 1.95
  --------------------------------------------------------------------------
  data required time                                                 1.95
  data arrival time                                                 -1.27
  --------------------------------------------------------------------------
  slack (MET)                                                        0.68


  Startpoint: debug_req_i
              (input port clocked by clk_i)
  Endpoint: instr_addr_o[17]
            (output port clocked by clk_i)
  Path Group: clk_i
  Path Type: max

  Des/Clust/Port     Wire Load Model       Library
  ------------------------------------------------
  cv32e40p_top       35000                 saed14rvt_ss0p6v125c

  Point                                                   Incr       Path
  --------------------------------------------------------------------------
  clock clk_i (rise edge)                                 0.00       0.00
  clock network delay (ideal)                             0.00       0.00
  input external delay                                    0.50       0.50 f
  debug_req_i (in)                                        0.00       0.50 f
  core_i/debug_req_i (cv32e40p_core_COREV_PULP0_COREV_CLUSTER0_FPU0_FPU_ADDMUL_LAT0_FPU_OTHERS_LAT0_ZFINX0_NUM_MHPMCOUNTERS1_test_1)
                                                          0.00       0.50 f
  core_i/id_stage_i/debug_req_i (cv32e40p_id_stage_COREV_PULP0_COREV_CLUSTER0_N_HWLP2_PULP_SECURE0_USE_PMP0_A_EXTENSION0_APU0_FPU0_FPU_ADDMUL_LAT0_FPU_OTHERS_LAT0_ZFINX0_APU_NARGS_CPU3_APU_WOP_CPU6_APU_NDSFLAGS_CPU15_APU_NUSFLAGS_CPU5_DEBUG_TRIGGER_EN1_test_1)
                                                          0.00       0.50 f
  core_i/id_stage_i/controller_i/debug_req_i (cv32e40p_controller_COREV_CLUSTER0_COREV_PULP0_FPU0_test_1)
                                                          0.00       0.50 f
  core_i/id_stage_i/controller_i/U167/X (SAEDRVT14_OR2_2)
                                                          0.02       0.53 f
  core_i/id_stage_i/controller_i/U81/X (SAEDRVT14_OA21_MM_2)
                                                          0.03       0.56 f
  core_i/id_stage_i/controller_i/U509/X (SAEDRVT14_INV_S_2)
                                                          0.02       0.58 r
  core_i/id_stage_i/controller_i/U13/X (SAEDRVT14_OAI21_V1_4)
                                                          0.04       0.63 f
  core_i/id_stage_i/controller_i/U35/X (SAEDRVT14_OR2_2)
                                                          0.04       0.67 f
  core_i/id_stage_i/controller_i/U79/X (SAEDRVT14_OR2_2)
                                                          0.04       0.71 f
  core_i/id_stage_i/controller_i/U464/X (SAEDRVT14_INV_S_2)
                                                          0.02       0.73 r
  core_i/id_stage_i/controller_i/U40/X (SAEDRVT14_ND3_2)
                                                          0.04       0.77 f
  core_i/id_stage_i/controller_i/U463/X (SAEDRVT14_INV_S_2)
                                                          0.01       0.78 r
  core_i/id_stage_i/controller_i/U356/X (SAEDRVT14_AOI311_2)
                                                          0.03       0.81 f
  core_i/id_stage_i/controller_i/U355/X (SAEDRVT14_NR2_4)
                                                          0.02       0.83 r
  core_i/id_stage_i/controller_i/pc_mux_o[1] (cv32e40p_controller_COREV_CLUSTER0_COREV_PULP0_FPU0_test_1)
                                                          0.00       0.83 r
  core_i/id_stage_i/pc_mux_o[1] (cv32e40p_id_stage_COREV_PULP0_COREV_CLUSTER0_N_HWLP2_PULP_SECURE0_USE_PMP0_A_EXTENSION0_APU0_FPU0_FPU_ADDMUL_LAT0_FPU_OTHERS_LAT0_ZFINX0_APU_NARGS_CPU3_APU_WOP_CPU6_APU_NDSFLAGS_CPU15_APU_NUSFLAGS_CPU5_DEBUG_TRIGGER_EN1_test_1)
                                                          0.00       0.83 r
  core_i/if_stage_i/pc_mux_i[1] (cv32e40p_if_stage_COREV_PULP0_PULP_OBI0_PULP_SECURE0_FPU0_ZFINX0_test_1)
                                                          0.00       0.83 r
  core_i/if_stage_i/U221/X (SAEDRVT14_INV_S_2)            0.02       0.86 f
  core_i/if_stage_i/U48/X (SAEDRVT14_AN2_MM_2)            0.02       0.88 f
  core_i/if_stage_i/U55/X (SAEDRVT14_ND3_2)               0.03       0.91 r
  core_i/if_stage_i/U426/X (SAEDRVT14_NR2_4)              0.03       0.94 f
  core_i/if_stage_i/U425/X (SAEDRVT14_ND3B_2)             0.04       0.98 r
  core_i/if_stage_i/U220/X (SAEDRVT14_INV_S_2)            0.02       1.00 f
  core_i/if_stage_i/U23/X (SAEDRVT14_BUF_S_2)             0.04       1.04 f
  core_i/if_stage_i/U389/X (SAEDRVT14_AOI222_2)           0.06       1.11 r
  core_i/if_stage_i/U388/X (SAEDRVT14_AN4_2)              0.04       1.14 r
  core_i/if_stage_i/U238/X (SAEDRVT14_INV_S_2)            0.02       1.16 f
  core_i/if_stage_i/prefetch_buffer_i/branch_addr_i[17] (cv32e40p_prefetch_buffer_PULP_OBI0_COREV_PULP0_test_1)
                                                          0.00       1.16 f
  core_i/if_stage_i/prefetch_buffer_i/prefetch_controller_i/branch_addr_i[17] (cv32e40p_prefetch_controller_PULP_OBI0_COREV_PULP0_DEPTH2_test_1)
                                                          0.00       1.16 f
  core_i/if_stage_i/prefetch_buffer_i/prefetch_controller_i/U79/X (SAEDRVT14_AO22_2)
                                                          0.03       1.19 f
  core_i/if_stage_i/prefetch_buffer_i/prefetch_controller_i/U77/X (SAEDRVT14_OR2_2)
                                                          0.03       1.22 f
  core_i/if_stage_i/prefetch_buffer_i/prefetch_controller_i/trans_addr_o[17] (cv32e40p_prefetch_controller_PULP_OBI0_COREV_PULP0_DEPTH2_test_1)
                                                          0.00       1.22 f
  core_i/if_stage_i/prefetch_buffer_i/instruction_obi_i/trans_addr_i[17] (cv32e40p_obi_interface_TRANS_STABLE0_test_1)
                                                          0.00       1.22 f
  core_i/if_stage_i/prefetch_buffer_i/instruction_obi_i/U80/X (SAEDRVT14_AO22_2)
                                                          0.03       1.26 f
  core_i/if_stage_i/prefetch_buffer_i/instruction_obi_i/obi_addr_o[17] (cv32e40p_obi_interface_TRANS_STABLE0_test_1)
                                                          0.00       1.26 f
  core_i/if_stage_i/prefetch_buffer_i/instr_addr_o[17] (cv32e40p_prefetch_buffer_PULP_OBI0_COREV_PULP0_test_1)
                                                          0.00       1.26 f
  core_i/if_stage_i/instr_addr_o[17] (cv32e40p_if_stage_COREV_PULP0_PULP_OBI0_PULP_SECURE0_FPU0_ZFINX0_test_1)
                                                          0.00       1.26 f
  core_i/instr_addr_o[17] (cv32e40p_core_COREV_PULP0_COREV_CLUSTER0_FPU0_FPU_ADDMUL_LAT0_FPU_OTHERS_LAT0_ZFINX0_NUM_MHPMCOUNTERS1_test_1)
                                                          0.00       1.26 f
  instr_addr_o[17] (out)                                  0.01       1.27 f
  data arrival time                                                  1.27

  clock clk_i (rise edge)                                 5.00       5.00
  clock network delay (ideal)                             0.00       5.00
  clock uncertainty                                      -0.05       4.95
  output external delay                                  -3.00       1.95
  data required time                                                 1.95
  --------------------------------------------------------------------------
  data required time                                                 1.95
  data arrival time                                                 -1.27
  --------------------------------------------------------------------------
  slack (MET)                                                        0.68


  Startpoint: debug_req_i
              (input port clocked by clk_i)
  Endpoint: instr_addr_o[16]
            (output port clocked by clk_i)
  Path Group: clk_i
  Path Type: max

  Des/Clust/Port     Wire Load Model       Library
  ------------------------------------------------
  cv32e40p_top       35000                 saed14rvt_ss0p6v125c

  Point                                                   Incr       Path
  --------------------------------------------------------------------------
  clock clk_i (rise edge)                                 0.00       0.00
  clock network delay (ideal)                             0.00       0.00
  input external delay                                    0.50       0.50 f
  debug_req_i (in)                                        0.00       0.50 f
  core_i/debug_req_i (cv32e40p_core_COREV_PULP0_COREV_CLUSTER0_FPU0_FPU_ADDMUL_LAT0_FPU_OTHERS_LAT0_ZFINX0_NUM_MHPMCOUNTERS1_test_1)
                                                          0.00       0.50 f
  core_i/id_stage_i/debug_req_i (cv32e40p_id_stage_COREV_PULP0_COREV_CLUSTER0_N_HWLP2_PULP_SECURE0_USE_PMP0_A_EXTENSION0_APU0_FPU0_FPU_ADDMUL_LAT0_FPU_OTHERS_LAT0_ZFINX0_APU_NARGS_CPU3_APU_WOP_CPU6_APU_NDSFLAGS_CPU15_APU_NUSFLAGS_CPU5_DEBUG_TRIGGER_EN1_test_1)
                                                          0.00       0.50 f
  core_i/id_stage_i/controller_i/debug_req_i (cv32e40p_controller_COREV_CLUSTER0_COREV_PULP0_FPU0_test_1)
                                                          0.00       0.50 f
  core_i/id_stage_i/controller_i/U167/X (SAEDRVT14_OR2_2)
                                                          0.02       0.53 f
  core_i/id_stage_i/controller_i/U81/X (SAEDRVT14_OA21_MM_2)
                                                          0.03       0.56 f
  core_i/id_stage_i/controller_i/U509/X (SAEDRVT14_INV_S_2)
                                                          0.02       0.58 r
  core_i/id_stage_i/controller_i/U13/X (SAEDRVT14_OAI21_V1_4)
                                                          0.04       0.63 f
  core_i/id_stage_i/controller_i/U35/X (SAEDRVT14_OR2_2)
                                                          0.04       0.67 f
  core_i/id_stage_i/controller_i/U79/X (SAEDRVT14_OR2_2)
                                                          0.04       0.71 f
  core_i/id_stage_i/controller_i/U464/X (SAEDRVT14_INV_S_2)
                                                          0.02       0.73 r
  core_i/id_stage_i/controller_i/U40/X (SAEDRVT14_ND3_2)
                                                          0.04       0.77 f
  core_i/id_stage_i/controller_i/U463/X (SAEDRVT14_INV_S_2)
                                                          0.01       0.78 r
  core_i/id_stage_i/controller_i/U356/X (SAEDRVT14_AOI311_2)
                                                          0.03       0.81 f
  core_i/id_stage_i/controller_i/U355/X (SAEDRVT14_NR2_4)
                                                          0.02       0.83 r
  core_i/id_stage_i/controller_i/pc_mux_o[1] (cv32e40p_controller_COREV_CLUSTER0_COREV_PULP0_FPU0_test_1)
                                                          0.00       0.83 r
  core_i/id_stage_i/pc_mux_o[1] (cv32e40p_id_stage_COREV_PULP0_COREV_CLUSTER0_N_HWLP2_PULP_SECURE0_USE_PMP0_A_EXTENSION0_APU0_FPU0_FPU_ADDMUL_LAT0_FPU_OTHERS_LAT0_ZFINX0_APU_NARGS_CPU3_APU_WOP_CPU6_APU_NDSFLAGS_CPU15_APU_NUSFLAGS_CPU5_DEBUG_TRIGGER_EN1_test_1)
                                                          0.00       0.83 r
  core_i/if_stage_i/pc_mux_i[1] (cv32e40p_if_stage_COREV_PULP0_PULP_OBI0_PULP_SECURE0_FPU0_ZFINX0_test_1)
                                                          0.00       0.83 r
  core_i/if_stage_i/U221/X (SAEDRVT14_INV_S_2)            0.02       0.86 f
  core_i/if_stage_i/U48/X (SAEDRVT14_AN2_MM_2)            0.02       0.88 f
  core_i/if_stage_i/U55/X (SAEDRVT14_ND3_2)               0.03       0.91 r
  core_i/if_stage_i/U426/X (SAEDRVT14_NR2_4)              0.03       0.94 f
  core_i/if_stage_i/U425/X (SAEDRVT14_ND3B_2)             0.04       0.98 r
  core_i/if_stage_i/U220/X (SAEDRVT14_INV_S_2)            0.02       1.00 f
  core_i/if_stage_i/U23/X (SAEDRVT14_BUF_S_2)             0.04       1.04 f
  core_i/if_stage_i/U394/X (SAEDRVT14_AOI222_2)           0.06       1.11 r
  core_i/if_stage_i/U393/X (SAEDRVT14_AN4_2)              0.04       1.14 r
  core_i/if_stage_i/U239/X (SAEDRVT14_INV_S_2)            0.02       1.16 f
  core_i/if_stage_i/prefetch_buffer_i/branch_addr_i[16] (cv32e40p_prefetch_buffer_PULP_OBI0_COREV_PULP0_test_1)
                                                          0.00       1.16 f
  core_i/if_stage_i/prefetch_buffer_i/prefetch_controller_i/branch_addr_i[16] (cv32e40p_prefetch_controller_PULP_OBI0_COREV_PULP0_DEPTH2_test_1)
                                                          0.00       1.16 f
  core_i/if_stage_i/prefetch_buffer_i/prefetch_controller_i/U82/X (SAEDRVT14_AO22_2)
                                                          0.03       1.19 f
  core_i/if_stage_i/prefetch_buffer_i/prefetch_controller_i/U80/X (SAEDRVT14_OR2_2)
                                                          0.03       1.22 f
  core_i/if_stage_i/prefetch_buffer_i/prefetch_controller_i/trans_addr_o[16] (cv32e40p_prefetch_controller_PULP_OBI0_COREV_PULP0_DEPTH2_test_1)
                                                          0.00       1.22 f
  core_i/if_stage_i/prefetch_buffer_i/instruction_obi_i/trans_addr_i[16] (cv32e40p_obi_interface_TRANS_STABLE0_test_1)
                                                          0.00       1.22 f
  core_i/if_stage_i/prefetch_buffer_i/instruction_obi_i/U79/X (SAEDRVT14_AO22_2)
                                                          0.03       1.26 f
  core_i/if_stage_i/prefetch_buffer_i/instruction_obi_i/obi_addr_o[16] (cv32e40p_obi_interface_TRANS_STABLE0_test_1)
                                                          0.00       1.26 f
  core_i/if_stage_i/prefetch_buffer_i/instr_addr_o[16] (cv32e40p_prefetch_buffer_PULP_OBI0_COREV_PULP0_test_1)
                                                          0.00       1.26 f
  core_i/if_stage_i/instr_addr_o[16] (cv32e40p_if_stage_COREV_PULP0_PULP_OBI0_PULP_SECURE0_FPU0_ZFINX0_test_1)
                                                          0.00       1.26 f
  core_i/instr_addr_o[16] (cv32e40p_core_COREV_PULP0_COREV_CLUSTER0_FPU0_FPU_ADDMUL_LAT0_FPU_OTHERS_LAT0_ZFINX0_NUM_MHPMCOUNTERS1_test_1)
                                                          0.00       1.26 f
  instr_addr_o[16] (out)                                  0.01       1.27 f
  data arrival time                                                  1.27

  clock clk_i (rise edge)                                 5.00       5.00
  clock network delay (ideal)                             0.00       5.00
  clock uncertainty                                      -0.05       4.95
  output external delay                                  -3.00       1.95
  data required time                                                 1.95
  --------------------------------------------------------------------------
  data required time                                                 1.95
  data arrival time                                                 -1.27
  --------------------------------------------------------------------------
  slack (MET)                                                        0.68


  Startpoint: debug_req_i
              (input port clocked by clk_i)
  Endpoint: instr_addr_o[15]
            (output port clocked by clk_i)
  Path Group: clk_i
  Path Type: max

  Des/Clust/Port     Wire Load Model       Library
  ------------------------------------------------
  cv32e40p_top       35000                 saed14rvt_ss0p6v125c

  Point                                                   Incr       Path
  --------------------------------------------------------------------------
  clock clk_i (rise edge)                                 0.00       0.00
  clock network delay (ideal)                             0.00       0.00
  input external delay                                    0.50       0.50 f
  debug_req_i (in)                                        0.00       0.50 f
  core_i/debug_req_i (cv32e40p_core_COREV_PULP0_COREV_CLUSTER0_FPU0_FPU_ADDMUL_LAT0_FPU_OTHERS_LAT0_ZFINX0_NUM_MHPMCOUNTERS1_test_1)
                                                          0.00       0.50 f
  core_i/id_stage_i/debug_req_i (cv32e40p_id_stage_COREV_PULP0_COREV_CLUSTER0_N_HWLP2_PULP_SECURE0_USE_PMP0_A_EXTENSION0_APU0_FPU0_FPU_ADDMUL_LAT0_FPU_OTHERS_LAT0_ZFINX0_APU_NARGS_CPU3_APU_WOP_CPU6_APU_NDSFLAGS_CPU15_APU_NUSFLAGS_CPU5_DEBUG_TRIGGER_EN1_test_1)
                                                          0.00       0.50 f
  core_i/id_stage_i/controller_i/debug_req_i (cv32e40p_controller_COREV_CLUSTER0_COREV_PULP0_FPU0_test_1)
                                                          0.00       0.50 f
  core_i/id_stage_i/controller_i/U167/X (SAEDRVT14_OR2_2)
                                                          0.02       0.53 f
  core_i/id_stage_i/controller_i/U81/X (SAEDRVT14_OA21_MM_2)
                                                          0.03       0.56 f
  core_i/id_stage_i/controller_i/U509/X (SAEDRVT14_INV_S_2)
                                                          0.02       0.58 r
  core_i/id_stage_i/controller_i/U13/X (SAEDRVT14_OAI21_V1_4)
                                                          0.04       0.63 f
  core_i/id_stage_i/controller_i/U35/X (SAEDRVT14_OR2_2)
                                                          0.04       0.67 f
  core_i/id_stage_i/controller_i/U79/X (SAEDRVT14_OR2_2)
                                                          0.04       0.71 f
  core_i/id_stage_i/controller_i/U464/X (SAEDRVT14_INV_S_2)
                                                          0.02       0.73 r
  core_i/id_stage_i/controller_i/U40/X (SAEDRVT14_ND3_2)
                                                          0.04       0.77 f
  core_i/id_stage_i/controller_i/U463/X (SAEDRVT14_INV_S_2)
                                                          0.01       0.78 r
  core_i/id_stage_i/controller_i/U356/X (SAEDRVT14_AOI311_2)
                                                          0.03       0.81 f
  core_i/id_stage_i/controller_i/U355/X (SAEDRVT14_NR2_4)
                                                          0.02       0.83 r
  core_i/id_stage_i/controller_i/pc_mux_o[1] (cv32e40p_controller_COREV_CLUSTER0_COREV_PULP0_FPU0_test_1)
                                                          0.00       0.83 r
  core_i/id_stage_i/pc_mux_o[1] (cv32e40p_id_stage_COREV_PULP0_COREV_CLUSTER0_N_HWLP2_PULP_SECURE0_USE_PMP0_A_EXTENSION0_APU0_FPU0_FPU_ADDMUL_LAT0_FPU_OTHERS_LAT0_ZFINX0_APU_NARGS_CPU3_APU_WOP_CPU6_APU_NDSFLAGS_CPU15_APU_NUSFLAGS_CPU5_DEBUG_TRIGGER_EN1_test_1)
                                                          0.00       0.83 r
  core_i/if_stage_i/pc_mux_i[1] (cv32e40p_if_stage_COREV_PULP0_PULP_OBI0_PULP_SECURE0_FPU0_ZFINX0_test_1)
                                                          0.00       0.83 r
  core_i/if_stage_i/U221/X (SAEDRVT14_INV_S_2)            0.02       0.86 f
  core_i/if_stage_i/U48/X (SAEDRVT14_AN2_MM_2)            0.02       0.88 f
  core_i/if_stage_i/U55/X (SAEDRVT14_ND3_2)               0.03       0.91 r
  core_i/if_stage_i/U426/X (SAEDRVT14_NR2_4)              0.03       0.94 f
  core_i/if_stage_i/U425/X (SAEDRVT14_ND3B_2)             0.04       0.98 r
  core_i/if_stage_i/U220/X (SAEDRVT14_INV_S_2)            0.02       1.00 f
  core_i/if_stage_i/U23/X (SAEDRVT14_BUF_S_2)             0.04       1.04 f
  core_i/if_stage_i/U399/X (SAEDRVT14_AOI222_2)           0.06       1.11 r
  core_i/if_stage_i/U398/X (SAEDRVT14_AN4_2)              0.04       1.14 r
  core_i/if_stage_i/U240/X (SAEDRVT14_INV_S_2)            0.02       1.16 f
  core_i/if_stage_i/prefetch_buffer_i/branch_addr_i[15] (cv32e40p_prefetch_buffer_PULP_OBI0_COREV_PULP0_test_1)
                                                          0.00       1.16 f
  core_i/if_stage_i/prefetch_buffer_i/prefetch_controller_i/branch_addr_i[15] (cv32e40p_prefetch_controller_PULP_OBI0_COREV_PULP0_DEPTH2_test_1)
                                                          0.00       1.16 f
  core_i/if_stage_i/prefetch_buffer_i/prefetch_controller_i/U85/X (SAEDRVT14_AO22_2)
                                                          0.03       1.19 f
  core_i/if_stage_i/prefetch_buffer_i/prefetch_controller_i/U83/X (SAEDRVT14_OR2_2)
                                                          0.03       1.22 f
  core_i/if_stage_i/prefetch_buffer_i/prefetch_controller_i/trans_addr_o[15] (cv32e40p_prefetch_controller_PULP_OBI0_COREV_PULP0_DEPTH2_test_1)
                                                          0.00       1.22 f
  core_i/if_stage_i/prefetch_buffer_i/instruction_obi_i/trans_addr_i[15] (cv32e40p_obi_interface_TRANS_STABLE0_test_1)
                                                          0.00       1.22 f
  core_i/if_stage_i/prefetch_buffer_i/instruction_obi_i/U78/X (SAEDRVT14_AO22_2)
                                                          0.03       1.26 f
  core_i/if_stage_i/prefetch_buffer_i/instruction_obi_i/obi_addr_o[15] (cv32e40p_obi_interface_TRANS_STABLE0_test_1)
                                                          0.00       1.26 f
  core_i/if_stage_i/prefetch_buffer_i/instr_addr_o[15] (cv32e40p_prefetch_buffer_PULP_OBI0_COREV_PULP0_test_1)
                                                          0.00       1.26 f
  core_i/if_stage_i/instr_addr_o[15] (cv32e40p_if_stage_COREV_PULP0_PULP_OBI0_PULP_SECURE0_FPU0_ZFINX0_test_1)
                                                          0.00       1.26 f
  core_i/instr_addr_o[15] (cv32e40p_core_COREV_PULP0_COREV_CLUSTER0_FPU0_FPU_ADDMUL_LAT0_FPU_OTHERS_LAT0_ZFINX0_NUM_MHPMCOUNTERS1_test_1)
                                                          0.00       1.26 f
  instr_addr_o[15] (out)                                  0.01       1.27 f
  data arrival time                                                  1.27

  clock clk_i (rise edge)                                 5.00       5.00
  clock network delay (ideal)                             0.00       5.00
  clock uncertainty                                      -0.05       4.95
  output external delay                                  -3.00       1.95
  data required time                                                 1.95
  --------------------------------------------------------------------------
  data required time                                                 1.95
  data arrival time                                                 -1.27
  --------------------------------------------------------------------------
  slack (MET)                                                        0.68


  Startpoint: debug_req_i
              (input port clocked by clk_i)
  Endpoint: instr_addr_o[14]
            (output port clocked by clk_i)
  Path Group: clk_i
  Path Type: max

  Des/Clust/Port     Wire Load Model       Library
  ------------------------------------------------
  cv32e40p_top       35000                 saed14rvt_ss0p6v125c

  Point                                                   Incr       Path
  --------------------------------------------------------------------------
  clock clk_i (rise edge)                                 0.00       0.00
  clock network delay (ideal)                             0.00       0.00
  input external delay                                    0.50       0.50 f
  debug_req_i (in)                                        0.00       0.50 f
  core_i/debug_req_i (cv32e40p_core_COREV_PULP0_COREV_CLUSTER0_FPU0_FPU_ADDMUL_LAT0_FPU_OTHERS_LAT0_ZFINX0_NUM_MHPMCOUNTERS1_test_1)
                                                          0.00       0.50 f
  core_i/id_stage_i/debug_req_i (cv32e40p_id_stage_COREV_PULP0_COREV_CLUSTER0_N_HWLP2_PULP_SECURE0_USE_PMP0_A_EXTENSION0_APU0_FPU0_FPU_ADDMUL_LAT0_FPU_OTHERS_LAT0_ZFINX0_APU_NARGS_CPU3_APU_WOP_CPU6_APU_NDSFLAGS_CPU15_APU_NUSFLAGS_CPU5_DEBUG_TRIGGER_EN1_test_1)
                                                          0.00       0.50 f
  core_i/id_stage_i/controller_i/debug_req_i (cv32e40p_controller_COREV_CLUSTER0_COREV_PULP0_FPU0_test_1)
                                                          0.00       0.50 f
  core_i/id_stage_i/controller_i/U167/X (SAEDRVT14_OR2_2)
                                                          0.02       0.53 f
  core_i/id_stage_i/controller_i/U81/X (SAEDRVT14_OA21_MM_2)
                                                          0.03       0.56 f
  core_i/id_stage_i/controller_i/U509/X (SAEDRVT14_INV_S_2)
                                                          0.02       0.58 r
  core_i/id_stage_i/controller_i/U13/X (SAEDRVT14_OAI21_V1_4)
                                                          0.04       0.63 f
  core_i/id_stage_i/controller_i/U35/X (SAEDRVT14_OR2_2)
                                                          0.04       0.67 f
  core_i/id_stage_i/controller_i/U79/X (SAEDRVT14_OR2_2)
                                                          0.04       0.71 f
  core_i/id_stage_i/controller_i/U464/X (SAEDRVT14_INV_S_2)
                                                          0.02       0.73 r
  core_i/id_stage_i/controller_i/U40/X (SAEDRVT14_ND3_2)
                                                          0.04       0.77 f
  core_i/id_stage_i/controller_i/U463/X (SAEDRVT14_INV_S_2)
                                                          0.01       0.78 r
  core_i/id_stage_i/controller_i/U356/X (SAEDRVT14_AOI311_2)
                                                          0.03       0.81 f
  core_i/id_stage_i/controller_i/U355/X (SAEDRVT14_NR2_4)
                                                          0.02       0.83 r
  core_i/id_stage_i/controller_i/pc_mux_o[1] (cv32e40p_controller_COREV_CLUSTER0_COREV_PULP0_FPU0_test_1)
                                                          0.00       0.83 r
  core_i/id_stage_i/pc_mux_o[1] (cv32e40p_id_stage_COREV_PULP0_COREV_CLUSTER0_N_HWLP2_PULP_SECURE0_USE_PMP0_A_EXTENSION0_APU0_FPU0_FPU_ADDMUL_LAT0_FPU_OTHERS_LAT0_ZFINX0_APU_NARGS_CPU3_APU_WOP_CPU6_APU_NDSFLAGS_CPU15_APU_NUSFLAGS_CPU5_DEBUG_TRIGGER_EN1_test_1)
                                                          0.00       0.83 r
  core_i/if_stage_i/pc_mux_i[1] (cv32e40p_if_stage_COREV_PULP0_PULP_OBI0_PULP_SECURE0_FPU0_ZFINX0_test_1)
                                                          0.00       0.83 r
  core_i/if_stage_i/U221/X (SAEDRVT14_INV_S_2)            0.02       0.86 f
  core_i/if_stage_i/U48/X (SAEDRVT14_AN2_MM_2)            0.02       0.88 f
  core_i/if_stage_i/U55/X (SAEDRVT14_ND3_2)               0.03       0.91 r
  core_i/if_stage_i/U426/X (SAEDRVT14_NR2_4)              0.03       0.94 f
  core_i/if_stage_i/U425/X (SAEDRVT14_ND3B_2)             0.04       0.98 r
  core_i/if_stage_i/U220/X (SAEDRVT14_INV_S_2)            0.02       1.00 f
  core_i/if_stage_i/U23/X (SAEDRVT14_BUF_S_2)             0.04       1.04 f
  core_i/if_stage_i/U404/X (SAEDRVT14_AOI222_2)           0.06       1.11 r
  core_i/if_stage_i/U403/X (SAEDRVT14_AN4_2)              0.04       1.14 r
  core_i/if_stage_i/U241/X (SAEDRVT14_INV_S_2)            0.02       1.16 f
  core_i/if_stage_i/prefetch_buffer_i/branch_addr_i[14] (cv32e40p_prefetch_buffer_PULP_OBI0_COREV_PULP0_test_1)
                                                          0.00       1.16 f
  core_i/if_stage_i/prefetch_buffer_i/prefetch_controller_i/branch_addr_i[14] (cv32e40p_prefetch_controller_PULP_OBI0_COREV_PULP0_DEPTH2_test_1)
                                                          0.00       1.16 f
  core_i/if_stage_i/prefetch_buffer_i/prefetch_controller_i/U88/X (SAEDRVT14_AO22_2)
                                                          0.03       1.19 f
  core_i/if_stage_i/prefetch_buffer_i/prefetch_controller_i/U86/X (SAEDRVT14_OR2_2)
                                                          0.03       1.22 f
  core_i/if_stage_i/prefetch_buffer_i/prefetch_controller_i/trans_addr_o[14] (cv32e40p_prefetch_controller_PULP_OBI0_COREV_PULP0_DEPTH2_test_1)
                                                          0.00       1.22 f
  core_i/if_stage_i/prefetch_buffer_i/instruction_obi_i/trans_addr_i[14] (cv32e40p_obi_interface_TRANS_STABLE0_test_1)
                                                          0.00       1.22 f
  core_i/if_stage_i/prefetch_buffer_i/instruction_obi_i/U77/X (SAEDRVT14_AO22_2)
                                                          0.03       1.26 f
  core_i/if_stage_i/prefetch_buffer_i/instruction_obi_i/obi_addr_o[14] (cv32e40p_obi_interface_TRANS_STABLE0_test_1)
                                                          0.00       1.26 f
  core_i/if_stage_i/prefetch_buffer_i/instr_addr_o[14] (cv32e40p_prefetch_buffer_PULP_OBI0_COREV_PULP0_test_1)
                                                          0.00       1.26 f
  core_i/if_stage_i/instr_addr_o[14] (cv32e40p_if_stage_COREV_PULP0_PULP_OBI0_PULP_SECURE0_FPU0_ZFINX0_test_1)
                                                          0.00       1.26 f
  core_i/instr_addr_o[14] (cv32e40p_core_COREV_PULP0_COREV_CLUSTER0_FPU0_FPU_ADDMUL_LAT0_FPU_OTHERS_LAT0_ZFINX0_NUM_MHPMCOUNTERS1_test_1)
                                                          0.00       1.26 f
  instr_addr_o[14] (out)                                  0.01       1.27 f
  data arrival time                                                  1.27

  clock clk_i (rise edge)                                 5.00       5.00
  clock network delay (ideal)                             0.00       5.00
  clock uncertainty                                      -0.05       4.95
  output external delay                                  -3.00       1.95
  data required time                                                 1.95
  --------------------------------------------------------------------------
  data required time                                                 1.95
  data arrival time                                                 -1.27
  --------------------------------------------------------------------------
  slack (MET)                                                        0.68


  Startpoint: debug_req_i
              (input port clocked by clk_i)
  Endpoint: instr_addr_o[13]
            (output port clocked by clk_i)
  Path Group: clk_i
  Path Type: max

  Des/Clust/Port     Wire Load Model       Library
  ------------------------------------------------
  cv32e40p_top       35000                 saed14rvt_ss0p6v125c

  Point                                                   Incr       Path
  --------------------------------------------------------------------------
  clock clk_i (rise edge)                                 0.00       0.00
  clock network delay (ideal)                             0.00       0.00
  input external delay                                    0.50       0.50 f
  debug_req_i (in)                                        0.00       0.50 f
  core_i/debug_req_i (cv32e40p_core_COREV_PULP0_COREV_CLUSTER0_FPU0_FPU_ADDMUL_LAT0_FPU_OTHERS_LAT0_ZFINX0_NUM_MHPMCOUNTERS1_test_1)
                                                          0.00       0.50 f
  core_i/id_stage_i/debug_req_i (cv32e40p_id_stage_COREV_PULP0_COREV_CLUSTER0_N_HWLP2_PULP_SECURE0_USE_PMP0_A_EXTENSION0_APU0_FPU0_FPU_ADDMUL_LAT0_FPU_OTHERS_LAT0_ZFINX0_APU_NARGS_CPU3_APU_WOP_CPU6_APU_NDSFLAGS_CPU15_APU_NUSFLAGS_CPU5_DEBUG_TRIGGER_EN1_test_1)
                                                          0.00       0.50 f
  core_i/id_stage_i/controller_i/debug_req_i (cv32e40p_controller_COREV_CLUSTER0_COREV_PULP0_FPU0_test_1)
                                                          0.00       0.50 f
  core_i/id_stage_i/controller_i/U167/X (SAEDRVT14_OR2_2)
                                                          0.02       0.53 f
  core_i/id_stage_i/controller_i/U81/X (SAEDRVT14_OA21_MM_2)
                                                          0.03       0.56 f
  core_i/id_stage_i/controller_i/U509/X (SAEDRVT14_INV_S_2)
                                                          0.02       0.58 r
  core_i/id_stage_i/controller_i/U13/X (SAEDRVT14_OAI21_V1_4)
                                                          0.04       0.63 f
  core_i/id_stage_i/controller_i/U35/X (SAEDRVT14_OR2_2)
                                                          0.04       0.67 f
  core_i/id_stage_i/controller_i/U79/X (SAEDRVT14_OR2_2)
                                                          0.04       0.71 f
  core_i/id_stage_i/controller_i/U464/X (SAEDRVT14_INV_S_2)
                                                          0.02       0.73 r
  core_i/id_stage_i/controller_i/U40/X (SAEDRVT14_ND3_2)
                                                          0.04       0.77 f
  core_i/id_stage_i/controller_i/U463/X (SAEDRVT14_INV_S_2)
                                                          0.01       0.78 r
  core_i/id_stage_i/controller_i/U356/X (SAEDRVT14_AOI311_2)
                                                          0.03       0.81 f
  core_i/id_stage_i/controller_i/U355/X (SAEDRVT14_NR2_4)
                                                          0.02       0.83 r
  core_i/id_stage_i/controller_i/pc_mux_o[1] (cv32e40p_controller_COREV_CLUSTER0_COREV_PULP0_FPU0_test_1)
                                                          0.00       0.83 r
  core_i/id_stage_i/pc_mux_o[1] (cv32e40p_id_stage_COREV_PULP0_COREV_CLUSTER0_N_HWLP2_PULP_SECURE0_USE_PMP0_A_EXTENSION0_APU0_FPU0_FPU_ADDMUL_LAT0_FPU_OTHERS_LAT0_ZFINX0_APU_NARGS_CPU3_APU_WOP_CPU6_APU_NDSFLAGS_CPU15_APU_NUSFLAGS_CPU5_DEBUG_TRIGGER_EN1_test_1)
                                                          0.00       0.83 r
  core_i/if_stage_i/pc_mux_i[1] (cv32e40p_if_stage_COREV_PULP0_PULP_OBI0_PULP_SECURE0_FPU0_ZFINX0_test_1)
                                                          0.00       0.83 r
  core_i/if_stage_i/U221/X (SAEDRVT14_INV_S_2)            0.02       0.86 f
  core_i/if_stage_i/U48/X (SAEDRVT14_AN2_MM_2)            0.02       0.88 f
  core_i/if_stage_i/U55/X (SAEDRVT14_ND3_2)               0.03       0.91 r
  core_i/if_stage_i/U426/X (SAEDRVT14_NR2_4)              0.03       0.94 f
  core_i/if_stage_i/U425/X (SAEDRVT14_ND3B_2)             0.04       0.98 r
  core_i/if_stage_i/U220/X (SAEDRVT14_INV_S_2)            0.02       1.00 f
  core_i/if_stage_i/U23/X (SAEDRVT14_BUF_S_2)             0.04       1.04 f
  core_i/if_stage_i/U409/X (SAEDRVT14_AOI222_2)           0.06       1.11 r
  core_i/if_stage_i/U408/X (SAEDRVT14_AN4_2)              0.04       1.14 r
  core_i/if_stage_i/U242/X (SAEDRVT14_INV_S_2)            0.02       1.16 f
  core_i/if_stage_i/prefetch_buffer_i/branch_addr_i[13] (cv32e40p_prefetch_buffer_PULP_OBI0_COREV_PULP0_test_1)
                                                          0.00       1.16 f
  core_i/if_stage_i/prefetch_buffer_i/prefetch_controller_i/branch_addr_i[13] (cv32e40p_prefetch_controller_PULP_OBI0_COREV_PULP0_DEPTH2_test_1)
                                                          0.00       1.16 f
  core_i/if_stage_i/prefetch_buffer_i/prefetch_controller_i/U91/X (SAEDRVT14_AO22_2)
                                                          0.03       1.19 f
  core_i/if_stage_i/prefetch_buffer_i/prefetch_controller_i/U89/X (SAEDRVT14_OR2_2)
                                                          0.03       1.22 f
  core_i/if_stage_i/prefetch_buffer_i/prefetch_controller_i/trans_addr_o[13] (cv32e40p_prefetch_controller_PULP_OBI0_COREV_PULP0_DEPTH2_test_1)
                                                          0.00       1.22 f
  core_i/if_stage_i/prefetch_buffer_i/instruction_obi_i/trans_addr_i[13] (cv32e40p_obi_interface_TRANS_STABLE0_test_1)
                                                          0.00       1.22 f
  core_i/if_stage_i/prefetch_buffer_i/instruction_obi_i/U76/X (SAEDRVT14_AO22_2)
                                                          0.03       1.26 f
  core_i/if_stage_i/prefetch_buffer_i/instruction_obi_i/obi_addr_o[13] (cv32e40p_obi_interface_TRANS_STABLE0_test_1)
                                                          0.00       1.26 f
  core_i/if_stage_i/prefetch_buffer_i/instr_addr_o[13] (cv32e40p_prefetch_buffer_PULP_OBI0_COREV_PULP0_test_1)
                                                          0.00       1.26 f
  core_i/if_stage_i/instr_addr_o[13] (cv32e40p_if_stage_COREV_PULP0_PULP_OBI0_PULP_SECURE0_FPU0_ZFINX0_test_1)
                                                          0.00       1.26 f
  core_i/instr_addr_o[13] (cv32e40p_core_COREV_PULP0_COREV_CLUSTER0_FPU0_FPU_ADDMUL_LAT0_FPU_OTHERS_LAT0_ZFINX0_NUM_MHPMCOUNTERS1_test_1)
                                                          0.00       1.26 f
  instr_addr_o[13] (out)                                  0.01       1.27 f
  data arrival time                                                  1.27

  clock clk_i (rise edge)                                 5.00       5.00
  clock network delay (ideal)                             0.00       5.00
  clock uncertainty                                      -0.05       4.95
  output external delay                                  -3.00       1.95
  data required time                                                 1.95
  --------------------------------------------------------------------------
  data required time                                                 1.95
  data arrival time                                                 -1.27
  --------------------------------------------------------------------------
  slack (MET)                                                        0.68


  Startpoint: debug_req_i
              (input port clocked by clk_i)
  Endpoint: instr_addr_o[12]
            (output port clocked by clk_i)
  Path Group: clk_i
  Path Type: max

  Des/Clust/Port     Wire Load Model       Library
  ------------------------------------------------
  cv32e40p_top       35000                 saed14rvt_ss0p6v125c

  Point                                                   Incr       Path
  --------------------------------------------------------------------------
  clock clk_i (rise edge)                                 0.00       0.00
  clock network delay (ideal)                             0.00       0.00
  input external delay                                    0.50       0.50 f
  debug_req_i (in)                                        0.00       0.50 f
  core_i/debug_req_i (cv32e40p_core_COREV_PULP0_COREV_CLUSTER0_FPU0_FPU_ADDMUL_LAT0_FPU_OTHERS_LAT0_ZFINX0_NUM_MHPMCOUNTERS1_test_1)
                                                          0.00       0.50 f
  core_i/id_stage_i/debug_req_i (cv32e40p_id_stage_COREV_PULP0_COREV_CLUSTER0_N_HWLP2_PULP_SECURE0_USE_PMP0_A_EXTENSION0_APU0_FPU0_FPU_ADDMUL_LAT0_FPU_OTHERS_LAT0_ZFINX0_APU_NARGS_CPU3_APU_WOP_CPU6_APU_NDSFLAGS_CPU15_APU_NUSFLAGS_CPU5_DEBUG_TRIGGER_EN1_test_1)
                                                          0.00       0.50 f
  core_i/id_stage_i/controller_i/debug_req_i (cv32e40p_controller_COREV_CLUSTER0_COREV_PULP0_FPU0_test_1)
                                                          0.00       0.50 f
  core_i/id_stage_i/controller_i/U167/X (SAEDRVT14_OR2_2)
                                                          0.02       0.53 f
  core_i/id_stage_i/controller_i/U81/X (SAEDRVT14_OA21_MM_2)
                                                          0.03       0.56 f
  core_i/id_stage_i/controller_i/U509/X (SAEDRVT14_INV_S_2)
                                                          0.02       0.58 r
  core_i/id_stage_i/controller_i/U13/X (SAEDRVT14_OAI21_V1_4)
                                                          0.04       0.63 f
  core_i/id_stage_i/controller_i/U35/X (SAEDRVT14_OR2_2)
                                                          0.04       0.67 f
  core_i/id_stage_i/controller_i/U79/X (SAEDRVT14_OR2_2)
                                                          0.04       0.71 f
  core_i/id_stage_i/controller_i/U464/X (SAEDRVT14_INV_S_2)
                                                          0.02       0.73 r
  core_i/id_stage_i/controller_i/U40/X (SAEDRVT14_ND3_2)
                                                          0.04       0.77 f
  core_i/id_stage_i/controller_i/U463/X (SAEDRVT14_INV_S_2)
                                                          0.01       0.78 r
  core_i/id_stage_i/controller_i/U356/X (SAEDRVT14_AOI311_2)
                                                          0.03       0.81 f
  core_i/id_stage_i/controller_i/U355/X (SAEDRVT14_NR2_4)
                                                          0.02       0.83 r
  core_i/id_stage_i/controller_i/pc_mux_o[1] (cv32e40p_controller_COREV_CLUSTER0_COREV_PULP0_FPU0_test_1)
                                                          0.00       0.83 r
  core_i/id_stage_i/pc_mux_o[1] (cv32e40p_id_stage_COREV_PULP0_COREV_CLUSTER0_N_HWLP2_PULP_SECURE0_USE_PMP0_A_EXTENSION0_APU0_FPU0_FPU_ADDMUL_LAT0_FPU_OTHERS_LAT0_ZFINX0_APU_NARGS_CPU3_APU_WOP_CPU6_APU_NDSFLAGS_CPU15_APU_NUSFLAGS_CPU5_DEBUG_TRIGGER_EN1_test_1)
                                                          0.00       0.83 r
  core_i/if_stage_i/pc_mux_i[1] (cv32e40p_if_stage_COREV_PULP0_PULP_OBI0_PULP_SECURE0_FPU0_ZFINX0_test_1)
                                                          0.00       0.83 r
  core_i/if_stage_i/U221/X (SAEDRVT14_INV_S_2)            0.02       0.86 f
  core_i/if_stage_i/U48/X (SAEDRVT14_AN2_MM_2)            0.02       0.88 f
  core_i/if_stage_i/U55/X (SAEDRVT14_ND3_2)               0.03       0.91 r
  core_i/if_stage_i/U426/X (SAEDRVT14_NR2_4)              0.03       0.94 f
  core_i/if_stage_i/U425/X (SAEDRVT14_ND3B_2)             0.04       0.98 r
  core_i/if_stage_i/U220/X (SAEDRVT14_INV_S_2)            0.02       1.00 f
  core_i/if_stage_i/U23/X (SAEDRVT14_BUF_S_2)             0.04       1.04 f
  core_i/if_stage_i/U414/X (SAEDRVT14_AOI222_2)           0.06       1.11 r
  core_i/if_stage_i/U413/X (SAEDRVT14_AN4_2)              0.04       1.14 r
  core_i/if_stage_i/U243/X (SAEDRVT14_INV_S_2)            0.02       1.16 f
  core_i/if_stage_i/prefetch_buffer_i/branch_addr_i[12] (cv32e40p_prefetch_buffer_PULP_OBI0_COREV_PULP0_test_1)
                                                          0.00       1.16 f
  core_i/if_stage_i/prefetch_buffer_i/prefetch_controller_i/branch_addr_i[12] (cv32e40p_prefetch_controller_PULP_OBI0_COREV_PULP0_DEPTH2_test_1)
                                                          0.00       1.16 f
  core_i/if_stage_i/prefetch_buffer_i/prefetch_controller_i/U94/X (SAEDRVT14_AO22_2)
                                                          0.03       1.19 f
  core_i/if_stage_i/prefetch_buffer_i/prefetch_controller_i/U92/X (SAEDRVT14_OR2_2)
                                                          0.03       1.22 f
  core_i/if_stage_i/prefetch_buffer_i/prefetch_controller_i/trans_addr_o[12] (cv32e40p_prefetch_controller_PULP_OBI0_COREV_PULP0_DEPTH2_test_1)
                                                          0.00       1.22 f
  core_i/if_stage_i/prefetch_buffer_i/instruction_obi_i/trans_addr_i[12] (cv32e40p_obi_interface_TRANS_STABLE0_test_1)
                                                          0.00       1.22 f
  core_i/if_stage_i/prefetch_buffer_i/instruction_obi_i/U75/X (SAEDRVT14_AO22_2)
                                                          0.03       1.26 f
  core_i/if_stage_i/prefetch_buffer_i/instruction_obi_i/obi_addr_o[12] (cv32e40p_obi_interface_TRANS_STABLE0_test_1)
                                                          0.00       1.26 f
  core_i/if_stage_i/prefetch_buffer_i/instr_addr_o[12] (cv32e40p_prefetch_buffer_PULP_OBI0_COREV_PULP0_test_1)
                                                          0.00       1.26 f
  core_i/if_stage_i/instr_addr_o[12] (cv32e40p_if_stage_COREV_PULP0_PULP_OBI0_PULP_SECURE0_FPU0_ZFINX0_test_1)
                                                          0.00       1.26 f
  core_i/instr_addr_o[12] (cv32e40p_core_COREV_PULP0_COREV_CLUSTER0_FPU0_FPU_ADDMUL_LAT0_FPU_OTHERS_LAT0_ZFINX0_NUM_MHPMCOUNTERS1_test_1)
                                                          0.00       1.26 f
  instr_addr_o[12] (out)                                  0.01       1.27 f
  data arrival time                                                  1.27

  clock clk_i (rise edge)                                 5.00       5.00
  clock network delay (ideal)                             0.00       5.00
  clock uncertainty                                      -0.05       4.95
  output external delay                                  -3.00       1.95
  data required time                                                 1.95
  --------------------------------------------------------------------------
  data required time                                                 1.95
  data arrival time                                                 -1.27
  --------------------------------------------------------------------------
  slack (MET)                                                        0.68


  Startpoint: debug_req_i
              (input port clocked by clk_i)
  Endpoint: instr_addr_o[11]
            (output port clocked by clk_i)
  Path Group: clk_i
  Path Type: max

  Des/Clust/Port     Wire Load Model       Library
  ------------------------------------------------
  cv32e40p_top       35000                 saed14rvt_ss0p6v125c

  Point                                                   Incr       Path
  --------------------------------------------------------------------------
  clock clk_i (rise edge)                                 0.00       0.00
  clock network delay (ideal)                             0.00       0.00
  input external delay                                    0.50       0.50 f
  debug_req_i (in)                                        0.00       0.50 f
  core_i/debug_req_i (cv32e40p_core_COREV_PULP0_COREV_CLUSTER0_FPU0_FPU_ADDMUL_LAT0_FPU_OTHERS_LAT0_ZFINX0_NUM_MHPMCOUNTERS1_test_1)
                                                          0.00       0.50 f
  core_i/id_stage_i/debug_req_i (cv32e40p_id_stage_COREV_PULP0_COREV_CLUSTER0_N_HWLP2_PULP_SECURE0_USE_PMP0_A_EXTENSION0_APU0_FPU0_FPU_ADDMUL_LAT0_FPU_OTHERS_LAT0_ZFINX0_APU_NARGS_CPU3_APU_WOP_CPU6_APU_NDSFLAGS_CPU15_APU_NUSFLAGS_CPU5_DEBUG_TRIGGER_EN1_test_1)
                                                          0.00       0.50 f
  core_i/id_stage_i/controller_i/debug_req_i (cv32e40p_controller_COREV_CLUSTER0_COREV_PULP0_FPU0_test_1)
                                                          0.00       0.50 f
  core_i/id_stage_i/controller_i/U167/X (SAEDRVT14_OR2_2)
                                                          0.02       0.53 f
  core_i/id_stage_i/controller_i/U81/X (SAEDRVT14_OA21_MM_2)
                                                          0.03       0.56 f
  core_i/id_stage_i/controller_i/U509/X (SAEDRVT14_INV_S_2)
                                                          0.02       0.58 r
  core_i/id_stage_i/controller_i/U13/X (SAEDRVT14_OAI21_V1_4)
                                                          0.04       0.63 f
  core_i/id_stage_i/controller_i/U35/X (SAEDRVT14_OR2_2)
                                                          0.04       0.67 f
  core_i/id_stage_i/controller_i/U79/X (SAEDRVT14_OR2_2)
                                                          0.04       0.71 f
  core_i/id_stage_i/controller_i/U464/X (SAEDRVT14_INV_S_2)
                                                          0.02       0.73 r
  core_i/id_stage_i/controller_i/U40/X (SAEDRVT14_ND3_2)
                                                          0.04       0.77 f
  core_i/id_stage_i/controller_i/U463/X (SAEDRVT14_INV_S_2)
                                                          0.01       0.78 r
  core_i/id_stage_i/controller_i/U356/X (SAEDRVT14_AOI311_2)
                                                          0.03       0.81 f
  core_i/id_stage_i/controller_i/U355/X (SAEDRVT14_NR2_4)
                                                          0.02       0.83 r
  core_i/id_stage_i/controller_i/pc_mux_o[1] (cv32e40p_controller_COREV_CLUSTER0_COREV_PULP0_FPU0_test_1)
                                                          0.00       0.83 r
  core_i/id_stage_i/pc_mux_o[1] (cv32e40p_id_stage_COREV_PULP0_COREV_CLUSTER0_N_HWLP2_PULP_SECURE0_USE_PMP0_A_EXTENSION0_APU0_FPU0_FPU_ADDMUL_LAT0_FPU_OTHERS_LAT0_ZFINX0_APU_NARGS_CPU3_APU_WOP_CPU6_APU_NDSFLAGS_CPU15_APU_NUSFLAGS_CPU5_DEBUG_TRIGGER_EN1_test_1)
                                                          0.00       0.83 r
  core_i/if_stage_i/pc_mux_i[1] (cv32e40p_if_stage_COREV_PULP0_PULP_OBI0_PULP_SECURE0_FPU0_ZFINX0_test_1)
                                                          0.00       0.83 r
  core_i/if_stage_i/U221/X (SAEDRVT14_INV_S_2)            0.02       0.86 f
  core_i/if_stage_i/U48/X (SAEDRVT14_AN2_MM_2)            0.02       0.88 f
  core_i/if_stage_i/U55/X (SAEDRVT14_ND3_2)               0.03       0.91 r
  core_i/if_stage_i/U426/X (SAEDRVT14_NR2_4)              0.03       0.94 f
  core_i/if_stage_i/U425/X (SAEDRVT14_ND3B_2)             0.04       0.98 r
  core_i/if_stage_i/U220/X (SAEDRVT14_INV_S_2)            0.02       1.00 f
  core_i/if_stage_i/U23/X (SAEDRVT14_BUF_S_2)             0.04       1.04 f
  core_i/if_stage_i/U419/X (SAEDRVT14_AOI222_2)           0.06       1.11 r
  core_i/if_stage_i/U418/X (SAEDRVT14_AN4_2)              0.04       1.14 r
  core_i/if_stage_i/U244/X (SAEDRVT14_INV_S_2)            0.02       1.16 f
  core_i/if_stage_i/prefetch_buffer_i/branch_addr_i[11] (cv32e40p_prefetch_buffer_PULP_OBI0_COREV_PULP0_test_1)
                                                          0.00       1.16 f
  core_i/if_stage_i/prefetch_buffer_i/prefetch_controller_i/branch_addr_i[11] (cv32e40p_prefetch_controller_PULP_OBI0_COREV_PULP0_DEPTH2_test_1)
                                                          0.00       1.16 f
  core_i/if_stage_i/prefetch_buffer_i/prefetch_controller_i/U97/X (SAEDRVT14_AO22_2)
                                                          0.03       1.19 f
  core_i/if_stage_i/prefetch_buffer_i/prefetch_controller_i/U95/X (SAEDRVT14_OR2_2)
                                                          0.03       1.22 f
  core_i/if_stage_i/prefetch_buffer_i/prefetch_controller_i/trans_addr_o[11] (cv32e40p_prefetch_controller_PULP_OBI0_COREV_PULP0_DEPTH2_test_1)
                                                          0.00       1.22 f
  core_i/if_stage_i/prefetch_buffer_i/instruction_obi_i/trans_addr_i[11] (cv32e40p_obi_interface_TRANS_STABLE0_test_1)
                                                          0.00       1.22 f
  core_i/if_stage_i/prefetch_buffer_i/instruction_obi_i/U96/X (SAEDRVT14_AO22_2)
                                                          0.03       1.26 f
  core_i/if_stage_i/prefetch_buffer_i/instruction_obi_i/obi_addr_o[11] (cv32e40p_obi_interface_TRANS_STABLE0_test_1)
                                                          0.00       1.26 f
  core_i/if_stage_i/prefetch_buffer_i/instr_addr_o[11] (cv32e40p_prefetch_buffer_PULP_OBI0_COREV_PULP0_test_1)
                                                          0.00       1.26 f
  core_i/if_stage_i/instr_addr_o[11] (cv32e40p_if_stage_COREV_PULP0_PULP_OBI0_PULP_SECURE0_FPU0_ZFINX0_test_1)
                                                          0.00       1.26 f
  core_i/instr_addr_o[11] (cv32e40p_core_COREV_PULP0_COREV_CLUSTER0_FPU0_FPU_ADDMUL_LAT0_FPU_OTHERS_LAT0_ZFINX0_NUM_MHPMCOUNTERS1_test_1)
                                                          0.00       1.26 f
  instr_addr_o[11] (out)                                  0.01       1.27 f
  data arrival time                                                  1.27

  clock clk_i (rise edge)                                 5.00       5.00
  clock network delay (ideal)                             0.00       5.00
  clock uncertainty                                      -0.05       4.95
  output external delay                                  -3.00       1.95
  data required time                                                 1.95
  --------------------------------------------------------------------------
  data required time                                                 1.95
  data arrival time                                                 -1.27
  --------------------------------------------------------------------------
  slack (MET)                                                        0.68


  Startpoint: core_i/id_stage_i/alu_operator_ex_o_reg[5]
              (rising edge-triggered flip-flop clocked by scan_clk)
  Endpoint: core_i/id_stage_i/alu_operand_a_ex_o_reg[2]
            (rising edge-triggered flip-flop clocked by scan_clk)
  Path Group: scan_clk
  Path Type: max

  Des/Clust/Port     Wire Load Model       Library
  ------------------------------------------------
  cv32e40p_top       35000                 saed14rvt_ss0p6v125c

  Point                                                   Incr       Path
  --------------------------------------------------------------------------
  clock scan_clk (rise edge)                              0.00       0.00
  clock network delay (ideal)                             0.00       0.00
  core_i/id_stage_i/alu_operator_ex_o_reg[5]/CK (SAEDRVT14_FSDPRBQ_V2LP_2)
                                                          0.00 #     0.00 r
  core_i/id_stage_i/alu_operator_ex_o_reg[5]/Q (SAEDRVT14_FSDPRBQ_V2LP_2)
                                                          0.05       0.05 r
  core_i/id_stage_i/alu_operator_ex_o[5] (cv32e40p_id_stage_COREV_PULP0_COREV_CLUSTER0_N_HWLP2_PULP_SECURE0_USE_PMP0_A_EXTENSION0_APU0_FPU0_FPU_ADDMUL_LAT0_FPU_OTHERS_LAT0_ZFINX0_APU_NARGS_CPU3_APU_WOP_CPU6_APU_NDSFLAGS_CPU15_APU_NUSFLAGS_CPU5_DEBUG_TRIGGER_EN1_test_1)
                                                          0.00       0.05 r
  core_i/ex_stage_i/alu_operator_i[5] (cv32e40p_ex_stage_COREV_PULP0_FPU0_APU_NARGS_CPU3_APU_WOP_CPU6_APU_NDSFLAGS_CPU15_APU_NUSFLAGS_CPU5_test_1)
                                                          0.00       0.05 r
  core_i/ex_stage_i/alu_i/operator_i[5] (cv32e40p_alu_test_1)
                                                          0.00       0.05 r
  core_i/ex_stage_i/alu_i/U2936/X (SAEDRVT14_OR2_2)       0.03       0.07 r
  core_i/ex_stage_i/alu_i/U2935/X (SAEDRVT14_INV_S_2)     0.02       0.10 f
  core_i/ex_stage_i/alu_i/U2933/X (SAEDRVT14_ND3_2)       0.03       0.13 r
  core_i/ex_stage_i/alu_i/U69/X (SAEDRVT14_BUF_S_2)       0.03       0.16 r
  core_i/ex_stage_i/alu_i/U2932/X (SAEDRVT14_INV_S_2)     0.06       0.22 f
  core_i/ex_stage_i/alu_i/U2931/X (SAEDRVT14_AOI21_V1_4)
                                                          0.12       0.34 r
  core_i/ex_stage_i/alu_i/U67/X (SAEDRVT14_BUF_S_2)       0.05       0.39 r
  core_i/ex_stage_i/alu_i/U1506/X (SAEDRVT14_NR2_4)       0.09       0.48 f
  core_i/ex_stage_i/alu_i/U68/X (SAEDRVT14_BUF_S_2)       0.03       0.51 f
  core_i/ex_stage_i/alu_i/U1430/X (SAEDRVT14_MUXI2_2)     0.04       0.55 r
  core_i/ex_stage_i/alu_i/U1429/X (SAEDRVT14_OAI21_V1_4)
                                                          0.03       0.58 f
  core_i/ex_stage_i/alu_i/add_168/B[1] (cv32e40p_alu_DW01_add_2)
                                                          0.00       0.58 f
  core_i/ex_stage_i/alu_i/add_168/U1_1/CO (SAEDRVT14_ADDF_V2_2)
                                                          0.06       0.64 f
  core_i/ex_stage_i/alu_i/add_168/U1_2/CO (SAEDRVT14_ADDF_V2_2)
                                                          0.03       0.67 f
  core_i/ex_stage_i/alu_i/add_168/U1_3/CO (SAEDRVT14_ADDF_V2_2)
                                                          0.03       0.70 f
  core_i/ex_stage_i/alu_i/add_168/U1_4/CO (SAEDRVT14_ADDF_V2_2)
                                                          0.03       0.74 f
  core_i/ex_stage_i/alu_i/add_168/U1_5/CO (SAEDRVT14_ADDF_V2_2)
                                                          0.03       0.77 f
  core_i/ex_stage_i/alu_i/add_168/U1_6/CO (SAEDRVT14_ADDF_V2_2)
                                                          0.03       0.80 f
  core_i/ex_stage_i/alu_i/add_168/U1_7/CO (SAEDRVT14_ADDF_V2_2)
                                                          0.03       0.83 f
  core_i/ex_stage_i/alu_i/add_168/U1_8/CO (SAEDRVT14_ADDF_V2_2)
                                                          0.03       0.86 f
  core_i/ex_stage_i/alu_i/add_168/U4/X (SAEDRVT14_AO22_2)
                                                          0.04       0.90 f
  core_i/ex_stage_i/alu_i/add_168/U1_10/CO (SAEDRVT14_ADDF_V2_2)
                                                          0.03       0.94 f
  core_i/ex_stage_i/alu_i/add_168/U1_11/CO (SAEDRVT14_ADDF_V2_2)
                                                          0.03       0.97 f
  core_i/ex_stage_i/alu_i/add_168/U1_12/CO (SAEDRVT14_ADDF_V2_2)
                                                          0.03       1.00 f
  core_i/ex_stage_i/alu_i/add_168/U1_13/CO (SAEDRVT14_ADDF_V2_2)
                                                          0.03       1.03 f
  core_i/ex_stage_i/alu_i/add_168/U1_14/CO (SAEDRVT14_ADDF_V2_2)
                                                          0.03       1.06 f
  core_i/ex_stage_i/alu_i/add_168/U1_15/CO (SAEDRVT14_ADDF_V2_2)
                                                          0.03       1.09 f
  core_i/ex_stage_i/alu_i/add_168/U1_16/CO (SAEDRVT14_ADDF_V2_2)
                                                          0.03       1.13 f
  core_i/ex_stage_i/alu_i/add_168/U1_17/CO (SAEDRVT14_ADDF_V2_2)
                                                          0.03       1.16 f
  core_i/ex_stage_i/alu_i/add_168/U2/X (SAEDRVT14_AO22_2)
                                                          0.04       1.20 f
  core_i/ex_stage_i/alu_i/add_168/U1_19/CO (SAEDRVT14_ADDF_V2_2)
                                                          0.03       1.23 f
  core_i/ex_stage_i/alu_i/add_168/U1_20/CO (SAEDRVT14_ADDF_V2_2)
                                                          0.03       1.26 f
  core_i/ex_stage_i/alu_i/add_168/U1_21/CO (SAEDRVT14_ADDF_V2_2)
                                                          0.03       1.29 f
  core_i/ex_stage_i/alu_i/add_168/U1_22/CO (SAEDRVT14_ADDF_V2_2)
                                                          0.03       1.33 f
  core_i/ex_stage_i/alu_i/add_168/U1_23/CO (SAEDRVT14_ADDF_V2_2)
                                                          0.03       1.36 f
  core_i/ex_stage_i/alu_i/add_168/U1_24/CO (SAEDRVT14_ADDF_V2_2)
                                                          0.03       1.39 f
  core_i/ex_stage_i/alu_i/add_168/U1_25/CO (SAEDRVT14_ADDF_V2_2)
                                                          0.03       1.42 f
  core_i/ex_stage_i/alu_i/add_168/U1_26/CO (SAEDRVT14_ADDF_V2_2)
                                                          0.03       1.45 f
  core_i/ex_stage_i/alu_i/add_168/U1/X (SAEDRVT14_AO22_2)
                                                          0.04       1.49 f
  core_i/ex_stage_i/alu_i/add_168/U1_28/CO (SAEDRVT14_ADDF_V2_2)
                                                          0.03       1.53 f
  core_i/ex_stage_i/alu_i/add_168/U1_29/CO (SAEDRVT14_ADDF_V2_2)
                                                          0.03       1.56 f
  core_i/ex_stage_i/alu_i/add_168/U1_30/CO (SAEDRVT14_ADDF_V2_2)
                                                          0.03       1.59 f
  core_i/ex_stage_i/alu_i/add_168/U1_31/CO (SAEDRVT14_ADDF_V2_2)
                                                          0.03       1.62 f
  core_i/ex_stage_i/alu_i/add_168/U1_32/CO (SAEDRVT14_ADDF_V2_2)
                                                          0.03       1.65 f
  core_i/ex_stage_i/alu_i/add_168/U1_33/CO (SAEDRVT14_ADDF_V2_2)
                                                          0.03       1.68 f
  core_i/ex_stage_i/alu_i/add_168/U1_34/CO (SAEDRVT14_ADDF_V2_2)
                                                          0.03       1.72 f
  core_i/ex_stage_i/alu_i/add_168/U1_35/S (SAEDRVT14_ADDF_V2_2)
                                                          0.04       1.76 r
  core_i/ex_stage_i/alu_i/add_168/SUM[35] (cv32e40p_alu_DW01_add_2)
                                                          0.00       1.76 r
  core_i/ex_stage_i/alu_i/add_186/A[31] (cv32e40p_alu_DW01_add_1)
                                                          0.00       1.76 r
  core_i/ex_stage_i/alu_i/add_186/U2/X (SAEDRVT14_EO2_2)
                                                          0.04       1.80 r
  core_i/ex_stage_i/alu_i/add_186/SUM[31] (cv32e40p_alu_DW01_add_1)
                                                          0.00       1.80 r
  core_i/ex_stage_i/alu_i/U2623/X (SAEDRVT14_AOI222_2)
                                                          0.05       1.84 f
  core_i/ex_stage_i/alu_i/U42/X (SAEDRVT14_OR2_2)         0.04       1.89 f
  core_i/ex_stage_i/alu_i/U2612/X (SAEDRVT14_AN2_MM_2)
                                                          0.06       1.95 f
  core_i/ex_stage_i/alu_i/U2611/X (SAEDRVT14_INV_S_2)     0.06       2.01 r
  core_i/ex_stage_i/alu_i/U2453/X (SAEDRVT14_OA21_MM_2)
                                                          0.06       2.06 r
  core_i/ex_stage_i/alu_i/U2452/X (SAEDRVT14_INV_S_2)     0.02       2.09 f
  core_i/ex_stage_i/alu_i/U2448/X (SAEDRVT14_AO22_2)      0.04       2.12 f
  core_i/ex_stage_i/alu_i/U2440/X (SAEDRVT14_OR2_2)       0.02       2.15 f
  core_i/ex_stage_i/alu_i/U2439/X (SAEDRVT14_INV_S_2)     0.02       2.17 r
  core_i/ex_stage_i/alu_i/U2438/X (SAEDRVT14_OAI22_3)     0.04       2.20 f
  core_i/ex_stage_i/alu_i/U2437/X (SAEDRVT14_OR2_2)       0.03       2.24 f
  core_i/ex_stage_i/alu_i/U2420/X (SAEDRVT14_OAI22_3)     0.03       2.27 r
  core_i/ex_stage_i/alu_i/U2419/X (SAEDRVT14_OA21_MM_2)
                                                          0.03       2.30 r
  core_i/ex_stage_i/alu_i/U2383/X (SAEDRVT14_OR2_2)       0.02       2.32 r
  core_i/ex_stage_i/alu_i/U1342/X (SAEDRVT14_MUXI2_2)     0.04       2.36 f
  core_i/ex_stage_i/alu_i/U425/X (SAEDRVT14_INV_S_2)      0.02       2.38 r
  core_i/ex_stage_i/alu_i/U132/X (SAEDRVT14_AO22_2)       0.03       2.41 r
  core_i/ex_stage_i/alu_i/U134/X (SAEDRVT14_OA21_MM_2)
                                                          0.02       2.43 r
  core_i/ex_stage_i/alu_i/U138/X (SAEDRVT14_OA21_MM_2)
                                                          0.02       2.46 r
  core_i/ex_stage_i/alu_i/U146/X (SAEDRVT14_OA21_MM_2)
                                                          0.02       2.48 r
  core_i/ex_stage_i/alu_i/U147/X (SAEDRVT14_OR2_2)        0.02       2.50 r
  core_i/ex_stage_i/alu_i/U1344/X (SAEDRVT14_ND3_2)       0.04       2.54 f
  core_i/ex_stage_i/alu_i/U1343/X (SAEDRVT14_INV_S_2)     0.04       2.58 r
  core_i/ex_stage_i/alu_i/U438/X (SAEDRVT14_MUXI2_2)      0.06       2.64 f
  core_i/ex_stage_i/alu_i/U433/X (SAEDRVT14_AN4_2)        0.03       2.66 f
  core_i/ex_stage_i/alu_i/U432/X (SAEDRVT14_AN4_2)        0.03       2.69 f
  core_i/ex_stage_i/alu_i/U431/X (SAEDRVT14_INV_S_2)      0.02       2.70 r
  core_i/ex_stage_i/alu_i/result_o[2] (cv32e40p_alu_test_1)
                                                          0.00       2.70 r
  core_i/ex_stage_i/U49/X (SAEDRVT14_AOI222_2)            0.05       2.75 f
  core_i/ex_stage_i/U48/X (SAEDRVT14_INV_S_2)             0.02       2.77 r
  core_i/ex_stage_i/regfile_alu_wdata_fw_o[2] (cv32e40p_ex_stage_COREV_PULP0_FPU0_APU_NARGS_CPU3_APU_WOP_CPU6_APU_NDSFLAGS_CPU15_APU_NUSFLAGS_CPU5_test_1)
                                                          0.00       2.77 r
  core_i/id_stage_i/regfile_alu_wdata_fw_i[2] (cv32e40p_id_stage_COREV_PULP0_COREV_CLUSTER0_N_HWLP2_PULP_SECURE0_USE_PMP0_A_EXTENSION0_APU0_FPU0_FPU_ADDMUL_LAT0_FPU_OTHERS_LAT0_ZFINX0_APU_NARGS_CPU3_APU_WOP_CPU6_APU_NDSFLAGS_CPU15_APU_NUSFLAGS_CPU5_DEBUG_TRIGGER_EN1_test_1)
                                                          0.00       2.77 r
  core_i/id_stage_i/U1535/X (SAEDRVT14_AOI222_2)          0.06       2.83 f
  core_i/id_stage_i/U1534/X (SAEDRVT14_INV_S_2)           0.02       2.85 r
  core_i/id_stage_i/U1533/X (SAEDRVT14_AOI222_2)          0.06       2.91 f
  core_i/id_stage_i/U1532/X (SAEDRVT14_ND2_CDC_4)         0.03       2.93 r
  core_i/id_stage_i/U1465/X (SAEDRVT14_AOI222_2)          0.05       2.98 f
  core_i/id_stage_i/U1385/X (SAEDRVT14_INV_S_2)           0.01       3.00 r
  core_i/id_stage_i/alu_operand_a_ex_o_reg[2]/D (SAEDRVT14_FSDPRBQ_V2LP_2)
                                                          0.00       3.00 r
  data arrival time                                                  3.00

  clock scan_clk (rise edge)                            100.00     100.00
  clock network delay (ideal)                             0.00     100.00
  clock uncertainty                                     -10.00      90.00
  core_i/id_stage_i/alu_operand_a_ex_o_reg[2]/CK (SAEDRVT14_FSDPRBQ_V2LP_2)
                                                          0.00      90.00 r
  library setup time                                     -0.04      89.96
  data required time                                                89.96
  --------------------------------------------------------------------------
  data required time                                                89.96
  data arrival time                                                 -3.00
  --------------------------------------------------------------------------
  slack (MET)                                                       86.96


  Startpoint: core_i/id_stage_i/alu_operator_ex_o_reg[5]
              (rising edge-triggered flip-flop clocked by scan_clk)
  Endpoint: core_i/id_stage_i/alu_operand_a_ex_o_reg[1]
            (rising edge-triggered flip-flop clocked by scan_clk)
  Path Group: scan_clk
  Path Type: max

  Des/Clust/Port     Wire Load Model       Library
  ------------------------------------------------
  cv32e40p_top       35000                 saed14rvt_ss0p6v125c

  Point                                                   Incr       Path
  --------------------------------------------------------------------------
  clock scan_clk (rise edge)                              0.00       0.00
  clock network delay (ideal)                             0.00       0.00
  core_i/id_stage_i/alu_operator_ex_o_reg[5]/CK (SAEDRVT14_FSDPRBQ_V2LP_2)
                                                          0.00 #     0.00 r
  core_i/id_stage_i/alu_operator_ex_o_reg[5]/Q (SAEDRVT14_FSDPRBQ_V2LP_2)
                                                          0.05       0.05 r
  core_i/id_stage_i/alu_operator_ex_o[5] (cv32e40p_id_stage_COREV_PULP0_COREV_CLUSTER0_N_HWLP2_PULP_SECURE0_USE_PMP0_A_EXTENSION0_APU0_FPU0_FPU_ADDMUL_LAT0_FPU_OTHERS_LAT0_ZFINX0_APU_NARGS_CPU3_APU_WOP_CPU6_APU_NDSFLAGS_CPU15_APU_NUSFLAGS_CPU5_DEBUG_TRIGGER_EN1_test_1)
                                                          0.00       0.05 r
  core_i/ex_stage_i/alu_operator_i[5] (cv32e40p_ex_stage_COREV_PULP0_FPU0_APU_NARGS_CPU3_APU_WOP_CPU6_APU_NDSFLAGS_CPU15_APU_NUSFLAGS_CPU5_test_1)
                                                          0.00       0.05 r
  core_i/ex_stage_i/alu_i/operator_i[5] (cv32e40p_alu_test_1)
                                                          0.00       0.05 r
  core_i/ex_stage_i/alu_i/U2936/X (SAEDRVT14_OR2_2)       0.03       0.07 r
  core_i/ex_stage_i/alu_i/U2935/X (SAEDRVT14_INV_S_2)     0.02       0.10 f
  core_i/ex_stage_i/alu_i/U2933/X (SAEDRVT14_ND3_2)       0.03       0.13 r
  core_i/ex_stage_i/alu_i/U69/X (SAEDRVT14_BUF_S_2)       0.03       0.16 r
  core_i/ex_stage_i/alu_i/U2932/X (SAEDRVT14_INV_S_2)     0.06       0.22 f
  core_i/ex_stage_i/alu_i/U2931/X (SAEDRVT14_AOI21_V1_4)
                                                          0.12       0.34 r
  core_i/ex_stage_i/alu_i/U67/X (SAEDRVT14_BUF_S_2)       0.05       0.39 r
  core_i/ex_stage_i/alu_i/U1506/X (SAEDRVT14_NR2_4)       0.09       0.48 f
  core_i/ex_stage_i/alu_i/U68/X (SAEDRVT14_BUF_S_2)       0.03       0.51 f
  core_i/ex_stage_i/alu_i/U1430/X (SAEDRVT14_MUXI2_2)     0.04       0.55 r
  core_i/ex_stage_i/alu_i/U1429/X (SAEDRVT14_OAI21_V1_4)
                                                          0.03       0.58 f
  core_i/ex_stage_i/alu_i/add_168/B[1] (cv32e40p_alu_DW01_add_2)
                                                          0.00       0.58 f
  core_i/ex_stage_i/alu_i/add_168/U1_1/CO (SAEDRVT14_ADDF_V2_2)
                                                          0.06       0.64 f
  core_i/ex_stage_i/alu_i/add_168/U1_2/CO (SAEDRVT14_ADDF_V2_2)
                                                          0.03       0.67 f
  core_i/ex_stage_i/alu_i/add_168/U1_3/CO (SAEDRVT14_ADDF_V2_2)
                                                          0.03       0.70 f
  core_i/ex_stage_i/alu_i/add_168/U1_4/CO (SAEDRVT14_ADDF_V2_2)
                                                          0.03       0.74 f
  core_i/ex_stage_i/alu_i/add_168/U1_5/CO (SAEDRVT14_ADDF_V2_2)
                                                          0.03       0.77 f
  core_i/ex_stage_i/alu_i/add_168/U1_6/CO (SAEDRVT14_ADDF_V2_2)
                                                          0.03       0.80 f
  core_i/ex_stage_i/alu_i/add_168/U1_7/CO (SAEDRVT14_ADDF_V2_2)
                                                          0.03       0.83 f
  core_i/ex_stage_i/alu_i/add_168/U1_8/CO (SAEDRVT14_ADDF_V2_2)
                                                          0.03       0.86 f
  core_i/ex_stage_i/alu_i/add_168/U4/X (SAEDRVT14_AO22_2)
                                                          0.04       0.90 f
  core_i/ex_stage_i/alu_i/add_168/U1_10/CO (SAEDRVT14_ADDF_V2_2)
                                                          0.03       0.94 f
  core_i/ex_stage_i/alu_i/add_168/U1_11/CO (SAEDRVT14_ADDF_V2_2)
                                                          0.03       0.97 f
  core_i/ex_stage_i/alu_i/add_168/U1_12/CO (SAEDRVT14_ADDF_V2_2)
                                                          0.03       1.00 f
  core_i/ex_stage_i/alu_i/add_168/U1_13/CO (SAEDRVT14_ADDF_V2_2)
                                                          0.03       1.03 f
  core_i/ex_stage_i/alu_i/add_168/U1_14/CO (SAEDRVT14_ADDF_V2_2)
                                                          0.03       1.06 f
  core_i/ex_stage_i/alu_i/add_168/U1_15/CO (SAEDRVT14_ADDF_V2_2)
                                                          0.03       1.09 f
  core_i/ex_stage_i/alu_i/add_168/U1_16/CO (SAEDRVT14_ADDF_V2_2)
                                                          0.03       1.13 f
  core_i/ex_stage_i/alu_i/add_168/U1_17/CO (SAEDRVT14_ADDF_V2_2)
                                                          0.03       1.16 f
  core_i/ex_stage_i/alu_i/add_168/U2/X (SAEDRVT14_AO22_2)
                                                          0.04       1.20 f
  core_i/ex_stage_i/alu_i/add_168/U1_19/CO (SAEDRVT14_ADDF_V2_2)
                                                          0.03       1.23 f
  core_i/ex_stage_i/alu_i/add_168/U1_20/CO (SAEDRVT14_ADDF_V2_2)
                                                          0.03       1.26 f
  core_i/ex_stage_i/alu_i/add_168/U1_21/CO (SAEDRVT14_ADDF_V2_2)
                                                          0.03       1.29 f
  core_i/ex_stage_i/alu_i/add_168/U1_22/CO (SAEDRVT14_ADDF_V2_2)
                                                          0.03       1.33 f
  core_i/ex_stage_i/alu_i/add_168/U1_23/CO (SAEDRVT14_ADDF_V2_2)
                                                          0.03       1.36 f
  core_i/ex_stage_i/alu_i/add_168/U1_24/CO (SAEDRVT14_ADDF_V2_2)
                                                          0.03       1.39 f
  core_i/ex_stage_i/alu_i/add_168/U1_25/CO (SAEDRVT14_ADDF_V2_2)
                                                          0.03       1.42 f
  core_i/ex_stage_i/alu_i/add_168/U1_26/CO (SAEDRVT14_ADDF_V2_2)
                                                          0.03       1.45 f
  core_i/ex_stage_i/alu_i/add_168/U1/X (SAEDRVT14_AO22_2)
                                                          0.04       1.49 f
  core_i/ex_stage_i/alu_i/add_168/U1_28/CO (SAEDRVT14_ADDF_V2_2)
                                                          0.03       1.53 f
  core_i/ex_stage_i/alu_i/add_168/U1_29/CO (SAEDRVT14_ADDF_V2_2)
                                                          0.03       1.56 f
  core_i/ex_stage_i/alu_i/add_168/U1_30/CO (SAEDRVT14_ADDF_V2_2)
                                                          0.03       1.59 f
  core_i/ex_stage_i/alu_i/add_168/U1_31/CO (SAEDRVT14_ADDF_V2_2)
                                                          0.03       1.62 f
  core_i/ex_stage_i/alu_i/add_168/U1_32/CO (SAEDRVT14_ADDF_V2_2)
                                                          0.03       1.65 f
  core_i/ex_stage_i/alu_i/add_168/U1_33/CO (SAEDRVT14_ADDF_V2_2)
                                                          0.03       1.68 f
  core_i/ex_stage_i/alu_i/add_168/U1_34/CO (SAEDRVT14_ADDF_V2_2)
                                                          0.03       1.72 f
  core_i/ex_stage_i/alu_i/add_168/U1_35/S (SAEDRVT14_ADDF_V2_2)
                                                          0.04       1.76 r
  core_i/ex_stage_i/alu_i/add_168/SUM[35] (cv32e40p_alu_DW01_add_2)
                                                          0.00       1.76 r
  core_i/ex_stage_i/alu_i/add_186/A[31] (cv32e40p_alu_DW01_add_1)
                                                          0.00       1.76 r
  core_i/ex_stage_i/alu_i/add_186/U2/X (SAEDRVT14_EO2_2)
                                                          0.04       1.80 r
  core_i/ex_stage_i/alu_i/add_186/SUM[31] (cv32e40p_alu_DW01_add_1)
                                                          0.00       1.80 r
  core_i/ex_stage_i/alu_i/U2623/X (SAEDRVT14_AOI222_2)
                                                          0.05       1.84 f
  core_i/ex_stage_i/alu_i/U42/X (SAEDRVT14_OR2_2)         0.04       1.89 f
  core_i/ex_stage_i/alu_i/U2612/X (SAEDRVT14_AN2_MM_2)
                                                          0.06       1.95 f
  core_i/ex_stage_i/alu_i/U2611/X (SAEDRVT14_INV_S_2)     0.06       2.01 r
  core_i/ex_stage_i/alu_i/U2453/X (SAEDRVT14_OA21_MM_2)
                                                          0.06       2.06 r
  core_i/ex_stage_i/alu_i/U2452/X (SAEDRVT14_INV_S_2)     0.02       2.09 f
  core_i/ex_stage_i/alu_i/U2448/X (SAEDRVT14_AO22_2)      0.04       2.12 f
  core_i/ex_stage_i/alu_i/U2440/X (SAEDRVT14_OR2_2)       0.02       2.15 f
  core_i/ex_stage_i/alu_i/U2439/X (SAEDRVT14_INV_S_2)     0.02       2.17 r
  core_i/ex_stage_i/alu_i/U2438/X (SAEDRVT14_OAI22_3)     0.04       2.20 f
  core_i/ex_stage_i/alu_i/U2437/X (SAEDRVT14_OR2_2)       0.03       2.24 f
  core_i/ex_stage_i/alu_i/U2420/X (SAEDRVT14_OAI22_3)     0.03       2.27 r
  core_i/ex_stage_i/alu_i/U2419/X (SAEDRVT14_OA21_MM_2)
                                                          0.03       2.30 r
  core_i/ex_stage_i/alu_i/U2383/X (SAEDRVT14_OR2_2)       0.02       2.32 r
  core_i/ex_stage_i/alu_i/U1342/X (SAEDRVT14_MUXI2_2)     0.04       2.36 f
  core_i/ex_stage_i/alu_i/U425/X (SAEDRVT14_INV_S_2)      0.02       2.38 r
  core_i/ex_stage_i/alu_i/U132/X (SAEDRVT14_AO22_2)       0.03       2.41 r
  core_i/ex_stage_i/alu_i/U134/X (SAEDRVT14_OA21_MM_2)
                                                          0.02       2.43 r
  core_i/ex_stage_i/alu_i/U138/X (SAEDRVT14_OA21_MM_2)
                                                          0.02       2.46 r
  core_i/ex_stage_i/alu_i/U146/X (SAEDRVT14_OA21_MM_2)
                                                          0.02       2.48 r
  core_i/ex_stage_i/alu_i/U147/X (SAEDRVT14_OR2_2)        0.02       2.50 r
  core_i/ex_stage_i/alu_i/U1344/X (SAEDRVT14_ND3_2)       0.04       2.54 f
  core_i/ex_stage_i/alu_i/U1343/X (SAEDRVT14_INV_S_2)     0.04       2.58 r
  core_i/ex_stage_i/alu_i/U761/X (SAEDRVT14_MUXI2_2)      0.06       2.64 f
  core_i/ex_stage_i/alu_i/U755/X (SAEDRVT14_AN4_2)        0.03       2.66 f
  core_i/ex_stage_i/alu_i/U737/X (SAEDRVT14_ND2_CDC_4)
                                                          0.03       2.70 r
  core_i/ex_stage_i/alu_i/result_o[1] (cv32e40p_alu_test_1)
                                                          0.00       2.70 r
  core_i/ex_stage_i/U71/X (SAEDRVT14_AOI222_2)            0.05       2.75 f
  core_i/ex_stage_i/U70/X (SAEDRVT14_INV_S_2)             0.02       2.77 r
  core_i/ex_stage_i/regfile_alu_wdata_fw_o[1] (cv32e40p_ex_stage_COREV_PULP0_FPU0_APU_NARGS_CPU3_APU_WOP_CPU6_APU_NDSFLAGS_CPU15_APU_NUSFLAGS_CPU5_test_1)
                                                          0.00       2.77 r
  core_i/id_stage_i/regfile_alu_wdata_fw_i[1] (cv32e40p_id_stage_COREV_PULP0_COREV_CLUSTER0_N_HWLP2_PULP_SECURE0_USE_PMP0_A_EXTENSION0_APU0_FPU0_FPU_ADDMUL_LAT0_FPU_OTHERS_LAT0_ZFINX0_APU_NARGS_CPU3_APU_WOP_CPU6_APU_NDSFLAGS_CPU15_APU_NUSFLAGS_CPU5_DEBUG_TRIGGER_EN1_test_1)
                                                          0.00       2.77 r
  core_i/id_stage_i/U1539/X (SAEDRVT14_AOI222_2)          0.06       2.82 f
  core_i/id_stage_i/U1538/X (SAEDRVT14_INV_S_2)           0.02       2.84 r
  core_i/id_stage_i/U1537/X (SAEDRVT14_AOI222_2)          0.06       2.90 f
  core_i/id_stage_i/U1536/X (SAEDRVT14_ND2_CDC_4)         0.03       2.92 r
  core_i/id_stage_i/U1466/X (SAEDRVT14_AOI222_2)          0.05       2.98 f
  core_i/id_stage_i/U1732/X (SAEDRVT14_INV_S_2)           0.01       2.99 r
  core_i/id_stage_i/alu_operand_a_ex_o_reg[1]/D (SAEDRVT14_FSDPRBQ_V2LP_2)
                                                          0.00       3.00 r
  data arrival time                                                  3.00

  clock scan_clk (rise edge)                            100.00     100.00
  clock network delay (ideal)                             0.00     100.00
  clock uncertainty                                     -10.00      90.00
  core_i/id_stage_i/alu_operand_a_ex_o_reg[1]/CK (SAEDRVT14_FSDPRBQ_V2LP_2)
                                                          0.00      90.00 r
  library setup time                                     -0.04      89.96
  data required time                                                89.96
  --------------------------------------------------------------------------
  data required time                                                89.96
  data arrival time                                                 -3.00
  --------------------------------------------------------------------------
  slack (MET)                                                       86.96


  Startpoint: core_i/id_stage_i/alu_operator_ex_o_reg[5]
              (rising edge-triggered flip-flop clocked by scan_clk)
  Endpoint: core_i/id_stage_i/alu_operand_a_ex_o_reg[4]
            (rising edge-triggered flip-flop clocked by scan_clk)
  Path Group: scan_clk
  Path Type: max

  Des/Clust/Port     Wire Load Model       Library
  ------------------------------------------------
  cv32e40p_top       35000                 saed14rvt_ss0p6v125c

  Point                                                   Incr       Path
  --------------------------------------------------------------------------
  clock scan_clk (rise edge)                              0.00       0.00
  clock network delay (ideal)                             0.00       0.00
  core_i/id_stage_i/alu_operator_ex_o_reg[5]/CK (SAEDRVT14_FSDPRBQ_V2LP_2)
                                                          0.00 #     0.00 r
  core_i/id_stage_i/alu_operator_ex_o_reg[5]/Q (SAEDRVT14_FSDPRBQ_V2LP_2)
                                                          0.05       0.05 r
  core_i/id_stage_i/alu_operator_ex_o[5] (cv32e40p_id_stage_COREV_PULP0_COREV_CLUSTER0_N_HWLP2_PULP_SECURE0_USE_PMP0_A_EXTENSION0_APU0_FPU0_FPU_ADDMUL_LAT0_FPU_OTHERS_LAT0_ZFINX0_APU_NARGS_CPU3_APU_WOP_CPU6_APU_NDSFLAGS_CPU15_APU_NUSFLAGS_CPU5_DEBUG_TRIGGER_EN1_test_1)
                                                          0.00       0.05 r
  core_i/ex_stage_i/alu_operator_i[5] (cv32e40p_ex_stage_COREV_PULP0_FPU0_APU_NARGS_CPU3_APU_WOP_CPU6_APU_NDSFLAGS_CPU15_APU_NUSFLAGS_CPU5_test_1)
                                                          0.00       0.05 r
  core_i/ex_stage_i/alu_i/operator_i[5] (cv32e40p_alu_test_1)
                                                          0.00       0.05 r
  core_i/ex_stage_i/alu_i/U2936/X (SAEDRVT14_OR2_2)       0.03       0.07 r
  core_i/ex_stage_i/alu_i/U2935/X (SAEDRVT14_INV_S_2)     0.02       0.10 f
  core_i/ex_stage_i/alu_i/U2933/X (SAEDRVT14_ND3_2)       0.03       0.13 r
  core_i/ex_stage_i/alu_i/U69/X (SAEDRVT14_BUF_S_2)       0.03       0.16 r
  core_i/ex_stage_i/alu_i/U2932/X (SAEDRVT14_INV_S_2)     0.06       0.22 f
  core_i/ex_stage_i/alu_i/U2931/X (SAEDRVT14_AOI21_V1_4)
                                                          0.12       0.34 r
  core_i/ex_stage_i/alu_i/U67/X (SAEDRVT14_BUF_S_2)       0.05       0.39 r
  core_i/ex_stage_i/alu_i/U1506/X (SAEDRVT14_NR2_4)       0.09       0.48 f
  core_i/ex_stage_i/alu_i/U68/X (SAEDRVT14_BUF_S_2)       0.03       0.51 f
  core_i/ex_stage_i/alu_i/U1430/X (SAEDRVT14_MUXI2_2)     0.04       0.55 r
  core_i/ex_stage_i/alu_i/U1429/X (SAEDRVT14_OAI21_V1_4)
                                                          0.03       0.58 f
  core_i/ex_stage_i/alu_i/add_168/B[1] (cv32e40p_alu_DW01_add_2)
                                                          0.00       0.58 f
  core_i/ex_stage_i/alu_i/add_168/U1_1/CO (SAEDRVT14_ADDF_V2_2)
                                                          0.06       0.64 f
  core_i/ex_stage_i/alu_i/add_168/U1_2/CO (SAEDRVT14_ADDF_V2_2)
                                                          0.03       0.67 f
  core_i/ex_stage_i/alu_i/add_168/U1_3/CO (SAEDRVT14_ADDF_V2_2)
                                                          0.03       0.70 f
  core_i/ex_stage_i/alu_i/add_168/U1_4/CO (SAEDRVT14_ADDF_V2_2)
                                                          0.03       0.74 f
  core_i/ex_stage_i/alu_i/add_168/U1_5/CO (SAEDRVT14_ADDF_V2_2)
                                                          0.03       0.77 f
  core_i/ex_stage_i/alu_i/add_168/U1_6/CO (SAEDRVT14_ADDF_V2_2)
                                                          0.03       0.80 f
  core_i/ex_stage_i/alu_i/add_168/U1_7/CO (SAEDRVT14_ADDF_V2_2)
                                                          0.03       0.83 f
  core_i/ex_stage_i/alu_i/add_168/U1_8/CO (SAEDRVT14_ADDF_V2_2)
                                                          0.03       0.86 f
  core_i/ex_stage_i/alu_i/add_168/U4/X (SAEDRVT14_AO22_2)
                                                          0.04       0.90 f
  core_i/ex_stage_i/alu_i/add_168/U1_10/CO (SAEDRVT14_ADDF_V2_2)
                                                          0.03       0.94 f
  core_i/ex_stage_i/alu_i/add_168/U1_11/CO (SAEDRVT14_ADDF_V2_2)
                                                          0.03       0.97 f
  core_i/ex_stage_i/alu_i/add_168/U1_12/CO (SAEDRVT14_ADDF_V2_2)
                                                          0.03       1.00 f
  core_i/ex_stage_i/alu_i/add_168/U1_13/CO (SAEDRVT14_ADDF_V2_2)
                                                          0.03       1.03 f
  core_i/ex_stage_i/alu_i/add_168/U1_14/CO (SAEDRVT14_ADDF_V2_2)
                                                          0.03       1.06 f
  core_i/ex_stage_i/alu_i/add_168/U1_15/CO (SAEDRVT14_ADDF_V2_2)
                                                          0.03       1.09 f
  core_i/ex_stage_i/alu_i/add_168/U1_16/CO (SAEDRVT14_ADDF_V2_2)
                                                          0.03       1.13 f
  core_i/ex_stage_i/alu_i/add_168/U1_17/CO (SAEDRVT14_ADDF_V2_2)
                                                          0.03       1.16 f
  core_i/ex_stage_i/alu_i/add_168/U2/X (SAEDRVT14_AO22_2)
                                                          0.04       1.20 f
  core_i/ex_stage_i/alu_i/add_168/U1_19/CO (SAEDRVT14_ADDF_V2_2)
                                                          0.03       1.23 f
  core_i/ex_stage_i/alu_i/add_168/U1_20/CO (SAEDRVT14_ADDF_V2_2)
                                                          0.03       1.26 f
  core_i/ex_stage_i/alu_i/add_168/U1_21/CO (SAEDRVT14_ADDF_V2_2)
                                                          0.03       1.29 f
  core_i/ex_stage_i/alu_i/add_168/U1_22/CO (SAEDRVT14_ADDF_V2_2)
                                                          0.03       1.33 f
  core_i/ex_stage_i/alu_i/add_168/U1_23/CO (SAEDRVT14_ADDF_V2_2)
                                                          0.03       1.36 f
  core_i/ex_stage_i/alu_i/add_168/U1_24/CO (SAEDRVT14_ADDF_V2_2)
                                                          0.03       1.39 f
  core_i/ex_stage_i/alu_i/add_168/U1_25/CO (SAEDRVT14_ADDF_V2_2)
                                                          0.03       1.42 f
  core_i/ex_stage_i/alu_i/add_168/U1_26/CO (SAEDRVT14_ADDF_V2_2)
                                                          0.03       1.45 f
  core_i/ex_stage_i/alu_i/add_168/U1/X (SAEDRVT14_AO22_2)
                                                          0.04       1.49 f
  core_i/ex_stage_i/alu_i/add_168/U1_28/CO (SAEDRVT14_ADDF_V2_2)
                                                          0.03       1.53 f
  core_i/ex_stage_i/alu_i/add_168/U1_29/CO (SAEDRVT14_ADDF_V2_2)
                                                          0.03       1.56 f
  core_i/ex_stage_i/alu_i/add_168/U1_30/CO (SAEDRVT14_ADDF_V2_2)
                                                          0.03       1.59 f
  core_i/ex_stage_i/alu_i/add_168/U1_31/CO (SAEDRVT14_ADDF_V2_2)
                                                          0.03       1.62 f
  core_i/ex_stage_i/alu_i/add_168/U1_32/CO (SAEDRVT14_ADDF_V2_2)
                                                          0.03       1.65 f
  core_i/ex_stage_i/alu_i/add_168/U1_33/CO (SAEDRVT14_ADDF_V2_2)
                                                          0.03       1.68 f
  core_i/ex_stage_i/alu_i/add_168/U1_34/CO (SAEDRVT14_ADDF_V2_2)
                                                          0.03       1.72 f
  core_i/ex_stage_i/alu_i/add_168/U1_35/S (SAEDRVT14_ADDF_V2_2)
                                                          0.04       1.76 r
  core_i/ex_stage_i/alu_i/add_168/SUM[35] (cv32e40p_alu_DW01_add_2)
                                                          0.00       1.76 r
  core_i/ex_stage_i/alu_i/add_186/A[31] (cv32e40p_alu_DW01_add_1)
                                                          0.00       1.76 r
  core_i/ex_stage_i/alu_i/add_186/U2/X (SAEDRVT14_EO2_2)
                                                          0.04       1.80 r
  core_i/ex_stage_i/alu_i/add_186/SUM[31] (cv32e40p_alu_DW01_add_1)
                                                          0.00       1.80 r
  core_i/ex_stage_i/alu_i/U2623/X (SAEDRVT14_AOI222_2)
                                                          0.05       1.84 f
  core_i/ex_stage_i/alu_i/U42/X (SAEDRVT14_OR2_2)         0.04       1.89 f
  core_i/ex_stage_i/alu_i/U2612/X (SAEDRVT14_AN2_MM_2)
                                                          0.06       1.95 f
  core_i/ex_stage_i/alu_i/U2611/X (SAEDRVT14_INV_S_2)     0.06       2.01 r
  core_i/ex_stage_i/alu_i/U2453/X (SAEDRVT14_OA21_MM_2)
                                                          0.06       2.06 r
  core_i/ex_stage_i/alu_i/U2452/X (SAEDRVT14_INV_S_2)     0.02       2.09 f
  core_i/ex_stage_i/alu_i/U2448/X (SAEDRVT14_AO22_2)      0.04       2.12 f
  core_i/ex_stage_i/alu_i/U2440/X (SAEDRVT14_OR2_2)       0.02       2.15 f
  core_i/ex_stage_i/alu_i/U2439/X (SAEDRVT14_INV_S_2)     0.02       2.17 r
  core_i/ex_stage_i/alu_i/U2438/X (SAEDRVT14_OAI22_3)     0.04       2.20 f
  core_i/ex_stage_i/alu_i/U2437/X (SAEDRVT14_OR2_2)       0.03       2.24 f
  core_i/ex_stage_i/alu_i/U2420/X (SAEDRVT14_OAI22_3)     0.03       2.27 r
  core_i/ex_stage_i/alu_i/U2419/X (SAEDRVT14_OA21_MM_2)
                                                          0.03       2.30 r
  core_i/ex_stage_i/alu_i/U2383/X (SAEDRVT14_OR2_2)       0.02       2.32 r
  core_i/ex_stage_i/alu_i/U1342/X (SAEDRVT14_MUXI2_2)     0.04       2.36 f
  core_i/ex_stage_i/alu_i/U425/X (SAEDRVT14_INV_S_2)      0.02       2.38 r
  core_i/ex_stage_i/alu_i/U132/X (SAEDRVT14_AO22_2)       0.03       2.41 r
  core_i/ex_stage_i/alu_i/U134/X (SAEDRVT14_OA21_MM_2)
                                                          0.02       2.43 r
  core_i/ex_stage_i/alu_i/U138/X (SAEDRVT14_OA21_MM_2)
                                                          0.02       2.46 r
  core_i/ex_stage_i/alu_i/U146/X (SAEDRVT14_OA21_MM_2)
                                                          0.02       2.48 r
  core_i/ex_stage_i/alu_i/U147/X (SAEDRVT14_OR2_2)        0.02       2.50 r
  core_i/ex_stage_i/alu_i/U1344/X (SAEDRVT14_ND3_2)       0.04       2.54 f
  core_i/ex_stage_i/alu_i/U1343/X (SAEDRVT14_INV_S_2)     0.04       2.58 r
  core_i/ex_stage_i/alu_i/U351/X (SAEDRVT14_MUXI2_2)      0.06       2.64 f
  core_i/ex_stage_i/alu_i/U347/X (SAEDRVT14_AN4_2)        0.03       2.66 f
  core_i/ex_stage_i/alu_i/U328/X (SAEDRVT14_ND2_CDC_4)
                                                          0.03       2.70 r
  core_i/ex_stage_i/alu_i/result_o[4] (cv32e40p_alu_test_1)
                                                          0.00       2.70 r
  core_i/ex_stage_i/U41/X (SAEDRVT14_AOI222_2)            0.05       2.75 f
  core_i/ex_stage_i/U40/X (SAEDRVT14_INV_S_2)             0.02       2.77 r
  core_i/ex_stage_i/regfile_alu_wdata_fw_o[4] (cv32e40p_ex_stage_COREV_PULP0_FPU0_APU_NARGS_CPU3_APU_WOP_CPU6_APU_NDSFLAGS_CPU15_APU_NUSFLAGS_CPU5_test_1)
                                                          0.00       2.77 r
  core_i/id_stage_i/regfile_alu_wdata_fw_i[4] (cv32e40p_id_stage_COREV_PULP0_COREV_CLUSTER0_N_HWLP2_PULP_SECURE0_USE_PMP0_A_EXTENSION0_APU0_FPU0_FPU_ADDMUL_LAT0_FPU_OTHERS_LAT0_ZFINX0_APU_NARGS_CPU3_APU_WOP_CPU6_APU_NDSFLAGS_CPU15_APU_NUSFLAGS_CPU5_DEBUG_TRIGGER_EN1_test_1)
                                                          0.00       2.77 r
  core_i/id_stage_i/U1527/X (SAEDRVT14_AOI222_2)          0.06       2.82 f
  core_i/id_stage_i/U1526/X (SAEDRVT14_INV_S_2)           0.02       2.84 r
  core_i/id_stage_i/U1525/X (SAEDRVT14_AOI222_2)          0.06       2.90 f
  core_i/id_stage_i/U1524/X (SAEDRVT14_ND2_CDC_4)         0.03       2.92 r
  core_i/id_stage_i/U1463/X (SAEDRVT14_AOI222_2)          0.05       2.98 f
  core_i/id_stage_i/U1688/X (SAEDRVT14_INV_S_2)           0.01       2.99 r
  core_i/id_stage_i/alu_operand_a_ex_o_reg[4]/D (SAEDRVT14_FSDPRBQ_V2LP_2)
                                                          0.00       3.00 r
  data arrival time                                                  3.00

  clock scan_clk (rise edge)                            100.00     100.00
  clock network delay (ideal)                             0.00     100.00
  clock uncertainty                                     -10.00      90.00
  core_i/id_stage_i/alu_operand_a_ex_o_reg[4]/CK (SAEDRVT14_FSDPRBQ_V2LP_2)
                                                          0.00      90.00 r
  library setup time                                     -0.04      89.96
  data required time                                                89.96
  --------------------------------------------------------------------------
  data required time                                                89.96
  data arrival time                                                 -3.00
  --------------------------------------------------------------------------
  slack (MET)                                                       86.96


  Startpoint: core_i/id_stage_i/alu_operator_ex_o_reg[5]
              (rising edge-triggered flip-flop clocked by scan_clk)
  Endpoint: core_i/id_stage_i/alu_operand_a_ex_o_reg[3]
            (rising edge-triggered flip-flop clocked by scan_clk)
  Path Group: scan_clk
  Path Type: max

  Des/Clust/Port     Wire Load Model       Library
  ------------------------------------------------
  cv32e40p_top       35000                 saed14rvt_ss0p6v125c

  Point                                                   Incr       Path
  --------------------------------------------------------------------------
  clock scan_clk (rise edge)                              0.00       0.00
  clock network delay (ideal)                             0.00       0.00
  core_i/id_stage_i/alu_operator_ex_o_reg[5]/CK (SAEDRVT14_FSDPRBQ_V2LP_2)
                                                          0.00 #     0.00 r
  core_i/id_stage_i/alu_operator_ex_o_reg[5]/Q (SAEDRVT14_FSDPRBQ_V2LP_2)
                                                          0.05       0.05 r
  core_i/id_stage_i/alu_operator_ex_o[5] (cv32e40p_id_stage_COREV_PULP0_COREV_CLUSTER0_N_HWLP2_PULP_SECURE0_USE_PMP0_A_EXTENSION0_APU0_FPU0_FPU_ADDMUL_LAT0_FPU_OTHERS_LAT0_ZFINX0_APU_NARGS_CPU3_APU_WOP_CPU6_APU_NDSFLAGS_CPU15_APU_NUSFLAGS_CPU5_DEBUG_TRIGGER_EN1_test_1)
                                                          0.00       0.05 r
  core_i/ex_stage_i/alu_operator_i[5] (cv32e40p_ex_stage_COREV_PULP0_FPU0_APU_NARGS_CPU3_APU_WOP_CPU6_APU_NDSFLAGS_CPU15_APU_NUSFLAGS_CPU5_test_1)
                                                          0.00       0.05 r
  core_i/ex_stage_i/alu_i/operator_i[5] (cv32e40p_alu_test_1)
                                                          0.00       0.05 r
  core_i/ex_stage_i/alu_i/U2936/X (SAEDRVT14_OR2_2)       0.03       0.07 r
  core_i/ex_stage_i/alu_i/U2935/X (SAEDRVT14_INV_S_2)     0.02       0.10 f
  core_i/ex_stage_i/alu_i/U2933/X (SAEDRVT14_ND3_2)       0.03       0.13 r
  core_i/ex_stage_i/alu_i/U69/X (SAEDRVT14_BUF_S_2)       0.03       0.16 r
  core_i/ex_stage_i/alu_i/U2932/X (SAEDRVT14_INV_S_2)     0.06       0.22 f
  core_i/ex_stage_i/alu_i/U2931/X (SAEDRVT14_AOI21_V1_4)
                                                          0.12       0.34 r
  core_i/ex_stage_i/alu_i/U67/X (SAEDRVT14_BUF_S_2)       0.05       0.39 r
  core_i/ex_stage_i/alu_i/U1506/X (SAEDRVT14_NR2_4)       0.09       0.48 f
  core_i/ex_stage_i/alu_i/U68/X (SAEDRVT14_BUF_S_2)       0.03       0.51 f
  core_i/ex_stage_i/alu_i/U1430/X (SAEDRVT14_MUXI2_2)     0.04       0.55 r
  core_i/ex_stage_i/alu_i/U1429/X (SAEDRVT14_OAI21_V1_4)
                                                          0.03       0.58 f
  core_i/ex_stage_i/alu_i/add_168/B[1] (cv32e40p_alu_DW01_add_2)
                                                          0.00       0.58 f
  core_i/ex_stage_i/alu_i/add_168/U1_1/CO (SAEDRVT14_ADDF_V2_2)
                                                          0.06       0.64 f
  core_i/ex_stage_i/alu_i/add_168/U1_2/CO (SAEDRVT14_ADDF_V2_2)
                                                          0.03       0.67 f
  core_i/ex_stage_i/alu_i/add_168/U1_3/CO (SAEDRVT14_ADDF_V2_2)
                                                          0.03       0.70 f
  core_i/ex_stage_i/alu_i/add_168/U1_4/CO (SAEDRVT14_ADDF_V2_2)
                                                          0.03       0.74 f
  core_i/ex_stage_i/alu_i/add_168/U1_5/CO (SAEDRVT14_ADDF_V2_2)
                                                          0.03       0.77 f
  core_i/ex_stage_i/alu_i/add_168/U1_6/CO (SAEDRVT14_ADDF_V2_2)
                                                          0.03       0.80 f
  core_i/ex_stage_i/alu_i/add_168/U1_7/CO (SAEDRVT14_ADDF_V2_2)
                                                          0.03       0.83 f
  core_i/ex_stage_i/alu_i/add_168/U1_8/CO (SAEDRVT14_ADDF_V2_2)
                                                          0.03       0.86 f
  core_i/ex_stage_i/alu_i/add_168/U4/X (SAEDRVT14_AO22_2)
                                                          0.04       0.90 f
  core_i/ex_stage_i/alu_i/add_168/U1_10/CO (SAEDRVT14_ADDF_V2_2)
                                                          0.03       0.94 f
  core_i/ex_stage_i/alu_i/add_168/U1_11/CO (SAEDRVT14_ADDF_V2_2)
                                                          0.03       0.97 f
  core_i/ex_stage_i/alu_i/add_168/U1_12/CO (SAEDRVT14_ADDF_V2_2)
                                                          0.03       1.00 f
  core_i/ex_stage_i/alu_i/add_168/U1_13/CO (SAEDRVT14_ADDF_V2_2)
                                                          0.03       1.03 f
  core_i/ex_stage_i/alu_i/add_168/U1_14/CO (SAEDRVT14_ADDF_V2_2)
                                                          0.03       1.06 f
  core_i/ex_stage_i/alu_i/add_168/U1_15/CO (SAEDRVT14_ADDF_V2_2)
                                                          0.03       1.09 f
  core_i/ex_stage_i/alu_i/add_168/U1_16/CO (SAEDRVT14_ADDF_V2_2)
                                                          0.03       1.13 f
  core_i/ex_stage_i/alu_i/add_168/U1_17/CO (SAEDRVT14_ADDF_V2_2)
                                                          0.03       1.16 f
  core_i/ex_stage_i/alu_i/add_168/U2/X (SAEDRVT14_AO22_2)
                                                          0.04       1.20 f
  core_i/ex_stage_i/alu_i/add_168/U1_19/CO (SAEDRVT14_ADDF_V2_2)
                                                          0.03       1.23 f
  core_i/ex_stage_i/alu_i/add_168/U1_20/CO (SAEDRVT14_ADDF_V2_2)
                                                          0.03       1.26 f
  core_i/ex_stage_i/alu_i/add_168/U1_21/CO (SAEDRVT14_ADDF_V2_2)
                                                          0.03       1.29 f
  core_i/ex_stage_i/alu_i/add_168/U1_22/CO (SAEDRVT14_ADDF_V2_2)
                                                          0.03       1.33 f
  core_i/ex_stage_i/alu_i/add_168/U1_23/CO (SAEDRVT14_ADDF_V2_2)
                                                          0.03       1.36 f
  core_i/ex_stage_i/alu_i/add_168/U1_24/CO (SAEDRVT14_ADDF_V2_2)
                                                          0.03       1.39 f
  core_i/ex_stage_i/alu_i/add_168/U1_25/CO (SAEDRVT14_ADDF_V2_2)
                                                          0.03       1.42 f
  core_i/ex_stage_i/alu_i/add_168/U1_26/CO (SAEDRVT14_ADDF_V2_2)
                                                          0.03       1.45 f
  core_i/ex_stage_i/alu_i/add_168/U1/X (SAEDRVT14_AO22_2)
                                                          0.04       1.49 f
  core_i/ex_stage_i/alu_i/add_168/U1_28/CO (SAEDRVT14_ADDF_V2_2)
                                                          0.03       1.53 f
  core_i/ex_stage_i/alu_i/add_168/U1_29/CO (SAEDRVT14_ADDF_V2_2)
                                                          0.03       1.56 f
  core_i/ex_stage_i/alu_i/add_168/U1_30/CO (SAEDRVT14_ADDF_V2_2)
                                                          0.03       1.59 f
  core_i/ex_stage_i/alu_i/add_168/U1_31/CO (SAEDRVT14_ADDF_V2_2)
                                                          0.03       1.62 f
  core_i/ex_stage_i/alu_i/add_168/U1_32/CO (SAEDRVT14_ADDF_V2_2)
                                                          0.03       1.65 f
  core_i/ex_stage_i/alu_i/add_168/U1_33/CO (SAEDRVT14_ADDF_V2_2)
                                                          0.03       1.68 f
  core_i/ex_stage_i/alu_i/add_168/U1_34/CO (SAEDRVT14_ADDF_V2_2)
                                                          0.03       1.72 f
  core_i/ex_stage_i/alu_i/add_168/U1_35/S (SAEDRVT14_ADDF_V2_2)
                                                          0.04       1.76 r
  core_i/ex_stage_i/alu_i/add_168/SUM[35] (cv32e40p_alu_DW01_add_2)
                                                          0.00       1.76 r
  core_i/ex_stage_i/alu_i/add_186/A[31] (cv32e40p_alu_DW01_add_1)
                                                          0.00       1.76 r
  core_i/ex_stage_i/alu_i/add_186/U2/X (SAEDRVT14_EO2_2)
                                                          0.04       1.80 r
  core_i/ex_stage_i/alu_i/add_186/SUM[31] (cv32e40p_alu_DW01_add_1)
                                                          0.00       1.80 r
  core_i/ex_stage_i/alu_i/U2623/X (SAEDRVT14_AOI222_2)
                                                          0.05       1.84 f
  core_i/ex_stage_i/alu_i/U42/X (SAEDRVT14_OR2_2)         0.04       1.89 f
  core_i/ex_stage_i/alu_i/U2612/X (SAEDRVT14_AN2_MM_2)
                                                          0.06       1.95 f
  core_i/ex_stage_i/alu_i/U2611/X (SAEDRVT14_INV_S_2)     0.06       2.01 r
  core_i/ex_stage_i/alu_i/U2453/X (SAEDRVT14_OA21_MM_2)
                                                          0.06       2.06 r
  core_i/ex_stage_i/alu_i/U2452/X (SAEDRVT14_INV_S_2)     0.02       2.09 f
  core_i/ex_stage_i/alu_i/U2448/X (SAEDRVT14_AO22_2)      0.04       2.12 f
  core_i/ex_stage_i/alu_i/U2440/X (SAEDRVT14_OR2_2)       0.02       2.15 f
  core_i/ex_stage_i/alu_i/U2439/X (SAEDRVT14_INV_S_2)     0.02       2.17 r
  core_i/ex_stage_i/alu_i/U2438/X (SAEDRVT14_OAI22_3)     0.04       2.20 f
  core_i/ex_stage_i/alu_i/U2437/X (SAEDRVT14_OR2_2)       0.03       2.24 f
  core_i/ex_stage_i/alu_i/U2420/X (SAEDRVT14_OAI22_3)     0.03       2.27 r
  core_i/ex_stage_i/alu_i/U2419/X (SAEDRVT14_OA21_MM_2)
                                                          0.03       2.30 r
  core_i/ex_stage_i/alu_i/U2383/X (SAEDRVT14_OR2_2)       0.02       2.32 r
  core_i/ex_stage_i/alu_i/U1342/X (SAEDRVT14_MUXI2_2)     0.04       2.36 f
  core_i/ex_stage_i/alu_i/U425/X (SAEDRVT14_INV_S_2)      0.02       2.38 r
  core_i/ex_stage_i/alu_i/U132/X (SAEDRVT14_AO22_2)       0.03       2.41 r
  core_i/ex_stage_i/alu_i/U134/X (SAEDRVT14_OA21_MM_2)
                                                          0.02       2.43 r
  core_i/ex_stage_i/alu_i/U138/X (SAEDRVT14_OA21_MM_2)
                                                          0.02       2.46 r
  core_i/ex_stage_i/alu_i/U146/X (SAEDRVT14_OA21_MM_2)
                                                          0.02       2.48 r
  core_i/ex_stage_i/alu_i/U147/X (SAEDRVT14_OR2_2)        0.02       2.50 r
  core_i/ex_stage_i/alu_i/U1344/X (SAEDRVT14_ND3_2)       0.04       2.54 f
  core_i/ex_stage_i/alu_i/U1343/X (SAEDRVT14_INV_S_2)     0.04       2.58 r
  core_i/ex_stage_i/alu_i/U382/X (SAEDRVT14_MUXI2_2)      0.05       2.64 f
  core_i/ex_stage_i/alu_i/U374/X (SAEDRVT14_AN4_2)        0.03       2.66 f
  core_i/ex_stage_i/alu_i/U355/X (SAEDRVT14_ND2_CDC_4)
                                                          0.03       2.69 r
  core_i/ex_stage_i/alu_i/result_o[3] (cv32e40p_alu_test_1)
                                                          0.00       2.69 r
  core_i/ex_stage_i/U43/X (SAEDRVT14_AOI222_2)            0.05       2.74 f
  core_i/ex_stage_i/U42/X (SAEDRVT14_INV_S_2)             0.02       2.76 r
  core_i/ex_stage_i/regfile_alu_wdata_fw_o[3] (cv32e40p_ex_stage_COREV_PULP0_FPU0_APU_NARGS_CPU3_APU_WOP_CPU6_APU_NDSFLAGS_CPU15_APU_NUSFLAGS_CPU5_test_1)
                                                          0.00       2.76 r
  core_i/id_stage_i/regfile_alu_wdata_fw_i[3] (cv32e40p_id_stage_COREV_PULP0_COREV_CLUSTER0_N_HWLP2_PULP_SECURE0_USE_PMP0_A_EXTENSION0_APU0_FPU0_FPU_ADDMUL_LAT0_FPU_OTHERS_LAT0_ZFINX0_APU_NARGS_CPU3_APU_WOP_CPU6_APU_NDSFLAGS_CPU15_APU_NUSFLAGS_CPU5_DEBUG_TRIGGER_EN1_test_1)
                                                          0.00       2.76 r
  core_i/id_stage_i/U1531/X (SAEDRVT14_AOI222_2)          0.06       2.82 f
  core_i/id_stage_i/U1530/X (SAEDRVT14_INV_S_2)           0.02       2.84 r
  core_i/id_stage_i/U1529/X (SAEDRVT14_AOI222_2)          0.06       2.90 f
  core_i/id_stage_i/U1528/X (SAEDRVT14_ND2_CDC_4)         0.03       2.92 r
  core_i/id_stage_i/U1464/X (SAEDRVT14_AOI222_2)          0.05       2.97 f
  core_i/id_stage_i/U1642/X (SAEDRVT14_INV_S_2)           0.01       2.99 r
  core_i/id_stage_i/alu_operand_a_ex_o_reg[3]/D (SAEDRVT14_FSDPRBQ_V2LP_2)
                                                          0.00       2.99 r
  data arrival time                                                  2.99

  clock scan_clk (rise edge)                            100.00     100.00
  clock network delay (ideal)                             0.00     100.00
  clock uncertainty                                     -10.00      90.00
  core_i/id_stage_i/alu_operand_a_ex_o_reg[3]/CK (SAEDRVT14_FSDPRBQ_V2LP_2)
                                                          0.00      90.00 r
  library setup time                                     -0.04      89.96
  data required time                                                89.96
  --------------------------------------------------------------------------
  data required time                                                89.96
  data arrival time                                                 -2.99
  --------------------------------------------------------------------------
  slack (MET)                                                       86.97


  Startpoint: core_i/id_stage_i/alu_operator_ex_o_reg[5]
              (rising edge-triggered flip-flop clocked by scan_clk)
  Endpoint: core_i/id_stage_i/mult_operand_c_ex_o_reg[24]
            (rising edge-triggered flip-flop clocked by scan_clk)
  Path Group: scan_clk
  Path Type: max

  Des/Clust/Port     Wire Load Model       Library
  ------------------------------------------------
  cv32e40p_top       35000                 saed14rvt_ss0p6v125c

  Point                                                   Incr       Path
  --------------------------------------------------------------------------
  clock scan_clk (rise edge)                              0.00       0.00
  clock network delay (ideal)                             0.00       0.00
  core_i/id_stage_i/alu_operator_ex_o_reg[5]/CK (SAEDRVT14_FSDPRBQ_V2LP_2)
                                                          0.00 #     0.00 r
  core_i/id_stage_i/alu_operator_ex_o_reg[5]/Q (SAEDRVT14_FSDPRBQ_V2LP_2)
                                                          0.05       0.05 r
  core_i/id_stage_i/alu_operator_ex_o[5] (cv32e40p_id_stage_COREV_PULP0_COREV_CLUSTER0_N_HWLP2_PULP_SECURE0_USE_PMP0_A_EXTENSION0_APU0_FPU0_FPU_ADDMUL_LAT0_FPU_OTHERS_LAT0_ZFINX0_APU_NARGS_CPU3_APU_WOP_CPU6_APU_NDSFLAGS_CPU15_APU_NUSFLAGS_CPU5_DEBUG_TRIGGER_EN1_test_1)
                                                          0.00       0.05 r
  core_i/ex_stage_i/alu_operator_i[5] (cv32e40p_ex_stage_COREV_PULP0_FPU0_APU_NARGS_CPU3_APU_WOP_CPU6_APU_NDSFLAGS_CPU15_APU_NUSFLAGS_CPU5_test_1)
                                                          0.00       0.05 r
  core_i/ex_stage_i/alu_i/operator_i[5] (cv32e40p_alu_test_1)
                                                          0.00       0.05 r
  core_i/ex_stage_i/alu_i/U2936/X (SAEDRVT14_OR2_2)       0.03       0.07 r
  core_i/ex_stage_i/alu_i/U2935/X (SAEDRVT14_INV_S_2)     0.02       0.10 f
  core_i/ex_stage_i/alu_i/U2933/X (SAEDRVT14_ND3_2)       0.03       0.13 r
  core_i/ex_stage_i/alu_i/U69/X (SAEDRVT14_BUF_S_2)       0.03       0.16 r
  core_i/ex_stage_i/alu_i/U2932/X (SAEDRVT14_INV_S_2)     0.06       0.22 f
  core_i/ex_stage_i/alu_i/U2931/X (SAEDRVT14_AOI21_V1_4)
                                                          0.12       0.34 r
  core_i/ex_stage_i/alu_i/U67/X (SAEDRVT14_BUF_S_2)       0.05       0.39 r
  core_i/ex_stage_i/alu_i/U1506/X (SAEDRVT14_NR2_4)       0.09       0.48 f
  core_i/ex_stage_i/alu_i/U68/X (SAEDRVT14_BUF_S_2)       0.03       0.51 f
  core_i/ex_stage_i/alu_i/U1430/X (SAEDRVT14_MUXI2_2)     0.04       0.55 r
  core_i/ex_stage_i/alu_i/U1429/X (SAEDRVT14_OAI21_V1_4)
                                                          0.03       0.58 f
  core_i/ex_stage_i/alu_i/add_168/B[1] (cv32e40p_alu_DW01_add_2)
                                                          0.00       0.58 f
  core_i/ex_stage_i/alu_i/add_168/U1_1/CO (SAEDRVT14_ADDF_V2_2)
                                                          0.06       0.64 f
  core_i/ex_stage_i/alu_i/add_168/U1_2/CO (SAEDRVT14_ADDF_V2_2)
                                                          0.03       0.67 f
  core_i/ex_stage_i/alu_i/add_168/U1_3/CO (SAEDRVT14_ADDF_V2_2)
                                                          0.03       0.70 f
  core_i/ex_stage_i/alu_i/add_168/U1_4/CO (SAEDRVT14_ADDF_V2_2)
                                                          0.03       0.74 f
  core_i/ex_stage_i/alu_i/add_168/U1_5/CO (SAEDRVT14_ADDF_V2_2)
                                                          0.03       0.77 f
  core_i/ex_stage_i/alu_i/add_168/U1_6/CO (SAEDRVT14_ADDF_V2_2)
                                                          0.03       0.80 f
  core_i/ex_stage_i/alu_i/add_168/U1_7/CO (SAEDRVT14_ADDF_V2_2)
                                                          0.03       0.83 f
  core_i/ex_stage_i/alu_i/add_168/U1_8/CO (SAEDRVT14_ADDF_V2_2)
                                                          0.03       0.86 f
  core_i/ex_stage_i/alu_i/add_168/U4/X (SAEDRVT14_AO22_2)
                                                          0.04       0.90 f
  core_i/ex_stage_i/alu_i/add_168/U1_10/CO (SAEDRVT14_ADDF_V2_2)
                                                          0.03       0.94 f
  core_i/ex_stage_i/alu_i/add_168/U1_11/CO (SAEDRVT14_ADDF_V2_2)
                                                          0.03       0.97 f
  core_i/ex_stage_i/alu_i/add_168/U1_12/CO (SAEDRVT14_ADDF_V2_2)
                                                          0.03       1.00 f
  core_i/ex_stage_i/alu_i/add_168/U1_13/CO (SAEDRVT14_ADDF_V2_2)
                                                          0.03       1.03 f
  core_i/ex_stage_i/alu_i/add_168/U1_14/CO (SAEDRVT14_ADDF_V2_2)
                                                          0.03       1.06 f
  core_i/ex_stage_i/alu_i/add_168/U1_15/CO (SAEDRVT14_ADDF_V2_2)
                                                          0.03       1.09 f
  core_i/ex_stage_i/alu_i/add_168/U1_16/CO (SAEDRVT14_ADDF_V2_2)
                                                          0.03       1.13 f
  core_i/ex_stage_i/alu_i/add_168/U1_17/CO (SAEDRVT14_ADDF_V2_2)
                                                          0.03       1.16 f
  core_i/ex_stage_i/alu_i/add_168/U2/X (SAEDRVT14_AO22_2)
                                                          0.04       1.20 f
  core_i/ex_stage_i/alu_i/add_168/U1_19/CO (SAEDRVT14_ADDF_V2_2)
                                                          0.03       1.23 f
  core_i/ex_stage_i/alu_i/add_168/U1_20/CO (SAEDRVT14_ADDF_V2_2)
                                                          0.03       1.26 f
  core_i/ex_stage_i/alu_i/add_168/U1_21/CO (SAEDRVT14_ADDF_V2_2)
                                                          0.03       1.29 f
  core_i/ex_stage_i/alu_i/add_168/U1_22/CO (SAEDRVT14_ADDF_V2_2)
                                                          0.03       1.33 f
  core_i/ex_stage_i/alu_i/add_168/U1_23/CO (SAEDRVT14_ADDF_V2_2)
                                                          0.03       1.36 f
  core_i/ex_stage_i/alu_i/add_168/U1_24/CO (SAEDRVT14_ADDF_V2_2)
                                                          0.03       1.39 f
  core_i/ex_stage_i/alu_i/add_168/U1_25/CO (SAEDRVT14_ADDF_V2_2)
                                                          0.03       1.42 f
  core_i/ex_stage_i/alu_i/add_168/U1_26/CO (SAEDRVT14_ADDF_V2_2)
                                                          0.03       1.45 f
  core_i/ex_stage_i/alu_i/add_168/U1/X (SAEDRVT14_AO22_2)
                                                          0.04       1.49 f
  core_i/ex_stage_i/alu_i/add_168/U1_28/CO (SAEDRVT14_ADDF_V2_2)
                                                          0.03       1.53 f
  core_i/ex_stage_i/alu_i/add_168/U1_29/CO (SAEDRVT14_ADDF_V2_2)
                                                          0.03       1.56 f
  core_i/ex_stage_i/alu_i/add_168/U1_30/CO (SAEDRVT14_ADDF_V2_2)
                                                          0.03       1.59 f
  core_i/ex_stage_i/alu_i/add_168/U1_31/CO (SAEDRVT14_ADDF_V2_2)
                                                          0.03       1.62 f
  core_i/ex_stage_i/alu_i/add_168/U1_32/CO (SAEDRVT14_ADDF_V2_2)
                                                          0.03       1.65 f
  core_i/ex_stage_i/alu_i/add_168/U1_33/CO (SAEDRVT14_ADDF_V2_2)
                                                          0.03       1.68 f
  core_i/ex_stage_i/alu_i/add_168/U1_34/CO (SAEDRVT14_ADDF_V2_2)
                                                          0.03       1.72 f
  core_i/ex_stage_i/alu_i/add_168/U1_35/S (SAEDRVT14_ADDF_V2_2)
                                                          0.04       1.76 r
  core_i/ex_stage_i/alu_i/add_168/SUM[35] (cv32e40p_alu_DW01_add_2)
                                                          0.00       1.76 r
  core_i/ex_stage_i/alu_i/add_186/A[31] (cv32e40p_alu_DW01_add_1)
                                                          0.00       1.76 r
  core_i/ex_stage_i/alu_i/add_186/U2/X (SAEDRVT14_EO2_2)
                                                          0.04       1.80 r
  core_i/ex_stage_i/alu_i/add_186/SUM[31] (cv32e40p_alu_DW01_add_1)
                                                          0.00       1.80 r
  core_i/ex_stage_i/alu_i/U2623/X (SAEDRVT14_AOI222_2)
                                                          0.05       1.84 f
  core_i/ex_stage_i/alu_i/U42/X (SAEDRVT14_OR2_2)         0.04       1.89 f
  core_i/ex_stage_i/alu_i/U2612/X (SAEDRVT14_AN2_MM_2)
                                                          0.06       1.95 f
  core_i/ex_stage_i/alu_i/U2611/X (SAEDRVT14_INV_S_2)     0.06       2.01 r
  core_i/ex_stage_i/alu_i/U2453/X (SAEDRVT14_OA21_MM_2)
                                                          0.06       2.06 r
  core_i/ex_stage_i/alu_i/U2452/X (SAEDRVT14_INV_S_2)     0.02       2.09 f
  core_i/ex_stage_i/alu_i/U2448/X (SAEDRVT14_AO22_2)      0.04       2.12 f
  core_i/ex_stage_i/alu_i/U2440/X (SAEDRVT14_OR2_2)       0.02       2.15 f
  core_i/ex_stage_i/alu_i/U2439/X (SAEDRVT14_INV_S_2)     0.02       2.17 r
  core_i/ex_stage_i/alu_i/U2438/X (SAEDRVT14_OAI22_3)     0.04       2.20 f
  core_i/ex_stage_i/alu_i/U2437/X (SAEDRVT14_OR2_2)       0.03       2.24 f
  core_i/ex_stage_i/alu_i/U2420/X (SAEDRVT14_OAI22_3)     0.03       2.27 r
  core_i/ex_stage_i/alu_i/U2419/X (SAEDRVT14_OA21_MM_2)
                                                          0.03       2.30 r
  core_i/ex_stage_i/alu_i/U2383/X (SAEDRVT14_OR2_2)       0.02       2.32 r
  core_i/ex_stage_i/alu_i/U1342/X (SAEDRVT14_MUXI2_2)     0.04       2.36 f
  core_i/ex_stage_i/alu_i/U425/X (SAEDRVT14_INV_S_2)      0.02       2.38 r
  core_i/ex_stage_i/alu_i/U132/X (SAEDRVT14_AO22_2)       0.03       2.41 r
  core_i/ex_stage_i/alu_i/U134/X (SAEDRVT14_OA21_MM_2)
                                                          0.02       2.43 r
  core_i/ex_stage_i/alu_i/U138/X (SAEDRVT14_OA21_MM_2)
                                                          0.02       2.46 r
  core_i/ex_stage_i/alu_i/U146/X (SAEDRVT14_OA21_MM_2)
                                                          0.02       2.48 r
  core_i/ex_stage_i/alu_i/U147/X (SAEDRVT14_OR2_2)        0.02       2.50 r
  core_i/ex_stage_i/alu_i/U1344/X (SAEDRVT14_ND3_2)       0.04       2.54 f
  core_i/ex_stage_i/alu_i/U1343/X (SAEDRVT14_INV_S_2)     0.04       2.58 r
  core_i/ex_stage_i/alu_i/U602/X (SAEDRVT14_MUXI2_2)      0.06       2.64 f
  core_i/ex_stage_i/alu_i/U592/X (SAEDRVT14_AN4_2)        0.03       2.66 f
  core_i/ex_stage_i/alu_i/U591/X (SAEDRVT14_AN4_2)        0.03       2.69 f
  core_i/ex_stage_i/alu_i/U590/X (SAEDRVT14_INV_S_2)      0.02       2.70 r
  core_i/ex_stage_i/alu_i/result_o[24] (cv32e40p_alu_test_1)
                                                          0.00       2.70 r
  core_i/ex_stage_i/U61/X (SAEDRVT14_AOI222_2)            0.05       2.75 f
  core_i/ex_stage_i/U60/X (SAEDRVT14_INV_S_2)             0.02       2.77 r
  core_i/ex_stage_i/regfile_alu_wdata_fw_o[24] (cv32e40p_ex_stage_COREV_PULP0_FPU0_APU_NARGS_CPU3_APU_WOP_CPU6_APU_NDSFLAGS_CPU15_APU_NUSFLAGS_CPU5_test_1)
                                                          0.00       2.77 r
  core_i/id_stage_i/regfile_alu_wdata_fw_i[24] (cv32e40p_id_stage_COREV_PULP0_COREV_CLUSTER0_N_HWLP2_PULP_SECURE0_USE_PMP0_A_EXTENSION0_APU0_FPU0_FPU_ADDMUL_LAT0_FPU_OTHERS_LAT0_ZFINX0_APU_NARGS_CPU3_APU_WOP_CPU6_APU_NDSFLAGS_CPU15_APU_NUSFLAGS_CPU5_DEBUG_TRIGGER_EN1_test_1)
                                                          0.00       2.77 r
  core_i/id_stage_i/U1621/X (SAEDRVT14_AOI222_2)          0.05       2.82 f
  core_i/id_stage_i/U1589/X (SAEDRVT14_INV_S_2)           0.02       2.84 r
  core_i/id_stage_i/U1352/X (SAEDRVT14_ND2_MM_2)          0.03       2.87 f
  core_i/id_stage_i/U1354/X (SAEDRVT14_ND2_MM_2)          0.03       2.90 r
  core_i/id_stage_i/U657/X (SAEDRVT14_OR2_2)              0.02       2.92 r
  core_i/id_stage_i/U1556/X (SAEDRVT14_AOI222_2)          0.05       2.97 f
  core_i/id_stage_i/U1588/X (SAEDRVT14_INV_S_2)           0.01       2.99 r
  core_i/id_stage_i/mult_operand_c_ex_o_reg[24]/D (SAEDRVT14_FSDPRBQ_V2LP_2)
                                                          0.00       2.99 r
  data arrival time                                                  2.99

  clock scan_clk (rise edge)                            100.00     100.00
  clock network delay (ideal)                             0.00     100.00
  clock uncertainty                                     -10.00      90.00
  core_i/id_stage_i/mult_operand_c_ex_o_reg[24]/CK (SAEDRVT14_FSDPRBQ_V2LP_2)
                                                          0.00      90.00 r
  library setup time                                     -0.04      89.96
  data required time                                                89.96
  --------------------------------------------------------------------------
  data required time                                                89.96
  data arrival time                                                 -2.99
  --------------------------------------------------------------------------
  slack (MET)                                                       86.97


  Startpoint: core_i/id_stage_i/alu_operator_ex_o_reg[5]
              (rising edge-triggered flip-flop clocked by scan_clk)
  Endpoint: core_i/id_stage_i/mult_operand_c_ex_o_reg[25]
            (rising edge-triggered flip-flop clocked by scan_clk)
  Path Group: scan_clk
  Path Type: max

  Des/Clust/Port     Wire Load Model       Library
  ------------------------------------------------
  cv32e40p_top       35000                 saed14rvt_ss0p6v125c

  Point                                                   Incr       Path
  --------------------------------------------------------------------------
  clock scan_clk (rise edge)                              0.00       0.00
  clock network delay (ideal)                             0.00       0.00
  core_i/id_stage_i/alu_operator_ex_o_reg[5]/CK (SAEDRVT14_FSDPRBQ_V2LP_2)
                                                          0.00 #     0.00 r
  core_i/id_stage_i/alu_operator_ex_o_reg[5]/Q (SAEDRVT14_FSDPRBQ_V2LP_2)
                                                          0.05       0.05 r
  core_i/id_stage_i/alu_operator_ex_o[5] (cv32e40p_id_stage_COREV_PULP0_COREV_CLUSTER0_N_HWLP2_PULP_SECURE0_USE_PMP0_A_EXTENSION0_APU0_FPU0_FPU_ADDMUL_LAT0_FPU_OTHERS_LAT0_ZFINX0_APU_NARGS_CPU3_APU_WOP_CPU6_APU_NDSFLAGS_CPU15_APU_NUSFLAGS_CPU5_DEBUG_TRIGGER_EN1_test_1)
                                                          0.00       0.05 r
  core_i/ex_stage_i/alu_operator_i[5] (cv32e40p_ex_stage_COREV_PULP0_FPU0_APU_NARGS_CPU3_APU_WOP_CPU6_APU_NDSFLAGS_CPU15_APU_NUSFLAGS_CPU5_test_1)
                                                          0.00       0.05 r
  core_i/ex_stage_i/alu_i/operator_i[5] (cv32e40p_alu_test_1)
                                                          0.00       0.05 r
  core_i/ex_stage_i/alu_i/U2936/X (SAEDRVT14_OR2_2)       0.03       0.07 r
  core_i/ex_stage_i/alu_i/U2935/X (SAEDRVT14_INV_S_2)     0.02       0.10 f
  core_i/ex_stage_i/alu_i/U2933/X (SAEDRVT14_ND3_2)       0.03       0.13 r
  core_i/ex_stage_i/alu_i/U69/X (SAEDRVT14_BUF_S_2)       0.03       0.16 r
  core_i/ex_stage_i/alu_i/U2932/X (SAEDRVT14_INV_S_2)     0.06       0.22 f
  core_i/ex_stage_i/alu_i/U2931/X (SAEDRVT14_AOI21_V1_4)
                                                          0.12       0.34 r
  core_i/ex_stage_i/alu_i/U67/X (SAEDRVT14_BUF_S_2)       0.05       0.39 r
  core_i/ex_stage_i/alu_i/U1506/X (SAEDRVT14_NR2_4)       0.09       0.48 f
  core_i/ex_stage_i/alu_i/U68/X (SAEDRVT14_BUF_S_2)       0.03       0.51 f
  core_i/ex_stage_i/alu_i/U1430/X (SAEDRVT14_MUXI2_2)     0.04       0.55 r
  core_i/ex_stage_i/alu_i/U1429/X (SAEDRVT14_OAI21_V1_4)
                                                          0.03       0.58 f
  core_i/ex_stage_i/alu_i/add_168/B[1] (cv32e40p_alu_DW01_add_2)
                                                          0.00       0.58 f
  core_i/ex_stage_i/alu_i/add_168/U1_1/CO (SAEDRVT14_ADDF_V2_2)
                                                          0.06       0.64 f
  core_i/ex_stage_i/alu_i/add_168/U1_2/CO (SAEDRVT14_ADDF_V2_2)
                                                          0.03       0.67 f
  core_i/ex_stage_i/alu_i/add_168/U1_3/CO (SAEDRVT14_ADDF_V2_2)
                                                          0.03       0.70 f
  core_i/ex_stage_i/alu_i/add_168/U1_4/CO (SAEDRVT14_ADDF_V2_2)
                                                          0.03       0.74 f
  core_i/ex_stage_i/alu_i/add_168/U1_5/CO (SAEDRVT14_ADDF_V2_2)
                                                          0.03       0.77 f
  core_i/ex_stage_i/alu_i/add_168/U1_6/CO (SAEDRVT14_ADDF_V2_2)
                                                          0.03       0.80 f
  core_i/ex_stage_i/alu_i/add_168/U1_7/CO (SAEDRVT14_ADDF_V2_2)
                                                          0.03       0.83 f
  core_i/ex_stage_i/alu_i/add_168/U1_8/CO (SAEDRVT14_ADDF_V2_2)
                                                          0.03       0.86 f
  core_i/ex_stage_i/alu_i/add_168/U4/X (SAEDRVT14_AO22_2)
                                                          0.04       0.90 f
  core_i/ex_stage_i/alu_i/add_168/U1_10/CO (SAEDRVT14_ADDF_V2_2)
                                                          0.03       0.94 f
  core_i/ex_stage_i/alu_i/add_168/U1_11/CO (SAEDRVT14_ADDF_V2_2)
                                                          0.03       0.97 f
  core_i/ex_stage_i/alu_i/add_168/U1_12/CO (SAEDRVT14_ADDF_V2_2)
                                                          0.03       1.00 f
  core_i/ex_stage_i/alu_i/add_168/U1_13/CO (SAEDRVT14_ADDF_V2_2)
                                                          0.03       1.03 f
  core_i/ex_stage_i/alu_i/add_168/U1_14/CO (SAEDRVT14_ADDF_V2_2)
                                                          0.03       1.06 f
  core_i/ex_stage_i/alu_i/add_168/U1_15/CO (SAEDRVT14_ADDF_V2_2)
                                                          0.03       1.09 f
  core_i/ex_stage_i/alu_i/add_168/U1_16/CO (SAEDRVT14_ADDF_V2_2)
                                                          0.03       1.13 f
  core_i/ex_stage_i/alu_i/add_168/U1_17/CO (SAEDRVT14_ADDF_V2_2)
                                                          0.03       1.16 f
  core_i/ex_stage_i/alu_i/add_168/U2/X (SAEDRVT14_AO22_2)
                                                          0.04       1.20 f
  core_i/ex_stage_i/alu_i/add_168/U1_19/CO (SAEDRVT14_ADDF_V2_2)
                                                          0.03       1.23 f
  core_i/ex_stage_i/alu_i/add_168/U1_20/CO (SAEDRVT14_ADDF_V2_2)
                                                          0.03       1.26 f
  core_i/ex_stage_i/alu_i/add_168/U1_21/CO (SAEDRVT14_ADDF_V2_2)
                                                          0.03       1.29 f
  core_i/ex_stage_i/alu_i/add_168/U1_22/CO (SAEDRVT14_ADDF_V2_2)
                                                          0.03       1.33 f
  core_i/ex_stage_i/alu_i/add_168/U1_23/CO (SAEDRVT14_ADDF_V2_2)
                                                          0.03       1.36 f
  core_i/ex_stage_i/alu_i/add_168/U1_24/CO (SAEDRVT14_ADDF_V2_2)
                                                          0.03       1.39 f
  core_i/ex_stage_i/alu_i/add_168/U1_25/CO (SAEDRVT14_ADDF_V2_2)
                                                          0.03       1.42 f
  core_i/ex_stage_i/alu_i/add_168/U1_26/CO (SAEDRVT14_ADDF_V2_2)
                                                          0.03       1.45 f
  core_i/ex_stage_i/alu_i/add_168/U1/X (SAEDRVT14_AO22_2)
                                                          0.04       1.49 f
  core_i/ex_stage_i/alu_i/add_168/U1_28/CO (SAEDRVT14_ADDF_V2_2)
                                                          0.03       1.53 f
  core_i/ex_stage_i/alu_i/add_168/U1_29/CO (SAEDRVT14_ADDF_V2_2)
                                                          0.03       1.56 f
  core_i/ex_stage_i/alu_i/add_168/U1_30/CO (SAEDRVT14_ADDF_V2_2)
                                                          0.03       1.59 f
  core_i/ex_stage_i/alu_i/add_168/U1_31/CO (SAEDRVT14_ADDF_V2_2)
                                                          0.03       1.62 f
  core_i/ex_stage_i/alu_i/add_168/U1_32/CO (SAEDRVT14_ADDF_V2_2)
                                                          0.03       1.65 f
  core_i/ex_stage_i/alu_i/add_168/U1_33/CO (SAEDRVT14_ADDF_V2_2)
                                                          0.03       1.68 f
  core_i/ex_stage_i/alu_i/add_168/U1_34/CO (SAEDRVT14_ADDF_V2_2)
                                                          0.03       1.72 f
  core_i/ex_stage_i/alu_i/add_168/U1_35/S (SAEDRVT14_ADDF_V2_2)
                                                          0.04       1.76 r
  core_i/ex_stage_i/alu_i/add_168/SUM[35] (cv32e40p_alu_DW01_add_2)
                                                          0.00       1.76 r
  core_i/ex_stage_i/alu_i/add_186/A[31] (cv32e40p_alu_DW01_add_1)
                                                          0.00       1.76 r
  core_i/ex_stage_i/alu_i/add_186/U2/X (SAEDRVT14_EO2_2)
                                                          0.04       1.80 r
  core_i/ex_stage_i/alu_i/add_186/SUM[31] (cv32e40p_alu_DW01_add_1)
                                                          0.00       1.80 r
  core_i/ex_stage_i/alu_i/U2623/X (SAEDRVT14_AOI222_2)
                                                          0.05       1.84 f
  core_i/ex_stage_i/alu_i/U42/X (SAEDRVT14_OR2_2)         0.04       1.89 f
  core_i/ex_stage_i/alu_i/U2612/X (SAEDRVT14_AN2_MM_2)
                                                          0.06       1.95 f
  core_i/ex_stage_i/alu_i/U2611/X (SAEDRVT14_INV_S_2)     0.06       2.01 r
  core_i/ex_stage_i/alu_i/U2453/X (SAEDRVT14_OA21_MM_2)
                                                          0.06       2.06 r
  core_i/ex_stage_i/alu_i/U2452/X (SAEDRVT14_INV_S_2)     0.02       2.09 f
  core_i/ex_stage_i/alu_i/U2448/X (SAEDRVT14_AO22_2)      0.04       2.12 f
  core_i/ex_stage_i/alu_i/U2440/X (SAEDRVT14_OR2_2)       0.02       2.15 f
  core_i/ex_stage_i/alu_i/U2439/X (SAEDRVT14_INV_S_2)     0.02       2.17 r
  core_i/ex_stage_i/alu_i/U2438/X (SAEDRVT14_OAI22_3)     0.04       2.20 f
  core_i/ex_stage_i/alu_i/U2437/X (SAEDRVT14_OR2_2)       0.03       2.24 f
  core_i/ex_stage_i/alu_i/U2420/X (SAEDRVT14_OAI22_3)     0.03       2.27 r
  core_i/ex_stage_i/alu_i/U2419/X (SAEDRVT14_OA21_MM_2)
                                                          0.03       2.30 r
  core_i/ex_stage_i/alu_i/U2383/X (SAEDRVT14_OR2_2)       0.02       2.32 r
  core_i/ex_stage_i/alu_i/U1342/X (SAEDRVT14_MUXI2_2)     0.04       2.36 f
  core_i/ex_stage_i/alu_i/U425/X (SAEDRVT14_INV_S_2)      0.02       2.38 r
  core_i/ex_stage_i/alu_i/U132/X (SAEDRVT14_AO22_2)       0.03       2.41 r
  core_i/ex_stage_i/alu_i/U134/X (SAEDRVT14_OA21_MM_2)
                                                          0.02       2.43 r
  core_i/ex_stage_i/alu_i/U138/X (SAEDRVT14_OA21_MM_2)
                                                          0.02       2.46 r
  core_i/ex_stage_i/alu_i/U146/X (SAEDRVT14_OA21_MM_2)
                                                          0.02       2.48 r
  core_i/ex_stage_i/alu_i/U147/X (SAEDRVT14_OR2_2)        0.02       2.50 r
  core_i/ex_stage_i/alu_i/U1344/X (SAEDRVT14_ND3_2)       0.04       2.54 f
  core_i/ex_stage_i/alu_i/U1343/X (SAEDRVT14_INV_S_2)     0.04       2.58 r
  core_i/ex_stage_i/alu_i/U572/X (SAEDRVT14_MUXI2_2)      0.06       2.64 f
  core_i/ex_stage_i/alu_i/U567/X (SAEDRVT14_AN4_2)        0.03       2.66 f
  core_i/ex_stage_i/alu_i/U566/X (SAEDRVT14_AN4_2)        0.03       2.69 f
  core_i/ex_stage_i/alu_i/U565/X (SAEDRVT14_INV_S_2)      0.02       2.70 r
  core_i/ex_stage_i/alu_i/result_o[25] (cv32e40p_alu_test_1)
                                                          0.00       2.70 r
  core_i/ex_stage_i/U59/X (SAEDRVT14_AOI222_2)            0.05       2.75 f
  core_i/ex_stage_i/U58/X (SAEDRVT14_INV_S_2)             0.02       2.77 r
  core_i/ex_stage_i/regfile_alu_wdata_fw_o[25] (cv32e40p_ex_stage_COREV_PULP0_FPU0_APU_NARGS_CPU3_APU_WOP_CPU6_APU_NDSFLAGS_CPU15_APU_NUSFLAGS_CPU5_test_1)
                                                          0.00       2.77 r
  core_i/id_stage_i/regfile_alu_wdata_fw_i[25] (cv32e40p_id_stage_COREV_PULP0_COREV_CLUSTER0_N_HWLP2_PULP_SECURE0_USE_PMP0_A_EXTENSION0_APU0_FPU0_FPU_ADDMUL_LAT0_FPU_OTHERS_LAT0_ZFINX0_APU_NARGS_CPU3_APU_WOP_CPU6_APU_NDSFLAGS_CPU15_APU_NUSFLAGS_CPU5_DEBUG_TRIGGER_EN1_test_1)
                                                          0.00       2.77 r
  core_i/id_stage_i/U1616/X (SAEDRVT14_AOI222_2)          0.05       2.82 f
  core_i/id_stage_i/U1604/X (SAEDRVT14_INV_S_2)           0.02       2.84 r
  core_i/id_stage_i/U1349/X (SAEDRVT14_ND2_MM_2)          0.03       2.87 f
  core_i/id_stage_i/U1351/X (SAEDRVT14_ND2_MM_2)          0.03       2.90 r
  core_i/id_stage_i/U655/X (SAEDRVT14_OR2_2)              0.02       2.92 r
  core_i/id_stage_i/U1555/X (SAEDRVT14_AOI222_2)          0.05       2.97 f
  core_i/id_stage_i/U1603/X (SAEDRVT14_INV_S_2)           0.01       2.99 r
  core_i/id_stage_i/mult_operand_c_ex_o_reg[25]/D (SAEDRVT14_FSDPRBQ_V2LP_2)
                                                          0.00       2.99 r
  data arrival time                                                  2.99

  clock scan_clk (rise edge)                            100.00     100.00
  clock network delay (ideal)                             0.00     100.00
  clock uncertainty                                     -10.00      90.00
  core_i/id_stage_i/mult_operand_c_ex_o_reg[25]/CK (SAEDRVT14_FSDPRBQ_V2LP_2)
                                                          0.00      90.00 r
  library setup time                                     -0.04      89.96
  data required time                                                89.96
  --------------------------------------------------------------------------
  data required time                                                89.96
  data arrival time                                                 -2.99
  --------------------------------------------------------------------------
  slack (MET)                                                       86.97


  Startpoint: core_i/id_stage_i/alu_operator_ex_o_reg[5]
              (rising edge-triggered flip-flop clocked by scan_clk)
  Endpoint: core_i/id_stage_i/mult_operand_c_ex_o_reg[11]
            (rising edge-triggered flip-flop clocked by scan_clk)
  Path Group: scan_clk
  Path Type: max

  Des/Clust/Port     Wire Load Model       Library
  ------------------------------------------------
  cv32e40p_top       35000                 saed14rvt_ss0p6v125c

  Point                                                   Incr       Path
  --------------------------------------------------------------------------
  clock scan_clk (rise edge)                              0.00       0.00
  clock network delay (ideal)                             0.00       0.00
  core_i/id_stage_i/alu_operator_ex_o_reg[5]/CK (SAEDRVT14_FSDPRBQ_V2LP_2)
                                                          0.00 #     0.00 r
  core_i/id_stage_i/alu_operator_ex_o_reg[5]/Q (SAEDRVT14_FSDPRBQ_V2LP_2)
                                                          0.05       0.05 r
  core_i/id_stage_i/alu_operator_ex_o[5] (cv32e40p_id_stage_COREV_PULP0_COREV_CLUSTER0_N_HWLP2_PULP_SECURE0_USE_PMP0_A_EXTENSION0_APU0_FPU0_FPU_ADDMUL_LAT0_FPU_OTHERS_LAT0_ZFINX0_APU_NARGS_CPU3_APU_WOP_CPU6_APU_NDSFLAGS_CPU15_APU_NUSFLAGS_CPU5_DEBUG_TRIGGER_EN1_test_1)
                                                          0.00       0.05 r
  core_i/ex_stage_i/alu_operator_i[5] (cv32e40p_ex_stage_COREV_PULP0_FPU0_APU_NARGS_CPU3_APU_WOP_CPU6_APU_NDSFLAGS_CPU15_APU_NUSFLAGS_CPU5_test_1)
                                                          0.00       0.05 r
  core_i/ex_stage_i/alu_i/operator_i[5] (cv32e40p_alu_test_1)
                                                          0.00       0.05 r
  core_i/ex_stage_i/alu_i/U2936/X (SAEDRVT14_OR2_2)       0.03       0.07 r
  core_i/ex_stage_i/alu_i/U2935/X (SAEDRVT14_INV_S_2)     0.02       0.10 f
  core_i/ex_stage_i/alu_i/U2933/X (SAEDRVT14_ND3_2)       0.03       0.13 r
  core_i/ex_stage_i/alu_i/U69/X (SAEDRVT14_BUF_S_2)       0.03       0.16 r
  core_i/ex_stage_i/alu_i/U2932/X (SAEDRVT14_INV_S_2)     0.06       0.22 f
  core_i/ex_stage_i/alu_i/U2931/X (SAEDRVT14_AOI21_V1_4)
                                                          0.12       0.34 r
  core_i/ex_stage_i/alu_i/U67/X (SAEDRVT14_BUF_S_2)       0.05       0.39 r
  core_i/ex_stage_i/alu_i/U1506/X (SAEDRVT14_NR2_4)       0.09       0.48 f
  core_i/ex_stage_i/alu_i/U68/X (SAEDRVT14_BUF_S_2)       0.03       0.51 f
  core_i/ex_stage_i/alu_i/U1430/X (SAEDRVT14_MUXI2_2)     0.04       0.55 r
  core_i/ex_stage_i/alu_i/U1429/X (SAEDRVT14_OAI21_V1_4)
                                                          0.03       0.58 f
  core_i/ex_stage_i/alu_i/add_168/B[1] (cv32e40p_alu_DW01_add_2)
                                                          0.00       0.58 f
  core_i/ex_stage_i/alu_i/add_168/U1_1/CO (SAEDRVT14_ADDF_V2_2)
                                                          0.06       0.64 f
  core_i/ex_stage_i/alu_i/add_168/U1_2/CO (SAEDRVT14_ADDF_V2_2)
                                                          0.03       0.67 f
  core_i/ex_stage_i/alu_i/add_168/U1_3/CO (SAEDRVT14_ADDF_V2_2)
                                                          0.03       0.70 f
  core_i/ex_stage_i/alu_i/add_168/U1_4/CO (SAEDRVT14_ADDF_V2_2)
                                                          0.03       0.74 f
  core_i/ex_stage_i/alu_i/add_168/U1_5/CO (SAEDRVT14_ADDF_V2_2)
                                                          0.03       0.77 f
  core_i/ex_stage_i/alu_i/add_168/U1_6/CO (SAEDRVT14_ADDF_V2_2)
                                                          0.03       0.80 f
  core_i/ex_stage_i/alu_i/add_168/U1_7/CO (SAEDRVT14_ADDF_V2_2)
                                                          0.03       0.83 f
  core_i/ex_stage_i/alu_i/add_168/U1_8/CO (SAEDRVT14_ADDF_V2_2)
                                                          0.03       0.86 f
  core_i/ex_stage_i/alu_i/add_168/U4/X (SAEDRVT14_AO22_2)
                                                          0.04       0.90 f
  core_i/ex_stage_i/alu_i/add_168/U1_10/CO (SAEDRVT14_ADDF_V2_2)
                                                          0.03       0.94 f
  core_i/ex_stage_i/alu_i/add_168/U1_11/CO (SAEDRVT14_ADDF_V2_2)
                                                          0.03       0.97 f
  core_i/ex_stage_i/alu_i/add_168/U1_12/CO (SAEDRVT14_ADDF_V2_2)
                                                          0.03       1.00 f
  core_i/ex_stage_i/alu_i/add_168/U1_13/CO (SAEDRVT14_ADDF_V2_2)
                                                          0.03       1.03 f
  core_i/ex_stage_i/alu_i/add_168/U1_14/CO (SAEDRVT14_ADDF_V2_2)
                                                          0.03       1.06 f
  core_i/ex_stage_i/alu_i/add_168/U1_15/CO (SAEDRVT14_ADDF_V2_2)
                                                          0.03       1.09 f
  core_i/ex_stage_i/alu_i/add_168/U1_16/CO (SAEDRVT14_ADDF_V2_2)
                                                          0.03       1.13 f
  core_i/ex_stage_i/alu_i/add_168/U1_17/CO (SAEDRVT14_ADDF_V2_2)
                                                          0.03       1.16 f
  core_i/ex_stage_i/alu_i/add_168/U2/X (SAEDRVT14_AO22_2)
                                                          0.04       1.20 f
  core_i/ex_stage_i/alu_i/add_168/U1_19/CO (SAEDRVT14_ADDF_V2_2)
                                                          0.03       1.23 f
  core_i/ex_stage_i/alu_i/add_168/U1_20/CO (SAEDRVT14_ADDF_V2_2)
                                                          0.03       1.26 f
  core_i/ex_stage_i/alu_i/add_168/U1_21/CO (SAEDRVT14_ADDF_V2_2)
                                                          0.03       1.29 f
  core_i/ex_stage_i/alu_i/add_168/U1_22/CO (SAEDRVT14_ADDF_V2_2)
                                                          0.03       1.33 f
  core_i/ex_stage_i/alu_i/add_168/U1_23/CO (SAEDRVT14_ADDF_V2_2)
                                                          0.03       1.36 f
  core_i/ex_stage_i/alu_i/add_168/U1_24/CO (SAEDRVT14_ADDF_V2_2)
                                                          0.03       1.39 f
  core_i/ex_stage_i/alu_i/add_168/U1_25/CO (SAEDRVT14_ADDF_V2_2)
                                                          0.03       1.42 f
  core_i/ex_stage_i/alu_i/add_168/U1_26/CO (SAEDRVT14_ADDF_V2_2)
                                                          0.03       1.45 f
  core_i/ex_stage_i/alu_i/add_168/U1/X (SAEDRVT14_AO22_2)
                                                          0.04       1.49 f
  core_i/ex_stage_i/alu_i/add_168/U1_28/CO (SAEDRVT14_ADDF_V2_2)
                                                          0.03       1.53 f
  core_i/ex_stage_i/alu_i/add_168/U1_29/CO (SAEDRVT14_ADDF_V2_2)
                                                          0.03       1.56 f
  core_i/ex_stage_i/alu_i/add_168/U1_30/CO (SAEDRVT14_ADDF_V2_2)
                                                          0.03       1.59 f
  core_i/ex_stage_i/alu_i/add_168/U1_31/CO (SAEDRVT14_ADDF_V2_2)
                                                          0.03       1.62 f
  core_i/ex_stage_i/alu_i/add_168/U1_32/CO (SAEDRVT14_ADDF_V2_2)
                                                          0.03       1.65 f
  core_i/ex_stage_i/alu_i/add_168/U1_33/CO (SAEDRVT14_ADDF_V2_2)
                                                          0.03       1.68 f
  core_i/ex_stage_i/alu_i/add_168/U1_34/CO (SAEDRVT14_ADDF_V2_2)
                                                          0.03       1.72 f
  core_i/ex_stage_i/alu_i/add_168/U1_35/S (SAEDRVT14_ADDF_V2_2)
                                                          0.04       1.76 r
  core_i/ex_stage_i/alu_i/add_168/SUM[35] (cv32e40p_alu_DW01_add_2)
                                                          0.00       1.76 r
  core_i/ex_stage_i/alu_i/add_186/A[31] (cv32e40p_alu_DW01_add_1)
                                                          0.00       1.76 r
  core_i/ex_stage_i/alu_i/add_186/U2/X (SAEDRVT14_EO2_2)
                                                          0.04       1.80 r
  core_i/ex_stage_i/alu_i/add_186/SUM[31] (cv32e40p_alu_DW01_add_1)
                                                          0.00       1.80 r
  core_i/ex_stage_i/alu_i/U2623/X (SAEDRVT14_AOI222_2)
                                                          0.05       1.84 f
  core_i/ex_stage_i/alu_i/U42/X (SAEDRVT14_OR2_2)         0.04       1.89 f
  core_i/ex_stage_i/alu_i/U2612/X (SAEDRVT14_AN2_MM_2)
                                                          0.06       1.95 f
  core_i/ex_stage_i/alu_i/U2611/X (SAEDRVT14_INV_S_2)     0.06       2.01 r
  core_i/ex_stage_i/alu_i/U2453/X (SAEDRVT14_OA21_MM_2)
                                                          0.06       2.06 r
  core_i/ex_stage_i/alu_i/U2452/X (SAEDRVT14_INV_S_2)     0.02       2.09 f
  core_i/ex_stage_i/alu_i/U2448/X (SAEDRVT14_AO22_2)      0.04       2.12 f
  core_i/ex_stage_i/alu_i/U2440/X (SAEDRVT14_OR2_2)       0.02       2.15 f
  core_i/ex_stage_i/alu_i/U2439/X (SAEDRVT14_INV_S_2)     0.02       2.17 r
  core_i/ex_stage_i/alu_i/U2438/X (SAEDRVT14_OAI22_3)     0.04       2.20 f
  core_i/ex_stage_i/alu_i/U2437/X (SAEDRVT14_OR2_2)       0.03       2.24 f
  core_i/ex_stage_i/alu_i/U2420/X (SAEDRVT14_OAI22_3)     0.03       2.27 r
  core_i/ex_stage_i/alu_i/U2419/X (SAEDRVT14_OA21_MM_2)
                                                          0.03       2.30 r
  core_i/ex_stage_i/alu_i/U2383/X (SAEDRVT14_OR2_2)       0.02       2.32 r
  core_i/ex_stage_i/alu_i/U1342/X (SAEDRVT14_MUXI2_2)     0.04       2.36 f
  core_i/ex_stage_i/alu_i/U425/X (SAEDRVT14_INV_S_2)      0.02       2.38 r
  core_i/ex_stage_i/alu_i/U132/X (SAEDRVT14_AO22_2)       0.03       2.41 r
  core_i/ex_stage_i/alu_i/U134/X (SAEDRVT14_OA21_MM_2)
                                                          0.02       2.43 r
  core_i/ex_stage_i/alu_i/U138/X (SAEDRVT14_OA21_MM_2)
                                                          0.02       2.46 r
  core_i/ex_stage_i/alu_i/U146/X (SAEDRVT14_OA21_MM_2)
                                                          0.02       2.48 r
  core_i/ex_stage_i/alu_i/U147/X (SAEDRVT14_OR2_2)        0.02       2.50 r
  core_i/ex_stage_i/alu_i/U1344/X (SAEDRVT14_ND3_2)       0.04       2.54 f
  core_i/ex_stage_i/alu_i/U1343/X (SAEDRVT14_INV_S_2)     0.04       2.58 r
  core_i/ex_stage_i/alu_i/U1093/X (SAEDRVT14_MUXI2_2)     0.06       2.64 f
  core_i/ex_stage_i/alu_i/U1086/X (SAEDRVT14_AN4_2)       0.03       2.66 f
  core_i/ex_stage_i/alu_i/U1085/X (SAEDRVT14_AN4_2)       0.03       2.69 f
  core_i/ex_stage_i/alu_i/U1084/X (SAEDRVT14_INV_S_2)     0.02       2.70 r
  core_i/ex_stage_i/alu_i/result_o[11] (cv32e40p_alu_test_1)
                                                          0.00       2.70 r
  core_i/ex_stage_i/U89/X (SAEDRVT14_AOI222_2)            0.05       2.75 f
  core_i/ex_stage_i/U88/X (SAEDRVT14_INV_S_2)             0.02       2.77 r
  core_i/ex_stage_i/regfile_alu_wdata_fw_o[11] (cv32e40p_ex_stage_COREV_PULP0_FPU0_APU_NARGS_CPU3_APU_WOP_CPU6_APU_NDSFLAGS_CPU15_APU_NUSFLAGS_CPU5_test_1)
                                                          0.00       2.77 r
  core_i/id_stage_i/regfile_alu_wdata_fw_i[11] (cv32e40p_id_stage_COREV_PULP0_COREV_CLUSTER0_N_HWLP2_PULP_SECURE0_USE_PMP0_A_EXTENSION0_APU0_FPU0_FPU_ADDMUL_LAT0_FPU_OTHERS_LAT0_ZFINX0_APU_NARGS_CPU3_APU_WOP_CPU6_APU_NDSFLAGS_CPU15_APU_NUSFLAGS_CPU5_DEBUG_TRIGGER_EN1_test_1)
                                                          0.00       2.77 r
  core_i/id_stage_i/U1672/X (SAEDRVT14_AOI222_2)          0.06       2.83 f
  core_i/id_stage_i/U1671/X (SAEDRVT14_INV_S_2)           0.02       2.85 r
  core_i/id_stage_i/U1668/X (SAEDRVT14_AOI222_2)          0.05       2.90 f
  core_i/id_stage_i/U1402/X (SAEDRVT14_INV_S_2)           0.02       2.92 r
  core_i/id_stage_i/U1569/X (SAEDRVT14_AOI222_2)          0.05       2.97 f
  core_i/id_stage_i/U1400/X (SAEDRVT14_INV_S_2)           0.01       2.98 r
  core_i/id_stage_i/mult_operand_c_ex_o_reg[11]/D (SAEDRVT14_FSDPRBQ_V2LP_2)
                                                          0.00       2.99 r
  data arrival time                                                  2.99

  clock scan_clk (rise edge)                            100.00     100.00
  clock network delay (ideal)                             0.00     100.00
  clock uncertainty                                     -10.00      90.00
  core_i/id_stage_i/mult_operand_c_ex_o_reg[11]/CK (SAEDRVT14_FSDPRBQ_V2LP_2)
                                                          0.00      90.00 r
  library setup time                                     -0.04      89.96
  data required time                                                89.96
  --------------------------------------------------------------------------
  data required time                                                89.96
  data arrival time                                                 -2.99
  --------------------------------------------------------------------------
  slack (MET)                                                       86.97


  Startpoint: core_i/id_stage_i/alu_operator_ex_o_reg[5]
              (rising edge-triggered flip-flop clocked by scan_clk)
  Endpoint: core_i/id_stage_i/mult_operand_c_ex_o_reg[12]
            (rising edge-triggered flip-flop clocked by scan_clk)
  Path Group: scan_clk
  Path Type: max

  Des/Clust/Port     Wire Load Model       Library
  ------------------------------------------------
  cv32e40p_top       35000                 saed14rvt_ss0p6v125c

  Point                                                   Incr       Path
  --------------------------------------------------------------------------
  clock scan_clk (rise edge)                              0.00       0.00
  clock network delay (ideal)                             0.00       0.00
  core_i/id_stage_i/alu_operator_ex_o_reg[5]/CK (SAEDRVT14_FSDPRBQ_V2LP_2)
                                                          0.00 #     0.00 r
  core_i/id_stage_i/alu_operator_ex_o_reg[5]/Q (SAEDRVT14_FSDPRBQ_V2LP_2)
                                                          0.05       0.05 r
  core_i/id_stage_i/alu_operator_ex_o[5] (cv32e40p_id_stage_COREV_PULP0_COREV_CLUSTER0_N_HWLP2_PULP_SECURE0_USE_PMP0_A_EXTENSION0_APU0_FPU0_FPU_ADDMUL_LAT0_FPU_OTHERS_LAT0_ZFINX0_APU_NARGS_CPU3_APU_WOP_CPU6_APU_NDSFLAGS_CPU15_APU_NUSFLAGS_CPU5_DEBUG_TRIGGER_EN1_test_1)
                                                          0.00       0.05 r
  core_i/ex_stage_i/alu_operator_i[5] (cv32e40p_ex_stage_COREV_PULP0_FPU0_APU_NARGS_CPU3_APU_WOP_CPU6_APU_NDSFLAGS_CPU15_APU_NUSFLAGS_CPU5_test_1)
                                                          0.00       0.05 r
  core_i/ex_stage_i/alu_i/operator_i[5] (cv32e40p_alu_test_1)
                                                          0.00       0.05 r
  core_i/ex_stage_i/alu_i/U2936/X (SAEDRVT14_OR2_2)       0.03       0.07 r
  core_i/ex_stage_i/alu_i/U2935/X (SAEDRVT14_INV_S_2)     0.02       0.10 f
  core_i/ex_stage_i/alu_i/U2933/X (SAEDRVT14_ND3_2)       0.03       0.13 r
  core_i/ex_stage_i/alu_i/U69/X (SAEDRVT14_BUF_S_2)       0.03       0.16 r
  core_i/ex_stage_i/alu_i/U2932/X (SAEDRVT14_INV_S_2)     0.06       0.22 f
  core_i/ex_stage_i/alu_i/U2931/X (SAEDRVT14_AOI21_V1_4)
                                                          0.12       0.34 r
  core_i/ex_stage_i/alu_i/U67/X (SAEDRVT14_BUF_S_2)       0.05       0.39 r
  core_i/ex_stage_i/alu_i/U1506/X (SAEDRVT14_NR2_4)       0.09       0.48 f
  core_i/ex_stage_i/alu_i/U68/X (SAEDRVT14_BUF_S_2)       0.03       0.51 f
  core_i/ex_stage_i/alu_i/U1430/X (SAEDRVT14_MUXI2_2)     0.04       0.55 r
  core_i/ex_stage_i/alu_i/U1429/X (SAEDRVT14_OAI21_V1_4)
                                                          0.03       0.58 f
  core_i/ex_stage_i/alu_i/add_168/B[1] (cv32e40p_alu_DW01_add_2)
                                                          0.00       0.58 f
  core_i/ex_stage_i/alu_i/add_168/U1_1/CO (SAEDRVT14_ADDF_V2_2)
                                                          0.06       0.64 f
  core_i/ex_stage_i/alu_i/add_168/U1_2/CO (SAEDRVT14_ADDF_V2_2)
                                                          0.03       0.67 f
  core_i/ex_stage_i/alu_i/add_168/U1_3/CO (SAEDRVT14_ADDF_V2_2)
                                                          0.03       0.70 f
  core_i/ex_stage_i/alu_i/add_168/U1_4/CO (SAEDRVT14_ADDF_V2_2)
                                                          0.03       0.74 f
  core_i/ex_stage_i/alu_i/add_168/U1_5/CO (SAEDRVT14_ADDF_V2_2)
                                                          0.03       0.77 f
  core_i/ex_stage_i/alu_i/add_168/U1_6/CO (SAEDRVT14_ADDF_V2_2)
                                                          0.03       0.80 f
  core_i/ex_stage_i/alu_i/add_168/U1_7/CO (SAEDRVT14_ADDF_V2_2)
                                                          0.03       0.83 f
  core_i/ex_stage_i/alu_i/add_168/U1_8/CO (SAEDRVT14_ADDF_V2_2)
                                                          0.03       0.86 f
  core_i/ex_stage_i/alu_i/add_168/U4/X (SAEDRVT14_AO22_2)
                                                          0.04       0.90 f
  core_i/ex_stage_i/alu_i/add_168/U1_10/CO (SAEDRVT14_ADDF_V2_2)
                                                          0.03       0.94 f
  core_i/ex_stage_i/alu_i/add_168/U1_11/CO (SAEDRVT14_ADDF_V2_2)
                                                          0.03       0.97 f
  core_i/ex_stage_i/alu_i/add_168/U1_12/CO (SAEDRVT14_ADDF_V2_2)
                                                          0.03       1.00 f
  core_i/ex_stage_i/alu_i/add_168/U1_13/CO (SAEDRVT14_ADDF_V2_2)
                                                          0.03       1.03 f
  core_i/ex_stage_i/alu_i/add_168/U1_14/CO (SAEDRVT14_ADDF_V2_2)
                                                          0.03       1.06 f
  core_i/ex_stage_i/alu_i/add_168/U1_15/CO (SAEDRVT14_ADDF_V2_2)
                                                          0.03       1.09 f
  core_i/ex_stage_i/alu_i/add_168/U1_16/CO (SAEDRVT14_ADDF_V2_2)
                                                          0.03       1.13 f
  core_i/ex_stage_i/alu_i/add_168/U1_17/CO (SAEDRVT14_ADDF_V2_2)
                                                          0.03       1.16 f
  core_i/ex_stage_i/alu_i/add_168/U2/X (SAEDRVT14_AO22_2)
                                                          0.04       1.20 f
  core_i/ex_stage_i/alu_i/add_168/U1_19/CO (SAEDRVT14_ADDF_V2_2)
                                                          0.03       1.23 f
  core_i/ex_stage_i/alu_i/add_168/U1_20/CO (SAEDRVT14_ADDF_V2_2)
                                                          0.03       1.26 f
  core_i/ex_stage_i/alu_i/add_168/U1_21/CO (SAEDRVT14_ADDF_V2_2)
                                                          0.03       1.29 f
  core_i/ex_stage_i/alu_i/add_168/U1_22/CO (SAEDRVT14_ADDF_V2_2)
                                                          0.03       1.33 f
  core_i/ex_stage_i/alu_i/add_168/U1_23/CO (SAEDRVT14_ADDF_V2_2)
                                                          0.03       1.36 f
  core_i/ex_stage_i/alu_i/add_168/U1_24/CO (SAEDRVT14_ADDF_V2_2)
                                                          0.03       1.39 f
  core_i/ex_stage_i/alu_i/add_168/U1_25/CO (SAEDRVT14_ADDF_V2_2)
                                                          0.03       1.42 f
  core_i/ex_stage_i/alu_i/add_168/U1_26/CO (SAEDRVT14_ADDF_V2_2)
                                                          0.03       1.45 f
  core_i/ex_stage_i/alu_i/add_168/U1/X (SAEDRVT14_AO22_2)
                                                          0.04       1.49 f
  core_i/ex_stage_i/alu_i/add_168/U1_28/CO (SAEDRVT14_ADDF_V2_2)
                                                          0.03       1.53 f
  core_i/ex_stage_i/alu_i/add_168/U1_29/CO (SAEDRVT14_ADDF_V2_2)
                                                          0.03       1.56 f
  core_i/ex_stage_i/alu_i/add_168/U1_30/CO (SAEDRVT14_ADDF_V2_2)
                                                          0.03       1.59 f
  core_i/ex_stage_i/alu_i/add_168/U1_31/CO (SAEDRVT14_ADDF_V2_2)
                                                          0.03       1.62 f
  core_i/ex_stage_i/alu_i/add_168/U1_32/CO (SAEDRVT14_ADDF_V2_2)
                                                          0.03       1.65 f
  core_i/ex_stage_i/alu_i/add_168/U1_33/CO (SAEDRVT14_ADDF_V2_2)
                                                          0.03       1.68 f
  core_i/ex_stage_i/alu_i/add_168/U1_34/CO (SAEDRVT14_ADDF_V2_2)
                                                          0.03       1.72 f
  core_i/ex_stage_i/alu_i/add_168/U1_35/S (SAEDRVT14_ADDF_V2_2)
                                                          0.04       1.76 r
  core_i/ex_stage_i/alu_i/add_168/SUM[35] (cv32e40p_alu_DW01_add_2)
                                                          0.00       1.76 r
  core_i/ex_stage_i/alu_i/add_186/A[31] (cv32e40p_alu_DW01_add_1)
                                                          0.00       1.76 r
  core_i/ex_stage_i/alu_i/add_186/U2/X (SAEDRVT14_EO2_2)
                                                          0.04       1.80 r
  core_i/ex_stage_i/alu_i/add_186/SUM[31] (cv32e40p_alu_DW01_add_1)
                                                          0.00       1.80 r
  core_i/ex_stage_i/alu_i/U2623/X (SAEDRVT14_AOI222_2)
                                                          0.05       1.84 f
  core_i/ex_stage_i/alu_i/U42/X (SAEDRVT14_OR2_2)         0.04       1.89 f
  core_i/ex_stage_i/alu_i/U2612/X (SAEDRVT14_AN2_MM_2)
                                                          0.06       1.95 f
  core_i/ex_stage_i/alu_i/U2611/X (SAEDRVT14_INV_S_2)     0.06       2.01 r
  core_i/ex_stage_i/alu_i/U2453/X (SAEDRVT14_OA21_MM_2)
                                                          0.06       2.06 r
  core_i/ex_stage_i/alu_i/U2452/X (SAEDRVT14_INV_S_2)     0.02       2.09 f
  core_i/ex_stage_i/alu_i/U2448/X (SAEDRVT14_AO22_2)      0.04       2.12 f
  core_i/ex_stage_i/alu_i/U2440/X (SAEDRVT14_OR2_2)       0.02       2.15 f
  core_i/ex_stage_i/alu_i/U2439/X (SAEDRVT14_INV_S_2)     0.02       2.17 r
  core_i/ex_stage_i/alu_i/U2438/X (SAEDRVT14_OAI22_3)     0.04       2.20 f
  core_i/ex_stage_i/alu_i/U2437/X (SAEDRVT14_OR2_2)       0.03       2.24 f
  core_i/ex_stage_i/alu_i/U2420/X (SAEDRVT14_OAI22_3)     0.03       2.27 r
  core_i/ex_stage_i/alu_i/U2419/X (SAEDRVT14_OA21_MM_2)
                                                          0.03       2.30 r
  core_i/ex_stage_i/alu_i/U2383/X (SAEDRVT14_OR2_2)       0.02       2.32 r
  core_i/ex_stage_i/alu_i/U1342/X (SAEDRVT14_MUXI2_2)     0.04       2.36 f
  core_i/ex_stage_i/alu_i/U425/X (SAEDRVT14_INV_S_2)      0.02       2.38 r
  core_i/ex_stage_i/alu_i/U132/X (SAEDRVT14_AO22_2)       0.03       2.41 r
  core_i/ex_stage_i/alu_i/U134/X (SAEDRVT14_OA21_MM_2)
                                                          0.02       2.43 r
  core_i/ex_stage_i/alu_i/U138/X (SAEDRVT14_OA21_MM_2)
                                                          0.02       2.46 r
  core_i/ex_stage_i/alu_i/U146/X (SAEDRVT14_OA21_MM_2)
                                                          0.02       2.48 r
  core_i/ex_stage_i/alu_i/U147/X (SAEDRVT14_OR2_2)        0.02       2.50 r
  core_i/ex_stage_i/alu_i/U1344/X (SAEDRVT14_ND3_2)       0.04       2.54 f
  core_i/ex_stage_i/alu_i/U1343/X (SAEDRVT14_INV_S_2)     0.04       2.58 r
  core_i/ex_stage_i/alu_i/U1049/X (SAEDRVT14_MUXI2_2)     0.06       2.64 f
  core_i/ex_stage_i/alu_i/U1039/X (SAEDRVT14_AN4_2)       0.03       2.66 f
  core_i/ex_stage_i/alu_i/U1038/X (SAEDRVT14_AN4_2)       0.03       2.69 f
  core_i/ex_stage_i/alu_i/U1037/X (SAEDRVT14_INV_S_2)     0.02       2.70 r
  core_i/ex_stage_i/alu_i/result_o[12] (cv32e40p_alu_test_1)
                                                          0.00       2.70 r
  core_i/ex_stage_i/U87/X (SAEDRVT14_AOI222_2)            0.05       2.75 f
  core_i/ex_stage_i/U86/X (SAEDRVT14_INV_S_2)             0.02       2.77 r
  core_i/ex_stage_i/regfile_alu_wdata_fw_o[12] (cv32e40p_ex_stage_COREV_PULP0_FPU0_APU_NARGS_CPU3_APU_WOP_CPU6_APU_NDSFLAGS_CPU15_APU_NUSFLAGS_CPU5_test_1)
                                                          0.00       2.77 r
  core_i/id_stage_i/regfile_alu_wdata_fw_i[12] (cv32e40p_id_stage_COREV_PULP0_COREV_CLUSTER0_N_HWLP2_PULP_SECURE0_USE_PMP0_A_EXTENSION0_APU0_FPU0_FPU_ADDMUL_LAT0_FPU_OTHERS_LAT0_ZFINX0_APU_NARGS_CPU3_APU_WOP_CPU6_APU_NDSFLAGS_CPU15_APU_NUSFLAGS_CPU5_DEBUG_TRIGGER_EN1_test_1)
                                                          0.00       2.77 r
  core_i/id_stage_i/U1667/X (SAEDRVT14_AOI222_2)          0.06       2.83 f
  core_i/id_stage_i/U1666/X (SAEDRVT14_INV_S_2)           0.02       2.85 r
  core_i/id_stage_i/U1663/X (SAEDRVT14_AOI222_2)          0.05       2.90 f
  core_i/id_stage_i/U1412/X (SAEDRVT14_INV_S_2)           0.02       2.92 r
  core_i/id_stage_i/U1568/X (SAEDRVT14_AOI222_2)          0.05       2.97 f
  core_i/id_stage_i/U1410/X (SAEDRVT14_INV_S_2)           0.01       2.98 r
  core_i/id_stage_i/mult_operand_c_ex_o_reg[12]/D (SAEDRVT14_FSDPRBQ_V2LP_2)
                                                          0.00       2.99 r
  data arrival time                                                  2.99

  clock scan_clk (rise edge)                            100.00     100.00
  clock network delay (ideal)                             0.00     100.00
  clock uncertainty                                     -10.00      90.00
  core_i/id_stage_i/mult_operand_c_ex_o_reg[12]/CK (SAEDRVT14_FSDPRBQ_V2LP_2)
                                                          0.00      90.00 r
  library setup time                                     -0.04      89.96
  data required time                                                89.96
  --------------------------------------------------------------------------
  data required time                                                89.96
  data arrival time                                                 -2.99
  --------------------------------------------------------------------------
  slack (MET)                                                       86.97


  Startpoint: core_i/id_stage_i/alu_operator_ex_o_reg[5]
              (rising edge-triggered flip-flop clocked by scan_clk)
  Endpoint: core_i/id_stage_i/mult_operand_c_ex_o_reg[13]
            (rising edge-triggered flip-flop clocked by scan_clk)
  Path Group: scan_clk
  Path Type: max

  Des/Clust/Port     Wire Load Model       Library
  ------------------------------------------------
  cv32e40p_top       35000                 saed14rvt_ss0p6v125c

  Point                                                   Incr       Path
  --------------------------------------------------------------------------
  clock scan_clk (rise edge)                              0.00       0.00
  clock network delay (ideal)                             0.00       0.00
  core_i/id_stage_i/alu_operator_ex_o_reg[5]/CK (SAEDRVT14_FSDPRBQ_V2LP_2)
                                                          0.00 #     0.00 r
  core_i/id_stage_i/alu_operator_ex_o_reg[5]/Q (SAEDRVT14_FSDPRBQ_V2LP_2)
                                                          0.05       0.05 r
  core_i/id_stage_i/alu_operator_ex_o[5] (cv32e40p_id_stage_COREV_PULP0_COREV_CLUSTER0_N_HWLP2_PULP_SECURE0_USE_PMP0_A_EXTENSION0_APU0_FPU0_FPU_ADDMUL_LAT0_FPU_OTHERS_LAT0_ZFINX0_APU_NARGS_CPU3_APU_WOP_CPU6_APU_NDSFLAGS_CPU15_APU_NUSFLAGS_CPU5_DEBUG_TRIGGER_EN1_test_1)
                                                          0.00       0.05 r
  core_i/ex_stage_i/alu_operator_i[5] (cv32e40p_ex_stage_COREV_PULP0_FPU0_APU_NARGS_CPU3_APU_WOP_CPU6_APU_NDSFLAGS_CPU15_APU_NUSFLAGS_CPU5_test_1)
                                                          0.00       0.05 r
  core_i/ex_stage_i/alu_i/operator_i[5] (cv32e40p_alu_test_1)
                                                          0.00       0.05 r
  core_i/ex_stage_i/alu_i/U2936/X (SAEDRVT14_OR2_2)       0.03       0.07 r
  core_i/ex_stage_i/alu_i/U2935/X (SAEDRVT14_INV_S_2)     0.02       0.10 f
  core_i/ex_stage_i/alu_i/U2933/X (SAEDRVT14_ND3_2)       0.03       0.13 r
  core_i/ex_stage_i/alu_i/U69/X (SAEDRVT14_BUF_S_2)       0.03       0.16 r
  core_i/ex_stage_i/alu_i/U2932/X (SAEDRVT14_INV_S_2)     0.06       0.22 f
  core_i/ex_stage_i/alu_i/U2931/X (SAEDRVT14_AOI21_V1_4)
                                                          0.12       0.34 r
  core_i/ex_stage_i/alu_i/U67/X (SAEDRVT14_BUF_S_2)       0.05       0.39 r
  core_i/ex_stage_i/alu_i/U1506/X (SAEDRVT14_NR2_4)       0.09       0.48 f
  core_i/ex_stage_i/alu_i/U68/X (SAEDRVT14_BUF_S_2)       0.03       0.51 f
  core_i/ex_stage_i/alu_i/U1430/X (SAEDRVT14_MUXI2_2)     0.04       0.55 r
  core_i/ex_stage_i/alu_i/U1429/X (SAEDRVT14_OAI21_V1_4)
                                                          0.03       0.58 f
  core_i/ex_stage_i/alu_i/add_168/B[1] (cv32e40p_alu_DW01_add_2)
                                                          0.00       0.58 f
  core_i/ex_stage_i/alu_i/add_168/U1_1/CO (SAEDRVT14_ADDF_V2_2)
                                                          0.06       0.64 f
  core_i/ex_stage_i/alu_i/add_168/U1_2/CO (SAEDRVT14_ADDF_V2_2)
                                                          0.03       0.67 f
  core_i/ex_stage_i/alu_i/add_168/U1_3/CO (SAEDRVT14_ADDF_V2_2)
                                                          0.03       0.70 f
  core_i/ex_stage_i/alu_i/add_168/U1_4/CO (SAEDRVT14_ADDF_V2_2)
                                                          0.03       0.74 f
  core_i/ex_stage_i/alu_i/add_168/U1_5/CO (SAEDRVT14_ADDF_V2_2)
                                                          0.03       0.77 f
  core_i/ex_stage_i/alu_i/add_168/U1_6/CO (SAEDRVT14_ADDF_V2_2)
                                                          0.03       0.80 f
  core_i/ex_stage_i/alu_i/add_168/U1_7/CO (SAEDRVT14_ADDF_V2_2)
                                                          0.03       0.83 f
  core_i/ex_stage_i/alu_i/add_168/U1_8/CO (SAEDRVT14_ADDF_V2_2)
                                                          0.03       0.86 f
  core_i/ex_stage_i/alu_i/add_168/U4/X (SAEDRVT14_AO22_2)
                                                          0.04       0.90 f
  core_i/ex_stage_i/alu_i/add_168/U1_10/CO (SAEDRVT14_ADDF_V2_2)
                                                          0.03       0.94 f
  core_i/ex_stage_i/alu_i/add_168/U1_11/CO (SAEDRVT14_ADDF_V2_2)
                                                          0.03       0.97 f
  core_i/ex_stage_i/alu_i/add_168/U1_12/CO (SAEDRVT14_ADDF_V2_2)
                                                          0.03       1.00 f
  core_i/ex_stage_i/alu_i/add_168/U1_13/CO (SAEDRVT14_ADDF_V2_2)
                                                          0.03       1.03 f
  core_i/ex_stage_i/alu_i/add_168/U1_14/CO (SAEDRVT14_ADDF_V2_2)
                                                          0.03       1.06 f
  core_i/ex_stage_i/alu_i/add_168/U1_15/CO (SAEDRVT14_ADDF_V2_2)
                                                          0.03       1.09 f
  core_i/ex_stage_i/alu_i/add_168/U1_16/CO (SAEDRVT14_ADDF_V2_2)
                                                          0.03       1.13 f
  core_i/ex_stage_i/alu_i/add_168/U1_17/CO (SAEDRVT14_ADDF_V2_2)
                                                          0.03       1.16 f
  core_i/ex_stage_i/alu_i/add_168/U2/X (SAEDRVT14_AO22_2)
                                                          0.04       1.20 f
  core_i/ex_stage_i/alu_i/add_168/U1_19/CO (SAEDRVT14_ADDF_V2_2)
                                                          0.03       1.23 f
  core_i/ex_stage_i/alu_i/add_168/U1_20/CO (SAEDRVT14_ADDF_V2_2)
                                                          0.03       1.26 f
  core_i/ex_stage_i/alu_i/add_168/U1_21/CO (SAEDRVT14_ADDF_V2_2)
                                                          0.03       1.29 f
  core_i/ex_stage_i/alu_i/add_168/U1_22/CO (SAEDRVT14_ADDF_V2_2)
                                                          0.03       1.33 f
  core_i/ex_stage_i/alu_i/add_168/U1_23/CO (SAEDRVT14_ADDF_V2_2)
                                                          0.03       1.36 f
  core_i/ex_stage_i/alu_i/add_168/U1_24/CO (SAEDRVT14_ADDF_V2_2)
                                                          0.03       1.39 f
  core_i/ex_stage_i/alu_i/add_168/U1_25/CO (SAEDRVT14_ADDF_V2_2)
                                                          0.03       1.42 f
  core_i/ex_stage_i/alu_i/add_168/U1_26/CO (SAEDRVT14_ADDF_V2_2)
                                                          0.03       1.45 f
  core_i/ex_stage_i/alu_i/add_168/U1/X (SAEDRVT14_AO22_2)
                                                          0.04       1.49 f
  core_i/ex_stage_i/alu_i/add_168/U1_28/CO (SAEDRVT14_ADDF_V2_2)
                                                          0.03       1.53 f
  core_i/ex_stage_i/alu_i/add_168/U1_29/CO (SAEDRVT14_ADDF_V2_2)
                                                          0.03       1.56 f
  core_i/ex_stage_i/alu_i/add_168/U1_30/CO (SAEDRVT14_ADDF_V2_2)
                                                          0.03       1.59 f
  core_i/ex_stage_i/alu_i/add_168/U1_31/CO (SAEDRVT14_ADDF_V2_2)
                                                          0.03       1.62 f
  core_i/ex_stage_i/alu_i/add_168/U1_32/CO (SAEDRVT14_ADDF_V2_2)
                                                          0.03       1.65 f
  core_i/ex_stage_i/alu_i/add_168/U1_33/CO (SAEDRVT14_ADDF_V2_2)
                                                          0.03       1.68 f
  core_i/ex_stage_i/alu_i/add_168/U1_34/CO (SAEDRVT14_ADDF_V2_2)
                                                          0.03       1.72 f
  core_i/ex_stage_i/alu_i/add_168/U1_35/S (SAEDRVT14_ADDF_V2_2)
                                                          0.04       1.76 r
  core_i/ex_stage_i/alu_i/add_168/SUM[35] (cv32e40p_alu_DW01_add_2)
                                                          0.00       1.76 r
  core_i/ex_stage_i/alu_i/add_186/A[31] (cv32e40p_alu_DW01_add_1)
                                                          0.00       1.76 r
  core_i/ex_stage_i/alu_i/add_186/U2/X (SAEDRVT14_EO2_2)
                                                          0.04       1.80 r
  core_i/ex_stage_i/alu_i/add_186/SUM[31] (cv32e40p_alu_DW01_add_1)
                                                          0.00       1.80 r
  core_i/ex_stage_i/alu_i/U2623/X (SAEDRVT14_AOI222_2)
                                                          0.05       1.84 f
  core_i/ex_stage_i/alu_i/U42/X (SAEDRVT14_OR2_2)         0.04       1.89 f
  core_i/ex_stage_i/alu_i/U2612/X (SAEDRVT14_AN2_MM_2)
                                                          0.06       1.95 f
  core_i/ex_stage_i/alu_i/U2611/X (SAEDRVT14_INV_S_2)     0.06       2.01 r
  core_i/ex_stage_i/alu_i/U2453/X (SAEDRVT14_OA21_MM_2)
                                                          0.06       2.06 r
  core_i/ex_stage_i/alu_i/U2452/X (SAEDRVT14_INV_S_2)     0.02       2.09 f
  core_i/ex_stage_i/alu_i/U2448/X (SAEDRVT14_AO22_2)      0.04       2.12 f
  core_i/ex_stage_i/alu_i/U2440/X (SAEDRVT14_OR2_2)       0.02       2.15 f
  core_i/ex_stage_i/alu_i/U2439/X (SAEDRVT14_INV_S_2)     0.02       2.17 r
  core_i/ex_stage_i/alu_i/U2438/X (SAEDRVT14_OAI22_3)     0.04       2.20 f
  core_i/ex_stage_i/alu_i/U2437/X (SAEDRVT14_OR2_2)       0.03       2.24 f
  core_i/ex_stage_i/alu_i/U2420/X (SAEDRVT14_OAI22_3)     0.03       2.27 r
  core_i/ex_stage_i/alu_i/U2419/X (SAEDRVT14_OA21_MM_2)
                                                          0.03       2.30 r
  core_i/ex_stage_i/alu_i/U2383/X (SAEDRVT14_OR2_2)       0.02       2.32 r
  core_i/ex_stage_i/alu_i/U1342/X (SAEDRVT14_MUXI2_2)     0.04       2.36 f
  core_i/ex_stage_i/alu_i/U425/X (SAEDRVT14_INV_S_2)      0.02       2.38 r
  core_i/ex_stage_i/alu_i/U132/X (SAEDRVT14_AO22_2)       0.03       2.41 r
  core_i/ex_stage_i/alu_i/U134/X (SAEDRVT14_OA21_MM_2)
                                                          0.02       2.43 r
  core_i/ex_stage_i/alu_i/U138/X (SAEDRVT14_OA21_MM_2)
                                                          0.02       2.46 r
  core_i/ex_stage_i/alu_i/U146/X (SAEDRVT14_OA21_MM_2)
                                                          0.02       2.48 r
  core_i/ex_stage_i/alu_i/U147/X (SAEDRVT14_OR2_2)        0.02       2.50 r
  core_i/ex_stage_i/alu_i/U1344/X (SAEDRVT14_ND3_2)       0.04       2.54 f
  core_i/ex_stage_i/alu_i/U1343/X (SAEDRVT14_INV_S_2)     0.04       2.58 r
  core_i/ex_stage_i/alu_i/U1001/X (SAEDRVT14_MUXI2_2)     0.06       2.64 f
  core_i/ex_stage_i/alu_i/U997/X (SAEDRVT14_AN4_2)        0.03       2.66 f
  core_i/ex_stage_i/alu_i/U996/X (SAEDRVT14_AN4_2)        0.03       2.69 f
  core_i/ex_stage_i/alu_i/U995/X (SAEDRVT14_INV_S_2)      0.02       2.70 r
  core_i/ex_stage_i/alu_i/result_o[13] (cv32e40p_alu_test_1)
                                                          0.00       2.70 r
  core_i/ex_stage_i/U85/X (SAEDRVT14_AOI222_2)            0.05       2.75 f
  core_i/ex_stage_i/U84/X (SAEDRVT14_INV_S_2)             0.02       2.77 r
  core_i/ex_stage_i/regfile_alu_wdata_fw_o[13] (cv32e40p_ex_stage_COREV_PULP0_FPU0_APU_NARGS_CPU3_APU_WOP_CPU6_APU_NDSFLAGS_CPU15_APU_NUSFLAGS_CPU5_test_1)
                                                          0.00       2.77 r
  core_i/id_stage_i/regfile_alu_wdata_fw_i[13] (cv32e40p_id_stage_COREV_PULP0_COREV_CLUSTER0_N_HWLP2_PULP_SECURE0_USE_PMP0_A_EXTENSION0_APU0_FPU0_FPU_ADDMUL_LAT0_FPU_OTHERS_LAT0_ZFINX0_APU_NARGS_CPU3_APU_WOP_CPU6_APU_NDSFLAGS_CPU15_APU_NUSFLAGS_CPU5_DEBUG_TRIGGER_EN1_test_1)
                                                          0.00       2.77 r
  core_i/id_stage_i/U1662/X (SAEDRVT14_AOI222_2)          0.06       2.83 f
  core_i/id_stage_i/U1661/X (SAEDRVT14_INV_S_2)           0.02       2.85 r
  core_i/id_stage_i/U1658/X (SAEDRVT14_AOI222_2)          0.05       2.90 f
  core_i/id_stage_i/U1729/X (SAEDRVT14_INV_S_2)           0.02       2.92 r
  core_i/id_stage_i/U1567/X (SAEDRVT14_AOI222_2)          0.05       2.97 f
  core_i/id_stage_i/U1486/X (SAEDRVT14_INV_S_2)           0.01       2.98 r
  core_i/id_stage_i/mult_operand_c_ex_o_reg[13]/D (SAEDRVT14_FSDPRBQ_V2LP_2)
                                                          0.00       2.99 r
  data arrival time                                                  2.99

  clock scan_clk (rise edge)                            100.00     100.00
  clock network delay (ideal)                             0.00     100.00
  clock uncertainty                                     -10.00      90.00
  core_i/id_stage_i/mult_operand_c_ex_o_reg[13]/CK (SAEDRVT14_FSDPRBQ_V2LP_2)
                                                          0.00      90.00 r
  library setup time                                     -0.04      89.96
  data required time                                                89.96
  --------------------------------------------------------------------------
  data required time                                                89.96
  data arrival time                                                 -2.99
  --------------------------------------------------------------------------
  slack (MET)                                                       86.97


  Startpoint: core_i/id_stage_i/alu_operator_ex_o_reg[5]
              (rising edge-triggered flip-flop clocked by scan_clk)
  Endpoint: core_i/id_stage_i/mult_operand_c_ex_o_reg[15]
            (rising edge-triggered flip-flop clocked by scan_clk)
  Path Group: scan_clk
  Path Type: max

  Des/Clust/Port     Wire Load Model       Library
  ------------------------------------------------
  cv32e40p_top       35000                 saed14rvt_ss0p6v125c

  Point                                                   Incr       Path
  --------------------------------------------------------------------------
  clock scan_clk (rise edge)                              0.00       0.00
  clock network delay (ideal)                             0.00       0.00
  core_i/id_stage_i/alu_operator_ex_o_reg[5]/CK (SAEDRVT14_FSDPRBQ_V2LP_2)
                                                          0.00 #     0.00 r
  core_i/id_stage_i/alu_operator_ex_o_reg[5]/Q (SAEDRVT14_FSDPRBQ_V2LP_2)
                                                          0.05       0.05 r
  core_i/id_stage_i/alu_operator_ex_o[5] (cv32e40p_id_stage_COREV_PULP0_COREV_CLUSTER0_N_HWLP2_PULP_SECURE0_USE_PMP0_A_EXTENSION0_APU0_FPU0_FPU_ADDMUL_LAT0_FPU_OTHERS_LAT0_ZFINX0_APU_NARGS_CPU3_APU_WOP_CPU6_APU_NDSFLAGS_CPU15_APU_NUSFLAGS_CPU5_DEBUG_TRIGGER_EN1_test_1)
                                                          0.00       0.05 r
  core_i/ex_stage_i/alu_operator_i[5] (cv32e40p_ex_stage_COREV_PULP0_FPU0_APU_NARGS_CPU3_APU_WOP_CPU6_APU_NDSFLAGS_CPU15_APU_NUSFLAGS_CPU5_test_1)
                                                          0.00       0.05 r
  core_i/ex_stage_i/alu_i/operator_i[5] (cv32e40p_alu_test_1)
                                                          0.00       0.05 r
  core_i/ex_stage_i/alu_i/U2936/X (SAEDRVT14_OR2_2)       0.03       0.07 r
  core_i/ex_stage_i/alu_i/U2935/X (SAEDRVT14_INV_S_2)     0.02       0.10 f
  core_i/ex_stage_i/alu_i/U2933/X (SAEDRVT14_ND3_2)       0.03       0.13 r
  core_i/ex_stage_i/alu_i/U69/X (SAEDRVT14_BUF_S_2)       0.03       0.16 r
  core_i/ex_stage_i/alu_i/U2932/X (SAEDRVT14_INV_S_2)     0.06       0.22 f
  core_i/ex_stage_i/alu_i/U2931/X (SAEDRVT14_AOI21_V1_4)
                                                          0.12       0.34 r
  core_i/ex_stage_i/alu_i/U67/X (SAEDRVT14_BUF_S_2)       0.05       0.39 r
  core_i/ex_stage_i/alu_i/U1506/X (SAEDRVT14_NR2_4)       0.09       0.48 f
  core_i/ex_stage_i/alu_i/U68/X (SAEDRVT14_BUF_S_2)       0.03       0.51 f
  core_i/ex_stage_i/alu_i/U1430/X (SAEDRVT14_MUXI2_2)     0.04       0.55 r
  core_i/ex_stage_i/alu_i/U1429/X (SAEDRVT14_OAI21_V1_4)
                                                          0.03       0.58 f
  core_i/ex_stage_i/alu_i/add_168/B[1] (cv32e40p_alu_DW01_add_2)
                                                          0.00       0.58 f
  core_i/ex_stage_i/alu_i/add_168/U1_1/CO (SAEDRVT14_ADDF_V2_2)
                                                          0.06       0.64 f
  core_i/ex_stage_i/alu_i/add_168/U1_2/CO (SAEDRVT14_ADDF_V2_2)
                                                          0.03       0.67 f
  core_i/ex_stage_i/alu_i/add_168/U1_3/CO (SAEDRVT14_ADDF_V2_2)
                                                          0.03       0.70 f
  core_i/ex_stage_i/alu_i/add_168/U1_4/CO (SAEDRVT14_ADDF_V2_2)
                                                          0.03       0.74 f
  core_i/ex_stage_i/alu_i/add_168/U1_5/CO (SAEDRVT14_ADDF_V2_2)
                                                          0.03       0.77 f
  core_i/ex_stage_i/alu_i/add_168/U1_6/CO (SAEDRVT14_ADDF_V2_2)
                                                          0.03       0.80 f
  core_i/ex_stage_i/alu_i/add_168/U1_7/CO (SAEDRVT14_ADDF_V2_2)
                                                          0.03       0.83 f
  core_i/ex_stage_i/alu_i/add_168/U1_8/CO (SAEDRVT14_ADDF_V2_2)
                                                          0.03       0.86 f
  core_i/ex_stage_i/alu_i/add_168/U4/X (SAEDRVT14_AO22_2)
                                                          0.04       0.90 f
  core_i/ex_stage_i/alu_i/add_168/U1_10/CO (SAEDRVT14_ADDF_V2_2)
                                                          0.03       0.94 f
  core_i/ex_stage_i/alu_i/add_168/U1_11/CO (SAEDRVT14_ADDF_V2_2)
                                                          0.03       0.97 f
  core_i/ex_stage_i/alu_i/add_168/U1_12/CO (SAEDRVT14_ADDF_V2_2)
                                                          0.03       1.00 f
  core_i/ex_stage_i/alu_i/add_168/U1_13/CO (SAEDRVT14_ADDF_V2_2)
                                                          0.03       1.03 f
  core_i/ex_stage_i/alu_i/add_168/U1_14/CO (SAEDRVT14_ADDF_V2_2)
                                                          0.03       1.06 f
  core_i/ex_stage_i/alu_i/add_168/U1_15/CO (SAEDRVT14_ADDF_V2_2)
                                                          0.03       1.09 f
  core_i/ex_stage_i/alu_i/add_168/U1_16/CO (SAEDRVT14_ADDF_V2_2)
                                                          0.03       1.13 f
  core_i/ex_stage_i/alu_i/add_168/U1_17/CO (SAEDRVT14_ADDF_V2_2)
                                                          0.03       1.16 f
  core_i/ex_stage_i/alu_i/add_168/U2/X (SAEDRVT14_AO22_2)
                                                          0.04       1.20 f
  core_i/ex_stage_i/alu_i/add_168/U1_19/CO (SAEDRVT14_ADDF_V2_2)
                                                          0.03       1.23 f
  core_i/ex_stage_i/alu_i/add_168/U1_20/CO (SAEDRVT14_ADDF_V2_2)
                                                          0.03       1.26 f
  core_i/ex_stage_i/alu_i/add_168/U1_21/CO (SAEDRVT14_ADDF_V2_2)
                                                          0.03       1.29 f
  core_i/ex_stage_i/alu_i/add_168/U1_22/CO (SAEDRVT14_ADDF_V2_2)
                                                          0.03       1.33 f
  core_i/ex_stage_i/alu_i/add_168/U1_23/CO (SAEDRVT14_ADDF_V2_2)
                                                          0.03       1.36 f
  core_i/ex_stage_i/alu_i/add_168/U1_24/CO (SAEDRVT14_ADDF_V2_2)
                                                          0.03       1.39 f
  core_i/ex_stage_i/alu_i/add_168/U1_25/CO (SAEDRVT14_ADDF_V2_2)
                                                          0.03       1.42 f
  core_i/ex_stage_i/alu_i/add_168/U1_26/CO (SAEDRVT14_ADDF_V2_2)
                                                          0.03       1.45 f
  core_i/ex_stage_i/alu_i/add_168/U1/X (SAEDRVT14_AO22_2)
                                                          0.04       1.49 f
  core_i/ex_stage_i/alu_i/add_168/U1_28/CO (SAEDRVT14_ADDF_V2_2)
                                                          0.03       1.53 f
  core_i/ex_stage_i/alu_i/add_168/U1_29/CO (SAEDRVT14_ADDF_V2_2)
                                                          0.03       1.56 f
  core_i/ex_stage_i/alu_i/add_168/U1_30/CO (SAEDRVT14_ADDF_V2_2)
                                                          0.03       1.59 f
  core_i/ex_stage_i/alu_i/add_168/U1_31/CO (SAEDRVT14_ADDF_V2_2)
                                                          0.03       1.62 f
  core_i/ex_stage_i/alu_i/add_168/U1_32/CO (SAEDRVT14_ADDF_V2_2)
                                                          0.03       1.65 f
  core_i/ex_stage_i/alu_i/add_168/U1_33/CO (SAEDRVT14_ADDF_V2_2)
                                                          0.03       1.68 f
  core_i/ex_stage_i/alu_i/add_168/U1_34/CO (SAEDRVT14_ADDF_V2_2)
                                                          0.03       1.72 f
  core_i/ex_stage_i/alu_i/add_168/U1_35/S (SAEDRVT14_ADDF_V2_2)
                                                          0.04       1.76 r
  core_i/ex_stage_i/alu_i/add_168/SUM[35] (cv32e40p_alu_DW01_add_2)
                                                          0.00       1.76 r
  core_i/ex_stage_i/alu_i/add_186/A[31] (cv32e40p_alu_DW01_add_1)
                                                          0.00       1.76 r
  core_i/ex_stage_i/alu_i/add_186/U2/X (SAEDRVT14_EO2_2)
                                                          0.04       1.80 r
  core_i/ex_stage_i/alu_i/add_186/SUM[31] (cv32e40p_alu_DW01_add_1)
                                                          0.00       1.80 r
  core_i/ex_stage_i/alu_i/U2623/X (SAEDRVT14_AOI222_2)
                                                          0.05       1.84 f
  core_i/ex_stage_i/alu_i/U42/X (SAEDRVT14_OR2_2)         0.04       1.89 f
  core_i/ex_stage_i/alu_i/U2612/X (SAEDRVT14_AN2_MM_2)
                                                          0.06       1.95 f
  core_i/ex_stage_i/alu_i/U2611/X (SAEDRVT14_INV_S_2)     0.06       2.01 r
  core_i/ex_stage_i/alu_i/U2453/X (SAEDRVT14_OA21_MM_2)
                                                          0.06       2.06 r
  core_i/ex_stage_i/alu_i/U2452/X (SAEDRVT14_INV_S_2)     0.02       2.09 f
  core_i/ex_stage_i/alu_i/U2448/X (SAEDRVT14_AO22_2)      0.04       2.12 f
  core_i/ex_stage_i/alu_i/U2440/X (SAEDRVT14_OR2_2)       0.02       2.15 f
  core_i/ex_stage_i/alu_i/U2439/X (SAEDRVT14_INV_S_2)     0.02       2.17 r
  core_i/ex_stage_i/alu_i/U2438/X (SAEDRVT14_OAI22_3)     0.04       2.20 f
  core_i/ex_stage_i/alu_i/U2437/X (SAEDRVT14_OR2_2)       0.03       2.24 f
  core_i/ex_stage_i/alu_i/U2420/X (SAEDRVT14_OAI22_3)     0.03       2.27 r
  core_i/ex_stage_i/alu_i/U2419/X (SAEDRVT14_OA21_MM_2)
                                                          0.03       2.30 r
  core_i/ex_stage_i/alu_i/U2383/X (SAEDRVT14_OR2_2)       0.02       2.32 r
  core_i/ex_stage_i/alu_i/U1342/X (SAEDRVT14_MUXI2_2)     0.04       2.36 f
  core_i/ex_stage_i/alu_i/U425/X (SAEDRVT14_INV_S_2)      0.02       2.38 r
  core_i/ex_stage_i/alu_i/U132/X (SAEDRVT14_AO22_2)       0.03       2.41 r
  core_i/ex_stage_i/alu_i/U134/X (SAEDRVT14_OA21_MM_2)
                                                          0.02       2.43 r
  core_i/ex_stage_i/alu_i/U138/X (SAEDRVT14_OA21_MM_2)
                                                          0.02       2.46 r
  core_i/ex_stage_i/alu_i/U146/X (SAEDRVT14_OA21_MM_2)
                                                          0.02       2.48 r
  core_i/ex_stage_i/alu_i/U147/X (SAEDRVT14_OR2_2)        0.02       2.50 r
  core_i/ex_stage_i/alu_i/U1344/X (SAEDRVT14_ND3_2)       0.04       2.54 f
  core_i/ex_stage_i/alu_i/U1343/X (SAEDRVT14_INV_S_2)     0.04       2.58 r
  core_i/ex_stage_i/alu_i/U917/X (SAEDRVT14_MUXI2_2)      0.06       2.64 f
  core_i/ex_stage_i/alu_i/U911/X (SAEDRVT14_AN4_2)        0.03       2.66 f
  core_i/ex_stage_i/alu_i/U910/X (SAEDRVT14_AN4_2)        0.03       2.69 f
  core_i/ex_stage_i/alu_i/U909/X (SAEDRVT14_INV_S_2)      0.02       2.70 r
  core_i/ex_stage_i/alu_i/result_o[15] (cv32e40p_alu_test_1)
                                                          0.00       2.70 r
  core_i/ex_stage_i/U81/X (SAEDRVT14_AOI222_2)            0.05       2.75 f
  core_i/ex_stage_i/U80/X (SAEDRVT14_INV_S_2)             0.02       2.77 r
  core_i/ex_stage_i/regfile_alu_wdata_fw_o[15] (cv32e40p_ex_stage_COREV_PULP0_FPU0_APU_NARGS_CPU3_APU_WOP_CPU6_APU_NDSFLAGS_CPU15_APU_NUSFLAGS_CPU5_test_1)
                                                          0.00       2.77 r
  core_i/id_stage_i/regfile_alu_wdata_fw_i[15] (cv32e40p_id_stage_COREV_PULP0_COREV_CLUSTER0_N_HWLP2_PULP_SECURE0_USE_PMP0_A_EXTENSION0_APU0_FPU0_FPU_ADDMUL_LAT0_FPU_OTHERS_LAT0_ZFINX0_APU_NARGS_CPU3_APU_WOP_CPU6_APU_NDSFLAGS_CPU15_APU_NUSFLAGS_CPU5_DEBUG_TRIGGER_EN1_test_1)
                                                          0.00       2.77 r
  core_i/id_stage_i/U1652/X (SAEDRVT14_AOI222_2)          0.06       2.83 f
  core_i/id_stage_i/U1619/X (SAEDRVT14_INV_S_2)           0.02       2.85 r
  core_i/id_stage_i/U1648/X (SAEDRVT14_AOI222_2)          0.05       2.90 f
  core_i/id_stage_i/U1615/X (SAEDRVT14_INV_S_2)           0.02       2.92 r
  core_i/id_stage_i/U1565/X (SAEDRVT14_AOI222_2)          0.05       2.97 f
  core_i/id_stage_i/U1508/X (SAEDRVT14_INV_S_2)           0.01       2.98 r
  core_i/id_stage_i/mult_operand_c_ex_o_reg[15]/D (SAEDRVT14_FSDPRBQ_V2LP_2)
                                                          0.00       2.99 r
  data arrival time                                                  2.99

  clock scan_clk (rise edge)                            100.00     100.00
  clock network delay (ideal)                             0.00     100.00
  clock uncertainty                                     -10.00      90.00
  core_i/id_stage_i/mult_operand_c_ex_o_reg[15]/CK (SAEDRVT14_FSDPRBQ_V2LP_2)
                                                          0.00      90.00 r
  library setup time                                     -0.04      89.96
  data required time                                                89.96
  --------------------------------------------------------------------------
  data required time                                                89.96
  data arrival time                                                 -2.99
  --------------------------------------------------------------------------
  slack (MET)                                                       86.97


1
