
                           Design Compiler Graphical 
                                 DC Ultra (TM)
                                  DFTMAX (TM)
                              Power Compiler (TM)
                                 DesignWare (R)
                                 DC Expert (TM)
                               Design Vision (TM)
                               HDL Compiler (TM)
                               VHDL Compiler (TM)
                                  DFT Compiler
                               Design Compiler(R)

               Version O-2018.06-SP1 for linux64 - Jul 19, 2018 

                    Copyright (c) 1988 - 2018 Synopsys, Inc.
   This software and the associated documentation are proprietary to Synopsys,
 Inc. This software may only be used in accordance with the terms and conditions
 of a written license agreement with Synopsys, Inc. All other use, reproduction,
            or distribution of this software is strictly prohibited.
Initializing...
Initializing gui preferences from file  /home/ICer/.synopsys_dv_prefs.tcl
set_host_options -max_cores 12
Warning: You requested 12 cores. However, the host IC_EDA only has 8 available cores. The tool will ignore the request and use -max_cores 8. (UIO-230)
Warning: You requested 12 cores. However, load on host IC_EDA is 1.60. Tool will ignore the request and use 7 cores. (UIO-231)
1
########################### Define Top Module ############################
set top_module cv32e40p_top
cv32e40p_top
##################### Define Working Library Directory ######################
define_design_lib work -path ./work
1
############################# Formality Setup File ##########################
set_svf $top_module.svf
1
################## Design Compiler Library Files #setup ######################
puts "###########################################"
###########################################
puts "#      #setting Design Libraries          #"
#      #setting Design Libraries          #
puts "###########################################"
###########################################
#Add the path of the libraries and RTL files to the search_path variable
set rtl       "/home/ICer/ITI/PnR_Grad/rtl"
/home/ICer/ITI/PnR_Grad/rtl
set LIB_PATH  "/mnt/hgfs/saed14_pdk/stdcell_rvt/db_ccs"
/mnt/hgfs/saed14_pdk/stdcell_rvt/db_ccs
lappend search_path $LIB_PATH
. /home/synopsys/syn/O-2018.06-SP1/libraries/syn /home/synopsys/syn/O-2018.06-SP1/minpower/syn /home/synopsys/syn/O-2018.06-SP1/dw/syn_ver /home/synopsys/syn/O-2018.06-SP1/dw/sim_ver /mnt/hgfs/saed14_pdk/stdcell_rvt/db_ccs
lappend search_path $rtl
. /home/synopsys/syn/O-2018.06-SP1/libraries/syn /home/synopsys/syn/O-2018.06-SP1/minpower/syn /home/synopsys/syn/O-2018.06-SP1/dw/syn_ver /home/synopsys/syn/O-2018.06-SP1/dw/sim_ver /mnt/hgfs/saed14_pdk/stdcell_rvt/db_ccs /home/ICer/ITI/PnR_Grad/rtl
lappend search_path "/home/ICer/ITI/PnR_Grad/rtl/include"
. /home/synopsys/syn/O-2018.06-SP1/libraries/syn /home/synopsys/syn/O-2018.06-SP1/minpower/syn /home/synopsys/syn/O-2018.06-SP1/dw/syn_ver /home/synopsys/syn/O-2018.06-SP1/dw/sim_ver /mnt/hgfs/saed14_pdk/stdcell_rvt/db_ccs /home/ICer/ITI/PnR_Grad/rtl /home/ICer/ITI/PnR_Grad/rtl/include
lappend search_path "/home/ICer/ITI/PnR_Grad/rtl/dft_top"
. /home/synopsys/syn/O-2018.06-SP1/libraries/syn /home/synopsys/syn/O-2018.06-SP1/minpower/syn /home/synopsys/syn/O-2018.06-SP1/dw/syn_ver /home/synopsys/syn/O-2018.06-SP1/dw/sim_ver /mnt/hgfs/saed14_pdk/stdcell_rvt/db_ccs /home/ICer/ITI/PnR_Grad/rtl /home/ICer/ITI/PnR_Grad/rtl/include /home/ICer/ITI/PnR_Grad/rtl/dft_top
lappend search_path "/home/ICer/ITI/PnR_Grad/rtl/vendor/pulp_platform_fpnew/src"
. /home/synopsys/syn/O-2018.06-SP1/libraries/syn /home/synopsys/syn/O-2018.06-SP1/minpower/syn /home/synopsys/syn/O-2018.06-SP1/dw/syn_ver /home/synopsys/syn/O-2018.06-SP1/dw/sim_ver /mnt/hgfs/saed14_pdk/stdcell_rvt/db_ccs /home/ICer/ITI/PnR_Grad/rtl /home/ICer/ITI/PnR_Grad/rtl/include /home/ICer/ITI/PnR_Grad/rtl/dft_top /home/ICer/ITI/PnR_Grad/rtl/vendor/pulp_platform_fpnew/src
set SSLIB "saed14rvt_ss0p6v125c.db" 
saed14rvt_ss0p6v125c.db
set TTLIB "saed14rvt_tt0p8v25c.db"
saed14rvt_tt0p8v25c.db
set FFLIB "saed14rvt_ff0p88vm40c.db" 
saed14rvt_ff0p88vm40c.db
## Standard Cell libraries 
set target_library [list $SSLIB $TTLIB $FFLIB]
saed14rvt_ss0p6v125c.db saed14rvt_tt0p8v25c.db saed14rvt_ff0p88vm40c.db
## Standard Cell & Hard Macros libraries 
set link_library [list * $SSLIB $TTLIB $FFLIB]  
* saed14rvt_ss0p6v125c.db saed14rvt_tt0p8v25c.db saed14rvt_ff0p88vm40c.db
######################## Reading RTL Files #################################
puts "###########################################"
###########################################
puts "#             Reading RTL Files           #"
#             Reading RTL Files           #
puts "###########################################"
###########################################
set file_format sverilog
sverilog
analyze -format $file_format cv32e40p_pkg.sv
Running PRESTO HDLC
Compiling source file /home/ICer/ITI/PnR_Grad/rtl/include/cv32e40p_pkg.sv
Warning:  /home/ICer/ITI/PnR_Grad/rtl/include/cv32e40p_pkg.sv:26: The package cv32e40p_pkg has already been analyzed. It is being replaced. (VER-26)
Warning:  /home/ICer/ITI/PnR_Grad/rtl/include/cv32e40p_pkg.sv:37: Parameter keyword used in local parameter declaration. (VER-329)
Presto compilation completed successfully.
Loading db file '/mnt/hgfs/saed14_pdk/stdcell_rvt/db_ccs/saed14rvt_ss0p6v125c.db'
Information: Using CCS timing libraries. (TIM-024)
Loading db file '/mnt/hgfs/saed14_pdk/stdcell_rvt/db_ccs/saed14rvt_tt0p8v25c.db'
Loading db file '/mnt/hgfs/saed14_pdk/stdcell_rvt/db_ccs/saed14rvt_ff0p88vm40c.db'
1
analyze -format $file_format cv32e40p_fpu_pkg.sv
Running PRESTO HDLC
Compiling source file /home/ICer/ITI/PnR_Grad/rtl/include/cv32e40p_fpu_pkg.sv
Warning:  /home/ICer/ITI/PnR_Grad/rtl/include/cv32e40p_fpu_pkg.sv:38: The package cv32e40p_fpu_pkg has already been analyzed. It is being replaced. (VER-26)
Presto compilation completed successfully.
1
analyze -format $file_format cv32e40p_apu_core_pkg.sv
Running PRESTO HDLC
Compiling source file /home/ICer/ITI/PnR_Grad/rtl/include/cv32e40p_apu_core_pkg.sv
Warning:  /home/ICer/ITI/PnR_Grad/rtl/include/cv32e40p_apu_core_pkg.sv:22: The package cv32e40p_apu_core_pkg has already been analyzed. It is being replaced. (VER-26)
Warning:  /home/ICer/ITI/PnR_Grad/rtl/include/cv32e40p_apu_core_pkg.sv:25: Parameter keyword used in local parameter declaration. (VER-329)
Presto compilation completed successfully.
1
analyze -format $file_format fpnew_pkg.sv
Running PRESTO HDLC
Compiling source file /home/ICer/ITI/PnR_Grad/rtl/vendor/pulp_platform_fpnew/src/fpnew_pkg.sv
Warning:  /home/ICer/ITI/PnR_Grad/rtl/vendor/pulp_platform_fpnew/src/fpnew_pkg.sv:16: The package fpnew_pkg has already been analyzed. It is being replaced. (VER-26)
Warning:  /home/ICer/ITI/PnR_Grad/rtl/vendor/pulp_platform_fpnew/src/fpnew_pkg.sv:359: signed to unsigned assignment occurs. (VER-318)
Warning:  /home/ICer/ITI/PnR_Grad/rtl/vendor/pulp_platform_fpnew/src/fpnew_pkg.sv:360: signed to unsigned conversion occurs. (VER-318)
Warning:  /home/ICer/ITI/PnR_Grad/rtl/vendor/pulp_platform_fpnew/src/fpnew_pkg.sv:490: signed to unsigned assignment occurs. (VER-318)
Presto compilation completed successfully.
1
analyze -format $file_format cv32e40p_aligner.sv
Running PRESTO HDLC
Compiling source file /home/ICer/ITI/PnR_Grad/rtl/cv32e40p_aligner.sv
Presto compilation completed successfully.
1
analyze -format $file_format cv32e40p_alu.sv
Running PRESTO HDLC
Compiling source file /home/ICer/ITI/PnR_Grad/rtl/cv32e40p_alu.sv
Presto compilation completed successfully.
1
analyze -format $file_format cv32e40p_alu_div.sv
Running PRESTO HDLC
Compiling source file /home/ICer/ITI/PnR_Grad/rtl/cv32e40p_alu_div.sv
Presto compilation completed successfully.
1
analyze -format $file_format cv32e40p_apu_disp.sv
Running PRESTO HDLC
Compiling source file /home/ICer/ITI/PnR_Grad/rtl/cv32e40p_apu_disp.sv
Presto compilation completed successfully.
1
analyze -format $file_format cv32e40p_compressed_decoder.sv
Running PRESTO HDLC
Compiling source file /home/ICer/ITI/PnR_Grad/rtl/cv32e40p_compressed_decoder.sv
Presto compilation completed successfully.
1
analyze -format $file_format cv32e40p_controller.sv
Running PRESTO HDLC
Compiling source file /home/ICer/ITI/PnR_Grad/rtl/cv32e40p_controller.sv
Presto compilation completed successfully.
1
analyze -format $file_format cv32e40p_core.sv
Running PRESTO HDLC
Compiling source file /home/ICer/ITI/PnR_Grad/rtl/cv32e40p_core.sv
Presto compilation completed successfully.
1
analyze -format $file_format cv32e40p_cs_registers.sv
Running PRESTO HDLC
Compiling source file /home/ICer/ITI/PnR_Grad/rtl/cv32e40p_cs_registers.sv
Presto compilation completed successfully.
1
analyze -format $file_format cv32e40p_decoder.sv
Running PRESTO HDLC
Compiling source file /home/ICer/ITI/PnR_Grad/rtl/cv32e40p_decoder.sv
Presto compilation completed successfully.
1
analyze -format $file_format cv32e40p_ex_stage.sv
Running PRESTO HDLC
Compiling source file /home/ICer/ITI/PnR_Grad/rtl/cv32e40p_ex_stage.sv
Presto compilation completed successfully.
1
analyze -format $file_format cv32e40p_ff_one.sv
Running PRESTO HDLC
Compiling source file /home/ICer/ITI/PnR_Grad/rtl/cv32e40p_ff_one.sv
Presto compilation completed successfully.
1
analyze -format $file_format cv32e40p_fifo.sv
Running PRESTO HDLC
Compiling source file /home/ICer/ITI/PnR_Grad/rtl/cv32e40p_fifo.sv
Presto compilation completed successfully.
1
analyze -format $file_format cv32e40p_fp_wrapper.sv
Running PRESTO HDLC
Compiling source file /home/ICer/ITI/PnR_Grad/rtl/cv32e40p_fp_wrapper.sv
Presto compilation completed successfully.
1
analyze -format $file_format cv32e40p_hwloop_regs.sv
Running PRESTO HDLC
Compiling source file /home/ICer/ITI/PnR_Grad/rtl/cv32e40p_hwloop_regs.sv
Presto compilation completed successfully.
1
analyze -format $file_format cv32e40p_id_stage.sv
Running PRESTO HDLC
Compiling source file /home/ICer/ITI/PnR_Grad/rtl/cv32e40p_id_stage.sv
Presto compilation completed successfully.
1
analyze -format $file_format cv32e40p_if_stage.sv
Running PRESTO HDLC
Compiling source file /home/ICer/ITI/PnR_Grad/rtl/cv32e40p_if_stage.sv
Presto compilation completed successfully.
1
analyze -format $file_format cv32e40p_int_controller.sv
Running PRESTO HDLC
Compiling source file /home/ICer/ITI/PnR_Grad/rtl/cv32e40p_int_controller.sv
Presto compilation completed successfully.
1
analyze -format $file_format cv32e40p_load_store_unit.sv
Running PRESTO HDLC
Compiling source file /home/ICer/ITI/PnR_Grad/rtl/cv32e40p_load_store_unit.sv
Presto compilation completed successfully.
1
analyze -format $file_format cv32e40p_mult.sv
Running PRESTO HDLC
Compiling source file /home/ICer/ITI/PnR_Grad/rtl/cv32e40p_mult.sv
Presto compilation completed successfully.
1
analyze -format $file_format cv32e40p_obi_interface.sv
Running PRESTO HDLC
Compiling source file /home/ICer/ITI/PnR_Grad/rtl/cv32e40p_obi_interface.sv
Presto compilation completed successfully.
1
analyze -format $file_format cv32e40p_popcnt.sv
Running PRESTO HDLC
Compiling source file /home/ICer/ITI/PnR_Grad/rtl/cv32e40p_popcnt.sv
Presto compilation completed successfully.
1
analyze -format $file_format cv32e40p_prefetch_buffer.sv
Running PRESTO HDLC
Compiling source file /home/ICer/ITI/PnR_Grad/rtl/cv32e40p_prefetch_buffer.sv
Presto compilation completed successfully.
1
analyze -format $file_format cv32e40p_prefetch_controller.sv
Running PRESTO HDLC
Compiling source file /home/ICer/ITI/PnR_Grad/rtl/cv32e40p_prefetch_controller.sv
Presto compilation completed successfully.
1
analyze -format $file_format cv32e40p_register_file_ff.sv
Running PRESTO HDLC
Compiling source file /home/ICer/ITI/PnR_Grad/rtl/cv32e40p_register_file_ff.sv
Presto compilation completed successfully.
1
#analyze -format $file_format cv32e40p_register_file_latch.sv
analyze -format $file_format cv32e40p_clock_gate.sv
Running PRESTO HDLC
Compiling source file /home/ICer/ITI/PnR_Grad/rtl/cv32e40p_clock_gate.sv
Presto compilation completed successfully.
1
analyze -format $file_format cv32e40p_sleep_unit.sv
Running PRESTO HDLC
Compiling source file /home/ICer/ITI/PnR_Grad/rtl/cv32e40p_sleep_unit.sv
Presto compilation completed successfully.
1
analyze -format $file_format mux2X1.sv
Running PRESTO HDLC
Compiling source file /home/ICer/ITI/PnR_Grad/rtl/mux2X1.sv
Presto compilation completed successfully.
1
analyze -format $file_format "/home/ICer/ITI/PnR_Grad/rtl/dft_top/cv32e40p_top.sv"
Running PRESTO HDLC
Compiling source file /home/ICer/ITI/PnR_Grad/rtl/dft_top/cv32e40p_top.sv
Presto compilation completed successfully.
1
elaborate -lib WORK cv32e40p_top
Loading db file '/home/synopsys/syn/O-2018.06-SP1/libraries/syn/gtech.db'
Loading db file '/home/synopsys/syn/O-2018.06-SP1/libraries/syn/standard.sldb'
  Loading link library 'saed14rvt_ss0p6v125c'
  Loading link library 'saed14rvt_tt0p8v25c'
  Loading link library 'saed14rvt_ff0p88vm40c'
  Loading link library 'gtech'
Running PRESTO HDLC
Presto compilation completed successfully.
Elaborated 1 design.
Current design is now 'cv32e40p_top'.
Information: Building the design 'mux2X1'. (HDL-193)
Presto compilation completed successfully.
Information: Building the design 'cv32e40p_core' instantiated from design 'cv32e40p_top' with
	the parameters "COREV_PULP=0,COREV_CLUSTER=0,FPU=0,FPU_ADDMUL_LAT=0,FPU_OTHERS_LAT=0,ZFINX=0,NUM_MHPMCOUNTERS=1". (HDL-193)
Presto compilation completed successfully.
Information: Building the design 'cv32e40p_sleep_unit' instantiated from design 'cv32e40p_core_COREV_PULP0_COREV_CLUSTER0_FPU0_FPU_ADDMUL_LAT0_FPU_OTHERS_LAT0_ZFINX0_NUM_MHPMCOUNTERS1' with
	the parameters "COREV_CLUSTER=0". (HDL-193)

Inferred memory devices in process
	in routine cv32e40p_sleep_unit_COREV_CLUSTER0 line 138 in file
		'/home/ICer/ITI/PnR_Grad/rtl/cv32e40p_sleep_unit.sv'.
===============================================================================
|    Register Name    |   Type    | Width | Bus | MB | AR | AS | SR | SS | ST |
===============================================================================
| fetch_enable_q_reg  | Flip-flop |   1   |  N  | N  | Y  | N  | N  | N  | N  |
|   core_busy_q_reg   | Flip-flop |   1   |  N  | N  | Y  | N  | N  | N  | N  |
===============================================================================
Presto compilation completed successfully.
Information: Building the design 'cv32e40p_if_stage' instantiated from design 'cv32e40p_core_COREV_PULP0_COREV_CLUSTER0_FPU0_FPU_ADDMUL_LAT0_FPU_OTHERS_LAT0_ZFINX0_NUM_MHPMCOUNTERS1' with
	the parameters "COREV_PULP=0,PULP_OBI=0,PULP_SECURE=0,FPU=0,ZFINX=0". (HDL-193)

Statistics for case statements in always block at line 131 in file
	'/home/ICer/ITI/PnR_Grad/rtl/cv32e40p_if_stage.sv'
===============================================
|           Line           |  full/ parallel  |
===============================================
|           132            |    user/user     |
|           138            |    user/user     |
|           144            |    user/user     |
===============================================

Statistics for case statements in always block at line 155 in file
	'/home/ICer/ITI/PnR_Grad/rtl/cv32e40p_if_stage.sv'
===============================================
|           Line           |  full/ parallel  |
===============================================
|           159            |    user/user     |
===============================================

Inferred memory devices in process
	in routine cv32e40p_if_stage_COREV_PULP0_PULP_OBI0_PULP_SECURE0_FPU0_ZFINX0 line 230 in file
		'/home/ICer/ITI/PnR_Grad/rtl/cv32e40p_if_stage.sv'.
===================================================================================
|      Register Name      |   Type    | Width | Bus | MB | AR | AS | SR | SS | ST |
===================================================================================
| illegal_c_insn_id_o_reg | Flip-flop |   1   |  N  | N  | Y  | N  | N  | N  | N  |
|  instr_valid_id_o_reg   | Flip-flop |   1   |  N  | N  | Y  | N  | N  | N  | N  |
|  instr_rdata_id_o_reg   | Flip-flop |  32   |  Y  | N  | Y  | N  | N  | N  | N  |
|  is_fetch_failed_o_reg  | Flip-flop |   1   |  N  | N  | Y  | N  | N  | N  | N  |
|       pc_id_o_reg       | Flip-flop |  32   |  Y  | N  | Y  | N  | N  | N  | N  |
| is_compressed_id_o_reg  | Flip-flop |   1   |  N  | N  | Y  | N  | N  | N  | N  |
===================================================================================
Presto compilation completed successfully.
Information: Building the design 'cv32e40p_id_stage' instantiated from design 'cv32e40p_core_COREV_PULP0_COREV_CLUSTER0_FPU0_FPU_ADDMUL_LAT0_FPU_OTHERS_LAT0_ZFINX0_NUM_MHPMCOUNTERS1' with
	the parameters "COREV_PULP=0,COREV_CLUSTER=0,N_HWLP=2,PULP_SECURE=0,USE_PMP=0,A_EXTENSION=0,APU=0,FPU=0,FPU_ADDMUL_LAT=0,FPU_OTHERS_LAT=0,ZFINX=0,APU_NARGS_CPU=3,APU_WOP_CPU=6,APU_NDSFLAGS_CPU=15,APU_NUSFLAGS_CPU=5,DEBUG_TRIGGER_EN=1". (HDL-193)

Statistics for case statements in always block at line 524 in file
	'/home/ICer/ITI/PnR_Grad/rtl/cv32e40p_id_stage.sv'
===============================================
|           Line           |  full/ parallel  |
===============================================
|           525            |    user/user     |
===============================================

Statistics for case statements in always block at line 573 in file
	'/home/ICer/ITI/PnR_Grad/rtl/cv32e40p_id_stage.sv'
===============================================
|           Line           |  full/ parallel  |
===============================================
|           574            |    user/user     |
===============================================

Statistics for case statements in always block at line 597 in file
	'/home/ICer/ITI/PnR_Grad/rtl/cv32e40p_id_stage.sv'
===============================================
|           Line           |  full/ parallel  |
===============================================
|           598            |    auto/auto     |
===============================================

Statistics for case statements in always block at line 609 in file
	'/home/ICer/ITI/PnR_Grad/rtl/cv32e40p_id_stage.sv'
===============================================
|           Line           |  full/ parallel  |
===============================================
|           610            |    user/user     |
===============================================

Statistics for case statements in always block at line 617 in file
	'/home/ICer/ITI/PnR_Grad/rtl/cv32e40p_id_stage.sv'
===============================================
|           Line           |  full/ parallel  |
===============================================
|           618            |    auto/auto     |
===============================================

Statistics for case statements in always block at line 637 in file
	'/home/ICer/ITI/PnR_Grad/rtl/cv32e40p_id_stage.sv'
===============================================
|           Line           |  full/ parallel  |
===============================================
|           638            |    user/user     |
===============================================

Statistics for case statements in always block at line 655 in file
	'/home/ICer/ITI/PnR_Grad/rtl/cv32e40p_id_stage.sv'
===============================================
|           Line           |  full/ parallel  |
===============================================
|           656            |    auto/auto     |
===============================================

Statistics for case statements in always block at line 683 in file
	'/home/ICer/ITI/PnR_Grad/rtl/cv32e40p_id_stage.sv'
===============================================
|           Line           |  full/ parallel  |
===============================================
|           684            |    auto/auto     |
===============================================

Statistics for case statements in always block at line 704 in file
	'/home/ICer/ITI/PnR_Grad/rtl/cv32e40p_id_stage.sv'
===============================================
|           Line           |  full/ parallel  |
===============================================
|           705            |    auto/auto     |
===============================================

Statistics for case statements in always block at line 728 in file
	'/home/ICer/ITI/PnR_Grad/rtl/cv32e40p_id_stage.sv'
===============================================
|           Line           |  full/ parallel  |
===============================================
|           729            |    auto/auto     |
===============================================

Statistics for case statements in always block at line 748 in file
	'/home/ICer/ITI/PnR_Grad/rtl/cv32e40p_id_stage.sv'
===============================================
|           Line           |  full/ parallel  |
===============================================
|           749            |    user/user     |
===============================================

Statistics for case statements in always block at line 754 in file
	'/home/ICer/ITI/PnR_Grad/rtl/cv32e40p_id_stage.sv'
===============================================
|           Line           |  full/ parallel  |
===============================================
|           755            |    user/user     |
===============================================

Statistics for case statements in always block at line 763 in file
	'/home/ICer/ITI/PnR_Grad/rtl/cv32e40p_id_stage.sv'
===============================================
|           Line           |  full/ parallel  |
===============================================
|           764            |    user/user     |
===============================================

Statistics for case statements in always block at line 769 in file
	'/home/ICer/ITI/PnR_Grad/rtl/cv32e40p_id_stage.sv'
===============================================
|           Line           |  full/ parallel  |
===============================================
|           770            |    user/user     |
===============================================

Statistics for case statements in always block at line 784 in file
	'/home/ICer/ITI/PnR_Grad/rtl/cv32e40p_id_stage.sv'
===============================================
|           Line           |  full/ parallel  |
===============================================
|           785            |    user/user     |
===============================================

Inferred memory devices in process
	in routine cv32e40p_id_stage_COREV_PULP0_COREV_CLUSTER0_N_HWLP2_PULP_SECURE0_USE_PMP0_A_EXTENSION0_APU0_FPU0_FPU_ADDMUL_LAT0_FPU_OTHERS_LAT0_ZFINX0_APU_NARGS_CPU3_APU_WOP_CPU6_APU_NDSFLAGS_CPU15_APU_NUSFLAGS_CPU5_DEBUG_TRIGGER_EN1 line 1426 in file
		'/home/ICer/ITI/PnR_Grad/rtl/cv32e40p_id_stage.sv'.
======================================================================================
|       Register Name        |   Type    | Width | Bus | MB | AR | AS | SR | SS | ST |
======================================================================================
|     branch_in_ex_o_reg     | Flip-flop |   1   |  N  | N  | Y  | N  | N  | N  | N  |
|      alu_en_ex_o_reg       | Flip-flop |   1   |  N  | N  | Y  | N  | N  | N  | N  |
|   alu_operator_ex_o_reg    | Flip-flop |   5   |  Y  | N  | Y  | N  | N  | N  | N  |
|   alu_operator_ex_o_reg    | Flip-flop |   2   |  Y  | N  | N  | Y  | N  | N  | N  |
|   alu_operand_a_ex_o_reg   | Flip-flop |  32   |  Y  | N  | Y  | N  | N  | N  | N  |
|   alu_operand_b_ex_o_reg   | Flip-flop |  32   |  Y  | N  | Y  | N  | N  | N  | N  |
|   alu_operand_c_ex_o_reg   | Flip-flop |  32   |  Y  | N  | Y  | N  | N  | N  | N  |
|      bmask_a_ex_o_reg      | Flip-flop |   5   |  Y  | N  | Y  | N  | N  | N  | N  |
|      bmask_b_ex_o_reg      | Flip-flop |   5   |  Y  | N  | Y  | N  | N  | N  | N  |
|    imm_vec_ext_ex_o_reg    | Flip-flop |   2   |  Y  | N  | Y  | N  | N  | N  | N  |
|   alu_vec_mode_ex_o_reg    | Flip-flop |   2   |  Y  | N  | Y  | N  | N  | N  | N  |
|  alu_clpx_shift_ex_o_reg   | Flip-flop |   2   |  Y  | N  | Y  | N  | N  | N  | N  |
|    alu_is_clpx_ex_o_reg    | Flip-flop |   1   |  N  | N  | Y  | N  | N  | N  | N  |
|   alu_is_subrot_ex_o_reg   | Flip-flop |   1   |  N  | N  | Y  | N  | N  | N  | N  |
|   mult_operator_ex_o_reg   | Flip-flop |   3   |  Y  | N  | Y  | N  | N  | N  | N  |
|  mult_operand_a_ex_o_reg   | Flip-flop |  32   |  Y  | N  | Y  | N  | N  | N  | N  |
|  mult_operand_b_ex_o_reg   | Flip-flop |  32   |  Y  | N  | Y  | N  | N  | N  | N  |
|  mult_operand_c_ex_o_reg   | Flip-flop |  32   |  Y  | N  | Y  | N  | N  | N  | N  |
|      mult_en_ex_o_reg      | Flip-flop |   1   |  N  | N  | Y  | N  | N  | N  | N  |
| mult_sel_subword_ex_o_reg  | Flip-flop |   1   |  N  | N  | Y  | N  | N  | N  | N  |
| mult_signed_mode_ex_o_reg  | Flip-flop |   2   |  Y  | N  | Y  | N  | N  | N  | N  |
|     mult_imm_ex_o_reg      | Flip-flop |   5   |  Y  | N  | Y  | N  | N  | N  | N  |
|   mult_dot_op_a_ex_o_reg   | Flip-flop |  32   |  Y  | N  | Y  | N  | N  | N  | N  |
|   mult_dot_op_b_ex_o_reg   | Flip-flop |  32   |  Y  | N  | Y  | N  | N  | N  | N  |
|   mult_dot_op_c_ex_o_reg   | Flip-flop |  32   |  Y  | N  | Y  | N  | N  | N  | N  |
|  mult_dot_signed_ex_o_reg  | Flip-flop |   2   |  Y  | N  | Y  | N  | N  | N  | N  |
|   mult_is_clpx_ex_o_reg    | Flip-flop |   1   |  N  | N  | Y  | N  | N  | N  | N  |
|  mult_clpx_shift_ex_o_reg  | Flip-flop |   2   |  Y  | N  | Y  | N  | N  | N  | N  |
|   mult_clpx_img_ex_o_reg   | Flip-flop |   1   |  N  | N  | Y  | N  | N  | N  | N  |
|      apu_en_ex_o_reg       | Flip-flop |   1   |  N  | N  | Y  | N  | N  | N  | N  |
|      apu_op_ex_o_reg       | Flip-flop |   6   |  Y  | N  | Y  | N  | N  | N  | N  |
|      apu_lat_ex_o_reg      | Flip-flop |   2   |  Y  | N  | Y  | N  | N  | N  | N  |
|   apu_operands_ex_o_reg    | Flip-flop |  96   |  Y  | N  | Y  | N  | N  | N  | N  |
|     apu_flags_ex_o_reg     | Flip-flop |  15   |  Y  | N  | Y  | N  | N  | N  | N  |
|     apu_waddr_ex_o_reg     | Flip-flop |   6   |  Y  | N  | Y  | N  | N  | N  | N  |
|   regfile_waddr_ex_o_reg   | Flip-flop |   6   |  Y  | N  | Y  | N  | N  | N  | N  |
|    regfile_we_ex_o_reg     | Flip-flop |   1   |  N  | N  | Y  | N  | N  | N  | N  |
| regfile_alu_waddr_ex_o_reg | Flip-flop |   6   |  Y  | N  | Y  | N  | N  | N  | N  |
|  regfile_alu_we_ex_o_reg   | Flip-flop |   1   |  N  | N  | Y  | N  | N  | N  | N  |
|  prepost_useincr_ex_o_reg  | Flip-flop |   1   |  N  | N  | Y  | N  | N  | N  | N  |
|    csr_access_ex_o_reg     | Flip-flop |   1   |  N  | N  | Y  | N  | N  | N  | N  |
|      csr_op_ex_o_reg       | Flip-flop |   2   |  Y  | N  | Y  | N  | N  | N  | N  |
|      data_we_ex_o_reg      | Flip-flop |   1   |  N  | N  | Y  | N  | N  | N  | N  |
|     data_type_ex_o_reg     | Flip-flop |   2   |  Y  | N  | Y  | N  | N  | N  | N  |
|   data_sign_ext_ex_o_reg   | Flip-flop |   2   |  Y  | N  | Y  | N  | N  | N  | N  |
|  data_reg_offset_ex_o_reg  | Flip-flop |   2   |  Y  | N  | Y  | N  | N  | N  | N  |
|     data_req_ex_o_reg      | Flip-flop |   1   |  N  | N  | Y  | N  | N  | N  | N  |
|  data_load_event_ex_o_reg  | Flip-flop |   1   |  N  | N  | Y  | N  | N  | N  | N  |
|       atop_ex_o_reg        | Flip-flop |   6   |  Y  | N  | Y  | N  | N  | N  | N  |
|  data_misaligned_ex_o_reg  | Flip-flop |   1   |  N  | N  | Y  | N  | N  | N  | N  |
|        pc_ex_o_reg         | Flip-flop |  32   |  Y  | N  | Y  | N  | N  | N  | N  |
======================================================================================

Inferred memory devices in process
	in routine cv32e40p_id_stage_COREV_PULP0_COREV_CLUSTER0_N_HWLP2_PULP_SECURE0_USE_PMP0_A_EXTENSION0_APU0_FPU0_FPU_ADDMUL_LAT0_FPU_OTHERS_LAT0_ZFINX0_APU_NARGS_CPU3_APU_WOP_CPU6_APU_NDSFLAGS_CPU15_APU_NUSFLAGS_CPU5_DEBUG_TRIGGER_EN1 line 1641 in file
		'/home/ICer/ITI/PnR_Grad/rtl/cv32e40p_id_stage.sv'.
========================================================================================
|        Register Name         |   Type    | Width | Bus | MB | AR | AS | SR | SS | ST |
========================================================================================
|  mhpmevent_pipe_stall_o_reg  | Flip-flop |   1   |  N  | N  | Y  | N  | N  | N  | N  |
|        id_valid_q_reg        | Flip-flop |   1   |  N  | N  | Y  | N  | N  | N  | N  |
|   mhpmevent_minstret_o_reg   | Flip-flop |   1   |  N  | N  | Y  | N  | N  | N  | N  |
|     mhpmevent_load_o_reg     | Flip-flop |   1   |  N  | N  | Y  | N  | N  | N  | N  |
|    mhpmevent_store_o_reg     | Flip-flop |   1   |  N  | N  | Y  | N  | N  | N  | N  |
|     mhpmevent_jump_o_reg     | Flip-flop |   1   |  N  | N  | Y  | N  | N  | N  | N  |
|    mhpmevent_branch_o_reg    | Flip-flop |   1   |  N  | N  | Y  | N  | N  | N  | N  |
|  mhpmevent_compressed_o_reg  | Flip-flop |   1   |  N  | N  | Y  | N  | N  | N  | N  |
| mhpmevent_branch_taken_o_reg | Flip-flop |   1   |  N  | N  | Y  | N  | N  | N  | N  |
|   mhpmevent_jr_stall_o_reg   | Flip-flop |   1   |  N  | N  | Y  | N  | N  | N  | N  |
|    mhpmevent_imiss_o_reg     | Flip-flop |   1   |  N  | N  | Y  | N  | N  | N  | N  |
|   mhpmevent_ld_stall_o_reg   | Flip-flop |   1   |  N  | N  | Y  | N  | N  | N  | N  |
========================================================================================
Presto compilation completed successfully.
Information: Building the design 'cv32e40p_ex_stage' instantiated from design 'cv32e40p_core_COREV_PULP0_COREV_CLUSTER0_FPU0_FPU_ADDMUL_LAT0_FPU_OTHERS_LAT0_ZFINX0_NUM_MHPMCOUNTERS1' with
	the parameters "COREV_PULP=0,FPU=0,APU_NARGS_CPU=3,APU_WOP_CPU=6,APU_NDSFLAGS_CPU=15,APU_NUSFLAGS_CPU=5". (HDL-193)

Inferred memory devices in process
	in routine cv32e40p_ex_stage_COREV_PULP0_FPU0_APU_NARGS_CPU3_APU_WOP_CPU6_APU_NDSFLAGS_CPU15_APU_NUSFLAGS_CPU5 line 452 in file
		'/home/ICer/ITI/PnR_Grad/rtl/cv32e40p_ex_stage.sv'.
=================================================================================
|     Register Name     |   Type    | Width | Bus | MB | AR | AS | SR | SS | ST |
=================================================================================
|  regfile_we_lsu_reg   | Flip-flop |   1   |  N  | N  | Y  | N  | N  | N  | N  |
| regfile_waddr_lsu_reg | Flip-flop |   6   |  Y  | N  | Y  | N  | N  | N  | N  |
=================================================================================
Presto compilation completed successfully.
Information: Building the design 'cv32e40p_load_store_unit' instantiated from design 'cv32e40p_core_COREV_PULP0_COREV_CLUSTER0_FPU0_FPU_ADDMUL_LAT0_FPU_OTHERS_LAT0_ZFINX0_NUM_MHPMCOUNTERS1' with
	the parameters "PULP_OBI=0". (HDL-193)

Statistics for case statements in always block at line 119 in file
	'/home/ICer/ITI/PnR_Grad/rtl/cv32e40p_load_store_unit.sv'
===============================================
|           Line           |  full/ parallel  |
===============================================
|           120            |    auto/auto     |
|           123            |    auto/auto     |
|           131            |    auto/auto     |
|           143            |    auto/auto     |
|           156            |    auto/auto     |
===============================================

Statistics for case statements in always block at line 172 in file
	'/home/ICer/ITI/PnR_Grad/rtl/cv32e40p_load_store_unit.sv'
===============================================
|           Line           |  full/ parallel  |
===============================================
|           173            |    auto/auto     |
===============================================

Statistics for case statements in always block at line 222 in file
	'/home/ICer/ITI/PnR_Grad/rtl/cv32e40p_load_store_unit.sv'
===============================================
|           Line           |  full/ parallel  |
===============================================
|           223            |    auto/auto     |
===============================================

Statistics for case statements in always block at line 232 in file
	'/home/ICer/ITI/PnR_Grad/rtl/cv32e40p_load_store_unit.sv'
===============================================
|           Line           |  full/ parallel  |
===============================================
|           233            |    auto/auto     |
===============================================

Statistics for case statements in always block at line 262 in file
	'/home/ICer/ITI/PnR_Grad/rtl/cv32e40p_load_store_unit.sv'
===============================================
|           Line           |  full/ parallel  |
===============================================
|           263            |    auto/auto     |
===============================================

Statistics for case statements in always block at line 291 in file
	'/home/ICer/ITI/PnR_Grad/rtl/cv32e40p_load_store_unit.sv'
===============================================
|           Line           |  full/ parallel  |
===============================================
|           292            |    auto/auto     |
===============================================

Statistics for case statements in always block at line 328 in file
	'/home/ICer/ITI/PnR_Grad/rtl/cv32e40p_load_store_unit.sv'
===============================================
|           Line           |  full/ parallel  |
===============================================
|           332            |    auto/auto     |
===============================================

Statistics for case statements in always block at line 418 in file
	'/home/ICer/ITI/PnR_Grad/rtl/cv32e40p_load_store_unit.sv'
===============================================
|           Line           |  full/ parallel  |
===============================================
|           419            |    user/user     |
===============================================

Inferred memory devices in process
	in routine cv32e40p_load_store_unit_PULP_OBI0 line 184 in file
		'/home/ICer/ITI/PnR_Grad/rtl/cv32e40p_load_store_unit.sv'.
=================================================================================
|     Register Name     |   Type    | Width | Bus | MB | AR | AS | SR | SS | ST |
=================================================================================
| data_load_event_q_reg | Flip-flop |   1   |  N  | N  | Y  | N  | N  | N  | N  |
|    data_type_q_reg    | Flip-flop |   2   |  Y  | N  | Y  | N  | N  | N  | N  |
|  rdata_offset_q_reg   | Flip-flop |   2   |  Y  | N  | Y  | N  | N  | N  | N  |
|  data_sign_ext_q_reg  | Flip-flop |   2   |  Y  | N  | Y  | N  | N  | N  | N  |
|     data_we_q_reg     | Flip-flop |   1   |  N  | N  | Y  | N  | N  | N  | N  |
=================================================================================

Inferred memory devices in process
	in routine cv32e40p_load_store_unit_PULP_OBI0 line 299 in file
		'/home/ICer/ITI/PnR_Grad/rtl/cv32e40p_load_store_unit.sv'.
===============================================================================
|    Register Name    |   Type    | Width | Bus | MB | AR | AS | SR | SS | ST |
===============================================================================
|     rdata_q_reg     | Flip-flop |  32   |  Y  | N  | Y  | N  | N  | N  | N  |
===============================================================================

Inferred memory devices in process
	in routine cv32e40p_load_store_unit_PULP_OBI0 line 442 in file
		'/home/ICer/ITI/PnR_Grad/rtl/cv32e40p_load_store_unit.sv'.
===============================================================================
|    Register Name    |   Type    | Width | Bus | MB | AR | AS | SR | SS | ST |
===============================================================================
|      cnt_q_reg      | Flip-flop |   2   |  Y  | N  | Y  | N  | N  | N  | N  |
===============================================================================
Presto compilation completed successfully.
Information: Building the design 'cv32e40p_cs_registers' instantiated from design 'cv32e40p_core_COREV_PULP0_COREV_CLUSTER0_FPU0_FPU_ADDMUL_LAT0_FPU_OTHERS_LAT0_ZFINX0_NUM_MHPMCOUNTERS1' with
	the parameters "N_HWLP=2,A_EXTENSION=0,FPU=0,ZFINX=0,APU=0,PULP_SECURE=0,USE_PMP=0,N_PMP_ENTRIES=16,NUM_MHPMCOUNTERS=1,COREV_PULP=0,COREV_CLUSTER=0,DEBUG_TRIGGER_EN=1". (HDL-193)
Warning:  /home/ICer/ITI/PnR_Grad/rtl/cv32e40p_cs_registers.sv:177: signed to unsigned conversion occurs. (VER-318)
Warning:  /home/ICer/ITI/PnR_Grad/rtl/cv32e40p_cs_registers.sv:177: signed to unsigned conversion occurs. (VER-318)
Warning:  /home/ICer/ITI/PnR_Grad/rtl/cv32e40p_cs_registers.sv:1278: signed to unsigned assignment occurs. (VER-318)
Warning:  /home/ICer/ITI/PnR_Grad/rtl/cv32e40p_cs_registers.sv:886: Statement unreachable (Branch condition impossible to meet).  (VER-61)
Warning:  /home/ICer/ITI/PnR_Grad/rtl/cv32e40p_cs_registers.sv:923: Statement unreachable (Branch condition impossible to meet).  (VER-61)
Warning:  /home/ICer/ITI/PnR_Grad/rtl/cv32e40p_cs_registers.sv:932: Statement unreachable (Branch condition impossible to meet).  (VER-61)
Warning:  /home/ICer/ITI/PnR_Grad/rtl/cv32e40p_cs_registers.sv:941: Statement unreachable (Branch condition impossible to meet).  (VER-61)
Warning:  /home/ICer/ITI/PnR_Grad/rtl/cv32e40p_cs_registers.sv:962: Statement unreachable (Branch condition impossible to meet).  (VER-61)
Warning:  /home/ICer/ITI/PnR_Grad/rtl/cv32e40p_cs_registers.sv:1027: Statement unreachable (Branch condition impossible to meet).  (VER-61)
Warning:  /home/ICer/ITI/PnR_Grad/rtl/cv32e40p_cs_registers.sv:1180: Statement unreachable (Branch condition impossible to meet).  (VER-61)
Warning:  /home/ICer/ITI/PnR_Grad/rtl/cv32e40p_cs_registers.sv:1199: Concatenations cannot have unsized numbers; assuming 32 bits. (ELAB-332)
Warning:  /home/ICer/ITI/PnR_Grad/rtl/cv32e40p_cs_registers.sv:1199: Concatenations cannot have unsized numbers; assuming 32 bits. (ELAB-332)
Warning:  /home/ICer/ITI/PnR_Grad/rtl/cv32e40p_cs_registers.sv:1199: Concatenations cannot have unsized numbers; assuming 32 bits. (ELAB-332)
Warning:  /home/ICer/ITI/PnR_Grad/rtl/cv32e40p_cs_registers.sv:1199: Concatenations cannot have unsized numbers; assuming 32 bits. (ELAB-332)
Warning:  /home/ICer/ITI/PnR_Grad/rtl/cv32e40p_cs_registers.sv:1199: Concatenations cannot have unsized numbers; assuming 32 bits. (ELAB-332)
Warning:  /home/ICer/ITI/PnR_Grad/rtl/cv32e40p_cs_registers.sv:1199: Concatenations cannot have unsized numbers; assuming 32 bits. (ELAB-332)
Warning:  /home/ICer/ITI/PnR_Grad/rtl/cv32e40p_cs_registers.sv:1199: Concatenations cannot have unsized numbers; assuming 32 bits. (ELAB-332)
Warning:  /home/ICer/ITI/PnR_Grad/rtl/cv32e40p_cs_registers.sv:1199: Concatenations cannot have unsized numbers; assuming 32 bits. (ELAB-332)
Warning:  /home/ICer/ITI/PnR_Grad/rtl/cv32e40p_cs_registers.sv:1199: Concatenations cannot have unsized numbers; assuming 32 bits. (ELAB-332)
Warning:  /home/ICer/ITI/PnR_Grad/rtl/cv32e40p_cs_registers.sv:1199: Concatenations cannot have unsized numbers; assuming 32 bits. (ELAB-332)
Warning:  /home/ICer/ITI/PnR_Grad/rtl/cv32e40p_cs_registers.sv:1199: Concatenations cannot have unsized numbers; assuming 32 bits. (ELAB-332)
Warning:  /home/ICer/ITI/PnR_Grad/rtl/cv32e40p_cs_registers.sv:1213: Statement unreachable (Branch condition impossible to meet).  (VER-61)
Warning:  /home/ICer/ITI/PnR_Grad/rtl/cv32e40p_cs_registers.sv:1220: Statement unreachable (Branch condition impossible to meet).  (VER-61)
Warning:  /home/ICer/ITI/PnR_Grad/rtl/cv32e40p_cs_registers.sv:1399: Statement unreachable (Branch condition impossible to meet).  (VER-61)
Warning:  /home/ICer/ITI/PnR_Grad/rtl/cv32e40p_cs_registers.sv:1468: Statement unreachable (Branch condition impossible to meet).  (VER-61)
Warning:  /home/ICer/ITI/PnR_Grad/rtl/cv32e40p_cs_registers.sv:1468: Statement unreachable (Branch condition impossible to meet).  (VER-61)
Warning:  /home/ICer/ITI/PnR_Grad/rtl/cv32e40p_cs_registers.sv:1468: Statement unreachable (Branch condition impossible to meet).  (VER-61)

Statistics for case statements in always block at line 258 in file
	'/home/ICer/ITI/PnR_Grad/rtl/cv32e40p_cs_registers.sv'
===============================================
|           Line           |  full/ parallel  |
===============================================
|           262            |    auto/auto     |
===============================================

Statistics for case statements in always block at line 458 in file
	'/home/ICer/ITI/PnR_Grad/rtl/cv32e40p_cs_registers.sv'
===============================================
|           Line           |  full/ parallel  |
===============================================
|           460            |    auto/auto     |
===============================================

Statistics for case statements in always block at line 885 in file
	'/home/ICer/ITI/PnR_Grad/rtl/cv32e40p_cs_registers.sv'
===============================================
|           Line           |  full/ parallel  |
===============================================
|           920            |     no/auto      |
|           1041           |    user/user     |
|           1044           |    user/user     |
===============================================

Statistics for case statements in always block at line 1085 in file
	'/home/ICer/ITI/PnR_Grad/rtl/cv32e40p_cs_registers.sv'
===============================================
|           Line           |  full/ parallel  |
===============================================
|           1089           |    auto/auto     |
===============================================

Inferred memory devices in process
	in routine cv32e40p_cs_registers_N_HWLP2_APU0_A_EXTENSION0_FPU0_ZFINX0_PULP_SECURE0_USE_PMP0_N_PMP_ENTRIES16_NUM_MHPMCOUNTERS1_COREV_PULP0_COREV_CLUSTER0_DEBUG_TRIGGER_EN1 line 1178 in file
		'/home/ICer/ITI/PnR_Grad/rtl/cv32e40p_cs_registers.sv'.
===============================================================================
|    Register Name    |   Type    | Width | Bus | MB | AR | AS | SR | SS | ST |
===============================================================================
|  mtvec_mode_q_reg   | Flip-flop |   1   |  N  | N  | Y  | N  | N  | N  | N  |
|  mtvec_mode_q_reg   | Flip-flop |   1   |  N  | N  | N  | Y  | N  | N  | N  |
|    mstatus_q_reg    | Flip-flop |   5   |  Y  | N  | Y  | N  | N  | N  | N  |
|    mstatus_q_reg    | Flip-flop |   2   |  Y  | N  | N  | Y  | N  | N  | N  |
|     mepc_q_reg      | Flip-flop |  32   |  Y  | N  | Y  | N  | N  | N  | N  |
|    mcause_q_reg     | Flip-flop |   6   |  Y  | N  | Y  | N  | N  | N  | N  |
|     depc_q_reg      | Flip-flop |  32   |  Y  | N  | Y  | N  | N  | N  | N  |
|     dcsr_q_reg      | Flip-flop |  29   |  Y  | N  | Y  | N  | N  | N  | N  |
|     dcsr_q_reg      | Flip-flop |   3   |  Y  | N  | N  | Y  | N  | N  | N  |
|   dscratch0_q_reg   | Flip-flop |  32   |  Y  | N  | Y  | N  | N  | N  | N  |
|   dscratch1_q_reg   | Flip-flop |  32   |  Y  | N  | Y  | N  | N  | N  | N  |
|   mscratch_q_reg    | Flip-flop |  32   |  Y  | N  | Y  | N  | N  | N  | N  |
|      mie_q_reg      | Flip-flop |  32   |  Y  | N  | Y  | N  | N  | N  | N  |
|     mtvec_q_reg     | Flip-flop |  24   |  Y  | N  | Y  | N  | N  | N  | N  |
===============================================================================

Inferred memory devices in process
	in routine cv32e40p_cs_registers_N_HWLP2_APU0_A_EXTENSION0_FPU0_ZFINX0_PULP_SECURE0_USE_PMP0_N_PMP_ENTRIES16_NUM_MHPMCOUNTERS1_COREV_PULP0_COREV_CLUSTER0_DEBUG_TRIGGER_EN1 line 1267 in file
		'/home/ICer/ITI/PnR_Grad/rtl/cv32e40p_cs_registers.sv'.
======================================================================================================
|               Register Name                |   Type    | Width | Bus | MB | AR | AS | SR | SS | ST |
======================================================================================================
|    gen_trigger_regs.tmatch_value_q_reg     | Flip-flop |  32   |  Y  | N  | Y  | N  | N  | N  | N  |
| gen_trigger_regs.tmatch_control_exec_q_reg | Flip-flop |   1   |  N  | N  | Y  | N  | N  | N  | N  |
======================================================================================================

Inferred memory devices in process
	in routine cv32e40p_cs_registers_N_HWLP2_APU0_A_EXTENSION0_FPU0_ZFINX0_PULP_SECURE0_USE_PMP0_N_PMP_ENTRIES16_NUM_MHPMCOUNTERS1_COREV_PULP0_COREV_CLUSTER0_DEBUG_TRIGGER_EN1 line 1464 in file
		'/home/ICer/ITI/PnR_Grad/rtl/cv32e40p_cs_registers.sv'.
===============================================================================
|    Register Name    |   Type    | Width | Bus | MB | AR | AS | SR | SS | ST |
===============================================================================
|  mhpmcounter_q_reg  | Flip-flop |  192  |  Y  | N  | Y  | N  | N  | N  | N  |
===============================================================================

Inferred memory devices in process
	in routine cv32e40p_cs_registers_N_HWLP2_APU0_A_EXTENSION0_FPU0_ZFINX0_PULP_SECURE0_USE_PMP0_N_PMP_ENTRIES16_NUM_MHPMCOUNTERS1_COREV_PULP0_COREV_CLUSTER0_DEBUG_TRIGGER_EN1 line 1495 in file
		'/home/ICer/ITI/PnR_Grad/rtl/cv32e40p_cs_registers.sv'.
===============================================================================
|    Register Name    |   Type    | Width | Bus | MB | AR | AS | SR | SS | ST |
===============================================================================
|   mhpmevent_q_reg   | Flip-flop |  16   |  Y  | N  | Y  | N  | N  | N  | N  |
===============================================================================

Inferred memory devices in process
	in routine cv32e40p_cs_registers_N_HWLP2_APU0_A_EXTENSION0_FPU0_ZFINX0_PULP_SECURE0_USE_PMP0_N_PMP_ENTRIES16_NUM_MHPMCOUNTERS1_COREV_PULP0_COREV_CLUSTER0_DEBUG_TRIGGER_EN1 line 1528 in file
		'/home/ICer/ITI/PnR_Grad/rtl/cv32e40p_cs_registers.sv'.
===============================================================================
|    Register Name    |   Type    | Width | Bus | MB | AR | AS | SR | SS | ST |
===============================================================================
| mcountinhibit_q_reg | Flip-flop |   3   |  Y  | N  | N  | Y  | N  | N  | N  |
===============================================================================
Statistics for MUX_OPs
==========================================================================================================================================================================================================
|                                                                           block name/line                                                                            | Inputs | Outputs | # sel inputs |
==========================================================================================================================================================================================================
| cv32e40p_cs_registers_N_HWLP2_APU0_A_EXTENSION0_FPU0_ZFINX0_PULP_SECURE0_USE_PMP0_N_PMP_ENTRIES16_NUM_MHPMCOUNTERS1_COREV_PULP0_COREV_CLUSTER0_DEBUG_TRIGGER_EN1/549 |   32   |   81    |      5       |
==========================================================================================================================================================================================================
Presto compilation completed successfully.
Information: Building the design 'cv32e40p_clock_gate'. (HDL-193)
Presto compilation completed successfully.
Information: Building the design 'cv32e40p_prefetch_buffer' instantiated from design 'cv32e40p_if_stage_COREV_PULP0_PULP_OBI0_PULP_SECURE0_FPU0_ZFINX0' with
	the parameters "PULP_OBI=0,COREV_PULP=0". (HDL-193)
Presto compilation completed successfully.
Information: Building the design 'cv32e40p_aligner'. (HDL-193)

Statistics for case statements in always block at line 91 in file
	'/home/ICer/ITI/PnR_Grad/rtl/cv32e40p_aligner.sv'
===============================================
|           Line           |  full/ parallel  |
===============================================
|           102            |    auto/auto     |
===============================================

Inferred memory devices in process
	in routine cv32e40p_aligner line 66 in file
		'/home/ICer/ITI/PnR_Grad/rtl/cv32e40p_aligner.sv'.
================================================================================
|    Register Name     |   Type    | Width | Bus | MB | AR | AS | SR | SS | ST |
================================================================================
| hwlp_update_pc_q_reg | Flip-flop |   1   |  N  | N  | Y  | N  | N  | N  | N  |
|      state_reg       | Flip-flop |   3   |  Y  | N  | Y  | N  | N  | N  | N  |
|    r_instr_h_reg     | Flip-flop |  16   |  Y  | N  | Y  | N  | N  | N  | N  |
|   hwlp_addr_q_reg    | Flip-flop |  32   |  Y  | N  | Y  | N  | N  | N  | N  |
|       pc_q_reg       | Flip-flop |  32   |  Y  | N  | Y  | N  | N  | N  | N  |
| aligner_ready_q_reg  | Flip-flop |   1   |  N  | N  | Y  | N  | N  | N  | N  |
================================================================================
Presto compilation completed successfully.
Information: Building the design 'cv32e40p_compressed_decoder' instantiated from design 'cv32e40p_if_stage_COREV_PULP0_PULP_OBI0_PULP_SECURE0_FPU0_ZFINX0' with
	the parameters "FPU=0,ZFINX=0". (HDL-193)

Statistics for case statements in always block at line 48 in file
	'/home/ICer/ITI/PnR_Grad/rtl/cv32e40p_compressed_decoder.sv'
===============================================
|           Line           |  full/ parallel  |
===============================================
|            52            |    user/user     |
|            55            |    user/user     |
|           195            |    user/user     |
|           272            |    user/user     |
|           339            |    user/user     |
|           436            |    user/user     |
===============================================
Presto compilation completed successfully.
Information: Building the design 'cv32e40p_register_file' instantiated from design 'cv32e40p_id_stage_COREV_PULP0_COREV_CLUSTER0_N_HWLP2_PULP_SECURE0_USE_PMP0_A_EXTENSION0_APU0_FPU0_FPU_ADDMUL_LAT0_FPU_OTHERS_LAT0_ZFINX0_APU_NARGS_CPU3_APU_WOP_CPU6_APU_NDSFLAGS_CPU15_APU_NUSFLAGS_CPU5_DEBUG_TRIGGER_EN1' with
	the parameters "ADDR_WIDTH=6,DATA_WIDTH=32,FPU=0,ZFINX=0". (HDL-193)

Inferred memory devices in process
	in routine cv32e40p_register_file_ADDR_WIDTH6_DATA_WIDTH32_FPU0_ZFINX0 line 116 in file
		'/home/ICer/ITI/PnR_Grad/rtl/cv32e40p_register_file_ff.sv'.
===============================================================================
|    Register Name    |   Type    | Width | Bus | MB | AR | AS | SR | SS | ST |
===============================================================================
|       mem_reg       | Flip-flop |  32   |  Y  | N  | Y  | N  | N  | N  | N  |
===============================================================================

Inferred memory devices in process
	in routine cv32e40p_register_file_ADDR_WIDTH6_DATA_WIDTH32_FPU0_ZFINX0 line 129 in file
		'/home/ICer/ITI/PnR_Grad/rtl/cv32e40p_register_file_ff.sv'.
===============================================================================
|    Register Name    |   Type    | Width | Bus | MB | AR | AS | SR | SS | ST |
===============================================================================
|       mem_reg       | Flip-flop |  992  |  Y  | N  | Y  | N  | N  | N  | N  |
===============================================================================
Statistics for MUX_OPs
====================================================================================================
|                        block name/line                         | Inputs | Outputs | # sel inputs |
====================================================================================================
| cv32e40p_register_file_ADDR_WIDTH6_DATA_WIDTH32_FPU0_ZFINX0/89 |   32   |   33    |      5       |
| cv32e40p_register_file_ADDR_WIDTH6_DATA_WIDTH32_FPU0_ZFINX0/90 |   32   |   33    |      5       |
| cv32e40p_register_file_ADDR_WIDTH6_DATA_WIDTH32_FPU0_ZFINX0/91 |   32   |   33    |      5       |
====================================================================================================
Presto compilation completed successfully.
Information: Building the design 'cv32e40p_decoder' instantiated from design 'cv32e40p_id_stage_COREV_PULP0_COREV_CLUSTER0_N_HWLP2_PULP_SECURE0_USE_PMP0_A_EXTENSION0_APU0_FPU0_FPU_ADDMUL_LAT0_FPU_OTHERS_LAT0_ZFINX0_APU_NARGS_CPU3_APU_WOP_CPU6_APU_NDSFLAGS_CPU15_APU_NUSFLAGS_CPU5_DEBUG_TRIGGER_EN1' with
	the parameters "COREV_PULP=0,COREV_CLUSTER=0,A_EXTENSION=0,FPU=0,FPU_ADDMUL_LAT=0,FPU_OTHERS_LAT=0,ZFINX=0,PULP_SECURE=0,USE_PMP=0,APU_WOP_CPU=6,DEBUG_TRIGGER_EN=1". (HDL-193)
Warning:  /home/ICer/ITI/PnR_Grad/rtl/cv32e40p_decoder.sv:892: signed to unsigned conversion occurs. (VER-318)
Warning:  /home/ICer/ITI/PnR_Grad/rtl/cv32e40p_decoder.sv:902: signed to unsigned conversion occurs. (VER-318)
Warning:  /home/ICer/ITI/PnR_Grad/rtl/cv32e40p_decoder.sv:904: signed to unsigned conversion occurs. (VER-318)
Warning:  /home/ICer/ITI/PnR_Grad/rtl/cv32e40p_decoder.sv:1348: signed to unsigned conversion occurs. (VER-318)
Warning:  /home/ICer/ITI/PnR_Grad/rtl/cv32e40p_decoder.sv:1359: signed to unsigned conversion occurs. (VER-318)
Warning:  /home/ICer/ITI/PnR_Grad/rtl/cv32e40p_decoder.sv:1361: signed to unsigned conversion occurs. (VER-318)
Warning:  /home/ICer/ITI/PnR_Grad/rtl/cv32e40p_decoder.sv:1478: signed to unsigned conversion occurs. (VER-318)
Warning:  /home/ICer/ITI/PnR_Grad/rtl/cv32e40p_decoder.sv:731: Statement unreachable (Branch condition impossible to meet).  (VER-61)
Warning:  /home/ICer/ITI/PnR_Grad/rtl/cv32e40p_decoder.sv:843: Statement unreachable (Branch condition impossible to meet).  (VER-61)
Warning:  /home/ICer/ITI/PnR_Grad/rtl/cv32e40p_decoder.sv:1094: Statement unreachable (Branch condition impossible to meet).  (VER-61)
Warning:  /home/ICer/ITI/PnR_Grad/rtl/cv32e40p_decoder.sv:1114: Statement unreachable (Branch condition impossible to meet).  (VER-61)
Warning:  /home/ICer/ITI/PnR_Grad/rtl/cv32e40p_decoder.sv:1191: Statement unreachable (Branch condition impossible to meet).  (VER-61)
Warning:  /home/ICer/ITI/PnR_Grad/rtl/cv32e40p_decoder.sv:1216: Statement unreachable (Branch condition impossible to meet).  (VER-61)
Warning:  /home/ICer/ITI/PnR_Grad/rtl/cv32e40p_decoder.sv:1310: Statement unreachable (Branch condition impossible to meet).  (VER-61)
Warning:  /home/ICer/ITI/PnR_Grad/rtl/cv32e40p_decoder.sv:1013: Statement unreachable (Branch condition impossible to meet).  (VER-61)
Warning:  /home/ICer/ITI/PnR_Grad/rtl/cv32e40p_decoder.sv:1444: Statement unreachable (Branch condition impossible to meet).  (VER-61)
Warning:  /home/ICer/ITI/PnR_Grad/rtl/cv32e40p_decoder.sv:1379: Statement unreachable (Branch condition impossible to meet).  (VER-61)
Warning:  /home/ICer/ITI/PnR_Grad/rtl/cv32e40p_decoder.sv:1514: Statement unreachable (Branch condition impossible to meet).  (VER-61)
Warning:  /home/ICer/ITI/PnR_Grad/rtl/cv32e40p_decoder.sv:1517: Statement unreachable (Branch condition impossible to meet).  (VER-61)
Warning:  /home/ICer/ITI/PnR_Grad/rtl/cv32e40p_decoder.sv:1523: Statement unreachable (Branch condition impossible to meet).  (VER-61)
Warning:  /home/ICer/ITI/PnR_Grad/rtl/cv32e40p_decoder.sv:1496: Statement unreachable (Branch condition impossible to meet).  (VER-61)
Warning:  /home/ICer/ITI/PnR_Grad/rtl/cv32e40p_decoder.sv:1557: Statement unreachable (Branch condition impossible to meet).  (VER-61)
Warning:  /home/ICer/ITI/PnR_Grad/rtl/cv32e40p_decoder.sv:1560: Statement unreachable (Branch condition impossible to meet).  (VER-61)
Warning:  /home/ICer/ITI/PnR_Grad/rtl/cv32e40p_decoder.sv:1566: Statement unreachable (Branch condition impossible to meet).  (VER-61)
Warning:  /home/ICer/ITI/PnR_Grad/rtl/cv32e40p_decoder.sv:1540: Statement unreachable (Branch condition impossible to meet).  (VER-61)
Warning:  /home/ICer/ITI/PnR_Grad/rtl/cv32e40p_decoder.sv:1577: Statement unreachable (Branch condition impossible to meet).  (VER-61)
Warning:  /home/ICer/ITI/PnR_Grad/rtl/cv32e40p_decoder.sv:2914: Statement unreachable (Branch condition impossible to meet).  (VER-61)
Warning:  /home/ICer/ITI/PnR_Grad/rtl/cv32e40p_decoder.sv:533: Statement unreachable (Branch condition impossible to meet).  (VER-61)

Statistics for case statements in always block at line 198 in file
	'/home/ICer/ITI/PnR_Grad/rtl/cv32e40p_decoder.sv'
===============================================
|           Line           |  full/ parallel  |
===============================================
|           293            |    user/user     |
|           342            |    user/user     |
|           376            |    user/user     |
|           401            |    user/user     |
|           487            |    user/user     |
|           925            |    user/user     |
|           2683           |    user/user     |
|           2704           |    user/user     |
|           2775           |    user/user     |
|           2788           |    auto/auto     |
===============================================
Presto compilation completed successfully.
Information: Building the design 'cv32e40p_controller' instantiated from design 'cv32e40p_id_stage_COREV_PULP0_COREV_CLUSTER0_N_HWLP2_PULP_SECURE0_USE_PMP0_A_EXTENSION0_APU0_FPU0_FPU_ADDMUL_LAT0_FPU_OTHERS_LAT0_ZFINX0_APU_NARGS_CPU3_APU_WOP_CPU6_APU_NDSFLAGS_CPU15_APU_NUSFLAGS_CPU5_DEBUG_TRIGGER_EN1' with
	the parameters "COREV_CLUSTER=0,COREV_PULP=0,FPU=0". (HDL-193)
Warning:  /home/ICer/ITI/PnR_Grad/rtl/cv32e40p_controller.sv:952: Statement unreachable (Branch condition impossible to meet).  (VER-61)
Warning:  /home/ICer/ITI/PnR_Grad/rtl/cv32e40p_controller.sv:992: Statement unreachable (Branch condition impossible to meet).  (VER-61)

Statistics for case statements in always block at line 256 in file
	'/home/ICer/ITI/PnR_Grad/rtl/cv32e40p_controller.sv'
===============================================
|           Line           |  full/ parallel  |
===============================================
|           330            |    user/user     |
|           541            |    user/user     |
|           677            |    user/user     |
|           932            |    user/user     |
|           1054           |    user/user     |
|           1122           |    user/user     |
===============================================

Statistics for case statements in always block at line 1508 in file
	'/home/ICer/ITI/PnR_Grad/rtl/cv32e40p_controller.sv'
===============================================
|           Line           |  full/ parallel  |
===============================================
|           1512           |    auto/auto     |
===============================================

Inferred memory devices in process
	in routine cv32e40p_controller_COREV_CLUSTER0_COREV_PULP0_FPU0 line 1433 in file
		'/home/ICer/ITI/PnR_Grad/rtl/cv32e40p_controller.sv'.
====================================================================================
|      Register Name       |   Type    | Width | Bus | MB | AR | AS | SR | SS | ST |
====================================================================================
| debug_force_wakeup_q_reg | Flip-flop |   1   |  N  | N  | Y  | N  | N  | N  | N  |
|     ctrl_fsm_cs_reg      | Flip-flop |   5   |  Y  | N  | Y  | N  | N  | N  | N  |
|     jump_done_q_reg      | Flip-flop |   1   |  N  | N  | Y  | N  | N  | N  | N  |
|      data_err_q_reg      | Flip-flop |   1   |  N  | N  | Y  | N  | N  | N  | N  |
|     debug_mode_q_reg     | Flip-flop |   1   |  N  | N  | Y  | N  | N  | N  | N  |
|    illegal_insn_q_reg    | Flip-flop |   1   |  N  | N  | Y  | N  | N  | N  | N  |
|  debug_req_entry_q_reg   | Flip-flop |   1   |  N  | N  | Y  | N  | N  | N  | N  |
====================================================================================

Inferred memory devices in process
	in routine cv32e40p_controller_COREV_CLUSTER0_COREV_PULP0_FPU0 line 1486 in file
		'/home/ICer/ITI/PnR_Grad/rtl/cv32e40p_controller.sv'.
===============================================================================
|    Register Name    |   Type    | Width | Bus | MB | AR | AS | SR | SS | ST |
===============================================================================
|   debug_req_q_reg   | Flip-flop |   1   |  N  | N  | Y  | N  | N  | N  | N  |
===============================================================================

Inferred memory devices in process
	in routine cv32e40p_controller_COREV_CLUSTER0_COREV_PULP0_FPU0 line 1496 in file
		'/home/ICer/ITI/PnR_Grad/rtl/cv32e40p_controller.sv'.
===============================================================================
|    Register Name    |   Type    | Width | Bus | MB | AR | AS | SR | SS | ST |
===============================================================================
|  debug_fsm_cs_reg   | Flip-flop |   2   |  Y  | N  | Y  | N  | N  | N  | N  |
|  debug_fsm_cs_reg   | Flip-flop |   1   |  N  | N  | N  | Y  | N  | N  | N  |
===============================================================================
Presto compilation completed successfully.
Information: Building the design 'cv32e40p_int_controller' instantiated from design 'cv32e40p_id_stage_COREV_PULP0_COREV_CLUSTER0_N_HWLP2_PULP_SECURE0_USE_PMP0_A_EXTENSION0_APU0_FPU0_FPU_ADDMUL_LAT0_FPU_OTHERS_LAT0_ZFINX0_APU_NARGS_CPU3_APU_WOP_CPU6_APU_NDSFLAGS_CPU15_APU_NUSFLAGS_CPU5_DEBUG_TRIGGER_EN1' with
	the parameters "PULP_SECURE=0". (HDL-193)

Inferred memory devices in process
	in routine cv32e40p_int_controller_PULP_SECURE0 line 59 in file
		'/home/ICer/ITI/PnR_Grad/rtl/cv32e40p_int_controller.sv'.
===============================================================================
|    Register Name    |   Type    | Width | Bus | MB | AR | AS | SR | SS | ST |
===============================================================================
|    irq_sec_q_reg    | Flip-flop |   1   |  N  | N  | Y  | N  | N  | N  | N  |
|      irq_q_reg      | Flip-flop |  32   |  Y  | N  | Y  | N  | N  | N  | N  |
===============================================================================
Presto compilation completed successfully.
Information: Building the design 'cv32e40p_alu'. (HDL-193)
Warning:  /home/ICer/ITI/PnR_Grad/rtl/cv32e40p_alu.sv:168: signed to unsigned assignment occurs. (VER-318)
Warning:  /home/ICer/ITI/PnR_Grad/rtl/cv32e40p_alu.sv:266: signed to unsigned conversion occurs. (VER-318)
Warning:  /home/ICer/ITI/PnR_Grad/rtl/cv32e40p_alu.sv:275: signed to unsigned assignment occurs. (VER-318)
Warning:  /home/ICer/ITI/PnR_Grad/rtl/cv32e40p_alu.sv:278: signed to unsigned assignment occurs. (VER-318)
Warning:  /home/ICer/ITI/PnR_Grad/rtl/cv32e40p_alu.sv:284: signed to unsigned assignment occurs. (VER-318)
Warning:  /home/ICer/ITI/PnR_Grad/rtl/cv32e40p_alu.sv:287: signed to unsigned assignment occurs. (VER-318)
Warning:  /home/ICer/ITI/PnR_Grad/rtl/cv32e40p_alu.sv:290: signed to unsigned assignment occurs. (VER-318)
Warning:  /home/ICer/ITI/PnR_Grad/rtl/cv32e40p_alu.sv:293: signed to unsigned assignment occurs. (VER-318)

Statistics for case statements in always block at line 116 in file
	'/home/ICer/ITI/PnR_Grad/rtl/cv32e40p_alu.sv'
===============================================
|           Line           |  full/ parallel  |
===============================================
|           139            |    auto/auto     |
|           153            |    auto/auto     |
===============================================

Statistics for case statements in always block at line 216 in file
	'/home/ICer/ITI/PnR_Grad/rtl/cv32e40p_alu.sv'
===============================================
|           Line           |  full/ parallel  |
===============================================
|           217            |    auto/auto     |
===============================================

Statistics for case statements in always block at line 272 in file
	'/home/ICer/ITI/PnR_Grad/rtl/cv32e40p_alu.sv'
===============================================
|           Line           |  full/ parallel  |
===============================================
|           273            |    auto/auto     |
===============================================

Statistics for case statements in always block at line 345 in file
	'/home/ICer/ITI/PnR_Grad/rtl/cv32e40p_alu.sv'
===============================================
|           Line           |  full/ parallel  |
===============================================
|           348            |    user/user     |
|           360            |    auto/auto     |
===============================================

Statistics for case statements in always block at line 387 in file
	'/home/ICer/ITI/PnR_Grad/rtl/cv32e40p_alu.sv'
===============================================
|           Line           |  full/ parallel  |
===============================================
|           394            |    auto/auto     |
===============================================

Statistics for case statements in always block at line 414 in file
	'/home/ICer/ITI/PnR_Grad/rtl/cv32e40p_alu.sv'
===============================================
|           Line           |  full/ parallel  |
===============================================
|           416            |    user/user     |
===============================================

Statistics for case statements in always block at line 493 in file
	'/home/ICer/ITI/PnR_Grad/rtl/cv32e40p_alu.sv'
===============================================
|           Line           |  full/ parallel  |
===============================================
|           499            |    user/user     |
|           535            |    user/user     |
|           554            |    user/user     |
|           557            |    user/user     |
===============================================

Statistics for case statements in always block at line 587 in file
	'/home/ICer/ITI/PnR_Grad/rtl/cv32e40p_alu.sv'
===============================================
|           Line           |  full/ parallel  |
===============================================
|           591            |    user/user     |
|           593            |    user/user     |
|           613            |    user/user     |
|           633            |    user/user     |
|           653            |    user/user     |
===============================================

Statistics for case statements in always block at line 749 in file
	'/home/ICer/ITI/PnR_Grad/rtl/cv32e40p_alu.sv'
===============================================
|           Line           |  full/ parallel  |
===============================================
|           752            |     no/auto      |
===============================================

Statistics for case statements in always block at line 775 in file
	'/home/ICer/ITI/PnR_Grad/rtl/cv32e40p_alu.sv'
===============================================
|           Line           |  full/ parallel  |
===============================================
|           777            |    auto/auto     |
===============================================

Statistics for case statements in always block at line 860 in file
	'/home/ICer/ITI/PnR_Grad/rtl/cv32e40p_alu.sv'
===============================================
|           Line           |  full/ parallel  |
===============================================
|           863            |    user/user     |
===============================================

Statistics for case statements in always block at line 928 in file
	'/home/ICer/ITI/PnR_Grad/rtl/cv32e40p_alu.sv'
===============================================
|           Line           |  full/ parallel  |
===============================================
|           931            |    user/user     |
===============================================
Statistics for MUX_OPs
======================================================
| block name/line  | Inputs | Outputs | # sel inputs |
======================================================
| cv32e40p_alu/819 |   32   |    1    |      5       |
======================================================
Presto compilation completed successfully.
Information: Building the design 'cv32e40p_mult'. (HDL-193)
Warning:  /home/ICer/ITI/PnR_Grad/rtl/cv32e40p_mult.sv:108: signed to unsigned assignment occurs. (VER-318)
Warning:  /home/ICer/ITI/PnR_Grad/rtl/cv32e40p_mult.sv:110: signed to unsigned assignment occurs. (VER-318)
Warning:  /home/ICer/ITI/PnR_Grad/rtl/cv32e40p_mult.sv:111: signed to unsigned assignment occurs. (VER-318)
Warning:  /home/ICer/ITI/PnR_Grad/rtl/cv32e40p_mult.sv:114: signed to unsigned assignment occurs. (VER-318)
Warning:  /home/ICer/ITI/PnR_Grad/rtl/cv32e40p_mult.sv:224: signed to unsigned assignment occurs. (VER-318)
Warning:  /home/ICer/ITI/PnR_Grad/rtl/cv32e40p_mult.sv:266: signed to unsigned assignment occurs. (VER-318)
Warning:  /home/ICer/ITI/PnR_Grad/rtl/cv32e40p_mult.sv:267: signed to unsigned assignment occurs. (VER-318)
Warning:  /home/ICer/ITI/PnR_Grad/rtl/cv32e40p_mult.sv:268: signed to unsigned assignment occurs. (VER-318)
Warning:  /home/ICer/ITI/PnR_Grad/rtl/cv32e40p_mult.sv:269: signed to unsigned assignment occurs. (VER-318)
Warning:  /home/ICer/ITI/PnR_Grad/rtl/cv32e40p_mult.sv:271: signed to unsigned assignment occurs. (VER-318)
Warning:  /home/ICer/ITI/PnR_Grad/rtl/cv32e40p_mult.sv:299: signed to unsigned assignment occurs. (VER-318)
Warning:  /home/ICer/ITI/PnR_Grad/rtl/cv32e40p_mult.sv:300: signed to unsigned assignment occurs. (VER-318)
Warning:  /home/ICer/ITI/PnR_Grad/rtl/cv32e40p_mult.sv:302: signed to unsigned assignment occurs. (VER-318)
Warning:  /home/ICer/ITI/PnR_Grad/rtl/cv32e40p_mult.sv:303: signed to unsigned conversion occurs. (VER-318)
Warning:  /home/ICer/ITI/PnR_Grad/rtl/cv32e40p_mult.sv:305: signed to unsigned assignment occurs. (VER-318)
Warning:  /home/ICer/ITI/PnR_Grad/rtl/cv32e40p_mult.sv:312: signed to unsigned assignment occurs. (VER-318)

Statistics for case statements in always block at line 128 in file
	'/home/ICer/ITI/PnR_Grad/rtl/cv32e40p_mult.sv'
===============================================
|           Line           |  full/ parallel  |
===============================================
|           140            |     no/auto      |
===============================================

Statistics for case statements in always block at line 323 in file
	'/home/ICer/ITI/PnR_Grad/rtl/cv32e40p_mult.sv'
===============================================
|           Line           |  full/ parallel  |
===============================================
|           326            |    user/user     |
===============================================

Inferred memory devices in process
	in routine cv32e40p_mult line 199 in file
		'/home/ICer/ITI/PnR_Grad/rtl/cv32e40p_mult.sv'.
===============================================================================
|    Register Name    |   Type    | Width | Bus | MB | AR | AS | SR | SS | ST |
===============================================================================
|  mulh_carry_q_reg   | Flip-flop |   1   |  N  | N  | Y  | N  | N  | N  | N  |
|     mulh_CS_reg     | Flip-flop |   3   |  Y  | N  | Y  | N  | N  | N  | N  |
===============================================================================
Presto compilation completed successfully.
Information: Building the design 'cv32e40p_obi_interface' instantiated from design 'cv32e40p_load_store_unit_PULP_OBI0' with
	the parameters "TRANS_STABLE=1". (HDL-193)
Presto compilation completed successfully.
Information: Building the design 'cv32e40p_prefetch_controller' instantiated from design 'cv32e40p_prefetch_buffer_PULP_OBI0_COREV_PULP0' with
	the parameters "DEPTH=2,PULP_OBI=0,COREV_PULP=0". (HDL-193)

Statistics for case statements in always block at line 164 in file
	'/home/ICer/ITI/PnR_Grad/rtl/cv32e40p_prefetch_controller.sv'
===============================================
|           Line           |  full/ parallel  |
===============================================
|           168            |    auto/auto     |
===============================================

Statistics for case statements in always block at line 226 in file
	'/home/ICer/ITI/PnR_Grad/rtl/cv32e40p_prefetch_controller.sv'
===============================================
|           Line           |  full/ parallel  |
===============================================
|           227            |    auto/auto     |
===============================================

Inferred memory devices in process
	in routine cv32e40p_prefetch_controller_PULP_OBI0_COREV_PULP0_DEPTH2 line 347 in file
		'/home/ICer/ITI/PnR_Grad/rtl/cv32e40p_prefetch_controller.sv'.
===============================================================================
|    Register Name    |   Type    | Width | Bus | MB | AR | AS | SR | SS | ST |
===============================================================================
|  trans_addr_q_reg   | Flip-flop |  32   |  Y  | N  | Y  | N  | N  | N  | N  |
|     state_q_reg     | Flip-flop |   1   |  N  | N  | Y  | N  | N  | N  | N  |
|      cnt_q_reg      | Flip-flop |   2   |  Y  | N  | Y  | N  | N  | N  | N  |
|   flush_cnt_q_reg   | Flip-flop |   2   |  Y  | N  | Y  | N  | N  | N  | N  |
===============================================================================
Presto compilation completed successfully.
Information: Building the design 'cv32e40p_fifo' instantiated from design 'cv32e40p_prefetch_buffer_PULP_OBI0_COREV_PULP0' with
	the parameters "FALL_THROUGH=1'h0,DATA_WIDTH=32,DEPTH=2". (HDL-193)

Statistics for case statements in always block at line 111 in file
	'/home/ICer/ITI/PnR_Grad/rtl/cv32e40p_fifo.sv'
===============================================
|           Line           |  full/ parallel  |
===============================================
|           117            |    user/user     |
===============================================

Inferred memory devices in process
	in routine cv32e40p_fifo_0_32_2 line 111 in file
		'/home/ICer/ITI/PnR_Grad/rtl/cv32e40p_fifo.sv'.
===============================================================================
|    Register Name    |   Type    | Width | Bus | MB | AR | AS | SR | SS | ST |
===============================================================================
|  status_cnt_q_reg   | Flip-flop |   2   |  Y  | N  | Y  | N  | N  | N  | N  |
| read_pointer_q_reg  | Flip-flop |   1   |  N  | N  | Y  | N  | N  | N  | N  |
| write_pointer_q_reg | Flip-flop |   1   |  N  | N  | Y  | N  | N  | N  | N  |
===============================================================================

Inferred memory devices in process
	in routine cv32e40p_fifo_0_32_2 line 140 in file
		'/home/ICer/ITI/PnR_Grad/rtl/cv32e40p_fifo.sv'.
===============================================================================
|    Register Name    |   Type    | Width | Bus | MB | AR | AS | SR | SS | ST |
===============================================================================
|      mem_q_reg      | Flip-flop |  64   |  Y  | N  | Y  | N  | N  | N  | N  |
===============================================================================
Presto compilation completed successfully.
Information: Building the design 'cv32e40p_obi_interface' instantiated from design 'cv32e40p_prefetch_buffer_PULP_OBI0_COREV_PULP0' with
	the parameters "TRANS_STABLE=0". (HDL-193)

Statistics for case statements in always block at line 129 in file
	'/home/ICer/ITI/PnR_Grad/rtl/cv32e40p_obi_interface.sv'
===============================================
|           Line           |  full/ parallel  |
===============================================
|           132            |    auto/auto     |
===============================================

Inferred memory devices in process
	in routine cv32e40p_obi_interface_TRANS_STABLE0 line 177 in file
		'/home/ICer/ITI/PnR_Grad/rtl/cv32e40p_obi_interface.sv'.
===============================================================================================
|            Register Name            |   Type    | Width | Bus | MB | AR | AS | SR | SS | ST |
===============================================================================================
| gen_no_trans_stable.obi_atop_q_reg  | Flip-flop |   6   |  Y  | N  | Y  | N  | N  | N  | N  |
|             state_q_reg             | Flip-flop |   1   |  N  | N  | Y  | N  | N  | N  | N  |
| gen_no_trans_stable.obi_addr_q_reg  | Flip-flop |  32   |  Y  | N  | Y  | N  | N  | N  | N  |
|  gen_no_trans_stable.obi_we_q_reg   | Flip-flop |   1   |  N  | N  | Y  | N  | N  | N  | N  |
|  gen_no_trans_stable.obi_be_q_reg   | Flip-flop |   4   |  Y  | N  | Y  | N  | N  | N  | N  |
| gen_no_trans_stable.obi_wdata_q_reg | Flip-flop |  32   |  Y  | N  | Y  | N  | N  | N  | N  |
===============================================================================================
Presto compilation completed successfully.
Information: Building the design 'cv32e40p_popcnt'. (HDL-193)
Presto compilation completed successfully.
Information: Building the design 'cv32e40p_ff_one'. (HDL-193)
Presto compilation completed successfully.
Information: Building the design 'cv32e40p_alu_div'. (HDL-193)
Warning:  /home/ICer/ITI/PnR_Grad/rtl/cv32e40p_alu_div.sv:102: signed to unsigned conversion occurs. (VER-318)
Warning:  /home/ICer/ITI/PnR_Grad/rtl/cv32e40p_alu_div.sv:109: signed to unsigned conversion occurs. (VER-318)

Statistics for case statements in always block at line 123 in file
	'/home/ICer/ITI/PnR_Grad/rtl/cv32e40p_alu_div.sv'
===============================================
|           Line           |  full/ parallel  |
===============================================
|           135            |    auto/auto     |
===============================================

Inferred memory devices in process
	in routine cv32e40p_alu_div line 193 in file
		'/home/ICer/ITI/PnR_Grad/rtl/cv32e40p_alu_div.sv'.
===============================================================================
|    Register Name    |   Type    | Width | Bus | MB | AR | AS | SR | SS | ST |
===============================================================================
|    ResInv_SP_reg    | Flip-flop |   1   |  N  | N  | Y  | N  | N  | N  | N  |
|    State_SP_reg     | Flip-flop |   2   |  Y  | N  | Y  | N  | N  | N  | N  |
|     AReg_DP_reg     | Flip-flop |  32   |  Y  | N  | Y  | N  | N  | N  | N  |
|     BReg_DP_reg     | Flip-flop |  32   |  Y  | N  | Y  | N  | N  | N  | N  |
|    ResReg_DP_reg    | Flip-flop |  32   |  Y  | N  | Y  | N  | N  | N  | N  |
|     Cnt_DP_reg      | Flip-flop |   6   |  Y  | N  | Y  | N  | N  | N  | N  |
|    RemSel_SP_reg    | Flip-flop |   1   |  N  | N  | Y  | N  | N  | N  | N  |
|   CompInv_SP_reg    | Flip-flop |   1   |  N  | N  | Y  | N  | N  | N  | N  |
===============================================================================
Presto compilation completed successfully.
1
###################### Defining toplevel ###################################
current_design $top_module
Current design is 'cv32e40p_top'.
{cv32e40p_top}
#################### Liniking All The Design Parts #########################
puts "###############################################"
###############################################
puts "######## Liniking All The Design Parts ########"
######## Liniking All The Design Parts ########
puts "###############################################"
###############################################
link 

  Linking design 'cv32e40p_top'
  Using the following designs and libraries:
  --------------------------------------------------------------------------
  * (26 designs)              /home/ICer/ITI/PnR_Grad/Backend/DFT/cv32e40p_top.db, etc
  saed14rvt_ss0p6v125c (library) /mnt/hgfs/saed14_pdk/stdcell_rvt/db_ccs/saed14rvt_ss0p6v125c.db
  saed14rvt_tt0p8v25c (library) /mnt/hgfs/saed14_pdk/stdcell_rvt/db_ccs/saed14rvt_tt0p8v25c.db
  saed14rvt_ff0p88vm40c (library) /mnt/hgfs/saed14_pdk/stdcell_rvt/db_ccs/saed14rvt_ff0p88vm40c.db

1
#################### Liniking All The Design Parts #########################
puts "###############################################"
###############################################
puts "######## checking design consistency ##########"
######## checking design consistency ##########
puts "###############################################"
###############################################
check_design >> reports/check_design.rpt
#################### Define Design Constraints #########################
puts "###############################################"
###############################################
puts "############ Design Constraints #### ##########"
############ Design Constraints #### ##########
puts "###############################################"
###############################################
source -echo -v /home/ICer/ITI/PnR_Grad/Backend/PnR/scripts/import/dont_use.tcl
############### ignore small sizes #################
set_dont_use [get_lib_cells */*0P5*] 
1
set_dont_use [get_lib_cells */*0P75*] 
1
set_dont_use [get_lib_cells */*_1] 
1
set_dont_use [get_lib_cells */*_1P5] 
1
#set_dont_use [get_lib_cells */*_2] 
set_dont_use [get_lib_cells */*ND2_2*]
1
set_dont_use [get_lib_cells */*CAPTTAPP6*] 
1
set_dont_use [get_lib_cells */*_OA22_4*]
1
set_dont_use [get_lib_cells */*FDPRBQ_V2_4*]
1
set_dont_use [get_lib_cells */*ND2_3*]
1
set_dont_use [get_lib_cells */*AO21_4*]
1
set_dont_use [get_lib_cells */*OAI21_3*]
1
set_dont_use [get_lib_cells */*OA221_4*]
1
set_dont_use [get_lib_cells */*EO3_4*]
1
set_dont_use [get_lib_cells */*AO2BB2_4*]
1
set_dont_use [get_lib_cells */*AOI311_4*]
1
set_dont_use [get_lib_cells */*_OR2_MM_3*]
1
set_dont_use [get_lib_cells */*ND2_MM_3*]
1
set_dont_use [get_lib_cells */*BUF_S_3*]
1
set_dont_use [get_lib_cells */*AOI31_4*]
1
set_dont_use [get_lib_cells */*_OR2_MM_2*]
1
#MT
set_dont_use [get_lib_cells */*_AN2_2*] 
1
set_dont_use [get_lib_cells */*_OAI32_2*] 
1
set_dont_use [get_lib_cells */*_OA21B_2*] 
1
set_dont_use [get_lib_cells */*_OR2B_PMM_2*] 
1
set_dont_use [get_lib_cells */*_NR4_2*] 
1
set_dont_use [get_lib_cells */*_ND2_CDC_2*] 
1
set_dont_use [get_lib_cells */*_AN3_2*] 
1
set_dont_use [get_lib_cells */*_OR4_2*] 
1
set_dont_use [get_lib_cells */*_EN2_2*]
1
set_dont_use [get_lib_cells */*_AO2BB2_2*] 
1
set_dont_use [get_lib_cells */*_AO221_2*] 
1
set_dont_use [get_lib_cells */*_AOI22_2*] 
1
set_dont_use [get_lib_cells */*_AO222_2*] 
1
set_dont_use [get_lib_cells */*_OA2BB2_V1_2*] 
1
set_dont_use [get_lib_cells */*_ADDF_V1_2*] 
1
############# removing all inverters to use the symmetric one only ##############
set_dont_use [get_lib_cells */*_INV_PECO_*]
1
set_dont_use [get_lib_cells */*INV_ECO_*] 
1
set_dont_use [get_lib_cells */*_INV_PS_*]
1
set_dont_use [get_lib_cells */*INV_2*] 
1
set_dont_use [get_lib_cells */*INV_3*] 
1
set_dont_use [get_lib_cells */*INV_4*] 
1
set_dont_use [get_lib_cells */*INV_6*] 
1
set_dont_use [get_lib_cells */*INV_8*] 
1
set_dont_use [get_lib_cells */*INV_10*] 
1
set_dont_use [get_lib_cells */*INV_12*] 
1
set_dont_use [get_lib_cells */*INV_16*] 
1
set_dont_use [get_lib_cells */*_INV_20*]
1
############### no valid via regoin###############
set_dont_use [get_lib_cells */*_OAI222_4*]
1
set_dont_use [get_lib_cells */*_OAI222_4*]
1
set_dont_use [get_lib_cells */*_OAI222_4*]
1
set_dont_use [get_lib_cells */*_NR2_5*]
1
set_dont_use [get_lib_cells */*_AO32_4*]
1
set_dont_use [get_lib_cells */*_AO21B_4*]
1
set_dont_use [get_lib_cells */*_AOI22_3*]
1
set_dont_use [get_lib_cells */*_OA33_4*]
1
set_dont_use [get_lib_cells */*_OA33_4*]
1
set_dont_use [get_lib_cells */*_OA33_4*]
1
set_dont_use [get_lib_cells */*_NR2_3*]
1
set_dont_use [get_lib_cells */*_AO2BB2_V1_4*]
1
set_dont_use [get_lib_cells */*_AO33_4*]
1
set_dont_use [get_lib_cells */*_AO33_4*]
1
set_dont_use [get_lib_cells */*_AOI22_4*]
1
set_dont_use [get_lib_cells */*_OA21_4*]
1
set_dont_use [get_lib_cells */*_ND3_3*]
1
set_dont_use [get_lib_cells */*_ND3_3*]
1
set_dont_use [get_lib_cells */*_AOI21_3*]
1
set_dont_use [get_lib_cells */*_OAI311_4*]
1
set_dont_use [get_lib_cells */*_AO221_4*]
1
set_dont_use [get_lib_cells */*_AO221_4*]
1
set_dont_use [get_lib_cells */*_OR3_4*]
1
set_dont_use [get_lib_cells */*_MUX2_4*]
1
set_dont_use [get_lib_cells */*_OA31_4*]
1
set_dont_use [get_lib_cells */*_OA21_2*]
1
set_dont_use [get_lib_cells */*_AO2BB2_V1_2*]
1
set_dont_use [get_lib_cells */*_OA33_2*]
1
set_dont_use [get_lib_cells */*_OA31_2*]
1
set_dont_use [get_lib_cells */*_AO21_2*]
1
set_dont_use [get_lib_cells */*_AO21B_2*]
1
set_dont_use [get_lib_cells */*_NR2_2*]
1
set_dont_use [get_lib_cells */*_OAI311_2*]
1
set_dont_use [get_lib_cells */*_AO33_2*]
1
set_dont_use [get_lib_cells */*_OAI222_2*]
1
set_dont_use [get_lib_cells */*_OAI21_2*]
1
set_dont_use [get_lib_cells */*_OAI33_2*]
1
set_dont_use [get_lib_cells */*_NR3B_2*]
1
set_dont_use [get_lib_cells */*_AOI211_2*]
1
set_dont_use [get_lib_cells */*_AOI22_6*]
1
set_dont_use [get_lib_cells */*_OAI22_2*]
1
set_dont_use [get_lib_cells */*_NR2_MM_2*]
1
set_dont_use [get_lib_cells */*_AN2B_PMM_2*]
1
set_dont_use [get_lib_cells */*_OA221_2*]
1
set_dont_use [get_lib_cells */*_AOI21_2*]
1
#2
set_dont_use [get_lib_cells */*OAI33_4*]
1
set_dont_use [get_lib_cells */*AO211_2*]
1
set_dont_use [get_lib_cells */*_OR2B_PSECO_2*]
1
set_dont_use [get_lib_cells */*_MUXI3_2*]
1
set_dont_use [get_lib_cells */*_MUXI3_2*]
1
set_dont_use [get_lib_cells */*_OAI221_2*]
1
set_dont_use [get_lib_cells */*_AOI221_2*]
1
set_dont_use [get_lib_cells */*_MUX3_V1M_2*]
1
set_dont_use [get_lib_cells */*_MUX3_V1M_2*]
1
#3
set_dont_use [get_lib_cells */*_MUXI3_4*]
1
set_dont_use [get_lib_cells */*_ND3B_4*]
1
set_dont_use [get_lib_cells */*_AN2_MM_4*]
1
set_dont_use [get_lib_cells */*BUF_S_4*]
1
set_dont_use [get_lib_cells */*_MUXI3_4*]
1
##################### might be blockesd for routing###############
set_dont_use [get_lib_cells */*_FSDPRBQ_V2_4*]
1
set_dont_use [get_lib_cells */*_AO32_4*]
1
set_dont_use [get_lib_cells */*_AO221_4*]
1
set_dont_use [get_lib_cells */*_AOI21_3*]
1
set_dont_use [get_lib_cells */*_AO32_4*]
1
set_dont_use [get_lib_cells */*_OAI311_4*]
1
set_dont_use [get_lib_cells */*_FDPSBQ_2*]
1
set_dont_use [get_lib_cells */*_NR2_MM_*]
1
set_dont_use [get_lib_cells */*_FDPSBQ_4*]
1
############## missing supply pin ##############
set_dont_use [get_lib_cells */*_ISOFSDPQ_PECO_8*]
1
set_dont_use [get_lib_cells */*_DCAP_PV1ECO_12*]
1
set_dont_use [get_lib_cells */*_ISOFSDPQ_PECO_8*]
1
set_dont_use [get_lib_cells */*_DCAP_PV1ECO_12*]
1
############### removing all ECO Cells ################
set_dont_use [get_lib_cells */*_ECO_*] 
1
############## remove all large sizes of inv ###########
set_dont_use [get_lib_cells */*_INV_S_9*]
1
set_dont_use [get_lib_cells */*_INV_S_10*]
1
set_dont_use [get_lib_cells */*_INV_S_12*]
1
#set_dont_use [get_lib_cells */*_INV_S_14*]
set_dont_use [get_lib_cells */*_INV_S_16*]
1
set_dont_use [get_lib_cells */*_INV_S_20*]
1
#set_dont_use [get_lib_cells */*_INV_S_18*]
# off grid violations from Zroute
set_dont_use [get_lib_cells */*_FDPRBQ_V2*]
1
###fix rouitng offgrids 
set_dont_use [get_lib_cells */*_OA22_*]
1
set_dont_use [get_lib_cells */*_OR3_*]
1
set_dont_use [get_lib_cells */*_MUX2_*]
1
set_dont_use [get_lib_cells */*_OA22_*]
1
set_dont_use [get_lib_cells */*_NR3_*]
1
set_dont_use [get_lib_cells */*_AOI31_*]
1
set_dont_use [get_lib_cells */*_AN3_*]
1
set_dont_use [get_lib_cells */*_OAI31_*]
1
set_dont_use [get_lib_cells */*_NR3_*]
1
set_dont_use [get_lib_cells */*FDPRB_V3*]
1
set_dont_use [get_lib_cells */*_MUX2_*]
1
set_dont_use [get_lib_cells */*AO32*]
1
set_dont_use [get_lib_cells */*_AOINV*]
1
1
source -echo -v cons/cv32e40p_core.sdc
# Copyright 2020 Silicon Labs, Inc.
#
# This file, and derivatives thereof are licensed under the
# Solderpad License, Version 2.0 (the "License").
#
# Use of this file means you agree to the terms and conditions
# of the license and are in full compliance with the License.
#
# You may obtain a copy of the License at:
#
#     https://solderpad.org/licenses/SHL-2.0/
#
# Unless required by applicable law or agreed to in writing, software
# and hardware implementations thereof distributed under the License
# is distributed on an "AS IS" BASIS, WITHOUT WARRANTIES OR CONDITIONS
# OF ANY KIND, EITHER EXPRESSED OR IMPLIED.
#
# See the License for the specific language governing permissions and
# limitations under the License.
#//////////////////////////////////////////////////////////////////////////////
# Engineer:       Arjan Bink - arjan.bink@silabs.com                         //
#                                                                            //
# Project Name:   CV32E40P                                                   //
#                                                                            //
# Description:    Example synthesis constraints.                             //
#                                                                            //
#                 The clock period and input/output delays are technology    //
#                 and project dependent and are expected to be adjusted as   //
#                 needed.                                                    //
#                                                                            //
#                 OBI related bus inputs arrive late on purpose and OBI      //
#                 related outputs are available earlier (as they shall not   //
#                 combinatorially depend on the OBI inputs)                  //
#                                                                            //
#//////////////////////////////////////////////////////////////////////////////
# Modified script by Eng. Ali
####################################################################################
#########################################################
#### Section 0 : DC Variables ####
#########################################################
#################################################################################### 
# Prevent assign statements in the generated netlist (must be applied before compile command)
set_fix_multiple_port_nets -all -buffer_constants -feedthroughs
1
# 200MHz
set clock_period 5.0
5.0
# 10 MHz
set scan_clock_period 100
100
# Input delays for interrupts
set in_delay_irq          [expr $clock_period * 0.50] 
2.5
# Output delays for interrupt related signals
set out_delay_irq         [expr $clock_period * 0.25] 
1.25
# Input delays for early signals
set in_delay_early [expr $clock_period * 0.10] 
0.5
# OBI inputs delays
set in_delay_instr_gnt    [expr $clock_period * 0.80]
4.0
set in_delay_instr_rvalid [expr $clock_period * 0.80]
4.0
set in_delay_instr_rdata  [expr $clock_period * 0.80]
4.0
set in_delay_data_gnt     [expr $clock_period * 0.80]
4.0
set in_delay_data_rvalid  [expr $clock_period * 0.80]
4.0
set in_delay_data_rdata   [expr $clock_period * 0.80]
4.0
# OBI outputs delays
set out_delay_instr_req  [expr $clock_period * 0.60]
3.0
set out_delay_instr_addr [expr $clock_period * 0.60]
3.0
set out_delay_data_req   [expr $clock_period * 0.60]
3.0
set out_delay_data_we    [expr $clock_period * 0.60]
3.0
set out_delay_data_be    [expr $clock_period * 0.60]
3.0
set out_delay_data_addr  [expr $clock_period * 0.60]
3.0
set out_delay_data_wdata [expr $clock_period * 0.60]
3.0
# I/O delays for non RISC-V Bus Interface ports
set in_delay_other       [expr $clock_period * 0.10]
0.5
set out_delay_other      [expr $clock_period * 0.60]
3.0
# core_sleep_o output delay
set out_delay_core_sleep [expr $clock_period * 0.25]
1.25
# All clocks
set clock_ports [list     clk_i     scan_clk ]
clk_i scan_clk
# IRQ Input ports
set irq_input_ports [remove_from_collection [get_ports irq_i*] [get_ports irq_id_o*]]
{irq_i[31] irq_i[30] irq_i[29] irq_i[28] irq_i[27] irq_i[26] irq_i[25] irq_i[24] irq_i[23] irq_i[22] irq_i[21] irq_i[20] irq_i[19] irq_i[18] irq_i[17] irq_i[16] irq_i[15] irq_i[14] irq_i[13] irq_i[12] irq_i[11] irq_i[10] irq_i[9] irq_i[8] irq_i[7] irq_i[6] irq_i[5] irq_i[4] irq_i[3] irq_i[2] irq_i[1] irq_i[0]}
# IRQ Output ports
set irq_output_ports [list     irq_ack_o     irq_id_o* ]
irq_ack_o irq_id_o*
# Early Input ports (ideally from register)
set early_input_ports [list     debug_req_i     boot_addr_i*     mtvec_addr_i*     dm_halt_addr_i*     hart_id_i*     dm_exception_addr_i* ]
debug_req_i boot_addr_i* mtvec_addr_i* dm_halt_addr_i* hart_id_i* dm_exception_addr_i*
# RISC-V OBI Input ports
set obi_input_ports [list     instr_gnt_i     instr_rvalid_i     instr_rdata_i*     data_gnt_i     data_rvalid_i     data_rdata_i* ]
instr_gnt_i instr_rvalid_i instr_rdata_i* data_gnt_i data_rvalid_i data_rdata_i*
# RISC-V OBI Output ports
set obi_output_ports [list     instr_req_o     instr_addr_o*     data_req_o     data_we_o     data_be_o*     data_addr_o*     data_wdata_o* ]
instr_req_o instr_addr_o* data_req_o data_we_o data_be_o* data_addr_o* data_wdata_o*
# RISC-V Sleep Output ports
set sleep_output_ports [list     core_sleep_o ]
core_sleep_o
set scan_input_ports [list test_mode SI SE]
test_mode SI SE
set scan_output_port SO
SO
set resets [list rst_ni scan_rst]
rst_ni scan_rst
####################################################################################
#########################################################
#### Section 1 : Clock Definition ####
#########################################################
#################################################################################### 
create_clock       -name clk_i       -period $clock_period       [get_ports clk_i]
1
set_clock_uncertainty [expr 0.01 * $clock_period] [get_clocks clk_i]
1
create_clock       -name scan_clk       -period 100       [get_ports scan_clk] 
1
set_clock_uncertainty [expr 0.1 * $scan_clock_period] [get_clocks scan_clk]
1
# Clocks
set_dont_touch_network [get_clocks clk_i]
1
set_dont_touch_network [get_ports scan_clk]
1
# Resets
set_dont_touch_network [get_ports rst_ni]
1
set_dont_touch_network [get_ports scan_rst]
1
####################################################################################
#########################################################
#### Section 2 : Clocks Relationship ####
#########################################################
####################################################################################
set_case_analysis 1 [get_ports test_mode]
1
set_clock_groups -physically_exclusive -group {scan_clk} -group {clk_i}
1
set_false_path -from [get_clocks clk_i] -to [get_ports {SI SO SE}]
Error: Cannot specify input port SI[4] as a path endpoint. (UID-11)
0
set_false_path -from [get_ports {SI SO SE}] -to [get_clocks clk_i]
Error: Cannot specify output port SO[4] as a path startpoint. (UID-10)
0
####################################################################################
#########################################################
#### Section 3 : set input/output delay on ports ####
#########################################################
####################################################################################
########### Defining Default I/O constraints ###################
set all_clock_ports $clock_ports
clk_i scan_clk
# Here, I must use concat instead of list, since the variables are lists and get_ports can't work on a list of lists — it treats clk_i scan_clk as a single port name. The same applies to outputs.
set all_other_input_ports  [remove_from_collection [all_inputs]  [get_ports [concat $all_clock_ports $resets $obi_input_ports $irq_input_ports $early_input_ports $scan_input_ports]]]
{pulp_clock_en_i fetch_enable_i}
set all_other_output_ports [remove_from_collection [all_outputs] [get_ports [concat $all_clock_ports $obi_output_ports $sleep_output_ports $irq_output_ports $scan_output_port]]]
{debug_havereset_o debug_running_o debug_halted_o}
# IRQs
set_input_delay  $in_delay_irq          [get_ports $irq_input_ports        ] -clock clk_i
1
set_output_delay $out_delay_irq         [get_ports $irq_output_ports       ] -clock clk_i
1
# OBI input/output delays
set_input_delay  $in_delay_instr_gnt    [ get_ports instr_gnt_i            ] -clock clk_i
1
set_input_delay  $in_delay_instr_rvalid [ get_ports instr_rvalid_i         ] -clock clk_i
1
set_input_delay  $in_delay_instr_rdata  [ get_ports instr_rdata_i*         ] -clock clk_i
1
set_input_delay  $in_delay_data_gnt     [ get_ports data_gnt_i             ] -clock clk_i
1
set_input_delay  $in_delay_data_rvalid  [ get_ports data_rvalid_i          ] -clock clk_i
1
set_input_delay  $in_delay_data_rdata   [ get_ports data_rdata_i*          ] -clock clk_i
1
set_output_delay $out_delay_instr_req   [ get_ports instr_req_o            ] -clock clk_i
1
set_output_delay $out_delay_instr_addr  [ get_ports instr_addr_o*          ] -clock clk_i
1
set_output_delay $out_delay_data_req    [ get_ports data_req_o             ] -clock clk_i
1
set_output_delay $out_delay_data_we     [ get_ports data_we_o              ] -clock clk_i
1
set_output_delay $out_delay_data_be     [ get_ports data_be_o*             ] -clock clk_i
1
set_output_delay $out_delay_data_addr   [ get_ports data_addr_o*           ] -clock clk_i
1
set_output_delay $out_delay_data_wdata  [ get_ports data_wdata_o*          ] -clock clk_i
1
# Misc
set_input_delay  $in_delay_early        [get_ports $early_input_ports      ] -clock clk_i
1
set_input_delay  $in_delay_other        [get_ports $all_other_input_ports  ] -clock clk_i
1
set_output_delay $out_delay_other       [get_ports $all_other_output_ports ] -clock clk_i
1
set_output_delay $out_delay_core_sleep  [ get_ports core_sleep_o           ] -clock clk_i
1
####################################################################################
#########################################################
#### Section 4 : Driving cells ####
#########################################################
####################################################################################
set_driving_cell -lib_cell SAEDRVT14_BUF_4 -pin X [remove_from_collection [all_inputs] [get_ports {clk_i scan_clk rst_ni scan_rst}]]
Warning: Design rule attributes from the driving cell will be
	set on the port. (UID-401)
Warning: Design rule attributes from the driving cell will be
	set on the port. (UID-401)
Warning: Design rule attributes from the driving cell will be
	set on the port. (UID-401)
Warning: Design rule attributes from the driving cell will be
	set on the port. (UID-401)
Warning: Design rule attributes from the driving cell will be
	set on the port. (UID-401)
Warning: Design rule attributes from the driving cell will be
	set on the port. (UID-401)
Warning: Design rule attributes from the driving cell will be
	set on the port. (UID-401)
Warning: Design rule attributes from the driving cell will be
	set on the port. (UID-401)
Warning: Design rule attributes from the driving cell will be
	set on the port. (UID-401)
Warning: Design rule attributes from the driving cell will be
	set on the port. (UID-401)
Warning: Design rule attributes from the driving cell will be
	set on the port. (UID-401)
Warning: Design rule attributes from the driving cell will be
	set on the port. (UID-401)
Warning: Design rule attributes from the driving cell will be
	set on the port. (UID-401)
Warning: Design rule attributes from the driving cell will be
	set on the port. (UID-401)
Warning: Design rule attributes from the driving cell will be
	set on the port. (UID-401)
Warning: Design rule attributes from the driving cell will be
	set on the port. (UID-401)
Warning: Design rule attributes from the driving cell will be
	set on the port. (UID-401)
Warning: Design rule attributes from the driving cell will be
	set on the port. (UID-401)
Warning: Design rule attributes from the driving cell will be
	set on the port. (UID-401)
Warning: Design rule attributes from the driving cell will be
	set on the port. (UID-401)
Warning: Design rule attributes from the driving cell will be
	set on the port. (UID-401)
Warning: Design rule attributes from the driving cell will be
	set on the port. (UID-401)
Warning: Design rule attributes from the driving cell will be
	set on the port. (UID-401)
Warning: Design rule attributes from the driving cell will be
	set on the port. (UID-401)
Warning: Design rule attributes from the driving cell will be
	set on the port. (UID-401)
Warning: Design rule attributes from the driving cell will be
	set on the port. (UID-401)
Warning: Design rule attributes from the driving cell will be
	set on the port. (UID-401)
Warning: Design rule attributes from the driving cell will be
	set on the port. (UID-401)
Warning: Design rule attributes from the driving cell will be
	set on the port. (UID-401)
Warning: Design rule attributes from the driving cell will be
	set on the port. (UID-401)
Warning: Design rule attributes from the driving cell will be
	set on the port. (UID-401)
Warning: Design rule attributes from the driving cell will be
	set on the port. (UID-401)
Warning: Design rule attributes from the driving cell will be
	set on the port. (UID-401)
Warning: Design rule attributes from the driving cell will be
	set on the port. (UID-401)
Warning: Design rule attributes from the driving cell will be
	set on the port. (UID-401)
Warning: Design rule attributes from the driving cell will be
	set on the port. (UID-401)
Warning: Design rule attributes from the driving cell will be
	set on the port. (UID-401)
Warning: Design rule attributes from the driving cell will be
	set on the port. (UID-401)
Warning: Design rule attributes from the driving cell will be
	set on the port. (UID-401)
Warning: Design rule attributes from the driving cell will be
	set on the port. (UID-401)
Warning: Design rule attributes from the driving cell will be
	set on the port. (UID-401)
Warning: Design rule attributes from the driving cell will be
	set on the port. (UID-401)
Warning: Design rule attributes from the driving cell will be
	set on the port. (UID-401)
Warning: Design rule attributes from the driving cell will be
	set on the port. (UID-401)
Warning: Design rule attributes from the driving cell will be
	set on the port. (UID-401)
Warning: Design rule attributes from the driving cell will be
	set on the port. (UID-401)
Warning: Design rule attributes from the driving cell will be
	set on the port. (UID-401)
Warning: Design rule attributes from the driving cell will be
	set on the port. (UID-401)
Warning: Design rule attributes from the driving cell will be
	set on the port. (UID-401)
Warning: Design rule attributes from the driving cell will be
	set on the port. (UID-401)
Warning: Design rule attributes from the driving cell will be
	set on the port. (UID-401)
Warning: Design rule attributes from the driving cell will be
	set on the port. (UID-401)
Warning: Design rule attributes from the driving cell will be
	set on the port. (UID-401)
Warning: Design rule attributes from the driving cell will be
	set on the port. (UID-401)
Warning: Design rule attributes from the driving cell will be
	set on the port. (UID-401)
Warning: Design rule attributes from the driving cell will be
	set on the port. (UID-401)
Warning: Design rule attributes from the driving cell will be
	set on the port. (UID-401)
Warning: Design rule attributes from the driving cell will be
	set on the port. (UID-401)
Warning: Design rule attributes from the driving cell will be
	set on the port. (UID-401)
Warning: Design rule attributes from the driving cell will be
	set on the port. (UID-401)
Warning: Design rule attributes from the driving cell will be
	set on the port. (UID-401)
Warning: Design rule attributes from the driving cell will be
	set on the port. (UID-401)
Warning: Design rule attributes from the driving cell will be
	set on the port. (UID-401)
Warning: Design rule attributes from the driving cell will be
	set on the port. (UID-401)
Warning: Design rule attributes from the driving cell will be
	set on the port. (UID-401)
Warning: Design rule attributes from the driving cell will be
	set on the port. (UID-401)
Warning: Design rule attributes from the driving cell will be
	set on the port. (UID-401)
Warning: Design rule attributes from the driving cell will be
	set on the port. (UID-401)
Warning: Design rule attributes from the driving cell will be
	set on the port. (UID-401)
Warning: Design rule attributes from the driving cell will be
	set on the port. (UID-401)
Warning: Design rule attributes from the driving cell will be
	set on the port. (UID-401)
Warning: Design rule attributes from the driving cell will be
	set on the port. (UID-401)
Warning: Design rule attributes from the driving cell will be
	set on the port. (UID-401)
Warning: Design rule attributes from the driving cell will be
	set on the port. (UID-401)
Warning: Design rule attributes from the driving cell will be
	set on the port. (UID-401)
Warning: Design rule attributes from the driving cell will be
	set on the port. (UID-401)
Warning: Design rule attributes from the driving cell will be
	set on the port. (UID-401)
Warning: Design rule attributes from the driving cell will be
	set on the port. (UID-401)
Warning: Design rule attributes from the driving cell will be
	set on the port. (UID-401)
Warning: Design rule attributes from the driving cell will be
	set on the port. (UID-401)
Warning: Design rule attributes from the driving cell will be
	set on the port. (UID-401)
Warning: Design rule attributes from the driving cell will be
	set on the port. (UID-401)
Warning: Design rule attributes from the driving cell will be
	set on the port. (UID-401)
Warning: Design rule attributes from the driving cell will be
	set on the port. (UID-401)
Warning: Design rule attributes from the driving cell will be
	set on the port. (UID-401)
Warning: Design rule attributes from the driving cell will be
	set on the port. (UID-401)
Warning: Design rule attributes from the driving cell will be
	set on the port. (UID-401)
Warning: Design rule attributes from the driving cell will be
	set on the port. (UID-401)
Warning: Design rule attributes from the driving cell will be
	set on the port. (UID-401)
Warning: Design rule attributes from the driving cell will be
	set on the port. (UID-401)
Warning: Design rule attributes from the driving cell will be
	set on the port. (UID-401)
Warning: Design rule attributes from the driving cell will be
	set on the port. (UID-401)
Warning: Design rule attributes from the driving cell will be
	set on the port. (UID-401)
Warning: Design rule attributes from the driving cell will be
	set on the port. (UID-401)
Warning: Design rule attributes from the driving cell will be
	set on the port. (UID-401)
Warning: Design rule attributes from the driving cell will be
	set on the port. (UID-401)
Warning: Design rule attributes from the driving cell will be
	set on the port. (UID-401)
Warning: Design rule attributes from the driving cell will be
	set on the port. (UID-401)
Warning: Design rule attributes from the driving cell will be
	set on the port. (UID-401)
Warning: Design rule attributes from the driving cell will be
	set on the port. (UID-401)
Warning: Design rule attributes from the driving cell will be
	set on the port. (UID-401)
Warning: Design rule attributes from the driving cell will be
	set on the port. (UID-401)
Warning: Design rule attributes from the driving cell will be
	set on the port. (UID-401)
Warning: Design rule attributes from the driving cell will be
	set on the port. (UID-401)
Warning: Design rule attributes from the driving cell will be
	set on the port. (UID-401)
Warning: Design rule attributes from the driving cell will be
	set on the port. (UID-401)
Warning: Design rule attributes from the driving cell will be
	set on the port. (UID-401)
Warning: Design rule attributes from the driving cell will be
	set on the port. (UID-401)
Warning: Design rule attributes from the driving cell will be
	set on the port. (UID-401)
Warning: Design rule attributes from the driving cell will be
	set on the port. (UID-401)
Warning: Design rule attributes from the driving cell will be
	set on the port. (UID-401)
Warning: Design rule attributes from the driving cell will be
	set on the port. (UID-401)
Warning: Design rule attributes from the driving cell will be
	set on the port. (UID-401)
Warning: Design rule attributes from the driving cell will be
	set on the port. (UID-401)
Warning: Design rule attributes from the driving cell will be
	set on the port. (UID-401)
Warning: Design rule attributes from the driving cell will be
	set on the port. (UID-401)
Warning: Design rule attributes from the driving cell will be
	set on the port. (UID-401)
Warning: Design rule attributes from the driving cell will be
	set on the port. (UID-401)
Warning: Design rule attributes from the driving cell will be
	set on the port. (UID-401)
Warning: Design rule attributes from the driving cell will be
	set on the port. (UID-401)
Warning: Design rule attributes from the driving cell will be
	set on the port. (UID-401)
Warning: Design rule attributes from the driving cell will be
	set on the port. (UID-401)
Warning: Design rule attributes from the driving cell will be
	set on the port. (UID-401)
Warning: Design rule attributes from the driving cell will be
	set on the port. (UID-401)
Warning: Design rule attributes from the driving cell will be
	set on the port. (UID-401)
Warning: Design rule attributes from the driving cell will be
	set on the port. (UID-401)
Warning: Design rule attributes from the driving cell will be
	set on the port. (UID-401)
Warning: Design rule attributes from the driving cell will be
	set on the port. (UID-401)
Warning: Design rule attributes from the driving cell will be
	set on the port. (UID-401)
Warning: Design rule attributes from the driving cell will be
	set on the port. (UID-401)
Warning: Design rule attributes from the driving cell will be
	set on the port. (UID-401)
Warning: Design rule attributes from the driving cell will be
	set on the port. (UID-401)
Warning: Design rule attributes from the driving cell will be
	set on the port. (UID-401)
Warning: Design rule attributes from the driving cell will be
	set on the port. (UID-401)
Warning: Design rule attributes from the driving cell will be
	set on the port. (UID-401)
Warning: Design rule attributes from the driving cell will be
	set on the port. (UID-401)
Warning: Design rule attributes from the driving cell will be
	set on the port. (UID-401)
Warning: Design rule attributes from the driving cell will be
	set on the port. (UID-401)
Warning: Design rule attributes from the driving cell will be
	set on the port. (UID-401)
Warning: Design rule attributes from the driving cell will be
	set on the port. (UID-401)
Warning: Design rule attributes from the driving cell will be
	set on the port. (UID-401)
Warning: Design rule attributes from the driving cell will be
	set on the port. (UID-401)
Warning: Design rule attributes from the driving cell will be
	set on the port. (UID-401)
Warning: Design rule attributes from the driving cell will be
	set on the port. (UID-401)
Warning: Design rule attributes from the driving cell will be
	set on the port. (UID-401)
Warning: Design rule attributes from the driving cell will be
	set on the port. (UID-401)
Warning: Design rule attributes from the driving cell will be
	set on the port. (UID-401)
Warning: Design rule attributes from the driving cell will be
	set on the port. (UID-401)
Warning: Design rule attributes from the driving cell will be
	set on the port. (UID-401)
Warning: Design rule attributes from the driving cell will be
	set on the port. (UID-401)
Warning: Design rule attributes from the driving cell will be
	set on the port. (UID-401)
Warning: Design rule attributes from the driving cell will be
	set on the port. (UID-401)
Warning: Design rule attributes from the driving cell will be
	set on the port. (UID-401)
Warning: Design rule attributes from the driving cell will be
	set on the port. (UID-401)
Warning: Design rule attributes from the driving cell will be
	set on the port. (UID-401)
Warning: Design rule attributes from the driving cell will be
	set on the port. (UID-401)
Warning: Design rule attributes from the driving cell will be
	set on the port. (UID-401)
Warning: Design rule attributes from the driving cell will be
	set on the port. (UID-401)
Warning: Design rule attributes from the driving cell will be
	set on the port. (UID-401)
Warning: Design rule attributes from the driving cell will be
	set on the port. (UID-401)
Warning: Design rule attributes from the driving cell will be
	set on the port. (UID-401)
Warning: Design rule attributes from the driving cell will be
	set on the port. (UID-401)
Warning: Design rule attributes from the driving cell will be
	set on the port. (UID-401)
Warning: Design rule attributes from the driving cell will be
	set on the port. (UID-401)
Warning: Design rule attributes from the driving cell will be
	set on the port. (UID-401)
Warning: Design rule attributes from the driving cell will be
	set on the port. (UID-401)
Warning: Design rule attributes from the driving cell will be
	set on the port. (UID-401)
Warning: Design rule attributes from the driving cell will be
	set on the port. (UID-401)
Warning: Design rule attributes from the driving cell will be
	set on the port. (UID-401)
Warning: Design rule attributes from the driving cell will be
	set on the port. (UID-401)
Warning: Design rule attributes from the driving cell will be
	set on the port. (UID-401)
Warning: Design rule attributes from the driving cell will be
	set on the port. (UID-401)
Warning: Design rule attributes from the driving cell will be
	set on the port. (UID-401)
Warning: Design rule attributes from the driving cell will be
	set on the port. (UID-401)
Warning: Design rule attributes from the driving cell will be
	set on the port. (UID-401)
Warning: Design rule attributes from the driving cell will be
	set on the port. (UID-401)
Warning: Design rule attributes from the driving cell will be
	set on the port. (UID-401)
Warning: Design rule attributes from the driving cell will be
	set on the port. (UID-401)
Warning: Design rule attributes from the driving cell will be
	set on the port. (UID-401)
Warning: Design rule attributes from the driving cell will be
	set on the port. (UID-401)
Warning: Design rule attributes from the driving cell will be
	set on the port. (UID-401)
Warning: Design rule attributes from the driving cell will be
	set on the port. (UID-401)
Warning: Design rule attributes from the driving cell will be
	set on the port. (UID-401)
Warning: Design rule attributes from the driving cell will be
	set on the port. (UID-401)
Warning: Design rule attributes from the driving cell will be
	set on the port. (UID-401)
Warning: Design rule attributes from the driving cell will be
	set on the port. (UID-401)
Warning: Design rule attributes from the driving cell will be
	set on the port. (UID-401)
Warning: Design rule attributes from the driving cell will be
	set on the port. (UID-401)
Warning: Design rule attributes from the driving cell will be
	set on the port. (UID-401)
Warning: Design rule attributes from the driving cell will be
	set on the port. (UID-401)
Warning: Design rule attributes from the driving cell will be
	set on the port. (UID-401)
Warning: Design rule attributes from the driving cell will be
	set on the port. (UID-401)
Warning: Design rule attributes from the driving cell will be
	set on the port. (UID-401)
Warning: Design rule attributes from the driving cell will be
	set on the port. (UID-401)
Warning: Design rule attributes from the driving cell will be
	set on the port. (UID-401)
Warning: Design rule attributes from the driving cell will be
	set on the port. (UID-401)
Warning: Design rule attributes from the driving cell will be
	set on the port. (UID-401)
Warning: Design rule attributes from the driving cell will be
	set on the port. (UID-401)
Warning: Design rule attributes from the driving cell will be
	set on the port. (UID-401)
Warning: Design rule attributes from the driving cell will be
	set on the port. (UID-401)
Warning: Design rule attributes from the driving cell will be
	set on the port. (UID-401)
Warning: Design rule attributes from the driving cell will be
	set on the port. (UID-401)
Warning: Design rule attributes from the driving cell will be
	set on the port. (UID-401)
Warning: Design rule attributes from the driving cell will be
	set on the port. (UID-401)
Warning: Design rule attributes from the driving cell will be
	set on the port. (UID-401)
Warning: Design rule attributes from the driving cell will be
	set on the port. (UID-401)
Warning: Design rule attributes from the driving cell will be
	set on the port. (UID-401)
Warning: Design rule attributes from the driving cell will be
	set on the port. (UID-401)
Warning: Design rule attributes from the driving cell will be
	set on the port. (UID-401)
Warning: Design rule attributes from the driving cell will be
	set on the port. (UID-401)
Warning: Design rule attributes from the driving cell will be
	set on the port. (UID-401)
Warning: Design rule attributes from the driving cell will be
	set on the port. (UID-401)
Warning: Design rule attributes from the driving cell will be
	set on the port. (UID-401)
Warning: Design rule attributes from the driving cell will be
	set on the port. (UID-401)
Warning: Design rule attributes from the driving cell will be
	set on the port. (UID-401)
Warning: Design rule attributes from the driving cell will be
	set on the port. (UID-401)
Warning: Design rule attributes from the driving cell will be
	set on the port. (UID-401)
Warning: Design rule attributes from the driving cell will be
	set on the port. (UID-401)
Warning: Design rule attributes from the driving cell will be
	set on the port. (UID-401)
Warning: Design rule attributes from the driving cell will be
	set on the port. (UID-401)
Warning: Design rule attributes from the driving cell will be
	set on the port. (UID-401)
Warning: Design rule attributes from the driving cell will be
	set on the port. (UID-401)
Warning: Design rule attributes from the driving cell will be
	set on the port. (UID-401)
Warning: Design rule attributes from the driving cell will be
	set on the port. (UID-401)
Warning: Design rule attributes from the driving cell will be
	set on the port. (UID-401)
Warning: Design rule attributes from the driving cell will be
	set on the port. (UID-401)
Warning: Design rule attributes from the driving cell will be
	set on the port. (UID-401)
Warning: Design rule attributes from the driving cell will be
	set on the port. (UID-401)
Warning: Design rule attributes from the driving cell will be
	set on the port. (UID-401)
Warning: Design rule attributes from the driving cell will be
	set on the port. (UID-401)
Warning: Design rule attributes from the driving cell will be
	set on the port. (UID-401)
Warning: Design rule attributes from the driving cell will be
	set on the port. (UID-401)
Warning: Design rule attributes from the driving cell will be
	set on the port. (UID-401)
Warning: Design rule attributes from the driving cell will be
	set on the port. (UID-401)
Warning: Design rule attributes from the driving cell will be
	set on the port. (UID-401)
Warning: Design rule attributes from the driving cell will be
	set on the port. (UID-401)
Warning: Design rule attributes from the driving cell will be
	set on the port. (UID-401)
Warning: Design rule attributes from the driving cell will be
	set on the port. (UID-401)
Warning: Design rule attributes from the driving cell will be
	set on the port. (UID-401)
Warning: Design rule attributes from the driving cell will be
	set on the port. (UID-401)
Warning: Design rule attributes from the driving cell will be
	set on the port. (UID-401)
Warning: Design rule attributes from the driving cell will be
	set on the port. (UID-401)
Warning: Design rule attributes from the driving cell will be
	set on the port. (UID-401)
Warning: Design rule attributes from the driving cell will be
	set on the port. (UID-401)
Warning: Design rule attributes from the driving cell will be
	set on the port. (UID-401)
Warning: Design rule attributes from the driving cell will be
	set on the port. (UID-401)
Warning: Design rule attributes from the driving cell will be
	set on the port. (UID-401)
Warning: Design rule attributes from the driving cell will be
	set on the port. (UID-401)
Warning: Design rule attributes from the driving cell will be
	set on the port. (UID-401)
Warning: Design rule attributes from the driving cell will be
	set on the port. (UID-401)
Warning: Design rule attributes from the driving cell will be
	set on the port. (UID-401)
Warning: Design rule attributes from the driving cell will be
	set on the port. (UID-401)
Warning: Design rule attributes from the driving cell will be
	set on the port. (UID-401)
Warning: Design rule attributes from the driving cell will be
	set on the port. (UID-401)
Warning: Design rule attributes from the driving cell will be
	set on the port. (UID-401)
Warning: Design rule attributes from the driving cell will be
	set on the port. (UID-401)
Warning: Design rule attributes from the driving cell will be
	set on the port. (UID-401)
Warning: Design rule attributes from the driving cell will be
	set on the port. (UID-401)
Warning: Design rule attributes from the driving cell will be
	set on the port. (UID-401)
Warning: Design rule attributes from the driving cell will be
	set on the port. (UID-401)
Warning: Design rule attributes from the driving cell will be
	set on the port. (UID-401)
Warning: Design rule attributes from the driving cell will be
	set on the port. (UID-401)
Warning: Design rule attributes from the driving cell will be
	set on the port. (UID-401)
Warning: Design rule attributes from the driving cell will be
	set on the port. (UID-401)
Warning: Design rule attributes from the driving cell will be
	set on the port. (UID-401)
Warning: Design rule attributes from the driving cell will be
	set on the port. (UID-401)
Warning: Design rule attributes from the driving cell will be
	set on the port. (UID-401)
Warning: Design rule attributes from the driving cell will be
	set on the port. (UID-401)
Warning: Design rule attributes from the driving cell will be
	set on the port. (UID-401)
Warning: Design rule attributes from the driving cell will be
	set on the port. (UID-401)
1
####################################################################################
#########################################################
#### Section 5 : Output load ####
########################################################
####################################################################################
set_load 0.5 [all_outputs] 
1
set_max_fanout 25 [current_design]
Current design is 'cv32e40p_top'.
1
####################################################################################
#########################################################
#### Section 6 : Operating Condition ####
#########################################################
####################################################################################
# Define the Worst Library for Max(#setup) analysis
# Define the Best Library for Min(hold) analysis
#set_operating_conditions -min_library "saed14rvt_ff0p88vm40c" -min "ff0p88vm40c" -max_library "saed14rvt_ss0p6v125c" -max "ss0p6v125c"
#################### Archirecture Scan Chains #########################
puts "###############################################"
###############################################
puts "############ Configure scan chains ############"
############ Configure scan chains ############
puts "###############################################"
###############################################
set_scan_configuration -clock_mixing no_mix                         -style multiplexed_flip_flop                        -replace true -max_length 452
Accepted scan configuration for modes: all_dft
1
###################### Mapping and optimization ########################
puts "###############################################"
###############################################
puts "########## Mapping & Optimization #############"
########## Mapping & Optimization #############
puts "###############################################"
###############################################
#test_ready compile
compile -scan
Information: Choosing a test methodology will restrict the optimization of sequential cells. (UIO-12)
Information: Evaluating DesignWare library utilization. (UISN-27)

============================================================================
| DesignWare Building Block Library  |         Version         | Available |
============================================================================
| Basic DW Building Blocks           | O-2018.06-DWBB_201806.1 |     *     |
| Licensed DW Building Blocks        |                         |           |
============================================================================


Information: There are 4232 potential problems in your design. Please run 'check_design' for more information. (LINT-99)


Warning: No single bit degenerate for multibit library cell 'SAEDRVT14_FSDN4_V2_4'. (OPT-914)
Warning: No single bit degenerate for multibit library cell 'SAEDRVT14_FSDN4_V2_2'. (OPT-914)
Warning: No single bit degenerate for multibit library cell 'SAEDRVT14_FSDN2_V2_4'. (OPT-914)
Warning: No single bit degenerate for multibit library cell 'SAEDRVT14_FSDN2_V2_2'. (OPT-914)
Warning: Operating condition ss0p6v125c set on design cv32e40p_top has different process,
voltage and temperatures parameters than the parameters at which target library 
saed14rvt_tt0p8v25c is characterized. Delays may be inaccurate as a result. (OPT-998)

  Beginning Pass 1 Mapping
  ------------------------
  Processing 'cv32e40p_cs_registers_N_HWLP2_APU0_A_EXTENSION0_FPU0_ZFINX0_PULP_SECURE0_USE_PMP0_N_PMP_ENTRIES16_NUM_MHPMCOUNTERS1_COREV_PULP0_COREV_CLUSTER0_DEBUG_TRIGGER_EN1'
Information: The register 'mtvec_mode_q_reg[1]' is a constant and will be removed. (OPT-1206)
Information: The register 'mstatus_q_reg[uie]' is a constant and will be removed. (OPT-1206)
Information: The register 'mstatus_q_reg[upie]' is a constant and will be removed. (OPT-1206)
Information: The register 'mstatus_q_reg[mpp][1]' is a constant and will be removed. (OPT-1206)
Information: The register 'mstatus_q_reg[mpp][0]' is a constant and will be removed. (OPT-1206)
Information: The register 'mstatus_q_reg[mprv]' is a constant and will be removed. (OPT-1206)
Information: The register 'dcsr_q_reg[xdebugver][31]' is a constant and will be removed. (OPT-1206)
Information: The register 'dcsr_q_reg[xdebugver][30]' is a constant and will be removed. (OPT-1206)
Information: The register 'dcsr_q_reg[xdebugver][29]' is a constant and will be removed. (OPT-1206)
Information: The register 'dcsr_q_reg[xdebugver][28]' is a constant and will be removed. (OPT-1206)
Information: The register 'dcsr_q_reg[zero2][27]' is a constant and will be removed. (OPT-1206)
Information: The register 'dcsr_q_reg[zero2][26]' is a constant and will be removed. (OPT-1206)
Information: The register 'dcsr_q_reg[zero2][25]' is a constant and will be removed. (OPT-1206)
Information: The register 'dcsr_q_reg[zero2][24]' is a constant and will be removed. (OPT-1206)
Information: The register 'dcsr_q_reg[zero2][23]' is a constant and will be removed. (OPT-1206)
Information: The register 'dcsr_q_reg[zero2][22]' is a constant and will be removed. (OPT-1206)
Information: The register 'dcsr_q_reg[zero2][21]' is a constant and will be removed. (OPT-1206)
Information: The register 'dcsr_q_reg[zero2][20]' is a constant and will be removed. (OPT-1206)
Information: The register 'dcsr_q_reg[zero2][19]' is a constant and will be removed. (OPT-1206)
Information: The register 'dcsr_q_reg[zero2][18]' is a constant and will be removed. (OPT-1206)
Information: The register 'dcsr_q_reg[zero2][17]' is a constant and will be removed. (OPT-1206)
Information: The register 'dcsr_q_reg[zero2][16]' is a constant and will be removed. (OPT-1206)
Information: The register 'dcsr_q_reg[zero1]' is a constant and will be removed. (OPT-1206)
Information: The register 'dcsr_q_reg[ebreaks]' is a constant and will be removed. (OPT-1206)
Information: The register 'dcsr_q_reg[ebreaku]' is a constant and will be removed. (OPT-1206)
Information: The register 'dcsr_q_reg[stopcount]' is a constant and will be removed. (OPT-1206)
Information: The register 'dcsr_q_reg[stoptime]' is a constant and will be removed. (OPT-1206)
Information: The register 'dcsr_q_reg[zero0]' is a constant and will be removed. (OPT-1206)
Information: The register 'dcsr_q_reg[mprven]' is a constant and will be removed. (OPT-1206)
Information: The register 'dcsr_q_reg[nmip]' is a constant and will be removed. (OPT-1206)
Information: The register 'dcsr_q_reg[prv][1]' is a constant and will be removed. (OPT-1206)
Information: The register 'dcsr_q_reg[prv][0]' is a constant and will be removed. (OPT-1206)
Information: The register 'mie_q_reg[15]' is a constant and will be removed. (OPT-1206)
Information: The register 'mie_q_reg[14]' is a constant and will be removed. (OPT-1206)
Information: The register 'mie_q_reg[13]' is a constant and will be removed. (OPT-1206)
Information: The register 'mie_q_reg[12]' is a constant and will be removed. (OPT-1206)
Information: The register 'mie_q_reg[10]' is a constant and will be removed. (OPT-1206)
Information: The register 'mie_q_reg[9]' is a constant and will be removed. (OPT-1206)
Information: The register 'mie_q_reg[8]' is a constant and will be removed. (OPT-1206)
Information: The register 'mie_q_reg[6]' is a constant and will be removed. (OPT-1206)
Information: The register 'mie_q_reg[5]' is a constant and will be removed. (OPT-1206)
Information: The register 'mie_q_reg[4]' is a constant and will be removed. (OPT-1206)
Information: The register 'mie_q_reg[2]' is a constant and will be removed. (OPT-1206)
Information: The register 'mie_q_reg[1]' is a constant and will be removed. (OPT-1206)
Information: The register 'mie_q_reg[0]' is a constant and will be removed. (OPT-1206)
  Processing 'cv32e40p_obi_interface_TRANS_STABLE1'
  Processing 'cv32e40p_load_store_unit_PULP_OBI0'
  Processing 'cv32e40p_mult'
  Processing 'cv32e40p_alu_div'
  Processing 'cv32e40p_ff_one'
  Processing 'cv32e40p_popcnt'
  Processing 'cv32e40p_alu'
  Processing 'cv32e40p_ex_stage_COREV_PULP0_FPU0_APU_NARGS_CPU3_APU_WOP_CPU6_APU_NDSFLAGS_CPU15_APU_NUSFLAGS_CPU5'
  Processing 'cv32e40p_int_controller_PULP_SECURE0'
Information: The register 'irq_q_reg[15]' is a constant and will be removed. (OPT-1206)
Information: The register 'irq_q_reg[14]' is a constant and will be removed. (OPT-1206)
Information: The register 'irq_q_reg[13]' is a constant and will be removed. (OPT-1206)
Information: The register 'irq_q_reg[12]' is a constant and will be removed. (OPT-1206)
Information: The register 'irq_q_reg[10]' is a constant and will be removed. (OPT-1206)
Information: The register 'irq_q_reg[9]' is a constant and will be removed. (OPT-1206)
Information: The register 'irq_q_reg[8]' is a constant and will be removed. (OPT-1206)
Information: The register 'irq_q_reg[6]' is a constant and will be removed. (OPT-1206)
Information: The register 'irq_q_reg[5]' is a constant and will be removed. (OPT-1206)
Information: The register 'irq_q_reg[4]' is a constant and will be removed. (OPT-1206)
Information: The register 'irq_q_reg[2]' is a constant and will be removed. (OPT-1206)
Information: The register 'irq_q_reg[1]' is a constant and will be removed. (OPT-1206)
Information: The register 'irq_q_reg[0]' is a constant and will be removed. (OPT-1206)
  Processing 'cv32e40p_controller_COREV_CLUSTER0_COREV_PULP0_FPU0'
  Processing 'cv32e40p_decoder_COREV_PULP0_COREV_CLUSTER0_A_EXTENSION0_FPU0_FPU_ADDMUL_LAT0_FPU_OTHERS_LAT0_ZFINX0_PULP_SECURE0_USE_PMP0_APU_WOP_CPU6_DEBUG_TRIGGER_EN1'
  Processing 'cv32e40p_register_file_ADDR_WIDTH6_DATA_WIDTH32_FPU0_ZFINX0'
Information: The register 'mem_reg[0][31]' is a constant and will be removed. (OPT-1206)
Information: The register 'mem_reg[0][30]' is a constant and will be removed. (OPT-1206)
Information: The register 'mem_reg[0][29]' is a constant and will be removed. (OPT-1206)
Information: The register 'mem_reg[0][28]' is a constant and will be removed. (OPT-1206)
Information: The register 'mem_reg[0][27]' is a constant and will be removed. (OPT-1206)
Information: The register 'mem_reg[0][26]' is a constant and will be removed. (OPT-1206)
Information: The register 'mem_reg[0][25]' is a constant and will be removed. (OPT-1206)
Information: The register 'mem_reg[0][24]' is a constant and will be removed. (OPT-1206)
Information: The register 'mem_reg[0][23]' is a constant and will be removed. (OPT-1206)
Information: The register 'mem_reg[0][22]' is a constant and will be removed. (OPT-1206)
Information: The register 'mem_reg[0][21]' is a constant and will be removed. (OPT-1206)
Information: The register 'mem_reg[0][20]' is a constant and will be removed. (OPT-1206)
Information: The register 'mem_reg[0][19]' is a constant and will be removed. (OPT-1206)
Information: The register 'mem_reg[0][18]' is a constant and will be removed. (OPT-1206)
Information: The register 'mem_reg[0][17]' is a constant and will be removed. (OPT-1206)
Information: The register 'mem_reg[0][16]' is a constant and will be removed. (OPT-1206)
Information: The register 'mem_reg[0][15]' is a constant and will be removed. (OPT-1206)
Information: The register 'mem_reg[0][14]' is a constant and will be removed. (OPT-1206)
Information: The register 'mem_reg[0][13]' is a constant and will be removed. (OPT-1206)
Information: The register 'mem_reg[0][12]' is a constant and will be removed. (OPT-1206)
Information: The register 'mem_reg[0][11]' is a constant and will be removed. (OPT-1206)
Information: The register 'mem_reg[0][10]' is a constant and will be removed. (OPT-1206)
Information: The register 'mem_reg[0][9]' is a constant and will be removed. (OPT-1206)
Information: The register 'mem_reg[0][8]' is a constant and will be removed. (OPT-1206)
Information: The register 'mem_reg[0][7]' is a constant and will be removed. (OPT-1206)
Information: The register 'mem_reg[0][6]' is a constant and will be removed. (OPT-1206)
Information: The register 'mem_reg[0][5]' is a constant and will be removed. (OPT-1206)
Information: The register 'mem_reg[0][4]' is a constant and will be removed. (OPT-1206)
Information: The register 'mem_reg[0][3]' is a constant and will be removed. (OPT-1206)
Information: The register 'mem_reg[0][2]' is a constant and will be removed. (OPT-1206)
Information: The register 'mem_reg[0][1]' is a constant and will be removed. (OPT-1206)
Information: The register 'mem_reg[0][0]' is a constant and will be removed. (OPT-1206)
  Processing 'cv32e40p_id_stage_COREV_PULP0_COREV_CLUSTER0_N_HWLP2_PULP_SECURE0_USE_PMP0_A_EXTENSION0_APU0_FPU0_FPU_ADDMUL_LAT0_FPU_OTHERS_LAT0_ZFINX0_APU_NARGS_CPU3_APU_WOP_CPU6_APU_NDSFLAGS_CPU15_APU_NUSFLAGS_CPU5_DEBUG_TRIGGER_EN1'
Information: The register 'apu_operands_ex_o_reg[0][0]' is a constant and will be removed. (OPT-1206)
Information: The register 'apu_operands_ex_o_reg[0][1]' is a constant and will be removed. (OPT-1206)
Information: The register 'apu_operands_ex_o_reg[0][2]' is a constant and will be removed. (OPT-1206)
Information: The register 'apu_operands_ex_o_reg[0][3]' is a constant and will be removed. (OPT-1206)
Information: The register 'apu_operands_ex_o_reg[0][4]' is a constant and will be removed. (OPT-1206)
Information: The register 'apu_operands_ex_o_reg[0][5]' is a constant and will be removed. (OPT-1206)
Information: The register 'apu_operands_ex_o_reg[0][6]' is a constant and will be removed. (OPT-1206)
Information: The register 'apu_operands_ex_o_reg[0][7]' is a constant and will be removed. (OPT-1206)
Information: The register 'apu_operands_ex_o_reg[0][8]' is a constant and will be removed. (OPT-1206)
Information: The register 'apu_operands_ex_o_reg[0][9]' is a constant and will be removed. (OPT-1206)
Information: The register 'apu_operands_ex_o_reg[0][10]' is a constant and will be removed. (OPT-1206)
Information: The register 'apu_operands_ex_o_reg[0][11]' is a constant and will be removed. (OPT-1206)
Information: The register 'apu_operands_ex_o_reg[0][12]' is a constant and will be removed. (OPT-1206)
Information: The register 'apu_operands_ex_o_reg[0][13]' is a constant and will be removed. (OPT-1206)
Information: The register 'apu_operands_ex_o_reg[0][14]' is a constant and will be removed. (OPT-1206)
Information: The register 'apu_operands_ex_o_reg[0][15]' is a constant and will be removed. (OPT-1206)
Information: The register 'apu_operands_ex_o_reg[0][16]' is a constant and will be removed. (OPT-1206)
Information: The register 'apu_operands_ex_o_reg[0][17]' is a constant and will be removed. (OPT-1206)
Information: The register 'apu_waddr_ex_o_reg[5]' is a constant and will be removed. (OPT-1206)
Information: The register 'apu_waddr_ex_o_reg[4]' is a constant and will be removed. (OPT-1206)
Information: The register 'apu_waddr_ex_o_reg[3]' is a constant and will be removed. (OPT-1206)
Information: The register 'apu_waddr_ex_o_reg[2]' is a constant and will be removed. (OPT-1206)
Information: The register 'apu_waddr_ex_o_reg[1]' is a constant and will be removed. (OPT-1206)
Information: The register 'apu_flags_ex_o_reg[14]' is a constant and will be removed. (OPT-1206)
Information: The register 'apu_flags_ex_o_reg[13]' is a constant and will be removed. (OPT-1206)
Information: The register 'apu_flags_ex_o_reg[12]' is a constant and will be removed. (OPT-1206)
Information: The register 'apu_flags_ex_o_reg[11]' is a constant and will be removed. (OPT-1206)
Information: The register 'apu_flags_ex_o_reg[10]' is a constant and will be removed. (OPT-1206)
Information: The register 'apu_flags_ex_o_reg[9]' is a constant and will be removed. (OPT-1206)
Information: The register 'apu_flags_ex_o_reg[8]' is a constant and will be removed. (OPT-1206)
Information: The register 'apu_flags_ex_o_reg[7]' is a constant and will be removed. (OPT-1206)
Information: The register 'apu_flags_ex_o_reg[6]' is a constant and will be removed. (OPT-1206)
Information: The register 'apu_flags_ex_o_reg[5]' is a constant and will be removed. (OPT-1206)
Information: The register 'apu_flags_ex_o_reg[4]' is a constant and will be removed. (OPT-1206)
Information: The register 'apu_flags_ex_o_reg[3]' is a constant and will be removed. (OPT-1206)
Information: The register 'apu_flags_ex_o_reg[2]' is a constant and will be removed. (OPT-1206)
Information: The register 'apu_flags_ex_o_reg[1]' is a constant and will be removed. (OPT-1206)
Information: The register 'apu_flags_ex_o_reg[0]' is a constant and will be removed. (OPT-1206)
Information: The register 'apu_operands_ex_o_reg[2][31]' is a constant and will be removed. (OPT-1206)
Information: The register 'apu_operands_ex_o_reg[2][30]' is a constant and will be removed. (OPT-1206)
Information: The register 'apu_operands_ex_o_reg[2][29]' is a constant and will be removed. (OPT-1206)
Information: The register 'apu_operands_ex_o_reg[2][28]' is a constant and will be removed. (OPT-1206)
Information: The register 'apu_operands_ex_o_reg[2][27]' is a constant and will be removed. (OPT-1206)
Information: The register 'apu_operands_ex_o_reg[2][26]' is a constant and will be removed. (OPT-1206)
Information: The register 'apu_operands_ex_o_reg[2][25]' is a constant and will be removed. (OPT-1206)
Information: The register 'apu_operands_ex_o_reg[2][24]' is a constant and will be removed. (OPT-1206)
Information: The register 'apu_operands_ex_o_reg[2][23]' is a constant and will be removed. (OPT-1206)
Information: The register 'apu_operands_ex_o_reg[2][22]' is a constant and will be removed. (OPT-1206)
Information: The register 'apu_operands_ex_o_reg[2][21]' is a constant and will be removed. (OPT-1206)
Information: The register 'apu_operands_ex_o_reg[2][20]' is a constant and will be removed. (OPT-1206)
Information: The register 'apu_operands_ex_o_reg[2][19]' is a constant and will be removed. (OPT-1206)
Information: The register 'apu_operands_ex_o_reg[2][18]' is a constant and will be removed. (OPT-1206)
Information: The register 'apu_operands_ex_o_reg[2][17]' is a constant and will be removed. (OPT-1206)
Information: The register 'apu_operands_ex_o_reg[2][16]' is a constant and will be removed. (OPT-1206)
Information: The register 'apu_operands_ex_o_reg[2][15]' is a constant and will be removed. (OPT-1206)
Information: The register 'apu_operands_ex_o_reg[2][14]' is a constant and will be removed. (OPT-1206)
Information: The register 'apu_operands_ex_o_reg[2][13]' is a constant and will be removed. (OPT-1206)
Information: The register 'apu_operands_ex_o_reg[2][12]' is a constant and will be removed. (OPT-1206)
Information: The register 'apu_operands_ex_o_reg[2][11]' is a constant and will be removed. (OPT-1206)
Information: The register 'apu_operands_ex_o_reg[2][10]' is a constant and will be removed. (OPT-1206)
Information: The register 'apu_operands_ex_o_reg[2][9]' is a constant and will be removed. (OPT-1206)
Information: The register 'apu_operands_ex_o_reg[2][8]' is a constant and will be removed. (OPT-1206)
Information: The register 'apu_operands_ex_o_reg[2][7]' is a constant and will be removed. (OPT-1206)
Information: The register 'apu_operands_ex_o_reg[2][6]' is a constant and will be removed. (OPT-1206)
Information: The register 'apu_operands_ex_o_reg[2][5]' is a constant and will be removed. (OPT-1206)
Information: The register 'apu_operands_ex_o_reg[2][4]' is a constant and will be removed. (OPT-1206)
Information: The register 'apu_operands_ex_o_reg[2][3]' is a constant and will be removed. (OPT-1206)
Information: The register 'apu_operands_ex_o_reg[2][2]' is a constant and will be removed. (OPT-1206)
Information: The register 'apu_operands_ex_o_reg[2][1]' is a constant and will be removed. (OPT-1206)
Information: The register 'apu_operands_ex_o_reg[2][0]' is a constant and will be removed. (OPT-1206)
Information: The register 'apu_operands_ex_o_reg[1][31]' is a constant and will be removed. (OPT-1206)
Information: The register 'apu_operands_ex_o_reg[1][30]' is a constant and will be removed. (OPT-1206)
Information: The register 'apu_operands_ex_o_reg[1][29]' is a constant and will be removed. (OPT-1206)
Information: The register 'apu_operands_ex_o_reg[1][28]' is a constant and will be removed. (OPT-1206)
Information: The register 'apu_operands_ex_o_reg[1][27]' is a constant and will be removed. (OPT-1206)
Information: The register 'apu_operands_ex_o_reg[1][26]' is a constant and will be removed. (OPT-1206)
Information: The register 'apu_operands_ex_o_reg[1][25]' is a constant and will be removed. (OPT-1206)
Information: The register 'apu_operands_ex_o_reg[1][24]' is a constant and will be removed. (OPT-1206)
Information: The register 'apu_operands_ex_o_reg[1][23]' is a constant and will be removed. (OPT-1206)
Information: The register 'apu_operands_ex_o_reg[1][22]' is a constant and will be removed. (OPT-1206)
Information: The register 'apu_operands_ex_o_reg[1][21]' is a constant and will be removed. (OPT-1206)
Information: The register 'apu_operands_ex_o_reg[1][20]' is a constant and will be removed. (OPT-1206)
Information: The register 'apu_operands_ex_o_reg[1][19]' is a constant and will be removed. (OPT-1206)
Information: The register 'apu_operands_ex_o_reg[1][18]' is a constant and will be removed. (OPT-1206)
Information: The register 'apu_operands_ex_o_reg[1][17]' is a constant and will be removed. (OPT-1206)
Information: The register 'apu_operands_ex_o_reg[1][16]' is a constant and will be removed. (OPT-1206)
Information: The register 'apu_operands_ex_o_reg[1][15]' is a constant and will be removed. (OPT-1206)
Information: The register 'apu_operands_ex_o_reg[1][14]' is a constant and will be removed. (OPT-1206)
Information: The register 'apu_operands_ex_o_reg[1][13]' is a constant and will be removed. (OPT-1206)
Information: The register 'apu_operands_ex_o_reg[1][12]' is a constant and will be removed. (OPT-1206)
Information: The register 'apu_operands_ex_o_reg[1][11]' is a constant and will be removed. (OPT-1206)
Information: The register 'apu_operands_ex_o_reg[1][10]' is a constant and will be removed. (OPT-1206)
Information: The register 'apu_operands_ex_o_reg[1][9]' is a constant and will be removed. (OPT-1206)
Information: The register 'apu_operands_ex_o_reg[1][8]' is a constant and will be removed. (OPT-1206)
Information: The register 'apu_operands_ex_o_reg[1][7]' is a constant and will be removed. (OPT-1206)
Information: The register 'apu_operands_ex_o_reg[1][6]' is a constant and will be removed. (OPT-1206)
Information: The register 'apu_operands_ex_o_reg[1][5]' is a constant and will be removed. (OPT-1206)
Information: The register 'apu_operands_ex_o_reg[1][4]' is a constant and will be removed. (OPT-1206)
Information: The register 'apu_operands_ex_o_reg[1][3]' is a constant and will be removed. (OPT-1206)
Information: The register 'apu_operands_ex_o_reg[1][2]' is a constant and will be removed. (OPT-1206)
Information: The register 'apu_operands_ex_o_reg[1][1]' is a constant and will be removed. (OPT-1206)
Information: The register 'apu_operands_ex_o_reg[1][0]' is a constant and will be removed. (OPT-1206)
Information: The register 'apu_operands_ex_o_reg[0][31]' is a constant and will be removed. (OPT-1206)
Information: The register 'apu_operands_ex_o_reg[0][30]' is a constant and will be removed. (OPT-1206)
Information: The register 'apu_operands_ex_o_reg[0][29]' is a constant and will be removed. (OPT-1206)
Information: The register 'apu_operands_ex_o_reg[0][28]' is a constant and will be removed. (OPT-1206)
Information: The register 'apu_operands_ex_o_reg[0][27]' is a constant and will be removed. (OPT-1206)
Information: The register 'apu_operands_ex_o_reg[0][26]' is a constant and will be removed. (OPT-1206)
Information: The register 'apu_operands_ex_o_reg[0][25]' is a constant and will be removed. (OPT-1206)
Information: The register 'apu_operands_ex_o_reg[0][24]' is a constant and will be removed. (OPT-1206)
Information: The register 'apu_operands_ex_o_reg[0][23]' is a constant and will be removed. (OPT-1206)
Information: The register 'apu_operands_ex_o_reg[0][22]' is a constant and will be removed. (OPT-1206)
Information: The register 'apu_operands_ex_o_reg[0][21]' is a constant and will be removed. (OPT-1206)
Information: The register 'apu_operands_ex_o_reg[0][20]' is a constant and will be removed. (OPT-1206)
Information: The register 'apu_operands_ex_o_reg[0][19]' is a constant and will be removed. (OPT-1206)
Information: The register 'apu_operands_ex_o_reg[0][18]' is a constant and will be removed. (OPT-1206)
Information: The register 'apu_waddr_ex_o_reg[0]' is a constant and will be removed. (OPT-1206)
  Processing 'cv32e40p_compressed_decoder_FPU0_ZFINX0'
  Processing 'cv32e40p_aligner'
Information: The register 'state_reg[2]' is a constant and will be removed. (OPT-1206)
  Processing 'cv32e40p_obi_interface_TRANS_STABLE0'
  Processing 'cv32e40p_fifo_0_32_2'
  Processing 'cv32e40p_prefetch_controller_PULP_OBI0_COREV_PULP0_DEPTH2'
  Processing 'cv32e40p_prefetch_buffer_PULP_OBI0_COREV_PULP0'
  Processing 'cv32e40p_if_stage_COREV_PULP0_PULP_OBI0_PULP_SECURE0_FPU0_ZFINX0'
Information: The register 'is_fetch_failed_o_reg' is a constant and will be removed. (OPT-1206)
  Processing 'cv32e40p_clock_gate'
  Processing 'cv32e40p_sleep_unit_COREV_CLUSTER0'
  Processing 'cv32e40p_core_COREV_PULP0_COREV_CLUSTER0_FPU0_FPU_ADDMUL_LAT0_FPU_OTHERS_LAT0_ZFINX0_NUM_MHPMCOUNTERS1'
  Processing 'mux2X1_0'
  Processing 'cv32e40p_top'

  Updating timing information
Information: Updating design information... (UID-85)

  Beginning Implementation Selection
  ----------------------------------
  Processing 'cv32e40p_cs_registers_N_HWLP2_APU0_A_EXTENSION0_FPU0_ZFINX0_PULP_SECURE0_USE_PMP0_N_PMP_ENTRIES16_NUM_MHPMCOUNTERS1_COREV_PULP0_COREV_CLUSTER0_DEBUG_TRIGGER_EN1_DW01_inc_0'
  Processing 'cv32e40p_cs_registers_N_HWLP2_APU0_A_EXTENSION0_FPU0_ZFINX0_PULP_SECURE0_USE_PMP0_N_PMP_ENTRIES16_NUM_MHPMCOUNTERS1_COREV_PULP0_COREV_CLUSTER0_DEBUG_TRIGGER_EN1_DW01_inc_1'
  Processing 'cv32e40p_cs_registers_N_HWLP2_APU0_A_EXTENSION0_FPU0_ZFINX0_PULP_SECURE0_USE_PMP0_N_PMP_ENTRIES16_NUM_MHPMCOUNTERS1_COREV_PULP0_COREV_CLUSTER0_DEBUG_TRIGGER_EN1_DW01_inc_2'
  Processing 'cv32e40p_cs_registers_N_HWLP2_APU0_A_EXTENSION0_FPU0_ZFINX0_PULP_SECURE0_USE_PMP0_N_PMP_ENTRIES16_NUM_MHPMCOUNTERS1_COREV_PULP0_COREV_CLUSTER0_DEBUG_TRIGGER_EN1_DW01_cmp6_0'
  Processing 'cv32e40p_mult_DW_rash_0'
  Processing 'cv32e40p_mult_DW_rash_1'
  Processing 'cv32e40p_mult_DW01_ash_0'
  Processing 'cv32e40p_alu_DW01_sub_0'
  Processing 'cv32e40p_alu_DW01_cmp2_0'
  Processing 'cv32e40p_alu_DW01_cmp6_0'
  Processing 'cv32e40p_alu_DW01_cmp2_1'
  Processing 'cv32e40p_alu_DW01_cmp6_1'
  Processing 'cv32e40p_alu_DW01_cmp2_2'
  Processing 'cv32e40p_alu_DW01_cmp6_2'
  Processing 'cv32e40p_alu_DW01_cmp2_3'
  Processing 'cv32e40p_alu_DW01_cmp6_3'
  Processing 'cv32e40p_alu_DW01_cmp6_4'
  Processing 'cv32e40p_alu_DW_rash_0'
  Processing 'cv32e40p_alu_DW_rash_1'
  Processing 'cv32e40p_alu_DW_rash_2'
  Processing 'cv32e40p_alu_DW_rash_3'
  Processing 'cv32e40p_alu_DW_rash_4'
  Processing 'cv32e40p_alu_DW_rash_5'
  Processing 'cv32e40p_alu_DW_rash_6'
  Processing 'cv32e40p_alu_DW01_add_0'
  Processing 'cv32e40p_alu_DW01_dec_0'
  Processing 'cv32e40p_alu_DW01_add_1'
  Processing 'cv32e40p_alu_DW01_ash_0'
  Processing 'cv32e40p_alu_DW01_ash_1'
  Processing 'cv32e40p_alu_DW01_add_2'
  Processing 'cv32e40p_alu_div_DW01_dec_0'
  Processing 'cv32e40p_alu_div_DW01_sub_0'
  Processing 'cv32e40p_alu_div_DW01_add_0'
  Processing 'cv32e40p_alu_div_DW01_sub_1'
  Processing 'cv32e40p_alu_div_DW01_cmp6_0'
  Processing 'cv32e40p_id_stage_COREV_PULP0_COREV_CLUSTER0_N_HWLP2_PULP_SECURE0_USE_PMP0_A_EXTENSION0_APU0_FPU0_FPU_ADDMUL_LAT0_FPU_OTHERS_LAT0_ZFINX0_APU_NARGS_CPU3_APU_WOP_CPU6_APU_NDSFLAGS_CPU15_APU_NUSFLAGS_CPU5_DEBUG_TRIGGER_EN1_DW01_add_0'
  Processing 'cv32e40p_id_stage_COREV_PULP0_COREV_CLUSTER0_N_HWLP2_PULP_SECURE0_USE_PMP0_A_EXTENSION0_APU0_FPU0_FPU_ADDMUL_LAT0_FPU_OTHERS_LAT0_ZFINX0_APU_NARGS_CPU3_APU_WOP_CPU6_APU_NDSFLAGS_CPU15_APU_NUSFLAGS_CPU5_DEBUG_TRIGGER_EN1_DW01_add_1'
  Processing 'cv32e40p_id_stage_COREV_PULP0_COREV_CLUSTER0_N_HWLP2_PULP_SECURE0_USE_PMP0_A_EXTENSION0_APU0_FPU0_FPU_ADDMUL_LAT0_FPU_OTHERS_LAT0_ZFINX0_APU_NARGS_CPU3_APU_WOP_CPU6_APU_NDSFLAGS_CPU15_APU_NUSFLAGS_CPU5_DEBUG_TRIGGER_EN1_DW01_cmp6_0'
  Processing 'cv32e40p_id_stage_COREV_PULP0_COREV_CLUSTER0_N_HWLP2_PULP_SECURE0_USE_PMP0_A_EXTENSION0_APU0_FPU0_FPU_ADDMUL_LAT0_FPU_OTHERS_LAT0_ZFINX0_APU_NARGS_CPU3_APU_WOP_CPU6_APU_NDSFLAGS_CPU15_APU_NUSFLAGS_CPU5_DEBUG_TRIGGER_EN1_DW01_cmp6_1'
  Processing 'cv32e40p_id_stage_COREV_PULP0_COREV_CLUSTER0_N_HWLP2_PULP_SECURE0_USE_PMP0_A_EXTENSION0_APU0_FPU0_FPU_ADDMUL_LAT0_FPU_OTHERS_LAT0_ZFINX0_APU_NARGS_CPU3_APU_WOP_CPU6_APU_NDSFLAGS_CPU15_APU_NUSFLAGS_CPU5_DEBUG_TRIGGER_EN1_DW01_cmp6_2'
  Processing 'cv32e40p_id_stage_COREV_PULP0_COREV_CLUSTER0_N_HWLP2_PULP_SECURE0_USE_PMP0_A_EXTENSION0_APU0_FPU0_FPU_ADDMUL_LAT0_FPU_OTHERS_LAT0_ZFINX0_APU_NARGS_CPU3_APU_WOP_CPU6_APU_NDSFLAGS_CPU15_APU_NUSFLAGS_CPU5_DEBUG_TRIGGER_EN1_DW01_cmp6_3'
  Processing 'cv32e40p_id_stage_COREV_PULP0_COREV_CLUSTER0_N_HWLP2_PULP_SECURE0_USE_PMP0_A_EXTENSION0_APU0_FPU0_FPU_ADDMUL_LAT0_FPU_OTHERS_LAT0_ZFINX0_APU_NARGS_CPU3_APU_WOP_CPU6_APU_NDSFLAGS_CPU15_APU_NUSFLAGS_CPU5_DEBUG_TRIGGER_EN1_DW01_cmp6_4'
  Processing 'cv32e40p_id_stage_COREV_PULP0_COREV_CLUSTER0_N_HWLP2_PULP_SECURE0_USE_PMP0_A_EXTENSION0_APU0_FPU0_FPU_ADDMUL_LAT0_FPU_OTHERS_LAT0_ZFINX0_APU_NARGS_CPU3_APU_WOP_CPU6_APU_NDSFLAGS_CPU15_APU_NUSFLAGS_CPU5_DEBUG_TRIGGER_EN1_DW01_cmp6_5'
  Processing 'cv32e40p_id_stage_COREV_PULP0_COREV_CLUSTER0_N_HWLP2_PULP_SECURE0_USE_PMP0_A_EXTENSION0_APU0_FPU0_FPU_ADDMUL_LAT0_FPU_OTHERS_LAT0_ZFINX0_APU_NARGS_CPU3_APU_WOP_CPU6_APU_NDSFLAGS_CPU15_APU_NUSFLAGS_CPU5_DEBUG_TRIGGER_EN1_DW01_cmp6_6'
  Processing 'cv32e40p_id_stage_COREV_PULP0_COREV_CLUSTER0_N_HWLP2_PULP_SECURE0_USE_PMP0_A_EXTENSION0_APU0_FPU0_FPU_ADDMUL_LAT0_FPU_OTHERS_LAT0_ZFINX0_APU_NARGS_CPU3_APU_WOP_CPU6_APU_NDSFLAGS_CPU15_APU_NUSFLAGS_CPU5_DEBUG_TRIGGER_EN1_DW01_cmp6_7'
  Processing 'cv32e40p_id_stage_COREV_PULP0_COREV_CLUSTER0_N_HWLP2_PULP_SECURE0_USE_PMP0_A_EXTENSION0_APU0_FPU0_FPU_ADDMUL_LAT0_FPU_OTHERS_LAT0_ZFINX0_APU_NARGS_CPU3_APU_WOP_CPU6_APU_NDSFLAGS_CPU15_APU_NUSFLAGS_CPU5_DEBUG_TRIGGER_EN1_DW01_cmp6_8'
  Processing 'cv32e40p_id_stage_COREV_PULP0_COREV_CLUSTER0_N_HWLP2_PULP_SECURE0_USE_PMP0_A_EXTENSION0_APU0_FPU0_FPU_ADDMUL_LAT0_FPU_OTHERS_LAT0_ZFINX0_APU_NARGS_CPU3_APU_WOP_CPU6_APU_NDSFLAGS_CPU15_APU_NUSFLAGS_CPU5_DEBUG_TRIGGER_EN1_DW01_dec_0'
  Processing 'cv32e40p_id_stage_COREV_PULP0_COREV_CLUSTER0_N_HWLP2_PULP_SECURE0_USE_PMP0_A_EXTENSION0_APU0_FPU0_FPU_ADDMUL_LAT0_FPU_OTHERS_LAT0_ZFINX0_APU_NARGS_CPU3_APU_WOP_CPU6_APU_NDSFLAGS_CPU15_APU_NUSFLAGS_CPU5_DEBUG_TRIGGER_EN1_DW01_ash_0'
  Processing 'cv32e40p_id_stage_COREV_PULP0_COREV_CLUSTER0_N_HWLP2_PULP_SECURE0_USE_PMP0_A_EXTENSION0_APU0_FPU0_FPU_ADDMUL_LAT0_FPU_OTHERS_LAT0_ZFINX0_APU_NARGS_CPU3_APU_WOP_CPU6_APU_NDSFLAGS_CPU15_APU_NUSFLAGS_CPU5_DEBUG_TRIGGER_EN1_DW01_add_2'
  Processing 'cv32e40p_controller_COREV_CLUSTER0_COREV_PULP0_FPU0_DW01_cmp6_0'
  Processing 'cv32e40p_if_stage_COREV_PULP0_PULP_OBI0_PULP_SECURE0_FPU0_ZFINX0_DW01_add_0'
  Processing 'cv32e40p_aligner_DW01_add_0'
  Processing 'cv32e40p_aligner_DW01_add_1'
  Processing 'cv32e40p_prefetch_controller_PULP_OBI0_COREV_PULP0_DEPTH2_DW01_add_0'
  Processing 'cv32e40p_load_store_unit_PULP_OBI0_DW01_add_0'
  Processing 'cv32e40p_load_store_unit_PULP_OBI0_DW02_mult_0'
  Processing 'cv32e40p_popcnt_DW01_add_0'
  Processing 'cv32e40p_popcnt_DW01_add_1'
  Processing 'cv32e40p_popcnt_DW01_add_2'
  Processing 'DW01_add_width4'
  Processing 'DW01_add_width4'
  Processing 'cv32e40p_popcnt_DW01_add_3'
  Processing 'cv32e40p_popcnt_DW01_add_4'
  Processing 'cv32e40p_popcnt_DW01_add_5'
  Processing 'cv32e40p_popcnt_DW01_add_6'
  Processing 'DW01_add_width3'
  Processing 'DW01_add_width2'
  Processing 'DW01_add_width2'
  Processing 'DW01_add_width3'
  Processing 'DW01_add_width2'
  Processing 'DW01_add_width2'
  Processing 'DW01_add_width3'
  Processing 'DW01_add_width4'
  Processing 'DW01_add_width2'
  Processing 'DW01_add_width2'
  Processing 'DW01_add_width3'
  Processing 'cv32e40p_mult_DW01_add_0'
  Processing 'cv32e40p_mult_DW01_add_1'
  Processing 'cv32e40p_mult_DW01_add_2'
  Processing 'cv32e40p_mult_DW01_add_3'
  Processing 'cv32e40p_mult_DW02_mult_0'
  Processing 'cv32e40p_mult_DW01_add_4'
  Processing 'cv32e40p_mult_DW02_mult_1'
  Processing 'cv32e40p_mult_DW01_add_5'
  Processing 'cv32e40p_mult_DW02_mult_2'
  Processing 'cv32e40p_mult_DW01_add_6'
  Processing 'cv32e40p_mult_DW02_mult_3'
  Processing 'cv32e40p_mult_DW01_add_7'
  Processing 'cv32e40p_mult_DW01_add_8'
  Processing 'cv32e40p_mult_DW02_mult_4'
  Processing 'cv32e40p_mult_DW01_add_9'
  Processing 'cv32e40p_mult_DW01_add_10'
  Processing 'cv32e40p_mult_DW01_add_11'
  Processing 'cv32e40p_mult_DW01_add_12'
  Processing 'cv32e40p_mult_DW02_mult_5'
  Processing 'cv32e40p_mult_DW01_add_13'
  Processing 'cv32e40p_mult_DW02_mult_6'
  Processing 'cv32e40p_mult_DW01_add_14'
  Processing 'cv32e40p_mult_DW01_add_15'
  Processing 'cv32e40p_mult_DW01_add_16'
  Processing 'cv32e40p_mult_DW02_mult_7'
  Processing 'cv32e40p_mult_DW01_add_17'

                                  TOTAL                                      
   ELAPSED            WORST NEG   SETUP    DESIGN                            
    TIME      AREA      SLACK     COST    RULE COST         ENDPOINT         
  --------- --------- --------- --------- --------- -------------------------
    0:01:29   19760.6      0.00       0.0    9813.1                          
    0:01:29   19760.6      0.00       0.0    9813.1                          

  Beginning Mapping Optimizations  (Medium effort)
  -------------------------------
  Mapping Optimization (Phase 1)

                                  TOTAL                                      
   ELAPSED            WORST NEG   SETUP    DESIGN                            
    TIME      AREA      SLACK     COST    RULE COST         ENDPOINT         
  --------- --------- --------- --------- --------- -------------------------
    0:01:41   18489.8      0.00       0.0    8780.4                          
    0:01:41   18489.8      0.00       0.0    8780.4                          
    0:01:42   18539.3      0.00       0.0    8390.4                          
    0:01:45   18793.0      0.00       0.0    6705.3                          
Information: The register 'core_i/id_stage_i/apu_op_ex_o_reg[0]' is a constant and will be removed. (OPT-1206)
Information: The register 'core_i/id_stage_i/apu_lat_ex_o_reg[1]' is a constant and will be removed. (OPT-1206)
Information: The register 'core_i/id_stage_i/apu_lat_ex_o_reg[0]' is a constant and will be removed. (OPT-1206)
Information: The register 'core_i/id_stage_i/apu_op_ex_o_reg[5]' is a constant and will be removed. (OPT-1206)
Information: The register 'core_i/id_stage_i/apu_op_ex_o_reg[4]' is a constant and will be removed. (OPT-1206)
Information: The register 'core_i/id_stage_i/apu_op_ex_o_reg[3]' is a constant and will be removed. (OPT-1206)
Information: The register 'core_i/id_stage_i/apu_op_ex_o_reg[2]' is a constant and will be removed. (OPT-1206)
Information: The register 'core_i/id_stage_i/apu_op_ex_o_reg[1]' is a constant and will be removed. (OPT-1206)
Information: The register 'core_i/id_stage_i/mult_dot_signed_ex_o_reg[1]' is a constant and will be removed. (OPT-1206)
Information: The register 'core_i/id_stage_i/mult_dot_signed_ex_o_reg[0]' is a constant and will be removed. (OPT-1206)
Information: The register 'core_i/id_stage_i/mult_clpx_shift_ex_o_reg[1]' is a constant and will be removed. (OPT-1206)
Information: The register 'core_i/id_stage_i/mult_clpx_shift_ex_o_reg[0]' is a constant and will be removed. (OPT-1206)
Information: The register 'core_i/id_stage_i/mult_dot_op_b_ex_o_reg[7]' is a constant and will be removed. (OPT-1206)
Information: The register 'core_i/id_stage_i/mult_dot_op_b_ex_o_reg[6]' is a constant and will be removed. (OPT-1206)
Information: The register 'core_i/id_stage_i/mult_dot_op_b_ex_o_reg[5]' is a constant and will be removed. (OPT-1206)
Information: The register 'core_i/id_stage_i/mult_dot_op_b_ex_o_reg[4]' is a constant and will be removed. (OPT-1206)
Information: The register 'core_i/id_stage_i/mult_dot_op_b_ex_o_reg[3]' is a constant and will be removed. (OPT-1206)
Information: The register 'core_i/id_stage_i/mult_dot_op_b_ex_o_reg[2]' is a constant and will be removed. (OPT-1206)
Information: The register 'core_i/id_stage_i/mult_dot_op_b_ex_o_reg[1]' is a constant and will be removed. (OPT-1206)
Information: The register 'core_i/id_stage_i/mult_dot_op_b_ex_o_reg[0]' is a constant and will be removed. (OPT-1206)
Information: The register 'core_i/id_stage_i/mult_clpx_img_ex_o_reg' is a constant and will be removed. (OPT-1206)
Information: The register 'core_i/id_stage_i/mult_is_clpx_ex_o_reg' is a constant and will be removed. (OPT-1206)
Information: The register 'core_i/id_stage_i/mult_dot_op_b_ex_o_reg[23]' is a constant and will be removed. (OPT-1206)
Information: The register 'core_i/id_stage_i/mult_dot_op_b_ex_o_reg[22]' is a constant and will be removed. (OPT-1206)
Information: The register 'core_i/id_stage_i/mult_dot_op_b_ex_o_reg[21]' is a constant and will be removed. (OPT-1206)
Information: The register 'core_i/id_stage_i/mult_dot_op_b_ex_o_reg[20]' is a constant and will be removed. (OPT-1206)
Information: The register 'core_i/id_stage_i/mult_dot_op_b_ex_o_reg[19]' is a constant and will be removed. (OPT-1206)
Information: The register 'core_i/id_stage_i/mult_dot_op_b_ex_o_reg[18]' is a constant and will be removed. (OPT-1206)
Information: The register 'core_i/id_stage_i/mult_dot_op_b_ex_o_reg[17]' is a constant and will be removed. (OPT-1206)
Information: The register 'core_i/id_stage_i/mult_dot_op_b_ex_o_reg[16]' is a constant and will be removed. (OPT-1206)
Information: The register 'core_i/id_stage_i/mult_dot_op_b_ex_o_reg[31]' is a constant and will be removed. (OPT-1206)
Information: The register 'core_i/id_stage_i/mult_dot_op_b_ex_o_reg[30]' is a constant and will be removed. (OPT-1206)
Information: The register 'core_i/id_stage_i/mult_dot_op_b_ex_o_reg[29]' is a constant and will be removed. (OPT-1206)
Information: The register 'core_i/id_stage_i/mult_dot_op_b_ex_o_reg[28]' is a constant and will be removed. (OPT-1206)
Information: The register 'core_i/id_stage_i/mult_dot_op_b_ex_o_reg[27]' is a constant and will be removed. (OPT-1206)
Information: The register 'core_i/id_stage_i/mult_dot_op_b_ex_o_reg[26]' is a constant and will be removed. (OPT-1206)
Information: The register 'core_i/id_stage_i/mult_dot_op_b_ex_o_reg[25]' is a constant and will be removed. (OPT-1206)
Information: The register 'core_i/id_stage_i/mult_dot_op_b_ex_o_reg[24]' is a constant and will be removed. (OPT-1206)
Information: The register 'core_i/id_stage_i/mult_dot_op_b_ex_o_reg[15]' is a constant and will be removed. (OPT-1206)
Information: The register 'core_i/id_stage_i/mult_dot_op_b_ex_o_reg[14]' is a constant and will be removed. (OPT-1206)
Information: The register 'core_i/id_stage_i/mult_dot_op_b_ex_o_reg[13]' is a constant and will be removed. (OPT-1206)
Information: The register 'core_i/id_stage_i/mult_dot_op_b_ex_o_reg[12]' is a constant and will be removed. (OPT-1206)
Information: The register 'core_i/id_stage_i/mult_dot_op_b_ex_o_reg[11]' is a constant and will be removed. (OPT-1206)
Information: The register 'core_i/id_stage_i/mult_dot_op_b_ex_o_reg[10]' is a constant and will be removed. (OPT-1206)
Information: The register 'core_i/id_stage_i/mult_dot_op_b_ex_o_reg[9]' is a constant and will be removed. (OPT-1206)
Information: The register 'core_i/id_stage_i/mult_dot_op_b_ex_o_reg[8]' is a constant and will be removed. (OPT-1206)
Information: The register 'core_i/id_stage_i/mult_dot_op_a_ex_o_reg[0]' is a constant and will be removed. (OPT-1206)
Information: The register 'core_i/id_stage_i/mult_dot_op_a_ex_o_reg[1]' is a constant and will be removed. (OPT-1206)
Information: The register 'core_i/id_stage_i/mult_dot_op_a_ex_o_reg[2]' is a constant and will be removed. (OPT-1206)
Information: The register 'core_i/id_stage_i/mult_dot_op_a_ex_o_reg[3]' is a constant and will be removed. (OPT-1206)
Information: The register 'core_i/id_stage_i/mult_dot_op_a_ex_o_reg[4]' is a constant and will be removed. (OPT-1206)
Information: The register 'core_i/id_stage_i/mult_dot_op_a_ex_o_reg[5]' is a constant and will be removed. (OPT-1206)
Information: The register 'core_i/id_stage_i/mult_dot_op_a_ex_o_reg[6]' is a constant and will be removed. (OPT-1206)
Information: The register 'core_i/id_stage_i/mult_dot_op_a_ex_o_reg[7]' is a constant and will be removed. (OPT-1206)
Information: The register 'core_i/id_stage_i/mult_dot_op_a_ex_o_reg[8]' is a constant and will be removed. (OPT-1206)
Information: The register 'core_i/id_stage_i/mult_dot_op_a_ex_o_reg[9]' is a constant and will be removed. (OPT-1206)
Information: The register 'core_i/id_stage_i/mult_dot_op_a_ex_o_reg[10]' is a constant and will be removed. (OPT-1206)
Information: The register 'core_i/id_stage_i/mult_dot_op_a_ex_o_reg[11]' is a constant and will be removed. (OPT-1206)
Information: The register 'core_i/id_stage_i/mult_dot_op_a_ex_o_reg[12]' is a constant and will be removed. (OPT-1206)
Information: The register 'core_i/id_stage_i/mult_dot_op_a_ex_o_reg[13]' is a constant and will be removed. (OPT-1206)
Information: The register 'core_i/id_stage_i/mult_dot_op_a_ex_o_reg[14]' is a constant and will be removed. (OPT-1206)
Information: The register 'core_i/id_stage_i/mult_dot_op_a_ex_o_reg[15]' is a constant and will be removed. (OPT-1206)
Information: The register 'core_i/id_stage_i/mult_dot_op_a_ex_o_reg[16]' is a constant and will be removed. (OPT-1206)
Information: The register 'core_i/id_stage_i/mult_dot_op_a_ex_o_reg[17]' is a constant and will be removed. (OPT-1206)
Information: The register 'core_i/id_stage_i/mult_dot_op_a_ex_o_reg[18]' is a constant and will be removed. (OPT-1206)
Information: The register 'core_i/id_stage_i/mult_dot_op_a_ex_o_reg[19]' is a constant and will be removed. (OPT-1206)
Information: The register 'core_i/id_stage_i/mult_dot_op_a_ex_o_reg[20]' is a constant and will be removed. (OPT-1206)
Information: The register 'core_i/id_stage_i/mult_dot_op_a_ex_o_reg[21]' is a constant and will be removed. (OPT-1206)
Information: The register 'core_i/id_stage_i/mult_dot_op_a_ex_o_reg[22]' is a constant and will be removed. (OPT-1206)
Information: The register 'core_i/id_stage_i/mult_dot_op_a_ex_o_reg[23]' is a constant and will be removed. (OPT-1206)
Information: The register 'core_i/id_stage_i/mult_dot_op_a_ex_o_reg[24]' is a constant and will be removed. (OPT-1206)
Information: The register 'core_i/id_stage_i/mult_dot_op_a_ex_o_reg[25]' is a constant and will be removed. (OPT-1206)
Information: The register 'core_i/id_stage_i/mult_dot_op_a_ex_o_reg[26]' is a constant and will be removed. (OPT-1206)
Information: The register 'core_i/id_stage_i/mult_dot_op_a_ex_o_reg[27]' is a constant and will be removed. (OPT-1206)
Information: The register 'core_i/id_stage_i/mult_dot_op_a_ex_o_reg[28]' is a constant and will be removed. (OPT-1206)
Information: The register 'core_i/id_stage_i/mult_dot_op_a_ex_o_reg[29]' is a constant and will be removed. (OPT-1206)
Information: The register 'core_i/id_stage_i/mult_dot_op_a_ex_o_reg[30]' is a constant and will be removed. (OPT-1206)
Information: The register 'core_i/id_stage_i/mult_dot_op_c_ex_o_reg[0]' is a constant and will be removed. (OPT-1206)
Information: The register 'core_i/id_stage_i/mult_dot_op_c_ex_o_reg[1]' is a constant and will be removed. (OPT-1206)
Information: The register 'core_i/id_stage_i/mult_dot_op_c_ex_o_reg[2]' is a constant and will be removed. (OPT-1206)
Information: The register 'core_i/id_stage_i/mult_dot_op_c_ex_o_reg[3]' is a constant and will be removed. (OPT-1206)
Information: The register 'core_i/id_stage_i/mult_dot_op_c_ex_o_reg[4]' is a constant and will be removed. (OPT-1206)
Information: The register 'core_i/id_stage_i/mult_dot_op_c_ex_o_reg[5]' is a constant and will be removed. (OPT-1206)
Information: The register 'core_i/id_stage_i/mult_dot_op_c_ex_o_reg[6]' is a constant and will be removed. (OPT-1206)
Information: The register 'core_i/id_stage_i/mult_dot_op_c_ex_o_reg[7]' is a constant and will be removed. (OPT-1206)
Information: The register 'core_i/id_stage_i/mult_dot_op_c_ex_o_reg[8]' is a constant and will be removed. (OPT-1206)
Information: The register 'core_i/id_stage_i/mult_dot_op_c_ex_o_reg[9]' is a constant and will be removed. (OPT-1206)
Information: The register 'core_i/id_stage_i/mult_dot_op_c_ex_o_reg[10]' is a constant and will be removed. (OPT-1206)
Information: The register 'core_i/id_stage_i/mult_dot_op_c_ex_o_reg[11]' is a constant and will be removed. (OPT-1206)
Information: The register 'core_i/id_stage_i/mult_dot_op_c_ex_o_reg[12]' is a constant and will be removed. (OPT-1206)
Information: The register 'core_i/id_stage_i/mult_dot_op_c_ex_o_reg[13]' is a constant and will be removed. (OPT-1206)
Information: The register 'core_i/id_stage_i/mult_dot_op_c_ex_o_reg[14]' is a constant and will be removed. (OPT-1206)
Information: The register 'core_i/id_stage_i/mult_dot_op_c_ex_o_reg[15]' is a constant and will be removed. (OPT-1206)
Information: The register 'core_i/id_stage_i/mult_dot_op_c_ex_o_reg[16]' is a constant and will be removed. (OPT-1206)
Information: The register 'core_i/id_stage_i/mult_dot_op_c_ex_o_reg[17]' is a constant and will be removed. (OPT-1206)
Information: The register 'core_i/id_stage_i/mult_dot_op_c_ex_o_reg[18]' is a constant and will be removed. (OPT-1206)
Information: The register 'core_i/id_stage_i/mult_dot_op_c_ex_o_reg[19]' is a constant and will be removed. (OPT-1206)
Information: The register 'core_i/id_stage_i/mult_dot_op_c_ex_o_reg[20]' is a constant and will be removed. (OPT-1206)
Information: The register 'core_i/id_stage_i/mult_dot_op_c_ex_o_reg[21]' is a constant and will be removed. (OPT-1206)
Information: The register 'core_i/id_stage_i/mult_dot_op_c_ex_o_reg[22]' is a constant and will be removed. (OPT-1206)
Information: The register 'core_i/id_stage_i/mult_dot_op_c_ex_o_reg[23]' is a constant and will be removed. (OPT-1206)
Information: The register 'core_i/id_stage_i/mult_dot_op_c_ex_o_reg[24]' is a constant and will be removed. (OPT-1206)
Information: The register 'core_i/id_stage_i/mult_dot_op_c_ex_o_reg[25]' is a constant and will be removed. (OPT-1206)
Information: The register 'core_i/id_stage_i/mult_dot_op_c_ex_o_reg[26]' is a constant and will be removed. (OPT-1206)
Information: The register 'core_i/id_stage_i/mult_dot_op_c_ex_o_reg[27]' is a constant and will be removed. (OPT-1206)
Information: The register 'core_i/id_stage_i/mult_dot_op_c_ex_o_reg[28]' is a constant and will be removed. (OPT-1206)
Information: The register 'core_i/id_stage_i/mult_dot_op_c_ex_o_reg[29]' is a constant and will be removed. (OPT-1206)
Information: The register 'core_i/id_stage_i/mult_dot_op_c_ex_o_reg[30]' is a constant and will be removed. (OPT-1206)
Information: The register 'core_i/id_stage_i/mult_dot_op_c_ex_o_reg[31]' is a constant and will be removed. (OPT-1206)
Information: The register 'core_i/id_stage_i/mult_dot_op_a_ex_o_reg[31]' is a constant and will be removed. (OPT-1206)
Information: The register 'core_i/id_stage_i/apu_en_ex_o_reg' is a constant and will be removed. (OPT-1206)
Information: The register 'core_i/id_stage_i/data_load_event_ex_o_reg' is a constant and will be removed. (OPT-1206)
Information: The register 'core_i/id_stage_i/data_sign_ext_ex_o_reg[1]' is a constant and will be removed. (OPT-1206)
Information: The register 'core_i/id_stage_i/data_reg_offset_ex_o_reg[1]' is a constant and will be removed. (OPT-1206)
Information: The register 'core_i/id_stage_i/data_reg_offset_ex_o_reg[0]' is a constant and will be removed. (OPT-1206)
Information: The register 'core_i/id_stage_i/atop_ex_o_reg[5]' is a constant and will be removed. (OPT-1206)
Information: The register 'core_i/id_stage_i/atop_ex_o_reg[4]' is a constant and will be removed. (OPT-1206)
Information: The register 'core_i/id_stage_i/atop_ex_o_reg[3]' is a constant and will be removed. (OPT-1206)
Information: The register 'core_i/id_stage_i/atop_ex_o_reg[2]' is a constant and will be removed. (OPT-1206)
Information: The register 'core_i/id_stage_i/atop_ex_o_reg[1]' is a constant and will be removed. (OPT-1206)
Information: The register 'core_i/id_stage_i/atop_ex_o_reg[0]' is a constant and will be removed. (OPT-1206)
Information: The register 'core_i/id_stage_i/regfile_alu_waddr_ex_o_reg[5]' is a constant and will be removed. (OPT-1206)
Information: The register 'core_i/id_stage_i/regfile_waddr_ex_o_reg[5]' is a constant and will be removed. (OPT-1206)
Information: The register 'core_i/id_stage_i/mult_sel_subword_ex_o_reg' is a constant and will be removed. (OPT-1206)
Information: The register 'core_i/id_stage_i/mult_imm_ex_o_reg[1]' is a constant and will be removed. (OPT-1206)
Information: The register 'core_i/id_stage_i/mult_imm_ex_o_reg[4]' is a constant and will be removed. (OPT-1206)
Information: The register 'core_i/id_stage_i/mult_operator_ex_o_reg[0]' is a constant and will be removed. (OPT-1206)
Information: The register 'core_i/id_stage_i/mult_imm_ex_o_reg[0]' is a constant and will be removed. (OPT-1206)
Information: The register 'core_i/id_stage_i/mult_imm_ex_o_reg[3]' is a constant and will be removed. (OPT-1206)
Information: The register 'core_i/id_stage_i/mult_imm_ex_o_reg[2]' is a constant and will be removed. (OPT-1206)
Information: The register 'core_i/id_stage_i/bmask_a_ex_o_reg[4]' is a constant and will be removed. (OPT-1206)
Information: The register 'core_i/id_stage_i/alu_vec_mode_ex_o_reg[1]' is a constant and will be removed. (OPT-1206)
Information: The register 'core_i/id_stage_i/alu_is_clpx_ex_o_reg' is a constant and will be removed. (OPT-1206)
Information: The register 'core_i/id_stage_i/alu_is_subrot_ex_o_reg' is a constant and will be removed. (OPT-1206)
Information: The register 'core_i/id_stage_i/bmask_b_ex_o_reg[4]' is a constant and will be removed. (OPT-1206)
Information: The register 'core_i/id_stage_i/alu_vec_mode_ex_o_reg[0]' is a constant and will be removed. (OPT-1206)
Information: The register 'core_i/id_stage_i/bmask_b_ex_o_reg[2]' is a constant and will be removed. (OPT-1206)
Information: The register 'core_i/id_stage_i/bmask_b_ex_o_reg[0]' is a constant and will be removed. (OPT-1206)
Information: The register 'core_i/id_stage_i/bmask_a_ex_o_reg[2]' is a constant and will be removed. (OPT-1206)
Information: The register 'core_i/id_stage_i/bmask_b_ex_o_reg[3]' is a constant and will be removed. (OPT-1206)
Information: The register 'core_i/id_stage_i/bmask_a_ex_o_reg[0]' is a constant and will be removed. (OPT-1206)
Information: The register 'core_i/id_stage_i/bmask_b_ex_o_reg[1]' is a constant and will be removed. (OPT-1206)
Information: The register 'core_i/id_stage_i/bmask_a_ex_o_reg[3]' is a constant and will be removed. (OPT-1206)
Information: The register 'core_i/id_stage_i/bmask_a_ex_o_reg[1]' is a constant and will be removed. (OPT-1206)
Information: The register 'core_i/id_stage_i/alu_operator_ex_o_reg[6]' is a constant and will be removed. (OPT-1206)
    0:02:26   21103.4      0.00       0.0    3229.8                          
    0:02:26   21103.4      0.00       0.0    3229.8                          
    0:02:26   21103.4      0.00       0.0    3229.8                          
    0:02:26   21103.4      0.00       0.0    3229.8                          
    0:02:27   21103.4      0.00       0.0    3229.8                          
    0:02:46   17976.2      0.00       0.0    3229.8                          
    0:02:47   17973.0      0.00       0.0    3229.8                          
    0:02:54   17961.3      0.00       0.0    3229.8                          
    0:02:54   17961.3      0.00       0.0    3229.8                          
    0:02:55   17961.3      0.00       0.0    3229.8                          
    0:02:55   17952.5      0.00       0.0    3229.8                          
    0:02:55   17952.5      0.00       0.0    3229.8                          
    0:02:55   17952.5      0.00       0.0    3229.8                          
    0:02:55   17952.5      0.00       0.0    3229.8                          
    0:02:55   17952.5      0.00       0.0    3229.8                          



  Beginning Delay Optimization Phase
  ----------------------------------

                                  TOTAL                                      
   ELAPSED            WORST NEG   SETUP    DESIGN                            
    TIME      AREA      SLACK     COST    RULE COST         ENDPOINT         
  --------- --------- --------- --------- --------- -------------------------
    0:02:55   17952.5      0.00       0.0    3229.8                          
    0:02:55   17952.5      0.00       0.0    3229.8                          
    0:02:58   17952.5      0.00       0.0    3229.8                          


  Beginning Design Rule Fixing  (max_fanout)  (max_capacitance)
  ----------------------------

                                  TOTAL                                      
   ELAPSED            WORST NEG   SETUP    DESIGN                            
    TIME      AREA      SLACK     COST    RULE COST         ENDPOINT         
  --------- --------- --------- --------- --------- -------------------------
    0:02:58   17952.5      0.00       0.0    3229.8                          


  Beginning Area-Recovery Phase  (cleanup)
  -----------------------------

                                  TOTAL                                      
   ELAPSED            WORST NEG   SETUP    DESIGN                            
    TIME      AREA      SLACK     COST    RULE COST         ENDPOINT         
  --------- --------- --------- --------- --------- -------------------------
    0:02:58   17952.5      0.00       0.0    3229.8                          
    0:02:58   17952.5      0.00       0.0    3229.8                          
    0:03:06   17741.2      0.00       0.0    3229.8                          
    0:03:07   17694.5      0.00       0.0    3229.8                          
    0:03:08   17688.9      0.00       0.0    3229.8                          
    0:03:08   17687.2      0.00       0.0    3229.8                          
    0:03:08   17686.6      0.00       0.0    3229.8                          
    0:03:08   17686.6      0.00       0.0    3229.8                          
    0:03:09   17686.6      0.00       0.0    3229.8                          
    0:03:09   17686.4      0.00       0.0    3229.8                          
    0:03:09   17686.4      0.00       0.0    3229.8                          
    0:03:09   17686.4      0.00       0.0    3229.8                          
    0:03:09   17686.4      0.00       0.0    3229.8                          
    0:03:09   17686.4      0.00       0.0    3229.8                          
    0:03:09   17686.4      0.00       0.0    3229.8                          
    0:03:17   16478.6      0.00       0.0    3229.8                          


Note: Symbol # after min delay cost means estimated hold TNS across all active scenarios 


  Optimization Complete
  ---------------------
Warning: Design 'cv32e40p_top' contains 3 high-fanout nets. A fanout number of 1000 will be used for delay calculations involving these nets. (TIM-134)
     Net 'core_i/id_stage_i/register_file_i/n992': 1984 load(s), 1 driver(s)
     Net 'core_i/if_stage_i/prefetch_buffer_i/prefetch_controller_i/rst_n': 2258 load(s), 1 driver(s)
     Net 'core_i/ex_stage_i/alu_i/alu_div_i/Clk_CI': 2255 load(s), 1 driver(s)
1
################################################################### 
# Setting Test Timing Variables
################################################################### 
# Preclock Measure Protocol (default protocol)
set test_default_period 100
100
set test_default_delay 0
0
set test_default_bidir_delay 0
0
set test_default_strobe 20
20
set test_default_strobe_width 0
0
########################## Define DFT Signals ##########################
set_dft_signal -port [get_ports scan_clk]  -type ScanClock   -view existing_dft  -timing {30 60}
Accepted dft signal specification for modes: all_dft
1
set_dft_signal -port [get_ports scan_rst]  -type Reset       -view existing_dft  -active_state 0
Accepted dft signal specification for modes: all_dft
1
set_dft_signal -port [get_ports test_mode] -type Constant    -view existing_dft  -active_state 1 
Accepted dft signal specification for modes: all_dft
1
set_dft_signal -port [get_ports test_mode] -type TestMode    -view existing_dft  -active_state 1 
Accepted dft signal specification for modes: all_dft
1
set_dft_signal -port [get_ports SE]        -type ScanEnable  -view existing_dft  -active_state 1   -usage scan
Accepted dft signal specification for modes: all_dft
1
set_dft_signal -port [get_ports SI]        -type ScanDataIn  -view existing_dft 
Accepted dft signal specification for modes: all_dft
1
set_dft_signal -port [get_ports SO]        -type ScanDataOut -view existing_dft  
Accepted dft signal specification for modes: all_dft
1
############################# Create Test Protocol #######################
create_test_protocol
In mode: all_dft...

Information: Starting test protocol creation. (TEST-219)
  ...reading user specified clock signals...
Information: Identified system/test clock port scan_clk (30.0,60.0). (TEST-265)
  ...reading user specified asynchronous signals...
Information: Identified active low asynchronous control port scan_rst. (TEST-266)
1
###################### Pre-DFT Design Rule Checking #######################
dft_drc -verbose
In mode: all_dft...
  Pre-DFT DRC enabled
Warning: Design 'cv32e40p_top' contains 3 high-fanout nets. A fanout number of 1000 will be used for delay calculations involving these nets. (TIM-134)

Information: Starting test design rule checking. (TEST-222)
  Loading test protocol
  ...basic checks...
  ...basic sequential cell checks...
  	...checking for scan equivalents...
  ...checking vector rules...
  ...checking pre-dft rules...

-----------------------------------------------------------------
  DRC Report

  Total violations: 0

-----------------------------------------------------------------


Test Design rule checking did not find violations

-----------------------------------------------------------------
  Sequential Cell Report

  1 out of 2259 sequential cells have violations

-----------------------------------------------------------------

SEQUENTIAL CELLS WITH VIOLATIONS
      *   1 cell is a clock gating cell
         core_i/sleep_unit_i/core_clock_gate_i/core_clock_gate
SEQUENTIAL CELLS WITHOUT VIOLATIONS
      *2258 cells are valid scan cells
         core_i/sleep_unit_i/core_busy_q_reg
         core_i/sleep_unit_i/fetch_enable_q_reg
         core_i/if_stage_i/is_compressed_id_o_reg
         core_i/if_stage_i/instr_rdata_id_o_reg[31]
         core_i/if_stage_i/instr_rdata_id_o_reg[24]
         core_i/if_stage_i/instr_rdata_id_o_reg[23]
         core_i/if_stage_i/instr_rdata_id_o_reg[19]
         core_i/if_stage_i/illegal_c_insn_id_o_reg
         core_i/if_stage_i/instr_rdata_id_o_reg[1]
         core_i/if_stage_i/instr_rdata_id_o_reg[0]
         core_i/if_stage_i/instr_valid_id_o_reg
         core_i/if_stage_i/instr_rdata_id_o_reg[6]
         core_i/if_stage_i/instr_rdata_id_o_reg[4]
         core_i/if_stage_i/instr_rdata_id_o_reg[3]
         core_i/if_stage_i/instr_rdata_id_o_reg[2]
         core_i/if_stage_i/instr_rdata_id_o_reg[22]
         core_i/if_stage_i/instr_rdata_id_o_reg[11]
         core_i/if_stage_i/instr_rdata_id_o_reg[10]
         core_i/if_stage_i/instr_rdata_id_o_reg[9]
         core_i/if_stage_i/pc_id_o_reg[31]
         core_i/if_stage_i/pc_id_o_reg[3]
         core_i/if_stage_i/pc_id_o_reg[4]
         core_i/if_stage_i/instr_rdata_id_o_reg[7]
         core_i/if_stage_i/pc_id_o_reg[5]
         core_i/if_stage_i/pc_id_o_reg[6]
         core_i/if_stage_i/pc_id_o_reg[7]
         core_i/if_stage_i/pc_id_o_reg[8]
         core_i/if_stage_i/pc_id_o_reg[9]
         core_i/if_stage_i/pc_id_o_reg[10]
         core_i/if_stage_i/pc_id_o_reg[11]
         core_i/if_stage_i/pc_id_o_reg[12]
         core_i/if_stage_i/pc_id_o_reg[13]
         core_i/if_stage_i/pc_id_o_reg[14]
         core_i/if_stage_i/pc_id_o_reg[15]
         core_i/if_stage_i/pc_id_o_reg[16]
         core_i/if_stage_i/pc_id_o_reg[17]
         core_i/if_stage_i/pc_id_o_reg[18]
         core_i/if_stage_i/pc_id_o_reg[19]
         core_i/if_stage_i/pc_id_o_reg[20]
         core_i/if_stage_i/pc_id_o_reg[21]
         core_i/if_stage_i/pc_id_o_reg[22]
         core_i/if_stage_i/pc_id_o_reg[23]
         core_i/if_stage_i/pc_id_o_reg[24]
         core_i/if_stage_i/pc_id_o_reg[25]
         core_i/if_stage_i/pc_id_o_reg[26]
         core_i/if_stage_i/pc_id_o_reg[27]
         core_i/if_stage_i/pc_id_o_reg[28]
         core_i/if_stage_i/pc_id_o_reg[29]
         core_i/if_stage_i/pc_id_o_reg[30]
         core_i/if_stage_i/instr_rdata_id_o_reg[21]
         core_i/if_stage_i/instr_rdata_id_o_reg[20]
         core_i/if_stage_i/instr_rdata_id_o_reg[28]
         core_i/if_stage_i/pc_id_o_reg[2]
         core_i/if_stage_i/instr_rdata_id_o_reg[13]
         core_i/if_stage_i/instr_rdata_id_o_reg[18]
         core_i/if_stage_i/instr_rdata_id_o_reg[8]
         core_i/if_stage_i/instr_rdata_id_o_reg[15]
         core_i/if_stage_i/instr_rdata_id_o_reg[29]
         core_i/if_stage_i/instr_rdata_id_o_reg[17]
         core_i/if_stage_i/instr_rdata_id_o_reg[25]
         core_i/if_stage_i/instr_rdata_id_o_reg[26]
         core_i/if_stage_i/instr_rdata_id_o_reg[12]
         core_i/if_stage_i/instr_rdata_id_o_reg[5]
         core_i/if_stage_i/instr_rdata_id_o_reg[27]
         core_i/if_stage_i/pc_id_o_reg[1]
         core_i/if_stage_i/instr_rdata_id_o_reg[14]
         core_i/if_stage_i/instr_rdata_id_o_reg[30]
         core_i/if_stage_i/pc_id_o_reg[0]
         core_i/if_stage_i/instr_rdata_id_o_reg[16]
         core_i/id_stage_i/alu_operator_ex_o_reg[1]
         core_i/id_stage_i/alu_operator_ex_o_reg[0]
         core_i/id_stage_i/mhpmevent_jump_o_reg
         core_i/id_stage_i/mhpmevent_compressed_o_reg
         core_i/id_stage_i/mhpmevent_imiss_o_reg
         core_i/id_stage_i/mhpmevent_ld_stall_o_reg
         core_i/id_stage_i/mhpmevent_load_o_reg
         core_i/id_stage_i/mhpmevent_jr_stall_o_reg
         core_i/id_stage_i/id_valid_q_reg
         core_i/id_stage_i/mhpmevent_minstret_o_reg
         core_i/id_stage_i/mhpmevent_branch_taken_o_reg
         core_i/id_stage_i/mhpmevent_store_o_reg
         core_i/id_stage_i/mult_operand_c_ex_o_reg[28]
         core_i/id_stage_i/mult_operand_c_ex_o_reg[29]
         core_i/id_stage_i/mult_operand_c_ex_o_reg[30]
         core_i/id_stage_i/mhpmevent_branch_o_reg
         core_i/id_stage_i/regfile_alu_we_ex_o_reg
         core_i/id_stage_i/alu_clpx_shift_ex_o_reg[1]
         core_i/id_stage_i/alu_clpx_shift_ex_o_reg[0]
         core_i/id_stage_i/pc_ex_o_reg[31]
         core_i/id_stage_i/pc_ex_o_reg[30]
         core_i/id_stage_i/pc_ex_o_reg[29]
         core_i/id_stage_i/pc_ex_o_reg[28]
         core_i/id_stage_i/pc_ex_o_reg[27]
         core_i/id_stage_i/pc_ex_o_reg[26]
         core_i/id_stage_i/pc_ex_o_reg[25]
         core_i/id_stage_i/pc_ex_o_reg[24]
         core_i/id_stage_i/pc_ex_o_reg[23]
         core_i/id_stage_i/pc_ex_o_reg[22]
         core_i/id_stage_i/pc_ex_o_reg[21]
         core_i/id_stage_i/pc_ex_o_reg[20]
         core_i/id_stage_i/pc_ex_o_reg[19]
         core_i/id_stage_i/pc_ex_o_reg[18]
         core_i/id_stage_i/pc_ex_o_reg[17]
         core_i/id_stage_i/pc_ex_o_reg[16]
         core_i/id_stage_i/pc_ex_o_reg[15]
         core_i/id_stage_i/pc_ex_o_reg[14]
         core_i/id_stage_i/pc_ex_o_reg[13]
         core_i/id_stage_i/pc_ex_o_reg[12]
         core_i/id_stage_i/pc_ex_o_reg[11]
         core_i/id_stage_i/pc_ex_o_reg[10]
         core_i/id_stage_i/pc_ex_o_reg[9]
         core_i/id_stage_i/pc_ex_o_reg[8]
         core_i/id_stage_i/pc_ex_o_reg[7]
         core_i/id_stage_i/pc_ex_o_reg[6]
         core_i/id_stage_i/pc_ex_o_reg[5]
         core_i/id_stage_i/pc_ex_o_reg[4]
         core_i/id_stage_i/pc_ex_o_reg[3]
         core_i/id_stage_i/pc_ex_o_reg[2]
         core_i/id_stage_i/pc_ex_o_reg[1]
         core_i/id_stage_i/data_sign_ext_ex_o_reg[0]
         core_i/id_stage_i/mult_en_ex_o_reg
         core_i/id_stage_i/imm_vec_ext_ex_o_reg[1]
         core_i/id_stage_i/alu_operand_c_ex_o_reg[1]
         core_i/id_stage_i/alu_operand_c_ex_o_reg[2]
         core_i/id_stage_i/alu_operand_c_ex_o_reg[3]
         core_i/id_stage_i/regfile_we_ex_o_reg
         core_i/id_stage_i/pc_ex_o_reg[0]
         core_i/id_stage_i/imm_vec_ext_ex_o_reg[0]
         core_i/id_stage_i/mult_operand_c_ex_o_reg[31]
         core_i/id_stage_i/alu_operand_c_ex_o_reg[4]
         core_i/id_stage_i/alu_operand_c_ex_o_reg[5]
         core_i/id_stage_i/alu_operand_c_ex_o_reg[6]
         core_i/id_stage_i/alu_operand_c_ex_o_reg[7]
         core_i/id_stage_i/alu_operand_c_ex_o_reg[8]
         core_i/id_stage_i/alu_operand_c_ex_o_reg[9]
         core_i/id_stage_i/alu_operand_c_ex_o_reg[10]
         core_i/id_stage_i/alu_operand_c_ex_o_reg[11]
         core_i/id_stage_i/alu_operand_c_ex_o_reg[12]
         core_i/id_stage_i/alu_operand_c_ex_o_reg[13]
         core_i/id_stage_i/alu_operand_c_ex_o_reg[14]
         core_i/id_stage_i/alu_operand_c_ex_o_reg[15]
         core_i/id_stage_i/alu_operand_c_ex_o_reg[16]
         core_i/id_stage_i/alu_operand_c_ex_o_reg[17]
         core_i/id_stage_i/alu_operand_c_ex_o_reg[18]
         core_i/id_stage_i/alu_operand_c_ex_o_reg[19]
         core_i/id_stage_i/alu_operand_c_ex_o_reg[20]
         core_i/id_stage_i/alu_operand_c_ex_o_reg[21]
         core_i/id_stage_i/alu_operand_c_ex_o_reg[22]
         core_i/id_stage_i/alu_operand_c_ex_o_reg[23]
         core_i/id_stage_i/alu_operand_c_ex_o_reg[24]
         core_i/id_stage_i/alu_operand_c_ex_o_reg[25]
         core_i/id_stage_i/alu_operand_c_ex_o_reg[26]
         core_i/id_stage_i/alu_operand_c_ex_o_reg[27]
         core_i/id_stage_i/alu_operand_c_ex_o_reg[28]
         core_i/id_stage_i/alu_operand_c_ex_o_reg[29]
         core_i/id_stage_i/alu_operand_c_ex_o_reg[30]
         core_i/id_stage_i/alu_operand_c_ex_o_reg[31]
         core_i/id_stage_i/alu_operand_c_ex_o_reg[0]
         core_i/id_stage_i/mult_operator_ex_o_reg[1]
         core_i/id_stage_i/data_we_ex_o_reg
         core_i/id_stage_i/prepost_useincr_ex_o_reg
         core_i/id_stage_i/mult_operand_c_ex_o_reg[1]
         core_i/id_stage_i/mult_operand_c_ex_o_reg[2]
         core_i/id_stage_i/mult_operand_c_ex_o_reg[3]
         core_i/id_stage_i/mult_operand_c_ex_o_reg[4]
         core_i/id_stage_i/mult_operand_c_ex_o_reg[5]
         core_i/id_stage_i/mult_operand_c_ex_o_reg[6]
         core_i/id_stage_i/mult_operand_c_ex_o_reg[7]
         core_i/id_stage_i/mult_operand_c_ex_o_reg[8]
         core_i/id_stage_i/mult_operand_c_ex_o_reg[9]
         core_i/id_stage_i/mult_operand_c_ex_o_reg[10]
         core_i/id_stage_i/mult_operand_c_ex_o_reg[11]
         core_i/id_stage_i/mult_operand_c_ex_o_reg[12]
         core_i/id_stage_i/mult_operand_c_ex_o_reg[13]
         core_i/id_stage_i/mult_operand_c_ex_o_reg[14]
         core_i/id_stage_i/mult_operand_c_ex_o_reg[15]
         core_i/id_stage_i/mult_operand_c_ex_o_reg[16]
         core_i/id_stage_i/mult_operand_c_ex_o_reg[17]
         core_i/id_stage_i/mult_operand_c_ex_o_reg[18]
         core_i/id_stage_i/mult_operand_c_ex_o_reg[19]
         core_i/id_stage_i/mult_operand_c_ex_o_reg[20]
         core_i/id_stage_i/mult_operand_c_ex_o_reg[21]
         core_i/id_stage_i/mult_operand_c_ex_o_reg[22]
         core_i/id_stage_i/mult_operand_c_ex_o_reg[23]
         core_i/id_stage_i/mult_operand_c_ex_o_reg[24]
         core_i/id_stage_i/mult_operand_c_ex_o_reg[25]
         core_i/id_stage_i/mult_operand_c_ex_o_reg[26]
         core_i/id_stage_i/mult_operand_c_ex_o_reg[27]
         core_i/id_stage_i/regfile_alu_waddr_ex_o_reg[4]
         core_i/id_stage_i/regfile_alu_waddr_ex_o_reg[3]
         core_i/id_stage_i/regfile_alu_waddr_ex_o_reg[2]
         core_i/id_stage_i/regfile_alu_waddr_ex_o_reg[1]
         core_i/id_stage_i/regfile_alu_waddr_ex_o_reg[0]
         core_i/id_stage_i/branch_in_ex_o_reg
         core_i/id_stage_i/mult_operand_a_ex_o_reg[24]
         core_i/id_stage_i/mult_operand_a_ex_o_reg[25]
         core_i/id_stage_i/mult_operand_a_ex_o_reg[26]
         core_i/id_stage_i/mult_operand_a_ex_o_reg[27]
         core_i/id_stage_i/mult_operand_a_ex_o_reg[28]
         core_i/id_stage_i/mult_operand_a_ex_o_reg[29]
         core_i/id_stage_i/mult_operand_a_ex_o_reg[30]
         core_i/id_stage_i/mult_operand_a_ex_o_reg[31]
         core_i/id_stage_i/data_type_ex_o_reg[1]
         core_i/id_stage_i/csr_op_ex_o_reg[0]
         core_i/id_stage_i/mult_operand_a_ex_o_reg[9]
         core_i/id_stage_i/mult_operand_a_ex_o_reg[10]
         core_i/id_stage_i/mult_operand_a_ex_o_reg[11]
         core_i/id_stage_i/mult_operand_a_ex_o_reg[12]
         core_i/id_stage_i/mult_operand_a_ex_o_reg[13]
         core_i/id_stage_i/mult_operand_a_ex_o_reg[14]
         core_i/id_stage_i/mult_operand_a_ex_o_reg[15]
         core_i/id_stage_i/data_type_ex_o_reg[0]
         core_i/id_stage_i/alu_en_ex_o_reg
         core_i/id_stage_i/mult_signed_mode_ex_o_reg[0]
         core_i/id_stage_i/mult_operand_c_ex_o_reg[0]
         core_i/id_stage_i/regfile_waddr_ex_o_reg[4]
         core_i/id_stage_i/regfile_waddr_ex_o_reg[3]
         core_i/id_stage_i/regfile_waddr_ex_o_reg[2]
         core_i/id_stage_i/regfile_waddr_ex_o_reg[1]
         core_i/id_stage_i/data_req_ex_o_reg
         core_i/id_stage_i/alu_operand_b_ex_o_reg[27]
         core_i/id_stage_i/alu_operand_b_ex_o_reg[21]
         core_i/id_stage_i/alu_operand_b_ex_o_reg[29]
         core_i/id_stage_i/alu_operand_b_ex_o_reg[31]
         core_i/id_stage_i/alu_operand_b_ex_o_reg[22]
         core_i/id_stage_i/alu_operand_b_ex_o_reg[23]
         core_i/id_stage_i/alu_operand_b_ex_o_reg[18]
         core_i/id_stage_i/alu_operand_b_ex_o_reg[19]
         core_i/id_stage_i/alu_operand_b_ex_o_reg[30]
         core_i/id_stage_i/alu_operand_b_ex_o_reg[28]
         core_i/id_stage_i/alu_operand_b_ex_o_reg[20]
         core_i/id_stage_i/alu_operand_b_ex_o_reg[16]
         core_i/id_stage_i/alu_operand_b_ex_o_reg[24]
         core_i/id_stage_i/alu_operand_b_ex_o_reg[26]
         core_i/id_stage_i/alu_operand_a_ex_o_reg[23]
         core_i/id_stage_i/alu_operand_a_ex_o_reg[26]
         core_i/id_stage_i/alu_operand_a_ex_o_reg[30]
         core_i/id_stage_i/alu_operand_b_ex_o_reg[25]
         core_i/id_stage_i/alu_operand_a_ex_o_reg[22]
         core_i/id_stage_i/alu_operand_a_ex_o_reg[29]
         core_i/id_stage_i/alu_operand_a_ex_o_reg[25]
         core_i/id_stage_i/data_misaligned_ex_o_reg
         core_i/id_stage_i/alu_operand_a_ex_o_reg[28]
         core_i/id_stage_i/alu_operand_a_ex_o_reg[20]
         core_i/id_stage_i/alu_operand_a_ex_o_reg[19]
         core_i/id_stage_i/alu_operand_b_ex_o_reg[17]
         core_i/id_stage_i/alu_operand_a_ex_o_reg[24]
         core_i/id_stage_i/alu_operand_a_ex_o_reg[21]
         core_i/id_stage_i/alu_operand_a_ex_o_reg[27]
         core_i/id_stage_i/regfile_waddr_ex_o_reg[0]
         core_i/id_stage_i/mult_operand_b_ex_o_reg[9]
         core_i/id_stage_i/csr_access_ex_o_reg
         core_i/id_stage_i/mult_operand_b_ex_o_reg[7]
         core_i/id_stage_i/mult_operand_b_ex_o_reg[6]
         core_i/id_stage_i/mult_operand_b_ex_o_reg[5]
         core_i/id_stage_i/mult_operand_b_ex_o_reg[4]
         core_i/id_stage_i/mult_operand_b_ex_o_reg[3]
         core_i/id_stage_i/mult_operand_b_ex_o_reg[2]
         core_i/id_stage_i/mult_operand_b_ex_o_reg[1]
         core_i/id_stage_i/mult_operand_b_ex_o_reg[0]
         core_i/id_stage_i/mult_operand_b_ex_o_reg[11]
         core_i/id_stage_i/mult_operand_b_ex_o_reg[10]
         core_i/id_stage_i/mult_operand_b_ex_o_reg[8]
         core_i/id_stage_i/mult_signed_mode_ex_o_reg[1]
         core_i/id_stage_i/mult_operand_a_ex_o_reg[16]
         core_i/id_stage_i/mult_operand_a_ex_o_reg[17]
         core_i/id_stage_i/mult_operand_a_ex_o_reg[18]
         core_i/id_stage_i/mult_operand_a_ex_o_reg[19]
         core_i/id_stage_i/mult_operand_a_ex_o_reg[20]
         core_i/id_stage_i/mult_operand_a_ex_o_reg[21]
         core_i/id_stage_i/mult_operand_a_ex_o_reg[22]
         core_i/id_stage_i/mult_operand_a_ex_o_reg[23]
         core_i/id_stage_i/mult_operand_a_ex_o_reg[0]
         core_i/id_stage_i/mult_operand_a_ex_o_reg[1]
         core_i/id_stage_i/mult_operand_a_ex_o_reg[2]
         core_i/id_stage_i/mult_operand_a_ex_o_reg[3]
         core_i/id_stage_i/mult_operand_a_ex_o_reg[4]
         core_i/id_stage_i/mult_operand_a_ex_o_reg[5]
         core_i/id_stage_i/mult_operand_a_ex_o_reg[6]
         core_i/id_stage_i/mult_operand_a_ex_o_reg[7]
         core_i/id_stage_i/mult_operand_a_ex_o_reg[8]
         core_i/id_stage_i/alu_operator_ex_o_reg[3]
         core_i/id_stage_i/alu_operator_ex_o_reg[4]
         core_i/id_stage_i/csr_op_ex_o_reg[1]
         core_i/id_stage_i/mult_operand_b_ex_o_reg[30]
         core_i/id_stage_i/mult_operator_ex_o_reg[2]
         core_i/id_stage_i/mult_operand_b_ex_o_reg[29]
         core_i/id_stage_i/mult_operand_b_ex_o_reg[31]
         core_i/id_stage_i/mult_operand_b_ex_o_reg[28]
         core_i/id_stage_i/mult_operand_b_ex_o_reg[27]
         core_i/id_stage_i/alu_operand_b_ex_o_reg[14]
         core_i/id_stage_i/alu_operand_b_ex_o_reg[2]
         core_i/id_stage_i/mult_operand_b_ex_o_reg[23]
         core_i/id_stage_i/mult_operand_b_ex_o_reg[22]
         core_i/id_stage_i/mult_operand_b_ex_o_reg[21]
         core_i/id_stage_i/mult_operand_b_ex_o_reg[20]
         core_i/id_stage_i/mult_operand_b_ex_o_reg[19]
         core_i/id_stage_i/mult_operand_b_ex_o_reg[18]
         core_i/id_stage_i/mult_operand_b_ex_o_reg[17]
         core_i/id_stage_i/mult_operand_b_ex_o_reg[26]
         core_i/id_stage_i/alu_operand_b_ex_o_reg[13]
         core_i/id_stage_i/alu_operand_b_ex_o_reg[11]
         core_i/id_stage_i/alu_operand_b_ex_o_reg[15]
         core_i/id_stage_i/mult_operand_b_ex_o_reg[25]
         core_i/id_stage_i/alu_operand_b_ex_o_reg[12]
         core_i/id_stage_i/alu_operand_b_ex_o_reg[10]
         core_i/id_stage_i/alu_operand_b_ex_o_reg[6]
         core_i/id_stage_i/mult_operand_b_ex_o_reg[24]
         core_i/id_stage_i/alu_operator_ex_o_reg[2]
         core_i/id_stage_i/alu_operand_b_ex_o_reg[1]
         core_i/id_stage_i/alu_operand_b_ex_o_reg[7]
         core_i/id_stage_i/alu_operand_b_ex_o_reg[0]
         core_i/id_stage_i/alu_operand_b_ex_o_reg[3]
         core_i/id_stage_i/alu_operand_b_ex_o_reg[4]
         core_i/id_stage_i/alu_operand_b_ex_o_reg[8]
         core_i/id_stage_i/alu_operand_a_ex_o_reg[8]
         core_i/id_stage_i/mult_operand_b_ex_o_reg[16]
         core_i/id_stage_i/alu_operand_b_ex_o_reg[9]
         core_i/id_stage_i/alu_operand_a_ex_o_reg[3]
         core_i/id_stage_i/alu_operand_a_ex_o_reg[7]
         core_i/id_stage_i/alu_operand_a_ex_o_reg[18]
         core_i/id_stage_i/alu_operand_a_ex_o_reg[31]
         core_i/id_stage_i/alu_operand_a_ex_o_reg[0]
         core_i/id_stage_i/mult_operand_b_ex_o_reg[15]
         core_i/id_stage_i/mult_operand_b_ex_o_reg[14]
         core_i/id_stage_i/mult_operand_b_ex_o_reg[13]
         core_i/id_stage_i/mult_operand_b_ex_o_reg[12]
         core_i/id_stage_i/alu_operand_b_ex_o_reg[5]
         core_i/id_stage_i/alu_operand_a_ex_o_reg[17]
         core_i/id_stage_i/alu_operand_a_ex_o_reg[14]
         core_i/id_stage_i/alu_operand_a_ex_o_reg[13]
         core_i/id_stage_i/alu_operand_a_ex_o_reg[16]
         core_i/id_stage_i/alu_operand_a_ex_o_reg[12]
         core_i/id_stage_i/alu_operand_a_ex_o_reg[9]
         core_i/id_stage_i/alu_operand_a_ex_o_reg[15]
         core_i/id_stage_i/alu_operand_a_ex_o_reg[10]
         core_i/id_stage_i/alu_operand_a_ex_o_reg[11]
         core_i/id_stage_i/alu_operand_a_ex_o_reg[5]
         core_i/id_stage_i/alu_operand_a_ex_o_reg[1]
         core_i/id_stage_i/alu_operand_a_ex_o_reg[4]
         core_i/id_stage_i/alu_operand_a_ex_o_reg[2]
         core_i/id_stage_i/alu_operand_a_ex_o_reg[6]
         core_i/id_stage_i/alu_operator_ex_o_reg[5]
         core_i/id_stage_i/mhpmevent_pipe_stall_o_reg
         core_i/ex_stage_i/regfile_we_lsu_reg
         core_i/ex_stage_i/regfile_waddr_lsu_reg[5]
         core_i/ex_stage_i/regfile_waddr_lsu_reg[4]
         core_i/ex_stage_i/regfile_waddr_lsu_reg[3]
         core_i/ex_stage_i/regfile_waddr_lsu_reg[2]
         core_i/ex_stage_i/regfile_waddr_lsu_reg[1]
         core_i/ex_stage_i/regfile_waddr_lsu_reg[0]
         core_i/load_store_unit_i/rdata_q_reg[7]
         core_i/load_store_unit_i/rdata_q_reg[6]
         core_i/load_store_unit_i/rdata_q_reg[5]
         core_i/load_store_unit_i/rdata_q_reg[4]
         core_i/load_store_unit_i/rdata_q_reg[3]
         core_i/load_store_unit_i/rdata_q_reg[2]
         core_i/load_store_unit_i/rdata_q_reg[1]
         core_i/load_store_unit_i/rdata_q_reg[0]
         core_i/load_store_unit_i/rdata_q_reg[15]
         core_i/load_store_unit_i/rdata_q_reg[14]
         core_i/load_store_unit_i/rdata_q_reg[13]
         core_i/load_store_unit_i/rdata_q_reg[12]
         core_i/load_store_unit_i/rdata_q_reg[11]
         core_i/load_store_unit_i/rdata_q_reg[10]
         core_i/load_store_unit_i/rdata_q_reg[9]
         core_i/load_store_unit_i/rdata_q_reg[8]
         core_i/load_store_unit_i/rdata_offset_q_reg[1]
         core_i/load_store_unit_i/rdata_offset_q_reg[0]
         core_i/load_store_unit_i/data_we_q_reg
         core_i/load_store_unit_i/rdata_q_reg[23]
         core_i/load_store_unit_i/rdata_q_reg[22]
         core_i/load_store_unit_i/rdata_q_reg[21]
         core_i/load_store_unit_i/rdata_q_reg[20]
         core_i/load_store_unit_i/rdata_q_reg[19]
         core_i/load_store_unit_i/rdata_q_reg[18]
         core_i/load_store_unit_i/rdata_q_reg[17]
         core_i/load_store_unit_i/rdata_q_reg[16]
         core_i/load_store_unit_i/data_load_event_q_reg
         core_i/load_store_unit_i/data_sign_ext_q_reg[1]
         core_i/load_store_unit_i/rdata_q_reg[31]
         core_i/load_store_unit_i/rdata_q_reg[30]
         core_i/load_store_unit_i/rdata_q_reg[29]
         core_i/load_store_unit_i/rdata_q_reg[28]
         core_i/load_store_unit_i/rdata_q_reg[27]
         core_i/load_store_unit_i/rdata_q_reg[26]
         core_i/load_store_unit_i/rdata_q_reg[25]
         core_i/load_store_unit_i/rdata_q_reg[24]
         core_i/load_store_unit_i/data_type_q_reg[0]
         core_i/load_store_unit_i/data_type_q_reg[1]
         core_i/load_store_unit_i/cnt_q_reg[1]
         core_i/load_store_unit_i/data_sign_ext_q_reg[0]
         core_i/load_store_unit_i/cnt_q_reg[0]
         core_i/cs_registers_i/mcountinhibit_q_reg[0]
         core_i/cs_registers_i/mtvec_mode_q_reg[0]
         core_i/cs_registers_i/mcountinhibit_q_reg[2]
         core_i/cs_registers_i/mcountinhibit_q_reg[3]
         core_i/cs_registers_i/mepc_q_reg[0]
         core_i/cs_registers_i/mcause_q_reg[4]
         core_i/cs_registers_i/mcause_q_reg[1]
         core_i/cs_registers_i/mepc_q_reg[30]
         core_i/cs_registers_i/mepc_q_reg[29]
         core_i/cs_registers_i/mepc_q_reg[27]
         core_i/cs_registers_i/mepc_q_reg[11]
         core_i/cs_registers_i/mepc_q_reg[8]
         core_i/cs_registers_i/mepc_q_reg[2]
         core_i/cs_registers_i/mepc_q_reg[3]
         core_i/cs_registers_i/mepc_q_reg[7]
         core_i/cs_registers_i/mcause_q_reg[2]
         core_i/cs_registers_i/depc_q_reg[30]
         core_i/cs_registers_i/depc_q_reg[12]
         core_i/cs_registers_i/depc_q_reg[11]
         core_i/cs_registers_i/depc_q_reg[2]
         core_i/cs_registers_i/depc_q_reg[3]
         core_i/cs_registers_i/mhpmcounter_q_reg[3][63]
         core_i/cs_registers_i/mhpmcounter_q_reg[2][63]
         core_i/cs_registers_i/mhpmcounter_q_reg[0][63]
         core_i/cs_registers_i/mepc_q_reg[28]
         core_i/cs_registers_i/mepc_q_reg[26]
         core_i/cs_registers_i/mepc_q_reg[25]
         core_i/cs_registers_i/mepc_q_reg[24]
         core_i/cs_registers_i/mepc_q_reg[23]
         core_i/cs_registers_i/mepc_q_reg[22]
         core_i/cs_registers_i/mepc_q_reg[21]
         core_i/cs_registers_i/mepc_q_reg[20]
         core_i/cs_registers_i/mepc_q_reg[19]
         core_i/cs_registers_i/mepc_q_reg[18]
         core_i/cs_registers_i/mepc_q_reg[17]
         core_i/cs_registers_i/mepc_q_reg[16]
         core_i/cs_registers_i/mepc_q_reg[10]
         core_i/cs_registers_i/mepc_q_reg[9]
         core_i/cs_registers_i/mepc_q_reg[5]
         core_i/cs_registers_i/mepc_q_reg[14]
         core_i/cs_registers_i/mepc_q_reg[13]
         core_i/cs_registers_i/mepc_q_reg[6]
         core_i/cs_registers_i/depc_q_reg[5]
         core_i/cs_registers_i/mepc_q_reg[4]
         core_i/cs_registers_i/depc_q_reg[31]
         core_i/cs_registers_i/depc_q_reg[28]
         core_i/cs_registers_i/depc_q_reg[26]
         core_i/cs_registers_i/depc_q_reg[25]
         core_i/cs_registers_i/depc_q_reg[24]
         core_i/cs_registers_i/depc_q_reg[23]
         core_i/cs_registers_i/depc_q_reg[22]
         core_i/cs_registers_i/depc_q_reg[21]
         core_i/cs_registers_i/depc_q_reg[20]
         core_i/cs_registers_i/depc_q_reg[19]
         core_i/cs_registers_i/depc_q_reg[18]
         core_i/cs_registers_i/depc_q_reg[16]
         core_i/cs_registers_i/mepc_q_reg[1]
         core_i/cs_registers_i/depc_q_reg[7]
         core_i/cs_registers_i/depc_q_reg[29]
         core_i/cs_registers_i/depc_q_reg[27]
         core_i/cs_registers_i/depc_q_reg[17]
         core_i/cs_registers_i/depc_q_reg[15]
         core_i/cs_registers_i/depc_q_reg[14]
         core_i/cs_registers_i/depc_q_reg[13]
         core_i/cs_registers_i/depc_q_reg[10]
         core_i/cs_registers_i/depc_q_reg[9]
         core_i/cs_registers_i/depc_q_reg[8]
         core_i/cs_registers_i/depc_q_reg[6]
         core_i/cs_registers_i/depc_q_reg[4]
         core_i/cs_registers_i/dscratch0_q_reg[31]
         core_i/cs_registers_i/mscratch_q_reg[31]
         core_i/cs_registers_i/dscratch1_q_reg[30]
         core_i/cs_registers_i/dscratch0_q_reg[29]
         core_i/cs_registers_i/dscratch0_q_reg[28]
         core_i/cs_registers_i/mscratch_q_reg[28]
         core_i/cs_registers_i/dscratch0_q_reg[27]
         core_i/cs_registers_i/dscratch0_q_reg[26]
         core_i/cs_registers_i/mscratch_q_reg[26]
         core_i/cs_registers_i/dscratch0_q_reg[25]
         core_i/cs_registers_i/mscratch_q_reg[25]
         core_i/cs_registers_i/dscratch0_q_reg[24]
         core_i/cs_registers_i/mscratch_q_reg[24]
         core_i/cs_registers_i/dscratch0_q_reg[23]
         core_i/cs_registers_i/mscratch_q_reg[23]
         core_i/cs_registers_i/dscratch0_q_reg[22]
         core_i/cs_registers_i/mscratch_q_reg[22]
         core_i/cs_registers_i/dscratch0_q_reg[21]
         core_i/cs_registers_i/mscratch_q_reg[21]
         core_i/cs_registers_i/dscratch0_q_reg[20]
         core_i/cs_registers_i/mscratch_q_reg[20]
         core_i/cs_registers_i/dscratch0_q_reg[19]
         core_i/cs_registers_i/mscratch_q_reg[19]
         core_i/cs_registers_i/dscratch0_q_reg[18]
         core_i/cs_registers_i/mscratch_q_reg[18]
         core_i/cs_registers_i/dscratch0_q_reg[16]
         core_i/cs_registers_i/mscratch_q_reg[16]
         core_i/cs_registers_i/dscratch0_q_reg[15]
         core_i/cs_registers_i/dscratch0_q_reg[14]
         core_i/cs_registers_i/mscratch_q_reg[14]
         core_i/cs_registers_i/dscratch0_q_reg[13]
         core_i/cs_registers_i/mscratch_q_reg[13]
         core_i/cs_registers_i/dscratch0_q_reg[6]
         core_i/cs_registers_i/mscratch_q_reg[6]
         core_i/cs_registers_i/mscratch_q_reg[4]
         core_i/cs_registers_i/mscratch_q_reg[1]
         core_i/cs_registers_i/dscratch0_q_reg[1]
         core_i/cs_registers_i/depc_q_reg[0]
         core_i/cs_registers_i/mscratch_q_reg[30]
         core_i/cs_registers_i/dscratch1_q_reg[29]
         core_i/cs_registers_i/dscratch1_q_reg[27]
         core_i/cs_registers_i/dscratch1_q_reg[17]
         core_i/cs_registers_i/mscratch_q_reg[15]
         core_i/cs_registers_i/dscratch1_q_reg[14]
         core_i/cs_registers_i/dscratch1_q_reg[13]
         core_i/cs_registers_i/dscratch0_q_reg[11]
         core_i/cs_registers_i/dscratch1_q_reg[10]
         core_i/cs_registers_i/dscratch0_q_reg[10]
         core_i/cs_registers_i/dscratch1_q_reg[9]
         core_i/cs_registers_i/dscratch0_q_reg[9]
         core_i/cs_registers_i/dscratch1_q_reg[8]
         core_i/cs_registers_i/dscratch0_q_reg[8]
         core_i/cs_registers_i/dscratch1_q_reg[6]
         core_i/cs_registers_i/dscratch0_q_reg[4]
         core_i/cs_registers_i/dscratch1_q_reg[31]
         core_i/cs_registers_i/mscratch_q_reg[29]
         core_i/cs_registers_i/dscratch1_q_reg[28]
         core_i/cs_registers_i/mscratch_q_reg[27]
         core_i/cs_registers_i/dscratch1_q_reg[26]
         core_i/cs_registers_i/dscratch1_q_reg[25]
         core_i/cs_registers_i/dscratch1_q_reg[24]
         core_i/cs_registers_i/dscratch1_q_reg[23]
         core_i/cs_registers_i/dscratch1_q_reg[22]
         core_i/cs_registers_i/dscratch1_q_reg[21]
         core_i/cs_registers_i/dscratch1_q_reg[20]
         core_i/cs_registers_i/dscratch1_q_reg[19]
         core_i/cs_registers_i/dscratch1_q_reg[18]
         core_i/cs_registers_i/dscratch0_q_reg[17]
         core_i/cs_registers_i/mscratch_q_reg[17]
         core_i/cs_registers_i/dscratch1_q_reg[16]
         core_i/cs_registers_i/dscratch1_q_reg[15]
         core_i/cs_registers_i/mscratch_q_reg[10]
         core_i/cs_registers_i/mscratch_q_reg[9]
         core_i/cs_registers_i/dscratch1_q_reg[5]
         core_i/cs_registers_i/dscratch1_q_reg[4]
         core_i/cs_registers_i/dscratch1_q_reg[1]
         core_i/cs_registers_i/dscratch1_q_reg[0]
         core_i/cs_registers_i/dscratch0_q_reg[7]
         core_i/cs_registers_i/mscratch_q_reg[3]
         core_i/cs_registers_i/mcause_q_reg[0]
         core_i/cs_registers_i/mcause_q_reg[3]
         core_i/cs_registers_i/mstatus_q_reg[mpie]
         core_i/cs_registers_i/mhpmevent_q_reg[3][15]
         core_i/cs_registers_i/mhpmevent_q_reg[3][14]
         core_i/cs_registers_i/mhpmevent_q_reg[3][13]
         core_i/cs_registers_i/mhpmevent_q_reg[3][12]
         core_i/cs_registers_i/mhpmevent_q_reg[3][11]
         core_i/cs_registers_i/dscratch0_q_reg[30]
         core_i/cs_registers_i/dscratch1_q_reg[12]
         core_i/cs_registers_i/dscratch0_q_reg[12]
         core_i/cs_registers_i/mscratch_q_reg[11]
         core_i/cs_registers_i/mscratch_q_reg[5]
         core_i/cs_registers_i/dscratch0_q_reg[0]
         core_i/cs_registers_i/mscratch_q_reg[0]
         core_i/cs_registers_i/mscratch_q_reg[2]
         core_i/cs_registers_i/dscratch1_q_reg[2]
         core_i/cs_registers_i/dscratch0_q_reg[2]
         core_i/cs_registers_i/dscratch1_q_reg[7]
         core_i/cs_registers_i/dscratch0_q_reg[3]
         core_i/cs_registers_i/mhpmcounter_q_reg[3][40]
         core_i/cs_registers_i/mhpmcounter_q_reg[3][41]
         core_i/cs_registers_i/mhpmcounter_q_reg[3][42]
         core_i/cs_registers_i/mhpmcounter_q_reg[3][43]
         core_i/cs_registers_i/mhpmcounter_q_reg[3][44]
         core_i/cs_registers_i/mhpmcounter_q_reg[3][45]
         core_i/cs_registers_i/mhpmcounter_q_reg[3][46]
         core_i/cs_registers_i/mhpmcounter_q_reg[3][47]
         core_i/cs_registers_i/mhpmcounter_q_reg[3][48]
         core_i/cs_registers_i/mhpmcounter_q_reg[3][49]
         core_i/cs_registers_i/mhpmcounter_q_reg[3][50]
         core_i/cs_registers_i/mhpmcounter_q_reg[3][51]
         core_i/cs_registers_i/mhpmcounter_q_reg[3][52]
         core_i/cs_registers_i/mhpmcounter_q_reg[3][53]
         core_i/cs_registers_i/mhpmcounter_q_reg[3][54]
         core_i/cs_registers_i/mhpmcounter_q_reg[3][55]
         core_i/cs_registers_i/mhpmcounter_q_reg[3][56]
         core_i/cs_registers_i/mhpmcounter_q_reg[3][57]
         core_i/cs_registers_i/mhpmcounter_q_reg[3][58]
         core_i/cs_registers_i/mhpmcounter_q_reg[3][59]
         core_i/cs_registers_i/mhpmcounter_q_reg[3][60]
         core_i/cs_registers_i/mhpmcounter_q_reg[3][61]
         core_i/cs_registers_i/mhpmcounter_q_reg[3][62]
         core_i/cs_registers_i/mhpmcounter_q_reg[2][40]
         core_i/cs_registers_i/mhpmcounter_q_reg[2][41]
         core_i/cs_registers_i/mhpmcounter_q_reg[2][42]
         core_i/cs_registers_i/mhpmcounter_q_reg[2][43]
         core_i/cs_registers_i/mhpmcounter_q_reg[2][44]
         core_i/cs_registers_i/mhpmcounter_q_reg[2][45]
         core_i/cs_registers_i/mhpmcounter_q_reg[2][46]
         core_i/cs_registers_i/mhpmcounter_q_reg[2][47]
         core_i/cs_registers_i/mhpmcounter_q_reg[2][48]
         core_i/cs_registers_i/mhpmcounter_q_reg[2][49]
         core_i/cs_registers_i/mhpmcounter_q_reg[2][50]
         core_i/cs_registers_i/mhpmcounter_q_reg[2][51]
         core_i/cs_registers_i/mhpmcounter_q_reg[2][52]
         core_i/cs_registers_i/mhpmcounter_q_reg[2][53]
         core_i/cs_registers_i/mhpmcounter_q_reg[2][54]
         core_i/cs_registers_i/mhpmcounter_q_reg[2][55]
         core_i/cs_registers_i/mhpmcounter_q_reg[2][56]
         core_i/cs_registers_i/mhpmcounter_q_reg[2][57]
         core_i/cs_registers_i/mhpmcounter_q_reg[2][58]
         core_i/cs_registers_i/mhpmcounter_q_reg[2][59]
         core_i/cs_registers_i/mhpmcounter_q_reg[2][60]
         core_i/cs_registers_i/mhpmcounter_q_reg[2][61]
         core_i/cs_registers_i/mhpmcounter_q_reg[2][62]
         core_i/cs_registers_i/mcause_q_reg[5]
         core_i/cs_registers_i/mhpmcounter_q_reg[0][40]
         core_i/cs_registers_i/mhpmcounter_q_reg[0][41]
         core_i/cs_registers_i/mhpmcounter_q_reg[0][42]
         core_i/cs_registers_i/mhpmcounter_q_reg[0][43]
         core_i/cs_registers_i/mhpmcounter_q_reg[0][44]
         core_i/cs_registers_i/mhpmcounter_q_reg[0][45]
         core_i/cs_registers_i/mhpmcounter_q_reg[0][46]
         core_i/cs_registers_i/mhpmcounter_q_reg[0][47]
         core_i/cs_registers_i/mhpmcounter_q_reg[0][48]
         core_i/cs_registers_i/mhpmcounter_q_reg[0][49]
         core_i/cs_registers_i/mhpmcounter_q_reg[0][50]
         core_i/cs_registers_i/mhpmcounter_q_reg[0][51]
         core_i/cs_registers_i/mhpmcounter_q_reg[0][52]
         core_i/cs_registers_i/mhpmcounter_q_reg[0][53]
         core_i/cs_registers_i/mhpmcounter_q_reg[0][54]
         core_i/cs_registers_i/mhpmcounter_q_reg[0][55]
         core_i/cs_registers_i/mhpmcounter_q_reg[0][56]
         core_i/cs_registers_i/mhpmcounter_q_reg[0][57]
         core_i/cs_registers_i/mhpmcounter_q_reg[0][58]
         core_i/cs_registers_i/mhpmcounter_q_reg[0][59]
         core_i/cs_registers_i/mhpmcounter_q_reg[0][60]
         core_i/cs_registers_i/mhpmcounter_q_reg[0][61]
         core_i/cs_registers_i/mhpmcounter_q_reg[0][62]
         core_i/cs_registers_i/mtvec_q_reg[7]
         core_i/cs_registers_i/mtvec_q_reg[23]
         core_i/cs_registers_i/mtvec_q_reg[20]
         core_i/cs_registers_i/mtvec_q_reg[18]
         core_i/cs_registers_i/mtvec_q_reg[17]
         core_i/cs_registers_i/mtvec_q_reg[16]
         core_i/cs_registers_i/mtvec_q_reg[15]
         core_i/cs_registers_i/mtvec_q_reg[14]
         core_i/cs_registers_i/mtvec_q_reg[13]
         core_i/cs_registers_i/mtvec_q_reg[12]
         core_i/cs_registers_i/mtvec_q_reg[11]
         core_i/cs_registers_i/mtvec_q_reg[10]
         core_i/cs_registers_i/mtvec_q_reg[9]
         core_i/cs_registers_i/mtvec_q_reg[8]
         core_i/cs_registers_i/mtvec_q_reg[6]
         core_i/cs_registers_i/mtvec_q_reg[5]
         core_i/cs_registers_i/mtvec_q_reg[22]
         core_i/cs_registers_i/mtvec_q_reg[4]
         core_i/cs_registers_i/mtvec_q_reg[2]
         core_i/cs_registers_i/mtvec_q_reg[1]
         core_i/cs_registers_i/dcsr_q_reg[cause][8]
         core_i/cs_registers_i/mhpmevent_q_reg[3][5]
         core_i/cs_registers_i/mhpmevent_q_reg[3][3]
         core_i/cs_registers_i/mepc_q_reg[15]
         core_i/cs_registers_i/dcsr_q_reg[cause][7]
         core_i/cs_registers_i/mhpmevent_q_reg[3][4]
         core_i/cs_registers_i/mhpmevent_q_reg[3][2]
         core_i/cs_registers_i/mhpmevent_q_reg[3][10]
         core_i/cs_registers_i/mhpmevent_q_reg[3][7]
         core_i/cs_registers_i/mscratch_q_reg[12]
         core_i/cs_registers_i/mepc_q_reg[31]
         core_i/cs_registers_i/mtvec_q_reg[3]
         core_i/cs_registers_i/dscratch1_q_reg[11]
         core_i/cs_registers_i/mscratch_q_reg[8]
         core_i/cs_registers_i/dscratch0_q_reg[5]
         core_i/cs_registers_i/mscratch_q_reg[7]
         core_i/cs_registers_i/dscratch1_q_reg[3]
         core_i/cs_registers_i/mhpmevent_q_reg[3][1]
         core_i/cs_registers_i/mhpmevent_q_reg[3][0]
         core_i/cs_registers_i/mepc_q_reg[12]
         core_i/cs_registers_i/mtvec_q_reg[0]
         core_i/cs_registers_i/depc_q_reg[1]
         core_i/cs_registers_i/mtvec_q_reg[21]
         core_i/cs_registers_i/mtvec_q_reg[19]
         core_i/cs_registers_i/mhpmevent_q_reg[3][6]
         core_i/cs_registers_i/dcsr_q_reg[ebreakm]
         core_i/cs_registers_i/dcsr_q_reg[cause][6]
         core_i/cs_registers_i/mhpmevent_q_reg[3][9]
         core_i/cs_registers_i/mhpmevent_q_reg[3][8]
         core_i/cs_registers_i/mie_q_reg[11]
         core_i/cs_registers_i/mie_q_reg[7]
         core_i/cs_registers_i/mie_q_reg[3]
         core_i/cs_registers_i/mhpmcounter_q_reg[3][33]
         core_i/cs_registers_i/mhpmcounter_q_reg[3][10]
         core_i/cs_registers_i/mhpmcounter_q_reg[3][11]
         core_i/cs_registers_i/mhpmcounter_q_reg[3][12]
         core_i/cs_registers_i/mhpmcounter_q_reg[3][13]
         core_i/cs_registers_i/mhpmcounter_q_reg[3][14]
         core_i/cs_registers_i/mhpmcounter_q_reg[3][15]
         core_i/cs_registers_i/mhpmcounter_q_reg[3][16]
         core_i/cs_registers_i/mhpmcounter_q_reg[3][17]
         core_i/cs_registers_i/mhpmcounter_q_reg[3][18]
         core_i/cs_registers_i/mhpmcounter_q_reg[3][19]
         core_i/cs_registers_i/mhpmcounter_q_reg[3][20]
         core_i/cs_registers_i/mhpmcounter_q_reg[3][21]
         core_i/cs_registers_i/mhpmcounter_q_reg[3][22]
         core_i/cs_registers_i/mhpmcounter_q_reg[3][23]
         core_i/cs_registers_i/mhpmcounter_q_reg[3][24]
         core_i/cs_registers_i/mhpmcounter_q_reg[3][25]
         core_i/cs_registers_i/mhpmcounter_q_reg[3][26]
         core_i/cs_registers_i/mhpmcounter_q_reg[3][27]
         core_i/cs_registers_i/mhpmcounter_q_reg[3][28]
         core_i/cs_registers_i/mhpmcounter_q_reg[3][29]
         core_i/cs_registers_i/mhpmcounter_q_reg[3][30]
         core_i/cs_registers_i/mhpmcounter_q_reg[3][31]
         core_i/cs_registers_i/mhpmcounter_q_reg[3][32]
         core_i/cs_registers_i/mhpmcounter_q_reg[3][34]
         core_i/cs_registers_i/mhpmcounter_q_reg[3][35]
         core_i/cs_registers_i/mhpmcounter_q_reg[3][36]
         core_i/cs_registers_i/mhpmcounter_q_reg[3][37]
         core_i/cs_registers_i/mhpmcounter_q_reg[3][38]
         core_i/cs_registers_i/mhpmcounter_q_reg[3][39]
         core_i/cs_registers_i/mhpmcounter_q_reg[2][10]
         core_i/cs_registers_i/mhpmcounter_q_reg[2][11]
         core_i/cs_registers_i/mhpmcounter_q_reg[2][12]
         core_i/cs_registers_i/mhpmcounter_q_reg[2][13]
         core_i/cs_registers_i/mhpmcounter_q_reg[2][14]
         core_i/cs_registers_i/mhpmcounter_q_reg[2][15]
         core_i/cs_registers_i/mhpmcounter_q_reg[2][16]
         core_i/cs_registers_i/mhpmcounter_q_reg[2][17]
         core_i/cs_registers_i/mhpmcounter_q_reg[2][18]
         core_i/cs_registers_i/mhpmcounter_q_reg[2][19]
         core_i/cs_registers_i/mhpmcounter_q_reg[2][20]
         core_i/cs_registers_i/mhpmcounter_q_reg[2][21]
         core_i/cs_registers_i/mhpmcounter_q_reg[2][22]
         core_i/cs_registers_i/mhpmcounter_q_reg[2][23]
         core_i/cs_registers_i/mhpmcounter_q_reg[2][24]
         core_i/cs_registers_i/mhpmcounter_q_reg[2][25]
         core_i/cs_registers_i/mhpmcounter_q_reg[2][26]
         core_i/cs_registers_i/mhpmcounter_q_reg[2][27]
         core_i/cs_registers_i/mhpmcounter_q_reg[2][28]
         core_i/cs_registers_i/mhpmcounter_q_reg[2][29]
         core_i/cs_registers_i/mhpmcounter_q_reg[2][30]
         core_i/cs_registers_i/mhpmcounter_q_reg[2][31]
         core_i/cs_registers_i/mhpmcounter_q_reg[2][32]
         core_i/cs_registers_i/mhpmcounter_q_reg[2][33]
         core_i/cs_registers_i/mhpmcounter_q_reg[2][34]
         core_i/cs_registers_i/mhpmcounter_q_reg[2][35]
         core_i/cs_registers_i/mhpmcounter_q_reg[2][36]
         core_i/cs_registers_i/mhpmcounter_q_reg[2][37]
         core_i/cs_registers_i/mhpmcounter_q_reg[2][38]
         core_i/cs_registers_i/mhpmcounter_q_reg[2][39]
         core_i/cs_registers_i/mhpmcounter_q_reg[0][39]
         core_i/cs_registers_i/mhpmcounter_q_reg[0][10]
         core_i/cs_registers_i/mhpmcounter_q_reg[0][11]
         core_i/cs_registers_i/mhpmcounter_q_reg[0][12]
         core_i/cs_registers_i/mhpmcounter_q_reg[0][13]
         core_i/cs_registers_i/mhpmcounter_q_reg[0][14]
         core_i/cs_registers_i/mhpmcounter_q_reg[0][15]
         core_i/cs_registers_i/mhpmcounter_q_reg[0][16]
         core_i/cs_registers_i/mhpmcounter_q_reg[0][17]
         core_i/cs_registers_i/mhpmcounter_q_reg[0][18]
         core_i/cs_registers_i/mhpmcounter_q_reg[0][19]
         core_i/cs_registers_i/mhpmcounter_q_reg[0][20]
         core_i/cs_registers_i/mhpmcounter_q_reg[0][21]
         core_i/cs_registers_i/mhpmcounter_q_reg[0][22]
         core_i/cs_registers_i/mhpmcounter_q_reg[0][23]
         core_i/cs_registers_i/mhpmcounter_q_reg[0][24]
         core_i/cs_registers_i/mhpmcounter_q_reg[0][25]
         core_i/cs_registers_i/mhpmcounter_q_reg[0][26]
         core_i/cs_registers_i/mhpmcounter_q_reg[0][27]
         core_i/cs_registers_i/mhpmcounter_q_reg[0][28]
         core_i/cs_registers_i/mhpmcounter_q_reg[0][29]
         core_i/cs_registers_i/mhpmcounter_q_reg[0][30]
         core_i/cs_registers_i/mhpmcounter_q_reg[0][31]
         core_i/cs_registers_i/mhpmcounter_q_reg[0][32]
         core_i/cs_registers_i/mhpmcounter_q_reg[0][33]
         core_i/cs_registers_i/mhpmcounter_q_reg[0][34]
         core_i/cs_registers_i/mhpmcounter_q_reg[0][35]
         core_i/cs_registers_i/mhpmcounter_q_reg[0][36]
         core_i/cs_registers_i/mhpmcounter_q_reg[0][37]
         core_i/cs_registers_i/mhpmcounter_q_reg[0][38]
         core_i/cs_registers_i/mstatus_q_reg[mie]
         core_i/cs_registers_i/gen_trigger_regs.tmatch_value_q_reg[31]
         core_i/cs_registers_i/gen_trigger_regs.tmatch_value_q_reg[28]
         core_i/cs_registers_i/gen_trigger_regs.tmatch_value_q_reg[26]
         core_i/cs_registers_i/gen_trigger_regs.tmatch_value_q_reg[25]
         core_i/cs_registers_i/gen_trigger_regs.tmatch_value_q_reg[24]
         core_i/cs_registers_i/gen_trigger_regs.tmatch_value_q_reg[23]
         core_i/cs_registers_i/gen_trigger_regs.tmatch_value_q_reg[22]
         core_i/cs_registers_i/gen_trigger_regs.tmatch_value_q_reg[21]
         core_i/cs_registers_i/gen_trigger_regs.tmatch_value_q_reg[20]
         core_i/cs_registers_i/gen_trigger_regs.tmatch_value_q_reg[19]
         core_i/cs_registers_i/gen_trigger_regs.tmatch_value_q_reg[18]
         core_i/cs_registers_i/gen_trigger_regs.tmatch_value_q_reg[17]
         core_i/cs_registers_i/gen_trigger_regs.tmatch_value_q_reg[16]
         core_i/cs_registers_i/gen_trigger_regs.tmatch_value_q_reg[10]
         core_i/cs_registers_i/gen_trigger_regs.tmatch_value_q_reg[9]
         core_i/cs_registers_i/gen_trigger_regs.tmatch_value_q_reg[4]
         core_i/cs_registers_i/gen_trigger_regs.tmatch_value_q_reg[14]
         core_i/cs_registers_i/gen_trigger_regs.tmatch_value_q_reg[13]
         core_i/cs_registers_i/gen_trigger_regs.tmatch_value_q_reg[5]
         core_i/cs_registers_i/gen_trigger_regs.tmatch_value_q_reg[11]
         core_i/cs_registers_i/mie_q_reg[30]
         core_i/cs_registers_i/mie_q_reg[17]
         core_i/cs_registers_i/gen_trigger_regs.tmatch_value_q_reg[0]
         core_i/cs_registers_i/mie_q_reg[29]
         core_i/cs_registers_i/mie_q_reg[27]
         core_i/cs_registers_i/mie_q_reg[31]
         core_i/cs_registers_i/mie_q_reg[28]
         core_i/cs_registers_i/mie_q_reg[26]
         core_i/cs_registers_i/mie_q_reg[25]
         core_i/cs_registers_i/mie_q_reg[24]
         core_i/cs_registers_i/mie_q_reg[23]
         core_i/cs_registers_i/mie_q_reg[22]
         core_i/cs_registers_i/mie_q_reg[21]
         core_i/cs_registers_i/mie_q_reg[20]
         core_i/cs_registers_i/mie_q_reg[19]
         core_i/cs_registers_i/mie_q_reg[18]
         core_i/cs_registers_i/mie_q_reg[16]
         core_i/cs_registers_i/gen_trigger_regs.tmatch_value_q_reg[2]
         core_i/cs_registers_i/gen_trigger_regs.tmatch_value_q_reg[7]
         core_i/cs_registers_i/gen_trigger_regs.tmatch_value_q_reg[3]
         core_i/cs_registers_i/gen_trigger_regs.tmatch_control_exec_q_reg
         core_i/cs_registers_i/gen_trigger_regs.tmatch_value_q_reg[15]
         core_i/cs_registers_i/gen_trigger_regs.tmatch_value_q_reg[12]
         core_i/cs_registers_i/dcsr_q_reg[step]
         core_i/cs_registers_i/gen_trigger_regs.tmatch_value_q_reg[30]
         core_i/cs_registers_i/gen_trigger_regs.tmatch_value_q_reg[29]
         core_i/cs_registers_i/gen_trigger_regs.tmatch_value_q_reg[27]
         core_i/cs_registers_i/gen_trigger_regs.tmatch_value_q_reg[8]
         core_i/cs_registers_i/gen_trigger_regs.tmatch_value_q_reg[6]
         core_i/cs_registers_i/dcsr_q_reg[stepie]
         core_i/cs_registers_i/gen_trigger_regs.tmatch_value_q_reg[1]
         core_i/cs_registers_i/mhpmcounter_q_reg[3][1]
         core_i/cs_registers_i/mhpmcounter_q_reg[3][2]
         core_i/cs_registers_i/mhpmcounter_q_reg[3][3]
         core_i/cs_registers_i/mhpmcounter_q_reg[3][4]
         core_i/cs_registers_i/mhpmcounter_q_reg[3][5]
         core_i/cs_registers_i/mhpmcounter_q_reg[3][6]
         core_i/cs_registers_i/mhpmcounter_q_reg[3][7]
         core_i/cs_registers_i/mhpmcounter_q_reg[3][8]
         core_i/cs_registers_i/mhpmcounter_q_reg[3][9]
         core_i/cs_registers_i/mhpmcounter_q_reg[2][7]
         core_i/cs_registers_i/mhpmcounter_q_reg[2][1]
         core_i/cs_registers_i/mhpmcounter_q_reg[2][2]
         core_i/cs_registers_i/mhpmcounter_q_reg[2][3]
         core_i/cs_registers_i/mhpmcounter_q_reg[2][4]
         core_i/cs_registers_i/mhpmcounter_q_reg[2][5]
         core_i/cs_registers_i/mhpmcounter_q_reg[2][6]
         core_i/cs_registers_i/mhpmcounter_q_reg[2][8]
         core_i/cs_registers_i/mhpmcounter_q_reg[2][9]
         core_i/cs_registers_i/mhpmcounter_q_reg[0][1]
         core_i/cs_registers_i/mhpmcounter_q_reg[0][2]
         core_i/cs_registers_i/mhpmcounter_q_reg[0][3]
         core_i/cs_registers_i/mhpmcounter_q_reg[0][4]
         core_i/cs_registers_i/mhpmcounter_q_reg[0][5]
         core_i/cs_registers_i/mhpmcounter_q_reg[0][6]
         core_i/cs_registers_i/mhpmcounter_q_reg[0][7]
         core_i/cs_registers_i/mhpmcounter_q_reg[0][8]
         core_i/cs_registers_i/mhpmcounter_q_reg[0][9]
         core_i/cs_registers_i/mhpmcounter_q_reg[3][0]
         core_i/cs_registers_i/mhpmcounter_q_reg[2][0]
         core_i/cs_registers_i/mhpmcounter_q_reg[0][0]
         core_i/if_stage_i/aligner_i/hwlp_update_pc_q_reg
         core_i/if_stage_i/aligner_i/hwlp_addr_q_reg[1]
         core_i/if_stage_i/aligner_i/hwlp_addr_q_reg[2]
         core_i/if_stage_i/aligner_i/hwlp_addr_q_reg[3]
         core_i/if_stage_i/aligner_i/hwlp_addr_q_reg[4]
         core_i/if_stage_i/aligner_i/hwlp_addr_q_reg[5]
         core_i/if_stage_i/aligner_i/hwlp_addr_q_reg[6]
         core_i/if_stage_i/aligner_i/hwlp_addr_q_reg[7]
         core_i/if_stage_i/aligner_i/hwlp_addr_q_reg[8]
         core_i/if_stage_i/aligner_i/hwlp_addr_q_reg[9]
         core_i/if_stage_i/aligner_i/hwlp_addr_q_reg[10]
         core_i/if_stage_i/aligner_i/hwlp_addr_q_reg[11]
         core_i/if_stage_i/aligner_i/hwlp_addr_q_reg[12]
         core_i/if_stage_i/aligner_i/hwlp_addr_q_reg[13]
         core_i/if_stage_i/aligner_i/hwlp_addr_q_reg[14]
         core_i/if_stage_i/aligner_i/hwlp_addr_q_reg[15]
         core_i/if_stage_i/aligner_i/hwlp_addr_q_reg[16]
         core_i/if_stage_i/aligner_i/hwlp_addr_q_reg[17]
         core_i/if_stage_i/aligner_i/hwlp_addr_q_reg[18]
         core_i/if_stage_i/aligner_i/hwlp_addr_q_reg[19]
         core_i/if_stage_i/aligner_i/hwlp_addr_q_reg[20]
         core_i/if_stage_i/aligner_i/hwlp_addr_q_reg[21]
         core_i/if_stage_i/aligner_i/hwlp_addr_q_reg[22]
         core_i/if_stage_i/aligner_i/hwlp_addr_q_reg[23]
         core_i/if_stage_i/aligner_i/hwlp_addr_q_reg[24]
         core_i/if_stage_i/aligner_i/hwlp_addr_q_reg[25]
         core_i/if_stage_i/aligner_i/hwlp_addr_q_reg[26]
         core_i/if_stage_i/aligner_i/hwlp_addr_q_reg[27]
         core_i/if_stage_i/aligner_i/hwlp_addr_q_reg[28]
         core_i/if_stage_i/aligner_i/hwlp_addr_q_reg[29]
         core_i/if_stage_i/aligner_i/hwlp_addr_q_reg[30]
         core_i/if_stage_i/aligner_i/hwlp_addr_q_reg[31]
         core_i/if_stage_i/aligner_i/hwlp_addr_q_reg[0]
         core_i/if_stage_i/aligner_i/r_instr_h_reg[2]
         core_i/if_stage_i/aligner_i/r_instr_h_reg[3]
         core_i/if_stage_i/aligner_i/r_instr_h_reg[4]
         core_i/if_stage_i/aligner_i/r_instr_h_reg[5]
         core_i/if_stage_i/aligner_i/r_instr_h_reg[6]
         core_i/if_stage_i/aligner_i/r_instr_h_reg[7]
         core_i/if_stage_i/aligner_i/r_instr_h_reg[8]
         core_i/if_stage_i/aligner_i/r_instr_h_reg[9]
         core_i/if_stage_i/aligner_i/r_instr_h_reg[10]
         core_i/if_stage_i/aligner_i/r_instr_h_reg[11]
         core_i/if_stage_i/aligner_i/r_instr_h_reg[12]
         core_i/if_stage_i/aligner_i/r_instr_h_reg[13]
         core_i/if_stage_i/aligner_i/r_instr_h_reg[14]
         core_i/if_stage_i/aligner_i/r_instr_h_reg[15]
         core_i/if_stage_i/aligner_i/state_reg[1]
         core_i/if_stage_i/aligner_i/state_reg[0]
         core_i/if_stage_i/aligner_i/r_instr_h_reg[0]
         core_i/if_stage_i/aligner_i/r_instr_h_reg[1]
         core_i/if_stage_i/aligner_i/aligner_ready_q_reg
         core_i/if_stage_i/aligner_i/pc_q_reg[31]
         core_i/if_stage_i/aligner_i/pc_q_reg[16]
         core_i/if_stage_i/aligner_i/pc_q_reg[17]
         core_i/if_stage_i/aligner_i/pc_q_reg[18]
         core_i/if_stage_i/aligner_i/pc_q_reg[19]
         core_i/if_stage_i/aligner_i/pc_q_reg[20]
         core_i/if_stage_i/aligner_i/pc_q_reg[21]
         core_i/if_stage_i/aligner_i/pc_q_reg[22]
         core_i/if_stage_i/aligner_i/pc_q_reg[23]
         core_i/if_stage_i/aligner_i/pc_q_reg[24]
         core_i/if_stage_i/aligner_i/pc_q_reg[25]
         core_i/if_stage_i/aligner_i/pc_q_reg[26]
         core_i/if_stage_i/aligner_i/pc_q_reg[27]
         core_i/if_stage_i/aligner_i/pc_q_reg[28]
         core_i/if_stage_i/aligner_i/pc_q_reg[29]
         core_i/if_stage_i/aligner_i/pc_q_reg[30]
         core_i/if_stage_i/aligner_i/pc_q_reg[0]
         core_i/if_stage_i/aligner_i/pc_q_reg[3]
         core_i/if_stage_i/aligner_i/pc_q_reg[4]
         core_i/if_stage_i/aligner_i/pc_q_reg[5]
         core_i/if_stage_i/aligner_i/pc_q_reg[6]
         core_i/if_stage_i/aligner_i/pc_q_reg[7]
         core_i/if_stage_i/aligner_i/pc_q_reg[8]
         core_i/if_stage_i/aligner_i/pc_q_reg[9]
         core_i/if_stage_i/aligner_i/pc_q_reg[10]
         core_i/if_stage_i/aligner_i/pc_q_reg[11]
         core_i/if_stage_i/aligner_i/pc_q_reg[12]
         core_i/if_stage_i/aligner_i/pc_q_reg[13]
         core_i/if_stage_i/aligner_i/pc_q_reg[14]
         core_i/if_stage_i/aligner_i/pc_q_reg[15]
         core_i/if_stage_i/aligner_i/pc_q_reg[2]
         core_i/if_stage_i/aligner_i/pc_q_reg[1]
         core_i/id_stage_i/register_file_i/mem_reg[3][31]
         core_i/id_stage_i/register_file_i/mem_reg[3][30]
         core_i/id_stage_i/register_file_i/mem_reg[3][29]
         core_i/id_stage_i/register_file_i/mem_reg[3][28]
         core_i/id_stage_i/register_file_i/mem_reg[3][27]
         core_i/id_stage_i/register_file_i/mem_reg[3][26]
         core_i/id_stage_i/register_file_i/mem_reg[3][25]
         core_i/id_stage_i/register_file_i/mem_reg[3][24]
         core_i/id_stage_i/register_file_i/mem_reg[3][23]
         core_i/id_stage_i/register_file_i/mem_reg[3][22]
         core_i/id_stage_i/register_file_i/mem_reg[3][21]
         core_i/id_stage_i/register_file_i/mem_reg[3][20]
         core_i/id_stage_i/register_file_i/mem_reg[3][19]
         core_i/id_stage_i/register_file_i/mem_reg[3][18]
         core_i/id_stage_i/register_file_i/mem_reg[5][31]
         core_i/id_stage_i/register_file_i/mem_reg[5][30]
         core_i/id_stage_i/register_file_i/mem_reg[5][29]
         core_i/id_stage_i/register_file_i/mem_reg[5][28]
         core_i/id_stage_i/register_file_i/mem_reg[5][27]
         core_i/id_stage_i/register_file_i/mem_reg[5][26]
         core_i/id_stage_i/register_file_i/mem_reg[5][25]
         core_i/id_stage_i/register_file_i/mem_reg[5][24]
         core_i/id_stage_i/register_file_i/mem_reg[5][23]
         core_i/id_stage_i/register_file_i/mem_reg[5][22]
         core_i/id_stage_i/register_file_i/mem_reg[5][21]
         core_i/id_stage_i/register_file_i/mem_reg[5][20]
         core_i/id_stage_i/register_file_i/mem_reg[5][19]
         core_i/id_stage_i/register_file_i/mem_reg[5][18]
         core_i/id_stage_i/register_file_i/mem_reg[7][31]
         core_i/id_stage_i/register_file_i/mem_reg[7][30]
         core_i/id_stage_i/register_file_i/mem_reg[7][29]
         core_i/id_stage_i/register_file_i/mem_reg[7][28]
         core_i/id_stage_i/register_file_i/mem_reg[7][27]
         core_i/id_stage_i/register_file_i/mem_reg[7][26]
         core_i/id_stage_i/register_file_i/mem_reg[7][25]
         core_i/id_stage_i/register_file_i/mem_reg[7][24]
         core_i/id_stage_i/register_file_i/mem_reg[7][23]
         core_i/id_stage_i/register_file_i/mem_reg[7][22]
         core_i/id_stage_i/register_file_i/mem_reg[7][21]
         core_i/id_stage_i/register_file_i/mem_reg[7][20]
         core_i/id_stage_i/register_file_i/mem_reg[7][19]
         core_i/id_stage_i/register_file_i/mem_reg[7][18]
         core_i/id_stage_i/register_file_i/mem_reg[9][31]
         core_i/id_stage_i/register_file_i/mem_reg[9][30]
         core_i/id_stage_i/register_file_i/mem_reg[9][29]
         core_i/id_stage_i/register_file_i/mem_reg[9][28]
         core_i/id_stage_i/register_file_i/mem_reg[9][27]
         core_i/id_stage_i/register_file_i/mem_reg[9][26]
         core_i/id_stage_i/register_file_i/mem_reg[9][25]
         core_i/id_stage_i/register_file_i/mem_reg[9][24]
         core_i/id_stage_i/register_file_i/mem_reg[9][23]
         core_i/id_stage_i/register_file_i/mem_reg[9][22]
         core_i/id_stage_i/register_file_i/mem_reg[9][21]
         core_i/id_stage_i/register_file_i/mem_reg[9][20]
         core_i/id_stage_i/register_file_i/mem_reg[9][19]
         core_i/id_stage_i/register_file_i/mem_reg[9][18]
         core_i/id_stage_i/register_file_i/mem_reg[11][31]
         core_i/id_stage_i/register_file_i/mem_reg[11][30]
         core_i/id_stage_i/register_file_i/mem_reg[11][29]
         core_i/id_stage_i/register_file_i/mem_reg[11][28]
         core_i/id_stage_i/register_file_i/mem_reg[11][27]
         core_i/id_stage_i/register_file_i/mem_reg[11][26]
         core_i/id_stage_i/register_file_i/mem_reg[11][25]
         core_i/id_stage_i/register_file_i/mem_reg[11][24]
         core_i/id_stage_i/register_file_i/mem_reg[11][23]
         core_i/id_stage_i/register_file_i/mem_reg[11][22]
         core_i/id_stage_i/register_file_i/mem_reg[11][21]
         core_i/id_stage_i/register_file_i/mem_reg[11][20]
         core_i/id_stage_i/register_file_i/mem_reg[11][19]
         core_i/id_stage_i/register_file_i/mem_reg[11][18]
         core_i/id_stage_i/register_file_i/mem_reg[13][31]
         core_i/id_stage_i/register_file_i/mem_reg[13][30]
         core_i/id_stage_i/register_file_i/mem_reg[13][29]
         core_i/id_stage_i/register_file_i/mem_reg[13][28]
         core_i/id_stage_i/register_file_i/mem_reg[13][27]
         core_i/id_stage_i/register_file_i/mem_reg[13][26]
         core_i/id_stage_i/register_file_i/mem_reg[13][25]
         core_i/id_stage_i/register_file_i/mem_reg[13][24]
         core_i/id_stage_i/register_file_i/mem_reg[13][23]
         core_i/id_stage_i/register_file_i/mem_reg[13][22]
         core_i/id_stage_i/register_file_i/mem_reg[13][21]
         core_i/id_stage_i/register_file_i/mem_reg[13][20]
         core_i/id_stage_i/register_file_i/mem_reg[13][19]
         core_i/id_stage_i/register_file_i/mem_reg[13][18]
         core_i/id_stage_i/register_file_i/mem_reg[15][31]
         core_i/id_stage_i/register_file_i/mem_reg[15][30]
         core_i/id_stage_i/register_file_i/mem_reg[15][29]
         core_i/id_stage_i/register_file_i/mem_reg[15][28]
         core_i/id_stage_i/register_file_i/mem_reg[15][27]
         core_i/id_stage_i/register_file_i/mem_reg[15][26]
         core_i/id_stage_i/register_file_i/mem_reg[15][25]
         core_i/id_stage_i/register_file_i/mem_reg[15][24]
         core_i/id_stage_i/register_file_i/mem_reg[15][23]
         core_i/id_stage_i/register_file_i/mem_reg[15][22]
         core_i/id_stage_i/register_file_i/mem_reg[15][21]
         core_i/id_stage_i/register_file_i/mem_reg[15][20]
         core_i/id_stage_i/register_file_i/mem_reg[15][19]
         core_i/id_stage_i/register_file_i/mem_reg[15][18]
         core_i/id_stage_i/register_file_i/mem_reg[17][31]
         core_i/id_stage_i/register_file_i/mem_reg[17][30]
         core_i/id_stage_i/register_file_i/mem_reg[17][29]
         core_i/id_stage_i/register_file_i/mem_reg[17][28]
         core_i/id_stage_i/register_file_i/mem_reg[17][27]
         core_i/id_stage_i/register_file_i/mem_reg[17][26]
         core_i/id_stage_i/register_file_i/mem_reg[17][25]
         core_i/id_stage_i/register_file_i/mem_reg[17][24]
         core_i/id_stage_i/register_file_i/mem_reg[17][23]
         core_i/id_stage_i/register_file_i/mem_reg[17][22]
         core_i/id_stage_i/register_file_i/mem_reg[17][21]
         core_i/id_stage_i/register_file_i/mem_reg[17][20]
         core_i/id_stage_i/register_file_i/mem_reg[17][19]
         core_i/id_stage_i/register_file_i/mem_reg[17][18]
         core_i/id_stage_i/register_file_i/mem_reg[17][17]
         core_i/id_stage_i/register_file_i/mem_reg[19][31]
         core_i/id_stage_i/register_file_i/mem_reg[19][30]
         core_i/id_stage_i/register_file_i/mem_reg[19][29]
         core_i/id_stage_i/register_file_i/mem_reg[19][28]
         core_i/id_stage_i/register_file_i/mem_reg[19][27]
         core_i/id_stage_i/register_file_i/mem_reg[19][26]
         core_i/id_stage_i/register_file_i/mem_reg[19][25]
         core_i/id_stage_i/register_file_i/mem_reg[19][24]
         core_i/id_stage_i/register_file_i/mem_reg[19][23]
         core_i/id_stage_i/register_file_i/mem_reg[19][22]
         core_i/id_stage_i/register_file_i/mem_reg[19][21]
         core_i/id_stage_i/register_file_i/mem_reg[19][20]
         core_i/id_stage_i/register_file_i/mem_reg[19][19]
         core_i/id_stage_i/register_file_i/mem_reg[19][18]
         core_i/id_stage_i/register_file_i/mem_reg[19][17]
         core_i/id_stage_i/register_file_i/mem_reg[21][31]
         core_i/id_stage_i/register_file_i/mem_reg[21][30]
         core_i/id_stage_i/register_file_i/mem_reg[21][29]
         core_i/id_stage_i/register_file_i/mem_reg[21][28]
         core_i/id_stage_i/register_file_i/mem_reg[21][27]
         core_i/id_stage_i/register_file_i/mem_reg[21][26]
         core_i/id_stage_i/register_file_i/mem_reg[21][25]
         core_i/id_stage_i/register_file_i/mem_reg[21][24]
         core_i/id_stage_i/register_file_i/mem_reg[21][23]
         core_i/id_stage_i/register_file_i/mem_reg[21][22]
         core_i/id_stage_i/register_file_i/mem_reg[21][21]
         core_i/id_stage_i/register_file_i/mem_reg[21][20]
         core_i/id_stage_i/register_file_i/mem_reg[21][19]
         core_i/id_stage_i/register_file_i/mem_reg[21][18]
         core_i/id_stage_i/register_file_i/mem_reg[21][17]
         core_i/id_stage_i/register_file_i/mem_reg[23][31]
         core_i/id_stage_i/register_file_i/mem_reg[23][30]
         core_i/id_stage_i/register_file_i/mem_reg[23][29]
         core_i/id_stage_i/register_file_i/mem_reg[23][28]
         core_i/id_stage_i/register_file_i/mem_reg[23][27]
         core_i/id_stage_i/register_file_i/mem_reg[23][26]
         core_i/id_stage_i/register_file_i/mem_reg[23][25]
         core_i/id_stage_i/register_file_i/mem_reg[23][24]
         core_i/id_stage_i/register_file_i/mem_reg[23][23]
         core_i/id_stage_i/register_file_i/mem_reg[23][22]
         core_i/id_stage_i/register_file_i/mem_reg[23][21]
         core_i/id_stage_i/register_file_i/mem_reg[23][20]
         core_i/id_stage_i/register_file_i/mem_reg[23][19]
         core_i/id_stage_i/register_file_i/mem_reg[23][18]
         core_i/id_stage_i/register_file_i/mem_reg[25][31]
         core_i/id_stage_i/register_file_i/mem_reg[25][30]
         core_i/id_stage_i/register_file_i/mem_reg[25][29]
         core_i/id_stage_i/register_file_i/mem_reg[25][28]
         core_i/id_stage_i/register_file_i/mem_reg[25][27]
         core_i/id_stage_i/register_file_i/mem_reg[25][26]
         core_i/id_stage_i/register_file_i/mem_reg[25][25]
         core_i/id_stage_i/register_file_i/mem_reg[25][24]
         core_i/id_stage_i/register_file_i/mem_reg[25][23]
         core_i/id_stage_i/register_file_i/mem_reg[25][22]
         core_i/id_stage_i/register_file_i/mem_reg[25][21]
         core_i/id_stage_i/register_file_i/mem_reg[25][20]
         core_i/id_stage_i/register_file_i/mem_reg[25][19]
         core_i/id_stage_i/register_file_i/mem_reg[25][18]
         core_i/id_stage_i/register_file_i/mem_reg[25][17]
         core_i/id_stage_i/register_file_i/mem_reg[27][31]
         core_i/id_stage_i/register_file_i/mem_reg[27][30]
         core_i/id_stage_i/register_file_i/mem_reg[27][29]
         core_i/id_stage_i/register_file_i/mem_reg[27][28]
         core_i/id_stage_i/register_file_i/mem_reg[27][27]
         core_i/id_stage_i/register_file_i/mem_reg[27][26]
         core_i/id_stage_i/register_file_i/mem_reg[27][25]
         core_i/id_stage_i/register_file_i/mem_reg[27][24]
         core_i/id_stage_i/register_file_i/mem_reg[27][23]
         core_i/id_stage_i/register_file_i/mem_reg[27][22]
         core_i/id_stage_i/register_file_i/mem_reg[27][21]
         core_i/id_stage_i/register_file_i/mem_reg[27][20]
         core_i/id_stage_i/register_file_i/mem_reg[27][19]
         core_i/id_stage_i/register_file_i/mem_reg[27][18]
         core_i/id_stage_i/register_file_i/mem_reg[29][31]
         core_i/id_stage_i/register_file_i/mem_reg[29][30]
         core_i/id_stage_i/register_file_i/mem_reg[29][29]
         core_i/id_stage_i/register_file_i/mem_reg[29][28]
         core_i/id_stage_i/register_file_i/mem_reg[29][27]
         core_i/id_stage_i/register_file_i/mem_reg[29][26]
         core_i/id_stage_i/register_file_i/mem_reg[29][25]
         core_i/id_stage_i/register_file_i/mem_reg[29][24]
         core_i/id_stage_i/register_file_i/mem_reg[29][23]
         core_i/id_stage_i/register_file_i/mem_reg[29][22]
         core_i/id_stage_i/register_file_i/mem_reg[29][21]
         core_i/id_stage_i/register_file_i/mem_reg[29][20]
         core_i/id_stage_i/register_file_i/mem_reg[29][19]
         core_i/id_stage_i/register_file_i/mem_reg[29][18]
         core_i/id_stage_i/register_file_i/mem_reg[31][31]
         core_i/id_stage_i/register_file_i/mem_reg[31][30]
         core_i/id_stage_i/register_file_i/mem_reg[31][29]
         core_i/id_stage_i/register_file_i/mem_reg[31][28]
         core_i/id_stage_i/register_file_i/mem_reg[31][27]
         core_i/id_stage_i/register_file_i/mem_reg[31][26]
         core_i/id_stage_i/register_file_i/mem_reg[31][25]
         core_i/id_stage_i/register_file_i/mem_reg[31][24]
         core_i/id_stage_i/register_file_i/mem_reg[31][23]
         core_i/id_stage_i/register_file_i/mem_reg[31][22]
         core_i/id_stage_i/register_file_i/mem_reg[31][21]
         core_i/id_stage_i/register_file_i/mem_reg[31][20]
         core_i/id_stage_i/register_file_i/mem_reg[31][19]
         core_i/id_stage_i/register_file_i/mem_reg[31][18]
         core_i/id_stage_i/register_file_i/mem_reg[2][31]
         core_i/id_stage_i/register_file_i/mem_reg[2][30]
         core_i/id_stage_i/register_file_i/mem_reg[2][29]
         core_i/id_stage_i/register_file_i/mem_reg[2][28]
         core_i/id_stage_i/register_file_i/mem_reg[2][27]
         core_i/id_stage_i/register_file_i/mem_reg[2][26]
         core_i/id_stage_i/register_file_i/mem_reg[2][25]
         core_i/id_stage_i/register_file_i/mem_reg[2][24]
         core_i/id_stage_i/register_file_i/mem_reg[2][23]
         core_i/id_stage_i/register_file_i/mem_reg[2][22]
         core_i/id_stage_i/register_file_i/mem_reg[2][21]
         core_i/id_stage_i/register_file_i/mem_reg[2][20]
         core_i/id_stage_i/register_file_i/mem_reg[2][19]
         core_i/id_stage_i/register_file_i/mem_reg[2][18]
         core_i/id_stage_i/register_file_i/mem_reg[4][31]
         core_i/id_stage_i/register_file_i/mem_reg[4][30]
         core_i/id_stage_i/register_file_i/mem_reg[4][29]
         core_i/id_stage_i/register_file_i/mem_reg[4][28]
         core_i/id_stage_i/register_file_i/mem_reg[4][27]
         core_i/id_stage_i/register_file_i/mem_reg[4][26]
         core_i/id_stage_i/register_file_i/mem_reg[4][25]
         core_i/id_stage_i/register_file_i/mem_reg[4][24]
         core_i/id_stage_i/register_file_i/mem_reg[4][23]
         core_i/id_stage_i/register_file_i/mem_reg[4][22]
         core_i/id_stage_i/register_file_i/mem_reg[4][21]
         core_i/id_stage_i/register_file_i/mem_reg[4][20]
         core_i/id_stage_i/register_file_i/mem_reg[4][19]
         core_i/id_stage_i/register_file_i/mem_reg[4][18]
         core_i/id_stage_i/register_file_i/mem_reg[6][31]
         core_i/id_stage_i/register_file_i/mem_reg[6][30]
         core_i/id_stage_i/register_file_i/mem_reg[6][29]
         core_i/id_stage_i/register_file_i/mem_reg[6][28]
         core_i/id_stage_i/register_file_i/mem_reg[6][27]
         core_i/id_stage_i/register_file_i/mem_reg[6][26]
         core_i/id_stage_i/register_file_i/mem_reg[6][25]
         core_i/id_stage_i/register_file_i/mem_reg[6][24]
         core_i/id_stage_i/register_file_i/mem_reg[6][23]
         core_i/id_stage_i/register_file_i/mem_reg[6][22]
         core_i/id_stage_i/register_file_i/mem_reg[6][21]
         core_i/id_stage_i/register_file_i/mem_reg[6][20]
         core_i/id_stage_i/register_file_i/mem_reg[6][19]
         core_i/id_stage_i/register_file_i/mem_reg[6][18]
         core_i/id_stage_i/register_file_i/mem_reg[8][31]
         core_i/id_stage_i/register_file_i/mem_reg[8][30]
         core_i/id_stage_i/register_file_i/mem_reg[8][29]
         core_i/id_stage_i/register_file_i/mem_reg[8][28]
         core_i/id_stage_i/register_file_i/mem_reg[8][27]
         core_i/id_stage_i/register_file_i/mem_reg[8][26]
         core_i/id_stage_i/register_file_i/mem_reg[8][25]
         core_i/id_stage_i/register_file_i/mem_reg[8][24]
         core_i/id_stage_i/register_file_i/mem_reg[8][23]
         core_i/id_stage_i/register_file_i/mem_reg[8][22]
         core_i/id_stage_i/register_file_i/mem_reg[8][21]
         core_i/id_stage_i/register_file_i/mem_reg[8][20]
         core_i/id_stage_i/register_file_i/mem_reg[8][19]
         core_i/id_stage_i/register_file_i/mem_reg[8][18]
         core_i/id_stage_i/register_file_i/mem_reg[10][31]
         core_i/id_stage_i/register_file_i/mem_reg[10][30]
         core_i/id_stage_i/register_file_i/mem_reg[10][29]
         core_i/id_stage_i/register_file_i/mem_reg[10][28]
         core_i/id_stage_i/register_file_i/mem_reg[10][27]
         core_i/id_stage_i/register_file_i/mem_reg[10][26]
         core_i/id_stage_i/register_file_i/mem_reg[10][25]
         core_i/id_stage_i/register_file_i/mem_reg[10][24]
         core_i/id_stage_i/register_file_i/mem_reg[10][23]
         core_i/id_stage_i/register_file_i/mem_reg[10][22]
         core_i/id_stage_i/register_file_i/mem_reg[10][21]
         core_i/id_stage_i/register_file_i/mem_reg[10][20]
         core_i/id_stage_i/register_file_i/mem_reg[10][19]
         core_i/id_stage_i/register_file_i/mem_reg[10][18]
         core_i/id_stage_i/register_file_i/mem_reg[12][31]
         core_i/id_stage_i/register_file_i/mem_reg[12][30]
         core_i/id_stage_i/register_file_i/mem_reg[12][29]
         core_i/id_stage_i/register_file_i/mem_reg[12][28]
         core_i/id_stage_i/register_file_i/mem_reg[12][27]
         core_i/id_stage_i/register_file_i/mem_reg[12][26]
         core_i/id_stage_i/register_file_i/mem_reg[12][25]
         core_i/id_stage_i/register_file_i/mem_reg[12][24]
         core_i/id_stage_i/register_file_i/mem_reg[12][23]
         core_i/id_stage_i/register_file_i/mem_reg[12][22]
         core_i/id_stage_i/register_file_i/mem_reg[12][21]
         core_i/id_stage_i/register_file_i/mem_reg[12][20]
         core_i/id_stage_i/register_file_i/mem_reg[12][19]
         core_i/id_stage_i/register_file_i/mem_reg[12][18]
         core_i/id_stage_i/register_file_i/mem_reg[14][31]
         core_i/id_stage_i/register_file_i/mem_reg[14][30]
         core_i/id_stage_i/register_file_i/mem_reg[14][29]
         core_i/id_stage_i/register_file_i/mem_reg[14][28]
         core_i/id_stage_i/register_file_i/mem_reg[14][27]
         core_i/id_stage_i/register_file_i/mem_reg[14][26]
         core_i/id_stage_i/register_file_i/mem_reg[14][25]
         core_i/id_stage_i/register_file_i/mem_reg[14][24]
         core_i/id_stage_i/register_file_i/mem_reg[14][23]
         core_i/id_stage_i/register_file_i/mem_reg[14][22]
         core_i/id_stage_i/register_file_i/mem_reg[14][21]
         core_i/id_stage_i/register_file_i/mem_reg[14][20]
         core_i/id_stage_i/register_file_i/mem_reg[14][19]
         core_i/id_stage_i/register_file_i/mem_reg[14][18]
         core_i/id_stage_i/register_file_i/mem_reg[16][31]
         core_i/id_stage_i/register_file_i/mem_reg[16][30]
         core_i/id_stage_i/register_file_i/mem_reg[16][29]
         core_i/id_stage_i/register_file_i/mem_reg[16][28]
         core_i/id_stage_i/register_file_i/mem_reg[16][27]
         core_i/id_stage_i/register_file_i/mem_reg[16][26]
         core_i/id_stage_i/register_file_i/mem_reg[16][25]
         core_i/id_stage_i/register_file_i/mem_reg[16][24]
         core_i/id_stage_i/register_file_i/mem_reg[16][23]
         core_i/id_stage_i/register_file_i/mem_reg[16][22]
         core_i/id_stage_i/register_file_i/mem_reg[16][21]
         core_i/id_stage_i/register_file_i/mem_reg[16][20]
         core_i/id_stage_i/register_file_i/mem_reg[16][19]
         core_i/id_stage_i/register_file_i/mem_reg[16][18]
         core_i/id_stage_i/register_file_i/mem_reg[18][31]
         core_i/id_stage_i/register_file_i/mem_reg[18][30]
         core_i/id_stage_i/register_file_i/mem_reg[18][29]
         core_i/id_stage_i/register_file_i/mem_reg[18][28]
         core_i/id_stage_i/register_file_i/mem_reg[18][27]
         core_i/id_stage_i/register_file_i/mem_reg[18][26]
         core_i/id_stage_i/register_file_i/mem_reg[18][25]
         core_i/id_stage_i/register_file_i/mem_reg[18][24]
         core_i/id_stage_i/register_file_i/mem_reg[18][23]
         core_i/id_stage_i/register_file_i/mem_reg[18][22]
         core_i/id_stage_i/register_file_i/mem_reg[18][21]
         core_i/id_stage_i/register_file_i/mem_reg[18][20]
         core_i/id_stage_i/register_file_i/mem_reg[18][19]
         core_i/id_stage_i/register_file_i/mem_reg[18][18]
         core_i/id_stage_i/register_file_i/mem_reg[20][31]
         core_i/id_stage_i/register_file_i/mem_reg[20][30]
         core_i/id_stage_i/register_file_i/mem_reg[20][29]
         core_i/id_stage_i/register_file_i/mem_reg[20][28]
         core_i/id_stage_i/register_file_i/mem_reg[20][27]
         core_i/id_stage_i/register_file_i/mem_reg[20][26]
         core_i/id_stage_i/register_file_i/mem_reg[20][25]
         core_i/id_stage_i/register_file_i/mem_reg[20][24]
         core_i/id_stage_i/register_file_i/mem_reg[20][23]
         core_i/id_stage_i/register_file_i/mem_reg[20][22]
         core_i/id_stage_i/register_file_i/mem_reg[20][21]
         core_i/id_stage_i/register_file_i/mem_reg[20][20]
         core_i/id_stage_i/register_file_i/mem_reg[20][19]
         core_i/id_stage_i/register_file_i/mem_reg[20][18]
         core_i/id_stage_i/register_file_i/mem_reg[22][31]
         core_i/id_stage_i/register_file_i/mem_reg[22][30]
         core_i/id_stage_i/register_file_i/mem_reg[22][29]
         core_i/id_stage_i/register_file_i/mem_reg[22][28]
         core_i/id_stage_i/register_file_i/mem_reg[22][27]
         core_i/id_stage_i/register_file_i/mem_reg[22][26]
         core_i/id_stage_i/register_file_i/mem_reg[22][25]
         core_i/id_stage_i/register_file_i/mem_reg[22][24]
         core_i/id_stage_i/register_file_i/mem_reg[22][23]
         core_i/id_stage_i/register_file_i/mem_reg[22][22]
         core_i/id_stage_i/register_file_i/mem_reg[22][21]
         core_i/id_stage_i/register_file_i/mem_reg[22][20]
         core_i/id_stage_i/register_file_i/mem_reg[22][19]
         core_i/id_stage_i/register_file_i/mem_reg[22][18]
         core_i/id_stage_i/register_file_i/mem_reg[24][31]
         core_i/id_stage_i/register_file_i/mem_reg[24][30]
         core_i/id_stage_i/register_file_i/mem_reg[24][29]
         core_i/id_stage_i/register_file_i/mem_reg[24][28]
         core_i/id_stage_i/register_file_i/mem_reg[24][27]
         core_i/id_stage_i/register_file_i/mem_reg[24][26]
         core_i/id_stage_i/register_file_i/mem_reg[24][25]
         core_i/id_stage_i/register_file_i/mem_reg[24][24]
         core_i/id_stage_i/register_file_i/mem_reg[24][23]
         core_i/id_stage_i/register_file_i/mem_reg[24][22]
         core_i/id_stage_i/register_file_i/mem_reg[24][21]
         core_i/id_stage_i/register_file_i/mem_reg[24][20]
         core_i/id_stage_i/register_file_i/mem_reg[24][19]
         core_i/id_stage_i/register_file_i/mem_reg[24][18]
         core_i/id_stage_i/register_file_i/mem_reg[26][31]
         core_i/id_stage_i/register_file_i/mem_reg[26][30]
         core_i/id_stage_i/register_file_i/mem_reg[26][29]
         core_i/id_stage_i/register_file_i/mem_reg[26][28]
         core_i/id_stage_i/register_file_i/mem_reg[26][27]
         core_i/id_stage_i/register_file_i/mem_reg[26][26]
         core_i/id_stage_i/register_file_i/mem_reg[26][25]
         core_i/id_stage_i/register_file_i/mem_reg[26][24]
         core_i/id_stage_i/register_file_i/mem_reg[26][23]
         core_i/id_stage_i/register_file_i/mem_reg[26][22]
         core_i/id_stage_i/register_file_i/mem_reg[26][21]
         core_i/id_stage_i/register_file_i/mem_reg[26][20]
         core_i/id_stage_i/register_file_i/mem_reg[26][19]
         core_i/id_stage_i/register_file_i/mem_reg[26][18]
         core_i/id_stage_i/register_file_i/mem_reg[28][31]
         core_i/id_stage_i/register_file_i/mem_reg[28][30]
         core_i/id_stage_i/register_file_i/mem_reg[28][29]
         core_i/id_stage_i/register_file_i/mem_reg[28][28]
         core_i/id_stage_i/register_file_i/mem_reg[28][27]
         core_i/id_stage_i/register_file_i/mem_reg[28][26]
         core_i/id_stage_i/register_file_i/mem_reg[28][25]
         core_i/id_stage_i/register_file_i/mem_reg[28][24]
         core_i/id_stage_i/register_file_i/mem_reg[28][23]
         core_i/id_stage_i/register_file_i/mem_reg[28][22]
         core_i/id_stage_i/register_file_i/mem_reg[28][21]
         core_i/id_stage_i/register_file_i/mem_reg[28][20]
         core_i/id_stage_i/register_file_i/mem_reg[28][19]
         core_i/id_stage_i/register_file_i/mem_reg[28][18]
         core_i/id_stage_i/register_file_i/mem_reg[30][31]
         core_i/id_stage_i/register_file_i/mem_reg[30][30]
         core_i/id_stage_i/register_file_i/mem_reg[30][29]
         core_i/id_stage_i/register_file_i/mem_reg[30][28]
         core_i/id_stage_i/register_file_i/mem_reg[30][27]
         core_i/id_stage_i/register_file_i/mem_reg[30][26]
         core_i/id_stage_i/register_file_i/mem_reg[30][25]
         core_i/id_stage_i/register_file_i/mem_reg[30][24]
         core_i/id_stage_i/register_file_i/mem_reg[30][23]
         core_i/id_stage_i/register_file_i/mem_reg[30][22]
         core_i/id_stage_i/register_file_i/mem_reg[30][21]
         core_i/id_stage_i/register_file_i/mem_reg[30][20]
         core_i/id_stage_i/register_file_i/mem_reg[30][19]
         core_i/id_stage_i/register_file_i/mem_reg[30][18]
         core_i/id_stage_i/register_file_i/mem_reg[1][31]
         core_i/id_stage_i/register_file_i/mem_reg[1][30]
         core_i/id_stage_i/register_file_i/mem_reg[1][29]
         core_i/id_stage_i/register_file_i/mem_reg[1][28]
         core_i/id_stage_i/register_file_i/mem_reg[1][27]
         core_i/id_stage_i/register_file_i/mem_reg[1][26]
         core_i/id_stage_i/register_file_i/mem_reg[1][25]
         core_i/id_stage_i/register_file_i/mem_reg[1][24]
         core_i/id_stage_i/register_file_i/mem_reg[1][23]
         core_i/id_stage_i/register_file_i/mem_reg[1][22]
         core_i/id_stage_i/register_file_i/mem_reg[1][21]
         core_i/id_stage_i/register_file_i/mem_reg[1][20]
         core_i/id_stage_i/register_file_i/mem_reg[1][19]
         core_i/id_stage_i/register_file_i/mem_reg[1][18]
         core_i/id_stage_i/register_file_i/mem_reg[3][17]
         core_i/id_stage_i/register_file_i/mem_reg[3][16]
         core_i/id_stage_i/register_file_i/mem_reg[3][15]
         core_i/id_stage_i/register_file_i/mem_reg[3][14]
         core_i/id_stage_i/register_file_i/mem_reg[3][13]
         core_i/id_stage_i/register_file_i/mem_reg[3][12]
         core_i/id_stage_i/register_file_i/mem_reg[3][11]
         core_i/id_stage_i/register_file_i/mem_reg[3][10]
         core_i/id_stage_i/register_file_i/mem_reg[3][9]
         core_i/id_stage_i/register_file_i/mem_reg[3][8]
         core_i/id_stage_i/register_file_i/mem_reg[3][7]
         core_i/id_stage_i/register_file_i/mem_reg[3][6]
         core_i/id_stage_i/register_file_i/mem_reg[3][5]
         core_i/id_stage_i/register_file_i/mem_reg[3][4]
         core_i/id_stage_i/register_file_i/mem_reg[3][3]
         core_i/id_stage_i/register_file_i/mem_reg[3][2]
         core_i/id_stage_i/register_file_i/mem_reg[3][1]
         core_i/id_stage_i/register_file_i/mem_reg[3][0]
         core_i/id_stage_i/register_file_i/mem_reg[5][17]
         core_i/id_stage_i/register_file_i/mem_reg[5][16]
         core_i/id_stage_i/register_file_i/mem_reg[5][15]
         core_i/id_stage_i/register_file_i/mem_reg[5][14]
         core_i/id_stage_i/register_file_i/mem_reg[5][13]
         core_i/id_stage_i/register_file_i/mem_reg[5][12]
         core_i/id_stage_i/register_file_i/mem_reg[5][11]
         core_i/id_stage_i/register_file_i/mem_reg[5][10]
         core_i/id_stage_i/register_file_i/mem_reg[5][9]
         core_i/id_stage_i/register_file_i/mem_reg[5][8]
         core_i/id_stage_i/register_file_i/mem_reg[5][7]
         core_i/id_stage_i/register_file_i/mem_reg[5][6]
         core_i/id_stage_i/register_file_i/mem_reg[5][5]
         core_i/id_stage_i/register_file_i/mem_reg[5][4]
         core_i/id_stage_i/register_file_i/mem_reg[5][3]
         core_i/id_stage_i/register_file_i/mem_reg[5][2]
         core_i/id_stage_i/register_file_i/mem_reg[5][1]
         core_i/id_stage_i/register_file_i/mem_reg[5][0]
         core_i/id_stage_i/register_file_i/mem_reg[7][17]
         core_i/id_stage_i/register_file_i/mem_reg[7][16]
         core_i/id_stage_i/register_file_i/mem_reg[7][15]
         core_i/id_stage_i/register_file_i/mem_reg[7][14]
         core_i/id_stage_i/register_file_i/mem_reg[7][13]
         core_i/id_stage_i/register_file_i/mem_reg[7][12]
         core_i/id_stage_i/register_file_i/mem_reg[7][11]
         core_i/id_stage_i/register_file_i/mem_reg[7][10]
         core_i/id_stage_i/register_file_i/mem_reg[7][9]
         core_i/id_stage_i/register_file_i/mem_reg[7][8]
         core_i/id_stage_i/register_file_i/mem_reg[7][7]
         core_i/id_stage_i/register_file_i/mem_reg[7][6]
         core_i/id_stage_i/register_file_i/mem_reg[7][5]
         core_i/id_stage_i/register_file_i/mem_reg[7][4]
         core_i/id_stage_i/register_file_i/mem_reg[7][3]
         core_i/id_stage_i/register_file_i/mem_reg[7][2]
         core_i/id_stage_i/register_file_i/mem_reg[7][1]
         core_i/id_stage_i/register_file_i/mem_reg[7][0]
         core_i/id_stage_i/register_file_i/mem_reg[9][17]
         core_i/id_stage_i/register_file_i/mem_reg[9][16]
         core_i/id_stage_i/register_file_i/mem_reg[9][15]
         core_i/id_stage_i/register_file_i/mem_reg[9][14]
         core_i/id_stage_i/register_file_i/mem_reg[9][13]
         core_i/id_stage_i/register_file_i/mem_reg[9][12]
         core_i/id_stage_i/register_file_i/mem_reg[9][11]
         core_i/id_stage_i/register_file_i/mem_reg[9][10]
         core_i/id_stage_i/register_file_i/mem_reg[9][9]
         core_i/id_stage_i/register_file_i/mem_reg[9][8]
         core_i/id_stage_i/register_file_i/mem_reg[9][7]
         core_i/id_stage_i/register_file_i/mem_reg[9][6]
         core_i/id_stage_i/register_file_i/mem_reg[9][5]
         core_i/id_stage_i/register_file_i/mem_reg[9][4]
         core_i/id_stage_i/register_file_i/mem_reg[9][3]
         core_i/id_stage_i/register_file_i/mem_reg[9][2]
         core_i/id_stage_i/register_file_i/mem_reg[9][1]
         core_i/id_stage_i/register_file_i/mem_reg[9][0]
         core_i/id_stage_i/register_file_i/mem_reg[11][17]
         core_i/id_stage_i/register_file_i/mem_reg[11][16]
         core_i/id_stage_i/register_file_i/mem_reg[11][15]
         core_i/id_stage_i/register_file_i/mem_reg[11][14]
         core_i/id_stage_i/register_file_i/mem_reg[11][13]
         core_i/id_stage_i/register_file_i/mem_reg[11][12]
         core_i/id_stage_i/register_file_i/mem_reg[11][11]
         core_i/id_stage_i/register_file_i/mem_reg[11][10]
         core_i/id_stage_i/register_file_i/mem_reg[11][9]
         core_i/id_stage_i/register_file_i/mem_reg[11][8]
         core_i/id_stage_i/register_file_i/mem_reg[11][7]
         core_i/id_stage_i/register_file_i/mem_reg[11][6]
         core_i/id_stage_i/register_file_i/mem_reg[11][5]
         core_i/id_stage_i/register_file_i/mem_reg[11][4]
         core_i/id_stage_i/register_file_i/mem_reg[11][3]
         core_i/id_stage_i/register_file_i/mem_reg[11][2]
         core_i/id_stage_i/register_file_i/mem_reg[11][1]
         core_i/id_stage_i/register_file_i/mem_reg[11][0]
         core_i/id_stage_i/register_file_i/mem_reg[13][17]
         core_i/id_stage_i/register_file_i/mem_reg[13][16]
         core_i/id_stage_i/register_file_i/mem_reg[13][15]
         core_i/id_stage_i/register_file_i/mem_reg[13][14]
         core_i/id_stage_i/register_file_i/mem_reg[13][13]
         core_i/id_stage_i/register_file_i/mem_reg[13][12]
         core_i/id_stage_i/register_file_i/mem_reg[13][11]
         core_i/id_stage_i/register_file_i/mem_reg[13][10]
         core_i/id_stage_i/register_file_i/mem_reg[13][9]
         core_i/id_stage_i/register_file_i/mem_reg[13][8]
         core_i/id_stage_i/register_file_i/mem_reg[13][7]
         core_i/id_stage_i/register_file_i/mem_reg[13][6]
         core_i/id_stage_i/register_file_i/mem_reg[13][5]
         core_i/id_stage_i/register_file_i/mem_reg[13][4]
         core_i/id_stage_i/register_file_i/mem_reg[13][3]
         core_i/id_stage_i/register_file_i/mem_reg[13][2]
         core_i/id_stage_i/register_file_i/mem_reg[13][1]
         core_i/id_stage_i/register_file_i/mem_reg[13][0]
         core_i/id_stage_i/register_file_i/mem_reg[15][17]
         core_i/id_stage_i/register_file_i/mem_reg[15][16]
         core_i/id_stage_i/register_file_i/mem_reg[15][15]
         core_i/id_stage_i/register_file_i/mem_reg[15][14]
         core_i/id_stage_i/register_file_i/mem_reg[15][13]
         core_i/id_stage_i/register_file_i/mem_reg[15][12]
         core_i/id_stage_i/register_file_i/mem_reg[15][11]
         core_i/id_stage_i/register_file_i/mem_reg[15][10]
         core_i/id_stage_i/register_file_i/mem_reg[15][9]
         core_i/id_stage_i/register_file_i/mem_reg[15][8]
         core_i/id_stage_i/register_file_i/mem_reg[15][7]
         core_i/id_stage_i/register_file_i/mem_reg[15][6]
         core_i/id_stage_i/register_file_i/mem_reg[15][5]
         core_i/id_stage_i/register_file_i/mem_reg[15][4]
         core_i/id_stage_i/register_file_i/mem_reg[15][3]
         core_i/id_stage_i/register_file_i/mem_reg[15][2]
         core_i/id_stage_i/register_file_i/mem_reg[15][1]
         core_i/id_stage_i/register_file_i/mem_reg[15][0]
         core_i/id_stage_i/register_file_i/mem_reg[17][16]
         core_i/id_stage_i/register_file_i/mem_reg[17][15]
         core_i/id_stage_i/register_file_i/mem_reg[17][14]
         core_i/id_stage_i/register_file_i/mem_reg[17][13]
         core_i/id_stage_i/register_file_i/mem_reg[17][12]
         core_i/id_stage_i/register_file_i/mem_reg[17][11]
         core_i/id_stage_i/register_file_i/mem_reg[17][10]
         core_i/id_stage_i/register_file_i/mem_reg[17][9]
         core_i/id_stage_i/register_file_i/mem_reg[17][8]
         core_i/id_stage_i/register_file_i/mem_reg[17][7]
         core_i/id_stage_i/register_file_i/mem_reg[17][6]
         core_i/id_stage_i/register_file_i/mem_reg[17][5]
         core_i/id_stage_i/register_file_i/mem_reg[17][4]
         core_i/id_stage_i/register_file_i/mem_reg[17][3]
         core_i/id_stage_i/register_file_i/mem_reg[17][2]
         core_i/id_stage_i/register_file_i/mem_reg[17][1]
         core_i/id_stage_i/register_file_i/mem_reg[17][0]
         core_i/id_stage_i/register_file_i/mem_reg[19][16]
         core_i/id_stage_i/register_file_i/mem_reg[19][15]
         core_i/id_stage_i/register_file_i/mem_reg[19][14]
         core_i/id_stage_i/register_file_i/mem_reg[19][13]
         core_i/id_stage_i/register_file_i/mem_reg[19][12]
         core_i/id_stage_i/register_file_i/mem_reg[19][11]
         core_i/id_stage_i/register_file_i/mem_reg[19][10]
         core_i/id_stage_i/register_file_i/mem_reg[19][9]
         core_i/id_stage_i/register_file_i/mem_reg[19][8]
         core_i/id_stage_i/register_file_i/mem_reg[19][7]
         core_i/id_stage_i/register_file_i/mem_reg[19][6]
         core_i/id_stage_i/register_file_i/mem_reg[19][5]
         core_i/id_stage_i/register_file_i/mem_reg[19][4]
         core_i/id_stage_i/register_file_i/mem_reg[19][3]
         core_i/id_stage_i/register_file_i/mem_reg[19][2]
         core_i/id_stage_i/register_file_i/mem_reg[19][1]
         core_i/id_stage_i/register_file_i/mem_reg[19][0]
         core_i/id_stage_i/register_file_i/mem_reg[21][16]
         core_i/id_stage_i/register_file_i/mem_reg[21][15]
         core_i/id_stage_i/register_file_i/mem_reg[21][14]
         core_i/id_stage_i/register_file_i/mem_reg[21][13]
         core_i/id_stage_i/register_file_i/mem_reg[21][12]
         core_i/id_stage_i/register_file_i/mem_reg[21][11]
         core_i/id_stage_i/register_file_i/mem_reg[21][10]
         core_i/id_stage_i/register_file_i/mem_reg[21][9]
         core_i/id_stage_i/register_file_i/mem_reg[21][8]
         core_i/id_stage_i/register_file_i/mem_reg[21][7]
         core_i/id_stage_i/register_file_i/mem_reg[21][6]
         core_i/id_stage_i/register_file_i/mem_reg[21][5]
         core_i/id_stage_i/register_file_i/mem_reg[21][4]
         core_i/id_stage_i/register_file_i/mem_reg[21][3]
         core_i/id_stage_i/register_file_i/mem_reg[21][2]
         core_i/id_stage_i/register_file_i/mem_reg[21][1]
         core_i/id_stage_i/register_file_i/mem_reg[21][0]
         core_i/id_stage_i/register_file_i/mem_reg[23][17]
         core_i/id_stage_i/register_file_i/mem_reg[23][16]
         core_i/id_stage_i/register_file_i/mem_reg[23][15]
         core_i/id_stage_i/register_file_i/mem_reg[23][14]
         core_i/id_stage_i/register_file_i/mem_reg[23][13]
         core_i/id_stage_i/register_file_i/mem_reg[23][12]
         core_i/id_stage_i/register_file_i/mem_reg[23][11]
         core_i/id_stage_i/register_file_i/mem_reg[23][10]
         core_i/id_stage_i/register_file_i/mem_reg[23][9]
         core_i/id_stage_i/register_file_i/mem_reg[23][8]
         core_i/id_stage_i/register_file_i/mem_reg[23][7]
         core_i/id_stage_i/register_file_i/mem_reg[23][6]
         core_i/id_stage_i/register_file_i/mem_reg[23][5]
         core_i/id_stage_i/register_file_i/mem_reg[23][4]
         core_i/id_stage_i/register_file_i/mem_reg[23][3]
         core_i/id_stage_i/register_file_i/mem_reg[23][2]
         core_i/id_stage_i/register_file_i/mem_reg[23][1]
         core_i/id_stage_i/register_file_i/mem_reg[23][0]
         core_i/id_stage_i/register_file_i/mem_reg[25][16]
         core_i/id_stage_i/register_file_i/mem_reg[25][15]
         core_i/id_stage_i/register_file_i/mem_reg[25][14]
         core_i/id_stage_i/register_file_i/mem_reg[25][13]
         core_i/id_stage_i/register_file_i/mem_reg[25][12]
         core_i/id_stage_i/register_file_i/mem_reg[25][11]
         core_i/id_stage_i/register_file_i/mem_reg[25][10]
         core_i/id_stage_i/register_file_i/mem_reg[25][9]
         core_i/id_stage_i/register_file_i/mem_reg[25][8]
         core_i/id_stage_i/register_file_i/mem_reg[25][7]
         core_i/id_stage_i/register_file_i/mem_reg[25][6]
         core_i/id_stage_i/register_file_i/mem_reg[25][5]
         core_i/id_stage_i/register_file_i/mem_reg[25][4]
         core_i/id_stage_i/register_file_i/mem_reg[25][3]
         core_i/id_stage_i/register_file_i/mem_reg[25][2]
         core_i/id_stage_i/register_file_i/mem_reg[25][1]
         core_i/id_stage_i/register_file_i/mem_reg[25][0]
         core_i/id_stage_i/register_file_i/mem_reg[27][17]
         core_i/id_stage_i/register_file_i/mem_reg[27][16]
         core_i/id_stage_i/register_file_i/mem_reg[27][15]
         core_i/id_stage_i/register_file_i/mem_reg[27][14]
         core_i/id_stage_i/register_file_i/mem_reg[27][13]
         core_i/id_stage_i/register_file_i/mem_reg[27][12]
         core_i/id_stage_i/register_file_i/mem_reg[27][11]
         core_i/id_stage_i/register_file_i/mem_reg[27][10]
         core_i/id_stage_i/register_file_i/mem_reg[27][9]
         core_i/id_stage_i/register_file_i/mem_reg[27][8]
         core_i/id_stage_i/register_file_i/mem_reg[27][7]
         core_i/id_stage_i/register_file_i/mem_reg[27][6]
         core_i/id_stage_i/register_file_i/mem_reg[27][5]
         core_i/id_stage_i/register_file_i/mem_reg[27][4]
         core_i/id_stage_i/register_file_i/mem_reg[27][3]
         core_i/id_stage_i/register_file_i/mem_reg[27][2]
         core_i/id_stage_i/register_file_i/mem_reg[27][1]
         core_i/id_stage_i/register_file_i/mem_reg[27][0]
         core_i/id_stage_i/register_file_i/mem_reg[29][17]
         core_i/id_stage_i/register_file_i/mem_reg[29][16]
         core_i/id_stage_i/register_file_i/mem_reg[29][15]
         core_i/id_stage_i/register_file_i/mem_reg[29][14]
         core_i/id_stage_i/register_file_i/mem_reg[29][13]
         core_i/id_stage_i/register_file_i/mem_reg[29][12]
         core_i/id_stage_i/register_file_i/mem_reg[29][11]
         core_i/id_stage_i/register_file_i/mem_reg[29][10]
         core_i/id_stage_i/register_file_i/mem_reg[29][9]
         core_i/id_stage_i/register_file_i/mem_reg[29][8]
         core_i/id_stage_i/register_file_i/mem_reg[29][7]
         core_i/id_stage_i/register_file_i/mem_reg[29][6]
         core_i/id_stage_i/register_file_i/mem_reg[29][5]
         core_i/id_stage_i/register_file_i/mem_reg[29][4]
         core_i/id_stage_i/register_file_i/mem_reg[29][3]
         core_i/id_stage_i/register_file_i/mem_reg[29][2]
         core_i/id_stage_i/register_file_i/mem_reg[29][1]
         core_i/id_stage_i/register_file_i/mem_reg[29][0]
         core_i/id_stage_i/register_file_i/mem_reg[31][17]
         core_i/id_stage_i/register_file_i/mem_reg[31][16]
         core_i/id_stage_i/register_file_i/mem_reg[31][15]
         core_i/id_stage_i/register_file_i/mem_reg[31][14]
         core_i/id_stage_i/register_file_i/mem_reg[31][13]
         core_i/id_stage_i/register_file_i/mem_reg[31][12]
         core_i/id_stage_i/register_file_i/mem_reg[31][11]
         core_i/id_stage_i/register_file_i/mem_reg[31][10]
         core_i/id_stage_i/register_file_i/mem_reg[31][9]
         core_i/id_stage_i/register_file_i/mem_reg[31][8]
         core_i/id_stage_i/register_file_i/mem_reg[31][7]
         core_i/id_stage_i/register_file_i/mem_reg[31][6]
         core_i/id_stage_i/register_file_i/mem_reg[31][5]
         core_i/id_stage_i/register_file_i/mem_reg[31][4]
         core_i/id_stage_i/register_file_i/mem_reg[31][3]
         core_i/id_stage_i/register_file_i/mem_reg[31][2]
         core_i/id_stage_i/register_file_i/mem_reg[31][1]
         core_i/id_stage_i/register_file_i/mem_reg[31][0]
         core_i/id_stage_i/register_file_i/mem_reg[2][17]
         core_i/id_stage_i/register_file_i/mem_reg[2][16]
         core_i/id_stage_i/register_file_i/mem_reg[2][15]
         core_i/id_stage_i/register_file_i/mem_reg[2][14]
         core_i/id_stage_i/register_file_i/mem_reg[2][13]
         core_i/id_stage_i/register_file_i/mem_reg[2][12]
         core_i/id_stage_i/register_file_i/mem_reg[2][11]
         core_i/id_stage_i/register_file_i/mem_reg[2][10]
         core_i/id_stage_i/register_file_i/mem_reg[2][9]
         core_i/id_stage_i/register_file_i/mem_reg[2][8]
         core_i/id_stage_i/register_file_i/mem_reg[2][7]
         core_i/id_stage_i/register_file_i/mem_reg[2][6]
         core_i/id_stage_i/register_file_i/mem_reg[2][5]
         core_i/id_stage_i/register_file_i/mem_reg[2][4]
         core_i/id_stage_i/register_file_i/mem_reg[2][3]
         core_i/id_stage_i/register_file_i/mem_reg[2][2]
         core_i/id_stage_i/register_file_i/mem_reg[2][1]
         core_i/id_stage_i/register_file_i/mem_reg[2][0]
         core_i/id_stage_i/register_file_i/mem_reg[4][17]
         core_i/id_stage_i/register_file_i/mem_reg[4][16]
         core_i/id_stage_i/register_file_i/mem_reg[4][15]
         core_i/id_stage_i/register_file_i/mem_reg[4][14]
         core_i/id_stage_i/register_file_i/mem_reg[4][13]
         core_i/id_stage_i/register_file_i/mem_reg[4][12]
         core_i/id_stage_i/register_file_i/mem_reg[4][11]
         core_i/id_stage_i/register_file_i/mem_reg[4][10]
         core_i/id_stage_i/register_file_i/mem_reg[4][9]
         core_i/id_stage_i/register_file_i/mem_reg[4][8]
         core_i/id_stage_i/register_file_i/mem_reg[4][7]
         core_i/id_stage_i/register_file_i/mem_reg[4][6]
         core_i/id_stage_i/register_file_i/mem_reg[4][5]
         core_i/id_stage_i/register_file_i/mem_reg[4][4]
         core_i/id_stage_i/register_file_i/mem_reg[4][3]
         core_i/id_stage_i/register_file_i/mem_reg[4][2]
         core_i/id_stage_i/register_file_i/mem_reg[4][1]
         core_i/id_stage_i/register_file_i/mem_reg[4][0]
         core_i/id_stage_i/register_file_i/mem_reg[6][17]
         core_i/id_stage_i/register_file_i/mem_reg[6][16]
         core_i/id_stage_i/register_file_i/mem_reg[6][15]
         core_i/id_stage_i/register_file_i/mem_reg[6][14]
         core_i/id_stage_i/register_file_i/mem_reg[6][13]
         core_i/id_stage_i/register_file_i/mem_reg[6][12]
         core_i/id_stage_i/register_file_i/mem_reg[6][11]
         core_i/id_stage_i/register_file_i/mem_reg[6][10]
         core_i/id_stage_i/register_file_i/mem_reg[6][9]
         core_i/id_stage_i/register_file_i/mem_reg[6][8]
         core_i/id_stage_i/register_file_i/mem_reg[6][7]
         core_i/id_stage_i/register_file_i/mem_reg[6][6]
         core_i/id_stage_i/register_file_i/mem_reg[6][5]
         core_i/id_stage_i/register_file_i/mem_reg[6][4]
         core_i/id_stage_i/register_file_i/mem_reg[6][3]
         core_i/id_stage_i/register_file_i/mem_reg[6][2]
         core_i/id_stage_i/register_file_i/mem_reg[6][1]
         core_i/id_stage_i/register_file_i/mem_reg[6][0]
         core_i/id_stage_i/register_file_i/mem_reg[8][17]
         core_i/id_stage_i/register_file_i/mem_reg[8][16]
         core_i/id_stage_i/register_file_i/mem_reg[8][15]
         core_i/id_stage_i/register_file_i/mem_reg[8][14]
         core_i/id_stage_i/register_file_i/mem_reg[8][13]
         core_i/id_stage_i/register_file_i/mem_reg[8][12]
         core_i/id_stage_i/register_file_i/mem_reg[8][11]
         core_i/id_stage_i/register_file_i/mem_reg[8][10]
         core_i/id_stage_i/register_file_i/mem_reg[8][9]
         core_i/id_stage_i/register_file_i/mem_reg[8][8]
         core_i/id_stage_i/register_file_i/mem_reg[8][7]
         core_i/id_stage_i/register_file_i/mem_reg[8][6]
         core_i/id_stage_i/register_file_i/mem_reg[8][5]
         core_i/id_stage_i/register_file_i/mem_reg[8][4]
         core_i/id_stage_i/register_file_i/mem_reg[8][3]
         core_i/id_stage_i/register_file_i/mem_reg[8][2]
         core_i/id_stage_i/register_file_i/mem_reg[8][1]
         core_i/id_stage_i/register_file_i/mem_reg[8][0]
         core_i/id_stage_i/register_file_i/mem_reg[10][17]
         core_i/id_stage_i/register_file_i/mem_reg[10][16]
         core_i/id_stage_i/register_file_i/mem_reg[10][15]
         core_i/id_stage_i/register_file_i/mem_reg[10][14]
         core_i/id_stage_i/register_file_i/mem_reg[10][13]
         core_i/id_stage_i/register_file_i/mem_reg[10][12]
         core_i/id_stage_i/register_file_i/mem_reg[10][11]
         core_i/id_stage_i/register_file_i/mem_reg[10][10]
         core_i/id_stage_i/register_file_i/mem_reg[10][9]
         core_i/id_stage_i/register_file_i/mem_reg[10][8]
         core_i/id_stage_i/register_file_i/mem_reg[10][7]
         core_i/id_stage_i/register_file_i/mem_reg[10][6]
         core_i/id_stage_i/register_file_i/mem_reg[10][5]
         core_i/id_stage_i/register_file_i/mem_reg[10][4]
         core_i/id_stage_i/register_file_i/mem_reg[10][3]
         core_i/id_stage_i/register_file_i/mem_reg[10][2]
         core_i/id_stage_i/register_file_i/mem_reg[10][1]
         core_i/id_stage_i/register_file_i/mem_reg[10][0]
         core_i/id_stage_i/register_file_i/mem_reg[12][17]
         core_i/id_stage_i/register_file_i/mem_reg[12][16]
         core_i/id_stage_i/register_file_i/mem_reg[12][15]
         core_i/id_stage_i/register_file_i/mem_reg[12][14]
         core_i/id_stage_i/register_file_i/mem_reg[12][13]
         core_i/id_stage_i/register_file_i/mem_reg[12][12]
         core_i/id_stage_i/register_file_i/mem_reg[12][11]
         core_i/id_stage_i/register_file_i/mem_reg[12][10]
         core_i/id_stage_i/register_file_i/mem_reg[12][9]
         core_i/id_stage_i/register_file_i/mem_reg[12][8]
         core_i/id_stage_i/register_file_i/mem_reg[12][7]
         core_i/id_stage_i/register_file_i/mem_reg[12][6]
         core_i/id_stage_i/register_file_i/mem_reg[12][5]
         core_i/id_stage_i/register_file_i/mem_reg[12][4]
         core_i/id_stage_i/register_file_i/mem_reg[12][3]
         core_i/id_stage_i/register_file_i/mem_reg[12][2]
         core_i/id_stage_i/register_file_i/mem_reg[12][1]
         core_i/id_stage_i/register_file_i/mem_reg[12][0]
         core_i/id_stage_i/register_file_i/mem_reg[14][17]
         core_i/id_stage_i/register_file_i/mem_reg[14][16]
         core_i/id_stage_i/register_file_i/mem_reg[14][15]
         core_i/id_stage_i/register_file_i/mem_reg[14][14]
         core_i/id_stage_i/register_file_i/mem_reg[14][13]
         core_i/id_stage_i/register_file_i/mem_reg[14][12]
         core_i/id_stage_i/register_file_i/mem_reg[14][11]
         core_i/id_stage_i/register_file_i/mem_reg[14][10]
         core_i/id_stage_i/register_file_i/mem_reg[14][9]
         core_i/id_stage_i/register_file_i/mem_reg[14][8]
         core_i/id_stage_i/register_file_i/mem_reg[14][7]
         core_i/id_stage_i/register_file_i/mem_reg[14][6]
         core_i/id_stage_i/register_file_i/mem_reg[14][5]
         core_i/id_stage_i/register_file_i/mem_reg[14][4]
         core_i/id_stage_i/register_file_i/mem_reg[14][3]
         core_i/id_stage_i/register_file_i/mem_reg[14][2]
         core_i/id_stage_i/register_file_i/mem_reg[14][1]
         core_i/id_stage_i/register_file_i/mem_reg[14][0]
         core_i/id_stage_i/register_file_i/mem_reg[16][17]
         core_i/id_stage_i/register_file_i/mem_reg[16][16]
         core_i/id_stage_i/register_file_i/mem_reg[16][15]
         core_i/id_stage_i/register_file_i/mem_reg[16][14]
         core_i/id_stage_i/register_file_i/mem_reg[16][13]
         core_i/id_stage_i/register_file_i/mem_reg[16][12]
         core_i/id_stage_i/register_file_i/mem_reg[16][11]
         core_i/id_stage_i/register_file_i/mem_reg[16][10]
         core_i/id_stage_i/register_file_i/mem_reg[16][9]
         core_i/id_stage_i/register_file_i/mem_reg[16][8]
         core_i/id_stage_i/register_file_i/mem_reg[16][7]
         core_i/id_stage_i/register_file_i/mem_reg[16][6]
         core_i/id_stage_i/register_file_i/mem_reg[16][5]
         core_i/id_stage_i/register_file_i/mem_reg[16][4]
         core_i/id_stage_i/register_file_i/mem_reg[16][3]
         core_i/id_stage_i/register_file_i/mem_reg[16][2]
         core_i/id_stage_i/register_file_i/mem_reg[16][1]
         core_i/id_stage_i/register_file_i/mem_reg[16][0]
         core_i/id_stage_i/register_file_i/mem_reg[18][17]
         core_i/id_stage_i/register_file_i/mem_reg[18][16]
         core_i/id_stage_i/register_file_i/mem_reg[18][15]
         core_i/id_stage_i/register_file_i/mem_reg[18][14]
         core_i/id_stage_i/register_file_i/mem_reg[18][13]
         core_i/id_stage_i/register_file_i/mem_reg[18][12]
         core_i/id_stage_i/register_file_i/mem_reg[18][11]
         core_i/id_stage_i/register_file_i/mem_reg[18][10]
         core_i/id_stage_i/register_file_i/mem_reg[18][9]
         core_i/id_stage_i/register_file_i/mem_reg[18][8]
         core_i/id_stage_i/register_file_i/mem_reg[18][7]
         core_i/id_stage_i/register_file_i/mem_reg[18][6]
         core_i/id_stage_i/register_file_i/mem_reg[18][5]
         core_i/id_stage_i/register_file_i/mem_reg[18][4]
         core_i/id_stage_i/register_file_i/mem_reg[18][3]
         core_i/id_stage_i/register_file_i/mem_reg[18][2]
         core_i/id_stage_i/register_file_i/mem_reg[18][1]
         core_i/id_stage_i/register_file_i/mem_reg[18][0]
         core_i/id_stage_i/register_file_i/mem_reg[20][17]
         core_i/id_stage_i/register_file_i/mem_reg[20][16]
         core_i/id_stage_i/register_file_i/mem_reg[20][15]
         core_i/id_stage_i/register_file_i/mem_reg[20][14]
         core_i/id_stage_i/register_file_i/mem_reg[20][13]
         core_i/id_stage_i/register_file_i/mem_reg[20][12]
         core_i/id_stage_i/register_file_i/mem_reg[20][11]
         core_i/id_stage_i/register_file_i/mem_reg[20][10]
         core_i/id_stage_i/register_file_i/mem_reg[20][9]
         core_i/id_stage_i/register_file_i/mem_reg[20][8]
         core_i/id_stage_i/register_file_i/mem_reg[20][7]
         core_i/id_stage_i/register_file_i/mem_reg[20][6]
         core_i/id_stage_i/register_file_i/mem_reg[20][5]
         core_i/id_stage_i/register_file_i/mem_reg[20][4]
         core_i/id_stage_i/register_file_i/mem_reg[20][3]
         core_i/id_stage_i/register_file_i/mem_reg[20][2]
         core_i/id_stage_i/register_file_i/mem_reg[20][1]
         core_i/id_stage_i/register_file_i/mem_reg[20][0]
         core_i/id_stage_i/register_file_i/mem_reg[22][17]
         core_i/id_stage_i/register_file_i/mem_reg[22][16]
         core_i/id_stage_i/register_file_i/mem_reg[22][15]
         core_i/id_stage_i/register_file_i/mem_reg[22][14]
         core_i/id_stage_i/register_file_i/mem_reg[22][13]
         core_i/id_stage_i/register_file_i/mem_reg[22][12]
         core_i/id_stage_i/register_file_i/mem_reg[22][11]
         core_i/id_stage_i/register_file_i/mem_reg[22][10]
         core_i/id_stage_i/register_file_i/mem_reg[22][9]
         core_i/id_stage_i/register_file_i/mem_reg[22][8]
         core_i/id_stage_i/register_file_i/mem_reg[22][7]
         core_i/id_stage_i/register_file_i/mem_reg[22][6]
         core_i/id_stage_i/register_file_i/mem_reg[22][5]
         core_i/id_stage_i/register_file_i/mem_reg[22][4]
         core_i/id_stage_i/register_file_i/mem_reg[22][3]
         core_i/id_stage_i/register_file_i/mem_reg[22][2]
         core_i/id_stage_i/register_file_i/mem_reg[22][1]
         core_i/id_stage_i/register_file_i/mem_reg[22][0]
         core_i/id_stage_i/register_file_i/mem_reg[24][17]
         core_i/id_stage_i/register_file_i/mem_reg[24][16]
         core_i/id_stage_i/register_file_i/mem_reg[24][15]
         core_i/id_stage_i/register_file_i/mem_reg[24][14]
         core_i/id_stage_i/register_file_i/mem_reg[24][13]
         core_i/id_stage_i/register_file_i/mem_reg[24][12]
         core_i/id_stage_i/register_file_i/mem_reg[24][11]
         core_i/id_stage_i/register_file_i/mem_reg[24][10]
         core_i/id_stage_i/register_file_i/mem_reg[24][9]
         core_i/id_stage_i/register_file_i/mem_reg[24][8]
         core_i/id_stage_i/register_file_i/mem_reg[24][7]
         core_i/id_stage_i/register_file_i/mem_reg[24][6]
         core_i/id_stage_i/register_file_i/mem_reg[24][5]
         core_i/id_stage_i/register_file_i/mem_reg[24][4]
         core_i/id_stage_i/register_file_i/mem_reg[24][3]
         core_i/id_stage_i/register_file_i/mem_reg[24][2]
         core_i/id_stage_i/register_file_i/mem_reg[24][1]
         core_i/id_stage_i/register_file_i/mem_reg[24][0]
         core_i/id_stage_i/register_file_i/mem_reg[26][17]
         core_i/id_stage_i/register_file_i/mem_reg[26][16]
         core_i/id_stage_i/register_file_i/mem_reg[26][15]
         core_i/id_stage_i/register_file_i/mem_reg[26][14]
         core_i/id_stage_i/register_file_i/mem_reg[26][13]
         core_i/id_stage_i/register_file_i/mem_reg[26][12]
         core_i/id_stage_i/register_file_i/mem_reg[26][11]
         core_i/id_stage_i/register_file_i/mem_reg[26][10]
         core_i/id_stage_i/register_file_i/mem_reg[26][9]
         core_i/id_stage_i/register_file_i/mem_reg[26][8]
         core_i/id_stage_i/register_file_i/mem_reg[26][7]
         core_i/id_stage_i/register_file_i/mem_reg[26][6]
         core_i/id_stage_i/register_file_i/mem_reg[26][5]
         core_i/id_stage_i/register_file_i/mem_reg[26][4]
         core_i/id_stage_i/register_file_i/mem_reg[26][3]
         core_i/id_stage_i/register_file_i/mem_reg[26][2]
         core_i/id_stage_i/register_file_i/mem_reg[26][1]
         core_i/id_stage_i/register_file_i/mem_reg[26][0]
         core_i/id_stage_i/register_file_i/mem_reg[28][17]
         core_i/id_stage_i/register_file_i/mem_reg[28][16]
         core_i/id_stage_i/register_file_i/mem_reg[28][15]
         core_i/id_stage_i/register_file_i/mem_reg[28][14]
         core_i/id_stage_i/register_file_i/mem_reg[28][13]
         core_i/id_stage_i/register_file_i/mem_reg[28][12]
         core_i/id_stage_i/register_file_i/mem_reg[28][11]
         core_i/id_stage_i/register_file_i/mem_reg[28][10]
         core_i/id_stage_i/register_file_i/mem_reg[28][9]
         core_i/id_stage_i/register_file_i/mem_reg[28][8]
         core_i/id_stage_i/register_file_i/mem_reg[28][7]
         core_i/id_stage_i/register_file_i/mem_reg[28][6]
         core_i/id_stage_i/register_file_i/mem_reg[28][5]
         core_i/id_stage_i/register_file_i/mem_reg[28][4]
         core_i/id_stage_i/register_file_i/mem_reg[28][3]
         core_i/id_stage_i/register_file_i/mem_reg[28][2]
         core_i/id_stage_i/register_file_i/mem_reg[28][1]
         core_i/id_stage_i/register_file_i/mem_reg[28][0]
         core_i/id_stage_i/register_file_i/mem_reg[30][17]
         core_i/id_stage_i/register_file_i/mem_reg[30][16]
         core_i/id_stage_i/register_file_i/mem_reg[30][15]
         core_i/id_stage_i/register_file_i/mem_reg[30][14]
         core_i/id_stage_i/register_file_i/mem_reg[30][13]
         core_i/id_stage_i/register_file_i/mem_reg[30][12]
         core_i/id_stage_i/register_file_i/mem_reg[30][11]
         core_i/id_stage_i/register_file_i/mem_reg[30][10]
         core_i/id_stage_i/register_file_i/mem_reg[30][9]
         core_i/id_stage_i/register_file_i/mem_reg[30][8]
         core_i/id_stage_i/register_file_i/mem_reg[30][7]
         core_i/id_stage_i/register_file_i/mem_reg[30][6]
         core_i/id_stage_i/register_file_i/mem_reg[30][5]
         core_i/id_stage_i/register_file_i/mem_reg[30][4]
         core_i/id_stage_i/register_file_i/mem_reg[30][3]
         core_i/id_stage_i/register_file_i/mem_reg[30][2]
         core_i/id_stage_i/register_file_i/mem_reg[30][1]
         core_i/id_stage_i/register_file_i/mem_reg[30][0]
         core_i/id_stage_i/register_file_i/mem_reg[1][17]
         core_i/id_stage_i/register_file_i/mem_reg[1][16]
         core_i/id_stage_i/register_file_i/mem_reg[1][15]
         core_i/id_stage_i/register_file_i/mem_reg[1][14]
         core_i/id_stage_i/register_file_i/mem_reg[1][13]
         core_i/id_stage_i/register_file_i/mem_reg[1][12]
         core_i/id_stage_i/register_file_i/mem_reg[1][11]
         core_i/id_stage_i/register_file_i/mem_reg[1][10]
         core_i/id_stage_i/register_file_i/mem_reg[1][9]
         core_i/id_stage_i/register_file_i/mem_reg[1][8]
         core_i/id_stage_i/register_file_i/mem_reg[1][7]
         core_i/id_stage_i/register_file_i/mem_reg[1][6]
         core_i/id_stage_i/register_file_i/mem_reg[1][5]
         core_i/id_stage_i/register_file_i/mem_reg[1][4]
         core_i/id_stage_i/register_file_i/mem_reg[1][3]
         core_i/id_stage_i/register_file_i/mem_reg[1][2]
         core_i/id_stage_i/register_file_i/mem_reg[1][1]
         core_i/id_stage_i/register_file_i/mem_reg[1][0]
         core_i/id_stage_i/controller_i/debug_fsm_cs_reg[0]
         core_i/id_stage_i/controller_i/debug_force_wakeup_q_reg
         core_i/id_stage_i/controller_i/debug_req_entry_q_reg
         core_i/id_stage_i/controller_i/jump_done_q_reg
         core_i/id_stage_i/controller_i/debug_fsm_cs_reg[1]
         core_i/id_stage_i/controller_i/debug_fsm_cs_reg[2]
         core_i/id_stage_i/controller_i/ctrl_fsm_cs_reg[4]
         core_i/id_stage_i/controller_i/debug_req_q_reg
         core_i/id_stage_i/controller_i/data_err_q_reg
         core_i/id_stage_i/controller_i/illegal_insn_q_reg
         core_i/id_stage_i/controller_i/ctrl_fsm_cs_reg[3]
         core_i/id_stage_i/controller_i/debug_mode_q_reg
         core_i/id_stage_i/controller_i/ctrl_fsm_cs_reg[1]
         core_i/id_stage_i/controller_i/ctrl_fsm_cs_reg[0]
         core_i/id_stage_i/controller_i/ctrl_fsm_cs_reg[2]
         core_i/id_stage_i/int_controller_i/irq_sec_q_reg
         core_i/id_stage_i/int_controller_i/irq_q_reg[27]
         core_i/id_stage_i/int_controller_i/irq_q_reg[11]
         core_i/id_stage_i/int_controller_i/irq_q_reg[28]
         core_i/id_stage_i/int_controller_i/irq_q_reg[25]
         core_i/id_stage_i/int_controller_i/irq_q_reg[23]
         core_i/id_stage_i/int_controller_i/irq_q_reg[22]
         core_i/id_stage_i/int_controller_i/irq_q_reg[21]
         core_i/id_stage_i/int_controller_i/irq_q_reg[20]
         core_i/id_stage_i/int_controller_i/irq_q_reg[19]
         core_i/id_stage_i/int_controller_i/irq_q_reg[3]
         core_i/id_stage_i/int_controller_i/irq_q_reg[30]
         core_i/id_stage_i/int_controller_i/irq_q_reg[31]
         core_i/id_stage_i/int_controller_i/irq_q_reg[29]
         core_i/id_stage_i/int_controller_i/irq_q_reg[26]
         core_i/id_stage_i/int_controller_i/irq_q_reg[24]
         core_i/id_stage_i/int_controller_i/irq_q_reg[18]
         core_i/id_stage_i/int_controller_i/irq_q_reg[17]
         core_i/id_stage_i/int_controller_i/irq_q_reg[16]
         core_i/id_stage_i/int_controller_i/irq_q_reg[7]
         core_i/ex_stage_i/mult_i/mulh_carry_q_reg
         core_i/ex_stage_i/mult_i/mulh_CS_reg[2]
         core_i/ex_stage_i/mult_i/mulh_CS_reg[0]
         core_i/ex_stage_i/mult_i/mulh_CS_reg[1]
         core_i/if_stage_i/prefetch_buffer_i/prefetch_controller_i/flush_cnt_q_reg[1]
         core_i/if_stage_i/prefetch_buffer_i/prefetch_controller_i/state_q_reg
         core_i/if_stage_i/prefetch_buffer_i/prefetch_controller_i/trans_addr_q_reg[0]
         core_i/if_stage_i/prefetch_buffer_i/prefetch_controller_i/trans_addr_q_reg[1]
         core_i/if_stage_i/prefetch_buffer_i/prefetch_controller_i/trans_addr_q_reg[31]
         core_i/if_stage_i/prefetch_buffer_i/prefetch_controller_i/cnt_q_reg[1]
         core_i/if_stage_i/prefetch_buffer_i/prefetch_controller_i/flush_cnt_q_reg[0]
         core_i/if_stage_i/prefetch_buffer_i/prefetch_controller_i/trans_addr_q_reg[16]
         core_i/if_stage_i/prefetch_buffer_i/prefetch_controller_i/trans_addr_q_reg[17]
         core_i/if_stage_i/prefetch_buffer_i/prefetch_controller_i/trans_addr_q_reg[18]
         core_i/if_stage_i/prefetch_buffer_i/prefetch_controller_i/trans_addr_q_reg[19]
         core_i/if_stage_i/prefetch_buffer_i/prefetch_controller_i/trans_addr_q_reg[20]
         core_i/if_stage_i/prefetch_buffer_i/prefetch_controller_i/trans_addr_q_reg[21]
         core_i/if_stage_i/prefetch_buffer_i/prefetch_controller_i/trans_addr_q_reg[22]
         core_i/if_stage_i/prefetch_buffer_i/prefetch_controller_i/trans_addr_q_reg[23]
         core_i/if_stage_i/prefetch_buffer_i/prefetch_controller_i/trans_addr_q_reg[24]
         core_i/if_stage_i/prefetch_buffer_i/prefetch_controller_i/trans_addr_q_reg[25]
         core_i/if_stage_i/prefetch_buffer_i/prefetch_controller_i/trans_addr_q_reg[26]
         core_i/if_stage_i/prefetch_buffer_i/prefetch_controller_i/trans_addr_q_reg[27]
         core_i/if_stage_i/prefetch_buffer_i/prefetch_controller_i/trans_addr_q_reg[28]
         core_i/if_stage_i/prefetch_buffer_i/prefetch_controller_i/trans_addr_q_reg[29]
         core_i/if_stage_i/prefetch_buffer_i/prefetch_controller_i/trans_addr_q_reg[30]
         core_i/if_stage_i/prefetch_buffer_i/prefetch_controller_i/cnt_q_reg[0]
         core_i/if_stage_i/prefetch_buffer_i/prefetch_controller_i/trans_addr_q_reg[3]
         core_i/if_stage_i/prefetch_buffer_i/prefetch_controller_i/trans_addr_q_reg[4]
         core_i/if_stage_i/prefetch_buffer_i/prefetch_controller_i/trans_addr_q_reg[5]
         core_i/if_stage_i/prefetch_buffer_i/prefetch_controller_i/trans_addr_q_reg[6]
         core_i/if_stage_i/prefetch_buffer_i/prefetch_controller_i/trans_addr_q_reg[7]
         core_i/if_stage_i/prefetch_buffer_i/prefetch_controller_i/trans_addr_q_reg[8]
         core_i/if_stage_i/prefetch_buffer_i/prefetch_controller_i/trans_addr_q_reg[9]
         core_i/if_stage_i/prefetch_buffer_i/prefetch_controller_i/trans_addr_q_reg[10]
         core_i/if_stage_i/prefetch_buffer_i/prefetch_controller_i/trans_addr_q_reg[11]
         core_i/if_stage_i/prefetch_buffer_i/prefetch_controller_i/trans_addr_q_reg[12]
         core_i/if_stage_i/prefetch_buffer_i/prefetch_controller_i/trans_addr_q_reg[13]
         core_i/if_stage_i/prefetch_buffer_i/prefetch_controller_i/trans_addr_q_reg[14]
         core_i/if_stage_i/prefetch_buffer_i/prefetch_controller_i/trans_addr_q_reg[15]
         core_i/if_stage_i/prefetch_buffer_i/prefetch_controller_i/trans_addr_q_reg[2]
         core_i/if_stage_i/prefetch_buffer_i/fifo_i/mem_q_reg[1][31]
         core_i/if_stage_i/prefetch_buffer_i/fifo_i/mem_q_reg[1][30]
         core_i/if_stage_i/prefetch_buffer_i/fifo_i/mem_q_reg[1][29]
         core_i/if_stage_i/prefetch_buffer_i/fifo_i/mem_q_reg[1][28]
         core_i/if_stage_i/prefetch_buffer_i/fifo_i/mem_q_reg[1][27]
         core_i/if_stage_i/prefetch_buffer_i/fifo_i/mem_q_reg[1][26]
         core_i/if_stage_i/prefetch_buffer_i/fifo_i/mem_q_reg[1][25]
         core_i/if_stage_i/prefetch_buffer_i/fifo_i/mem_q_reg[1][24]
         core_i/if_stage_i/prefetch_buffer_i/fifo_i/mem_q_reg[1][23]
         core_i/if_stage_i/prefetch_buffer_i/fifo_i/mem_q_reg[1][22]
         core_i/if_stage_i/prefetch_buffer_i/fifo_i/mem_q_reg[1][21]
         core_i/if_stage_i/prefetch_buffer_i/fifo_i/mem_q_reg[1][20]
         core_i/if_stage_i/prefetch_buffer_i/fifo_i/mem_q_reg[1][19]
         core_i/if_stage_i/prefetch_buffer_i/fifo_i/mem_q_reg[1][18]
         core_i/if_stage_i/prefetch_buffer_i/fifo_i/mem_q_reg[1][17]
         core_i/if_stage_i/prefetch_buffer_i/fifo_i/mem_q_reg[1][16]
         core_i/if_stage_i/prefetch_buffer_i/fifo_i/mem_q_reg[1][15]
         core_i/if_stage_i/prefetch_buffer_i/fifo_i/mem_q_reg[1][14]
         core_i/if_stage_i/prefetch_buffer_i/fifo_i/mem_q_reg[1][13]
         core_i/if_stage_i/prefetch_buffer_i/fifo_i/mem_q_reg[1][12]
         core_i/if_stage_i/prefetch_buffer_i/fifo_i/mem_q_reg[1][11]
         core_i/if_stage_i/prefetch_buffer_i/fifo_i/mem_q_reg[1][10]
         core_i/if_stage_i/prefetch_buffer_i/fifo_i/mem_q_reg[1][9]
         core_i/if_stage_i/prefetch_buffer_i/fifo_i/mem_q_reg[1][8]
         core_i/if_stage_i/prefetch_buffer_i/fifo_i/mem_q_reg[1][7]
         core_i/if_stage_i/prefetch_buffer_i/fifo_i/mem_q_reg[1][6]
         core_i/if_stage_i/prefetch_buffer_i/fifo_i/mem_q_reg[1][5]
         core_i/if_stage_i/prefetch_buffer_i/fifo_i/mem_q_reg[1][4]
         core_i/if_stage_i/prefetch_buffer_i/fifo_i/mem_q_reg[1][3]
         core_i/if_stage_i/prefetch_buffer_i/fifo_i/mem_q_reg[1][2]
         core_i/if_stage_i/prefetch_buffer_i/fifo_i/mem_q_reg[1][1]
         core_i/if_stage_i/prefetch_buffer_i/fifo_i/mem_q_reg[1][0]
         core_i/if_stage_i/prefetch_buffer_i/fifo_i/mem_q_reg[0][31]
         core_i/if_stage_i/prefetch_buffer_i/fifo_i/mem_q_reg[0][30]
         core_i/if_stage_i/prefetch_buffer_i/fifo_i/mem_q_reg[0][29]
         core_i/if_stage_i/prefetch_buffer_i/fifo_i/mem_q_reg[0][28]
         core_i/if_stage_i/prefetch_buffer_i/fifo_i/mem_q_reg[0][27]
         core_i/if_stage_i/prefetch_buffer_i/fifo_i/mem_q_reg[0][26]
         core_i/if_stage_i/prefetch_buffer_i/fifo_i/mem_q_reg[0][25]
         core_i/if_stage_i/prefetch_buffer_i/fifo_i/mem_q_reg[0][24]
         core_i/if_stage_i/prefetch_buffer_i/fifo_i/mem_q_reg[0][23]
         core_i/if_stage_i/prefetch_buffer_i/fifo_i/mem_q_reg[0][22]
         core_i/if_stage_i/prefetch_buffer_i/fifo_i/mem_q_reg[0][21]
         core_i/if_stage_i/prefetch_buffer_i/fifo_i/mem_q_reg[0][20]
         core_i/if_stage_i/prefetch_buffer_i/fifo_i/mem_q_reg[0][19]
         core_i/if_stage_i/prefetch_buffer_i/fifo_i/mem_q_reg[0][18]
         core_i/if_stage_i/prefetch_buffer_i/fifo_i/mem_q_reg[0][17]
         core_i/if_stage_i/prefetch_buffer_i/fifo_i/mem_q_reg[0][16]
         core_i/if_stage_i/prefetch_buffer_i/fifo_i/mem_q_reg[0][15]
         core_i/if_stage_i/prefetch_buffer_i/fifo_i/mem_q_reg[0][14]
         core_i/if_stage_i/prefetch_buffer_i/fifo_i/mem_q_reg[0][13]
         core_i/if_stage_i/prefetch_buffer_i/fifo_i/mem_q_reg[0][12]
         core_i/if_stage_i/prefetch_buffer_i/fifo_i/mem_q_reg[0][11]
         core_i/if_stage_i/prefetch_buffer_i/fifo_i/mem_q_reg[0][10]
         core_i/if_stage_i/prefetch_buffer_i/fifo_i/mem_q_reg[0][9]
         core_i/if_stage_i/prefetch_buffer_i/fifo_i/mem_q_reg[0][8]
         core_i/if_stage_i/prefetch_buffer_i/fifo_i/mem_q_reg[0][7]
         core_i/if_stage_i/prefetch_buffer_i/fifo_i/mem_q_reg[0][6]
         core_i/if_stage_i/prefetch_buffer_i/fifo_i/mem_q_reg[0][5]
         core_i/if_stage_i/prefetch_buffer_i/fifo_i/mem_q_reg[0][4]
         core_i/if_stage_i/prefetch_buffer_i/fifo_i/mem_q_reg[0][3]
         core_i/if_stage_i/prefetch_buffer_i/fifo_i/mem_q_reg[0][2]
         core_i/if_stage_i/prefetch_buffer_i/fifo_i/mem_q_reg[0][1]
         core_i/if_stage_i/prefetch_buffer_i/fifo_i/mem_q_reg[0][0]
         core_i/if_stage_i/prefetch_buffer_i/fifo_i/write_pointer_q_reg[0]
         core_i/if_stage_i/prefetch_buffer_i/fifo_i/read_pointer_q_reg[0]
         core_i/if_stage_i/prefetch_buffer_i/fifo_i/status_cnt_q_reg[0]
         core_i/if_stage_i/prefetch_buffer_i/fifo_i/status_cnt_q_reg[1]
         core_i/if_stage_i/prefetch_buffer_i/instruction_obi_i/state_q_reg
         core_i/if_stage_i/prefetch_buffer_i/instruction_obi_i/gen_no_trans_stable.obi_atop_q_reg[5]
         core_i/if_stage_i/prefetch_buffer_i/instruction_obi_i/gen_no_trans_stable.obi_atop_q_reg[4]
         core_i/if_stage_i/prefetch_buffer_i/instruction_obi_i/gen_no_trans_stable.obi_atop_q_reg[3]
         core_i/if_stage_i/prefetch_buffer_i/instruction_obi_i/gen_no_trans_stable.obi_atop_q_reg[2]
         core_i/if_stage_i/prefetch_buffer_i/instruction_obi_i/gen_no_trans_stable.obi_atop_q_reg[1]
         core_i/if_stage_i/prefetch_buffer_i/instruction_obi_i/gen_no_trans_stable.obi_atop_q_reg[0]
         core_i/if_stage_i/prefetch_buffer_i/instruction_obi_i/gen_no_trans_stable.obi_addr_q_reg[31]
         core_i/if_stage_i/prefetch_buffer_i/instruction_obi_i/gen_no_trans_stable.obi_addr_q_reg[30]
         core_i/if_stage_i/prefetch_buffer_i/instruction_obi_i/gen_no_trans_stable.obi_addr_q_reg[29]
         core_i/if_stage_i/prefetch_buffer_i/instruction_obi_i/gen_no_trans_stable.obi_addr_q_reg[28]
         core_i/if_stage_i/prefetch_buffer_i/instruction_obi_i/gen_no_trans_stable.obi_addr_q_reg[27]
         core_i/if_stage_i/prefetch_buffer_i/instruction_obi_i/gen_no_trans_stable.obi_addr_q_reg[26]
         core_i/if_stage_i/prefetch_buffer_i/instruction_obi_i/gen_no_trans_stable.obi_addr_q_reg[25]
         core_i/if_stage_i/prefetch_buffer_i/instruction_obi_i/gen_no_trans_stable.obi_addr_q_reg[24]
         core_i/if_stage_i/prefetch_buffer_i/instruction_obi_i/gen_no_trans_stable.obi_addr_q_reg[23]
         core_i/if_stage_i/prefetch_buffer_i/instruction_obi_i/gen_no_trans_stable.obi_addr_q_reg[22]
         core_i/if_stage_i/prefetch_buffer_i/instruction_obi_i/gen_no_trans_stable.obi_addr_q_reg[21]
         core_i/if_stage_i/prefetch_buffer_i/instruction_obi_i/gen_no_trans_stable.obi_addr_q_reg[20]
         core_i/if_stage_i/prefetch_buffer_i/instruction_obi_i/gen_no_trans_stable.obi_addr_q_reg[19]
         core_i/if_stage_i/prefetch_buffer_i/instruction_obi_i/gen_no_trans_stable.obi_addr_q_reg[18]
         core_i/if_stage_i/prefetch_buffer_i/instruction_obi_i/gen_no_trans_stable.obi_addr_q_reg[17]
         core_i/if_stage_i/prefetch_buffer_i/instruction_obi_i/gen_no_trans_stable.obi_addr_q_reg[16]
         core_i/if_stage_i/prefetch_buffer_i/instruction_obi_i/gen_no_trans_stable.obi_addr_q_reg[15]
         core_i/if_stage_i/prefetch_buffer_i/instruction_obi_i/gen_no_trans_stable.obi_addr_q_reg[14]
         core_i/if_stage_i/prefetch_buffer_i/instruction_obi_i/gen_no_trans_stable.obi_addr_q_reg[13]
         core_i/if_stage_i/prefetch_buffer_i/instruction_obi_i/gen_no_trans_stable.obi_addr_q_reg[12]
         core_i/if_stage_i/prefetch_buffer_i/instruction_obi_i/gen_no_trans_stable.obi_addr_q_reg[11]
         core_i/if_stage_i/prefetch_buffer_i/instruction_obi_i/gen_no_trans_stable.obi_addr_q_reg[10]
         core_i/if_stage_i/prefetch_buffer_i/instruction_obi_i/gen_no_trans_stable.obi_addr_q_reg[9]
         core_i/if_stage_i/prefetch_buffer_i/instruction_obi_i/gen_no_trans_stable.obi_addr_q_reg[8]
         core_i/if_stage_i/prefetch_buffer_i/instruction_obi_i/gen_no_trans_stable.obi_addr_q_reg[7]
         core_i/if_stage_i/prefetch_buffer_i/instruction_obi_i/gen_no_trans_stable.obi_addr_q_reg[6]
         core_i/if_stage_i/prefetch_buffer_i/instruction_obi_i/gen_no_trans_stable.obi_addr_q_reg[5]
         core_i/if_stage_i/prefetch_buffer_i/instruction_obi_i/gen_no_trans_stable.obi_addr_q_reg[4]
         core_i/if_stage_i/prefetch_buffer_i/instruction_obi_i/gen_no_trans_stable.obi_addr_q_reg[3]
         core_i/if_stage_i/prefetch_buffer_i/instruction_obi_i/gen_no_trans_stable.obi_addr_q_reg[2]
         core_i/if_stage_i/prefetch_buffer_i/instruction_obi_i/gen_no_trans_stable.obi_addr_q_reg[1]
         core_i/if_stage_i/prefetch_buffer_i/instruction_obi_i/gen_no_trans_stable.obi_addr_q_reg[0]
         core_i/if_stage_i/prefetch_buffer_i/instruction_obi_i/gen_no_trans_stable.obi_we_q_reg
         core_i/if_stage_i/prefetch_buffer_i/instruction_obi_i/gen_no_trans_stable.obi_be_q_reg[3]
         core_i/if_stage_i/prefetch_buffer_i/instruction_obi_i/gen_no_trans_stable.obi_be_q_reg[2]
         core_i/if_stage_i/prefetch_buffer_i/instruction_obi_i/gen_no_trans_stable.obi_be_q_reg[1]
         core_i/if_stage_i/prefetch_buffer_i/instruction_obi_i/gen_no_trans_stable.obi_be_q_reg[0]
         core_i/if_stage_i/prefetch_buffer_i/instruction_obi_i/gen_no_trans_stable.obi_wdata_q_reg[31]
         core_i/if_stage_i/prefetch_buffer_i/instruction_obi_i/gen_no_trans_stable.obi_wdata_q_reg[30]
         core_i/if_stage_i/prefetch_buffer_i/instruction_obi_i/gen_no_trans_stable.obi_wdata_q_reg[29]
         core_i/if_stage_i/prefetch_buffer_i/instruction_obi_i/gen_no_trans_stable.obi_wdata_q_reg[28]
         core_i/if_stage_i/prefetch_buffer_i/instruction_obi_i/gen_no_trans_stable.obi_wdata_q_reg[27]
         core_i/if_stage_i/prefetch_buffer_i/instruction_obi_i/gen_no_trans_stable.obi_wdata_q_reg[26]
         core_i/if_stage_i/prefetch_buffer_i/instruction_obi_i/gen_no_trans_stable.obi_wdata_q_reg[25]
         core_i/if_stage_i/prefetch_buffer_i/instruction_obi_i/gen_no_trans_stable.obi_wdata_q_reg[24]
         core_i/if_stage_i/prefetch_buffer_i/instruction_obi_i/gen_no_trans_stable.obi_wdata_q_reg[23]
         core_i/if_stage_i/prefetch_buffer_i/instruction_obi_i/gen_no_trans_stable.obi_wdata_q_reg[22]
         core_i/if_stage_i/prefetch_buffer_i/instruction_obi_i/gen_no_trans_stable.obi_wdata_q_reg[21]
         core_i/if_stage_i/prefetch_buffer_i/instruction_obi_i/gen_no_trans_stable.obi_wdata_q_reg[20]
         core_i/if_stage_i/prefetch_buffer_i/instruction_obi_i/gen_no_trans_stable.obi_wdata_q_reg[19]
         core_i/if_stage_i/prefetch_buffer_i/instruction_obi_i/gen_no_trans_stable.obi_wdata_q_reg[18]
         core_i/if_stage_i/prefetch_buffer_i/instruction_obi_i/gen_no_trans_stable.obi_wdata_q_reg[17]
         core_i/if_stage_i/prefetch_buffer_i/instruction_obi_i/gen_no_trans_stable.obi_wdata_q_reg[16]
         core_i/if_stage_i/prefetch_buffer_i/instruction_obi_i/gen_no_trans_stable.obi_wdata_q_reg[15]
         core_i/if_stage_i/prefetch_buffer_i/instruction_obi_i/gen_no_trans_stable.obi_wdata_q_reg[14]
         core_i/if_stage_i/prefetch_buffer_i/instruction_obi_i/gen_no_trans_stable.obi_wdata_q_reg[13]
         core_i/if_stage_i/prefetch_buffer_i/instruction_obi_i/gen_no_trans_stable.obi_wdata_q_reg[12]
         core_i/if_stage_i/prefetch_buffer_i/instruction_obi_i/gen_no_trans_stable.obi_wdata_q_reg[11]
         core_i/if_stage_i/prefetch_buffer_i/instruction_obi_i/gen_no_trans_stable.obi_wdata_q_reg[10]
         core_i/if_stage_i/prefetch_buffer_i/instruction_obi_i/gen_no_trans_stable.obi_wdata_q_reg[9]
         core_i/if_stage_i/prefetch_buffer_i/instruction_obi_i/gen_no_trans_stable.obi_wdata_q_reg[8]
         core_i/if_stage_i/prefetch_buffer_i/instruction_obi_i/gen_no_trans_stable.obi_wdata_q_reg[7]
         core_i/if_stage_i/prefetch_buffer_i/instruction_obi_i/gen_no_trans_stable.obi_wdata_q_reg[6]
         core_i/if_stage_i/prefetch_buffer_i/instruction_obi_i/gen_no_trans_stable.obi_wdata_q_reg[5]
         core_i/if_stage_i/prefetch_buffer_i/instruction_obi_i/gen_no_trans_stable.obi_wdata_q_reg[4]
         core_i/if_stage_i/prefetch_buffer_i/instruction_obi_i/gen_no_trans_stable.obi_wdata_q_reg[3]
         core_i/if_stage_i/prefetch_buffer_i/instruction_obi_i/gen_no_trans_stable.obi_wdata_q_reg[2]
         core_i/if_stage_i/prefetch_buffer_i/instruction_obi_i/gen_no_trans_stable.obi_wdata_q_reg[1]
         core_i/if_stage_i/prefetch_buffer_i/instruction_obi_i/gen_no_trans_stable.obi_wdata_q_reg[0]
         core_i/ex_stage_i/alu_i/alu_div_i/Cnt_DP_reg[5]
         core_i/ex_stage_i/alu_i/alu_div_i/Cnt_DP_reg[3]
         core_i/ex_stage_i/alu_i/alu_div_i/ResInv_SP_reg
         core_i/ex_stage_i/alu_i/alu_div_i/Cnt_DP_reg[1]
         core_i/ex_stage_i/alu_i/alu_div_i/Cnt_DP_reg[4]
         core_i/ex_stage_i/alu_i/alu_div_i/Cnt_DP_reg[0]
         core_i/ex_stage_i/alu_i/alu_div_i/Cnt_DP_reg[2]
         core_i/ex_stage_i/alu_i/alu_div_i/CompInv_SP_reg
         core_i/ex_stage_i/alu_i/alu_div_i/ResReg_DP_reg[0]
         core_i/ex_stage_i/alu_i/alu_div_i/BReg_DP_reg[31]
         core_i/ex_stage_i/alu_i/alu_div_i/BReg_DP_reg[29]
         core_i/ex_stage_i/alu_i/alu_div_i/BReg_DP_reg[27]
         core_i/ex_stage_i/alu_i/alu_div_i/BReg_DP_reg[26]
         core_i/ex_stage_i/alu_i/alu_div_i/BReg_DP_reg[25]
         core_i/ex_stage_i/alu_i/alu_div_i/BReg_DP_reg[23]
         core_i/ex_stage_i/alu_i/alu_div_i/BReg_DP_reg[22]
         core_i/ex_stage_i/alu_i/alu_div_i/BReg_DP_reg[21]
         core_i/ex_stage_i/alu_i/alu_div_i/BReg_DP_reg[19]
         core_i/ex_stage_i/alu_i/alu_div_i/BReg_DP_reg[30]
         core_i/ex_stage_i/alu_i/alu_div_i/BReg_DP_reg[28]
         core_i/ex_stage_i/alu_i/alu_div_i/BReg_DP_reg[24]
         core_i/ex_stage_i/alu_i/alu_div_i/BReg_DP_reg[20]
         core_i/ex_stage_i/alu_i/alu_div_i/ResReg_DP_reg[7]
         core_i/ex_stage_i/alu_i/alu_div_i/ResReg_DP_reg[6]
         core_i/ex_stage_i/alu_i/alu_div_i/ResReg_DP_reg[5]
         core_i/ex_stage_i/alu_i/alu_div_i/ResReg_DP_reg[4]
         core_i/ex_stage_i/alu_i/alu_div_i/ResReg_DP_reg[3]
         core_i/ex_stage_i/alu_i/alu_div_i/ResReg_DP_reg[2]
         core_i/ex_stage_i/alu_i/alu_div_i/ResReg_DP_reg[1]
         core_i/ex_stage_i/alu_i/alu_div_i/AReg_DP_reg[25]
         core_i/ex_stage_i/alu_i/alu_div_i/AReg_DP_reg[30]
         core_i/ex_stage_i/alu_i/alu_div_i/AReg_DP_reg[28]
         core_i/ex_stage_i/alu_i/alu_div_i/AReg_DP_reg[24]
         core_i/ex_stage_i/alu_i/alu_div_i/AReg_DP_reg[27]
         core_i/ex_stage_i/alu_i/alu_div_i/AReg_DP_reg[26]
         core_i/ex_stage_i/alu_i/alu_div_i/AReg_DP_reg[31]
         core_i/ex_stage_i/alu_i/alu_div_i/AReg_DP_reg[29]
         core_i/ex_stage_i/alu_i/alu_div_i/State_SP_reg[0]
         core_i/ex_stage_i/alu_i/alu_div_i/BReg_DP_reg[0]
         core_i/ex_stage_i/alu_i/alu_div_i/BReg_DP_reg[18]
         core_i/ex_stage_i/alu_i/alu_div_i/BReg_DP_reg[17]
         core_i/ex_stage_i/alu_i/alu_div_i/BReg_DP_reg[15]
         core_i/ex_stage_i/alu_i/alu_div_i/BReg_DP_reg[14]
         core_i/ex_stage_i/alu_i/alu_div_i/BReg_DP_reg[13]
         core_i/ex_stage_i/alu_i/alu_div_i/BReg_DP_reg[11]
         core_i/ex_stage_i/alu_i/alu_div_i/BReg_DP_reg[10]
         core_i/ex_stage_i/alu_i/alu_div_i/BReg_DP_reg[9]
         core_i/ex_stage_i/alu_i/alu_div_i/BReg_DP_reg[7]
         core_i/ex_stage_i/alu_i/alu_div_i/BReg_DP_reg[6]
         core_i/ex_stage_i/alu_i/alu_div_i/BReg_DP_reg[5]
         core_i/ex_stage_i/alu_i/alu_div_i/BReg_DP_reg[3]
         core_i/ex_stage_i/alu_i/alu_div_i/BReg_DP_reg[2]
         core_i/ex_stage_i/alu_i/alu_div_i/BReg_DP_reg[1]
         core_i/ex_stage_i/alu_i/alu_div_i/BReg_DP_reg[16]
         core_i/ex_stage_i/alu_i/alu_div_i/BReg_DP_reg[12]
         core_i/ex_stage_i/alu_i/alu_div_i/BReg_DP_reg[8]
         core_i/ex_stage_i/alu_i/alu_div_i/BReg_DP_reg[4]
         core_i/ex_stage_i/alu_i/alu_div_i/State_SP_reg[1]
         core_i/ex_stage_i/alu_i/alu_div_i/ResReg_DP_reg[29]
         core_i/ex_stage_i/alu_i/alu_div_i/ResReg_DP_reg[28]
         core_i/ex_stage_i/alu_i/alu_div_i/ResReg_DP_reg[27]
         core_i/ex_stage_i/alu_i/alu_div_i/ResReg_DP_reg[26]
         core_i/ex_stage_i/alu_i/alu_div_i/ResReg_DP_reg[25]
         core_i/ex_stage_i/alu_i/alu_div_i/ResReg_DP_reg[24]
         core_i/ex_stage_i/alu_i/alu_div_i/ResReg_DP_reg[23]
         core_i/ex_stage_i/alu_i/alu_div_i/ResReg_DP_reg[22]
         core_i/ex_stage_i/alu_i/alu_div_i/ResReg_DP_reg[21]
         core_i/ex_stage_i/alu_i/alu_div_i/ResReg_DP_reg[20]
         core_i/ex_stage_i/alu_i/alu_div_i/ResReg_DP_reg[19]
         core_i/ex_stage_i/alu_i/alu_div_i/ResReg_DP_reg[18]
         core_i/ex_stage_i/alu_i/alu_div_i/ResReg_DP_reg[17]
         core_i/ex_stage_i/alu_i/alu_div_i/ResReg_DP_reg[16]
         core_i/ex_stage_i/alu_i/alu_div_i/ResReg_DP_reg[15]
         core_i/ex_stage_i/alu_i/alu_div_i/ResReg_DP_reg[14]
         core_i/ex_stage_i/alu_i/alu_div_i/ResReg_DP_reg[13]
         core_i/ex_stage_i/alu_i/alu_div_i/ResReg_DP_reg[12]
         core_i/ex_stage_i/alu_i/alu_div_i/ResReg_DP_reg[11]
         core_i/ex_stage_i/alu_i/alu_div_i/ResReg_DP_reg[10]
         core_i/ex_stage_i/alu_i/alu_div_i/ResReg_DP_reg[9]
         core_i/ex_stage_i/alu_i/alu_div_i/ResReg_DP_reg[8]
         core_i/ex_stage_i/alu_i/alu_div_i/AReg_DP_reg[21]
         core_i/ex_stage_i/alu_i/alu_div_i/AReg_DP_reg[17]
         core_i/ex_stage_i/alu_i/alu_div_i/AReg_DP_reg[13]
         core_i/ex_stage_i/alu_i/alu_div_i/AReg_DP_reg[5]
         core_i/ex_stage_i/alu_i/alu_div_i/AReg_DP_reg[20]
         core_i/ex_stage_i/alu_i/alu_div_i/AReg_DP_reg[16]
         core_i/ex_stage_i/alu_i/alu_div_i/AReg_DP_reg[12]
         core_i/ex_stage_i/alu_i/alu_div_i/AReg_DP_reg[8]
         core_i/ex_stage_i/alu_i/alu_div_i/AReg_DP_reg[4]
         core_i/ex_stage_i/alu_i/alu_div_i/AReg_DP_reg[23]
         core_i/ex_stage_i/alu_i/alu_div_i/AReg_DP_reg[19]
         core_i/ex_stage_i/alu_i/alu_div_i/AReg_DP_reg[15]
         core_i/ex_stage_i/alu_i/alu_div_i/AReg_DP_reg[11]
         core_i/ex_stage_i/alu_i/alu_div_i/AReg_DP_reg[7]
         core_i/ex_stage_i/alu_i/alu_div_i/AReg_DP_reg[3]
         core_i/ex_stage_i/alu_i/alu_div_i/AReg_DP_reg[22]
         core_i/ex_stage_i/alu_i/alu_div_i/AReg_DP_reg[18]
         core_i/ex_stage_i/alu_i/alu_div_i/AReg_DP_reg[14]
         core_i/ex_stage_i/alu_i/alu_div_i/AReg_DP_reg[10]
         core_i/ex_stage_i/alu_i/alu_div_i/AReg_DP_reg[6]
         core_i/ex_stage_i/alu_i/alu_div_i/AReg_DP_reg[9]
         core_i/ex_stage_i/alu_i/alu_div_i/ResReg_DP_reg[31]
         core_i/ex_stage_i/alu_i/alu_div_i/AReg_DP_reg[0]
         core_i/ex_stage_i/alu_i/alu_div_i/RemSel_SP_reg
         core_i/ex_stage_i/alu_i/alu_div_i/ResReg_DP_reg[30]
         core_i/ex_stage_i/alu_i/alu_div_i/AReg_DP_reg[2]
         core_i/ex_stage_i/alu_i/alu_div_i/AReg_DP_reg[1]

Information: Test design rule checking completed. (TEST-123)
1
############################# Preview DFT ##############################
preview_dft -show scan_summary
Warning: Design 'cv32e40p_top' contains 3 high-fanout nets. A fanout number of 1000 will be used for delay calculations involving these nets. (TIM-134)
  Information: Using test design rule information from previous dft_drc run.
  Architecting Scan Chains

****************************************
Preview_dft report
For    : 'Insert_dft' command
Design : cv32e40p_top
Version: O-2018.06-SP1
Date   : Sun Jul  6 23:26:22 2025
****************************************

Number of chains: 5
Scan methodology: full_scan
Scan style: multiplexed_flip_flop
Clock domain: no_mix
Scan enable: SE (no hookup pin)

Chain      Scan Ports (si --> so)        # of Cells   Inst/Chain               Clock (port, time, edge)
-----      ----------------------        ----------   ----------               ------------------------
S 1        SI[0] -->  SO[0]                     452   core_i/cs_registers_i/dcsr_q_reg[cause][6]
                            (scan_clk, 30.0, rising) 
S 2        SI[1] -->  SO[1]                     452   core_i/cs_registers_i/mtvec_q_reg[14]
                            (scan_clk, 30.0, rising) 
S 3        SI[2] -->  SO[2]                     452   core_i/id_stage_i/register_file_i/mem_reg[1][14]
                            (scan_clk, 30.0, rising) 
S 4        SI[3] -->  SO[3]                     451   core_i/id_stage_i/register_file_i/mem_reg[15][18]
                            (scan_clk, 30.0, rising) 
S 5        SI[4] -->  SO[4]                     451   core_i/id_stage_i/register_file_i/mem_reg[29][21]
                            (scan_clk, 30.0, rising) 
1
############################# Insert DFT ##############################
insert_dft
Warning: Design 'cv32e40p_top' contains 3 high-fanout nets. A fanout number of 1000 will be used for delay calculations involving these nets. (TIM-134)
  Information: Using test design rule information from previous dft_drc run.
  Architecting Scan Chains
  Routing Scan Chains
  Routing Global Signals
  Mapping New Logic
Resetting current test mode
Warning: Design 'cv32e40p_top' contains 3 high-fanout nets. A fanout number of 1000 will be used for delay calculations involving these nets. (TIM-134)
  Beginning Mapping Optimizations
  -------------------------------

                                  TOTAL                                      
   ELAPSED            WORST NEG   SETUP    DESIGN                            
    TIME      AREA      SLACK     COST    RULE COST         ENDPOINT         
  --------- --------- --------- --------- --------- -------------------------


  Beginning Phase 1 Design Rule Fixing  (max_fanout)  (max_capacitance)
  ------------------------------------

                                  TOTAL                                      
   ELAPSED            WORST NEG   SETUP    DESIGN                            
    TIME      AREA      SLACK     COST    RULE COST         ENDPOINT         
  --------- --------- --------- --------- --------- -------------------------


  Beginning Phase 2 Design Rule Fixing  (max_fanout)  (max_capacitance)
  ------------------------------------

                                  TOTAL                                      
   ELAPSED            WORST NEG   SETUP    DESIGN                            
    TIME      AREA      SLACK     COST    RULE COST         ENDPOINT         
  --------- --------- --------- --------- --------- -------------------------
    0:03:41   16477.0      0.00       0.0    1944.7                          

1
######################## Optimize Logic post DFT #######################
compile -scan -incremental
Information: Choosing a test methodology will restrict the optimization of sequential cells. (UIO-12)

Information: There are 1178 potential problems in your design. Please run 'check_design' for more information. (LINT-99)


Warning: Operating condition ss0p6v125c set on design cv32e40p_top has different process,
voltage and temperatures parameters than the parameters at which target library 
saed14rvt_tt0p8v25c is characterized. Delays may be inaccurate as a result. (OPT-998)

  Beginning Pass 1 Mapping  (Incremental)
  ------------------------

  Updating timing information
Information: Updating design information... (UID-85)
Warning: Test logic has been inserted in cv32e40p_mult_DW02_mult_0.
 	Skipping incremental implementation selection for that design. (SYNH-45)
Warning: Test logic has been inserted in cv32e40p_mult_DW02_mult_1.
 	Skipping incremental implementation selection for that design. (SYNH-45)
Warning: Test logic has been inserted in cv32e40p_mult_DW02_mult_2.
 	Skipping incremental implementation selection for that design. (SYNH-45)
Warning: Test logic has been inserted in cv32e40p_mult_DW02_mult_3.
 	Skipping incremental implementation selection for that design. (SYNH-45)
Warning: Test logic has been inserted in cv32e40p_mult_DW02_mult_5.
 	Skipping incremental implementation selection for that design. (SYNH-45)
Warning: Test logic has been inserted in cv32e40p_mult_DW02_mult_6.
 	Skipping incremental implementation selection for that design. (SYNH-45)
Warning: Test logic has been inserted in cv32e40p_mult_DW02_mult_7.
 	Skipping incremental implementation selection for that design. (SYNH-45)

  Beginning Mapping Optimizations  (Medium effort)  (Incremental)
  -------------------------------

  Beginning Incremental Implementation Selection
  ----------------------------------------------
  Selecting implementations
  Selecting implementations
  Selecting implementations
  Selecting implementations
  Selecting implementations
  Selecting implementations
  Selecting implementations
Warning: Test logic has been inserted in cv32e40p_mult_DW02_mult_0.
 	Skipping incremental implementation selection for that design. (SYNH-45)
Warning: Test logic has been inserted in cv32e40p_mult_DW02_mult_1.
 	Skipping incremental implementation selection for that design. (SYNH-45)
Warning: Test logic has been inserted in cv32e40p_mult_DW02_mult_2.
 	Skipping incremental implementation selection for that design. (SYNH-45)
Warning: Test logic has been inserted in cv32e40p_mult_DW02_mult_3.
 	Skipping incremental implementation selection for that design. (SYNH-45)
Warning: Test logic has been inserted in cv32e40p_mult_DW02_mult_5.
 	Skipping incremental implementation selection for that design. (SYNH-45)
Warning: Test logic has been inserted in cv32e40p_mult_DW02_mult_6.
 	Skipping incremental implementation selection for that design. (SYNH-45)
Warning: Test logic has been inserted in cv32e40p_mult_DW02_mult_7.
 	Skipping incremental implementation selection for that design. (SYNH-45)
  Selecting implementations
  Selecting implementations

  Beginning Delay Optimization Phase
  ----------------------------------

                                  TOTAL                                      
   ELAPSED            WORST NEG   SETUP    DESIGN                            
    TIME      AREA      SLACK     COST    RULE COST         ENDPOINT         
  --------- --------- --------- --------- --------- -------------------------
    0:00:24   16123.1      0.00       0.0    6411.7                          
    0:00:30   17005.8      0.00       0.0    3229.8                          
    0:00:30   17005.8      0.00       0.0    3229.8                          


  Beginning Design Rule Fixing  (max_fanout)  (max_capacitance)
  ----------------------------

                                  TOTAL                                      
   ELAPSED            WORST NEG   SETUP    DESIGN                            
    TIME      AREA      SLACK     COST    RULE COST         ENDPOINT         
  --------- --------- --------- --------- --------- -------------------------
    0:00:30   17005.8      0.00       0.0    3229.8                          


Note: Symbol # after min delay cost means estimated hold TNS across all active scenarios 


  Optimization Complete
  ---------------------
Warning: Design 'cv32e40p_top' contains 2 high-fanout nets. A fanout number of 1000 will be used for delay calculations involving these nets. (TIM-134)
     Net 'core_i/ex_stage_i/alu_i/alu_div_i/Clk_CI': 2255 load(s), 1 driver(s)
     Net 'U2_mux2X1/OUT': 2258 load(s), 1 driver(s)
1
###################### Design Rule Checking #######################
dft_drc -verbose -coverage_estimate
In mode: Internal_scan...
  Design has scan chains in this mode
  Design is scan routed
  Post-DFT DRC enabled

Information: Starting test design rule checking. (TEST-222)
  Loading test protocol
  ...basic checks...
  ...basic sequential cell checks...
  ...checking vector rules...
  ...checking clock rules...
  ...checking scan chain rules...
  ...checking scan compression rules...
  ...checking X-state rules...
  ...checking tristate rules...
  ...extracting scan details...

-----------------------------------------------------------------
  DRC Report

  Total violations: 0

-----------------------------------------------------------------


Test Design rule checking did not find violations

-----------------------------------------------------------------
  Sequential Cell Report

  1 out of 2259 sequential cells have violations

-----------------------------------------------------------------

SEQUENTIAL CELLS WITH VIOLATIONS
      *   1 cell is a clock gating cell
         core_i/sleep_unit_i/core_clock_gate_i/core_clock_gate
SEQUENTIAL CELLS WITHOUT VIOLATIONS
      *2258 cells are valid scan cells
         core_i/sleep_unit_i/core_busy_q_reg
         core_i/sleep_unit_i/fetch_enable_q_reg
         core_i/if_stage_i/is_compressed_id_o_reg
         core_i/if_stage_i/instr_rdata_id_o_reg[31]
         core_i/if_stage_i/instr_rdata_id_o_reg[24]
         core_i/if_stage_i/instr_rdata_id_o_reg[23]
         core_i/if_stage_i/instr_rdata_id_o_reg[19]
         core_i/if_stage_i/illegal_c_insn_id_o_reg
         core_i/if_stage_i/instr_rdata_id_o_reg[1]
         core_i/if_stage_i/instr_rdata_id_o_reg[0]
         core_i/if_stage_i/instr_valid_id_o_reg
         core_i/if_stage_i/instr_rdata_id_o_reg[6]
         core_i/if_stage_i/instr_rdata_id_o_reg[4]
         core_i/if_stage_i/instr_rdata_id_o_reg[3]
         core_i/if_stage_i/instr_rdata_id_o_reg[2]
         core_i/if_stage_i/instr_rdata_id_o_reg[22]
         core_i/if_stage_i/instr_rdata_id_o_reg[11]
         core_i/if_stage_i/instr_rdata_id_o_reg[10]
         core_i/if_stage_i/instr_rdata_id_o_reg[9]
         core_i/if_stage_i/pc_id_o_reg[31]
         core_i/if_stage_i/pc_id_o_reg[3]
         core_i/if_stage_i/pc_id_o_reg[4]
         core_i/if_stage_i/instr_rdata_id_o_reg[7]
         core_i/if_stage_i/pc_id_o_reg[5]
         core_i/if_stage_i/pc_id_o_reg[6]
         core_i/if_stage_i/pc_id_o_reg[7]
         core_i/if_stage_i/pc_id_o_reg[8]
         core_i/if_stage_i/pc_id_o_reg[9]
         core_i/if_stage_i/pc_id_o_reg[10]
         core_i/if_stage_i/pc_id_o_reg[11]
         core_i/if_stage_i/pc_id_o_reg[12]
         core_i/if_stage_i/pc_id_o_reg[13]
         core_i/if_stage_i/pc_id_o_reg[14]
         core_i/if_stage_i/pc_id_o_reg[15]
         core_i/if_stage_i/pc_id_o_reg[16]
         core_i/if_stage_i/pc_id_o_reg[17]
         core_i/if_stage_i/pc_id_o_reg[18]
         core_i/if_stage_i/pc_id_o_reg[19]
         core_i/if_stage_i/pc_id_o_reg[20]
         core_i/if_stage_i/pc_id_o_reg[21]
         core_i/if_stage_i/pc_id_o_reg[22]
         core_i/if_stage_i/pc_id_o_reg[23]
         core_i/if_stage_i/pc_id_o_reg[24]
         core_i/if_stage_i/pc_id_o_reg[25]
         core_i/if_stage_i/pc_id_o_reg[26]
         core_i/if_stage_i/pc_id_o_reg[27]
         core_i/if_stage_i/pc_id_o_reg[28]
         core_i/if_stage_i/pc_id_o_reg[29]
         core_i/if_stage_i/pc_id_o_reg[30]
         core_i/if_stage_i/instr_rdata_id_o_reg[21]
         core_i/if_stage_i/instr_rdata_id_o_reg[20]
         core_i/if_stage_i/instr_rdata_id_o_reg[28]
         core_i/if_stage_i/pc_id_o_reg[2]
         core_i/if_stage_i/instr_rdata_id_o_reg[13]
         core_i/if_stage_i/instr_rdata_id_o_reg[18]
         core_i/if_stage_i/instr_rdata_id_o_reg[8]
         core_i/if_stage_i/instr_rdata_id_o_reg[15]
         core_i/if_stage_i/instr_rdata_id_o_reg[29]
         core_i/if_stage_i/instr_rdata_id_o_reg[17]
         core_i/if_stage_i/instr_rdata_id_o_reg[25]
         core_i/if_stage_i/instr_rdata_id_o_reg[26]
         core_i/if_stage_i/instr_rdata_id_o_reg[12]
         core_i/if_stage_i/instr_rdata_id_o_reg[5]
         core_i/if_stage_i/instr_rdata_id_o_reg[27]
         core_i/if_stage_i/pc_id_o_reg[1]
         core_i/if_stage_i/instr_rdata_id_o_reg[14]
         core_i/if_stage_i/instr_rdata_id_o_reg[30]
         core_i/if_stage_i/pc_id_o_reg[0]
         core_i/if_stage_i/instr_rdata_id_o_reg[16]
         core_i/id_stage_i/alu_operator_ex_o_reg[1]
         core_i/id_stage_i/alu_operator_ex_o_reg[0]
         core_i/id_stage_i/mhpmevent_jump_o_reg
         core_i/id_stage_i/mhpmevent_compressed_o_reg
         core_i/id_stage_i/mhpmevent_imiss_o_reg
         core_i/id_stage_i/mhpmevent_ld_stall_o_reg
         core_i/id_stage_i/mhpmevent_load_o_reg
         core_i/id_stage_i/mhpmevent_jr_stall_o_reg
         core_i/id_stage_i/id_valid_q_reg
         core_i/id_stage_i/mhpmevent_minstret_o_reg
         core_i/id_stage_i/mhpmevent_branch_taken_o_reg
         core_i/id_stage_i/mhpmevent_store_o_reg
         core_i/id_stage_i/mult_operand_c_ex_o_reg[28]
         core_i/id_stage_i/mult_operand_c_ex_o_reg[29]
         core_i/id_stage_i/mult_operand_c_ex_o_reg[30]
         core_i/id_stage_i/mhpmevent_branch_o_reg
         core_i/id_stage_i/regfile_alu_we_ex_o_reg
         core_i/id_stage_i/alu_clpx_shift_ex_o_reg[1]
         core_i/id_stage_i/alu_clpx_shift_ex_o_reg[0]
         core_i/id_stage_i/pc_ex_o_reg[31]
         core_i/id_stage_i/pc_ex_o_reg[30]
         core_i/id_stage_i/pc_ex_o_reg[29]
         core_i/id_stage_i/pc_ex_o_reg[28]
         core_i/id_stage_i/pc_ex_o_reg[27]
         core_i/id_stage_i/pc_ex_o_reg[26]
         core_i/id_stage_i/pc_ex_o_reg[25]
         core_i/id_stage_i/pc_ex_o_reg[24]
         core_i/id_stage_i/pc_ex_o_reg[23]
         core_i/id_stage_i/pc_ex_o_reg[22]
         core_i/id_stage_i/pc_ex_o_reg[21]
         core_i/id_stage_i/pc_ex_o_reg[20]
         core_i/id_stage_i/pc_ex_o_reg[19]
         core_i/id_stage_i/pc_ex_o_reg[18]
         core_i/id_stage_i/pc_ex_o_reg[17]
         core_i/id_stage_i/pc_ex_o_reg[16]
         core_i/id_stage_i/pc_ex_o_reg[15]
         core_i/id_stage_i/pc_ex_o_reg[14]
         core_i/id_stage_i/pc_ex_o_reg[13]
         core_i/id_stage_i/pc_ex_o_reg[12]
         core_i/id_stage_i/pc_ex_o_reg[11]
         core_i/id_stage_i/pc_ex_o_reg[10]
         core_i/id_stage_i/pc_ex_o_reg[9]
         core_i/id_stage_i/pc_ex_o_reg[8]
         core_i/id_stage_i/pc_ex_o_reg[7]
         core_i/id_stage_i/pc_ex_o_reg[6]
         core_i/id_stage_i/pc_ex_o_reg[5]
         core_i/id_stage_i/pc_ex_o_reg[4]
         core_i/id_stage_i/pc_ex_o_reg[3]
         core_i/id_stage_i/pc_ex_o_reg[2]
         core_i/id_stage_i/pc_ex_o_reg[1]
         core_i/id_stage_i/data_sign_ext_ex_o_reg[0]
         core_i/id_stage_i/mult_en_ex_o_reg
         core_i/id_stage_i/imm_vec_ext_ex_o_reg[1]
         core_i/id_stage_i/alu_operand_c_ex_o_reg[1]
         core_i/id_stage_i/alu_operand_c_ex_o_reg[2]
         core_i/id_stage_i/alu_operand_c_ex_o_reg[3]
         core_i/id_stage_i/regfile_we_ex_o_reg
         core_i/id_stage_i/pc_ex_o_reg[0]
         core_i/id_stage_i/imm_vec_ext_ex_o_reg[0]
         core_i/id_stage_i/mult_operand_c_ex_o_reg[31]
         core_i/id_stage_i/alu_operand_c_ex_o_reg[4]
         core_i/id_stage_i/alu_operand_c_ex_o_reg[5]
         core_i/id_stage_i/alu_operand_c_ex_o_reg[6]
         core_i/id_stage_i/alu_operand_c_ex_o_reg[7]
         core_i/id_stage_i/alu_operand_c_ex_o_reg[8]
         core_i/id_stage_i/alu_operand_c_ex_o_reg[9]
         core_i/id_stage_i/alu_operand_c_ex_o_reg[10]
         core_i/id_stage_i/alu_operand_c_ex_o_reg[11]
         core_i/id_stage_i/alu_operand_c_ex_o_reg[12]
         core_i/id_stage_i/alu_operand_c_ex_o_reg[13]
         core_i/id_stage_i/alu_operand_c_ex_o_reg[14]
         core_i/id_stage_i/alu_operand_c_ex_o_reg[15]
         core_i/id_stage_i/alu_operand_c_ex_o_reg[16]
         core_i/id_stage_i/alu_operand_c_ex_o_reg[17]
         core_i/id_stage_i/alu_operand_c_ex_o_reg[18]
         core_i/id_stage_i/alu_operand_c_ex_o_reg[19]
         core_i/id_stage_i/alu_operand_c_ex_o_reg[20]
         core_i/id_stage_i/alu_operand_c_ex_o_reg[21]
         core_i/id_stage_i/alu_operand_c_ex_o_reg[22]
         core_i/id_stage_i/alu_operand_c_ex_o_reg[23]
         core_i/id_stage_i/alu_operand_c_ex_o_reg[24]
         core_i/id_stage_i/alu_operand_c_ex_o_reg[25]
         core_i/id_stage_i/alu_operand_c_ex_o_reg[26]
         core_i/id_stage_i/alu_operand_c_ex_o_reg[27]
         core_i/id_stage_i/alu_operand_c_ex_o_reg[28]
         core_i/id_stage_i/alu_operand_c_ex_o_reg[29]
         core_i/id_stage_i/alu_operand_c_ex_o_reg[30]
         core_i/id_stage_i/alu_operand_c_ex_o_reg[31]
         core_i/id_stage_i/alu_operand_c_ex_o_reg[0]
         core_i/id_stage_i/mult_operator_ex_o_reg[1]
         core_i/id_stage_i/data_we_ex_o_reg
         core_i/id_stage_i/prepost_useincr_ex_o_reg
         core_i/id_stage_i/mult_operand_c_ex_o_reg[1]
         core_i/id_stage_i/mult_operand_c_ex_o_reg[2]
         core_i/id_stage_i/mult_operand_c_ex_o_reg[3]
         core_i/id_stage_i/mult_operand_c_ex_o_reg[4]
         core_i/id_stage_i/mult_operand_c_ex_o_reg[5]
         core_i/id_stage_i/mult_operand_c_ex_o_reg[6]
         core_i/id_stage_i/mult_operand_c_ex_o_reg[7]
         core_i/id_stage_i/mult_operand_c_ex_o_reg[8]
         core_i/id_stage_i/mult_operand_c_ex_o_reg[9]
         core_i/id_stage_i/mult_operand_c_ex_o_reg[10]
         core_i/id_stage_i/mult_operand_c_ex_o_reg[11]
         core_i/id_stage_i/mult_operand_c_ex_o_reg[12]
         core_i/id_stage_i/mult_operand_c_ex_o_reg[13]
         core_i/id_stage_i/mult_operand_c_ex_o_reg[14]
         core_i/id_stage_i/mult_operand_c_ex_o_reg[15]
         core_i/id_stage_i/mult_operand_c_ex_o_reg[16]
         core_i/id_stage_i/mult_operand_c_ex_o_reg[17]
         core_i/id_stage_i/mult_operand_c_ex_o_reg[18]
         core_i/id_stage_i/mult_operand_c_ex_o_reg[19]
         core_i/id_stage_i/mult_operand_c_ex_o_reg[20]
         core_i/id_stage_i/mult_operand_c_ex_o_reg[21]
         core_i/id_stage_i/mult_operand_c_ex_o_reg[22]
         core_i/id_stage_i/mult_operand_c_ex_o_reg[23]
         core_i/id_stage_i/mult_operand_c_ex_o_reg[24]
         core_i/id_stage_i/mult_operand_c_ex_o_reg[25]
         core_i/id_stage_i/mult_operand_c_ex_o_reg[26]
         core_i/id_stage_i/mult_operand_c_ex_o_reg[27]
         core_i/id_stage_i/regfile_alu_waddr_ex_o_reg[4]
         core_i/id_stage_i/regfile_alu_waddr_ex_o_reg[3]
         core_i/id_stage_i/regfile_alu_waddr_ex_o_reg[2]
         core_i/id_stage_i/regfile_alu_waddr_ex_o_reg[1]
         core_i/id_stage_i/regfile_alu_waddr_ex_o_reg[0]
         core_i/id_stage_i/branch_in_ex_o_reg
         core_i/id_stage_i/mult_operand_a_ex_o_reg[24]
         core_i/id_stage_i/mult_operand_a_ex_o_reg[25]
         core_i/id_stage_i/mult_operand_a_ex_o_reg[26]
         core_i/id_stage_i/mult_operand_a_ex_o_reg[27]
         core_i/id_stage_i/mult_operand_a_ex_o_reg[28]
         core_i/id_stage_i/mult_operand_a_ex_o_reg[29]
         core_i/id_stage_i/mult_operand_a_ex_o_reg[30]
         core_i/id_stage_i/mult_operand_a_ex_o_reg[31]
         core_i/id_stage_i/data_type_ex_o_reg[1]
         core_i/id_stage_i/csr_op_ex_o_reg[0]
         core_i/id_stage_i/mult_operand_a_ex_o_reg[9]
         core_i/id_stage_i/mult_operand_a_ex_o_reg[10]
         core_i/id_stage_i/mult_operand_a_ex_o_reg[11]
         core_i/id_stage_i/mult_operand_a_ex_o_reg[12]
         core_i/id_stage_i/mult_operand_a_ex_o_reg[13]
         core_i/id_stage_i/mult_operand_a_ex_o_reg[14]
         core_i/id_stage_i/mult_operand_a_ex_o_reg[15]
         core_i/id_stage_i/data_type_ex_o_reg[0]
         core_i/id_stage_i/alu_en_ex_o_reg
         core_i/id_stage_i/mult_signed_mode_ex_o_reg[0]
         core_i/id_stage_i/mult_operand_c_ex_o_reg[0]
         core_i/id_stage_i/regfile_waddr_ex_o_reg[4]
         core_i/id_stage_i/regfile_waddr_ex_o_reg[3]
         core_i/id_stage_i/regfile_waddr_ex_o_reg[2]
         core_i/id_stage_i/regfile_waddr_ex_o_reg[1]
         core_i/id_stage_i/data_req_ex_o_reg
         core_i/id_stage_i/alu_operand_b_ex_o_reg[27]
         core_i/id_stage_i/alu_operand_b_ex_o_reg[21]
         core_i/id_stage_i/alu_operand_b_ex_o_reg[29]
         core_i/id_stage_i/alu_operand_b_ex_o_reg[31]
         core_i/id_stage_i/alu_operand_b_ex_o_reg[22]
         core_i/id_stage_i/alu_operand_b_ex_o_reg[23]
         core_i/id_stage_i/alu_operand_b_ex_o_reg[18]
         core_i/id_stage_i/alu_operand_b_ex_o_reg[19]
         core_i/id_stage_i/alu_operand_b_ex_o_reg[30]
         core_i/id_stage_i/alu_operand_b_ex_o_reg[28]
         core_i/id_stage_i/alu_operand_b_ex_o_reg[20]
         core_i/id_stage_i/alu_operand_b_ex_o_reg[16]
         core_i/id_stage_i/alu_operand_b_ex_o_reg[24]
         core_i/id_stage_i/alu_operand_b_ex_o_reg[26]
         core_i/id_stage_i/alu_operand_a_ex_o_reg[23]
         core_i/id_stage_i/alu_operand_a_ex_o_reg[26]
         core_i/id_stage_i/alu_operand_a_ex_o_reg[30]
         core_i/id_stage_i/alu_operand_b_ex_o_reg[25]
         core_i/id_stage_i/alu_operand_a_ex_o_reg[22]
         core_i/id_stage_i/alu_operand_a_ex_o_reg[29]
         core_i/id_stage_i/alu_operand_a_ex_o_reg[25]
         core_i/id_stage_i/data_misaligned_ex_o_reg
         core_i/id_stage_i/alu_operand_a_ex_o_reg[28]
         core_i/id_stage_i/alu_operand_a_ex_o_reg[20]
         core_i/id_stage_i/alu_operand_a_ex_o_reg[19]
         core_i/id_stage_i/alu_operand_b_ex_o_reg[17]
         core_i/id_stage_i/alu_operand_a_ex_o_reg[24]
         core_i/id_stage_i/alu_operand_a_ex_o_reg[21]
         core_i/id_stage_i/alu_operand_a_ex_o_reg[27]
         core_i/id_stage_i/regfile_waddr_ex_o_reg[0]
         core_i/id_stage_i/mult_operand_b_ex_o_reg[9]
         core_i/id_stage_i/csr_access_ex_o_reg
         core_i/id_stage_i/mult_operand_b_ex_o_reg[7]
         core_i/id_stage_i/mult_operand_b_ex_o_reg[6]
         core_i/id_stage_i/mult_operand_b_ex_o_reg[5]
         core_i/id_stage_i/mult_operand_b_ex_o_reg[4]
         core_i/id_stage_i/mult_operand_b_ex_o_reg[3]
         core_i/id_stage_i/mult_operand_b_ex_o_reg[2]
         core_i/id_stage_i/mult_operand_b_ex_o_reg[1]
         core_i/id_stage_i/mult_operand_b_ex_o_reg[0]
         core_i/id_stage_i/mult_operand_b_ex_o_reg[11]
         core_i/id_stage_i/mult_operand_b_ex_o_reg[10]
         core_i/id_stage_i/mult_operand_b_ex_o_reg[8]
         core_i/id_stage_i/mult_signed_mode_ex_o_reg[1]
         core_i/id_stage_i/mult_operand_a_ex_o_reg[16]
         core_i/id_stage_i/mult_operand_a_ex_o_reg[17]
         core_i/id_stage_i/mult_operand_a_ex_o_reg[18]
         core_i/id_stage_i/mult_operand_a_ex_o_reg[19]
         core_i/id_stage_i/mult_operand_a_ex_o_reg[20]
         core_i/id_stage_i/mult_operand_a_ex_o_reg[21]
         core_i/id_stage_i/mult_operand_a_ex_o_reg[22]
         core_i/id_stage_i/mult_operand_a_ex_o_reg[23]
         core_i/id_stage_i/mult_operand_a_ex_o_reg[0]
         core_i/id_stage_i/mult_operand_a_ex_o_reg[1]
         core_i/id_stage_i/mult_operand_a_ex_o_reg[2]
         core_i/id_stage_i/mult_operand_a_ex_o_reg[3]
         core_i/id_stage_i/mult_operand_a_ex_o_reg[4]
         core_i/id_stage_i/mult_operand_a_ex_o_reg[5]
         core_i/id_stage_i/mult_operand_a_ex_o_reg[6]
         core_i/id_stage_i/mult_operand_a_ex_o_reg[7]
         core_i/id_stage_i/mult_operand_a_ex_o_reg[8]
         core_i/id_stage_i/alu_operator_ex_o_reg[3]
         core_i/id_stage_i/alu_operator_ex_o_reg[4]
         core_i/id_stage_i/csr_op_ex_o_reg[1]
         core_i/id_stage_i/mult_operand_b_ex_o_reg[30]
         core_i/id_stage_i/mult_operator_ex_o_reg[2]
         core_i/id_stage_i/mult_operand_b_ex_o_reg[29]
         core_i/id_stage_i/mult_operand_b_ex_o_reg[31]
         core_i/id_stage_i/mult_operand_b_ex_o_reg[28]
         core_i/id_stage_i/mult_operand_b_ex_o_reg[27]
         core_i/id_stage_i/alu_operand_b_ex_o_reg[14]
         core_i/id_stage_i/alu_operand_b_ex_o_reg[2]
         core_i/id_stage_i/mult_operand_b_ex_o_reg[23]
         core_i/id_stage_i/mult_operand_b_ex_o_reg[22]
         core_i/id_stage_i/mult_operand_b_ex_o_reg[21]
         core_i/id_stage_i/mult_operand_b_ex_o_reg[20]
         core_i/id_stage_i/mult_operand_b_ex_o_reg[19]
         core_i/id_stage_i/mult_operand_b_ex_o_reg[18]
         core_i/id_stage_i/mult_operand_b_ex_o_reg[17]
         core_i/id_stage_i/mult_operand_b_ex_o_reg[26]
         core_i/id_stage_i/alu_operand_b_ex_o_reg[13]
         core_i/id_stage_i/alu_operand_b_ex_o_reg[11]
         core_i/id_stage_i/alu_operand_b_ex_o_reg[15]
         core_i/id_stage_i/mult_operand_b_ex_o_reg[25]
         core_i/id_stage_i/alu_operand_b_ex_o_reg[12]
         core_i/id_stage_i/alu_operand_b_ex_o_reg[10]
         core_i/id_stage_i/alu_operand_b_ex_o_reg[6]
         core_i/id_stage_i/mult_operand_b_ex_o_reg[24]
         core_i/id_stage_i/alu_operator_ex_o_reg[2]
         core_i/id_stage_i/alu_operand_b_ex_o_reg[1]
         core_i/id_stage_i/alu_operand_b_ex_o_reg[7]
         core_i/id_stage_i/alu_operand_b_ex_o_reg[0]
         core_i/id_stage_i/alu_operand_b_ex_o_reg[3]
         core_i/id_stage_i/alu_operand_b_ex_o_reg[4]
         core_i/id_stage_i/alu_operand_b_ex_o_reg[8]
         core_i/id_stage_i/alu_operand_a_ex_o_reg[8]
         core_i/id_stage_i/mult_operand_b_ex_o_reg[16]
         core_i/id_stage_i/alu_operand_b_ex_o_reg[9]
         core_i/id_stage_i/alu_operand_a_ex_o_reg[3]
         core_i/id_stage_i/alu_operand_a_ex_o_reg[7]
         core_i/id_stage_i/alu_operand_a_ex_o_reg[18]
         core_i/id_stage_i/alu_operand_a_ex_o_reg[31]
         core_i/id_stage_i/alu_operand_a_ex_o_reg[0]
         core_i/id_stage_i/mult_operand_b_ex_o_reg[15]
         core_i/id_stage_i/mult_operand_b_ex_o_reg[14]
         core_i/id_stage_i/mult_operand_b_ex_o_reg[13]
         core_i/id_stage_i/mult_operand_b_ex_o_reg[12]
         core_i/id_stage_i/alu_operand_b_ex_o_reg[5]
         core_i/id_stage_i/alu_operand_a_ex_o_reg[17]
         core_i/id_stage_i/alu_operand_a_ex_o_reg[14]
         core_i/id_stage_i/alu_operand_a_ex_o_reg[13]
         core_i/id_stage_i/alu_operand_a_ex_o_reg[16]
         core_i/id_stage_i/alu_operand_a_ex_o_reg[12]
         core_i/id_stage_i/alu_operand_a_ex_o_reg[9]
         core_i/id_stage_i/alu_operand_a_ex_o_reg[15]
         core_i/id_stage_i/alu_operand_a_ex_o_reg[10]
         core_i/id_stage_i/alu_operand_a_ex_o_reg[11]
         core_i/id_stage_i/alu_operand_a_ex_o_reg[5]
         core_i/id_stage_i/alu_operand_a_ex_o_reg[1]
         core_i/id_stage_i/alu_operand_a_ex_o_reg[4]
         core_i/id_stage_i/alu_operand_a_ex_o_reg[2]
         core_i/id_stage_i/alu_operand_a_ex_o_reg[6]
         core_i/id_stage_i/alu_operator_ex_o_reg[5]
         core_i/id_stage_i/mhpmevent_pipe_stall_o_reg
         core_i/ex_stage_i/regfile_we_lsu_reg
         core_i/ex_stage_i/regfile_waddr_lsu_reg[5]
         core_i/ex_stage_i/regfile_waddr_lsu_reg[4]
         core_i/ex_stage_i/regfile_waddr_lsu_reg[3]
         core_i/ex_stage_i/regfile_waddr_lsu_reg[2]
         core_i/ex_stage_i/regfile_waddr_lsu_reg[1]
         core_i/ex_stage_i/regfile_waddr_lsu_reg[0]
         core_i/load_store_unit_i/rdata_q_reg[7]
         core_i/load_store_unit_i/rdata_q_reg[6]
         core_i/load_store_unit_i/rdata_q_reg[5]
         core_i/load_store_unit_i/rdata_q_reg[4]
         core_i/load_store_unit_i/rdata_q_reg[3]
         core_i/load_store_unit_i/rdata_q_reg[2]
         core_i/load_store_unit_i/rdata_q_reg[1]
         core_i/load_store_unit_i/rdata_q_reg[0]
         core_i/load_store_unit_i/rdata_q_reg[15]
         core_i/load_store_unit_i/rdata_q_reg[14]
         core_i/load_store_unit_i/rdata_q_reg[13]
         core_i/load_store_unit_i/rdata_q_reg[12]
         core_i/load_store_unit_i/rdata_q_reg[11]
         core_i/load_store_unit_i/rdata_q_reg[10]
         core_i/load_store_unit_i/rdata_q_reg[9]
         core_i/load_store_unit_i/rdata_q_reg[8]
         core_i/load_store_unit_i/rdata_offset_q_reg[1]
         core_i/load_store_unit_i/rdata_offset_q_reg[0]
         core_i/load_store_unit_i/data_we_q_reg
         core_i/load_store_unit_i/rdata_q_reg[23]
         core_i/load_store_unit_i/rdata_q_reg[22]
         core_i/load_store_unit_i/rdata_q_reg[21]
         core_i/load_store_unit_i/rdata_q_reg[20]
         core_i/load_store_unit_i/rdata_q_reg[19]
         core_i/load_store_unit_i/rdata_q_reg[18]
         core_i/load_store_unit_i/rdata_q_reg[17]
         core_i/load_store_unit_i/rdata_q_reg[16]
         core_i/load_store_unit_i/data_load_event_q_reg
         core_i/load_store_unit_i/data_sign_ext_q_reg[1]
         core_i/load_store_unit_i/rdata_q_reg[31]
         core_i/load_store_unit_i/rdata_q_reg[30]
         core_i/load_store_unit_i/rdata_q_reg[29]
         core_i/load_store_unit_i/rdata_q_reg[28]
         core_i/load_store_unit_i/rdata_q_reg[27]
         core_i/load_store_unit_i/rdata_q_reg[26]
         core_i/load_store_unit_i/rdata_q_reg[25]
         core_i/load_store_unit_i/rdata_q_reg[24]
         core_i/load_store_unit_i/data_type_q_reg[0]
         core_i/load_store_unit_i/data_type_q_reg[1]
         core_i/load_store_unit_i/cnt_q_reg[1]
         core_i/load_store_unit_i/data_sign_ext_q_reg[0]
         core_i/load_store_unit_i/cnt_q_reg[0]
         core_i/cs_registers_i/mcountinhibit_q_reg[0]
         core_i/cs_registers_i/mtvec_mode_q_reg[0]
         core_i/cs_registers_i/mcountinhibit_q_reg[2]
         core_i/cs_registers_i/mcountinhibit_q_reg[3]
         core_i/cs_registers_i/mepc_q_reg[0]
         core_i/cs_registers_i/mcause_q_reg[4]
         core_i/cs_registers_i/mcause_q_reg[1]
         core_i/cs_registers_i/mepc_q_reg[30]
         core_i/cs_registers_i/mepc_q_reg[29]
         core_i/cs_registers_i/mepc_q_reg[27]
         core_i/cs_registers_i/mepc_q_reg[11]
         core_i/cs_registers_i/mepc_q_reg[8]
         core_i/cs_registers_i/mepc_q_reg[2]
         core_i/cs_registers_i/mepc_q_reg[3]
         core_i/cs_registers_i/mepc_q_reg[7]
         core_i/cs_registers_i/mcause_q_reg[2]
         core_i/cs_registers_i/depc_q_reg[30]
         core_i/cs_registers_i/depc_q_reg[12]
         core_i/cs_registers_i/depc_q_reg[11]
         core_i/cs_registers_i/depc_q_reg[2]
         core_i/cs_registers_i/depc_q_reg[3]
         core_i/cs_registers_i/mhpmcounter_q_reg[3][63]
         core_i/cs_registers_i/mhpmcounter_q_reg[2][63]
         core_i/cs_registers_i/mhpmcounter_q_reg[0][63]
         core_i/cs_registers_i/mepc_q_reg[28]
         core_i/cs_registers_i/mepc_q_reg[26]
         core_i/cs_registers_i/mepc_q_reg[25]
         core_i/cs_registers_i/mepc_q_reg[24]
         core_i/cs_registers_i/mepc_q_reg[23]
         core_i/cs_registers_i/mepc_q_reg[22]
         core_i/cs_registers_i/mepc_q_reg[21]
         core_i/cs_registers_i/mepc_q_reg[20]
         core_i/cs_registers_i/mepc_q_reg[19]
         core_i/cs_registers_i/mepc_q_reg[18]
         core_i/cs_registers_i/mepc_q_reg[17]
         core_i/cs_registers_i/mepc_q_reg[16]
         core_i/cs_registers_i/mepc_q_reg[10]
         core_i/cs_registers_i/mepc_q_reg[9]
         core_i/cs_registers_i/mepc_q_reg[5]
         core_i/cs_registers_i/mepc_q_reg[14]
         core_i/cs_registers_i/mepc_q_reg[13]
         core_i/cs_registers_i/mepc_q_reg[6]
         core_i/cs_registers_i/depc_q_reg[5]
         core_i/cs_registers_i/mepc_q_reg[4]
         core_i/cs_registers_i/depc_q_reg[31]
         core_i/cs_registers_i/depc_q_reg[28]
         core_i/cs_registers_i/depc_q_reg[26]
         core_i/cs_registers_i/depc_q_reg[25]
         core_i/cs_registers_i/depc_q_reg[24]
         core_i/cs_registers_i/depc_q_reg[23]
         core_i/cs_registers_i/depc_q_reg[22]
         core_i/cs_registers_i/depc_q_reg[21]
         core_i/cs_registers_i/depc_q_reg[20]
         core_i/cs_registers_i/depc_q_reg[19]
         core_i/cs_registers_i/depc_q_reg[18]
         core_i/cs_registers_i/depc_q_reg[16]
         core_i/cs_registers_i/mepc_q_reg[1]
         core_i/cs_registers_i/depc_q_reg[7]
         core_i/cs_registers_i/depc_q_reg[29]
         core_i/cs_registers_i/depc_q_reg[27]
         core_i/cs_registers_i/depc_q_reg[17]
         core_i/cs_registers_i/depc_q_reg[15]
         core_i/cs_registers_i/depc_q_reg[14]
         core_i/cs_registers_i/depc_q_reg[13]
         core_i/cs_registers_i/depc_q_reg[10]
         core_i/cs_registers_i/depc_q_reg[9]
         core_i/cs_registers_i/depc_q_reg[8]
         core_i/cs_registers_i/depc_q_reg[6]
         core_i/cs_registers_i/depc_q_reg[4]
         core_i/cs_registers_i/dscratch0_q_reg[31]
         core_i/cs_registers_i/mscratch_q_reg[31]
         core_i/cs_registers_i/dscratch1_q_reg[30]
         core_i/cs_registers_i/dscratch0_q_reg[29]
         core_i/cs_registers_i/dscratch0_q_reg[28]
         core_i/cs_registers_i/mscratch_q_reg[28]
         core_i/cs_registers_i/dscratch0_q_reg[27]
         core_i/cs_registers_i/dscratch0_q_reg[26]
         core_i/cs_registers_i/mscratch_q_reg[26]
         core_i/cs_registers_i/dscratch0_q_reg[25]
         core_i/cs_registers_i/mscratch_q_reg[25]
         core_i/cs_registers_i/dscratch0_q_reg[24]
         core_i/cs_registers_i/mscratch_q_reg[24]
         core_i/cs_registers_i/dscratch0_q_reg[23]
         core_i/cs_registers_i/mscratch_q_reg[23]
         core_i/cs_registers_i/dscratch0_q_reg[22]
         core_i/cs_registers_i/mscratch_q_reg[22]
         core_i/cs_registers_i/dscratch0_q_reg[21]
         core_i/cs_registers_i/mscratch_q_reg[21]
         core_i/cs_registers_i/dscratch0_q_reg[20]
         core_i/cs_registers_i/mscratch_q_reg[20]
         core_i/cs_registers_i/dscratch0_q_reg[19]
         core_i/cs_registers_i/mscratch_q_reg[19]
         core_i/cs_registers_i/dscratch0_q_reg[18]
         core_i/cs_registers_i/mscratch_q_reg[18]
         core_i/cs_registers_i/dscratch0_q_reg[16]
         core_i/cs_registers_i/mscratch_q_reg[16]
         core_i/cs_registers_i/dscratch0_q_reg[15]
         core_i/cs_registers_i/dscratch0_q_reg[14]
         core_i/cs_registers_i/mscratch_q_reg[14]
         core_i/cs_registers_i/dscratch0_q_reg[13]
         core_i/cs_registers_i/mscratch_q_reg[13]
         core_i/cs_registers_i/dscratch0_q_reg[6]
         core_i/cs_registers_i/mscratch_q_reg[6]
         core_i/cs_registers_i/mscratch_q_reg[4]
         core_i/cs_registers_i/mscratch_q_reg[1]
         core_i/cs_registers_i/dscratch0_q_reg[1]
         core_i/cs_registers_i/depc_q_reg[0]
         core_i/cs_registers_i/mscratch_q_reg[30]
         core_i/cs_registers_i/dscratch1_q_reg[29]
         core_i/cs_registers_i/dscratch1_q_reg[27]
         core_i/cs_registers_i/dscratch1_q_reg[17]
         core_i/cs_registers_i/mscratch_q_reg[15]
         core_i/cs_registers_i/dscratch1_q_reg[14]
         core_i/cs_registers_i/dscratch1_q_reg[13]
         core_i/cs_registers_i/dscratch0_q_reg[11]
         core_i/cs_registers_i/dscratch1_q_reg[10]
         core_i/cs_registers_i/dscratch0_q_reg[10]
         core_i/cs_registers_i/dscratch1_q_reg[9]
         core_i/cs_registers_i/dscratch0_q_reg[9]
         core_i/cs_registers_i/dscratch1_q_reg[8]
         core_i/cs_registers_i/dscratch0_q_reg[8]
         core_i/cs_registers_i/dscratch1_q_reg[6]
         core_i/cs_registers_i/dscratch0_q_reg[4]
         core_i/cs_registers_i/dscratch1_q_reg[31]
         core_i/cs_registers_i/mscratch_q_reg[29]
         core_i/cs_registers_i/dscratch1_q_reg[28]
         core_i/cs_registers_i/mscratch_q_reg[27]
         core_i/cs_registers_i/dscratch1_q_reg[26]
         core_i/cs_registers_i/dscratch1_q_reg[25]
         core_i/cs_registers_i/dscratch1_q_reg[24]
         core_i/cs_registers_i/dscratch1_q_reg[23]
         core_i/cs_registers_i/dscratch1_q_reg[22]
         core_i/cs_registers_i/dscratch1_q_reg[21]
         core_i/cs_registers_i/dscratch1_q_reg[20]
         core_i/cs_registers_i/dscratch1_q_reg[19]
         core_i/cs_registers_i/dscratch1_q_reg[18]
         core_i/cs_registers_i/dscratch0_q_reg[17]
         core_i/cs_registers_i/mscratch_q_reg[17]
         core_i/cs_registers_i/dscratch1_q_reg[16]
         core_i/cs_registers_i/dscratch1_q_reg[15]
         core_i/cs_registers_i/mscratch_q_reg[10]
         core_i/cs_registers_i/mscratch_q_reg[9]
         core_i/cs_registers_i/dscratch1_q_reg[5]
         core_i/cs_registers_i/dscratch1_q_reg[4]
         core_i/cs_registers_i/dscratch1_q_reg[1]
         core_i/cs_registers_i/dscratch1_q_reg[0]
         core_i/cs_registers_i/dscratch0_q_reg[7]
         core_i/cs_registers_i/mscratch_q_reg[3]
         core_i/cs_registers_i/mcause_q_reg[0]
         core_i/cs_registers_i/mcause_q_reg[3]
         core_i/cs_registers_i/mstatus_q_reg[mpie]
         core_i/cs_registers_i/mhpmevent_q_reg[3][15]
         core_i/cs_registers_i/mhpmevent_q_reg[3][14]
         core_i/cs_registers_i/mhpmevent_q_reg[3][13]
         core_i/cs_registers_i/mhpmevent_q_reg[3][12]
         core_i/cs_registers_i/mhpmevent_q_reg[3][11]
         core_i/cs_registers_i/dscratch0_q_reg[30]
         core_i/cs_registers_i/dscratch1_q_reg[12]
         core_i/cs_registers_i/dscratch0_q_reg[12]
         core_i/cs_registers_i/mscratch_q_reg[11]
         core_i/cs_registers_i/mscratch_q_reg[5]
         core_i/cs_registers_i/dscratch0_q_reg[0]
         core_i/cs_registers_i/mscratch_q_reg[0]
         core_i/cs_registers_i/mscratch_q_reg[2]
         core_i/cs_registers_i/dscratch1_q_reg[2]
         core_i/cs_registers_i/dscratch0_q_reg[2]
         core_i/cs_registers_i/dscratch1_q_reg[7]
         core_i/cs_registers_i/dscratch0_q_reg[3]
         core_i/cs_registers_i/mhpmcounter_q_reg[3][40]
         core_i/cs_registers_i/mhpmcounter_q_reg[3][41]
         core_i/cs_registers_i/mhpmcounter_q_reg[3][42]
         core_i/cs_registers_i/mhpmcounter_q_reg[3][43]
         core_i/cs_registers_i/mhpmcounter_q_reg[3][44]
         core_i/cs_registers_i/mhpmcounter_q_reg[3][45]
         core_i/cs_registers_i/mhpmcounter_q_reg[3][46]
         core_i/cs_registers_i/mhpmcounter_q_reg[3][47]
         core_i/cs_registers_i/mhpmcounter_q_reg[3][48]
         core_i/cs_registers_i/mhpmcounter_q_reg[3][49]
         core_i/cs_registers_i/mhpmcounter_q_reg[3][50]
         core_i/cs_registers_i/mhpmcounter_q_reg[3][51]
         core_i/cs_registers_i/mhpmcounter_q_reg[3][52]
         core_i/cs_registers_i/mhpmcounter_q_reg[3][53]
         core_i/cs_registers_i/mhpmcounter_q_reg[3][54]
         core_i/cs_registers_i/mhpmcounter_q_reg[3][55]
         core_i/cs_registers_i/mhpmcounter_q_reg[3][56]
         core_i/cs_registers_i/mhpmcounter_q_reg[3][57]
         core_i/cs_registers_i/mhpmcounter_q_reg[3][58]
         core_i/cs_registers_i/mhpmcounter_q_reg[3][59]
         core_i/cs_registers_i/mhpmcounter_q_reg[3][60]
         core_i/cs_registers_i/mhpmcounter_q_reg[3][61]
         core_i/cs_registers_i/mhpmcounter_q_reg[3][62]
         core_i/cs_registers_i/mhpmcounter_q_reg[2][40]
         core_i/cs_registers_i/mhpmcounter_q_reg[2][41]
         core_i/cs_registers_i/mhpmcounter_q_reg[2][42]
         core_i/cs_registers_i/mhpmcounter_q_reg[2][43]
         core_i/cs_registers_i/mhpmcounter_q_reg[2][44]
         core_i/cs_registers_i/mhpmcounter_q_reg[2][45]
         core_i/cs_registers_i/mhpmcounter_q_reg[2][46]
         core_i/cs_registers_i/mhpmcounter_q_reg[2][47]
         core_i/cs_registers_i/mhpmcounter_q_reg[2][48]
         core_i/cs_registers_i/mhpmcounter_q_reg[2][49]
         core_i/cs_registers_i/mhpmcounter_q_reg[2][50]
         core_i/cs_registers_i/mhpmcounter_q_reg[2][51]
         core_i/cs_registers_i/mhpmcounter_q_reg[2][52]
         core_i/cs_registers_i/mhpmcounter_q_reg[2][53]
         core_i/cs_registers_i/mhpmcounter_q_reg[2][54]
         core_i/cs_registers_i/mhpmcounter_q_reg[2][55]
         core_i/cs_registers_i/mhpmcounter_q_reg[2][56]
         core_i/cs_registers_i/mhpmcounter_q_reg[2][57]
         core_i/cs_registers_i/mhpmcounter_q_reg[2][58]
         core_i/cs_registers_i/mhpmcounter_q_reg[2][59]
         core_i/cs_registers_i/mhpmcounter_q_reg[2][60]
         core_i/cs_registers_i/mhpmcounter_q_reg[2][61]
         core_i/cs_registers_i/mhpmcounter_q_reg[2][62]
         core_i/cs_registers_i/mcause_q_reg[5]
         core_i/cs_registers_i/mhpmcounter_q_reg[0][40]
         core_i/cs_registers_i/mhpmcounter_q_reg[0][41]
         core_i/cs_registers_i/mhpmcounter_q_reg[0][42]
         core_i/cs_registers_i/mhpmcounter_q_reg[0][43]
         core_i/cs_registers_i/mhpmcounter_q_reg[0][44]
         core_i/cs_registers_i/mhpmcounter_q_reg[0][45]
         core_i/cs_registers_i/mhpmcounter_q_reg[0][46]
         core_i/cs_registers_i/mhpmcounter_q_reg[0][47]
         core_i/cs_registers_i/mhpmcounter_q_reg[0][48]
         core_i/cs_registers_i/mhpmcounter_q_reg[0][49]
         core_i/cs_registers_i/mhpmcounter_q_reg[0][50]
         core_i/cs_registers_i/mhpmcounter_q_reg[0][51]
         core_i/cs_registers_i/mhpmcounter_q_reg[0][52]
         core_i/cs_registers_i/mhpmcounter_q_reg[0][53]
         core_i/cs_registers_i/mhpmcounter_q_reg[0][54]
         core_i/cs_registers_i/mhpmcounter_q_reg[0][55]
         core_i/cs_registers_i/mhpmcounter_q_reg[0][56]
         core_i/cs_registers_i/mhpmcounter_q_reg[0][57]
         core_i/cs_registers_i/mhpmcounter_q_reg[0][58]
         core_i/cs_registers_i/mhpmcounter_q_reg[0][59]
         core_i/cs_registers_i/mhpmcounter_q_reg[0][60]
         core_i/cs_registers_i/mhpmcounter_q_reg[0][61]
         core_i/cs_registers_i/mhpmcounter_q_reg[0][62]
         core_i/cs_registers_i/mtvec_q_reg[7]
         core_i/cs_registers_i/mtvec_q_reg[23]
         core_i/cs_registers_i/mtvec_q_reg[20]
         core_i/cs_registers_i/mtvec_q_reg[18]
         core_i/cs_registers_i/mtvec_q_reg[17]
         core_i/cs_registers_i/mtvec_q_reg[16]
         core_i/cs_registers_i/mtvec_q_reg[15]
         core_i/cs_registers_i/mtvec_q_reg[14]
         core_i/cs_registers_i/mtvec_q_reg[13]
         core_i/cs_registers_i/mtvec_q_reg[12]
         core_i/cs_registers_i/mtvec_q_reg[11]
         core_i/cs_registers_i/mtvec_q_reg[10]
         core_i/cs_registers_i/mtvec_q_reg[9]
         core_i/cs_registers_i/mtvec_q_reg[8]
         core_i/cs_registers_i/mtvec_q_reg[6]
         core_i/cs_registers_i/mtvec_q_reg[5]
         core_i/cs_registers_i/mtvec_q_reg[22]
         core_i/cs_registers_i/mtvec_q_reg[4]
         core_i/cs_registers_i/mtvec_q_reg[2]
         core_i/cs_registers_i/mtvec_q_reg[1]
         core_i/cs_registers_i/dcsr_q_reg[cause][8]
         core_i/cs_registers_i/mhpmevent_q_reg[3][5]
         core_i/cs_registers_i/mhpmevent_q_reg[3][3]
         core_i/cs_registers_i/mepc_q_reg[15]
         core_i/cs_registers_i/dcsr_q_reg[cause][7]
         core_i/cs_registers_i/mhpmevent_q_reg[3][4]
         core_i/cs_registers_i/mhpmevent_q_reg[3][2]
         core_i/cs_registers_i/mhpmevent_q_reg[3][10]
         core_i/cs_registers_i/mhpmevent_q_reg[3][7]
         core_i/cs_registers_i/mscratch_q_reg[12]
         core_i/cs_registers_i/mepc_q_reg[31]
         core_i/cs_registers_i/mtvec_q_reg[3]
         core_i/cs_registers_i/dscratch1_q_reg[11]
         core_i/cs_registers_i/mscratch_q_reg[8]
         core_i/cs_registers_i/dscratch0_q_reg[5]
         core_i/cs_registers_i/mscratch_q_reg[7]
         core_i/cs_registers_i/dscratch1_q_reg[3]
         core_i/cs_registers_i/mhpmevent_q_reg[3][1]
         core_i/cs_registers_i/mhpmevent_q_reg[3][0]
         core_i/cs_registers_i/mepc_q_reg[12]
         core_i/cs_registers_i/mtvec_q_reg[0]
         core_i/cs_registers_i/depc_q_reg[1]
         core_i/cs_registers_i/mtvec_q_reg[21]
         core_i/cs_registers_i/mtvec_q_reg[19]
         core_i/cs_registers_i/mhpmevent_q_reg[3][6]
         core_i/cs_registers_i/dcsr_q_reg[ebreakm]
         core_i/cs_registers_i/dcsr_q_reg[cause][6]
         core_i/cs_registers_i/mhpmevent_q_reg[3][9]
         core_i/cs_registers_i/mhpmevent_q_reg[3][8]
         core_i/cs_registers_i/mie_q_reg[11]
         core_i/cs_registers_i/mie_q_reg[7]
         core_i/cs_registers_i/mie_q_reg[3]
         core_i/cs_registers_i/mhpmcounter_q_reg[3][33]
         core_i/cs_registers_i/mhpmcounter_q_reg[3][10]
         core_i/cs_registers_i/mhpmcounter_q_reg[3][11]
         core_i/cs_registers_i/mhpmcounter_q_reg[3][12]
         core_i/cs_registers_i/mhpmcounter_q_reg[3][13]
         core_i/cs_registers_i/mhpmcounter_q_reg[3][14]
         core_i/cs_registers_i/mhpmcounter_q_reg[3][15]
         core_i/cs_registers_i/mhpmcounter_q_reg[3][16]
         core_i/cs_registers_i/mhpmcounter_q_reg[3][17]
         core_i/cs_registers_i/mhpmcounter_q_reg[3][18]
         core_i/cs_registers_i/mhpmcounter_q_reg[3][19]
         core_i/cs_registers_i/mhpmcounter_q_reg[3][20]
         core_i/cs_registers_i/mhpmcounter_q_reg[3][21]
         core_i/cs_registers_i/mhpmcounter_q_reg[3][22]
         core_i/cs_registers_i/mhpmcounter_q_reg[3][23]
         core_i/cs_registers_i/mhpmcounter_q_reg[3][24]
         core_i/cs_registers_i/mhpmcounter_q_reg[3][25]
         core_i/cs_registers_i/mhpmcounter_q_reg[3][26]
         core_i/cs_registers_i/mhpmcounter_q_reg[3][27]
         core_i/cs_registers_i/mhpmcounter_q_reg[3][28]
         core_i/cs_registers_i/mhpmcounter_q_reg[3][29]
         core_i/cs_registers_i/mhpmcounter_q_reg[3][30]
         core_i/cs_registers_i/mhpmcounter_q_reg[3][31]
         core_i/cs_registers_i/mhpmcounter_q_reg[3][32]
         core_i/cs_registers_i/mhpmcounter_q_reg[3][34]
         core_i/cs_registers_i/mhpmcounter_q_reg[3][35]
         core_i/cs_registers_i/mhpmcounter_q_reg[3][36]
         core_i/cs_registers_i/mhpmcounter_q_reg[3][37]
         core_i/cs_registers_i/mhpmcounter_q_reg[3][38]
         core_i/cs_registers_i/mhpmcounter_q_reg[3][39]
         core_i/cs_registers_i/mhpmcounter_q_reg[2][10]
         core_i/cs_registers_i/mhpmcounter_q_reg[2][11]
         core_i/cs_registers_i/mhpmcounter_q_reg[2][12]
         core_i/cs_registers_i/mhpmcounter_q_reg[2][13]
         core_i/cs_registers_i/mhpmcounter_q_reg[2][14]
         core_i/cs_registers_i/mhpmcounter_q_reg[2][15]
         core_i/cs_registers_i/mhpmcounter_q_reg[2][16]
         core_i/cs_registers_i/mhpmcounter_q_reg[2][17]
         core_i/cs_registers_i/mhpmcounter_q_reg[2][18]
         core_i/cs_registers_i/mhpmcounter_q_reg[2][19]
         core_i/cs_registers_i/mhpmcounter_q_reg[2][20]
         core_i/cs_registers_i/mhpmcounter_q_reg[2][21]
         core_i/cs_registers_i/mhpmcounter_q_reg[2][22]
         core_i/cs_registers_i/mhpmcounter_q_reg[2][23]
         core_i/cs_registers_i/mhpmcounter_q_reg[2][24]
         core_i/cs_registers_i/mhpmcounter_q_reg[2][25]
         core_i/cs_registers_i/mhpmcounter_q_reg[2][26]
         core_i/cs_registers_i/mhpmcounter_q_reg[2][27]
         core_i/cs_registers_i/mhpmcounter_q_reg[2][28]
         core_i/cs_registers_i/mhpmcounter_q_reg[2][29]
         core_i/cs_registers_i/mhpmcounter_q_reg[2][30]
         core_i/cs_registers_i/mhpmcounter_q_reg[2][31]
         core_i/cs_registers_i/mhpmcounter_q_reg[2][32]
         core_i/cs_registers_i/mhpmcounter_q_reg[2][33]
         core_i/cs_registers_i/mhpmcounter_q_reg[2][34]
         core_i/cs_registers_i/mhpmcounter_q_reg[2][35]
         core_i/cs_registers_i/mhpmcounter_q_reg[2][36]
         core_i/cs_registers_i/mhpmcounter_q_reg[2][37]
         core_i/cs_registers_i/mhpmcounter_q_reg[2][38]
         core_i/cs_registers_i/mhpmcounter_q_reg[2][39]
         core_i/cs_registers_i/mhpmcounter_q_reg[0][39]
         core_i/cs_registers_i/mhpmcounter_q_reg[0][10]
         core_i/cs_registers_i/mhpmcounter_q_reg[0][11]
         core_i/cs_registers_i/mhpmcounter_q_reg[0][12]
         core_i/cs_registers_i/mhpmcounter_q_reg[0][13]
         core_i/cs_registers_i/mhpmcounter_q_reg[0][14]
         core_i/cs_registers_i/mhpmcounter_q_reg[0][15]
         core_i/cs_registers_i/mhpmcounter_q_reg[0][16]
         core_i/cs_registers_i/mhpmcounter_q_reg[0][17]
         core_i/cs_registers_i/mhpmcounter_q_reg[0][18]
         core_i/cs_registers_i/mhpmcounter_q_reg[0][19]
         core_i/cs_registers_i/mhpmcounter_q_reg[0][20]
         core_i/cs_registers_i/mhpmcounter_q_reg[0][21]
         core_i/cs_registers_i/mhpmcounter_q_reg[0][22]
         core_i/cs_registers_i/mhpmcounter_q_reg[0][23]
         core_i/cs_registers_i/mhpmcounter_q_reg[0][24]
         core_i/cs_registers_i/mhpmcounter_q_reg[0][25]
         core_i/cs_registers_i/mhpmcounter_q_reg[0][26]
         core_i/cs_registers_i/mhpmcounter_q_reg[0][27]
         core_i/cs_registers_i/mhpmcounter_q_reg[0][28]
         core_i/cs_registers_i/mhpmcounter_q_reg[0][29]
         core_i/cs_registers_i/mhpmcounter_q_reg[0][30]
         core_i/cs_registers_i/mhpmcounter_q_reg[0][31]
         core_i/cs_registers_i/mhpmcounter_q_reg[0][32]
         core_i/cs_registers_i/mhpmcounter_q_reg[0][33]
         core_i/cs_registers_i/mhpmcounter_q_reg[0][34]
         core_i/cs_registers_i/mhpmcounter_q_reg[0][35]
         core_i/cs_registers_i/mhpmcounter_q_reg[0][36]
         core_i/cs_registers_i/mhpmcounter_q_reg[0][37]
         core_i/cs_registers_i/mhpmcounter_q_reg[0][38]
         core_i/cs_registers_i/mstatus_q_reg[mie]
         core_i/cs_registers_i/gen_trigger_regs.tmatch_value_q_reg[31]
         core_i/cs_registers_i/gen_trigger_regs.tmatch_value_q_reg[28]
         core_i/cs_registers_i/gen_trigger_regs.tmatch_value_q_reg[26]
         core_i/cs_registers_i/gen_trigger_regs.tmatch_value_q_reg[25]
         core_i/cs_registers_i/gen_trigger_regs.tmatch_value_q_reg[24]
         core_i/cs_registers_i/gen_trigger_regs.tmatch_value_q_reg[23]
         core_i/cs_registers_i/gen_trigger_regs.tmatch_value_q_reg[22]
         core_i/cs_registers_i/gen_trigger_regs.tmatch_value_q_reg[21]
         core_i/cs_registers_i/gen_trigger_regs.tmatch_value_q_reg[20]
         core_i/cs_registers_i/gen_trigger_regs.tmatch_value_q_reg[19]
         core_i/cs_registers_i/gen_trigger_regs.tmatch_value_q_reg[18]
         core_i/cs_registers_i/gen_trigger_regs.tmatch_value_q_reg[17]
         core_i/cs_registers_i/gen_trigger_regs.tmatch_value_q_reg[16]
         core_i/cs_registers_i/gen_trigger_regs.tmatch_value_q_reg[10]
         core_i/cs_registers_i/gen_trigger_regs.tmatch_value_q_reg[9]
         core_i/cs_registers_i/gen_trigger_regs.tmatch_value_q_reg[4]
         core_i/cs_registers_i/gen_trigger_regs.tmatch_value_q_reg[14]
         core_i/cs_registers_i/gen_trigger_regs.tmatch_value_q_reg[13]
         core_i/cs_registers_i/gen_trigger_regs.tmatch_value_q_reg[5]
         core_i/cs_registers_i/gen_trigger_regs.tmatch_value_q_reg[11]
         core_i/cs_registers_i/mie_q_reg[30]
         core_i/cs_registers_i/mie_q_reg[17]
         core_i/cs_registers_i/gen_trigger_regs.tmatch_value_q_reg[0]
         core_i/cs_registers_i/mie_q_reg[29]
         core_i/cs_registers_i/mie_q_reg[27]
         core_i/cs_registers_i/mie_q_reg[31]
         core_i/cs_registers_i/mie_q_reg[28]
         core_i/cs_registers_i/mie_q_reg[26]
         core_i/cs_registers_i/mie_q_reg[25]
         core_i/cs_registers_i/mie_q_reg[24]
         core_i/cs_registers_i/mie_q_reg[23]
         core_i/cs_registers_i/mie_q_reg[22]
         core_i/cs_registers_i/mie_q_reg[21]
         core_i/cs_registers_i/mie_q_reg[20]
         core_i/cs_registers_i/mie_q_reg[19]
         core_i/cs_registers_i/mie_q_reg[18]
         core_i/cs_registers_i/mie_q_reg[16]
         core_i/cs_registers_i/gen_trigger_regs.tmatch_value_q_reg[2]
         core_i/cs_registers_i/gen_trigger_regs.tmatch_value_q_reg[7]
         core_i/cs_registers_i/gen_trigger_regs.tmatch_value_q_reg[3]
         core_i/cs_registers_i/gen_trigger_regs.tmatch_control_exec_q_reg
         core_i/cs_registers_i/gen_trigger_regs.tmatch_value_q_reg[15]
         core_i/cs_registers_i/gen_trigger_regs.tmatch_value_q_reg[12]
         core_i/cs_registers_i/dcsr_q_reg[step]
         core_i/cs_registers_i/gen_trigger_regs.tmatch_value_q_reg[30]
         core_i/cs_registers_i/gen_trigger_regs.tmatch_value_q_reg[29]
         core_i/cs_registers_i/gen_trigger_regs.tmatch_value_q_reg[27]
         core_i/cs_registers_i/gen_trigger_regs.tmatch_value_q_reg[8]
         core_i/cs_registers_i/gen_trigger_regs.tmatch_value_q_reg[6]
         core_i/cs_registers_i/dcsr_q_reg[stepie]
         core_i/cs_registers_i/gen_trigger_regs.tmatch_value_q_reg[1]
         core_i/cs_registers_i/mhpmcounter_q_reg[3][1]
         core_i/cs_registers_i/mhpmcounter_q_reg[3][2]
         core_i/cs_registers_i/mhpmcounter_q_reg[3][3]
         core_i/cs_registers_i/mhpmcounter_q_reg[3][4]
         core_i/cs_registers_i/mhpmcounter_q_reg[3][5]
         core_i/cs_registers_i/mhpmcounter_q_reg[3][6]
         core_i/cs_registers_i/mhpmcounter_q_reg[3][7]
         core_i/cs_registers_i/mhpmcounter_q_reg[3][8]
         core_i/cs_registers_i/mhpmcounter_q_reg[3][9]
         core_i/cs_registers_i/mhpmcounter_q_reg[2][7]
         core_i/cs_registers_i/mhpmcounter_q_reg[2][1]
         core_i/cs_registers_i/mhpmcounter_q_reg[2][2]
         core_i/cs_registers_i/mhpmcounter_q_reg[2][3]
         core_i/cs_registers_i/mhpmcounter_q_reg[2][4]
         core_i/cs_registers_i/mhpmcounter_q_reg[2][5]
         core_i/cs_registers_i/mhpmcounter_q_reg[2][6]
         core_i/cs_registers_i/mhpmcounter_q_reg[2][8]
         core_i/cs_registers_i/mhpmcounter_q_reg[2][9]
         core_i/cs_registers_i/mhpmcounter_q_reg[0][1]
         core_i/cs_registers_i/mhpmcounter_q_reg[0][2]
         core_i/cs_registers_i/mhpmcounter_q_reg[0][3]
         core_i/cs_registers_i/mhpmcounter_q_reg[0][4]
         core_i/cs_registers_i/mhpmcounter_q_reg[0][5]
         core_i/cs_registers_i/mhpmcounter_q_reg[0][6]
         core_i/cs_registers_i/mhpmcounter_q_reg[0][7]
         core_i/cs_registers_i/mhpmcounter_q_reg[0][8]
         core_i/cs_registers_i/mhpmcounter_q_reg[0][9]
         core_i/cs_registers_i/mhpmcounter_q_reg[3][0]
         core_i/cs_registers_i/mhpmcounter_q_reg[2][0]
         core_i/cs_registers_i/mhpmcounter_q_reg[0][0]
         core_i/if_stage_i/aligner_i/hwlp_update_pc_q_reg
         core_i/if_stage_i/aligner_i/hwlp_addr_q_reg[1]
         core_i/if_stage_i/aligner_i/hwlp_addr_q_reg[2]
         core_i/if_stage_i/aligner_i/hwlp_addr_q_reg[3]
         core_i/if_stage_i/aligner_i/hwlp_addr_q_reg[4]
         core_i/if_stage_i/aligner_i/hwlp_addr_q_reg[5]
         core_i/if_stage_i/aligner_i/hwlp_addr_q_reg[6]
         core_i/if_stage_i/aligner_i/hwlp_addr_q_reg[7]
         core_i/if_stage_i/aligner_i/hwlp_addr_q_reg[8]
         core_i/if_stage_i/aligner_i/hwlp_addr_q_reg[9]
         core_i/if_stage_i/aligner_i/hwlp_addr_q_reg[10]
         core_i/if_stage_i/aligner_i/hwlp_addr_q_reg[11]
         core_i/if_stage_i/aligner_i/hwlp_addr_q_reg[12]
         core_i/if_stage_i/aligner_i/hwlp_addr_q_reg[13]
         core_i/if_stage_i/aligner_i/hwlp_addr_q_reg[14]
         core_i/if_stage_i/aligner_i/hwlp_addr_q_reg[15]
         core_i/if_stage_i/aligner_i/hwlp_addr_q_reg[16]
         core_i/if_stage_i/aligner_i/hwlp_addr_q_reg[17]
         core_i/if_stage_i/aligner_i/hwlp_addr_q_reg[18]
         core_i/if_stage_i/aligner_i/hwlp_addr_q_reg[19]
         core_i/if_stage_i/aligner_i/hwlp_addr_q_reg[20]
         core_i/if_stage_i/aligner_i/hwlp_addr_q_reg[21]
         core_i/if_stage_i/aligner_i/hwlp_addr_q_reg[22]
         core_i/if_stage_i/aligner_i/hwlp_addr_q_reg[23]
         core_i/if_stage_i/aligner_i/hwlp_addr_q_reg[24]
         core_i/if_stage_i/aligner_i/hwlp_addr_q_reg[25]
         core_i/if_stage_i/aligner_i/hwlp_addr_q_reg[26]
         core_i/if_stage_i/aligner_i/hwlp_addr_q_reg[27]
         core_i/if_stage_i/aligner_i/hwlp_addr_q_reg[28]
         core_i/if_stage_i/aligner_i/hwlp_addr_q_reg[29]
         core_i/if_stage_i/aligner_i/hwlp_addr_q_reg[30]
         core_i/if_stage_i/aligner_i/hwlp_addr_q_reg[31]
         core_i/if_stage_i/aligner_i/hwlp_addr_q_reg[0]
         core_i/if_stage_i/aligner_i/r_instr_h_reg[2]
         core_i/if_stage_i/aligner_i/r_instr_h_reg[3]
         core_i/if_stage_i/aligner_i/r_instr_h_reg[4]
         core_i/if_stage_i/aligner_i/r_instr_h_reg[5]
         core_i/if_stage_i/aligner_i/r_instr_h_reg[6]
         core_i/if_stage_i/aligner_i/r_instr_h_reg[7]
         core_i/if_stage_i/aligner_i/r_instr_h_reg[8]
         core_i/if_stage_i/aligner_i/r_instr_h_reg[9]
         core_i/if_stage_i/aligner_i/r_instr_h_reg[10]
         core_i/if_stage_i/aligner_i/r_instr_h_reg[11]
         core_i/if_stage_i/aligner_i/r_instr_h_reg[12]
         core_i/if_stage_i/aligner_i/r_instr_h_reg[13]
         core_i/if_stage_i/aligner_i/r_instr_h_reg[14]
         core_i/if_stage_i/aligner_i/r_instr_h_reg[15]
         core_i/if_stage_i/aligner_i/state_reg[1]
         core_i/if_stage_i/aligner_i/state_reg[0]
         core_i/if_stage_i/aligner_i/r_instr_h_reg[0]
         core_i/if_stage_i/aligner_i/r_instr_h_reg[1]
         core_i/if_stage_i/aligner_i/aligner_ready_q_reg
         core_i/if_stage_i/aligner_i/pc_q_reg[31]
         core_i/if_stage_i/aligner_i/pc_q_reg[16]
         core_i/if_stage_i/aligner_i/pc_q_reg[17]
         core_i/if_stage_i/aligner_i/pc_q_reg[18]
         core_i/if_stage_i/aligner_i/pc_q_reg[19]
         core_i/if_stage_i/aligner_i/pc_q_reg[20]
         core_i/if_stage_i/aligner_i/pc_q_reg[21]
         core_i/if_stage_i/aligner_i/pc_q_reg[22]
         core_i/if_stage_i/aligner_i/pc_q_reg[23]
         core_i/if_stage_i/aligner_i/pc_q_reg[24]
         core_i/if_stage_i/aligner_i/pc_q_reg[25]
         core_i/if_stage_i/aligner_i/pc_q_reg[26]
         core_i/if_stage_i/aligner_i/pc_q_reg[27]
         core_i/if_stage_i/aligner_i/pc_q_reg[28]
         core_i/if_stage_i/aligner_i/pc_q_reg[29]
         core_i/if_stage_i/aligner_i/pc_q_reg[30]
         core_i/if_stage_i/aligner_i/pc_q_reg[0]
         core_i/if_stage_i/aligner_i/pc_q_reg[3]
         core_i/if_stage_i/aligner_i/pc_q_reg[4]
         core_i/if_stage_i/aligner_i/pc_q_reg[5]
         core_i/if_stage_i/aligner_i/pc_q_reg[6]
         core_i/if_stage_i/aligner_i/pc_q_reg[7]
         core_i/if_stage_i/aligner_i/pc_q_reg[8]
         core_i/if_stage_i/aligner_i/pc_q_reg[9]
         core_i/if_stage_i/aligner_i/pc_q_reg[10]
         core_i/if_stage_i/aligner_i/pc_q_reg[11]
         core_i/if_stage_i/aligner_i/pc_q_reg[12]
         core_i/if_stage_i/aligner_i/pc_q_reg[13]
         core_i/if_stage_i/aligner_i/pc_q_reg[14]
         core_i/if_stage_i/aligner_i/pc_q_reg[15]
         core_i/if_stage_i/aligner_i/pc_q_reg[2]
         core_i/if_stage_i/aligner_i/pc_q_reg[1]
         core_i/id_stage_i/register_file_i/mem_reg[3][31]
         core_i/id_stage_i/register_file_i/mem_reg[3][30]
         core_i/id_stage_i/register_file_i/mem_reg[3][29]
         core_i/id_stage_i/register_file_i/mem_reg[3][28]
         core_i/id_stage_i/register_file_i/mem_reg[3][27]
         core_i/id_stage_i/register_file_i/mem_reg[3][26]
         core_i/id_stage_i/register_file_i/mem_reg[3][25]
         core_i/id_stage_i/register_file_i/mem_reg[3][24]
         core_i/id_stage_i/register_file_i/mem_reg[3][23]
         core_i/id_stage_i/register_file_i/mem_reg[3][22]
         core_i/id_stage_i/register_file_i/mem_reg[3][21]
         core_i/id_stage_i/register_file_i/mem_reg[3][20]
         core_i/id_stage_i/register_file_i/mem_reg[3][19]
         core_i/id_stage_i/register_file_i/mem_reg[3][18]
         core_i/id_stage_i/register_file_i/mem_reg[5][31]
         core_i/id_stage_i/register_file_i/mem_reg[5][30]
         core_i/id_stage_i/register_file_i/mem_reg[5][29]
         core_i/id_stage_i/register_file_i/mem_reg[5][28]
         core_i/id_stage_i/register_file_i/mem_reg[5][27]
         core_i/id_stage_i/register_file_i/mem_reg[5][26]
         core_i/id_stage_i/register_file_i/mem_reg[5][25]
         core_i/id_stage_i/register_file_i/mem_reg[5][24]
         core_i/id_stage_i/register_file_i/mem_reg[5][23]
         core_i/id_stage_i/register_file_i/mem_reg[5][22]
         core_i/id_stage_i/register_file_i/mem_reg[5][21]
         core_i/id_stage_i/register_file_i/mem_reg[5][20]
         core_i/id_stage_i/register_file_i/mem_reg[5][19]
         core_i/id_stage_i/register_file_i/mem_reg[5][18]
         core_i/id_stage_i/register_file_i/mem_reg[7][31]
         core_i/id_stage_i/register_file_i/mem_reg[7][30]
         core_i/id_stage_i/register_file_i/mem_reg[7][29]
         core_i/id_stage_i/register_file_i/mem_reg[7][28]
         core_i/id_stage_i/register_file_i/mem_reg[7][27]
         core_i/id_stage_i/register_file_i/mem_reg[7][26]
         core_i/id_stage_i/register_file_i/mem_reg[7][25]
         core_i/id_stage_i/register_file_i/mem_reg[7][24]
         core_i/id_stage_i/register_file_i/mem_reg[7][23]
         core_i/id_stage_i/register_file_i/mem_reg[7][22]
         core_i/id_stage_i/register_file_i/mem_reg[7][21]
         core_i/id_stage_i/register_file_i/mem_reg[7][20]
         core_i/id_stage_i/register_file_i/mem_reg[7][19]
         core_i/id_stage_i/register_file_i/mem_reg[7][18]
         core_i/id_stage_i/register_file_i/mem_reg[9][31]
         core_i/id_stage_i/register_file_i/mem_reg[9][30]
         core_i/id_stage_i/register_file_i/mem_reg[9][29]
         core_i/id_stage_i/register_file_i/mem_reg[9][28]
         core_i/id_stage_i/register_file_i/mem_reg[9][27]
         core_i/id_stage_i/register_file_i/mem_reg[9][26]
         core_i/id_stage_i/register_file_i/mem_reg[9][25]
         core_i/id_stage_i/register_file_i/mem_reg[9][24]
         core_i/id_stage_i/register_file_i/mem_reg[9][23]
         core_i/id_stage_i/register_file_i/mem_reg[9][22]
         core_i/id_stage_i/register_file_i/mem_reg[9][21]
         core_i/id_stage_i/register_file_i/mem_reg[9][20]
         core_i/id_stage_i/register_file_i/mem_reg[9][19]
         core_i/id_stage_i/register_file_i/mem_reg[9][18]
         core_i/id_stage_i/register_file_i/mem_reg[11][31]
         core_i/id_stage_i/register_file_i/mem_reg[11][30]
         core_i/id_stage_i/register_file_i/mem_reg[11][29]
         core_i/id_stage_i/register_file_i/mem_reg[11][28]
         core_i/id_stage_i/register_file_i/mem_reg[11][27]
         core_i/id_stage_i/register_file_i/mem_reg[11][26]
         core_i/id_stage_i/register_file_i/mem_reg[11][25]
         core_i/id_stage_i/register_file_i/mem_reg[11][24]
         core_i/id_stage_i/register_file_i/mem_reg[11][23]
         core_i/id_stage_i/register_file_i/mem_reg[11][22]
         core_i/id_stage_i/register_file_i/mem_reg[11][21]
         core_i/id_stage_i/register_file_i/mem_reg[11][20]
         core_i/id_stage_i/register_file_i/mem_reg[11][19]
         core_i/id_stage_i/register_file_i/mem_reg[11][18]
         core_i/id_stage_i/register_file_i/mem_reg[13][31]
         core_i/id_stage_i/register_file_i/mem_reg[13][30]
         core_i/id_stage_i/register_file_i/mem_reg[13][29]
         core_i/id_stage_i/register_file_i/mem_reg[13][28]
         core_i/id_stage_i/register_file_i/mem_reg[13][27]
         core_i/id_stage_i/register_file_i/mem_reg[13][26]
         core_i/id_stage_i/register_file_i/mem_reg[13][25]
         core_i/id_stage_i/register_file_i/mem_reg[13][24]
         core_i/id_stage_i/register_file_i/mem_reg[13][23]
         core_i/id_stage_i/register_file_i/mem_reg[13][22]
         core_i/id_stage_i/register_file_i/mem_reg[13][21]
         core_i/id_stage_i/register_file_i/mem_reg[13][20]
         core_i/id_stage_i/register_file_i/mem_reg[13][19]
         core_i/id_stage_i/register_file_i/mem_reg[13][18]
         core_i/id_stage_i/register_file_i/mem_reg[15][31]
         core_i/id_stage_i/register_file_i/mem_reg[15][30]
         core_i/id_stage_i/register_file_i/mem_reg[15][29]
         core_i/id_stage_i/register_file_i/mem_reg[15][28]
         core_i/id_stage_i/register_file_i/mem_reg[15][27]
         core_i/id_stage_i/register_file_i/mem_reg[15][26]
         core_i/id_stage_i/register_file_i/mem_reg[15][25]
         core_i/id_stage_i/register_file_i/mem_reg[15][24]
         core_i/id_stage_i/register_file_i/mem_reg[15][23]
         core_i/id_stage_i/register_file_i/mem_reg[15][22]
         core_i/id_stage_i/register_file_i/mem_reg[15][21]
         core_i/id_stage_i/register_file_i/mem_reg[15][20]
         core_i/id_stage_i/register_file_i/mem_reg[15][19]
         core_i/id_stage_i/register_file_i/mem_reg[15][18]
         core_i/id_stage_i/register_file_i/mem_reg[17][31]
         core_i/id_stage_i/register_file_i/mem_reg[17][30]
         core_i/id_stage_i/register_file_i/mem_reg[17][29]
         core_i/id_stage_i/register_file_i/mem_reg[17][28]
         core_i/id_stage_i/register_file_i/mem_reg[17][27]
         core_i/id_stage_i/register_file_i/mem_reg[17][26]
         core_i/id_stage_i/register_file_i/mem_reg[17][25]
         core_i/id_stage_i/register_file_i/mem_reg[17][24]
         core_i/id_stage_i/register_file_i/mem_reg[17][23]
         core_i/id_stage_i/register_file_i/mem_reg[17][22]
         core_i/id_stage_i/register_file_i/mem_reg[17][21]
         core_i/id_stage_i/register_file_i/mem_reg[17][20]
         core_i/id_stage_i/register_file_i/mem_reg[17][19]
         core_i/id_stage_i/register_file_i/mem_reg[17][18]
         core_i/id_stage_i/register_file_i/mem_reg[17][17]
         core_i/id_stage_i/register_file_i/mem_reg[19][31]
         core_i/id_stage_i/register_file_i/mem_reg[19][30]
         core_i/id_stage_i/register_file_i/mem_reg[19][29]
         core_i/id_stage_i/register_file_i/mem_reg[19][28]
         core_i/id_stage_i/register_file_i/mem_reg[19][27]
         core_i/id_stage_i/register_file_i/mem_reg[19][26]
         core_i/id_stage_i/register_file_i/mem_reg[19][25]
         core_i/id_stage_i/register_file_i/mem_reg[19][24]
         core_i/id_stage_i/register_file_i/mem_reg[19][23]
         core_i/id_stage_i/register_file_i/mem_reg[19][22]
         core_i/id_stage_i/register_file_i/mem_reg[19][21]
         core_i/id_stage_i/register_file_i/mem_reg[19][20]
         core_i/id_stage_i/register_file_i/mem_reg[19][19]
         core_i/id_stage_i/register_file_i/mem_reg[19][18]
         core_i/id_stage_i/register_file_i/mem_reg[19][17]
         core_i/id_stage_i/register_file_i/mem_reg[21][31]
         core_i/id_stage_i/register_file_i/mem_reg[21][30]
         core_i/id_stage_i/register_file_i/mem_reg[21][29]
         core_i/id_stage_i/register_file_i/mem_reg[21][28]
         core_i/id_stage_i/register_file_i/mem_reg[21][27]
         core_i/id_stage_i/register_file_i/mem_reg[21][26]
         core_i/id_stage_i/register_file_i/mem_reg[21][25]
         core_i/id_stage_i/register_file_i/mem_reg[21][24]
         core_i/id_stage_i/register_file_i/mem_reg[21][23]
         core_i/id_stage_i/register_file_i/mem_reg[21][22]
         core_i/id_stage_i/register_file_i/mem_reg[21][21]
         core_i/id_stage_i/register_file_i/mem_reg[21][20]
         core_i/id_stage_i/register_file_i/mem_reg[21][19]
         core_i/id_stage_i/register_file_i/mem_reg[21][18]
         core_i/id_stage_i/register_file_i/mem_reg[21][17]
         core_i/id_stage_i/register_file_i/mem_reg[23][31]
         core_i/id_stage_i/register_file_i/mem_reg[23][30]
         core_i/id_stage_i/register_file_i/mem_reg[23][29]
         core_i/id_stage_i/register_file_i/mem_reg[23][28]
         core_i/id_stage_i/register_file_i/mem_reg[23][27]
         core_i/id_stage_i/register_file_i/mem_reg[23][26]
         core_i/id_stage_i/register_file_i/mem_reg[23][25]
         core_i/id_stage_i/register_file_i/mem_reg[23][24]
         core_i/id_stage_i/register_file_i/mem_reg[23][23]
         core_i/id_stage_i/register_file_i/mem_reg[23][22]
         core_i/id_stage_i/register_file_i/mem_reg[23][21]
         core_i/id_stage_i/register_file_i/mem_reg[23][20]
         core_i/id_stage_i/register_file_i/mem_reg[23][19]
         core_i/id_stage_i/register_file_i/mem_reg[23][18]
         core_i/id_stage_i/register_file_i/mem_reg[25][31]
         core_i/id_stage_i/register_file_i/mem_reg[25][30]
         core_i/id_stage_i/register_file_i/mem_reg[25][29]
         core_i/id_stage_i/register_file_i/mem_reg[25][28]
         core_i/id_stage_i/register_file_i/mem_reg[25][27]
         core_i/id_stage_i/register_file_i/mem_reg[25][26]
         core_i/id_stage_i/register_file_i/mem_reg[25][25]
         core_i/id_stage_i/register_file_i/mem_reg[25][24]
         core_i/id_stage_i/register_file_i/mem_reg[25][23]
         core_i/id_stage_i/register_file_i/mem_reg[25][22]
         core_i/id_stage_i/register_file_i/mem_reg[25][21]
         core_i/id_stage_i/register_file_i/mem_reg[25][20]
         core_i/id_stage_i/register_file_i/mem_reg[25][19]
         core_i/id_stage_i/register_file_i/mem_reg[25][18]
         core_i/id_stage_i/register_file_i/mem_reg[25][17]
         core_i/id_stage_i/register_file_i/mem_reg[27][31]
         core_i/id_stage_i/register_file_i/mem_reg[27][30]
         core_i/id_stage_i/register_file_i/mem_reg[27][29]
         core_i/id_stage_i/register_file_i/mem_reg[27][28]
         core_i/id_stage_i/register_file_i/mem_reg[27][27]
         core_i/id_stage_i/register_file_i/mem_reg[27][26]
         core_i/id_stage_i/register_file_i/mem_reg[27][25]
         core_i/id_stage_i/register_file_i/mem_reg[27][24]
         core_i/id_stage_i/register_file_i/mem_reg[27][23]
         core_i/id_stage_i/register_file_i/mem_reg[27][22]
         core_i/id_stage_i/register_file_i/mem_reg[27][21]
         core_i/id_stage_i/register_file_i/mem_reg[27][20]
         core_i/id_stage_i/register_file_i/mem_reg[27][19]
         core_i/id_stage_i/register_file_i/mem_reg[27][18]
         core_i/id_stage_i/register_file_i/mem_reg[29][31]
         core_i/id_stage_i/register_file_i/mem_reg[29][30]
         core_i/id_stage_i/register_file_i/mem_reg[29][29]
         core_i/id_stage_i/register_file_i/mem_reg[29][28]
         core_i/id_stage_i/register_file_i/mem_reg[29][27]
         core_i/id_stage_i/register_file_i/mem_reg[29][26]
         core_i/id_stage_i/register_file_i/mem_reg[29][25]
         core_i/id_stage_i/register_file_i/mem_reg[29][24]
         core_i/id_stage_i/register_file_i/mem_reg[29][23]
         core_i/id_stage_i/register_file_i/mem_reg[29][22]
         core_i/id_stage_i/register_file_i/mem_reg[29][21]
         core_i/id_stage_i/register_file_i/mem_reg[29][20]
         core_i/id_stage_i/register_file_i/mem_reg[29][19]
         core_i/id_stage_i/register_file_i/mem_reg[29][18]
         core_i/id_stage_i/register_file_i/mem_reg[31][31]
         core_i/id_stage_i/register_file_i/mem_reg[31][30]
         core_i/id_stage_i/register_file_i/mem_reg[31][29]
         core_i/id_stage_i/register_file_i/mem_reg[31][28]
         core_i/id_stage_i/register_file_i/mem_reg[31][27]
         core_i/id_stage_i/register_file_i/mem_reg[31][26]
         core_i/id_stage_i/register_file_i/mem_reg[31][25]
         core_i/id_stage_i/register_file_i/mem_reg[31][24]
         core_i/id_stage_i/register_file_i/mem_reg[31][23]
         core_i/id_stage_i/register_file_i/mem_reg[31][22]
         core_i/id_stage_i/register_file_i/mem_reg[31][21]
         core_i/id_stage_i/register_file_i/mem_reg[31][20]
         core_i/id_stage_i/register_file_i/mem_reg[31][19]
         core_i/id_stage_i/register_file_i/mem_reg[31][18]
         core_i/id_stage_i/register_file_i/mem_reg[2][31]
         core_i/id_stage_i/register_file_i/mem_reg[2][30]
         core_i/id_stage_i/register_file_i/mem_reg[2][29]
         core_i/id_stage_i/register_file_i/mem_reg[2][28]
         core_i/id_stage_i/register_file_i/mem_reg[2][27]
         core_i/id_stage_i/register_file_i/mem_reg[2][26]
         core_i/id_stage_i/register_file_i/mem_reg[2][25]
         core_i/id_stage_i/register_file_i/mem_reg[2][24]
         core_i/id_stage_i/register_file_i/mem_reg[2][23]
         core_i/id_stage_i/register_file_i/mem_reg[2][22]
         core_i/id_stage_i/register_file_i/mem_reg[2][21]
         core_i/id_stage_i/register_file_i/mem_reg[2][20]
         core_i/id_stage_i/register_file_i/mem_reg[2][19]
         core_i/id_stage_i/register_file_i/mem_reg[2][18]
         core_i/id_stage_i/register_file_i/mem_reg[4][31]
         core_i/id_stage_i/register_file_i/mem_reg[4][30]
         core_i/id_stage_i/register_file_i/mem_reg[4][29]
         core_i/id_stage_i/register_file_i/mem_reg[4][28]
         core_i/id_stage_i/register_file_i/mem_reg[4][27]
         core_i/id_stage_i/register_file_i/mem_reg[4][26]
         core_i/id_stage_i/register_file_i/mem_reg[4][25]
         core_i/id_stage_i/register_file_i/mem_reg[4][24]
         core_i/id_stage_i/register_file_i/mem_reg[4][23]
         core_i/id_stage_i/register_file_i/mem_reg[4][22]
         core_i/id_stage_i/register_file_i/mem_reg[4][21]
         core_i/id_stage_i/register_file_i/mem_reg[4][20]
         core_i/id_stage_i/register_file_i/mem_reg[4][19]
         core_i/id_stage_i/register_file_i/mem_reg[4][18]
         core_i/id_stage_i/register_file_i/mem_reg[6][31]
         core_i/id_stage_i/register_file_i/mem_reg[6][30]
         core_i/id_stage_i/register_file_i/mem_reg[6][29]
         core_i/id_stage_i/register_file_i/mem_reg[6][28]
         core_i/id_stage_i/register_file_i/mem_reg[6][27]
         core_i/id_stage_i/register_file_i/mem_reg[6][26]
         core_i/id_stage_i/register_file_i/mem_reg[6][25]
         core_i/id_stage_i/register_file_i/mem_reg[6][24]
         core_i/id_stage_i/register_file_i/mem_reg[6][23]
         core_i/id_stage_i/register_file_i/mem_reg[6][22]
         core_i/id_stage_i/register_file_i/mem_reg[6][21]
         core_i/id_stage_i/register_file_i/mem_reg[6][20]
         core_i/id_stage_i/register_file_i/mem_reg[6][19]
         core_i/id_stage_i/register_file_i/mem_reg[6][18]
         core_i/id_stage_i/register_file_i/mem_reg[8][31]
         core_i/id_stage_i/register_file_i/mem_reg[8][30]
         core_i/id_stage_i/register_file_i/mem_reg[8][29]
         core_i/id_stage_i/register_file_i/mem_reg[8][28]
         core_i/id_stage_i/register_file_i/mem_reg[8][27]
         core_i/id_stage_i/register_file_i/mem_reg[8][26]
         core_i/id_stage_i/register_file_i/mem_reg[8][25]
         core_i/id_stage_i/register_file_i/mem_reg[8][24]
         core_i/id_stage_i/register_file_i/mem_reg[8][23]
         core_i/id_stage_i/register_file_i/mem_reg[8][22]
         core_i/id_stage_i/register_file_i/mem_reg[8][21]
         core_i/id_stage_i/register_file_i/mem_reg[8][20]
         core_i/id_stage_i/register_file_i/mem_reg[8][19]
         core_i/id_stage_i/register_file_i/mem_reg[8][18]
         core_i/id_stage_i/register_file_i/mem_reg[10][31]
         core_i/id_stage_i/register_file_i/mem_reg[10][30]
         core_i/id_stage_i/register_file_i/mem_reg[10][29]
         core_i/id_stage_i/register_file_i/mem_reg[10][28]
         core_i/id_stage_i/register_file_i/mem_reg[10][27]
         core_i/id_stage_i/register_file_i/mem_reg[10][26]
         core_i/id_stage_i/register_file_i/mem_reg[10][25]
         core_i/id_stage_i/register_file_i/mem_reg[10][24]
         core_i/id_stage_i/register_file_i/mem_reg[10][23]
         core_i/id_stage_i/register_file_i/mem_reg[10][22]
         core_i/id_stage_i/register_file_i/mem_reg[10][21]
         core_i/id_stage_i/register_file_i/mem_reg[10][20]
         core_i/id_stage_i/register_file_i/mem_reg[10][19]
         core_i/id_stage_i/register_file_i/mem_reg[10][18]
         core_i/id_stage_i/register_file_i/mem_reg[12][31]
         core_i/id_stage_i/register_file_i/mem_reg[12][30]
         core_i/id_stage_i/register_file_i/mem_reg[12][29]
         core_i/id_stage_i/register_file_i/mem_reg[12][28]
         core_i/id_stage_i/register_file_i/mem_reg[12][27]
         core_i/id_stage_i/register_file_i/mem_reg[12][26]
         core_i/id_stage_i/register_file_i/mem_reg[12][25]
         core_i/id_stage_i/register_file_i/mem_reg[12][24]
         core_i/id_stage_i/register_file_i/mem_reg[12][23]
         core_i/id_stage_i/register_file_i/mem_reg[12][22]
         core_i/id_stage_i/register_file_i/mem_reg[12][21]
         core_i/id_stage_i/register_file_i/mem_reg[12][20]
         core_i/id_stage_i/register_file_i/mem_reg[12][19]
         core_i/id_stage_i/register_file_i/mem_reg[12][18]
         core_i/id_stage_i/register_file_i/mem_reg[14][31]
         core_i/id_stage_i/register_file_i/mem_reg[14][30]
         core_i/id_stage_i/register_file_i/mem_reg[14][29]
         core_i/id_stage_i/register_file_i/mem_reg[14][28]
         core_i/id_stage_i/register_file_i/mem_reg[14][27]
         core_i/id_stage_i/register_file_i/mem_reg[14][26]
         core_i/id_stage_i/register_file_i/mem_reg[14][25]
         core_i/id_stage_i/register_file_i/mem_reg[14][24]
         core_i/id_stage_i/register_file_i/mem_reg[14][23]
         core_i/id_stage_i/register_file_i/mem_reg[14][22]
         core_i/id_stage_i/register_file_i/mem_reg[14][21]
         core_i/id_stage_i/register_file_i/mem_reg[14][20]
         core_i/id_stage_i/register_file_i/mem_reg[14][19]
         core_i/id_stage_i/register_file_i/mem_reg[14][18]
         core_i/id_stage_i/register_file_i/mem_reg[16][31]
         core_i/id_stage_i/register_file_i/mem_reg[16][30]
         core_i/id_stage_i/register_file_i/mem_reg[16][29]
         core_i/id_stage_i/register_file_i/mem_reg[16][28]
         core_i/id_stage_i/register_file_i/mem_reg[16][27]
         core_i/id_stage_i/register_file_i/mem_reg[16][26]
         core_i/id_stage_i/register_file_i/mem_reg[16][25]
         core_i/id_stage_i/register_file_i/mem_reg[16][24]
         core_i/id_stage_i/register_file_i/mem_reg[16][23]
         core_i/id_stage_i/register_file_i/mem_reg[16][22]
         core_i/id_stage_i/register_file_i/mem_reg[16][21]
         core_i/id_stage_i/register_file_i/mem_reg[16][20]
         core_i/id_stage_i/register_file_i/mem_reg[16][19]
         core_i/id_stage_i/register_file_i/mem_reg[16][18]
         core_i/id_stage_i/register_file_i/mem_reg[18][31]
         core_i/id_stage_i/register_file_i/mem_reg[18][30]
         core_i/id_stage_i/register_file_i/mem_reg[18][29]
         core_i/id_stage_i/register_file_i/mem_reg[18][28]
         core_i/id_stage_i/register_file_i/mem_reg[18][27]
         core_i/id_stage_i/register_file_i/mem_reg[18][26]
         core_i/id_stage_i/register_file_i/mem_reg[18][25]
         core_i/id_stage_i/register_file_i/mem_reg[18][24]
         core_i/id_stage_i/register_file_i/mem_reg[18][23]
         core_i/id_stage_i/register_file_i/mem_reg[18][22]
         core_i/id_stage_i/register_file_i/mem_reg[18][21]
         core_i/id_stage_i/register_file_i/mem_reg[18][20]
         core_i/id_stage_i/register_file_i/mem_reg[18][19]
         core_i/id_stage_i/register_file_i/mem_reg[18][18]
         core_i/id_stage_i/register_file_i/mem_reg[20][31]
         core_i/id_stage_i/register_file_i/mem_reg[20][30]
         core_i/id_stage_i/register_file_i/mem_reg[20][29]
         core_i/id_stage_i/register_file_i/mem_reg[20][28]
         core_i/id_stage_i/register_file_i/mem_reg[20][27]
         core_i/id_stage_i/register_file_i/mem_reg[20][26]
         core_i/id_stage_i/register_file_i/mem_reg[20][25]
         core_i/id_stage_i/register_file_i/mem_reg[20][24]
         core_i/id_stage_i/register_file_i/mem_reg[20][23]
         core_i/id_stage_i/register_file_i/mem_reg[20][22]
         core_i/id_stage_i/register_file_i/mem_reg[20][21]
         core_i/id_stage_i/register_file_i/mem_reg[20][20]
         core_i/id_stage_i/register_file_i/mem_reg[20][19]
         core_i/id_stage_i/register_file_i/mem_reg[20][18]
         core_i/id_stage_i/register_file_i/mem_reg[22][31]
         core_i/id_stage_i/register_file_i/mem_reg[22][30]
         core_i/id_stage_i/register_file_i/mem_reg[22][29]
         core_i/id_stage_i/register_file_i/mem_reg[22][28]
         core_i/id_stage_i/register_file_i/mem_reg[22][27]
         core_i/id_stage_i/register_file_i/mem_reg[22][26]
         core_i/id_stage_i/register_file_i/mem_reg[22][25]
         core_i/id_stage_i/register_file_i/mem_reg[22][24]
         core_i/id_stage_i/register_file_i/mem_reg[22][23]
         core_i/id_stage_i/register_file_i/mem_reg[22][22]
         core_i/id_stage_i/register_file_i/mem_reg[22][21]
         core_i/id_stage_i/register_file_i/mem_reg[22][20]
         core_i/id_stage_i/register_file_i/mem_reg[22][19]
         core_i/id_stage_i/register_file_i/mem_reg[22][18]
         core_i/id_stage_i/register_file_i/mem_reg[24][31]
         core_i/id_stage_i/register_file_i/mem_reg[24][30]
         core_i/id_stage_i/register_file_i/mem_reg[24][29]
         core_i/id_stage_i/register_file_i/mem_reg[24][28]
         core_i/id_stage_i/register_file_i/mem_reg[24][27]
         core_i/id_stage_i/register_file_i/mem_reg[24][26]
         core_i/id_stage_i/register_file_i/mem_reg[24][25]
         core_i/id_stage_i/register_file_i/mem_reg[24][24]
         core_i/id_stage_i/register_file_i/mem_reg[24][23]
         core_i/id_stage_i/register_file_i/mem_reg[24][22]
         core_i/id_stage_i/register_file_i/mem_reg[24][21]
         core_i/id_stage_i/register_file_i/mem_reg[24][20]
         core_i/id_stage_i/register_file_i/mem_reg[24][19]
         core_i/id_stage_i/register_file_i/mem_reg[24][18]
         core_i/id_stage_i/register_file_i/mem_reg[26][31]
         core_i/id_stage_i/register_file_i/mem_reg[26][30]
         core_i/id_stage_i/register_file_i/mem_reg[26][29]
         core_i/id_stage_i/register_file_i/mem_reg[26][28]
         core_i/id_stage_i/register_file_i/mem_reg[26][27]
         core_i/id_stage_i/register_file_i/mem_reg[26][26]
         core_i/id_stage_i/register_file_i/mem_reg[26][25]
         core_i/id_stage_i/register_file_i/mem_reg[26][24]
         core_i/id_stage_i/register_file_i/mem_reg[26][23]
         core_i/id_stage_i/register_file_i/mem_reg[26][22]
         core_i/id_stage_i/register_file_i/mem_reg[26][21]
         core_i/id_stage_i/register_file_i/mem_reg[26][20]
         core_i/id_stage_i/register_file_i/mem_reg[26][19]
         core_i/id_stage_i/register_file_i/mem_reg[26][18]
         core_i/id_stage_i/register_file_i/mem_reg[28][31]
         core_i/id_stage_i/register_file_i/mem_reg[28][30]
         core_i/id_stage_i/register_file_i/mem_reg[28][29]
         core_i/id_stage_i/register_file_i/mem_reg[28][28]
         core_i/id_stage_i/register_file_i/mem_reg[28][27]
         core_i/id_stage_i/register_file_i/mem_reg[28][26]
         core_i/id_stage_i/register_file_i/mem_reg[28][25]
         core_i/id_stage_i/register_file_i/mem_reg[28][24]
         core_i/id_stage_i/register_file_i/mem_reg[28][23]
         core_i/id_stage_i/register_file_i/mem_reg[28][22]
         core_i/id_stage_i/register_file_i/mem_reg[28][21]
         core_i/id_stage_i/register_file_i/mem_reg[28][20]
         core_i/id_stage_i/register_file_i/mem_reg[28][19]
         core_i/id_stage_i/register_file_i/mem_reg[28][18]
         core_i/id_stage_i/register_file_i/mem_reg[30][31]
         core_i/id_stage_i/register_file_i/mem_reg[30][30]
         core_i/id_stage_i/register_file_i/mem_reg[30][29]
         core_i/id_stage_i/register_file_i/mem_reg[30][28]
         core_i/id_stage_i/register_file_i/mem_reg[30][27]
         core_i/id_stage_i/register_file_i/mem_reg[30][26]
         core_i/id_stage_i/register_file_i/mem_reg[30][25]
         core_i/id_stage_i/register_file_i/mem_reg[30][24]
         core_i/id_stage_i/register_file_i/mem_reg[30][23]
         core_i/id_stage_i/register_file_i/mem_reg[30][22]
         core_i/id_stage_i/register_file_i/mem_reg[30][21]
         core_i/id_stage_i/register_file_i/mem_reg[30][20]
         core_i/id_stage_i/register_file_i/mem_reg[30][19]
         core_i/id_stage_i/register_file_i/mem_reg[30][18]
         core_i/id_stage_i/register_file_i/mem_reg[1][31]
         core_i/id_stage_i/register_file_i/mem_reg[1][30]
         core_i/id_stage_i/register_file_i/mem_reg[1][29]
         core_i/id_stage_i/register_file_i/mem_reg[1][28]
         core_i/id_stage_i/register_file_i/mem_reg[1][27]
         core_i/id_stage_i/register_file_i/mem_reg[1][26]
         core_i/id_stage_i/register_file_i/mem_reg[1][25]
         core_i/id_stage_i/register_file_i/mem_reg[1][24]
         core_i/id_stage_i/register_file_i/mem_reg[1][23]
         core_i/id_stage_i/register_file_i/mem_reg[1][22]
         core_i/id_stage_i/register_file_i/mem_reg[1][21]
         core_i/id_stage_i/register_file_i/mem_reg[1][20]
         core_i/id_stage_i/register_file_i/mem_reg[1][19]
         core_i/id_stage_i/register_file_i/mem_reg[1][18]
         core_i/id_stage_i/register_file_i/mem_reg[3][17]
         core_i/id_stage_i/register_file_i/mem_reg[3][16]
         core_i/id_stage_i/register_file_i/mem_reg[3][15]
         core_i/id_stage_i/register_file_i/mem_reg[3][14]
         core_i/id_stage_i/register_file_i/mem_reg[3][13]
         core_i/id_stage_i/register_file_i/mem_reg[3][12]
         core_i/id_stage_i/register_file_i/mem_reg[3][11]
         core_i/id_stage_i/register_file_i/mem_reg[3][10]
         core_i/id_stage_i/register_file_i/mem_reg[3][9]
         core_i/id_stage_i/register_file_i/mem_reg[3][8]
         core_i/id_stage_i/register_file_i/mem_reg[3][7]
         core_i/id_stage_i/register_file_i/mem_reg[3][6]
         core_i/id_stage_i/register_file_i/mem_reg[3][5]
         core_i/id_stage_i/register_file_i/mem_reg[3][4]
         core_i/id_stage_i/register_file_i/mem_reg[3][3]
         core_i/id_stage_i/register_file_i/mem_reg[3][2]
         core_i/id_stage_i/register_file_i/mem_reg[3][1]
         core_i/id_stage_i/register_file_i/mem_reg[3][0]
         core_i/id_stage_i/register_file_i/mem_reg[5][17]
         core_i/id_stage_i/register_file_i/mem_reg[5][16]
         core_i/id_stage_i/register_file_i/mem_reg[5][15]
         core_i/id_stage_i/register_file_i/mem_reg[5][14]
         core_i/id_stage_i/register_file_i/mem_reg[5][13]
         core_i/id_stage_i/register_file_i/mem_reg[5][12]
         core_i/id_stage_i/register_file_i/mem_reg[5][11]
         core_i/id_stage_i/register_file_i/mem_reg[5][10]
         core_i/id_stage_i/register_file_i/mem_reg[5][9]
         core_i/id_stage_i/register_file_i/mem_reg[5][8]
         core_i/id_stage_i/register_file_i/mem_reg[5][7]
         core_i/id_stage_i/register_file_i/mem_reg[5][6]
         core_i/id_stage_i/register_file_i/mem_reg[5][5]
         core_i/id_stage_i/register_file_i/mem_reg[5][4]
         core_i/id_stage_i/register_file_i/mem_reg[5][3]
         core_i/id_stage_i/register_file_i/mem_reg[5][2]
         core_i/id_stage_i/register_file_i/mem_reg[5][1]
         core_i/id_stage_i/register_file_i/mem_reg[5][0]
         core_i/id_stage_i/register_file_i/mem_reg[7][17]
         core_i/id_stage_i/register_file_i/mem_reg[7][16]
         core_i/id_stage_i/register_file_i/mem_reg[7][15]
         core_i/id_stage_i/register_file_i/mem_reg[7][14]
         core_i/id_stage_i/register_file_i/mem_reg[7][13]
         core_i/id_stage_i/register_file_i/mem_reg[7][12]
         core_i/id_stage_i/register_file_i/mem_reg[7][11]
         core_i/id_stage_i/register_file_i/mem_reg[7][10]
         core_i/id_stage_i/register_file_i/mem_reg[7][9]
         core_i/id_stage_i/register_file_i/mem_reg[7][8]
         core_i/id_stage_i/register_file_i/mem_reg[7][7]
         core_i/id_stage_i/register_file_i/mem_reg[7][6]
         core_i/id_stage_i/register_file_i/mem_reg[7][5]
         core_i/id_stage_i/register_file_i/mem_reg[7][4]
         core_i/id_stage_i/register_file_i/mem_reg[7][3]
         core_i/id_stage_i/register_file_i/mem_reg[7][2]
         core_i/id_stage_i/register_file_i/mem_reg[7][1]
         core_i/id_stage_i/register_file_i/mem_reg[7][0]
         core_i/id_stage_i/register_file_i/mem_reg[9][17]
         core_i/id_stage_i/register_file_i/mem_reg[9][16]
         core_i/id_stage_i/register_file_i/mem_reg[9][15]
         core_i/id_stage_i/register_file_i/mem_reg[9][14]
         core_i/id_stage_i/register_file_i/mem_reg[9][13]
         core_i/id_stage_i/register_file_i/mem_reg[9][12]
         core_i/id_stage_i/register_file_i/mem_reg[9][11]
         core_i/id_stage_i/register_file_i/mem_reg[9][10]
         core_i/id_stage_i/register_file_i/mem_reg[9][9]
         core_i/id_stage_i/register_file_i/mem_reg[9][8]
         core_i/id_stage_i/register_file_i/mem_reg[9][7]
         core_i/id_stage_i/register_file_i/mem_reg[9][6]
         core_i/id_stage_i/register_file_i/mem_reg[9][5]
         core_i/id_stage_i/register_file_i/mem_reg[9][4]
         core_i/id_stage_i/register_file_i/mem_reg[9][3]
         core_i/id_stage_i/register_file_i/mem_reg[9][2]
         core_i/id_stage_i/register_file_i/mem_reg[9][1]
         core_i/id_stage_i/register_file_i/mem_reg[9][0]
         core_i/id_stage_i/register_file_i/mem_reg[11][17]
         core_i/id_stage_i/register_file_i/mem_reg[11][16]
         core_i/id_stage_i/register_file_i/mem_reg[11][15]
         core_i/id_stage_i/register_file_i/mem_reg[11][14]
         core_i/id_stage_i/register_file_i/mem_reg[11][13]
         core_i/id_stage_i/register_file_i/mem_reg[11][12]
         core_i/id_stage_i/register_file_i/mem_reg[11][11]
         core_i/id_stage_i/register_file_i/mem_reg[11][10]
         core_i/id_stage_i/register_file_i/mem_reg[11][9]
         core_i/id_stage_i/register_file_i/mem_reg[11][8]
         core_i/id_stage_i/register_file_i/mem_reg[11][7]
         core_i/id_stage_i/register_file_i/mem_reg[11][6]
         core_i/id_stage_i/register_file_i/mem_reg[11][5]
         core_i/id_stage_i/register_file_i/mem_reg[11][4]
         core_i/id_stage_i/register_file_i/mem_reg[11][3]
         core_i/id_stage_i/register_file_i/mem_reg[11][2]
         core_i/id_stage_i/register_file_i/mem_reg[11][1]
         core_i/id_stage_i/register_file_i/mem_reg[11][0]
         core_i/id_stage_i/register_file_i/mem_reg[13][17]
         core_i/id_stage_i/register_file_i/mem_reg[13][16]
         core_i/id_stage_i/register_file_i/mem_reg[13][15]
         core_i/id_stage_i/register_file_i/mem_reg[13][14]
         core_i/id_stage_i/register_file_i/mem_reg[13][13]
         core_i/id_stage_i/register_file_i/mem_reg[13][12]
         core_i/id_stage_i/register_file_i/mem_reg[13][11]
         core_i/id_stage_i/register_file_i/mem_reg[13][10]
         core_i/id_stage_i/register_file_i/mem_reg[13][9]
         core_i/id_stage_i/register_file_i/mem_reg[13][8]
         core_i/id_stage_i/register_file_i/mem_reg[13][7]
         core_i/id_stage_i/register_file_i/mem_reg[13][6]
         core_i/id_stage_i/register_file_i/mem_reg[13][5]
         core_i/id_stage_i/register_file_i/mem_reg[13][4]
         core_i/id_stage_i/register_file_i/mem_reg[13][3]
         core_i/id_stage_i/register_file_i/mem_reg[13][2]
         core_i/id_stage_i/register_file_i/mem_reg[13][1]
         core_i/id_stage_i/register_file_i/mem_reg[13][0]
         core_i/id_stage_i/register_file_i/mem_reg[15][17]
         core_i/id_stage_i/register_file_i/mem_reg[15][16]
         core_i/id_stage_i/register_file_i/mem_reg[15][15]
         core_i/id_stage_i/register_file_i/mem_reg[15][14]
         core_i/id_stage_i/register_file_i/mem_reg[15][13]
         core_i/id_stage_i/register_file_i/mem_reg[15][12]
         core_i/id_stage_i/register_file_i/mem_reg[15][11]
         core_i/id_stage_i/register_file_i/mem_reg[15][10]
         core_i/id_stage_i/register_file_i/mem_reg[15][9]
         core_i/id_stage_i/register_file_i/mem_reg[15][8]
         core_i/id_stage_i/register_file_i/mem_reg[15][7]
         core_i/id_stage_i/register_file_i/mem_reg[15][6]
         core_i/id_stage_i/register_file_i/mem_reg[15][5]
         core_i/id_stage_i/register_file_i/mem_reg[15][4]
         core_i/id_stage_i/register_file_i/mem_reg[15][3]
         core_i/id_stage_i/register_file_i/mem_reg[15][2]
         core_i/id_stage_i/register_file_i/mem_reg[15][1]
         core_i/id_stage_i/register_file_i/mem_reg[15][0]
         core_i/id_stage_i/register_file_i/mem_reg[17][16]
         core_i/id_stage_i/register_file_i/mem_reg[17][15]
         core_i/id_stage_i/register_file_i/mem_reg[17][14]
         core_i/id_stage_i/register_file_i/mem_reg[17][13]
         core_i/id_stage_i/register_file_i/mem_reg[17][12]
         core_i/id_stage_i/register_file_i/mem_reg[17][11]
         core_i/id_stage_i/register_file_i/mem_reg[17][10]
         core_i/id_stage_i/register_file_i/mem_reg[17][9]
         core_i/id_stage_i/register_file_i/mem_reg[17][8]
         core_i/id_stage_i/register_file_i/mem_reg[17][7]
         core_i/id_stage_i/register_file_i/mem_reg[17][6]
         core_i/id_stage_i/register_file_i/mem_reg[17][5]
         core_i/id_stage_i/register_file_i/mem_reg[17][4]
         core_i/id_stage_i/register_file_i/mem_reg[17][3]
         core_i/id_stage_i/register_file_i/mem_reg[17][2]
         core_i/id_stage_i/register_file_i/mem_reg[17][1]
         core_i/id_stage_i/register_file_i/mem_reg[17][0]
         core_i/id_stage_i/register_file_i/mem_reg[19][16]
         core_i/id_stage_i/register_file_i/mem_reg[19][15]
         core_i/id_stage_i/register_file_i/mem_reg[19][14]
         core_i/id_stage_i/register_file_i/mem_reg[19][13]
         core_i/id_stage_i/register_file_i/mem_reg[19][12]
         core_i/id_stage_i/register_file_i/mem_reg[19][11]
         core_i/id_stage_i/register_file_i/mem_reg[19][10]
         core_i/id_stage_i/register_file_i/mem_reg[19][9]
         core_i/id_stage_i/register_file_i/mem_reg[19][8]
         core_i/id_stage_i/register_file_i/mem_reg[19][7]
         core_i/id_stage_i/register_file_i/mem_reg[19][6]
         core_i/id_stage_i/register_file_i/mem_reg[19][5]
         core_i/id_stage_i/register_file_i/mem_reg[19][4]
         core_i/id_stage_i/register_file_i/mem_reg[19][3]
         core_i/id_stage_i/register_file_i/mem_reg[19][2]
         core_i/id_stage_i/register_file_i/mem_reg[19][1]
         core_i/id_stage_i/register_file_i/mem_reg[19][0]
         core_i/id_stage_i/register_file_i/mem_reg[21][16]
         core_i/id_stage_i/register_file_i/mem_reg[21][15]
         core_i/id_stage_i/register_file_i/mem_reg[21][14]
         core_i/id_stage_i/register_file_i/mem_reg[21][13]
         core_i/id_stage_i/register_file_i/mem_reg[21][12]
         core_i/id_stage_i/register_file_i/mem_reg[21][11]
         core_i/id_stage_i/register_file_i/mem_reg[21][10]
         core_i/id_stage_i/register_file_i/mem_reg[21][9]
         core_i/id_stage_i/register_file_i/mem_reg[21][8]
         core_i/id_stage_i/register_file_i/mem_reg[21][7]
         core_i/id_stage_i/register_file_i/mem_reg[21][6]
         core_i/id_stage_i/register_file_i/mem_reg[21][5]
         core_i/id_stage_i/register_file_i/mem_reg[21][4]
         core_i/id_stage_i/register_file_i/mem_reg[21][3]
         core_i/id_stage_i/register_file_i/mem_reg[21][2]
         core_i/id_stage_i/register_file_i/mem_reg[21][1]
         core_i/id_stage_i/register_file_i/mem_reg[21][0]
         core_i/id_stage_i/register_file_i/mem_reg[23][17]
         core_i/id_stage_i/register_file_i/mem_reg[23][16]
         core_i/id_stage_i/register_file_i/mem_reg[23][15]
         core_i/id_stage_i/register_file_i/mem_reg[23][14]
         core_i/id_stage_i/register_file_i/mem_reg[23][13]
         core_i/id_stage_i/register_file_i/mem_reg[23][12]
         core_i/id_stage_i/register_file_i/mem_reg[23][11]
         core_i/id_stage_i/register_file_i/mem_reg[23][10]
         core_i/id_stage_i/register_file_i/mem_reg[23][9]
         core_i/id_stage_i/register_file_i/mem_reg[23][8]
         core_i/id_stage_i/register_file_i/mem_reg[23][7]
         core_i/id_stage_i/register_file_i/mem_reg[23][6]
         core_i/id_stage_i/register_file_i/mem_reg[23][5]
         core_i/id_stage_i/register_file_i/mem_reg[23][4]
         core_i/id_stage_i/register_file_i/mem_reg[23][3]
         core_i/id_stage_i/register_file_i/mem_reg[23][2]
         core_i/id_stage_i/register_file_i/mem_reg[23][1]
         core_i/id_stage_i/register_file_i/mem_reg[23][0]
         core_i/id_stage_i/register_file_i/mem_reg[25][16]
         core_i/id_stage_i/register_file_i/mem_reg[25][15]
         core_i/id_stage_i/register_file_i/mem_reg[25][14]
         core_i/id_stage_i/register_file_i/mem_reg[25][13]
         core_i/id_stage_i/register_file_i/mem_reg[25][12]
         core_i/id_stage_i/register_file_i/mem_reg[25][11]
         core_i/id_stage_i/register_file_i/mem_reg[25][10]
         core_i/id_stage_i/register_file_i/mem_reg[25][9]
         core_i/id_stage_i/register_file_i/mem_reg[25][8]
         core_i/id_stage_i/register_file_i/mem_reg[25][7]
         core_i/id_stage_i/register_file_i/mem_reg[25][6]
         core_i/id_stage_i/register_file_i/mem_reg[25][5]
         core_i/id_stage_i/register_file_i/mem_reg[25][4]
         core_i/id_stage_i/register_file_i/mem_reg[25][3]
         core_i/id_stage_i/register_file_i/mem_reg[25][2]
         core_i/id_stage_i/register_file_i/mem_reg[25][1]
         core_i/id_stage_i/register_file_i/mem_reg[25][0]
         core_i/id_stage_i/register_file_i/mem_reg[27][17]
         core_i/id_stage_i/register_file_i/mem_reg[27][16]
         core_i/id_stage_i/register_file_i/mem_reg[27][15]
         core_i/id_stage_i/register_file_i/mem_reg[27][14]
         core_i/id_stage_i/register_file_i/mem_reg[27][13]
         core_i/id_stage_i/register_file_i/mem_reg[27][12]
         core_i/id_stage_i/register_file_i/mem_reg[27][11]
         core_i/id_stage_i/register_file_i/mem_reg[27][10]
         core_i/id_stage_i/register_file_i/mem_reg[27][9]
         core_i/id_stage_i/register_file_i/mem_reg[27][8]
         core_i/id_stage_i/register_file_i/mem_reg[27][7]
         core_i/id_stage_i/register_file_i/mem_reg[27][6]
         core_i/id_stage_i/register_file_i/mem_reg[27][5]
         core_i/id_stage_i/register_file_i/mem_reg[27][4]
         core_i/id_stage_i/register_file_i/mem_reg[27][3]
         core_i/id_stage_i/register_file_i/mem_reg[27][2]
         core_i/id_stage_i/register_file_i/mem_reg[27][1]
         core_i/id_stage_i/register_file_i/mem_reg[27][0]
         core_i/id_stage_i/register_file_i/mem_reg[29][17]
         core_i/id_stage_i/register_file_i/mem_reg[29][16]
         core_i/id_stage_i/register_file_i/mem_reg[29][15]
         core_i/id_stage_i/register_file_i/mem_reg[29][14]
         core_i/id_stage_i/register_file_i/mem_reg[29][13]
         core_i/id_stage_i/register_file_i/mem_reg[29][12]
         core_i/id_stage_i/register_file_i/mem_reg[29][11]
         core_i/id_stage_i/register_file_i/mem_reg[29][10]
         core_i/id_stage_i/register_file_i/mem_reg[29][9]
         core_i/id_stage_i/register_file_i/mem_reg[29][8]
         core_i/id_stage_i/register_file_i/mem_reg[29][7]
         core_i/id_stage_i/register_file_i/mem_reg[29][6]
         core_i/id_stage_i/register_file_i/mem_reg[29][5]
         core_i/id_stage_i/register_file_i/mem_reg[29][4]
         core_i/id_stage_i/register_file_i/mem_reg[29][3]
         core_i/id_stage_i/register_file_i/mem_reg[29][2]
         core_i/id_stage_i/register_file_i/mem_reg[29][1]
         core_i/id_stage_i/register_file_i/mem_reg[29][0]
         core_i/id_stage_i/register_file_i/mem_reg[31][17]
         core_i/id_stage_i/register_file_i/mem_reg[31][16]
         core_i/id_stage_i/register_file_i/mem_reg[31][15]
         core_i/id_stage_i/register_file_i/mem_reg[31][14]
         core_i/id_stage_i/register_file_i/mem_reg[31][13]
         core_i/id_stage_i/register_file_i/mem_reg[31][12]
         core_i/id_stage_i/register_file_i/mem_reg[31][11]
         core_i/id_stage_i/register_file_i/mem_reg[31][10]
         core_i/id_stage_i/register_file_i/mem_reg[31][9]
         core_i/id_stage_i/register_file_i/mem_reg[31][8]
         core_i/id_stage_i/register_file_i/mem_reg[31][7]
         core_i/id_stage_i/register_file_i/mem_reg[31][6]
         core_i/id_stage_i/register_file_i/mem_reg[31][5]
         core_i/id_stage_i/register_file_i/mem_reg[31][4]
         core_i/id_stage_i/register_file_i/mem_reg[31][3]
         core_i/id_stage_i/register_file_i/mem_reg[31][2]
         core_i/id_stage_i/register_file_i/mem_reg[31][1]
         core_i/id_stage_i/register_file_i/mem_reg[31][0]
         core_i/id_stage_i/register_file_i/mem_reg[2][17]
         core_i/id_stage_i/register_file_i/mem_reg[2][16]
         core_i/id_stage_i/register_file_i/mem_reg[2][15]
         core_i/id_stage_i/register_file_i/mem_reg[2][14]
         core_i/id_stage_i/register_file_i/mem_reg[2][13]
         core_i/id_stage_i/register_file_i/mem_reg[2][12]
         core_i/id_stage_i/register_file_i/mem_reg[2][11]
         core_i/id_stage_i/register_file_i/mem_reg[2][10]
         core_i/id_stage_i/register_file_i/mem_reg[2][9]
         core_i/id_stage_i/register_file_i/mem_reg[2][8]
         core_i/id_stage_i/register_file_i/mem_reg[2][7]
         core_i/id_stage_i/register_file_i/mem_reg[2][6]
         core_i/id_stage_i/register_file_i/mem_reg[2][5]
         core_i/id_stage_i/register_file_i/mem_reg[2][4]
         core_i/id_stage_i/register_file_i/mem_reg[2][3]
         core_i/id_stage_i/register_file_i/mem_reg[2][2]
         core_i/id_stage_i/register_file_i/mem_reg[2][1]
         core_i/id_stage_i/register_file_i/mem_reg[2][0]
         core_i/id_stage_i/register_file_i/mem_reg[4][17]
         core_i/id_stage_i/register_file_i/mem_reg[4][16]
         core_i/id_stage_i/register_file_i/mem_reg[4][15]
         core_i/id_stage_i/register_file_i/mem_reg[4][14]
         core_i/id_stage_i/register_file_i/mem_reg[4][13]
         core_i/id_stage_i/register_file_i/mem_reg[4][12]
         core_i/id_stage_i/register_file_i/mem_reg[4][11]
         core_i/id_stage_i/register_file_i/mem_reg[4][10]
         core_i/id_stage_i/register_file_i/mem_reg[4][9]
         core_i/id_stage_i/register_file_i/mem_reg[4][8]
         core_i/id_stage_i/register_file_i/mem_reg[4][7]
         core_i/id_stage_i/register_file_i/mem_reg[4][6]
         core_i/id_stage_i/register_file_i/mem_reg[4][5]
         core_i/id_stage_i/register_file_i/mem_reg[4][4]
         core_i/id_stage_i/register_file_i/mem_reg[4][3]
         core_i/id_stage_i/register_file_i/mem_reg[4][2]
         core_i/id_stage_i/register_file_i/mem_reg[4][1]
         core_i/id_stage_i/register_file_i/mem_reg[4][0]
         core_i/id_stage_i/register_file_i/mem_reg[6][17]
         core_i/id_stage_i/register_file_i/mem_reg[6][16]
         core_i/id_stage_i/register_file_i/mem_reg[6][15]
         core_i/id_stage_i/register_file_i/mem_reg[6][14]
         core_i/id_stage_i/register_file_i/mem_reg[6][13]
         core_i/id_stage_i/register_file_i/mem_reg[6][12]
         core_i/id_stage_i/register_file_i/mem_reg[6][11]
         core_i/id_stage_i/register_file_i/mem_reg[6][10]
         core_i/id_stage_i/register_file_i/mem_reg[6][9]
         core_i/id_stage_i/register_file_i/mem_reg[6][8]
         core_i/id_stage_i/register_file_i/mem_reg[6][7]
         core_i/id_stage_i/register_file_i/mem_reg[6][6]
         core_i/id_stage_i/register_file_i/mem_reg[6][5]
         core_i/id_stage_i/register_file_i/mem_reg[6][4]
         core_i/id_stage_i/register_file_i/mem_reg[6][3]
         core_i/id_stage_i/register_file_i/mem_reg[6][2]
         core_i/id_stage_i/register_file_i/mem_reg[6][1]
         core_i/id_stage_i/register_file_i/mem_reg[6][0]
         core_i/id_stage_i/register_file_i/mem_reg[8][17]
         core_i/id_stage_i/register_file_i/mem_reg[8][16]
         core_i/id_stage_i/register_file_i/mem_reg[8][15]
         core_i/id_stage_i/register_file_i/mem_reg[8][14]
         core_i/id_stage_i/register_file_i/mem_reg[8][13]
         core_i/id_stage_i/register_file_i/mem_reg[8][12]
         core_i/id_stage_i/register_file_i/mem_reg[8][11]
         core_i/id_stage_i/register_file_i/mem_reg[8][10]
         core_i/id_stage_i/register_file_i/mem_reg[8][9]
         core_i/id_stage_i/register_file_i/mem_reg[8][8]
         core_i/id_stage_i/register_file_i/mem_reg[8][7]
         core_i/id_stage_i/register_file_i/mem_reg[8][6]
         core_i/id_stage_i/register_file_i/mem_reg[8][5]
         core_i/id_stage_i/register_file_i/mem_reg[8][4]
         core_i/id_stage_i/register_file_i/mem_reg[8][3]
         core_i/id_stage_i/register_file_i/mem_reg[8][2]
         core_i/id_stage_i/register_file_i/mem_reg[8][1]
         core_i/id_stage_i/register_file_i/mem_reg[8][0]
         core_i/id_stage_i/register_file_i/mem_reg[10][17]
         core_i/id_stage_i/register_file_i/mem_reg[10][16]
         core_i/id_stage_i/register_file_i/mem_reg[10][15]
         core_i/id_stage_i/register_file_i/mem_reg[10][14]
         core_i/id_stage_i/register_file_i/mem_reg[10][13]
         core_i/id_stage_i/register_file_i/mem_reg[10][12]
         core_i/id_stage_i/register_file_i/mem_reg[10][11]
         core_i/id_stage_i/register_file_i/mem_reg[10][10]
         core_i/id_stage_i/register_file_i/mem_reg[10][9]
         core_i/id_stage_i/register_file_i/mem_reg[10][8]
         core_i/id_stage_i/register_file_i/mem_reg[10][7]
         core_i/id_stage_i/register_file_i/mem_reg[10][6]
         core_i/id_stage_i/register_file_i/mem_reg[10][5]
         core_i/id_stage_i/register_file_i/mem_reg[10][4]
         core_i/id_stage_i/register_file_i/mem_reg[10][3]
         core_i/id_stage_i/register_file_i/mem_reg[10][2]
         core_i/id_stage_i/register_file_i/mem_reg[10][1]
         core_i/id_stage_i/register_file_i/mem_reg[10][0]
         core_i/id_stage_i/register_file_i/mem_reg[12][17]
         core_i/id_stage_i/register_file_i/mem_reg[12][16]
         core_i/id_stage_i/register_file_i/mem_reg[12][15]
         core_i/id_stage_i/register_file_i/mem_reg[12][14]
         core_i/id_stage_i/register_file_i/mem_reg[12][13]
         core_i/id_stage_i/register_file_i/mem_reg[12][12]
         core_i/id_stage_i/register_file_i/mem_reg[12][11]
         core_i/id_stage_i/register_file_i/mem_reg[12][10]
         core_i/id_stage_i/register_file_i/mem_reg[12][9]
         core_i/id_stage_i/register_file_i/mem_reg[12][8]
         core_i/id_stage_i/register_file_i/mem_reg[12][7]
         core_i/id_stage_i/register_file_i/mem_reg[12][6]
         core_i/id_stage_i/register_file_i/mem_reg[12][5]
         core_i/id_stage_i/register_file_i/mem_reg[12][4]
         core_i/id_stage_i/register_file_i/mem_reg[12][3]
         core_i/id_stage_i/register_file_i/mem_reg[12][2]
         core_i/id_stage_i/register_file_i/mem_reg[12][1]
         core_i/id_stage_i/register_file_i/mem_reg[12][0]
         core_i/id_stage_i/register_file_i/mem_reg[14][17]
         core_i/id_stage_i/register_file_i/mem_reg[14][16]
         core_i/id_stage_i/register_file_i/mem_reg[14][15]
         core_i/id_stage_i/register_file_i/mem_reg[14][14]
         core_i/id_stage_i/register_file_i/mem_reg[14][13]
         core_i/id_stage_i/register_file_i/mem_reg[14][12]
         core_i/id_stage_i/register_file_i/mem_reg[14][11]
         core_i/id_stage_i/register_file_i/mem_reg[14][10]
         core_i/id_stage_i/register_file_i/mem_reg[14][9]
         core_i/id_stage_i/register_file_i/mem_reg[14][8]
         core_i/id_stage_i/register_file_i/mem_reg[14][7]
         core_i/id_stage_i/register_file_i/mem_reg[14][6]
         core_i/id_stage_i/register_file_i/mem_reg[14][5]
         core_i/id_stage_i/register_file_i/mem_reg[14][4]
         core_i/id_stage_i/register_file_i/mem_reg[14][3]
         core_i/id_stage_i/register_file_i/mem_reg[14][2]
         core_i/id_stage_i/register_file_i/mem_reg[14][1]
         core_i/id_stage_i/register_file_i/mem_reg[14][0]
         core_i/id_stage_i/register_file_i/mem_reg[16][17]
         core_i/id_stage_i/register_file_i/mem_reg[16][16]
         core_i/id_stage_i/register_file_i/mem_reg[16][15]
         core_i/id_stage_i/register_file_i/mem_reg[16][14]
         core_i/id_stage_i/register_file_i/mem_reg[16][13]
         core_i/id_stage_i/register_file_i/mem_reg[16][12]
         core_i/id_stage_i/register_file_i/mem_reg[16][11]
         core_i/id_stage_i/register_file_i/mem_reg[16][10]
         core_i/id_stage_i/register_file_i/mem_reg[16][9]
         core_i/id_stage_i/register_file_i/mem_reg[16][8]
         core_i/id_stage_i/register_file_i/mem_reg[16][7]
         core_i/id_stage_i/register_file_i/mem_reg[16][6]
         core_i/id_stage_i/register_file_i/mem_reg[16][5]
         core_i/id_stage_i/register_file_i/mem_reg[16][4]
         core_i/id_stage_i/register_file_i/mem_reg[16][3]
         core_i/id_stage_i/register_file_i/mem_reg[16][2]
         core_i/id_stage_i/register_file_i/mem_reg[16][1]
         core_i/id_stage_i/register_file_i/mem_reg[16][0]
         core_i/id_stage_i/register_file_i/mem_reg[18][17]
         core_i/id_stage_i/register_file_i/mem_reg[18][16]
         core_i/id_stage_i/register_file_i/mem_reg[18][15]
         core_i/id_stage_i/register_file_i/mem_reg[18][14]
         core_i/id_stage_i/register_file_i/mem_reg[18][13]
         core_i/id_stage_i/register_file_i/mem_reg[18][12]
         core_i/id_stage_i/register_file_i/mem_reg[18][11]
         core_i/id_stage_i/register_file_i/mem_reg[18][10]
         core_i/id_stage_i/register_file_i/mem_reg[18][9]
         core_i/id_stage_i/register_file_i/mem_reg[18][8]
         core_i/id_stage_i/register_file_i/mem_reg[18][7]
         core_i/id_stage_i/register_file_i/mem_reg[18][6]
         core_i/id_stage_i/register_file_i/mem_reg[18][5]
         core_i/id_stage_i/register_file_i/mem_reg[18][4]
         core_i/id_stage_i/register_file_i/mem_reg[18][3]
         core_i/id_stage_i/register_file_i/mem_reg[18][2]
         core_i/id_stage_i/register_file_i/mem_reg[18][1]
         core_i/id_stage_i/register_file_i/mem_reg[18][0]
         core_i/id_stage_i/register_file_i/mem_reg[20][17]
         core_i/id_stage_i/register_file_i/mem_reg[20][16]
         core_i/id_stage_i/register_file_i/mem_reg[20][15]
         core_i/id_stage_i/register_file_i/mem_reg[20][14]
         core_i/id_stage_i/register_file_i/mem_reg[20][13]
         core_i/id_stage_i/register_file_i/mem_reg[20][12]
         core_i/id_stage_i/register_file_i/mem_reg[20][11]
         core_i/id_stage_i/register_file_i/mem_reg[20][10]
         core_i/id_stage_i/register_file_i/mem_reg[20][9]
         core_i/id_stage_i/register_file_i/mem_reg[20][8]
         core_i/id_stage_i/register_file_i/mem_reg[20][7]
         core_i/id_stage_i/register_file_i/mem_reg[20][6]
         core_i/id_stage_i/register_file_i/mem_reg[20][5]
         core_i/id_stage_i/register_file_i/mem_reg[20][4]
         core_i/id_stage_i/register_file_i/mem_reg[20][3]
         core_i/id_stage_i/register_file_i/mem_reg[20][2]
         core_i/id_stage_i/register_file_i/mem_reg[20][1]
         core_i/id_stage_i/register_file_i/mem_reg[20][0]
         core_i/id_stage_i/register_file_i/mem_reg[22][17]
         core_i/id_stage_i/register_file_i/mem_reg[22][16]
         core_i/id_stage_i/register_file_i/mem_reg[22][15]
         core_i/id_stage_i/register_file_i/mem_reg[22][14]
         core_i/id_stage_i/register_file_i/mem_reg[22][13]
         core_i/id_stage_i/register_file_i/mem_reg[22][12]
         core_i/id_stage_i/register_file_i/mem_reg[22][11]
         core_i/id_stage_i/register_file_i/mem_reg[22][10]
         core_i/id_stage_i/register_file_i/mem_reg[22][9]
         core_i/id_stage_i/register_file_i/mem_reg[22][8]
         core_i/id_stage_i/register_file_i/mem_reg[22][7]
         core_i/id_stage_i/register_file_i/mem_reg[22][6]
         core_i/id_stage_i/register_file_i/mem_reg[22][5]
         core_i/id_stage_i/register_file_i/mem_reg[22][4]
         core_i/id_stage_i/register_file_i/mem_reg[22][3]
         core_i/id_stage_i/register_file_i/mem_reg[22][2]
         core_i/id_stage_i/register_file_i/mem_reg[22][1]
         core_i/id_stage_i/register_file_i/mem_reg[22][0]
         core_i/id_stage_i/register_file_i/mem_reg[24][17]
         core_i/id_stage_i/register_file_i/mem_reg[24][16]
         core_i/id_stage_i/register_file_i/mem_reg[24][15]
         core_i/id_stage_i/register_file_i/mem_reg[24][14]
         core_i/id_stage_i/register_file_i/mem_reg[24][13]
         core_i/id_stage_i/register_file_i/mem_reg[24][12]
         core_i/id_stage_i/register_file_i/mem_reg[24][11]
         core_i/id_stage_i/register_file_i/mem_reg[24][10]
         core_i/id_stage_i/register_file_i/mem_reg[24][9]
         core_i/id_stage_i/register_file_i/mem_reg[24][8]
         core_i/id_stage_i/register_file_i/mem_reg[24][7]
         core_i/id_stage_i/register_file_i/mem_reg[24][6]
         core_i/id_stage_i/register_file_i/mem_reg[24][5]
         core_i/id_stage_i/register_file_i/mem_reg[24][4]
         core_i/id_stage_i/register_file_i/mem_reg[24][3]
         core_i/id_stage_i/register_file_i/mem_reg[24][2]
         core_i/id_stage_i/register_file_i/mem_reg[24][1]
         core_i/id_stage_i/register_file_i/mem_reg[24][0]
         core_i/id_stage_i/register_file_i/mem_reg[26][17]
         core_i/id_stage_i/register_file_i/mem_reg[26][16]
         core_i/id_stage_i/register_file_i/mem_reg[26][15]
         core_i/id_stage_i/register_file_i/mem_reg[26][14]
         core_i/id_stage_i/register_file_i/mem_reg[26][13]
         core_i/id_stage_i/register_file_i/mem_reg[26][12]
         core_i/id_stage_i/register_file_i/mem_reg[26][11]
         core_i/id_stage_i/register_file_i/mem_reg[26][10]
         core_i/id_stage_i/register_file_i/mem_reg[26][9]
         core_i/id_stage_i/register_file_i/mem_reg[26][8]
         core_i/id_stage_i/register_file_i/mem_reg[26][7]
         core_i/id_stage_i/register_file_i/mem_reg[26][6]
         core_i/id_stage_i/register_file_i/mem_reg[26][5]
         core_i/id_stage_i/register_file_i/mem_reg[26][4]
         core_i/id_stage_i/register_file_i/mem_reg[26][3]
         core_i/id_stage_i/register_file_i/mem_reg[26][2]
         core_i/id_stage_i/register_file_i/mem_reg[26][1]
         core_i/id_stage_i/register_file_i/mem_reg[26][0]
         core_i/id_stage_i/register_file_i/mem_reg[28][17]
         core_i/id_stage_i/register_file_i/mem_reg[28][16]
         core_i/id_stage_i/register_file_i/mem_reg[28][15]
         core_i/id_stage_i/register_file_i/mem_reg[28][14]
         core_i/id_stage_i/register_file_i/mem_reg[28][13]
         core_i/id_stage_i/register_file_i/mem_reg[28][12]
         core_i/id_stage_i/register_file_i/mem_reg[28][11]
         core_i/id_stage_i/register_file_i/mem_reg[28][10]
         core_i/id_stage_i/register_file_i/mem_reg[28][9]
         core_i/id_stage_i/register_file_i/mem_reg[28][8]
         core_i/id_stage_i/register_file_i/mem_reg[28][7]
         core_i/id_stage_i/register_file_i/mem_reg[28][6]
         core_i/id_stage_i/register_file_i/mem_reg[28][5]
         core_i/id_stage_i/register_file_i/mem_reg[28][4]
         core_i/id_stage_i/register_file_i/mem_reg[28][3]
         core_i/id_stage_i/register_file_i/mem_reg[28][2]
         core_i/id_stage_i/register_file_i/mem_reg[28][1]
         core_i/id_stage_i/register_file_i/mem_reg[28][0]
         core_i/id_stage_i/register_file_i/mem_reg[30][17]
         core_i/id_stage_i/register_file_i/mem_reg[30][16]
         core_i/id_stage_i/register_file_i/mem_reg[30][15]
         core_i/id_stage_i/register_file_i/mem_reg[30][14]
         core_i/id_stage_i/register_file_i/mem_reg[30][13]
         core_i/id_stage_i/register_file_i/mem_reg[30][12]
         core_i/id_stage_i/register_file_i/mem_reg[30][11]
         core_i/id_stage_i/register_file_i/mem_reg[30][10]
         core_i/id_stage_i/register_file_i/mem_reg[30][9]
         core_i/id_stage_i/register_file_i/mem_reg[30][8]
         core_i/id_stage_i/register_file_i/mem_reg[30][7]
         core_i/id_stage_i/register_file_i/mem_reg[30][6]
         core_i/id_stage_i/register_file_i/mem_reg[30][5]
         core_i/id_stage_i/register_file_i/mem_reg[30][4]
         core_i/id_stage_i/register_file_i/mem_reg[30][3]
         core_i/id_stage_i/register_file_i/mem_reg[30][2]
         core_i/id_stage_i/register_file_i/mem_reg[30][1]
         core_i/id_stage_i/register_file_i/mem_reg[30][0]
         core_i/id_stage_i/register_file_i/mem_reg[1][17]
         core_i/id_stage_i/register_file_i/mem_reg[1][16]
         core_i/id_stage_i/register_file_i/mem_reg[1][15]
         core_i/id_stage_i/register_file_i/mem_reg[1][14]
         core_i/id_stage_i/register_file_i/mem_reg[1][13]
         core_i/id_stage_i/register_file_i/mem_reg[1][12]
         core_i/id_stage_i/register_file_i/mem_reg[1][11]
         core_i/id_stage_i/register_file_i/mem_reg[1][10]
         core_i/id_stage_i/register_file_i/mem_reg[1][9]
         core_i/id_stage_i/register_file_i/mem_reg[1][8]
         core_i/id_stage_i/register_file_i/mem_reg[1][7]
         core_i/id_stage_i/register_file_i/mem_reg[1][6]
         core_i/id_stage_i/register_file_i/mem_reg[1][5]
         core_i/id_stage_i/register_file_i/mem_reg[1][4]
         core_i/id_stage_i/register_file_i/mem_reg[1][3]
         core_i/id_stage_i/register_file_i/mem_reg[1][2]
         core_i/id_stage_i/register_file_i/mem_reg[1][1]
         core_i/id_stage_i/register_file_i/mem_reg[1][0]
         core_i/id_stage_i/controller_i/debug_fsm_cs_reg[0]
         core_i/id_stage_i/controller_i/debug_force_wakeup_q_reg
         core_i/id_stage_i/controller_i/debug_req_entry_q_reg
         core_i/id_stage_i/controller_i/jump_done_q_reg
         core_i/id_stage_i/controller_i/debug_fsm_cs_reg[1]
         core_i/id_stage_i/controller_i/debug_fsm_cs_reg[2]
         core_i/id_stage_i/controller_i/ctrl_fsm_cs_reg[4]
         core_i/id_stage_i/controller_i/debug_req_q_reg
         core_i/id_stage_i/controller_i/data_err_q_reg
         core_i/id_stage_i/controller_i/illegal_insn_q_reg
         core_i/id_stage_i/controller_i/ctrl_fsm_cs_reg[3]
         core_i/id_stage_i/controller_i/debug_mode_q_reg
         core_i/id_stage_i/controller_i/ctrl_fsm_cs_reg[1]
         core_i/id_stage_i/controller_i/ctrl_fsm_cs_reg[0]
         core_i/id_stage_i/controller_i/ctrl_fsm_cs_reg[2]
         core_i/id_stage_i/int_controller_i/irq_sec_q_reg
         core_i/id_stage_i/int_controller_i/irq_q_reg[27]
         core_i/id_stage_i/int_controller_i/irq_q_reg[11]
         core_i/id_stage_i/int_controller_i/irq_q_reg[28]
         core_i/id_stage_i/int_controller_i/irq_q_reg[25]
         core_i/id_stage_i/int_controller_i/irq_q_reg[23]
         core_i/id_stage_i/int_controller_i/irq_q_reg[22]
         core_i/id_stage_i/int_controller_i/irq_q_reg[21]
         core_i/id_stage_i/int_controller_i/irq_q_reg[20]
         core_i/id_stage_i/int_controller_i/irq_q_reg[19]
         core_i/id_stage_i/int_controller_i/irq_q_reg[3]
         core_i/id_stage_i/int_controller_i/irq_q_reg[30]
         core_i/id_stage_i/int_controller_i/irq_q_reg[31]
         core_i/id_stage_i/int_controller_i/irq_q_reg[29]
         core_i/id_stage_i/int_controller_i/irq_q_reg[26]
         core_i/id_stage_i/int_controller_i/irq_q_reg[24]
         core_i/id_stage_i/int_controller_i/irq_q_reg[18]
         core_i/id_stage_i/int_controller_i/irq_q_reg[17]
         core_i/id_stage_i/int_controller_i/irq_q_reg[16]
         core_i/id_stage_i/int_controller_i/irq_q_reg[7]
         core_i/ex_stage_i/mult_i/mulh_carry_q_reg
         core_i/ex_stage_i/mult_i/mulh_CS_reg[2]
         core_i/ex_stage_i/mult_i/mulh_CS_reg[0]
         core_i/ex_stage_i/mult_i/mulh_CS_reg[1]
         core_i/if_stage_i/prefetch_buffer_i/prefetch_controller_i/flush_cnt_q_reg[1]
         core_i/if_stage_i/prefetch_buffer_i/prefetch_controller_i/state_q_reg
         core_i/if_stage_i/prefetch_buffer_i/prefetch_controller_i/trans_addr_q_reg[0]
         core_i/if_stage_i/prefetch_buffer_i/prefetch_controller_i/trans_addr_q_reg[1]
         core_i/if_stage_i/prefetch_buffer_i/prefetch_controller_i/trans_addr_q_reg[31]
         core_i/if_stage_i/prefetch_buffer_i/prefetch_controller_i/cnt_q_reg[1]
         core_i/if_stage_i/prefetch_buffer_i/prefetch_controller_i/flush_cnt_q_reg[0]
         core_i/if_stage_i/prefetch_buffer_i/prefetch_controller_i/trans_addr_q_reg[16]
         core_i/if_stage_i/prefetch_buffer_i/prefetch_controller_i/trans_addr_q_reg[17]
         core_i/if_stage_i/prefetch_buffer_i/prefetch_controller_i/trans_addr_q_reg[18]
         core_i/if_stage_i/prefetch_buffer_i/prefetch_controller_i/trans_addr_q_reg[19]
         core_i/if_stage_i/prefetch_buffer_i/prefetch_controller_i/trans_addr_q_reg[20]
         core_i/if_stage_i/prefetch_buffer_i/prefetch_controller_i/trans_addr_q_reg[21]
         core_i/if_stage_i/prefetch_buffer_i/prefetch_controller_i/trans_addr_q_reg[22]
         core_i/if_stage_i/prefetch_buffer_i/prefetch_controller_i/trans_addr_q_reg[23]
         core_i/if_stage_i/prefetch_buffer_i/prefetch_controller_i/trans_addr_q_reg[24]
         core_i/if_stage_i/prefetch_buffer_i/prefetch_controller_i/trans_addr_q_reg[25]
         core_i/if_stage_i/prefetch_buffer_i/prefetch_controller_i/trans_addr_q_reg[26]
         core_i/if_stage_i/prefetch_buffer_i/prefetch_controller_i/trans_addr_q_reg[27]
         core_i/if_stage_i/prefetch_buffer_i/prefetch_controller_i/trans_addr_q_reg[28]
         core_i/if_stage_i/prefetch_buffer_i/prefetch_controller_i/trans_addr_q_reg[29]
         core_i/if_stage_i/prefetch_buffer_i/prefetch_controller_i/trans_addr_q_reg[30]
         core_i/if_stage_i/prefetch_buffer_i/prefetch_controller_i/cnt_q_reg[0]
         core_i/if_stage_i/prefetch_buffer_i/prefetch_controller_i/trans_addr_q_reg[3]
         core_i/if_stage_i/prefetch_buffer_i/prefetch_controller_i/trans_addr_q_reg[4]
         core_i/if_stage_i/prefetch_buffer_i/prefetch_controller_i/trans_addr_q_reg[5]
         core_i/if_stage_i/prefetch_buffer_i/prefetch_controller_i/trans_addr_q_reg[6]
         core_i/if_stage_i/prefetch_buffer_i/prefetch_controller_i/trans_addr_q_reg[7]
         core_i/if_stage_i/prefetch_buffer_i/prefetch_controller_i/trans_addr_q_reg[8]
         core_i/if_stage_i/prefetch_buffer_i/prefetch_controller_i/trans_addr_q_reg[9]
         core_i/if_stage_i/prefetch_buffer_i/prefetch_controller_i/trans_addr_q_reg[10]
         core_i/if_stage_i/prefetch_buffer_i/prefetch_controller_i/trans_addr_q_reg[11]
         core_i/if_stage_i/prefetch_buffer_i/prefetch_controller_i/trans_addr_q_reg[12]
         core_i/if_stage_i/prefetch_buffer_i/prefetch_controller_i/trans_addr_q_reg[13]
         core_i/if_stage_i/prefetch_buffer_i/prefetch_controller_i/trans_addr_q_reg[14]
         core_i/if_stage_i/prefetch_buffer_i/prefetch_controller_i/trans_addr_q_reg[15]
         core_i/if_stage_i/prefetch_buffer_i/prefetch_controller_i/trans_addr_q_reg[2]
         core_i/if_stage_i/prefetch_buffer_i/fifo_i/mem_q_reg[1][31]
         core_i/if_stage_i/prefetch_buffer_i/fifo_i/mem_q_reg[1][30]
         core_i/if_stage_i/prefetch_buffer_i/fifo_i/mem_q_reg[1][29]
         core_i/if_stage_i/prefetch_buffer_i/fifo_i/mem_q_reg[1][28]
         core_i/if_stage_i/prefetch_buffer_i/fifo_i/mem_q_reg[1][27]
         core_i/if_stage_i/prefetch_buffer_i/fifo_i/mem_q_reg[1][26]
         core_i/if_stage_i/prefetch_buffer_i/fifo_i/mem_q_reg[1][25]
         core_i/if_stage_i/prefetch_buffer_i/fifo_i/mem_q_reg[1][24]
         core_i/if_stage_i/prefetch_buffer_i/fifo_i/mem_q_reg[1][23]
         core_i/if_stage_i/prefetch_buffer_i/fifo_i/mem_q_reg[1][22]
         core_i/if_stage_i/prefetch_buffer_i/fifo_i/mem_q_reg[1][21]
         core_i/if_stage_i/prefetch_buffer_i/fifo_i/mem_q_reg[1][20]
         core_i/if_stage_i/prefetch_buffer_i/fifo_i/mem_q_reg[1][19]
         core_i/if_stage_i/prefetch_buffer_i/fifo_i/mem_q_reg[1][18]
         core_i/if_stage_i/prefetch_buffer_i/fifo_i/mem_q_reg[1][17]
         core_i/if_stage_i/prefetch_buffer_i/fifo_i/mem_q_reg[1][16]
         core_i/if_stage_i/prefetch_buffer_i/fifo_i/mem_q_reg[1][15]
         core_i/if_stage_i/prefetch_buffer_i/fifo_i/mem_q_reg[1][14]
         core_i/if_stage_i/prefetch_buffer_i/fifo_i/mem_q_reg[1][13]
         core_i/if_stage_i/prefetch_buffer_i/fifo_i/mem_q_reg[1][12]
         core_i/if_stage_i/prefetch_buffer_i/fifo_i/mem_q_reg[1][11]
         core_i/if_stage_i/prefetch_buffer_i/fifo_i/mem_q_reg[1][10]
         core_i/if_stage_i/prefetch_buffer_i/fifo_i/mem_q_reg[1][9]
         core_i/if_stage_i/prefetch_buffer_i/fifo_i/mem_q_reg[1][8]
         core_i/if_stage_i/prefetch_buffer_i/fifo_i/mem_q_reg[1][7]
         core_i/if_stage_i/prefetch_buffer_i/fifo_i/mem_q_reg[1][6]
         core_i/if_stage_i/prefetch_buffer_i/fifo_i/mem_q_reg[1][5]
         core_i/if_stage_i/prefetch_buffer_i/fifo_i/mem_q_reg[1][4]
         core_i/if_stage_i/prefetch_buffer_i/fifo_i/mem_q_reg[1][3]
         core_i/if_stage_i/prefetch_buffer_i/fifo_i/mem_q_reg[1][2]
         core_i/if_stage_i/prefetch_buffer_i/fifo_i/mem_q_reg[1][1]
         core_i/if_stage_i/prefetch_buffer_i/fifo_i/mem_q_reg[1][0]
         core_i/if_stage_i/prefetch_buffer_i/fifo_i/mem_q_reg[0][31]
         core_i/if_stage_i/prefetch_buffer_i/fifo_i/mem_q_reg[0][30]
         core_i/if_stage_i/prefetch_buffer_i/fifo_i/mem_q_reg[0][29]
         core_i/if_stage_i/prefetch_buffer_i/fifo_i/mem_q_reg[0][28]
         core_i/if_stage_i/prefetch_buffer_i/fifo_i/mem_q_reg[0][27]
         core_i/if_stage_i/prefetch_buffer_i/fifo_i/mem_q_reg[0][26]
         core_i/if_stage_i/prefetch_buffer_i/fifo_i/mem_q_reg[0][25]
         core_i/if_stage_i/prefetch_buffer_i/fifo_i/mem_q_reg[0][24]
         core_i/if_stage_i/prefetch_buffer_i/fifo_i/mem_q_reg[0][23]
         core_i/if_stage_i/prefetch_buffer_i/fifo_i/mem_q_reg[0][22]
         core_i/if_stage_i/prefetch_buffer_i/fifo_i/mem_q_reg[0][21]
         core_i/if_stage_i/prefetch_buffer_i/fifo_i/mem_q_reg[0][20]
         core_i/if_stage_i/prefetch_buffer_i/fifo_i/mem_q_reg[0][19]
         core_i/if_stage_i/prefetch_buffer_i/fifo_i/mem_q_reg[0][18]
         core_i/if_stage_i/prefetch_buffer_i/fifo_i/mem_q_reg[0][17]
         core_i/if_stage_i/prefetch_buffer_i/fifo_i/mem_q_reg[0][16]
         core_i/if_stage_i/prefetch_buffer_i/fifo_i/mem_q_reg[0][15]
         core_i/if_stage_i/prefetch_buffer_i/fifo_i/mem_q_reg[0][14]
         core_i/if_stage_i/prefetch_buffer_i/fifo_i/mem_q_reg[0][13]
         core_i/if_stage_i/prefetch_buffer_i/fifo_i/mem_q_reg[0][12]
         core_i/if_stage_i/prefetch_buffer_i/fifo_i/mem_q_reg[0][11]
         core_i/if_stage_i/prefetch_buffer_i/fifo_i/mem_q_reg[0][10]
         core_i/if_stage_i/prefetch_buffer_i/fifo_i/mem_q_reg[0][9]
         core_i/if_stage_i/prefetch_buffer_i/fifo_i/mem_q_reg[0][8]
         core_i/if_stage_i/prefetch_buffer_i/fifo_i/mem_q_reg[0][7]
         core_i/if_stage_i/prefetch_buffer_i/fifo_i/mem_q_reg[0][6]
         core_i/if_stage_i/prefetch_buffer_i/fifo_i/mem_q_reg[0][5]
         core_i/if_stage_i/prefetch_buffer_i/fifo_i/mem_q_reg[0][4]
         core_i/if_stage_i/prefetch_buffer_i/fifo_i/mem_q_reg[0][3]
         core_i/if_stage_i/prefetch_buffer_i/fifo_i/mem_q_reg[0][2]
         core_i/if_stage_i/prefetch_buffer_i/fifo_i/mem_q_reg[0][1]
         core_i/if_stage_i/prefetch_buffer_i/fifo_i/mem_q_reg[0][0]
         core_i/if_stage_i/prefetch_buffer_i/fifo_i/write_pointer_q_reg[0]
         core_i/if_stage_i/prefetch_buffer_i/fifo_i/read_pointer_q_reg[0]
         core_i/if_stage_i/prefetch_buffer_i/fifo_i/status_cnt_q_reg[0]
         core_i/if_stage_i/prefetch_buffer_i/fifo_i/status_cnt_q_reg[1]
         core_i/if_stage_i/prefetch_buffer_i/instruction_obi_i/state_q_reg
         core_i/if_stage_i/prefetch_buffer_i/instruction_obi_i/gen_no_trans_stable.obi_atop_q_reg[5]
         core_i/if_stage_i/prefetch_buffer_i/instruction_obi_i/gen_no_trans_stable.obi_atop_q_reg[4]
         core_i/if_stage_i/prefetch_buffer_i/instruction_obi_i/gen_no_trans_stable.obi_atop_q_reg[3]
         core_i/if_stage_i/prefetch_buffer_i/instruction_obi_i/gen_no_trans_stable.obi_atop_q_reg[2]
         core_i/if_stage_i/prefetch_buffer_i/instruction_obi_i/gen_no_trans_stable.obi_atop_q_reg[1]
         core_i/if_stage_i/prefetch_buffer_i/instruction_obi_i/gen_no_trans_stable.obi_atop_q_reg[0]
         core_i/if_stage_i/prefetch_buffer_i/instruction_obi_i/gen_no_trans_stable.obi_addr_q_reg[31]
         core_i/if_stage_i/prefetch_buffer_i/instruction_obi_i/gen_no_trans_stable.obi_addr_q_reg[30]
         core_i/if_stage_i/prefetch_buffer_i/instruction_obi_i/gen_no_trans_stable.obi_addr_q_reg[29]
         core_i/if_stage_i/prefetch_buffer_i/instruction_obi_i/gen_no_trans_stable.obi_addr_q_reg[28]
         core_i/if_stage_i/prefetch_buffer_i/instruction_obi_i/gen_no_trans_stable.obi_addr_q_reg[27]
         core_i/if_stage_i/prefetch_buffer_i/instruction_obi_i/gen_no_trans_stable.obi_addr_q_reg[26]
         core_i/if_stage_i/prefetch_buffer_i/instruction_obi_i/gen_no_trans_stable.obi_addr_q_reg[25]
         core_i/if_stage_i/prefetch_buffer_i/instruction_obi_i/gen_no_trans_stable.obi_addr_q_reg[24]
         core_i/if_stage_i/prefetch_buffer_i/instruction_obi_i/gen_no_trans_stable.obi_addr_q_reg[23]
         core_i/if_stage_i/prefetch_buffer_i/instruction_obi_i/gen_no_trans_stable.obi_addr_q_reg[22]
         core_i/if_stage_i/prefetch_buffer_i/instruction_obi_i/gen_no_trans_stable.obi_addr_q_reg[21]
         core_i/if_stage_i/prefetch_buffer_i/instruction_obi_i/gen_no_trans_stable.obi_addr_q_reg[20]
         core_i/if_stage_i/prefetch_buffer_i/instruction_obi_i/gen_no_trans_stable.obi_addr_q_reg[19]
         core_i/if_stage_i/prefetch_buffer_i/instruction_obi_i/gen_no_trans_stable.obi_addr_q_reg[18]
         core_i/if_stage_i/prefetch_buffer_i/instruction_obi_i/gen_no_trans_stable.obi_addr_q_reg[17]
         core_i/if_stage_i/prefetch_buffer_i/instruction_obi_i/gen_no_trans_stable.obi_addr_q_reg[16]
         core_i/if_stage_i/prefetch_buffer_i/instruction_obi_i/gen_no_trans_stable.obi_addr_q_reg[15]
         core_i/if_stage_i/prefetch_buffer_i/instruction_obi_i/gen_no_trans_stable.obi_addr_q_reg[14]
         core_i/if_stage_i/prefetch_buffer_i/instruction_obi_i/gen_no_trans_stable.obi_addr_q_reg[13]
         core_i/if_stage_i/prefetch_buffer_i/instruction_obi_i/gen_no_trans_stable.obi_addr_q_reg[12]
         core_i/if_stage_i/prefetch_buffer_i/instruction_obi_i/gen_no_trans_stable.obi_addr_q_reg[11]
         core_i/if_stage_i/prefetch_buffer_i/instruction_obi_i/gen_no_trans_stable.obi_addr_q_reg[10]
         core_i/if_stage_i/prefetch_buffer_i/instruction_obi_i/gen_no_trans_stable.obi_addr_q_reg[9]
         core_i/if_stage_i/prefetch_buffer_i/instruction_obi_i/gen_no_trans_stable.obi_addr_q_reg[8]
         core_i/if_stage_i/prefetch_buffer_i/instruction_obi_i/gen_no_trans_stable.obi_addr_q_reg[7]
         core_i/if_stage_i/prefetch_buffer_i/instruction_obi_i/gen_no_trans_stable.obi_addr_q_reg[6]
         core_i/if_stage_i/prefetch_buffer_i/instruction_obi_i/gen_no_trans_stable.obi_addr_q_reg[5]
         core_i/if_stage_i/prefetch_buffer_i/instruction_obi_i/gen_no_trans_stable.obi_addr_q_reg[4]
         core_i/if_stage_i/prefetch_buffer_i/instruction_obi_i/gen_no_trans_stable.obi_addr_q_reg[3]
         core_i/if_stage_i/prefetch_buffer_i/instruction_obi_i/gen_no_trans_stable.obi_addr_q_reg[2]
         core_i/if_stage_i/prefetch_buffer_i/instruction_obi_i/gen_no_trans_stable.obi_addr_q_reg[1]
         core_i/if_stage_i/prefetch_buffer_i/instruction_obi_i/gen_no_trans_stable.obi_addr_q_reg[0]
         core_i/if_stage_i/prefetch_buffer_i/instruction_obi_i/gen_no_trans_stable.obi_we_q_reg
         core_i/if_stage_i/prefetch_buffer_i/instruction_obi_i/gen_no_trans_stable.obi_be_q_reg[3]
         core_i/if_stage_i/prefetch_buffer_i/instruction_obi_i/gen_no_trans_stable.obi_be_q_reg[2]
         core_i/if_stage_i/prefetch_buffer_i/instruction_obi_i/gen_no_trans_stable.obi_be_q_reg[1]
         core_i/if_stage_i/prefetch_buffer_i/instruction_obi_i/gen_no_trans_stable.obi_be_q_reg[0]
         core_i/if_stage_i/prefetch_buffer_i/instruction_obi_i/gen_no_trans_stable.obi_wdata_q_reg[31]
         core_i/if_stage_i/prefetch_buffer_i/instruction_obi_i/gen_no_trans_stable.obi_wdata_q_reg[30]
         core_i/if_stage_i/prefetch_buffer_i/instruction_obi_i/gen_no_trans_stable.obi_wdata_q_reg[29]
         core_i/if_stage_i/prefetch_buffer_i/instruction_obi_i/gen_no_trans_stable.obi_wdata_q_reg[28]
         core_i/if_stage_i/prefetch_buffer_i/instruction_obi_i/gen_no_trans_stable.obi_wdata_q_reg[27]
         core_i/if_stage_i/prefetch_buffer_i/instruction_obi_i/gen_no_trans_stable.obi_wdata_q_reg[26]
         core_i/if_stage_i/prefetch_buffer_i/instruction_obi_i/gen_no_trans_stable.obi_wdata_q_reg[25]
         core_i/if_stage_i/prefetch_buffer_i/instruction_obi_i/gen_no_trans_stable.obi_wdata_q_reg[24]
         core_i/if_stage_i/prefetch_buffer_i/instruction_obi_i/gen_no_trans_stable.obi_wdata_q_reg[23]
         core_i/if_stage_i/prefetch_buffer_i/instruction_obi_i/gen_no_trans_stable.obi_wdata_q_reg[22]
         core_i/if_stage_i/prefetch_buffer_i/instruction_obi_i/gen_no_trans_stable.obi_wdata_q_reg[21]
         core_i/if_stage_i/prefetch_buffer_i/instruction_obi_i/gen_no_trans_stable.obi_wdata_q_reg[20]
         core_i/if_stage_i/prefetch_buffer_i/instruction_obi_i/gen_no_trans_stable.obi_wdata_q_reg[19]
         core_i/if_stage_i/prefetch_buffer_i/instruction_obi_i/gen_no_trans_stable.obi_wdata_q_reg[18]
         core_i/if_stage_i/prefetch_buffer_i/instruction_obi_i/gen_no_trans_stable.obi_wdata_q_reg[17]
         core_i/if_stage_i/prefetch_buffer_i/instruction_obi_i/gen_no_trans_stable.obi_wdata_q_reg[16]
         core_i/if_stage_i/prefetch_buffer_i/instruction_obi_i/gen_no_trans_stable.obi_wdata_q_reg[15]
         core_i/if_stage_i/prefetch_buffer_i/instruction_obi_i/gen_no_trans_stable.obi_wdata_q_reg[14]
         core_i/if_stage_i/prefetch_buffer_i/instruction_obi_i/gen_no_trans_stable.obi_wdata_q_reg[13]
         core_i/if_stage_i/prefetch_buffer_i/instruction_obi_i/gen_no_trans_stable.obi_wdata_q_reg[12]
         core_i/if_stage_i/prefetch_buffer_i/instruction_obi_i/gen_no_trans_stable.obi_wdata_q_reg[11]
         core_i/if_stage_i/prefetch_buffer_i/instruction_obi_i/gen_no_trans_stable.obi_wdata_q_reg[10]
         core_i/if_stage_i/prefetch_buffer_i/instruction_obi_i/gen_no_trans_stable.obi_wdata_q_reg[9]
         core_i/if_stage_i/prefetch_buffer_i/instruction_obi_i/gen_no_trans_stable.obi_wdata_q_reg[8]
         core_i/if_stage_i/prefetch_buffer_i/instruction_obi_i/gen_no_trans_stable.obi_wdata_q_reg[7]
         core_i/if_stage_i/prefetch_buffer_i/instruction_obi_i/gen_no_trans_stable.obi_wdata_q_reg[6]
         core_i/if_stage_i/prefetch_buffer_i/instruction_obi_i/gen_no_trans_stable.obi_wdata_q_reg[5]
         core_i/if_stage_i/prefetch_buffer_i/instruction_obi_i/gen_no_trans_stable.obi_wdata_q_reg[4]
         core_i/if_stage_i/prefetch_buffer_i/instruction_obi_i/gen_no_trans_stable.obi_wdata_q_reg[3]
         core_i/if_stage_i/prefetch_buffer_i/instruction_obi_i/gen_no_trans_stable.obi_wdata_q_reg[2]
         core_i/if_stage_i/prefetch_buffer_i/instruction_obi_i/gen_no_trans_stable.obi_wdata_q_reg[1]
         core_i/if_stage_i/prefetch_buffer_i/instruction_obi_i/gen_no_trans_stable.obi_wdata_q_reg[0]
         core_i/ex_stage_i/alu_i/alu_div_i/Cnt_DP_reg[5]
         core_i/ex_stage_i/alu_i/alu_div_i/Cnt_DP_reg[3]
         core_i/ex_stage_i/alu_i/alu_div_i/ResInv_SP_reg
         core_i/ex_stage_i/alu_i/alu_div_i/Cnt_DP_reg[1]
         core_i/ex_stage_i/alu_i/alu_div_i/Cnt_DP_reg[4]
         core_i/ex_stage_i/alu_i/alu_div_i/Cnt_DP_reg[0]
         core_i/ex_stage_i/alu_i/alu_div_i/Cnt_DP_reg[2]
         core_i/ex_stage_i/alu_i/alu_div_i/CompInv_SP_reg
         core_i/ex_stage_i/alu_i/alu_div_i/ResReg_DP_reg[0]
         core_i/ex_stage_i/alu_i/alu_div_i/BReg_DP_reg[31]
         core_i/ex_stage_i/alu_i/alu_div_i/BReg_DP_reg[29]
         core_i/ex_stage_i/alu_i/alu_div_i/BReg_DP_reg[27]
         core_i/ex_stage_i/alu_i/alu_div_i/BReg_DP_reg[26]
         core_i/ex_stage_i/alu_i/alu_div_i/BReg_DP_reg[25]
         core_i/ex_stage_i/alu_i/alu_div_i/BReg_DP_reg[23]
         core_i/ex_stage_i/alu_i/alu_div_i/BReg_DP_reg[22]
         core_i/ex_stage_i/alu_i/alu_div_i/BReg_DP_reg[21]
         core_i/ex_stage_i/alu_i/alu_div_i/BReg_DP_reg[19]
         core_i/ex_stage_i/alu_i/alu_div_i/BReg_DP_reg[30]
         core_i/ex_stage_i/alu_i/alu_div_i/BReg_DP_reg[28]
         core_i/ex_stage_i/alu_i/alu_div_i/BReg_DP_reg[24]
         core_i/ex_stage_i/alu_i/alu_div_i/BReg_DP_reg[20]
         core_i/ex_stage_i/alu_i/alu_div_i/ResReg_DP_reg[7]
         core_i/ex_stage_i/alu_i/alu_div_i/ResReg_DP_reg[6]
         core_i/ex_stage_i/alu_i/alu_div_i/ResReg_DP_reg[5]
         core_i/ex_stage_i/alu_i/alu_div_i/ResReg_DP_reg[4]
         core_i/ex_stage_i/alu_i/alu_div_i/ResReg_DP_reg[3]
         core_i/ex_stage_i/alu_i/alu_div_i/ResReg_DP_reg[2]
         core_i/ex_stage_i/alu_i/alu_div_i/ResReg_DP_reg[1]
         core_i/ex_stage_i/alu_i/alu_div_i/AReg_DP_reg[25]
         core_i/ex_stage_i/alu_i/alu_div_i/AReg_DP_reg[30]
         core_i/ex_stage_i/alu_i/alu_div_i/AReg_DP_reg[28]
         core_i/ex_stage_i/alu_i/alu_div_i/AReg_DP_reg[24]
         core_i/ex_stage_i/alu_i/alu_div_i/AReg_DP_reg[27]
         core_i/ex_stage_i/alu_i/alu_div_i/AReg_DP_reg[26]
         core_i/ex_stage_i/alu_i/alu_div_i/AReg_DP_reg[31]
         core_i/ex_stage_i/alu_i/alu_div_i/AReg_DP_reg[29]
         core_i/ex_stage_i/alu_i/alu_div_i/State_SP_reg[0]
         core_i/ex_stage_i/alu_i/alu_div_i/BReg_DP_reg[0]
         core_i/ex_stage_i/alu_i/alu_div_i/BReg_DP_reg[18]
         core_i/ex_stage_i/alu_i/alu_div_i/BReg_DP_reg[17]
         core_i/ex_stage_i/alu_i/alu_div_i/BReg_DP_reg[15]
         core_i/ex_stage_i/alu_i/alu_div_i/BReg_DP_reg[14]
         core_i/ex_stage_i/alu_i/alu_div_i/BReg_DP_reg[13]
         core_i/ex_stage_i/alu_i/alu_div_i/BReg_DP_reg[11]
         core_i/ex_stage_i/alu_i/alu_div_i/BReg_DP_reg[10]
         core_i/ex_stage_i/alu_i/alu_div_i/BReg_DP_reg[9]
         core_i/ex_stage_i/alu_i/alu_div_i/BReg_DP_reg[7]
         core_i/ex_stage_i/alu_i/alu_div_i/BReg_DP_reg[6]
         core_i/ex_stage_i/alu_i/alu_div_i/BReg_DP_reg[5]
         core_i/ex_stage_i/alu_i/alu_div_i/BReg_DP_reg[3]
         core_i/ex_stage_i/alu_i/alu_div_i/BReg_DP_reg[2]
         core_i/ex_stage_i/alu_i/alu_div_i/BReg_DP_reg[1]
         core_i/ex_stage_i/alu_i/alu_div_i/BReg_DP_reg[16]
         core_i/ex_stage_i/alu_i/alu_div_i/BReg_DP_reg[12]
         core_i/ex_stage_i/alu_i/alu_div_i/BReg_DP_reg[8]
         core_i/ex_stage_i/alu_i/alu_div_i/BReg_DP_reg[4]
         core_i/ex_stage_i/alu_i/alu_div_i/State_SP_reg[1]
         core_i/ex_stage_i/alu_i/alu_div_i/ResReg_DP_reg[29]
         core_i/ex_stage_i/alu_i/alu_div_i/ResReg_DP_reg[28]
         core_i/ex_stage_i/alu_i/alu_div_i/ResReg_DP_reg[27]
         core_i/ex_stage_i/alu_i/alu_div_i/ResReg_DP_reg[26]
         core_i/ex_stage_i/alu_i/alu_div_i/ResReg_DP_reg[25]
         core_i/ex_stage_i/alu_i/alu_div_i/ResReg_DP_reg[24]
         core_i/ex_stage_i/alu_i/alu_div_i/ResReg_DP_reg[23]
         core_i/ex_stage_i/alu_i/alu_div_i/ResReg_DP_reg[22]
         core_i/ex_stage_i/alu_i/alu_div_i/ResReg_DP_reg[21]
         core_i/ex_stage_i/alu_i/alu_div_i/ResReg_DP_reg[20]
         core_i/ex_stage_i/alu_i/alu_div_i/ResReg_DP_reg[19]
         core_i/ex_stage_i/alu_i/alu_div_i/ResReg_DP_reg[18]
         core_i/ex_stage_i/alu_i/alu_div_i/ResReg_DP_reg[17]
         core_i/ex_stage_i/alu_i/alu_div_i/ResReg_DP_reg[16]
         core_i/ex_stage_i/alu_i/alu_div_i/ResReg_DP_reg[15]
         core_i/ex_stage_i/alu_i/alu_div_i/ResReg_DP_reg[14]
         core_i/ex_stage_i/alu_i/alu_div_i/ResReg_DP_reg[13]
         core_i/ex_stage_i/alu_i/alu_div_i/ResReg_DP_reg[12]
         core_i/ex_stage_i/alu_i/alu_div_i/ResReg_DP_reg[11]
         core_i/ex_stage_i/alu_i/alu_div_i/ResReg_DP_reg[10]
         core_i/ex_stage_i/alu_i/alu_div_i/ResReg_DP_reg[9]
         core_i/ex_stage_i/alu_i/alu_div_i/ResReg_DP_reg[8]
         core_i/ex_stage_i/alu_i/alu_div_i/AReg_DP_reg[21]
         core_i/ex_stage_i/alu_i/alu_div_i/AReg_DP_reg[17]
         core_i/ex_stage_i/alu_i/alu_div_i/AReg_DP_reg[13]
         core_i/ex_stage_i/alu_i/alu_div_i/AReg_DP_reg[5]
         core_i/ex_stage_i/alu_i/alu_div_i/AReg_DP_reg[20]
         core_i/ex_stage_i/alu_i/alu_div_i/AReg_DP_reg[16]
         core_i/ex_stage_i/alu_i/alu_div_i/AReg_DP_reg[12]
         core_i/ex_stage_i/alu_i/alu_div_i/AReg_DP_reg[8]
         core_i/ex_stage_i/alu_i/alu_div_i/AReg_DP_reg[4]
         core_i/ex_stage_i/alu_i/alu_div_i/AReg_DP_reg[23]
         core_i/ex_stage_i/alu_i/alu_div_i/AReg_DP_reg[19]
         core_i/ex_stage_i/alu_i/alu_div_i/AReg_DP_reg[15]
         core_i/ex_stage_i/alu_i/alu_div_i/AReg_DP_reg[11]
         core_i/ex_stage_i/alu_i/alu_div_i/AReg_DP_reg[7]
         core_i/ex_stage_i/alu_i/alu_div_i/AReg_DP_reg[3]
         core_i/ex_stage_i/alu_i/alu_div_i/AReg_DP_reg[22]
         core_i/ex_stage_i/alu_i/alu_div_i/AReg_DP_reg[18]
         core_i/ex_stage_i/alu_i/alu_div_i/AReg_DP_reg[14]
         core_i/ex_stage_i/alu_i/alu_div_i/AReg_DP_reg[10]
         core_i/ex_stage_i/alu_i/alu_div_i/AReg_DP_reg[6]
         core_i/ex_stage_i/alu_i/alu_div_i/AReg_DP_reg[9]
         core_i/ex_stage_i/alu_i/alu_div_i/ResReg_DP_reg[31]
         core_i/ex_stage_i/alu_i/alu_div_i/AReg_DP_reg[0]
         core_i/ex_stage_i/alu_i/alu_div_i/RemSel_SP_reg
         core_i/ex_stage_i/alu_i/alu_div_i/ResReg_DP_reg[30]
         core_i/ex_stage_i/alu_i/alu_div_i/AReg_DP_reg[2]
         core_i/ex_stage_i/alu_i/alu_div_i/AReg_DP_reg[1]

....Inferring feed-through connections....
Information: Test design rule checking completed. (TEST-123)
  Running test coverage estimation...
 200288 faults were added to fault list.
 0           74654  81301         1/0/0    53.40%      0.37
 0           18786  62514         2/0/0    64.17%      0.62
 0           11678  50823        10/0/1    70.86%      0.86
 0            7135  43679        16/0/3    74.96%      1.09
 0            4276  39386        27/0/3    77.42%      1.31
 0            3958  35415        38/0/4    79.69%      1.54
 0            3512  31888        49/0/4    81.71%      1.74
 0            2013  29855        66/0/4    82.87%      1.95
 0            1871  27966        79/0/6    83.96%      2.18
 0            1177  26768        96/1/8    84.64%      2.44
 0            1573  25166       115/1/9    85.56%      2.67
 0            1378  23769      131/1/10    86.36%      2.89
 0            1305  22440      146/1/10    87.12%      3.11
 0            1245  21161      165/1/10    87.85%      3.37
 0             897  20232      187/1/10    88.38%      3.61
 0             660  19546      205/1/11    88.77%      3.87
 0             650  18868      226/1/13    89.16%      4.13
 0             915  17925      246/1/13    89.70%      4.39
 0             423  17470      267/1/14    89.96%      4.68
 0             613  16815      298/1/16    90.33%      5.17
 0             410  16372      319/1/17    90.59%      5.45
 0             491  15852      340/1/19    90.88%      5.76
 0             300  15520      361/1/20    91.07%      6.03
 0             412  15062      390/1/20    91.33%      6.37
 0             525  14488      428/1/21    91.66%      6.77
 0             402  14055      452/1/21    91.91%      7.07
 0             416  13513      535/1/21    92.21%      7.42
 0             346  13131      559/1/21    92.43%      7.68
 0             265  12830      585/1/24    92.60%      7.99
 0             238  12493      648/1/30    92.79%      8.35
 0             214  12235      671/1/31    92.94%      8.64
 0             191  11964      710/1/31    93.09%      8.96
 0             156  11750      749/1/32    93.22%      9.26
 0             145  11473      826/1/41    93.37%      9.67
 0             124  11302      855/1/41    93.47%     10.00
 0             120  11142      885/1/42    93.56%     10.35
 0              77  11027      913/2/42    93.62%     10.66
 0             190  10750      977/2/45    93.78%     11.01
 0             171  10431     1092/2/46    93.96%     11.46
 0             131  10125     1226/2/48    94.13%     11.91
 0             139   9944     1254/2/50    94.23%     12.17
 0             110   9794     1283/2/51    94.32%     12.43
 0              92   9655     1318/2/52    94.40%     12.74
 0              69   9478     1378/2/53    94.50%     13.34
 0              95   9338     1411/2/53    94.58%     13.62
 0              82   9199     1448/2/56    94.66%     14.03
 0              90   9059     1481/2/56    94.74%     14.59
 0              60   8944     1515/2/57    94.80%     15.16
 0              88   8811     1547/2/57    94.88%     15.61
 0              63   8699     1580/2/58    94.94%     16.06
 0              73   8576     1610/2/59    95.01%     16.46
 0              67   8465     1642/2/59    95.07%     16.88
 0              84   8320     1680/2/59    95.16%     17.19
 0              73   8191     1712/2/59    95.23%     17.50
 0              68   8077     1741/2/60    95.29%     17.82
 0              61   7969     1773/2/62    95.36%     18.19
 0             104   7796     1826/2/62    95.45%     18.66
 0             103   7635     1860/2/62    95.55%     19.11
 0              87   7485     1908/2/78    95.63%     19.64
 0              58   7375     1944/2/86    95.69%     20.09
 0              56   7263    1982/2/101    95.76%     20.64
 0             167   6929    2074/8/103    95.94%     21.04
 0              47   6819    2123/8/104    96.01%     21.47
 0              50   6364    2386/8/106    96.26%     22.76
 0              72   6215    2440/8/130    96.35%     23.80
 0              58   6103    2475/8/130    96.41%     24.37
 0              51   6001    2511/8/132    96.47%     24.94
 0              72   5878    2546/8/135    96.54%     25.46
 0              77   5740   2587/10/135    96.62%     26.11
 0              57   5624   2623/11/136    96.69%     26.76
 0              48   5515   2660/11/137    96.75%     27.38
 0              37   4859   3037/11/142    97.12%     30.41
 0              52   4755   3072/11/142    97.19%     30.77
 0              70   4632   3110/11/142    97.26%     31.14
 0              83    780   5696/11/144    99.51%     54.94
 0              47    642   5758/11/146    99.60%     55.18
 0              44    251   5981/11/151    99.83%     56.81
 
            Pattern Summary Report
 -----------------------------------------------
 #internal patterns                           0
 -----------------------------------------------
 

     Uncollapsed Stuck Fault Summary Report
 -----------------------------------------------
 fault class                     code   #faults
 ------------------------------  ----  ---------
 Detected                         DT     165313
 Possibly detected                PT          0
 Undetectable                     UD      34698
 ATPG untestable                  AU         26
 Not detected                     ND        251
 -----------------------------------------------
 total faults                            200288
 test coverage                            99.83%
 -----------------------------------------------
  Information: The test coverage above may be inferior
               than the real test coverage with customized
               protocol and test simulation library.
1
##################### Close Formality Setup file ###########################
set_svf -off
1
#############################################################################
# Write out files
#############################################################################
write_file -format verilog -hierarchy -output netlists/$top_module.ddc
Writing verilog file '/home/ICer/ITI/PnR_Grad/Backend/DFT/netlists/cv32e40p_top.ddc'.
Warning: Verilog 'assign' or 'tran' statements are written out. (VO-4)
Warning: Verilog writer has added 2 nets to module cv32e40p_prefetch_controller_PULP_OBI0_COREV_PULP0_DEPTH2_test_1 using SYNOPSYS_UNCONNECTED_ as prefix.  Please use the change_names command to make the correct changes before invoking the verilog writer.  (VO-11)
Warning: Verilog writer has added 2 nets to module cv32e40p_prefetch_buffer_PULP_OBI0_COREV_PULP0_test_1 using SYNOPSYS_UNCONNECTED_ as prefix.  Please use the change_names command to make the correct changes before invoking the verilog writer.  (VO-11)
Warning: Verilog writer has added 1 nets to module cv32e40p_if_stage_COREV_PULP0_PULP_OBI0_PULP_SECURE0_FPU0_ZFINX0_test_1 using SYNOPSYS_UNCONNECTED_ as prefix.  Please use the change_names command to make the correct changes before invoking the verilog writer.  (VO-11)
Warning: Verilog writer has added 23 nets to module cv32e40p_id_stage_COREV_PULP0_COREV_CLUSTER0_N_HWLP2_PULP_SECURE0_USE_PMP0_A_EXTENSION0_APU0_FPU0_FPU_ADDMUL_LAT0_FPU_OTHERS_LAT0_ZFINX0_APU_NARGS_CPU3_APU_WOP_CPU6_APU_NDSFLAGS_CPU15_APU_NUSFLAGS_CPU5_DEBUG_TRIGGER_EN1_test_1 using SYNOPSYS_UNCONNECTED_ as prefix.  Please use the change_names command to make the correct changes before invoking the verilog writer.  (VO-11)
Warning: Verilog writer has added 5 nets to module cv32e40p_alu_test_1 using SYNOPSYS_UNCONNECTED_ as prefix.  Please use the change_names command to make the correct changes before invoking the verilog writer.  (VO-11)
Warning: Verilog writer has added 2 nets to module cv32e40p_mult_DW02_mult_6 using SYNOPSYS_UNCONNECTED_ as prefix.  Please use the change_names command to make the correct changes before invoking the verilog writer.  (VO-11)
Warning: Verilog writer has added 2 nets to module cv32e40p_mult_DW02_mult_5 using SYNOPSYS_UNCONNECTED_ as prefix.  Please use the change_names command to make the correct changes before invoking the verilog writer.  (VO-11)
Warning: Verilog writer has added 37 nets to module cv32e40p_mult_test_1 using SYNOPSYS_UNCONNECTED_ as prefix.  Please use the change_names command to make the correct changes before invoking the verilog writer.  (VO-11)
Warning: Verilog writer has added 1 nets to module cv32e40p_load_store_unit_PULP_OBI0_test_1 using SYNOPSYS_UNCONNECTED_ as prefix.  Please use the change_names command to make the correct changes before invoking the verilog writer.  (VO-11)
Warning: Verilog writer has added 35 nets to module cv32e40p_core_COREV_PULP0_COREV_CLUSTER0_FPU0_FPU_ADDMUL_LAT0_FPU_OTHERS_LAT0_ZFINX0_NUM_MHPMCOUNTERS1_test_1 using SYNOPSYS_UNCONNECTED_ as prefix.  Please use the change_names command to make the correct changes before invoking the verilog writer.  (VO-11)
1
write_file -format verilog -hierarchy -output netlists/$top_module.v
Writing verilog file '/home/ICer/ITI/PnR_Grad/Backend/DFT/netlists/cv32e40p_top.v'.
Warning: Verilog 'assign' or 'tran' statements are written out. (VO-4)
Warning: Verilog writer has added 2 nets to module cv32e40p_prefetch_controller_PULP_OBI0_COREV_PULP0_DEPTH2_test_1 using SYNOPSYS_UNCONNECTED_ as prefix.  Please use the change_names command to make the correct changes before invoking the verilog writer.  (VO-11)
Warning: Verilog writer has added 2 nets to module cv32e40p_prefetch_buffer_PULP_OBI0_COREV_PULP0_test_1 using SYNOPSYS_UNCONNECTED_ as prefix.  Please use the change_names command to make the correct changes before invoking the verilog writer.  (VO-11)
Warning: Verilog writer has added 1 nets to module cv32e40p_if_stage_COREV_PULP0_PULP_OBI0_PULP_SECURE0_FPU0_ZFINX0_test_1 using SYNOPSYS_UNCONNECTED_ as prefix.  Please use the change_names command to make the correct changes before invoking the verilog writer.  (VO-11)
Warning: Verilog writer has added 23 nets to module cv32e40p_id_stage_COREV_PULP0_COREV_CLUSTER0_N_HWLP2_PULP_SECURE0_USE_PMP0_A_EXTENSION0_APU0_FPU0_FPU_ADDMUL_LAT0_FPU_OTHERS_LAT0_ZFINX0_APU_NARGS_CPU3_APU_WOP_CPU6_APU_NDSFLAGS_CPU15_APU_NUSFLAGS_CPU5_DEBUG_TRIGGER_EN1_test_1 using SYNOPSYS_UNCONNECTED_ as prefix.  Please use the change_names command to make the correct changes before invoking the verilog writer.  (VO-11)
Warning: Verilog writer has added 5 nets to module cv32e40p_alu_test_1 using SYNOPSYS_UNCONNECTED_ as prefix.  Please use the change_names command to make the correct changes before invoking the verilog writer.  (VO-11)
Warning: Verilog writer has added 2 nets to module cv32e40p_mult_DW02_mult_6 using SYNOPSYS_UNCONNECTED_ as prefix.  Please use the change_names command to make the correct changes before invoking the verilog writer.  (VO-11)
Warning: Verilog writer has added 2 nets to module cv32e40p_mult_DW02_mult_5 using SYNOPSYS_UNCONNECTED_ as prefix.  Please use the change_names command to make the correct changes before invoking the verilog writer.  (VO-11)
Warning: Verilog writer has added 37 nets to module cv32e40p_mult_test_1 using SYNOPSYS_UNCONNECTED_ as prefix.  Please use the change_names command to make the correct changes before invoking the verilog writer.  (VO-11)
Warning: Verilog writer has added 1 nets to module cv32e40p_load_store_unit_PULP_OBI0_test_1 using SYNOPSYS_UNCONNECTED_ as prefix.  Please use the change_names command to make the correct changes before invoking the verilog writer.  (VO-11)
Warning: Verilog writer has added 35 nets to module cv32e40p_core_COREV_PULP0_COREV_CLUSTER0_FPU0_FPU_ADDMUL_LAT0_FPU_OTHERS_LAT0_ZFINX0_NUM_MHPMCOUNTERS1_test_1 using SYNOPSYS_UNCONNECTED_ as prefix.  Please use the change_names command to make the correct changes before invoking the verilog writer.  (VO-11)
1
write_sdf  sdf/$top_module.sdf
Information: Annotated 'cell' delays are assumed to include load delay. (UID-282)
Information: Writing timing information to file '/home/ICer/ITI/PnR_Grad/Backend/DFT/sdf/cv32e40p_top.sdf'. (WT-3)
Information: Updating design information... (UID-85)
Warning: Design 'cv32e40p_top' contains 2 high-fanout nets. A fanout number of 1000 will be used for delay calculations involving these nets. (TIM-134)
1
write_sdc  -nosplit sdc/$top_module.sdc
1
write_scan_def -output outputs/$top_module.scandef
1
################# reporting #######################
report_area -hierarchy > reports/area.rpt
report_power -hierarchy > reports/power.rpt
report_timing -max_paths 10 -delay_type min > reports/hold.rpt
report_timing -max_paths 10 -delay_type max > reports/setup.rpt
report_clock -attributes > reports/clocks.rpt
report_constraint -all_violators > reports/constraints.rpt
report_port > reports/ports.rpt
dft_drc -coverage_estimate > reports/dft_drc_post_dft.rpt
################# starting graphical user interface #######################
#gui_start
exit

Memory usage for main task 1598 Mbytes.
Memory usage for this session 1598 Mbytes.
CPU usage for this session 739 seconds ( 0.21 hours ).

Thank you...
