**************************************************
Report         : passing_points

Reference      : Ref:/WORK/cv32e40p_top
Implementation : Imp:/WORK/cv32e40p_top
Version        : L-2016.03-SP1
Date           : Wed Jul  2 03:47:04 2025
**************************************************

2247 Passing compare points:

  Ref  LAT        Ref:/WORK/cv32e40p_top/core_i/sleep_unit_i/core_clock_gate_i/core_clock_gate
  Impl LAT        Imp:/WORK/cv32e40p_top/core_i/sleep_unit_i/core_clock_gate_i/core_clock_gate

  Ref  DFF        Ref:/WORK/cv32e40p_top/core_i/cs_registers_i/dcsr_q_reg\[cause][6]
  Impl DFF        Imp:/WORK/cv32e40p_top/core_i/cs_registers_i/dcsr_q_reg_cause__6_

  Ref  DFF        Ref:/WORK/cv32e40p_top/core_i/cs_registers_i/dcsr_q_reg\[cause][7]
  Impl DFF        Imp:/WORK/cv32e40p_top/core_i/cs_registers_i/dcsr_q_reg_cause__7_

  Ref  DFF        Ref:/WORK/cv32e40p_top/core_i/cs_registers_i/dcsr_q_reg\[cause][8]
  Impl DFF        Imp:/WORK/cv32e40p_top/core_i/cs_registers_i/dcsr_q_reg_cause__8_

  Ref  DFF        Ref:/WORK/cv32e40p_top/core_i/cs_registers_i/dcsr_q_reg\[ebreakm]
  Impl DFF        Imp:/WORK/cv32e40p_top/core_i/cs_registers_i/dcsr_q_reg_ebreakm_

  Ref  DFF        Ref:/WORK/cv32e40p_top/core_i/cs_registers_i/dcsr_q_reg\[step]
  Impl DFF        Imp:/WORK/cv32e40p_top/core_i/cs_registers_i/dcsr_q_reg_step_

  Ref  DFF        Ref:/WORK/cv32e40p_top/core_i/cs_registers_i/dcsr_q_reg\[stepie]
  Impl DFF        Imp:/WORK/cv32e40p_top/core_i/cs_registers_i/dcsr_q_reg_stepie_

  Ref  DFF        Ref:/WORK/cv32e40p_top/core_i/cs_registers_i/depc_q_reg[10]
  Impl DFF        Imp:/WORK/cv32e40p_top/core_i/cs_registers_i/depc_q_reg_10_

  Ref  DFF        Ref:/WORK/cv32e40p_top/core_i/cs_registers_i/depc_q_reg[11]
  Impl DFF        Imp:/WORK/cv32e40p_top/core_i/cs_registers_i/depc_q_reg_11_

  Ref  DFF        Ref:/WORK/cv32e40p_top/core_i/cs_registers_i/depc_q_reg[12]
  Impl DFF        Imp:/WORK/cv32e40p_top/core_i/cs_registers_i/depc_q_reg_12_

  Ref  DFF        Ref:/WORK/cv32e40p_top/core_i/cs_registers_i/depc_q_reg[13]
  Impl DFF        Imp:/WORK/cv32e40p_top/core_i/cs_registers_i/depc_q_reg_13_

  Ref  DFF        Ref:/WORK/cv32e40p_top/core_i/cs_registers_i/depc_q_reg[14]
  Impl DFF        Imp:/WORK/cv32e40p_top/core_i/cs_registers_i/depc_q_reg_14_

  Ref  DFF        Ref:/WORK/cv32e40p_top/core_i/cs_registers_i/depc_q_reg[15]
  Impl DFF        Imp:/WORK/cv32e40p_top/core_i/cs_registers_i/depc_q_reg_15_

  Ref  DFF        Ref:/WORK/cv32e40p_top/core_i/cs_registers_i/depc_q_reg[16]
  Impl DFF        Imp:/WORK/cv32e40p_top/core_i/cs_registers_i/depc_q_reg_16_

  Ref  DFF        Ref:/WORK/cv32e40p_top/core_i/cs_registers_i/depc_q_reg[17]
  Impl DFF        Imp:/WORK/cv32e40p_top/core_i/cs_registers_i/depc_q_reg_17_

  Ref  DFF        Ref:/WORK/cv32e40p_top/core_i/cs_registers_i/depc_q_reg[18]
  Impl DFF        Imp:/WORK/cv32e40p_top/core_i/cs_registers_i/depc_q_reg_18_

  Ref  DFF        Ref:/WORK/cv32e40p_top/core_i/cs_registers_i/depc_q_reg[19]
  Impl DFF        Imp:/WORK/cv32e40p_top/core_i/cs_registers_i/depc_q_reg_19_

  Ref  DFF        Ref:/WORK/cv32e40p_top/core_i/cs_registers_i/depc_q_reg[1]
  Impl DFF        Imp:/WORK/cv32e40p_top/core_i/cs_registers_i/depc_q_reg_1_

  Ref  DFF        Ref:/WORK/cv32e40p_top/core_i/cs_registers_i/depc_q_reg[20]
  Impl DFF        Imp:/WORK/cv32e40p_top/core_i/cs_registers_i/depc_q_reg_20_

  Ref  DFF        Ref:/WORK/cv32e40p_top/core_i/cs_registers_i/depc_q_reg[21]
  Impl DFF        Imp:/WORK/cv32e40p_top/core_i/cs_registers_i/depc_q_reg_21_

  Ref  DFF        Ref:/WORK/cv32e40p_top/core_i/cs_registers_i/depc_q_reg[22]
  Impl DFF        Imp:/WORK/cv32e40p_top/core_i/cs_registers_i/depc_q_reg_22_

  Ref  DFF        Ref:/WORK/cv32e40p_top/core_i/cs_registers_i/depc_q_reg[23]
  Impl DFF        Imp:/WORK/cv32e40p_top/core_i/cs_registers_i/depc_q_reg_23_

  Ref  DFF        Ref:/WORK/cv32e40p_top/core_i/cs_registers_i/depc_q_reg[24]
  Impl DFF        Imp:/WORK/cv32e40p_top/core_i/cs_registers_i/depc_q_reg_24_

  Ref  DFF        Ref:/WORK/cv32e40p_top/core_i/cs_registers_i/depc_q_reg[25]
  Impl DFF        Imp:/WORK/cv32e40p_top/core_i/cs_registers_i/depc_q_reg_25_

  Ref  DFF        Ref:/WORK/cv32e40p_top/core_i/cs_registers_i/depc_q_reg[26]
  Impl DFF        Imp:/WORK/cv32e40p_top/core_i/cs_registers_i/depc_q_reg_26_

  Ref  DFF        Ref:/WORK/cv32e40p_top/core_i/cs_registers_i/depc_q_reg[27]
  Impl DFF        Imp:/WORK/cv32e40p_top/core_i/cs_registers_i/depc_q_reg_27_

  Ref  DFF        Ref:/WORK/cv32e40p_top/core_i/cs_registers_i/depc_q_reg[28]
  Impl DFF        Imp:/WORK/cv32e40p_top/core_i/cs_registers_i/depc_q_reg_28_

  Ref  DFF        Ref:/WORK/cv32e40p_top/core_i/cs_registers_i/depc_q_reg[29]
  Impl DFF        Imp:/WORK/cv32e40p_top/core_i/cs_registers_i/depc_q_reg_29_

  Ref  DFF        Ref:/WORK/cv32e40p_top/core_i/cs_registers_i/depc_q_reg[2]
  Impl DFF        Imp:/WORK/cv32e40p_top/core_i/cs_registers_i/depc_q_reg_2_

  Ref  DFF        Ref:/WORK/cv32e40p_top/core_i/cs_registers_i/depc_q_reg[30]
  Impl DFF        Imp:/WORK/cv32e40p_top/core_i/cs_registers_i/depc_q_reg_30_

  Ref  DFF        Ref:/WORK/cv32e40p_top/core_i/cs_registers_i/depc_q_reg[31]
  Impl DFF        Imp:/WORK/cv32e40p_top/core_i/cs_registers_i/depc_q_reg_31_

  Ref  DFF        Ref:/WORK/cv32e40p_top/core_i/cs_registers_i/depc_q_reg[3]
  Impl DFF        Imp:/WORK/cv32e40p_top/core_i/cs_registers_i/depc_q_reg_3_

  Ref  DFF        Ref:/WORK/cv32e40p_top/core_i/cs_registers_i/depc_q_reg[4]
  Impl DFF        Imp:/WORK/cv32e40p_top/core_i/cs_registers_i/depc_q_reg_4_

  Ref  DFF        Ref:/WORK/cv32e40p_top/core_i/cs_registers_i/depc_q_reg[5]
  Impl DFF        Imp:/WORK/cv32e40p_top/core_i/cs_registers_i/depc_q_reg_5_

  Ref  DFF        Ref:/WORK/cv32e40p_top/core_i/cs_registers_i/depc_q_reg[6]
  Impl DFF        Imp:/WORK/cv32e40p_top/core_i/cs_registers_i/depc_q_reg_6_

  Ref  DFF        Ref:/WORK/cv32e40p_top/core_i/cs_registers_i/depc_q_reg[7]
  Impl DFF        Imp:/WORK/cv32e40p_top/core_i/cs_registers_i/depc_q_reg_7_

  Ref  DFF        Ref:/WORK/cv32e40p_top/core_i/cs_registers_i/depc_q_reg[8]
  Impl DFF        Imp:/WORK/cv32e40p_top/core_i/cs_registers_i/depc_q_reg_8_

  Ref  DFF        Ref:/WORK/cv32e40p_top/core_i/cs_registers_i/depc_q_reg[9]
  Impl DFF        Imp:/WORK/cv32e40p_top/core_i/cs_registers_i/depc_q_reg_9_

  Ref  DFF        Ref:/WORK/cv32e40p_top/core_i/cs_registers_i/dscratch0_q_reg[0]
  Impl DFF        Imp:/WORK/cv32e40p_top/core_i/cs_registers_i/dscratch0_q_reg_0_

  Ref  DFF        Ref:/WORK/cv32e40p_top/core_i/cs_registers_i/dscratch0_q_reg[10]
  Impl DFF        Imp:/WORK/cv32e40p_top/core_i/cs_registers_i/dscratch0_q_reg_10_

  Ref  DFF        Ref:/WORK/cv32e40p_top/core_i/cs_registers_i/dscratch0_q_reg[11]
  Impl DFF        Imp:/WORK/cv32e40p_top/core_i/cs_registers_i/dscratch0_q_reg_11_

  Ref  DFF        Ref:/WORK/cv32e40p_top/core_i/cs_registers_i/dscratch0_q_reg[12]
  Impl DFF        Imp:/WORK/cv32e40p_top/core_i/cs_registers_i/dscratch0_q_reg_12_

  Ref  DFF        Ref:/WORK/cv32e40p_top/core_i/cs_registers_i/dscratch0_q_reg[13]
  Impl DFF        Imp:/WORK/cv32e40p_top/core_i/cs_registers_i/dscratch0_q_reg_13_

  Ref  DFF        Ref:/WORK/cv32e40p_top/core_i/cs_registers_i/dscratch0_q_reg[14]
  Impl DFF        Imp:/WORK/cv32e40p_top/core_i/cs_registers_i/dscratch0_q_reg_14_

  Ref  DFF        Ref:/WORK/cv32e40p_top/core_i/cs_registers_i/dscratch0_q_reg[15]
  Impl DFF        Imp:/WORK/cv32e40p_top/core_i/cs_registers_i/dscratch0_q_reg_15_

  Ref  DFF        Ref:/WORK/cv32e40p_top/core_i/cs_registers_i/dscratch0_q_reg[16]
  Impl DFF        Imp:/WORK/cv32e40p_top/core_i/cs_registers_i/dscratch0_q_reg_16_

  Ref  DFF        Ref:/WORK/cv32e40p_top/core_i/cs_registers_i/dscratch0_q_reg[17]
  Impl DFF        Imp:/WORK/cv32e40p_top/core_i/cs_registers_i/dscratch0_q_reg_17_

  Ref  DFF        Ref:/WORK/cv32e40p_top/core_i/cs_registers_i/dscratch0_q_reg[18]
  Impl DFF        Imp:/WORK/cv32e40p_top/core_i/cs_registers_i/dscratch0_q_reg_18_

  Ref  DFF        Ref:/WORK/cv32e40p_top/core_i/cs_registers_i/dscratch0_q_reg[19]
  Impl DFF        Imp:/WORK/cv32e40p_top/core_i/cs_registers_i/dscratch0_q_reg_19_

  Ref  DFF        Ref:/WORK/cv32e40p_top/core_i/cs_registers_i/dscratch0_q_reg[1]
  Impl DFF        Imp:/WORK/cv32e40p_top/core_i/cs_registers_i/dscratch0_q_reg_1_

  Ref  DFF        Ref:/WORK/cv32e40p_top/core_i/cs_registers_i/dscratch0_q_reg[20]
  Impl DFF        Imp:/WORK/cv32e40p_top/core_i/cs_registers_i/dscratch0_q_reg_20_

  Ref  DFF        Ref:/WORK/cv32e40p_top/core_i/cs_registers_i/dscratch0_q_reg[21]
  Impl DFF        Imp:/WORK/cv32e40p_top/core_i/cs_registers_i/dscratch0_q_reg_21_

  Ref  DFF        Ref:/WORK/cv32e40p_top/core_i/cs_registers_i/dscratch0_q_reg[22]
  Impl DFF        Imp:/WORK/cv32e40p_top/core_i/cs_registers_i/dscratch0_q_reg_22_

  Ref  DFF        Ref:/WORK/cv32e40p_top/core_i/cs_registers_i/dscratch0_q_reg[23]
  Impl DFF        Imp:/WORK/cv32e40p_top/core_i/cs_registers_i/dscratch0_q_reg_23_

  Ref  DFF        Ref:/WORK/cv32e40p_top/core_i/cs_registers_i/dscratch0_q_reg[24]
  Impl DFF        Imp:/WORK/cv32e40p_top/core_i/cs_registers_i/dscratch0_q_reg_24_

  Ref  DFF        Ref:/WORK/cv32e40p_top/core_i/cs_registers_i/dscratch0_q_reg[25]
  Impl DFF        Imp:/WORK/cv32e40p_top/core_i/cs_registers_i/dscratch0_q_reg_25_

  Ref  DFF        Ref:/WORK/cv32e40p_top/core_i/cs_registers_i/dscratch0_q_reg[26]
  Impl DFF        Imp:/WORK/cv32e40p_top/core_i/cs_registers_i/dscratch0_q_reg_26_

  Ref  DFF        Ref:/WORK/cv32e40p_top/core_i/cs_registers_i/dscratch0_q_reg[27]
  Impl DFF        Imp:/WORK/cv32e40p_top/core_i/cs_registers_i/dscratch0_q_reg_27_

  Ref  DFF        Ref:/WORK/cv32e40p_top/core_i/cs_registers_i/dscratch0_q_reg[28]
  Impl DFF        Imp:/WORK/cv32e40p_top/core_i/cs_registers_i/dscratch0_q_reg_28_

  Ref  DFF        Ref:/WORK/cv32e40p_top/core_i/cs_registers_i/dscratch0_q_reg[29]
  Impl DFF        Imp:/WORK/cv32e40p_top/core_i/cs_registers_i/dscratch0_q_reg_29_

  Ref  DFF        Ref:/WORK/cv32e40p_top/core_i/cs_registers_i/dscratch0_q_reg[2]
  Impl DFF        Imp:/WORK/cv32e40p_top/core_i/cs_registers_i/dscratch0_q_reg_2_

  Ref  DFF        Ref:/WORK/cv32e40p_top/core_i/cs_registers_i/dscratch0_q_reg[30]
  Impl DFF        Imp:/WORK/cv32e40p_top/core_i/cs_registers_i/dscratch0_q_reg_30_

  Ref  DFF        Ref:/WORK/cv32e40p_top/core_i/cs_registers_i/dscratch0_q_reg[31]
  Impl DFF        Imp:/WORK/cv32e40p_top/core_i/cs_registers_i/dscratch0_q_reg_31_

  Ref  DFF        Ref:/WORK/cv32e40p_top/core_i/cs_registers_i/dscratch0_q_reg[3]
  Impl DFF        Imp:/WORK/cv32e40p_top/core_i/cs_registers_i/dscratch0_q_reg_3_

  Ref  DFF        Ref:/WORK/cv32e40p_top/core_i/cs_registers_i/dscratch0_q_reg[4]
  Impl DFF        Imp:/WORK/cv32e40p_top/core_i/cs_registers_i/dscratch0_q_reg_4_

  Ref  DFF        Ref:/WORK/cv32e40p_top/core_i/cs_registers_i/dscratch0_q_reg[5]
  Impl DFF        Imp:/WORK/cv32e40p_top/core_i/cs_registers_i/dscratch0_q_reg_5_

  Ref  DFF        Ref:/WORK/cv32e40p_top/core_i/cs_registers_i/dscratch0_q_reg[6]
  Impl DFF        Imp:/WORK/cv32e40p_top/core_i/cs_registers_i/dscratch0_q_reg_6_

  Ref  DFF        Ref:/WORK/cv32e40p_top/core_i/cs_registers_i/dscratch0_q_reg[7]
  Impl DFF        Imp:/WORK/cv32e40p_top/core_i/cs_registers_i/dscratch0_q_reg_7_

  Ref  DFF        Ref:/WORK/cv32e40p_top/core_i/cs_registers_i/dscratch0_q_reg[8]
  Impl DFF        Imp:/WORK/cv32e40p_top/core_i/cs_registers_i/dscratch0_q_reg_8_

  Ref  DFF        Ref:/WORK/cv32e40p_top/core_i/cs_registers_i/dscratch0_q_reg[9]
  Impl DFF        Imp:/WORK/cv32e40p_top/core_i/cs_registers_i/dscratch0_q_reg_9_

  Ref  DFF        Ref:/WORK/cv32e40p_top/core_i/cs_registers_i/dscratch1_q_reg[0]
  Impl DFF        Imp:/WORK/cv32e40p_top/core_i/cs_registers_i/dscratch1_q_reg_0_

  Ref  DFF        Ref:/WORK/cv32e40p_top/core_i/cs_registers_i/dscratch1_q_reg[10]
  Impl DFF        Imp:/WORK/cv32e40p_top/core_i/cs_registers_i/dscratch1_q_reg_10_

  Ref  DFF        Ref:/WORK/cv32e40p_top/core_i/cs_registers_i/dscratch1_q_reg[11]
  Impl DFF        Imp:/WORK/cv32e40p_top/core_i/cs_registers_i/dscratch1_q_reg_11_

  Ref  DFF        Ref:/WORK/cv32e40p_top/core_i/cs_registers_i/dscratch1_q_reg[12]
  Impl DFF        Imp:/WORK/cv32e40p_top/core_i/cs_registers_i/dscratch1_q_reg_12_

  Ref  DFF        Ref:/WORK/cv32e40p_top/core_i/cs_registers_i/dscratch1_q_reg[13]
  Impl DFF        Imp:/WORK/cv32e40p_top/core_i/cs_registers_i/dscratch1_q_reg_13_

  Ref  DFF        Ref:/WORK/cv32e40p_top/core_i/cs_registers_i/dscratch1_q_reg[14]
  Impl DFF        Imp:/WORK/cv32e40p_top/core_i/cs_registers_i/dscratch1_q_reg_14_

  Ref  DFF        Ref:/WORK/cv32e40p_top/core_i/cs_registers_i/dscratch1_q_reg[15]
  Impl DFF        Imp:/WORK/cv32e40p_top/core_i/cs_registers_i/dscratch1_q_reg_15_

  Ref  DFF        Ref:/WORK/cv32e40p_top/core_i/cs_registers_i/dscratch1_q_reg[16]
  Impl DFF        Imp:/WORK/cv32e40p_top/core_i/cs_registers_i/dscratch1_q_reg_16_

  Ref  DFF        Ref:/WORK/cv32e40p_top/core_i/cs_registers_i/dscratch1_q_reg[17]
  Impl DFF        Imp:/WORK/cv32e40p_top/core_i/cs_registers_i/dscratch1_q_reg_17_

  Ref  DFF        Ref:/WORK/cv32e40p_top/core_i/cs_registers_i/dscratch1_q_reg[18]
  Impl DFF        Imp:/WORK/cv32e40p_top/core_i/cs_registers_i/dscratch1_q_reg_18_

  Ref  DFF        Ref:/WORK/cv32e40p_top/core_i/cs_registers_i/dscratch1_q_reg[19]
  Impl DFF        Imp:/WORK/cv32e40p_top/core_i/cs_registers_i/dscratch1_q_reg_19_

  Ref  DFF        Ref:/WORK/cv32e40p_top/core_i/cs_registers_i/dscratch1_q_reg[1]
  Impl DFF        Imp:/WORK/cv32e40p_top/core_i/cs_registers_i/dscratch1_q_reg_1_

  Ref  DFF        Ref:/WORK/cv32e40p_top/core_i/cs_registers_i/dscratch1_q_reg[20]
  Impl DFF        Imp:/WORK/cv32e40p_top/core_i/cs_registers_i/dscratch1_q_reg_20_

  Ref  DFF        Ref:/WORK/cv32e40p_top/core_i/cs_registers_i/dscratch1_q_reg[21]
  Impl DFF        Imp:/WORK/cv32e40p_top/core_i/cs_registers_i/dscratch1_q_reg_21_

  Ref  DFF        Ref:/WORK/cv32e40p_top/core_i/cs_registers_i/dscratch1_q_reg[22]
  Impl DFF        Imp:/WORK/cv32e40p_top/core_i/cs_registers_i/dscratch1_q_reg_22_

  Ref  DFF        Ref:/WORK/cv32e40p_top/core_i/cs_registers_i/dscratch1_q_reg[23]
  Impl DFF        Imp:/WORK/cv32e40p_top/core_i/cs_registers_i/dscratch1_q_reg_23_

  Ref  DFF        Ref:/WORK/cv32e40p_top/core_i/cs_registers_i/dscratch1_q_reg[24]
  Impl DFF        Imp:/WORK/cv32e40p_top/core_i/cs_registers_i/dscratch1_q_reg_24_

  Ref  DFF        Ref:/WORK/cv32e40p_top/core_i/cs_registers_i/dscratch1_q_reg[25]
  Impl DFF        Imp:/WORK/cv32e40p_top/core_i/cs_registers_i/dscratch1_q_reg_25_

  Ref  DFF        Ref:/WORK/cv32e40p_top/core_i/cs_registers_i/dscratch1_q_reg[26]
  Impl DFF        Imp:/WORK/cv32e40p_top/core_i/cs_registers_i/dscratch1_q_reg_26_

  Ref  DFF        Ref:/WORK/cv32e40p_top/core_i/cs_registers_i/dscratch1_q_reg[27]
  Impl DFF        Imp:/WORK/cv32e40p_top/core_i/cs_registers_i/dscratch1_q_reg_27_

  Ref  DFF        Ref:/WORK/cv32e40p_top/core_i/cs_registers_i/dscratch1_q_reg[28]
  Impl DFF        Imp:/WORK/cv32e40p_top/core_i/cs_registers_i/dscratch1_q_reg_28_

  Ref  DFF        Ref:/WORK/cv32e40p_top/core_i/cs_registers_i/dscratch1_q_reg[29]
  Impl DFF        Imp:/WORK/cv32e40p_top/core_i/cs_registers_i/dscratch1_q_reg_29_

  Ref  DFF        Ref:/WORK/cv32e40p_top/core_i/cs_registers_i/dscratch1_q_reg[2]
  Impl DFF        Imp:/WORK/cv32e40p_top/core_i/cs_registers_i/dscratch1_q_reg_2_

  Ref  DFF        Ref:/WORK/cv32e40p_top/core_i/cs_registers_i/dscratch1_q_reg[30]
  Impl DFF        Imp:/WORK/cv32e40p_top/core_i/cs_registers_i/dscratch1_q_reg_30_

  Ref  DFF        Ref:/WORK/cv32e40p_top/core_i/cs_registers_i/dscratch1_q_reg[31]
  Impl DFF        Imp:/WORK/cv32e40p_top/core_i/cs_registers_i/dscratch1_q_reg_31_

  Ref  DFF        Ref:/WORK/cv32e40p_top/core_i/cs_registers_i/dscratch1_q_reg[3]
  Impl DFF        Imp:/WORK/cv32e40p_top/core_i/cs_registers_i/dscratch1_q_reg_3_

  Ref  DFF        Ref:/WORK/cv32e40p_top/core_i/cs_registers_i/dscratch1_q_reg[4]
  Impl DFF        Imp:/WORK/cv32e40p_top/core_i/cs_registers_i/dscratch1_q_reg_4_

  Ref  DFF        Ref:/WORK/cv32e40p_top/core_i/cs_registers_i/dscratch1_q_reg[5]
  Impl DFF        Imp:/WORK/cv32e40p_top/core_i/cs_registers_i/dscratch1_q_reg_5_

  Ref  DFF        Ref:/WORK/cv32e40p_top/core_i/cs_registers_i/dscratch1_q_reg[6]
  Impl DFF        Imp:/WORK/cv32e40p_top/core_i/cs_registers_i/dscratch1_q_reg_6_

  Ref  DFF        Ref:/WORK/cv32e40p_top/core_i/cs_registers_i/dscratch1_q_reg[7]
  Impl DFF        Imp:/WORK/cv32e40p_top/core_i/cs_registers_i/dscratch1_q_reg_7_

  Ref  DFF        Ref:/WORK/cv32e40p_top/core_i/cs_registers_i/dscratch1_q_reg[8]
  Impl DFF        Imp:/WORK/cv32e40p_top/core_i/cs_registers_i/dscratch1_q_reg_8_

  Ref  DFF        Ref:/WORK/cv32e40p_top/core_i/cs_registers_i/dscratch1_q_reg[9]
  Impl DFF        Imp:/WORK/cv32e40p_top/core_i/cs_registers_i/dscratch1_q_reg_9_

  Ref  DFF        Ref:/WORK/cv32e40p_top/core_i/cs_registers_i/gen_trigger_regs.tmatch_control_exec_q_reg
  Impl DFF        Imp:/WORK/cv32e40p_top/core_i/cs_registers_i/gen_trigger_regs_tmatch_control_exec_q_reg

  Ref  DFF        Ref:/WORK/cv32e40p_top/core_i/cs_registers_i/gen_trigger_regs.tmatch_value_q_reg[0]
  Impl DFF        Imp:/WORK/cv32e40p_top/core_i/cs_registers_i/gen_trigger_regs_tmatch_value_q_reg_0_

  Ref  DFF        Ref:/WORK/cv32e40p_top/core_i/cs_registers_i/gen_trigger_regs.tmatch_value_q_reg[10]
  Impl DFF        Imp:/WORK/cv32e40p_top/core_i/cs_registers_i/gen_trigger_regs_tmatch_value_q_reg_10_

  Ref  DFF        Ref:/WORK/cv32e40p_top/core_i/cs_registers_i/gen_trigger_regs.tmatch_value_q_reg[11]
  Impl DFF        Imp:/WORK/cv32e40p_top/core_i/cs_registers_i/gen_trigger_regs_tmatch_value_q_reg_11_

  Ref  DFF        Ref:/WORK/cv32e40p_top/core_i/cs_registers_i/gen_trigger_regs.tmatch_value_q_reg[12]
  Impl DFF        Imp:/WORK/cv32e40p_top/core_i/cs_registers_i/gen_trigger_regs_tmatch_value_q_reg_12_

  Ref  DFF        Ref:/WORK/cv32e40p_top/core_i/cs_registers_i/gen_trigger_regs.tmatch_value_q_reg[13]
  Impl DFF        Imp:/WORK/cv32e40p_top/core_i/cs_registers_i/gen_trigger_regs_tmatch_value_q_reg_13_

  Ref  DFF        Ref:/WORK/cv32e40p_top/core_i/cs_registers_i/gen_trigger_regs.tmatch_value_q_reg[14]
  Impl DFF        Imp:/WORK/cv32e40p_top/core_i/cs_registers_i/gen_trigger_regs_tmatch_value_q_reg_14_

  Ref  DFF        Ref:/WORK/cv32e40p_top/core_i/cs_registers_i/gen_trigger_regs.tmatch_value_q_reg[15]
  Impl DFF        Imp:/WORK/cv32e40p_top/core_i/cs_registers_i/gen_trigger_regs_tmatch_value_q_reg_15_

  Ref  DFF        Ref:/WORK/cv32e40p_top/core_i/cs_registers_i/gen_trigger_regs.tmatch_value_q_reg[16]
  Impl DFF        Imp:/WORK/cv32e40p_top/core_i/cs_registers_i/gen_trigger_regs_tmatch_value_q_reg_16_

  Ref  DFF        Ref:/WORK/cv32e40p_top/core_i/cs_registers_i/gen_trigger_regs.tmatch_value_q_reg[17]
  Impl DFF        Imp:/WORK/cv32e40p_top/core_i/cs_registers_i/gen_trigger_regs_tmatch_value_q_reg_17_

  Ref  DFF        Ref:/WORK/cv32e40p_top/core_i/cs_registers_i/gen_trigger_regs.tmatch_value_q_reg[18]
  Impl DFF        Imp:/WORK/cv32e40p_top/core_i/cs_registers_i/gen_trigger_regs_tmatch_value_q_reg_18_

  Ref  DFF        Ref:/WORK/cv32e40p_top/core_i/cs_registers_i/gen_trigger_regs.tmatch_value_q_reg[19]
  Impl DFF        Imp:/WORK/cv32e40p_top/core_i/cs_registers_i/gen_trigger_regs_tmatch_value_q_reg_19_

  Ref  DFF        Ref:/WORK/cv32e40p_top/core_i/cs_registers_i/gen_trigger_regs.tmatch_value_q_reg[1]
  Impl DFF        Imp:/WORK/cv32e40p_top/core_i/cs_registers_i/gen_trigger_regs_tmatch_value_q_reg_1_

  Ref  DFF        Ref:/WORK/cv32e40p_top/core_i/cs_registers_i/gen_trigger_regs.tmatch_value_q_reg[20]
  Impl DFF        Imp:/WORK/cv32e40p_top/core_i/cs_registers_i/gen_trigger_regs_tmatch_value_q_reg_20_

  Ref  DFF        Ref:/WORK/cv32e40p_top/core_i/cs_registers_i/gen_trigger_regs.tmatch_value_q_reg[21]
  Impl DFF        Imp:/WORK/cv32e40p_top/core_i/cs_registers_i/gen_trigger_regs_tmatch_value_q_reg_21_

  Ref  DFF        Ref:/WORK/cv32e40p_top/core_i/cs_registers_i/gen_trigger_regs.tmatch_value_q_reg[22]
  Impl DFF        Imp:/WORK/cv32e40p_top/core_i/cs_registers_i/gen_trigger_regs_tmatch_value_q_reg_22_

  Ref  DFF        Ref:/WORK/cv32e40p_top/core_i/cs_registers_i/gen_trigger_regs.tmatch_value_q_reg[23]
  Impl DFF        Imp:/WORK/cv32e40p_top/core_i/cs_registers_i/gen_trigger_regs_tmatch_value_q_reg_23_

  Ref  DFF        Ref:/WORK/cv32e40p_top/core_i/cs_registers_i/gen_trigger_regs.tmatch_value_q_reg[24]
  Impl DFF        Imp:/WORK/cv32e40p_top/core_i/cs_registers_i/gen_trigger_regs_tmatch_value_q_reg_24_

  Ref  DFF        Ref:/WORK/cv32e40p_top/core_i/cs_registers_i/gen_trigger_regs.tmatch_value_q_reg[25]
  Impl DFF        Imp:/WORK/cv32e40p_top/core_i/cs_registers_i/gen_trigger_regs_tmatch_value_q_reg_25_

  Ref  DFF        Ref:/WORK/cv32e40p_top/core_i/cs_registers_i/gen_trigger_regs.tmatch_value_q_reg[26]
  Impl DFF        Imp:/WORK/cv32e40p_top/core_i/cs_registers_i/gen_trigger_regs_tmatch_value_q_reg_26_

  Ref  DFF        Ref:/WORK/cv32e40p_top/core_i/cs_registers_i/gen_trigger_regs.tmatch_value_q_reg[27]
  Impl DFF        Imp:/WORK/cv32e40p_top/core_i/cs_registers_i/gen_trigger_regs_tmatch_value_q_reg_27_

  Ref  DFF        Ref:/WORK/cv32e40p_top/core_i/cs_registers_i/gen_trigger_regs.tmatch_value_q_reg[28]
  Impl DFF        Imp:/WORK/cv32e40p_top/core_i/cs_registers_i/gen_trigger_regs_tmatch_value_q_reg_28_

  Ref  DFF        Ref:/WORK/cv32e40p_top/core_i/cs_registers_i/gen_trigger_regs.tmatch_value_q_reg[29]
  Impl DFF        Imp:/WORK/cv32e40p_top/core_i/cs_registers_i/gen_trigger_regs_tmatch_value_q_reg_29_

  Ref  DFF        Ref:/WORK/cv32e40p_top/core_i/cs_registers_i/gen_trigger_regs.tmatch_value_q_reg[2]
  Impl DFF        Imp:/WORK/cv32e40p_top/core_i/cs_registers_i/gen_trigger_regs_tmatch_value_q_reg_2_

  Ref  DFF        Ref:/WORK/cv32e40p_top/core_i/cs_registers_i/gen_trigger_regs.tmatch_value_q_reg[30]
  Impl DFF        Imp:/WORK/cv32e40p_top/core_i/cs_registers_i/gen_trigger_regs_tmatch_value_q_reg_30_

  Ref  DFF        Ref:/WORK/cv32e40p_top/core_i/cs_registers_i/gen_trigger_regs.tmatch_value_q_reg[31]
  Impl DFF        Imp:/WORK/cv32e40p_top/core_i/cs_registers_i/gen_trigger_regs_tmatch_value_q_reg_31_

  Ref  DFF        Ref:/WORK/cv32e40p_top/core_i/cs_registers_i/gen_trigger_regs.tmatch_value_q_reg[3]
  Impl DFF        Imp:/WORK/cv32e40p_top/core_i/cs_registers_i/gen_trigger_regs_tmatch_value_q_reg_3_

  Ref  DFF        Ref:/WORK/cv32e40p_top/core_i/cs_registers_i/gen_trigger_regs.tmatch_value_q_reg[4]
  Impl DFF        Imp:/WORK/cv32e40p_top/core_i/cs_registers_i/gen_trigger_regs_tmatch_value_q_reg_4_

  Ref  DFF        Ref:/WORK/cv32e40p_top/core_i/cs_registers_i/gen_trigger_regs.tmatch_value_q_reg[5]
  Impl DFF        Imp:/WORK/cv32e40p_top/core_i/cs_registers_i/gen_trigger_regs_tmatch_value_q_reg_5_

  Ref  DFF        Ref:/WORK/cv32e40p_top/core_i/cs_registers_i/gen_trigger_regs.tmatch_value_q_reg[6]
  Impl DFF        Imp:/WORK/cv32e40p_top/core_i/cs_registers_i/gen_trigger_regs_tmatch_value_q_reg_6_

  Ref  DFF        Ref:/WORK/cv32e40p_top/core_i/cs_registers_i/gen_trigger_regs.tmatch_value_q_reg[7]
  Impl DFF        Imp:/WORK/cv32e40p_top/core_i/cs_registers_i/gen_trigger_regs_tmatch_value_q_reg_7_

  Ref  DFF        Ref:/WORK/cv32e40p_top/core_i/cs_registers_i/gen_trigger_regs.tmatch_value_q_reg[8]
  Impl DFF        Imp:/WORK/cv32e40p_top/core_i/cs_registers_i/gen_trigger_regs_tmatch_value_q_reg_8_

  Ref  DFF        Ref:/WORK/cv32e40p_top/core_i/cs_registers_i/gen_trigger_regs.tmatch_value_q_reg[9]
  Impl DFF        Imp:/WORK/cv32e40p_top/core_i/cs_registers_i/gen_trigger_regs_tmatch_value_q_reg_9_

  Ref  DFF        Ref:/WORK/cv32e40p_top/core_i/cs_registers_i/mcause_q_reg[0]
  Impl DFF        Imp:/WORK/cv32e40p_top/core_i/cs_registers_i/mcause_q_reg_0_

  Ref  DFF        Ref:/WORK/cv32e40p_top/core_i/cs_registers_i/mcause_q_reg[1]
  Impl DFF        Imp:/WORK/cv32e40p_top/core_i/cs_registers_i/mcause_q_reg_1_

  Ref  DFF        Ref:/WORK/cv32e40p_top/core_i/cs_registers_i/mcause_q_reg[2]
  Impl DFF        Imp:/WORK/cv32e40p_top/core_i/cs_registers_i/mcause_q_reg_2_

  Ref  DFF        Ref:/WORK/cv32e40p_top/core_i/cs_registers_i/mcause_q_reg[3]
  Impl DFF        Imp:/WORK/cv32e40p_top/core_i/cs_registers_i/mcause_q_reg_3_

  Ref  DFF        Ref:/WORK/cv32e40p_top/core_i/cs_registers_i/mcause_q_reg[4]
  Impl DFF        Imp:/WORK/cv32e40p_top/core_i/cs_registers_i/mcause_q_reg_4_

  Ref  DFF        Ref:/WORK/cv32e40p_top/core_i/cs_registers_i/mcause_q_reg[5]
  Impl DFF        Imp:/WORK/cv32e40p_top/core_i/cs_registers_i/mcause_q_reg_5_

  Ref  DFF        Ref:/WORK/cv32e40p_top/core_i/cs_registers_i/mcountinhibit_q_reg[0]
  Impl DFF        Imp:/WORK/cv32e40p_top/core_i/cs_registers_i/mcountinhibit_q_reg_0_

  Ref  DFF        Ref:/WORK/cv32e40p_top/core_i/cs_registers_i/mcountinhibit_q_reg[2]
  Impl DFF        Imp:/WORK/cv32e40p_top/core_i/cs_registers_i/mcountinhibit_q_reg_2_

  Ref  DFF        Ref:/WORK/cv32e40p_top/core_i/cs_registers_i/mcountinhibit_q_reg[3]
  Impl DFF        Imp:/WORK/cv32e40p_top/core_i/cs_registers_i/mcountinhibit_q_reg_3_

  Ref  DFF        Ref:/WORK/cv32e40p_top/core_i/cs_registers_i/mepc_q_reg[10]
  Impl DFF        Imp:/WORK/cv32e40p_top/core_i/cs_registers_i/mepc_q_reg_10_

  Ref  DFF        Ref:/WORK/cv32e40p_top/core_i/cs_registers_i/mepc_q_reg[11]
  Impl DFF        Imp:/WORK/cv32e40p_top/core_i/cs_registers_i/mepc_q_reg_11_

  Ref  DFF        Ref:/WORK/cv32e40p_top/core_i/cs_registers_i/mepc_q_reg[12]
  Impl DFF        Imp:/WORK/cv32e40p_top/core_i/cs_registers_i/mepc_q_reg_12_

  Ref  DFF        Ref:/WORK/cv32e40p_top/core_i/cs_registers_i/mepc_q_reg[13]
  Impl DFF        Imp:/WORK/cv32e40p_top/core_i/cs_registers_i/mepc_q_reg_13_

  Ref  DFF        Ref:/WORK/cv32e40p_top/core_i/cs_registers_i/mepc_q_reg[14]
  Impl DFF        Imp:/WORK/cv32e40p_top/core_i/cs_registers_i/mepc_q_reg_14_

  Ref  DFF        Ref:/WORK/cv32e40p_top/core_i/cs_registers_i/mepc_q_reg[15]
  Impl DFF        Imp:/WORK/cv32e40p_top/core_i/cs_registers_i/mepc_q_reg_15_

  Ref  DFF        Ref:/WORK/cv32e40p_top/core_i/cs_registers_i/mepc_q_reg[16]
  Impl DFF        Imp:/WORK/cv32e40p_top/core_i/cs_registers_i/mepc_q_reg_16_

  Ref  DFF        Ref:/WORK/cv32e40p_top/core_i/cs_registers_i/mepc_q_reg[17]
  Impl DFF        Imp:/WORK/cv32e40p_top/core_i/cs_registers_i/mepc_q_reg_17_

  Ref  DFF        Ref:/WORK/cv32e40p_top/core_i/cs_registers_i/mepc_q_reg[18]
  Impl DFF        Imp:/WORK/cv32e40p_top/core_i/cs_registers_i/mepc_q_reg_18_

  Ref  DFF        Ref:/WORK/cv32e40p_top/core_i/cs_registers_i/mepc_q_reg[19]
  Impl DFF        Imp:/WORK/cv32e40p_top/core_i/cs_registers_i/mepc_q_reg_19_

  Ref  DFF        Ref:/WORK/cv32e40p_top/core_i/cs_registers_i/mepc_q_reg[1]
  Impl DFF        Imp:/WORK/cv32e40p_top/core_i/cs_registers_i/mepc_q_reg_1_

  Ref  DFF        Ref:/WORK/cv32e40p_top/core_i/cs_registers_i/mepc_q_reg[20]
  Impl DFF        Imp:/WORK/cv32e40p_top/core_i/cs_registers_i/mepc_q_reg_20_

  Ref  DFF        Ref:/WORK/cv32e40p_top/core_i/cs_registers_i/mepc_q_reg[21]
  Impl DFF        Imp:/WORK/cv32e40p_top/core_i/cs_registers_i/mepc_q_reg_21_

  Ref  DFF        Ref:/WORK/cv32e40p_top/core_i/cs_registers_i/mepc_q_reg[22]
  Impl DFF        Imp:/WORK/cv32e40p_top/core_i/cs_registers_i/mepc_q_reg_22_

  Ref  DFF        Ref:/WORK/cv32e40p_top/core_i/cs_registers_i/mepc_q_reg[23]
  Impl DFF        Imp:/WORK/cv32e40p_top/core_i/cs_registers_i/mepc_q_reg_23_

  Ref  DFF        Ref:/WORK/cv32e40p_top/core_i/cs_registers_i/mepc_q_reg[24]
  Impl DFF        Imp:/WORK/cv32e40p_top/core_i/cs_registers_i/mepc_q_reg_24_

  Ref  DFF        Ref:/WORK/cv32e40p_top/core_i/cs_registers_i/mepc_q_reg[25]
  Impl DFF        Imp:/WORK/cv32e40p_top/core_i/cs_registers_i/mepc_q_reg_25_

  Ref  DFF        Ref:/WORK/cv32e40p_top/core_i/cs_registers_i/mepc_q_reg[26]
  Impl DFF        Imp:/WORK/cv32e40p_top/core_i/cs_registers_i/mepc_q_reg_26_

  Ref  DFF        Ref:/WORK/cv32e40p_top/core_i/cs_registers_i/mepc_q_reg[27]
  Impl DFF        Imp:/WORK/cv32e40p_top/core_i/cs_registers_i/mepc_q_reg_27_

  Ref  DFF        Ref:/WORK/cv32e40p_top/core_i/cs_registers_i/mepc_q_reg[28]
  Impl DFF        Imp:/WORK/cv32e40p_top/core_i/cs_registers_i/mepc_q_reg_28_

  Ref  DFF        Ref:/WORK/cv32e40p_top/core_i/cs_registers_i/mepc_q_reg[29]
  Impl DFF        Imp:/WORK/cv32e40p_top/core_i/cs_registers_i/mepc_q_reg_29_

  Ref  DFF        Ref:/WORK/cv32e40p_top/core_i/cs_registers_i/mepc_q_reg[2]
  Impl DFF        Imp:/WORK/cv32e40p_top/core_i/cs_registers_i/mepc_q_reg_2_

  Ref  DFF        Ref:/WORK/cv32e40p_top/core_i/cs_registers_i/mepc_q_reg[30]
  Impl DFF        Imp:/WORK/cv32e40p_top/core_i/cs_registers_i/mepc_q_reg_30_

  Ref  DFF        Ref:/WORK/cv32e40p_top/core_i/cs_registers_i/mepc_q_reg[31]
  Impl DFF        Imp:/WORK/cv32e40p_top/core_i/cs_registers_i/mepc_q_reg_31_

  Ref  DFF        Ref:/WORK/cv32e40p_top/core_i/cs_registers_i/mepc_q_reg[3]
  Impl DFF        Imp:/WORK/cv32e40p_top/core_i/cs_registers_i/mepc_q_reg_3_

  Ref  DFF        Ref:/WORK/cv32e40p_top/core_i/cs_registers_i/mepc_q_reg[4]
  Impl DFF        Imp:/WORK/cv32e40p_top/core_i/cs_registers_i/mepc_q_reg_4_

  Ref  DFF        Ref:/WORK/cv32e40p_top/core_i/cs_registers_i/mepc_q_reg[5]
  Impl DFF        Imp:/WORK/cv32e40p_top/core_i/cs_registers_i/mepc_q_reg_5_

  Ref  DFF        Ref:/WORK/cv32e40p_top/core_i/cs_registers_i/mepc_q_reg[6]
  Impl DFF        Imp:/WORK/cv32e40p_top/core_i/cs_registers_i/mepc_q_reg_6_

  Ref  DFF        Ref:/WORK/cv32e40p_top/core_i/cs_registers_i/mepc_q_reg[7]
  Impl DFF        Imp:/WORK/cv32e40p_top/core_i/cs_registers_i/mepc_q_reg_7_

  Ref  DFF        Ref:/WORK/cv32e40p_top/core_i/cs_registers_i/mepc_q_reg[8]
  Impl DFF        Imp:/WORK/cv32e40p_top/core_i/cs_registers_i/mepc_q_reg_8_

  Ref  DFF        Ref:/WORK/cv32e40p_top/core_i/cs_registers_i/mepc_q_reg[9]
  Impl DFF        Imp:/WORK/cv32e40p_top/core_i/cs_registers_i/mepc_q_reg_9_

  Ref  DFF        Ref:/WORK/cv32e40p_top/core_i/cs_registers_i/mhpmcounter_q_reg[0][0]
  Impl DFF        Imp:/WORK/cv32e40p_top/core_i/cs_registers_i/mhpmcounter_q_reg_0__0_

  Ref  DFF        Ref:/WORK/cv32e40p_top/core_i/cs_registers_i/mhpmcounter_q_reg[0][10]
  Impl DFF        Imp:/WORK/cv32e40p_top/core_i/cs_registers_i/mhpmcounter_q_reg_0__10_

  Ref  DFF        Ref:/WORK/cv32e40p_top/core_i/cs_registers_i/mhpmcounter_q_reg[0][11]
  Impl DFF        Imp:/WORK/cv32e40p_top/core_i/cs_registers_i/mhpmcounter_q_reg_0__11_

  Ref  DFF        Ref:/WORK/cv32e40p_top/core_i/cs_registers_i/mhpmcounter_q_reg[0][12]
  Impl DFF        Imp:/WORK/cv32e40p_top/core_i/cs_registers_i/mhpmcounter_q_reg_0__12_

  Ref  DFF        Ref:/WORK/cv32e40p_top/core_i/cs_registers_i/mhpmcounter_q_reg[0][13]
  Impl DFF        Imp:/WORK/cv32e40p_top/core_i/cs_registers_i/mhpmcounter_q_reg_0__13_

  Ref  DFF        Ref:/WORK/cv32e40p_top/core_i/cs_registers_i/mhpmcounter_q_reg[0][14]
  Impl DFF        Imp:/WORK/cv32e40p_top/core_i/cs_registers_i/mhpmcounter_q_reg_0__14_

  Ref  DFF        Ref:/WORK/cv32e40p_top/core_i/cs_registers_i/mhpmcounter_q_reg[0][15]
  Impl DFF        Imp:/WORK/cv32e40p_top/core_i/cs_registers_i/mhpmcounter_q_reg_0__15_

  Ref  DFF        Ref:/WORK/cv32e40p_top/core_i/cs_registers_i/mhpmcounter_q_reg[0][16]
  Impl DFF        Imp:/WORK/cv32e40p_top/core_i/cs_registers_i/mhpmcounter_q_reg_0__16_

  Ref  DFF        Ref:/WORK/cv32e40p_top/core_i/cs_registers_i/mhpmcounter_q_reg[0][17]
  Impl DFF        Imp:/WORK/cv32e40p_top/core_i/cs_registers_i/mhpmcounter_q_reg_0__17_

  Ref  DFF        Ref:/WORK/cv32e40p_top/core_i/cs_registers_i/mhpmcounter_q_reg[0][18]
  Impl DFF        Imp:/WORK/cv32e40p_top/core_i/cs_registers_i/mhpmcounter_q_reg_0__18_

  Ref  DFF        Ref:/WORK/cv32e40p_top/core_i/cs_registers_i/mhpmcounter_q_reg[0][19]
  Impl DFF        Imp:/WORK/cv32e40p_top/core_i/cs_registers_i/mhpmcounter_q_reg_0__19_

  Ref  DFF        Ref:/WORK/cv32e40p_top/core_i/cs_registers_i/mhpmcounter_q_reg[0][1]
  Impl DFF        Imp:/WORK/cv32e40p_top/core_i/cs_registers_i/mhpmcounter_q_reg_0__1_

  Ref  DFF        Ref:/WORK/cv32e40p_top/core_i/cs_registers_i/mhpmcounter_q_reg[0][20]
  Impl DFF        Imp:/WORK/cv32e40p_top/core_i/cs_registers_i/mhpmcounter_q_reg_0__20_

  Ref  DFF        Ref:/WORK/cv32e40p_top/core_i/cs_registers_i/mhpmcounter_q_reg[0][21]
  Impl DFF        Imp:/WORK/cv32e40p_top/core_i/cs_registers_i/mhpmcounter_q_reg_0__21_

  Ref  DFF        Ref:/WORK/cv32e40p_top/core_i/cs_registers_i/mhpmcounter_q_reg[0][22]
  Impl DFF        Imp:/WORK/cv32e40p_top/core_i/cs_registers_i/mhpmcounter_q_reg_0__22_

  Ref  DFF        Ref:/WORK/cv32e40p_top/core_i/cs_registers_i/mhpmcounter_q_reg[0][23]
  Impl DFF        Imp:/WORK/cv32e40p_top/core_i/cs_registers_i/mhpmcounter_q_reg_0__23_

  Ref  DFF        Ref:/WORK/cv32e40p_top/core_i/cs_registers_i/mhpmcounter_q_reg[0][24]
  Impl DFF        Imp:/WORK/cv32e40p_top/core_i/cs_registers_i/mhpmcounter_q_reg_0__24_

  Ref  DFF        Ref:/WORK/cv32e40p_top/core_i/cs_registers_i/mhpmcounter_q_reg[0][25]
  Impl DFF        Imp:/WORK/cv32e40p_top/core_i/cs_registers_i/mhpmcounter_q_reg_0__25_

  Ref  DFF        Ref:/WORK/cv32e40p_top/core_i/cs_registers_i/mhpmcounter_q_reg[0][26]
  Impl DFF        Imp:/WORK/cv32e40p_top/core_i/cs_registers_i/mhpmcounter_q_reg_0__26_

  Ref  DFF        Ref:/WORK/cv32e40p_top/core_i/cs_registers_i/mhpmcounter_q_reg[0][27]
  Impl DFF        Imp:/WORK/cv32e40p_top/core_i/cs_registers_i/mhpmcounter_q_reg_0__27_

  Ref  DFF        Ref:/WORK/cv32e40p_top/core_i/cs_registers_i/mhpmcounter_q_reg[0][28]
  Impl DFF        Imp:/WORK/cv32e40p_top/core_i/cs_registers_i/mhpmcounter_q_reg_0__28_

  Ref  DFF        Ref:/WORK/cv32e40p_top/core_i/cs_registers_i/mhpmcounter_q_reg[0][29]
  Impl DFF        Imp:/WORK/cv32e40p_top/core_i/cs_registers_i/mhpmcounter_q_reg_0__29_

  Ref  DFF        Ref:/WORK/cv32e40p_top/core_i/cs_registers_i/mhpmcounter_q_reg[0][2]
  Impl DFF        Imp:/WORK/cv32e40p_top/core_i/cs_registers_i/mhpmcounter_q_reg_0__2_

  Ref  DFF        Ref:/WORK/cv32e40p_top/core_i/cs_registers_i/mhpmcounter_q_reg[0][30]
  Impl DFF        Imp:/WORK/cv32e40p_top/core_i/cs_registers_i/mhpmcounter_q_reg_0__30_

  Ref  DFF        Ref:/WORK/cv32e40p_top/core_i/cs_registers_i/mhpmcounter_q_reg[0][31]
  Impl DFF        Imp:/WORK/cv32e40p_top/core_i/cs_registers_i/mhpmcounter_q_reg_0__31_

  Ref  DFF        Ref:/WORK/cv32e40p_top/core_i/cs_registers_i/mhpmcounter_q_reg[0][32]
  Impl DFF        Imp:/WORK/cv32e40p_top/core_i/cs_registers_i/mhpmcounter_q_reg_0__32_

  Ref  DFF        Ref:/WORK/cv32e40p_top/core_i/cs_registers_i/mhpmcounter_q_reg[0][33]
  Impl DFF        Imp:/WORK/cv32e40p_top/core_i/cs_registers_i/mhpmcounter_q_reg_0__33_

  Ref  DFF        Ref:/WORK/cv32e40p_top/core_i/cs_registers_i/mhpmcounter_q_reg[0][34]
  Impl DFF        Imp:/WORK/cv32e40p_top/core_i/cs_registers_i/mhpmcounter_q_reg_0__34_

  Ref  DFF        Ref:/WORK/cv32e40p_top/core_i/cs_registers_i/mhpmcounter_q_reg[0][35]
  Impl DFF        Imp:/WORK/cv32e40p_top/core_i/cs_registers_i/mhpmcounter_q_reg_0__35_

  Ref  DFF        Ref:/WORK/cv32e40p_top/core_i/cs_registers_i/mhpmcounter_q_reg[0][36]
  Impl DFF        Imp:/WORK/cv32e40p_top/core_i/cs_registers_i/mhpmcounter_q_reg_0__36_

  Ref  DFF        Ref:/WORK/cv32e40p_top/core_i/cs_registers_i/mhpmcounter_q_reg[0][37]
  Impl DFF        Imp:/WORK/cv32e40p_top/core_i/cs_registers_i/mhpmcounter_q_reg_0__37_

  Ref  DFF        Ref:/WORK/cv32e40p_top/core_i/cs_registers_i/mhpmcounter_q_reg[0][38]
  Impl DFF        Imp:/WORK/cv32e40p_top/core_i/cs_registers_i/mhpmcounter_q_reg_0__38_

  Ref  DFF        Ref:/WORK/cv32e40p_top/core_i/cs_registers_i/mhpmcounter_q_reg[0][39]
  Impl DFF        Imp:/WORK/cv32e40p_top/core_i/cs_registers_i/mhpmcounter_q_reg_0__39_

  Ref  DFF        Ref:/WORK/cv32e40p_top/core_i/cs_registers_i/mhpmcounter_q_reg[0][3]
  Impl DFF        Imp:/WORK/cv32e40p_top/core_i/cs_registers_i/mhpmcounter_q_reg_0__3_

  Ref  DFF        Ref:/WORK/cv32e40p_top/core_i/cs_registers_i/mhpmcounter_q_reg[0][40]
  Impl DFF        Imp:/WORK/cv32e40p_top/core_i/cs_registers_i/mhpmcounter_q_reg_0__40_

  Ref  DFF        Ref:/WORK/cv32e40p_top/core_i/cs_registers_i/mhpmcounter_q_reg[0][41]
  Impl DFF        Imp:/WORK/cv32e40p_top/core_i/cs_registers_i/mhpmcounter_q_reg_0__41_

  Ref  DFF        Ref:/WORK/cv32e40p_top/core_i/cs_registers_i/mhpmcounter_q_reg[0][42]
  Impl DFF        Imp:/WORK/cv32e40p_top/core_i/cs_registers_i/mhpmcounter_q_reg_0__42_

  Ref  DFF        Ref:/WORK/cv32e40p_top/core_i/cs_registers_i/mhpmcounter_q_reg[0][43]
  Impl DFF        Imp:/WORK/cv32e40p_top/core_i/cs_registers_i/mhpmcounter_q_reg_0__43_

  Ref  DFF        Ref:/WORK/cv32e40p_top/core_i/cs_registers_i/mhpmcounter_q_reg[0][44]
  Impl DFF        Imp:/WORK/cv32e40p_top/core_i/cs_registers_i/mhpmcounter_q_reg_0__44_

  Ref  DFF        Ref:/WORK/cv32e40p_top/core_i/cs_registers_i/mhpmcounter_q_reg[0][45]
  Impl DFF        Imp:/WORK/cv32e40p_top/core_i/cs_registers_i/mhpmcounter_q_reg_0__45_

  Ref  DFF        Ref:/WORK/cv32e40p_top/core_i/cs_registers_i/mhpmcounter_q_reg[0][46]
  Impl DFF        Imp:/WORK/cv32e40p_top/core_i/cs_registers_i/mhpmcounter_q_reg_0__46_

  Ref  DFF        Ref:/WORK/cv32e40p_top/core_i/cs_registers_i/mhpmcounter_q_reg[0][47]
  Impl DFF        Imp:/WORK/cv32e40p_top/core_i/cs_registers_i/mhpmcounter_q_reg_0__47_

  Ref  DFF        Ref:/WORK/cv32e40p_top/core_i/cs_registers_i/mhpmcounter_q_reg[0][48]
  Impl DFF        Imp:/WORK/cv32e40p_top/core_i/cs_registers_i/mhpmcounter_q_reg_0__48_

  Ref  DFF        Ref:/WORK/cv32e40p_top/core_i/cs_registers_i/mhpmcounter_q_reg[0][49]
  Impl DFF        Imp:/WORK/cv32e40p_top/core_i/cs_registers_i/mhpmcounter_q_reg_0__49_

  Ref  DFF        Ref:/WORK/cv32e40p_top/core_i/cs_registers_i/mhpmcounter_q_reg[0][4]
  Impl DFF        Imp:/WORK/cv32e40p_top/core_i/cs_registers_i/mhpmcounter_q_reg_0__4_

  Ref  DFF        Ref:/WORK/cv32e40p_top/core_i/cs_registers_i/mhpmcounter_q_reg[0][50]
  Impl DFF        Imp:/WORK/cv32e40p_top/core_i/cs_registers_i/mhpmcounter_q_reg_0__50_

  Ref  DFF        Ref:/WORK/cv32e40p_top/core_i/cs_registers_i/mhpmcounter_q_reg[0][51]
  Impl DFF        Imp:/WORK/cv32e40p_top/core_i/cs_registers_i/mhpmcounter_q_reg_0__51_

  Ref  DFF        Ref:/WORK/cv32e40p_top/core_i/cs_registers_i/mhpmcounter_q_reg[0][52]
  Impl DFF        Imp:/WORK/cv32e40p_top/core_i/cs_registers_i/mhpmcounter_q_reg_0__52_

  Ref  DFF        Ref:/WORK/cv32e40p_top/core_i/cs_registers_i/mhpmcounter_q_reg[0][53]
  Impl DFF        Imp:/WORK/cv32e40p_top/core_i/cs_registers_i/mhpmcounter_q_reg_0__53_

  Ref  DFF        Ref:/WORK/cv32e40p_top/core_i/cs_registers_i/mhpmcounter_q_reg[0][54]
  Impl DFF        Imp:/WORK/cv32e40p_top/core_i/cs_registers_i/mhpmcounter_q_reg_0__54_

  Ref  DFF        Ref:/WORK/cv32e40p_top/core_i/cs_registers_i/mhpmcounter_q_reg[0][55]
  Impl DFF        Imp:/WORK/cv32e40p_top/core_i/cs_registers_i/mhpmcounter_q_reg_0__55_

  Ref  DFF        Ref:/WORK/cv32e40p_top/core_i/cs_registers_i/mhpmcounter_q_reg[0][56]
  Impl DFF        Imp:/WORK/cv32e40p_top/core_i/cs_registers_i/mhpmcounter_q_reg_0__56_

  Ref  DFF        Ref:/WORK/cv32e40p_top/core_i/cs_registers_i/mhpmcounter_q_reg[0][57]
  Impl DFF        Imp:/WORK/cv32e40p_top/core_i/cs_registers_i/mhpmcounter_q_reg_0__57_

  Ref  DFF        Ref:/WORK/cv32e40p_top/core_i/cs_registers_i/mhpmcounter_q_reg[0][58]
  Impl DFF        Imp:/WORK/cv32e40p_top/core_i/cs_registers_i/mhpmcounter_q_reg_0__58_

  Ref  DFF        Ref:/WORK/cv32e40p_top/core_i/cs_registers_i/mhpmcounter_q_reg[0][59]
  Impl DFF        Imp:/WORK/cv32e40p_top/core_i/cs_registers_i/mhpmcounter_q_reg_0__59_

  Ref  DFF        Ref:/WORK/cv32e40p_top/core_i/cs_registers_i/mhpmcounter_q_reg[0][5]
  Impl DFF        Imp:/WORK/cv32e40p_top/core_i/cs_registers_i/mhpmcounter_q_reg_0__5_

  Ref  DFF        Ref:/WORK/cv32e40p_top/core_i/cs_registers_i/mhpmcounter_q_reg[0][60]
  Impl DFF        Imp:/WORK/cv32e40p_top/core_i/cs_registers_i/mhpmcounter_q_reg_0__60_

  Ref  DFF        Ref:/WORK/cv32e40p_top/core_i/cs_registers_i/mhpmcounter_q_reg[0][61]
  Impl DFF        Imp:/WORK/cv32e40p_top/core_i/cs_registers_i/mhpmcounter_q_reg_0__61_

  Ref  DFF        Ref:/WORK/cv32e40p_top/core_i/cs_registers_i/mhpmcounter_q_reg[0][62]
  Impl DFF        Imp:/WORK/cv32e40p_top/core_i/cs_registers_i/mhpmcounter_q_reg_0__62_

  Ref  DFF        Ref:/WORK/cv32e40p_top/core_i/cs_registers_i/mhpmcounter_q_reg[0][63]
  Impl DFF        Imp:/WORK/cv32e40p_top/core_i/cs_registers_i/mhpmcounter_q_reg_0__63_

  Ref  DFF        Ref:/WORK/cv32e40p_top/core_i/cs_registers_i/mhpmcounter_q_reg[0][6]
  Impl DFF        Imp:/WORK/cv32e40p_top/core_i/cs_registers_i/mhpmcounter_q_reg_0__6_

  Ref  DFF        Ref:/WORK/cv32e40p_top/core_i/cs_registers_i/mhpmcounter_q_reg[0][7]
  Impl DFF        Imp:/WORK/cv32e40p_top/core_i/cs_registers_i/mhpmcounter_q_reg_0__7_

  Ref  DFF        Ref:/WORK/cv32e40p_top/core_i/cs_registers_i/mhpmcounter_q_reg[0][8]
  Impl DFF        Imp:/WORK/cv32e40p_top/core_i/cs_registers_i/mhpmcounter_q_reg_0__8_

  Ref  DFF        Ref:/WORK/cv32e40p_top/core_i/cs_registers_i/mhpmcounter_q_reg[0][9]
  Impl DFF        Imp:/WORK/cv32e40p_top/core_i/cs_registers_i/mhpmcounter_q_reg_0__9_

  Ref  DFF        Ref:/WORK/cv32e40p_top/core_i/cs_registers_i/mhpmcounter_q_reg[2][0]
  Impl DFF        Imp:/WORK/cv32e40p_top/core_i/cs_registers_i/mhpmcounter_q_reg_2__0_

  Ref  DFF        Ref:/WORK/cv32e40p_top/core_i/cs_registers_i/mhpmcounter_q_reg[2][10]
  Impl DFF        Imp:/WORK/cv32e40p_top/core_i/cs_registers_i/mhpmcounter_q_reg_2__10_

  Ref  DFF        Ref:/WORK/cv32e40p_top/core_i/cs_registers_i/mhpmcounter_q_reg[2][11]
  Impl DFF        Imp:/WORK/cv32e40p_top/core_i/cs_registers_i/mhpmcounter_q_reg_2__11_

  Ref  DFF        Ref:/WORK/cv32e40p_top/core_i/cs_registers_i/mhpmcounter_q_reg[2][12]
  Impl DFF        Imp:/WORK/cv32e40p_top/core_i/cs_registers_i/mhpmcounter_q_reg_2__12_

  Ref  DFF        Ref:/WORK/cv32e40p_top/core_i/cs_registers_i/mhpmcounter_q_reg[2][13]
  Impl DFF        Imp:/WORK/cv32e40p_top/core_i/cs_registers_i/mhpmcounter_q_reg_2__13_

  Ref  DFF        Ref:/WORK/cv32e40p_top/core_i/cs_registers_i/mhpmcounter_q_reg[2][14]
  Impl DFF        Imp:/WORK/cv32e40p_top/core_i/cs_registers_i/mhpmcounter_q_reg_2__14_

  Ref  DFF        Ref:/WORK/cv32e40p_top/core_i/cs_registers_i/mhpmcounter_q_reg[2][15]
  Impl DFF        Imp:/WORK/cv32e40p_top/core_i/cs_registers_i/mhpmcounter_q_reg_2__15_

  Ref  DFF        Ref:/WORK/cv32e40p_top/core_i/cs_registers_i/mhpmcounter_q_reg[2][16]
  Impl DFF        Imp:/WORK/cv32e40p_top/core_i/cs_registers_i/mhpmcounter_q_reg_2__16_

  Ref  DFF        Ref:/WORK/cv32e40p_top/core_i/cs_registers_i/mhpmcounter_q_reg[2][17]
  Impl DFF        Imp:/WORK/cv32e40p_top/core_i/cs_registers_i/mhpmcounter_q_reg_2__17_

  Ref  DFF        Ref:/WORK/cv32e40p_top/core_i/cs_registers_i/mhpmcounter_q_reg[2][18]
  Impl DFF        Imp:/WORK/cv32e40p_top/core_i/cs_registers_i/mhpmcounter_q_reg_2__18_

  Ref  DFF        Ref:/WORK/cv32e40p_top/core_i/cs_registers_i/mhpmcounter_q_reg[2][19]
  Impl DFF        Imp:/WORK/cv32e40p_top/core_i/cs_registers_i/mhpmcounter_q_reg_2__19_

  Ref  DFF        Ref:/WORK/cv32e40p_top/core_i/cs_registers_i/mhpmcounter_q_reg[2][1]
  Impl DFF        Imp:/WORK/cv32e40p_top/core_i/cs_registers_i/mhpmcounter_q_reg_2__1_

  Ref  DFF        Ref:/WORK/cv32e40p_top/core_i/cs_registers_i/mhpmcounter_q_reg[2][20]
  Impl DFF        Imp:/WORK/cv32e40p_top/core_i/cs_registers_i/mhpmcounter_q_reg_2__20_

  Ref  DFF        Ref:/WORK/cv32e40p_top/core_i/cs_registers_i/mhpmcounter_q_reg[2][21]
  Impl DFF        Imp:/WORK/cv32e40p_top/core_i/cs_registers_i/mhpmcounter_q_reg_2__21_

  Ref  DFF        Ref:/WORK/cv32e40p_top/core_i/cs_registers_i/mhpmcounter_q_reg[2][22]
  Impl DFF        Imp:/WORK/cv32e40p_top/core_i/cs_registers_i/mhpmcounter_q_reg_2__22_

  Ref  DFF        Ref:/WORK/cv32e40p_top/core_i/cs_registers_i/mhpmcounter_q_reg[2][23]
  Impl DFF        Imp:/WORK/cv32e40p_top/core_i/cs_registers_i/mhpmcounter_q_reg_2__23_

  Ref  DFF        Ref:/WORK/cv32e40p_top/core_i/cs_registers_i/mhpmcounter_q_reg[2][24]
  Impl DFF        Imp:/WORK/cv32e40p_top/core_i/cs_registers_i/mhpmcounter_q_reg_2__24_

  Ref  DFF        Ref:/WORK/cv32e40p_top/core_i/cs_registers_i/mhpmcounter_q_reg[2][25]
  Impl DFF        Imp:/WORK/cv32e40p_top/core_i/cs_registers_i/mhpmcounter_q_reg_2__25_

  Ref  DFF        Ref:/WORK/cv32e40p_top/core_i/cs_registers_i/mhpmcounter_q_reg[2][26]
  Impl DFF        Imp:/WORK/cv32e40p_top/core_i/cs_registers_i/mhpmcounter_q_reg_2__26_

  Ref  DFF        Ref:/WORK/cv32e40p_top/core_i/cs_registers_i/mhpmcounter_q_reg[2][27]
  Impl DFF        Imp:/WORK/cv32e40p_top/core_i/cs_registers_i/mhpmcounter_q_reg_2__27_

  Ref  DFF        Ref:/WORK/cv32e40p_top/core_i/cs_registers_i/mhpmcounter_q_reg[2][28]
  Impl DFF        Imp:/WORK/cv32e40p_top/core_i/cs_registers_i/mhpmcounter_q_reg_2__28_

  Ref  DFF        Ref:/WORK/cv32e40p_top/core_i/cs_registers_i/mhpmcounter_q_reg[2][29]
  Impl DFF        Imp:/WORK/cv32e40p_top/core_i/cs_registers_i/mhpmcounter_q_reg_2__29_

  Ref  DFF        Ref:/WORK/cv32e40p_top/core_i/cs_registers_i/mhpmcounter_q_reg[2][2]
  Impl DFF        Imp:/WORK/cv32e40p_top/core_i/cs_registers_i/mhpmcounter_q_reg_2__2_

  Ref  DFF        Ref:/WORK/cv32e40p_top/core_i/cs_registers_i/mhpmcounter_q_reg[2][30]
  Impl DFF        Imp:/WORK/cv32e40p_top/core_i/cs_registers_i/mhpmcounter_q_reg_2__30_

  Ref  DFF        Ref:/WORK/cv32e40p_top/core_i/cs_registers_i/mhpmcounter_q_reg[2][31]
  Impl DFF        Imp:/WORK/cv32e40p_top/core_i/cs_registers_i/mhpmcounter_q_reg_2__31_

  Ref  DFF        Ref:/WORK/cv32e40p_top/core_i/cs_registers_i/mhpmcounter_q_reg[2][32]
  Impl DFF        Imp:/WORK/cv32e40p_top/core_i/cs_registers_i/mhpmcounter_q_reg_2__32_

  Ref  DFF        Ref:/WORK/cv32e40p_top/core_i/cs_registers_i/mhpmcounter_q_reg[2][33]
  Impl DFF        Imp:/WORK/cv32e40p_top/core_i/cs_registers_i/mhpmcounter_q_reg_2__33_

  Ref  DFF        Ref:/WORK/cv32e40p_top/core_i/cs_registers_i/mhpmcounter_q_reg[2][34]
  Impl DFF        Imp:/WORK/cv32e40p_top/core_i/cs_registers_i/mhpmcounter_q_reg_2__34_

  Ref  DFF        Ref:/WORK/cv32e40p_top/core_i/cs_registers_i/mhpmcounter_q_reg[2][35]
  Impl DFF        Imp:/WORK/cv32e40p_top/core_i/cs_registers_i/mhpmcounter_q_reg_2__35_

  Ref  DFF        Ref:/WORK/cv32e40p_top/core_i/cs_registers_i/mhpmcounter_q_reg[2][36]
  Impl DFF        Imp:/WORK/cv32e40p_top/core_i/cs_registers_i/mhpmcounter_q_reg_2__36_

  Ref  DFF        Ref:/WORK/cv32e40p_top/core_i/cs_registers_i/mhpmcounter_q_reg[2][37]
  Impl DFF        Imp:/WORK/cv32e40p_top/core_i/cs_registers_i/mhpmcounter_q_reg_2__37_

  Ref  DFF        Ref:/WORK/cv32e40p_top/core_i/cs_registers_i/mhpmcounter_q_reg[2][38]
  Impl DFF        Imp:/WORK/cv32e40p_top/core_i/cs_registers_i/mhpmcounter_q_reg_2__38_

  Ref  DFF        Ref:/WORK/cv32e40p_top/core_i/cs_registers_i/mhpmcounter_q_reg[2][39]
  Impl DFF        Imp:/WORK/cv32e40p_top/core_i/cs_registers_i/mhpmcounter_q_reg_2__39_

  Ref  DFF        Ref:/WORK/cv32e40p_top/core_i/cs_registers_i/mhpmcounter_q_reg[2][3]
  Impl DFF        Imp:/WORK/cv32e40p_top/core_i/cs_registers_i/mhpmcounter_q_reg_2__3_

  Ref  DFF        Ref:/WORK/cv32e40p_top/core_i/cs_registers_i/mhpmcounter_q_reg[2][40]
  Impl DFF        Imp:/WORK/cv32e40p_top/core_i/cs_registers_i/mhpmcounter_q_reg_2__40_

  Ref  DFF        Ref:/WORK/cv32e40p_top/core_i/cs_registers_i/mhpmcounter_q_reg[2][41]
  Impl DFF        Imp:/WORK/cv32e40p_top/core_i/cs_registers_i/mhpmcounter_q_reg_2__41_

  Ref  DFF        Ref:/WORK/cv32e40p_top/core_i/cs_registers_i/mhpmcounter_q_reg[2][42]
  Impl DFF        Imp:/WORK/cv32e40p_top/core_i/cs_registers_i/mhpmcounter_q_reg_2__42_

  Ref  DFF        Ref:/WORK/cv32e40p_top/core_i/cs_registers_i/mhpmcounter_q_reg[2][43]
  Impl DFF        Imp:/WORK/cv32e40p_top/core_i/cs_registers_i/mhpmcounter_q_reg_2__43_

  Ref  DFF        Ref:/WORK/cv32e40p_top/core_i/cs_registers_i/mhpmcounter_q_reg[2][44]
  Impl DFF        Imp:/WORK/cv32e40p_top/core_i/cs_registers_i/mhpmcounter_q_reg_2__44_

  Ref  DFF        Ref:/WORK/cv32e40p_top/core_i/cs_registers_i/mhpmcounter_q_reg[2][45]
  Impl DFF        Imp:/WORK/cv32e40p_top/core_i/cs_registers_i/mhpmcounter_q_reg_2__45_

  Ref  DFF        Ref:/WORK/cv32e40p_top/core_i/cs_registers_i/mhpmcounter_q_reg[2][46]
  Impl DFF        Imp:/WORK/cv32e40p_top/core_i/cs_registers_i/mhpmcounter_q_reg_2__46_

  Ref  DFF        Ref:/WORK/cv32e40p_top/core_i/cs_registers_i/mhpmcounter_q_reg[2][47]
  Impl DFF        Imp:/WORK/cv32e40p_top/core_i/cs_registers_i/mhpmcounter_q_reg_2__47_

  Ref  DFF        Ref:/WORK/cv32e40p_top/core_i/cs_registers_i/mhpmcounter_q_reg[2][48]
  Impl DFF        Imp:/WORK/cv32e40p_top/core_i/cs_registers_i/mhpmcounter_q_reg_2__48_

  Ref  DFF        Ref:/WORK/cv32e40p_top/core_i/cs_registers_i/mhpmcounter_q_reg[2][49]
  Impl DFF        Imp:/WORK/cv32e40p_top/core_i/cs_registers_i/mhpmcounter_q_reg_2__49_

  Ref  DFF        Ref:/WORK/cv32e40p_top/core_i/cs_registers_i/mhpmcounter_q_reg[2][4]
  Impl DFF        Imp:/WORK/cv32e40p_top/core_i/cs_registers_i/mhpmcounter_q_reg_2__4_

  Ref  DFF        Ref:/WORK/cv32e40p_top/core_i/cs_registers_i/mhpmcounter_q_reg[2][50]
  Impl DFF        Imp:/WORK/cv32e40p_top/core_i/cs_registers_i/mhpmcounter_q_reg_2__50_

  Ref  DFF        Ref:/WORK/cv32e40p_top/core_i/cs_registers_i/mhpmcounter_q_reg[2][51]
  Impl DFF        Imp:/WORK/cv32e40p_top/core_i/cs_registers_i/mhpmcounter_q_reg_2__51_

  Ref  DFF        Ref:/WORK/cv32e40p_top/core_i/cs_registers_i/mhpmcounter_q_reg[2][52]
  Impl DFF        Imp:/WORK/cv32e40p_top/core_i/cs_registers_i/mhpmcounter_q_reg_2__52_

  Ref  DFF        Ref:/WORK/cv32e40p_top/core_i/cs_registers_i/mhpmcounter_q_reg[2][53]
  Impl DFF        Imp:/WORK/cv32e40p_top/core_i/cs_registers_i/mhpmcounter_q_reg_2__53_

  Ref  DFF        Ref:/WORK/cv32e40p_top/core_i/cs_registers_i/mhpmcounter_q_reg[2][54]
  Impl DFF        Imp:/WORK/cv32e40p_top/core_i/cs_registers_i/mhpmcounter_q_reg_2__54_

  Ref  DFF        Ref:/WORK/cv32e40p_top/core_i/cs_registers_i/mhpmcounter_q_reg[2][55]
  Impl DFF        Imp:/WORK/cv32e40p_top/core_i/cs_registers_i/mhpmcounter_q_reg_2__55_

  Ref  DFF        Ref:/WORK/cv32e40p_top/core_i/cs_registers_i/mhpmcounter_q_reg[2][56]
  Impl DFF        Imp:/WORK/cv32e40p_top/core_i/cs_registers_i/mhpmcounter_q_reg_2__56_

  Ref  DFF        Ref:/WORK/cv32e40p_top/core_i/cs_registers_i/mhpmcounter_q_reg[2][57]
  Impl DFF        Imp:/WORK/cv32e40p_top/core_i/cs_registers_i/mhpmcounter_q_reg_2__57_

  Ref  DFF        Ref:/WORK/cv32e40p_top/core_i/cs_registers_i/mhpmcounter_q_reg[2][58]
  Impl DFF        Imp:/WORK/cv32e40p_top/core_i/cs_registers_i/mhpmcounter_q_reg_2__58_

  Ref  DFF        Ref:/WORK/cv32e40p_top/core_i/cs_registers_i/mhpmcounter_q_reg[2][59]
  Impl DFF        Imp:/WORK/cv32e40p_top/core_i/cs_registers_i/mhpmcounter_q_reg_2__59_

  Ref  DFF        Ref:/WORK/cv32e40p_top/core_i/cs_registers_i/mhpmcounter_q_reg[2][5]
  Impl DFF        Imp:/WORK/cv32e40p_top/core_i/cs_registers_i/mhpmcounter_q_reg_2__5_

  Ref  DFF        Ref:/WORK/cv32e40p_top/core_i/cs_registers_i/mhpmcounter_q_reg[2][60]
  Impl DFF        Imp:/WORK/cv32e40p_top/core_i/cs_registers_i/mhpmcounter_q_reg_2__60_

  Ref  DFF        Ref:/WORK/cv32e40p_top/core_i/cs_registers_i/mhpmcounter_q_reg[2][61]
  Impl DFF        Imp:/WORK/cv32e40p_top/core_i/cs_registers_i/mhpmcounter_q_reg_2__61_

  Ref  DFF        Ref:/WORK/cv32e40p_top/core_i/cs_registers_i/mhpmcounter_q_reg[2][62]
  Impl DFF        Imp:/WORK/cv32e40p_top/core_i/cs_registers_i/mhpmcounter_q_reg_2__62_

  Ref  DFF        Ref:/WORK/cv32e40p_top/core_i/cs_registers_i/mhpmcounter_q_reg[2][63]
  Impl DFF        Imp:/WORK/cv32e40p_top/core_i/cs_registers_i/mhpmcounter_q_reg_2__63_

  Ref  DFF        Ref:/WORK/cv32e40p_top/core_i/cs_registers_i/mhpmcounter_q_reg[2][6]
  Impl DFF        Imp:/WORK/cv32e40p_top/core_i/cs_registers_i/mhpmcounter_q_reg_2__6_

  Ref  DFF        Ref:/WORK/cv32e40p_top/core_i/cs_registers_i/mhpmcounter_q_reg[2][7]
  Impl DFF        Imp:/WORK/cv32e40p_top/core_i/cs_registers_i/mhpmcounter_q_reg_2__7_

  Ref  DFF        Ref:/WORK/cv32e40p_top/core_i/cs_registers_i/mhpmcounter_q_reg[2][8]
  Impl DFF        Imp:/WORK/cv32e40p_top/core_i/cs_registers_i/mhpmcounter_q_reg_2__8_

  Ref  DFF        Ref:/WORK/cv32e40p_top/core_i/cs_registers_i/mhpmcounter_q_reg[2][9]
  Impl DFF        Imp:/WORK/cv32e40p_top/core_i/cs_registers_i/mhpmcounter_q_reg_2__9_

  Ref  DFF        Ref:/WORK/cv32e40p_top/core_i/cs_registers_i/mhpmcounter_q_reg[3][0]
  Impl DFF        Imp:/WORK/cv32e40p_top/core_i/cs_registers_i/mhpmcounter_q_reg_3__0_

  Ref  DFF        Ref:/WORK/cv32e40p_top/core_i/cs_registers_i/mhpmcounter_q_reg[3][10]
  Impl DFF        Imp:/WORK/cv32e40p_top/core_i/cs_registers_i/mhpmcounter_q_reg_3__10_

  Ref  DFF        Ref:/WORK/cv32e40p_top/core_i/cs_registers_i/mhpmcounter_q_reg[3][11]
  Impl DFF        Imp:/WORK/cv32e40p_top/core_i/cs_registers_i/mhpmcounter_q_reg_3__11_

  Ref  DFF        Ref:/WORK/cv32e40p_top/core_i/cs_registers_i/mhpmcounter_q_reg[3][12]
  Impl DFF        Imp:/WORK/cv32e40p_top/core_i/cs_registers_i/mhpmcounter_q_reg_3__12_

  Ref  DFF        Ref:/WORK/cv32e40p_top/core_i/cs_registers_i/mhpmcounter_q_reg[3][13]
  Impl DFF        Imp:/WORK/cv32e40p_top/core_i/cs_registers_i/mhpmcounter_q_reg_3__13_

  Ref  DFF        Ref:/WORK/cv32e40p_top/core_i/cs_registers_i/mhpmcounter_q_reg[3][14]
  Impl DFF        Imp:/WORK/cv32e40p_top/core_i/cs_registers_i/mhpmcounter_q_reg_3__14_

  Ref  DFF        Ref:/WORK/cv32e40p_top/core_i/cs_registers_i/mhpmcounter_q_reg[3][15]
  Impl DFF        Imp:/WORK/cv32e40p_top/core_i/cs_registers_i/mhpmcounter_q_reg_3__15_

  Ref  DFF        Ref:/WORK/cv32e40p_top/core_i/cs_registers_i/mhpmcounter_q_reg[3][16]
  Impl DFF        Imp:/WORK/cv32e40p_top/core_i/cs_registers_i/mhpmcounter_q_reg_3__16_

  Ref  DFF        Ref:/WORK/cv32e40p_top/core_i/cs_registers_i/mhpmcounter_q_reg[3][17]
  Impl DFF        Imp:/WORK/cv32e40p_top/core_i/cs_registers_i/mhpmcounter_q_reg_3__17_

  Ref  DFF        Ref:/WORK/cv32e40p_top/core_i/cs_registers_i/mhpmcounter_q_reg[3][18]
  Impl DFF        Imp:/WORK/cv32e40p_top/core_i/cs_registers_i/mhpmcounter_q_reg_3__18_

  Ref  DFF        Ref:/WORK/cv32e40p_top/core_i/cs_registers_i/mhpmcounter_q_reg[3][19]
  Impl DFF        Imp:/WORK/cv32e40p_top/core_i/cs_registers_i/mhpmcounter_q_reg_3__19_

  Ref  DFF        Ref:/WORK/cv32e40p_top/core_i/cs_registers_i/mhpmcounter_q_reg[3][1]
  Impl DFF        Imp:/WORK/cv32e40p_top/core_i/cs_registers_i/mhpmcounter_q_reg_3__1_

  Ref  DFF        Ref:/WORK/cv32e40p_top/core_i/cs_registers_i/mhpmcounter_q_reg[3][20]
  Impl DFF        Imp:/WORK/cv32e40p_top/core_i/cs_registers_i/mhpmcounter_q_reg_3__20_

  Ref  DFF        Ref:/WORK/cv32e40p_top/core_i/cs_registers_i/mhpmcounter_q_reg[3][21]
  Impl DFF        Imp:/WORK/cv32e40p_top/core_i/cs_registers_i/mhpmcounter_q_reg_3__21_

  Ref  DFF        Ref:/WORK/cv32e40p_top/core_i/cs_registers_i/mhpmcounter_q_reg[3][22]
  Impl DFF        Imp:/WORK/cv32e40p_top/core_i/cs_registers_i/mhpmcounter_q_reg_3__22_

  Ref  DFF        Ref:/WORK/cv32e40p_top/core_i/cs_registers_i/mhpmcounter_q_reg[3][23]
  Impl DFF        Imp:/WORK/cv32e40p_top/core_i/cs_registers_i/mhpmcounter_q_reg_3__23_

  Ref  DFF        Ref:/WORK/cv32e40p_top/core_i/cs_registers_i/mhpmcounter_q_reg[3][24]
  Impl DFF        Imp:/WORK/cv32e40p_top/core_i/cs_registers_i/mhpmcounter_q_reg_3__24_

  Ref  DFF        Ref:/WORK/cv32e40p_top/core_i/cs_registers_i/mhpmcounter_q_reg[3][25]
  Impl DFF        Imp:/WORK/cv32e40p_top/core_i/cs_registers_i/mhpmcounter_q_reg_3__25_

  Ref  DFF        Ref:/WORK/cv32e40p_top/core_i/cs_registers_i/mhpmcounter_q_reg[3][26]
  Impl DFF        Imp:/WORK/cv32e40p_top/core_i/cs_registers_i/mhpmcounter_q_reg_3__26_

  Ref  DFF        Ref:/WORK/cv32e40p_top/core_i/cs_registers_i/mhpmcounter_q_reg[3][27]
  Impl DFF        Imp:/WORK/cv32e40p_top/core_i/cs_registers_i/mhpmcounter_q_reg_3__27_

  Ref  DFF        Ref:/WORK/cv32e40p_top/core_i/cs_registers_i/mhpmcounter_q_reg[3][28]
  Impl DFF        Imp:/WORK/cv32e40p_top/core_i/cs_registers_i/mhpmcounter_q_reg_3__28_

  Ref  DFF        Ref:/WORK/cv32e40p_top/core_i/cs_registers_i/mhpmcounter_q_reg[3][29]
  Impl DFF        Imp:/WORK/cv32e40p_top/core_i/cs_registers_i/mhpmcounter_q_reg_3__29_

  Ref  DFF        Ref:/WORK/cv32e40p_top/core_i/cs_registers_i/mhpmcounter_q_reg[3][2]
  Impl DFF        Imp:/WORK/cv32e40p_top/core_i/cs_registers_i/mhpmcounter_q_reg_3__2_

  Ref  DFF        Ref:/WORK/cv32e40p_top/core_i/cs_registers_i/mhpmcounter_q_reg[3][30]
  Impl DFF        Imp:/WORK/cv32e40p_top/core_i/cs_registers_i/mhpmcounter_q_reg_3__30_

  Ref  DFF        Ref:/WORK/cv32e40p_top/core_i/cs_registers_i/mhpmcounter_q_reg[3][31]
  Impl DFF        Imp:/WORK/cv32e40p_top/core_i/cs_registers_i/mhpmcounter_q_reg_3__31_

  Ref  DFF        Ref:/WORK/cv32e40p_top/core_i/cs_registers_i/mhpmcounter_q_reg[3][32]
  Impl DFF        Imp:/WORK/cv32e40p_top/core_i/cs_registers_i/mhpmcounter_q_reg_3__32_

  Ref  DFF        Ref:/WORK/cv32e40p_top/core_i/cs_registers_i/mhpmcounter_q_reg[3][33]
  Impl DFF        Imp:/WORK/cv32e40p_top/core_i/cs_registers_i/mhpmcounter_q_reg_3__33_

  Ref  DFF        Ref:/WORK/cv32e40p_top/core_i/cs_registers_i/mhpmcounter_q_reg[3][34]
  Impl DFF        Imp:/WORK/cv32e40p_top/core_i/cs_registers_i/mhpmcounter_q_reg_3__34_

  Ref  DFF        Ref:/WORK/cv32e40p_top/core_i/cs_registers_i/mhpmcounter_q_reg[3][35]
  Impl DFF        Imp:/WORK/cv32e40p_top/core_i/cs_registers_i/mhpmcounter_q_reg_3__35_

  Ref  DFF        Ref:/WORK/cv32e40p_top/core_i/cs_registers_i/mhpmcounter_q_reg[3][36]
  Impl DFF        Imp:/WORK/cv32e40p_top/core_i/cs_registers_i/mhpmcounter_q_reg_3__36_

  Ref  DFF        Ref:/WORK/cv32e40p_top/core_i/cs_registers_i/mhpmcounter_q_reg[3][37]
  Impl DFF        Imp:/WORK/cv32e40p_top/core_i/cs_registers_i/mhpmcounter_q_reg_3__37_

  Ref  DFF        Ref:/WORK/cv32e40p_top/core_i/cs_registers_i/mhpmcounter_q_reg[3][38]
  Impl DFF        Imp:/WORK/cv32e40p_top/core_i/cs_registers_i/mhpmcounter_q_reg_3__38_

  Ref  DFF        Ref:/WORK/cv32e40p_top/core_i/cs_registers_i/mhpmcounter_q_reg[3][39]
  Impl DFF        Imp:/WORK/cv32e40p_top/core_i/cs_registers_i/mhpmcounter_q_reg_3__39_

  Ref  DFF        Ref:/WORK/cv32e40p_top/core_i/cs_registers_i/mhpmcounter_q_reg[3][3]
  Impl DFF        Imp:/WORK/cv32e40p_top/core_i/cs_registers_i/mhpmcounter_q_reg_3__3_

  Ref  DFF        Ref:/WORK/cv32e40p_top/core_i/cs_registers_i/mhpmcounter_q_reg[3][40]
  Impl DFF        Imp:/WORK/cv32e40p_top/core_i/cs_registers_i/mhpmcounter_q_reg_3__40_

  Ref  DFF        Ref:/WORK/cv32e40p_top/core_i/cs_registers_i/mhpmcounter_q_reg[3][41]
  Impl DFF        Imp:/WORK/cv32e40p_top/core_i/cs_registers_i/mhpmcounter_q_reg_3__41_

  Ref  DFF        Ref:/WORK/cv32e40p_top/core_i/cs_registers_i/mhpmcounter_q_reg[3][42]
  Impl DFF        Imp:/WORK/cv32e40p_top/core_i/cs_registers_i/mhpmcounter_q_reg_3__42_

  Ref  DFF        Ref:/WORK/cv32e40p_top/core_i/cs_registers_i/mhpmcounter_q_reg[3][43]
  Impl DFF        Imp:/WORK/cv32e40p_top/core_i/cs_registers_i/mhpmcounter_q_reg_3__43_

  Ref  DFF        Ref:/WORK/cv32e40p_top/core_i/cs_registers_i/mhpmcounter_q_reg[3][44]
  Impl DFF        Imp:/WORK/cv32e40p_top/core_i/cs_registers_i/mhpmcounter_q_reg_3__44_

  Ref  DFF        Ref:/WORK/cv32e40p_top/core_i/cs_registers_i/mhpmcounter_q_reg[3][45]
  Impl DFF        Imp:/WORK/cv32e40p_top/core_i/cs_registers_i/mhpmcounter_q_reg_3__45_

  Ref  DFF        Ref:/WORK/cv32e40p_top/core_i/cs_registers_i/mhpmcounter_q_reg[3][46]
  Impl DFF        Imp:/WORK/cv32e40p_top/core_i/cs_registers_i/mhpmcounter_q_reg_3__46_

  Ref  DFF        Ref:/WORK/cv32e40p_top/core_i/cs_registers_i/mhpmcounter_q_reg[3][47]
  Impl DFF        Imp:/WORK/cv32e40p_top/core_i/cs_registers_i/mhpmcounter_q_reg_3__47_

  Ref  DFF        Ref:/WORK/cv32e40p_top/core_i/cs_registers_i/mhpmcounter_q_reg[3][48]
  Impl DFF        Imp:/WORK/cv32e40p_top/core_i/cs_registers_i/mhpmcounter_q_reg_3__48_

  Ref  DFF        Ref:/WORK/cv32e40p_top/core_i/cs_registers_i/mhpmcounter_q_reg[3][49]
  Impl DFF        Imp:/WORK/cv32e40p_top/core_i/cs_registers_i/mhpmcounter_q_reg_3__49_

  Ref  DFF        Ref:/WORK/cv32e40p_top/core_i/cs_registers_i/mhpmcounter_q_reg[3][4]
  Impl DFF        Imp:/WORK/cv32e40p_top/core_i/cs_registers_i/mhpmcounter_q_reg_3__4_

  Ref  DFF        Ref:/WORK/cv32e40p_top/core_i/cs_registers_i/mhpmcounter_q_reg[3][50]
  Impl DFF        Imp:/WORK/cv32e40p_top/core_i/cs_registers_i/mhpmcounter_q_reg_3__50_

  Ref  DFF        Ref:/WORK/cv32e40p_top/core_i/cs_registers_i/mhpmcounter_q_reg[3][51]
  Impl DFF        Imp:/WORK/cv32e40p_top/core_i/cs_registers_i/mhpmcounter_q_reg_3__51_

  Ref  DFF        Ref:/WORK/cv32e40p_top/core_i/cs_registers_i/mhpmcounter_q_reg[3][52]
  Impl DFF        Imp:/WORK/cv32e40p_top/core_i/cs_registers_i/mhpmcounter_q_reg_3__52_

  Ref  DFF        Ref:/WORK/cv32e40p_top/core_i/cs_registers_i/mhpmcounter_q_reg[3][53]
  Impl DFF        Imp:/WORK/cv32e40p_top/core_i/cs_registers_i/mhpmcounter_q_reg_3__53_

  Ref  DFF        Ref:/WORK/cv32e40p_top/core_i/cs_registers_i/mhpmcounter_q_reg[3][54]
  Impl DFF        Imp:/WORK/cv32e40p_top/core_i/cs_registers_i/mhpmcounter_q_reg_3__54_

  Ref  DFF        Ref:/WORK/cv32e40p_top/core_i/cs_registers_i/mhpmcounter_q_reg[3][55]
  Impl DFF        Imp:/WORK/cv32e40p_top/core_i/cs_registers_i/mhpmcounter_q_reg_3__55_

  Ref  DFF        Ref:/WORK/cv32e40p_top/core_i/cs_registers_i/mhpmcounter_q_reg[3][56]
  Impl DFF        Imp:/WORK/cv32e40p_top/core_i/cs_registers_i/mhpmcounter_q_reg_3__56_

  Ref  DFF        Ref:/WORK/cv32e40p_top/core_i/cs_registers_i/mhpmcounter_q_reg[3][57]
  Impl DFF        Imp:/WORK/cv32e40p_top/core_i/cs_registers_i/mhpmcounter_q_reg_3__57_

  Ref  DFF        Ref:/WORK/cv32e40p_top/core_i/cs_registers_i/mhpmcounter_q_reg[3][58]
  Impl DFF        Imp:/WORK/cv32e40p_top/core_i/cs_registers_i/mhpmcounter_q_reg_3__58_

  Ref  DFF        Ref:/WORK/cv32e40p_top/core_i/cs_registers_i/mhpmcounter_q_reg[3][59]
  Impl DFF        Imp:/WORK/cv32e40p_top/core_i/cs_registers_i/mhpmcounter_q_reg_3__59_

  Ref  DFF        Ref:/WORK/cv32e40p_top/core_i/cs_registers_i/mhpmcounter_q_reg[3][5]
  Impl DFF        Imp:/WORK/cv32e40p_top/core_i/cs_registers_i/mhpmcounter_q_reg_3__5_

  Ref  DFF        Ref:/WORK/cv32e40p_top/core_i/cs_registers_i/mhpmcounter_q_reg[3][60]
  Impl DFF        Imp:/WORK/cv32e40p_top/core_i/cs_registers_i/mhpmcounter_q_reg_3__60_

  Ref  DFF        Ref:/WORK/cv32e40p_top/core_i/cs_registers_i/mhpmcounter_q_reg[3][61]
  Impl DFF        Imp:/WORK/cv32e40p_top/core_i/cs_registers_i/mhpmcounter_q_reg_3__61_

  Ref  DFF        Ref:/WORK/cv32e40p_top/core_i/cs_registers_i/mhpmcounter_q_reg[3][62]
  Impl DFF        Imp:/WORK/cv32e40p_top/core_i/cs_registers_i/mhpmcounter_q_reg_3__62_

  Ref  DFF        Ref:/WORK/cv32e40p_top/core_i/cs_registers_i/mhpmcounter_q_reg[3][63]
  Impl DFF        Imp:/WORK/cv32e40p_top/core_i/cs_registers_i/mhpmcounter_q_reg_3__63_

  Ref  DFF        Ref:/WORK/cv32e40p_top/core_i/cs_registers_i/mhpmcounter_q_reg[3][6]
  Impl DFF        Imp:/WORK/cv32e40p_top/core_i/cs_registers_i/mhpmcounter_q_reg_3__6_

  Ref  DFF        Ref:/WORK/cv32e40p_top/core_i/cs_registers_i/mhpmcounter_q_reg[3][7]
  Impl DFF        Imp:/WORK/cv32e40p_top/core_i/cs_registers_i/mhpmcounter_q_reg_3__7_

  Ref  DFF        Ref:/WORK/cv32e40p_top/core_i/cs_registers_i/mhpmcounter_q_reg[3][8]
  Impl DFF        Imp:/WORK/cv32e40p_top/core_i/cs_registers_i/mhpmcounter_q_reg_3__8_

  Ref  DFF        Ref:/WORK/cv32e40p_top/core_i/cs_registers_i/mhpmcounter_q_reg[3][9]
  Impl DFF        Imp:/WORK/cv32e40p_top/core_i/cs_registers_i/mhpmcounter_q_reg_3__9_

  Ref  DFF        Ref:/WORK/cv32e40p_top/core_i/cs_registers_i/mhpmevent_q_reg[3][0]
  Impl DFF        Imp:/WORK/cv32e40p_top/core_i/cs_registers_i/mhpmevent_q_reg_3__0_

  Ref  DFF        Ref:/WORK/cv32e40p_top/core_i/cs_registers_i/mhpmevent_q_reg[3][10]
  Impl DFF        Imp:/WORK/cv32e40p_top/core_i/cs_registers_i/mhpmevent_q_reg_3__10_

  Ref  DFF        Ref:/WORK/cv32e40p_top/core_i/cs_registers_i/mhpmevent_q_reg[3][11]
  Impl DFF        Imp:/WORK/cv32e40p_top/core_i/cs_registers_i/mhpmevent_q_reg_3__11_

  Ref  DFF        Ref:/WORK/cv32e40p_top/core_i/cs_registers_i/mhpmevent_q_reg[3][12]
  Impl DFF        Imp:/WORK/cv32e40p_top/core_i/cs_registers_i/mhpmevent_q_reg_3__12_

  Ref  DFF        Ref:/WORK/cv32e40p_top/core_i/cs_registers_i/mhpmevent_q_reg[3][13]
  Impl DFF        Imp:/WORK/cv32e40p_top/core_i/cs_registers_i/mhpmevent_q_reg_3__13_

  Ref  DFF        Ref:/WORK/cv32e40p_top/core_i/cs_registers_i/mhpmevent_q_reg[3][14]
  Impl DFF        Imp:/WORK/cv32e40p_top/core_i/cs_registers_i/mhpmevent_q_reg_3__14_

  Ref  DFF        Ref:/WORK/cv32e40p_top/core_i/cs_registers_i/mhpmevent_q_reg[3][15]
  Impl DFF        Imp:/WORK/cv32e40p_top/core_i/cs_registers_i/mhpmevent_q_reg_3__15_

  Ref  DFF        Ref:/WORK/cv32e40p_top/core_i/cs_registers_i/mhpmevent_q_reg[3][1]
  Impl DFF        Imp:/WORK/cv32e40p_top/core_i/cs_registers_i/mhpmevent_q_reg_3__1_

  Ref  DFF        Ref:/WORK/cv32e40p_top/core_i/cs_registers_i/mhpmevent_q_reg[3][2]
  Impl DFF        Imp:/WORK/cv32e40p_top/core_i/cs_registers_i/mhpmevent_q_reg_3__2_

  Ref  DFF        Ref:/WORK/cv32e40p_top/core_i/cs_registers_i/mhpmevent_q_reg[3][3]
  Impl DFF        Imp:/WORK/cv32e40p_top/core_i/cs_registers_i/mhpmevent_q_reg_3__3_

  Ref  DFF        Ref:/WORK/cv32e40p_top/core_i/cs_registers_i/mhpmevent_q_reg[3][4]
  Impl DFF        Imp:/WORK/cv32e40p_top/core_i/cs_registers_i/mhpmevent_q_reg_3__4_

  Ref  DFF        Ref:/WORK/cv32e40p_top/core_i/cs_registers_i/mhpmevent_q_reg[3][5]
  Impl DFF        Imp:/WORK/cv32e40p_top/core_i/cs_registers_i/mhpmevent_q_reg_3__5_

  Ref  DFF        Ref:/WORK/cv32e40p_top/core_i/cs_registers_i/mhpmevent_q_reg[3][6]
  Impl DFF        Imp:/WORK/cv32e40p_top/core_i/cs_registers_i/mhpmevent_q_reg_3__6_

  Ref  DFF        Ref:/WORK/cv32e40p_top/core_i/cs_registers_i/mhpmevent_q_reg[3][7]
  Impl DFF        Imp:/WORK/cv32e40p_top/core_i/cs_registers_i/mhpmevent_q_reg_3__7_

  Ref  DFF        Ref:/WORK/cv32e40p_top/core_i/cs_registers_i/mhpmevent_q_reg[3][8]
  Impl DFF        Imp:/WORK/cv32e40p_top/core_i/cs_registers_i/mhpmevent_q_reg_3__8_

  Ref  DFF        Ref:/WORK/cv32e40p_top/core_i/cs_registers_i/mhpmevent_q_reg[3][9]
  Impl DFF        Imp:/WORK/cv32e40p_top/core_i/cs_registers_i/mhpmevent_q_reg_3__9_

  Ref  DFF        Ref:/WORK/cv32e40p_top/core_i/cs_registers_i/mie_q_reg[11]
  Impl DFF        Imp:/WORK/cv32e40p_top/core_i/cs_registers_i/mie_q_reg_11_

  Ref  DFF        Ref:/WORK/cv32e40p_top/core_i/cs_registers_i/mie_q_reg[16]
  Impl DFF        Imp:/WORK/cv32e40p_top/core_i/cs_registers_i/mie_q_reg_16_

  Ref  DFF        Ref:/WORK/cv32e40p_top/core_i/cs_registers_i/mie_q_reg[17]
  Impl DFF        Imp:/WORK/cv32e40p_top/core_i/cs_registers_i/mie_q_reg_17_

  Ref  DFF        Ref:/WORK/cv32e40p_top/core_i/cs_registers_i/mie_q_reg[18]
  Impl DFF        Imp:/WORK/cv32e40p_top/core_i/cs_registers_i/mie_q_reg_18_

  Ref  DFF        Ref:/WORK/cv32e40p_top/core_i/cs_registers_i/mie_q_reg[19]
  Impl DFF        Imp:/WORK/cv32e40p_top/core_i/cs_registers_i/mie_q_reg_19_

  Ref  DFF        Ref:/WORK/cv32e40p_top/core_i/cs_registers_i/mie_q_reg[20]
  Impl DFF        Imp:/WORK/cv32e40p_top/core_i/cs_registers_i/mie_q_reg_20_

  Ref  DFF        Ref:/WORK/cv32e40p_top/core_i/cs_registers_i/mie_q_reg[21]
  Impl DFF        Imp:/WORK/cv32e40p_top/core_i/cs_registers_i/mie_q_reg_21_

  Ref  DFF        Ref:/WORK/cv32e40p_top/core_i/cs_registers_i/mie_q_reg[22]
  Impl DFF        Imp:/WORK/cv32e40p_top/core_i/cs_registers_i/mie_q_reg_22_

  Ref  DFF        Ref:/WORK/cv32e40p_top/core_i/cs_registers_i/mie_q_reg[23]
  Impl DFF        Imp:/WORK/cv32e40p_top/core_i/cs_registers_i/mie_q_reg_23_

  Ref  DFF        Ref:/WORK/cv32e40p_top/core_i/cs_registers_i/mie_q_reg[24]
  Impl DFF        Imp:/WORK/cv32e40p_top/core_i/cs_registers_i/mie_q_reg_24_

  Ref  DFF        Ref:/WORK/cv32e40p_top/core_i/cs_registers_i/mie_q_reg[25]
  Impl DFF        Imp:/WORK/cv32e40p_top/core_i/cs_registers_i/mie_q_reg_25_

  Ref  DFF        Ref:/WORK/cv32e40p_top/core_i/cs_registers_i/mie_q_reg[26]
  Impl DFF        Imp:/WORK/cv32e40p_top/core_i/cs_registers_i/mie_q_reg_26_

  Ref  DFF        Ref:/WORK/cv32e40p_top/core_i/cs_registers_i/mie_q_reg[27]
  Impl DFF        Imp:/WORK/cv32e40p_top/core_i/cs_registers_i/mie_q_reg_27_

  Ref  DFF        Ref:/WORK/cv32e40p_top/core_i/cs_registers_i/mie_q_reg[28]
  Impl DFF        Imp:/WORK/cv32e40p_top/core_i/cs_registers_i/mie_q_reg_28_

  Ref  DFF        Ref:/WORK/cv32e40p_top/core_i/cs_registers_i/mie_q_reg[29]
  Impl DFF        Imp:/WORK/cv32e40p_top/core_i/cs_registers_i/mie_q_reg_29_

  Ref  DFF        Ref:/WORK/cv32e40p_top/core_i/cs_registers_i/mie_q_reg[30]
  Impl DFF        Imp:/WORK/cv32e40p_top/core_i/cs_registers_i/mie_q_reg_30_

  Ref  DFF        Ref:/WORK/cv32e40p_top/core_i/cs_registers_i/mie_q_reg[31]
  Impl DFF        Imp:/WORK/cv32e40p_top/core_i/cs_registers_i/mie_q_reg_31_

  Ref  DFF        Ref:/WORK/cv32e40p_top/core_i/cs_registers_i/mie_q_reg[3]
  Impl DFF        Imp:/WORK/cv32e40p_top/core_i/cs_registers_i/mie_q_reg_3_

  Ref  DFF        Ref:/WORK/cv32e40p_top/core_i/cs_registers_i/mie_q_reg[7]
  Impl DFF        Imp:/WORK/cv32e40p_top/core_i/cs_registers_i/mie_q_reg_7_

  Ref  DFF        Ref:/WORK/cv32e40p_top/core_i/cs_registers_i/mscratch_q_reg[0]
  Impl DFF        Imp:/WORK/cv32e40p_top/core_i/cs_registers_i/mscratch_q_reg_0_

  Ref  DFF        Ref:/WORK/cv32e40p_top/core_i/cs_registers_i/mscratch_q_reg[10]
  Impl DFF        Imp:/WORK/cv32e40p_top/core_i/cs_registers_i/mscratch_q_reg_10_

  Ref  DFF        Ref:/WORK/cv32e40p_top/core_i/cs_registers_i/mscratch_q_reg[11]
  Impl DFF        Imp:/WORK/cv32e40p_top/core_i/cs_registers_i/mscratch_q_reg_11_

  Ref  DFF        Ref:/WORK/cv32e40p_top/core_i/cs_registers_i/mscratch_q_reg[12]
  Impl DFF        Imp:/WORK/cv32e40p_top/core_i/cs_registers_i/mscratch_q_reg_12_

  Ref  DFF        Ref:/WORK/cv32e40p_top/core_i/cs_registers_i/mscratch_q_reg[13]
  Impl DFF        Imp:/WORK/cv32e40p_top/core_i/cs_registers_i/mscratch_q_reg_13_

  Ref  DFF        Ref:/WORK/cv32e40p_top/core_i/cs_registers_i/mscratch_q_reg[14]
  Impl DFF        Imp:/WORK/cv32e40p_top/core_i/cs_registers_i/mscratch_q_reg_14_

  Ref  DFF        Ref:/WORK/cv32e40p_top/core_i/cs_registers_i/mscratch_q_reg[15]
  Impl DFF        Imp:/WORK/cv32e40p_top/core_i/cs_registers_i/mscratch_q_reg_15_

  Ref  DFF        Ref:/WORK/cv32e40p_top/core_i/cs_registers_i/mscratch_q_reg[16]
  Impl DFF        Imp:/WORK/cv32e40p_top/core_i/cs_registers_i/mscratch_q_reg_16_

  Ref  DFF        Ref:/WORK/cv32e40p_top/core_i/cs_registers_i/mscratch_q_reg[17]
  Impl DFF        Imp:/WORK/cv32e40p_top/core_i/cs_registers_i/mscratch_q_reg_17_

  Ref  DFF        Ref:/WORK/cv32e40p_top/core_i/cs_registers_i/mscratch_q_reg[18]
  Impl DFF        Imp:/WORK/cv32e40p_top/core_i/cs_registers_i/mscratch_q_reg_18_

  Ref  DFF        Ref:/WORK/cv32e40p_top/core_i/cs_registers_i/mscratch_q_reg[19]
  Impl DFF        Imp:/WORK/cv32e40p_top/core_i/cs_registers_i/mscratch_q_reg_19_

  Ref  DFF        Ref:/WORK/cv32e40p_top/core_i/cs_registers_i/mscratch_q_reg[1]
  Impl DFF        Imp:/WORK/cv32e40p_top/core_i/cs_registers_i/mscratch_q_reg_1_

  Ref  DFF        Ref:/WORK/cv32e40p_top/core_i/cs_registers_i/mscratch_q_reg[20]
  Impl DFF        Imp:/WORK/cv32e40p_top/core_i/cs_registers_i/mscratch_q_reg_20_

  Ref  DFF        Ref:/WORK/cv32e40p_top/core_i/cs_registers_i/mscratch_q_reg[21]
  Impl DFF        Imp:/WORK/cv32e40p_top/core_i/cs_registers_i/mscratch_q_reg_21_

  Ref  DFF        Ref:/WORK/cv32e40p_top/core_i/cs_registers_i/mscratch_q_reg[22]
  Impl DFF        Imp:/WORK/cv32e40p_top/core_i/cs_registers_i/mscratch_q_reg_22_

  Ref  DFF        Ref:/WORK/cv32e40p_top/core_i/cs_registers_i/mscratch_q_reg[23]
  Impl DFF        Imp:/WORK/cv32e40p_top/core_i/cs_registers_i/mscratch_q_reg_23_

  Ref  DFF        Ref:/WORK/cv32e40p_top/core_i/cs_registers_i/mscratch_q_reg[24]
  Impl DFF        Imp:/WORK/cv32e40p_top/core_i/cs_registers_i/mscratch_q_reg_24_

  Ref  DFF        Ref:/WORK/cv32e40p_top/core_i/cs_registers_i/mscratch_q_reg[25]
  Impl DFF        Imp:/WORK/cv32e40p_top/core_i/cs_registers_i/mscratch_q_reg_25_

  Ref  DFF        Ref:/WORK/cv32e40p_top/core_i/cs_registers_i/mscratch_q_reg[26]
  Impl DFF        Imp:/WORK/cv32e40p_top/core_i/cs_registers_i/mscratch_q_reg_26_

  Ref  DFF        Ref:/WORK/cv32e40p_top/core_i/cs_registers_i/mscratch_q_reg[27]
  Impl DFF        Imp:/WORK/cv32e40p_top/core_i/cs_registers_i/mscratch_q_reg_27_

  Ref  DFF        Ref:/WORK/cv32e40p_top/core_i/cs_registers_i/mscratch_q_reg[28]
  Impl DFF        Imp:/WORK/cv32e40p_top/core_i/cs_registers_i/mscratch_q_reg_28_

  Ref  DFF        Ref:/WORK/cv32e40p_top/core_i/cs_registers_i/mscratch_q_reg[29]
  Impl DFF        Imp:/WORK/cv32e40p_top/core_i/cs_registers_i/mscratch_q_reg_29_

  Ref  DFF        Ref:/WORK/cv32e40p_top/core_i/cs_registers_i/mscratch_q_reg[2]
  Impl DFF        Imp:/WORK/cv32e40p_top/core_i/cs_registers_i/mscratch_q_reg_2_

  Ref  DFF        Ref:/WORK/cv32e40p_top/core_i/cs_registers_i/mscratch_q_reg[30]
  Impl DFF        Imp:/WORK/cv32e40p_top/core_i/cs_registers_i/mscratch_q_reg_30_

  Ref  DFF        Ref:/WORK/cv32e40p_top/core_i/cs_registers_i/mscratch_q_reg[31]
  Impl DFF        Imp:/WORK/cv32e40p_top/core_i/cs_registers_i/mscratch_q_reg_31_

  Ref  DFF        Ref:/WORK/cv32e40p_top/core_i/cs_registers_i/mscratch_q_reg[3]
  Impl DFF        Imp:/WORK/cv32e40p_top/core_i/cs_registers_i/mscratch_q_reg_3_

  Ref  DFF        Ref:/WORK/cv32e40p_top/core_i/cs_registers_i/mscratch_q_reg[4]
  Impl DFF        Imp:/WORK/cv32e40p_top/core_i/cs_registers_i/mscratch_q_reg_4_

  Ref  DFF        Ref:/WORK/cv32e40p_top/core_i/cs_registers_i/mscratch_q_reg[5]
  Impl DFF        Imp:/WORK/cv32e40p_top/core_i/cs_registers_i/mscratch_q_reg_5_

  Ref  DFF        Ref:/WORK/cv32e40p_top/core_i/cs_registers_i/mscratch_q_reg[6]
  Impl DFF        Imp:/WORK/cv32e40p_top/core_i/cs_registers_i/mscratch_q_reg_6_

  Ref  DFF        Ref:/WORK/cv32e40p_top/core_i/cs_registers_i/mscratch_q_reg[7]
  Impl DFF        Imp:/WORK/cv32e40p_top/core_i/cs_registers_i/mscratch_q_reg_7_

  Ref  DFF        Ref:/WORK/cv32e40p_top/core_i/cs_registers_i/mscratch_q_reg[8]
  Impl DFF        Imp:/WORK/cv32e40p_top/core_i/cs_registers_i/mscratch_q_reg_8_

  Ref  DFF        Ref:/WORK/cv32e40p_top/core_i/cs_registers_i/mscratch_q_reg[9]
  Impl DFF        Imp:/WORK/cv32e40p_top/core_i/cs_registers_i/mscratch_q_reg_9_

  Ref  DFF        Ref:/WORK/cv32e40p_top/core_i/cs_registers_i/mstatus_q_reg\[mie]
  Impl DFF        Imp:/WORK/cv32e40p_top/core_i/cs_registers_i/mstatus_q_reg_mie_

  Ref  DFF        Ref:/WORK/cv32e40p_top/core_i/cs_registers_i/mstatus_q_reg\[mpie]
  Impl DFF        Imp:/WORK/cv32e40p_top/core_i/cs_registers_i/mstatus_q_reg_mpie_

  Ref  DFF        Ref:/WORK/cv32e40p_top/core_i/cs_registers_i/mtvec_mode_q_reg[0]
  Impl DFF        Imp:/WORK/cv32e40p_top/core_i/cs_registers_i/mtvec_mode_q_reg_0_

  Ref  DFF        Ref:/WORK/cv32e40p_top/core_i/cs_registers_i/mtvec_q_reg[0]
  Impl DFF        Imp:/WORK/cv32e40p_top/core_i/cs_registers_i/mtvec_q_reg_0_

  Ref  DFF        Ref:/WORK/cv32e40p_top/core_i/cs_registers_i/mtvec_q_reg[10]
  Impl DFF        Imp:/WORK/cv32e40p_top/core_i/cs_registers_i/mtvec_q_reg_10_

  Ref  DFF        Ref:/WORK/cv32e40p_top/core_i/cs_registers_i/mtvec_q_reg[11]
  Impl DFF        Imp:/WORK/cv32e40p_top/core_i/cs_registers_i/mtvec_q_reg_11_

  Ref  DFF        Ref:/WORK/cv32e40p_top/core_i/cs_registers_i/mtvec_q_reg[12]
  Impl DFF        Imp:/WORK/cv32e40p_top/core_i/cs_registers_i/mtvec_q_reg_12_

  Ref  DFF        Ref:/WORK/cv32e40p_top/core_i/cs_registers_i/mtvec_q_reg[13]
  Impl DFF        Imp:/WORK/cv32e40p_top/core_i/cs_registers_i/mtvec_q_reg_13_

  Ref  DFF        Ref:/WORK/cv32e40p_top/core_i/cs_registers_i/mtvec_q_reg[14]
  Impl DFF        Imp:/WORK/cv32e40p_top/core_i/cs_registers_i/mtvec_q_reg_14_

  Ref  DFF        Ref:/WORK/cv32e40p_top/core_i/cs_registers_i/mtvec_q_reg[15]
  Impl DFF        Imp:/WORK/cv32e40p_top/core_i/cs_registers_i/mtvec_q_reg_15_

  Ref  DFF        Ref:/WORK/cv32e40p_top/core_i/cs_registers_i/mtvec_q_reg[16]
  Impl DFF        Imp:/WORK/cv32e40p_top/core_i/cs_registers_i/mtvec_q_reg_16_

  Ref  DFF        Ref:/WORK/cv32e40p_top/core_i/cs_registers_i/mtvec_q_reg[17]
  Impl DFF        Imp:/WORK/cv32e40p_top/core_i/cs_registers_i/mtvec_q_reg_17_

  Ref  DFF        Ref:/WORK/cv32e40p_top/core_i/cs_registers_i/mtvec_q_reg[18]
  Impl DFF        Imp:/WORK/cv32e40p_top/core_i/cs_registers_i/mtvec_q_reg_18_

  Ref  DFF        Ref:/WORK/cv32e40p_top/core_i/cs_registers_i/mtvec_q_reg[19]
  Impl DFF        Imp:/WORK/cv32e40p_top/core_i/cs_registers_i/mtvec_q_reg_19_

  Ref  DFF        Ref:/WORK/cv32e40p_top/core_i/cs_registers_i/mtvec_q_reg[1]
  Impl DFF        Imp:/WORK/cv32e40p_top/core_i/cs_registers_i/mtvec_q_reg_1_

  Ref  DFF        Ref:/WORK/cv32e40p_top/core_i/cs_registers_i/mtvec_q_reg[20]
  Impl DFF        Imp:/WORK/cv32e40p_top/core_i/cs_registers_i/mtvec_q_reg_20_

  Ref  DFF        Ref:/WORK/cv32e40p_top/core_i/cs_registers_i/mtvec_q_reg[21]
  Impl DFF        Imp:/WORK/cv32e40p_top/core_i/cs_registers_i/mtvec_q_reg_21_

  Ref  DFF        Ref:/WORK/cv32e40p_top/core_i/cs_registers_i/mtvec_q_reg[22]
  Impl DFF        Imp:/WORK/cv32e40p_top/core_i/cs_registers_i/mtvec_q_reg_22_

  Ref  DFF        Ref:/WORK/cv32e40p_top/core_i/cs_registers_i/mtvec_q_reg[23]
  Impl DFF        Imp:/WORK/cv32e40p_top/core_i/cs_registers_i/mtvec_q_reg_23_

  Ref  DFF        Ref:/WORK/cv32e40p_top/core_i/cs_registers_i/mtvec_q_reg[2]
  Impl DFF        Imp:/WORK/cv32e40p_top/core_i/cs_registers_i/mtvec_q_reg_2_

  Ref  DFF        Ref:/WORK/cv32e40p_top/core_i/cs_registers_i/mtvec_q_reg[3]
  Impl DFF        Imp:/WORK/cv32e40p_top/core_i/cs_registers_i/mtvec_q_reg_3_

  Ref  DFF        Ref:/WORK/cv32e40p_top/core_i/cs_registers_i/mtvec_q_reg[4]
  Impl DFF        Imp:/WORK/cv32e40p_top/core_i/cs_registers_i/mtvec_q_reg_4_

  Ref  DFF        Ref:/WORK/cv32e40p_top/core_i/cs_registers_i/mtvec_q_reg[5]
  Impl DFF        Imp:/WORK/cv32e40p_top/core_i/cs_registers_i/mtvec_q_reg_5_

  Ref  DFF        Ref:/WORK/cv32e40p_top/core_i/cs_registers_i/mtvec_q_reg[6]
  Impl DFF        Imp:/WORK/cv32e40p_top/core_i/cs_registers_i/mtvec_q_reg_6_

  Ref  DFF        Ref:/WORK/cv32e40p_top/core_i/cs_registers_i/mtvec_q_reg[7]
  Impl DFF        Imp:/WORK/cv32e40p_top/core_i/cs_registers_i/mtvec_q_reg_7_

  Ref  DFF        Ref:/WORK/cv32e40p_top/core_i/cs_registers_i/mtvec_q_reg[8]
  Impl DFF        Imp:/WORK/cv32e40p_top/core_i/cs_registers_i/mtvec_q_reg_8_

  Ref  DFF        Ref:/WORK/cv32e40p_top/core_i/cs_registers_i/mtvec_q_reg[9]
  Impl DFF        Imp:/WORK/cv32e40p_top/core_i/cs_registers_i/mtvec_q_reg_9_

  Ref  DFF        Ref:/WORK/cv32e40p_top/core_i/ex_stage_i/alu_i/alu_div_i/AReg_DP_reg[0]
  Impl DFF        Imp:/WORK/cv32e40p_top/core_i/ex_stage_i/alu_i/alu_div_i/AReg_DP_reg_0_

  Ref  DFF        Ref:/WORK/cv32e40p_top/core_i/ex_stage_i/alu_i/alu_div_i/AReg_DP_reg[10]
  Impl DFF        Imp:/WORK/cv32e40p_top/core_i/ex_stage_i/alu_i/alu_div_i/AReg_DP_reg_10_

  Ref  DFF        Ref:/WORK/cv32e40p_top/core_i/ex_stage_i/alu_i/alu_div_i/AReg_DP_reg[11]
  Impl DFF        Imp:/WORK/cv32e40p_top/core_i/ex_stage_i/alu_i/alu_div_i/AReg_DP_reg_11_

  Ref  DFF        Ref:/WORK/cv32e40p_top/core_i/ex_stage_i/alu_i/alu_div_i/AReg_DP_reg[12]
  Impl DFF        Imp:/WORK/cv32e40p_top/core_i/ex_stage_i/alu_i/alu_div_i/AReg_DP_reg_12_

  Ref  DFF        Ref:/WORK/cv32e40p_top/core_i/ex_stage_i/alu_i/alu_div_i/AReg_DP_reg[13]
  Impl DFF        Imp:/WORK/cv32e40p_top/core_i/ex_stage_i/alu_i/alu_div_i/AReg_DP_reg_13_

  Ref  DFF        Ref:/WORK/cv32e40p_top/core_i/ex_stage_i/alu_i/alu_div_i/AReg_DP_reg[14]
  Impl DFF        Imp:/WORK/cv32e40p_top/core_i/ex_stage_i/alu_i/alu_div_i/AReg_DP_reg_14_

  Ref  DFF        Ref:/WORK/cv32e40p_top/core_i/ex_stage_i/alu_i/alu_div_i/AReg_DP_reg[15]
  Impl DFF        Imp:/WORK/cv32e40p_top/core_i/ex_stage_i/alu_i/alu_div_i/AReg_DP_reg_15_

  Ref  DFF        Ref:/WORK/cv32e40p_top/core_i/ex_stage_i/alu_i/alu_div_i/AReg_DP_reg[16]
  Impl DFF        Imp:/WORK/cv32e40p_top/core_i/ex_stage_i/alu_i/alu_div_i/AReg_DP_reg_16_

  Ref  DFF        Ref:/WORK/cv32e40p_top/core_i/ex_stage_i/alu_i/alu_div_i/AReg_DP_reg[17]
  Impl DFF        Imp:/WORK/cv32e40p_top/core_i/ex_stage_i/alu_i/alu_div_i/AReg_DP_reg_17_

  Ref  DFF        Ref:/WORK/cv32e40p_top/core_i/ex_stage_i/alu_i/alu_div_i/AReg_DP_reg[18]
  Impl DFF        Imp:/WORK/cv32e40p_top/core_i/ex_stage_i/alu_i/alu_div_i/AReg_DP_reg_18_

  Ref  DFF        Ref:/WORK/cv32e40p_top/core_i/ex_stage_i/alu_i/alu_div_i/AReg_DP_reg[19]
  Impl DFF        Imp:/WORK/cv32e40p_top/core_i/ex_stage_i/alu_i/alu_div_i/AReg_DP_reg_19_

  Ref  DFF        Ref:/WORK/cv32e40p_top/core_i/ex_stage_i/alu_i/alu_div_i/AReg_DP_reg[1]
  Impl DFF        Imp:/WORK/cv32e40p_top/core_i/ex_stage_i/alu_i/alu_div_i/AReg_DP_reg_1_

  Ref  DFF        Ref:/WORK/cv32e40p_top/core_i/ex_stage_i/alu_i/alu_div_i/AReg_DP_reg[20]
  Impl DFF        Imp:/WORK/cv32e40p_top/core_i/ex_stage_i/alu_i/alu_div_i/AReg_DP_reg_20_

  Ref  DFF        Ref:/WORK/cv32e40p_top/core_i/ex_stage_i/alu_i/alu_div_i/AReg_DP_reg[21]
  Impl DFF        Imp:/WORK/cv32e40p_top/core_i/ex_stage_i/alu_i/alu_div_i/AReg_DP_reg_21_

  Ref  DFF        Ref:/WORK/cv32e40p_top/core_i/ex_stage_i/alu_i/alu_div_i/AReg_DP_reg[22]
  Impl DFF        Imp:/WORK/cv32e40p_top/core_i/ex_stage_i/alu_i/alu_div_i/AReg_DP_reg_22_

  Ref  DFF        Ref:/WORK/cv32e40p_top/core_i/ex_stage_i/alu_i/alu_div_i/AReg_DP_reg[23]
  Impl DFF        Imp:/WORK/cv32e40p_top/core_i/ex_stage_i/alu_i/alu_div_i/AReg_DP_reg_23_

  Ref  DFF        Ref:/WORK/cv32e40p_top/core_i/ex_stage_i/alu_i/alu_div_i/AReg_DP_reg[24]
  Impl DFF        Imp:/WORK/cv32e40p_top/core_i/ex_stage_i/alu_i/alu_div_i/AReg_DP_reg_24_

  Ref  DFF        Ref:/WORK/cv32e40p_top/core_i/ex_stage_i/alu_i/alu_div_i/AReg_DP_reg[25]
  Impl DFF        Imp:/WORK/cv32e40p_top/core_i/ex_stage_i/alu_i/alu_div_i/AReg_DP_reg_25_

  Ref  DFF        Ref:/WORK/cv32e40p_top/core_i/ex_stage_i/alu_i/alu_div_i/AReg_DP_reg[26]
  Impl DFF        Imp:/WORK/cv32e40p_top/core_i/ex_stage_i/alu_i/alu_div_i/AReg_DP_reg_26_

  Ref  DFF        Ref:/WORK/cv32e40p_top/core_i/ex_stage_i/alu_i/alu_div_i/AReg_DP_reg[27]
  Impl DFF        Imp:/WORK/cv32e40p_top/core_i/ex_stage_i/alu_i/alu_div_i/AReg_DP_reg_27_

  Ref  DFF        Ref:/WORK/cv32e40p_top/core_i/ex_stage_i/alu_i/alu_div_i/AReg_DP_reg[28]
  Impl DFF        Imp:/WORK/cv32e40p_top/core_i/ex_stage_i/alu_i/alu_div_i/AReg_DP_reg_28_

  Ref  DFF        Ref:/WORK/cv32e40p_top/core_i/ex_stage_i/alu_i/alu_div_i/AReg_DP_reg[29]
  Impl DFF        Imp:/WORK/cv32e40p_top/core_i/ex_stage_i/alu_i/alu_div_i/AReg_DP_reg_29_

  Ref  DFF        Ref:/WORK/cv32e40p_top/core_i/ex_stage_i/alu_i/alu_div_i/AReg_DP_reg[2]
  Impl DFF        Imp:/WORK/cv32e40p_top/core_i/ex_stage_i/alu_i/alu_div_i/AReg_DP_reg_2_

  Ref  DFF        Ref:/WORK/cv32e40p_top/core_i/ex_stage_i/alu_i/alu_div_i/AReg_DP_reg[30]
  Impl DFF        Imp:/WORK/cv32e40p_top/core_i/ex_stage_i/alu_i/alu_div_i/AReg_DP_reg_30_

  Ref  DFF        Ref:/WORK/cv32e40p_top/core_i/ex_stage_i/alu_i/alu_div_i/AReg_DP_reg[31]
  Impl DFF        Imp:/WORK/cv32e40p_top/core_i/ex_stage_i/alu_i/alu_div_i/AReg_DP_reg_31_

  Ref  DFF        Ref:/WORK/cv32e40p_top/core_i/ex_stage_i/alu_i/alu_div_i/AReg_DP_reg[3]
  Impl DFF        Imp:/WORK/cv32e40p_top/core_i/ex_stage_i/alu_i/alu_div_i/AReg_DP_reg_3_

  Ref  DFF        Ref:/WORK/cv32e40p_top/core_i/ex_stage_i/alu_i/alu_div_i/AReg_DP_reg[4]
  Impl DFF        Imp:/WORK/cv32e40p_top/core_i/ex_stage_i/alu_i/alu_div_i/AReg_DP_reg_4_

  Ref  DFF        Ref:/WORK/cv32e40p_top/core_i/ex_stage_i/alu_i/alu_div_i/AReg_DP_reg[5]
  Impl DFF        Imp:/WORK/cv32e40p_top/core_i/ex_stage_i/alu_i/alu_div_i/AReg_DP_reg_5_

  Ref  DFF        Ref:/WORK/cv32e40p_top/core_i/ex_stage_i/alu_i/alu_div_i/AReg_DP_reg[6]
  Impl DFF        Imp:/WORK/cv32e40p_top/core_i/ex_stage_i/alu_i/alu_div_i/AReg_DP_reg_6_

  Ref  DFF        Ref:/WORK/cv32e40p_top/core_i/ex_stage_i/alu_i/alu_div_i/AReg_DP_reg[7]
  Impl DFF        Imp:/WORK/cv32e40p_top/core_i/ex_stage_i/alu_i/alu_div_i/AReg_DP_reg_7_

  Ref  DFF        Ref:/WORK/cv32e40p_top/core_i/ex_stage_i/alu_i/alu_div_i/AReg_DP_reg[8]
  Impl DFF        Imp:/WORK/cv32e40p_top/core_i/ex_stage_i/alu_i/alu_div_i/AReg_DP_reg_8_

  Ref  DFF        Ref:/WORK/cv32e40p_top/core_i/ex_stage_i/alu_i/alu_div_i/AReg_DP_reg[9]
  Impl DFF        Imp:/WORK/cv32e40p_top/core_i/ex_stage_i/alu_i/alu_div_i/AReg_DP_reg_9_

  Ref  DFF        Ref:/WORK/cv32e40p_top/core_i/ex_stage_i/alu_i/alu_div_i/BReg_DP_reg[0]
  Impl DFF        Imp:/WORK/cv32e40p_top/core_i/ex_stage_i/alu_i/alu_div_i/BReg_DP_reg_0_

  Ref  DFF        Ref:/WORK/cv32e40p_top/core_i/ex_stage_i/alu_i/alu_div_i/BReg_DP_reg[10]
  Impl DFF        Imp:/WORK/cv32e40p_top/core_i/ex_stage_i/alu_i/alu_div_i/BReg_DP_reg_10_

  Ref  DFF        Ref:/WORK/cv32e40p_top/core_i/ex_stage_i/alu_i/alu_div_i/BReg_DP_reg[11]
  Impl DFF        Imp:/WORK/cv32e40p_top/core_i/ex_stage_i/alu_i/alu_div_i/BReg_DP_reg_11_

  Ref  DFF        Ref:/WORK/cv32e40p_top/core_i/ex_stage_i/alu_i/alu_div_i/BReg_DP_reg[12]
  Impl DFF        Imp:/WORK/cv32e40p_top/core_i/ex_stage_i/alu_i/alu_div_i/BReg_DP_reg_12_

  Ref  DFF        Ref:/WORK/cv32e40p_top/core_i/ex_stage_i/alu_i/alu_div_i/BReg_DP_reg[13]
  Impl DFF        Imp:/WORK/cv32e40p_top/core_i/ex_stage_i/alu_i/alu_div_i/BReg_DP_reg_13_

  Ref  DFF        Ref:/WORK/cv32e40p_top/core_i/ex_stage_i/alu_i/alu_div_i/BReg_DP_reg[14]
  Impl DFF        Imp:/WORK/cv32e40p_top/core_i/ex_stage_i/alu_i/alu_div_i/BReg_DP_reg_14_

  Ref  DFF        Ref:/WORK/cv32e40p_top/core_i/ex_stage_i/alu_i/alu_div_i/BReg_DP_reg[15]
  Impl DFF        Imp:/WORK/cv32e40p_top/core_i/ex_stage_i/alu_i/alu_div_i/BReg_DP_reg_15_

  Ref  DFF        Ref:/WORK/cv32e40p_top/core_i/ex_stage_i/alu_i/alu_div_i/BReg_DP_reg[16]
  Impl DFF        Imp:/WORK/cv32e40p_top/core_i/ex_stage_i/alu_i/alu_div_i/BReg_DP_reg_16_

  Ref  DFF        Ref:/WORK/cv32e40p_top/core_i/ex_stage_i/alu_i/alu_div_i/BReg_DP_reg[17]
  Impl DFF        Imp:/WORK/cv32e40p_top/core_i/ex_stage_i/alu_i/alu_div_i/BReg_DP_reg_17_

  Ref  DFF        Ref:/WORK/cv32e40p_top/core_i/ex_stage_i/alu_i/alu_div_i/BReg_DP_reg[18]
  Impl DFF        Imp:/WORK/cv32e40p_top/core_i/ex_stage_i/alu_i/alu_div_i/BReg_DP_reg_18_

  Ref  DFF        Ref:/WORK/cv32e40p_top/core_i/ex_stage_i/alu_i/alu_div_i/BReg_DP_reg[19]
  Impl DFF        Imp:/WORK/cv32e40p_top/core_i/ex_stage_i/alu_i/alu_div_i/BReg_DP_reg_19_

  Ref  DFF        Ref:/WORK/cv32e40p_top/core_i/ex_stage_i/alu_i/alu_div_i/BReg_DP_reg[1]
  Impl DFF        Imp:/WORK/cv32e40p_top/core_i/ex_stage_i/alu_i/alu_div_i/BReg_DP_reg_1_

  Ref  DFF        Ref:/WORK/cv32e40p_top/core_i/ex_stage_i/alu_i/alu_div_i/BReg_DP_reg[20]
  Impl DFF        Imp:/WORK/cv32e40p_top/core_i/ex_stage_i/alu_i/alu_div_i/BReg_DP_reg_20_

  Ref  DFF        Ref:/WORK/cv32e40p_top/core_i/ex_stage_i/alu_i/alu_div_i/BReg_DP_reg[21]
  Impl DFF        Imp:/WORK/cv32e40p_top/core_i/ex_stage_i/alu_i/alu_div_i/BReg_DP_reg_21_

  Ref  DFF        Ref:/WORK/cv32e40p_top/core_i/ex_stage_i/alu_i/alu_div_i/BReg_DP_reg[22]
  Impl DFF        Imp:/WORK/cv32e40p_top/core_i/ex_stage_i/alu_i/alu_div_i/BReg_DP_reg_22_

  Ref  DFF        Ref:/WORK/cv32e40p_top/core_i/ex_stage_i/alu_i/alu_div_i/BReg_DP_reg[23]
  Impl DFF        Imp:/WORK/cv32e40p_top/core_i/ex_stage_i/alu_i/alu_div_i/BReg_DP_reg_23_

  Ref  DFF        Ref:/WORK/cv32e40p_top/core_i/ex_stage_i/alu_i/alu_div_i/BReg_DP_reg[24]
  Impl DFF        Imp:/WORK/cv32e40p_top/core_i/ex_stage_i/alu_i/alu_div_i/BReg_DP_reg_24_

  Ref  DFF        Ref:/WORK/cv32e40p_top/core_i/ex_stage_i/alu_i/alu_div_i/BReg_DP_reg[25]
  Impl DFF        Imp:/WORK/cv32e40p_top/core_i/ex_stage_i/alu_i/alu_div_i/BReg_DP_reg_25_

  Ref  DFF        Ref:/WORK/cv32e40p_top/core_i/ex_stage_i/alu_i/alu_div_i/BReg_DP_reg[26]
  Impl DFF        Imp:/WORK/cv32e40p_top/core_i/ex_stage_i/alu_i/alu_div_i/BReg_DP_reg_26_

  Ref  DFF        Ref:/WORK/cv32e40p_top/core_i/ex_stage_i/alu_i/alu_div_i/BReg_DP_reg[27]
  Impl DFF        Imp:/WORK/cv32e40p_top/core_i/ex_stage_i/alu_i/alu_div_i/BReg_DP_reg_27_

  Ref  DFF        Ref:/WORK/cv32e40p_top/core_i/ex_stage_i/alu_i/alu_div_i/BReg_DP_reg[28]
  Impl DFF        Imp:/WORK/cv32e40p_top/core_i/ex_stage_i/alu_i/alu_div_i/BReg_DP_reg_28_

  Ref  DFF        Ref:/WORK/cv32e40p_top/core_i/ex_stage_i/alu_i/alu_div_i/BReg_DP_reg[29]
  Impl DFF        Imp:/WORK/cv32e40p_top/core_i/ex_stage_i/alu_i/alu_div_i/BReg_DP_reg_29_

  Ref  DFF        Ref:/WORK/cv32e40p_top/core_i/ex_stage_i/alu_i/alu_div_i/BReg_DP_reg[2]
  Impl DFF        Imp:/WORK/cv32e40p_top/core_i/ex_stage_i/alu_i/alu_div_i/BReg_DP_reg_2_

  Ref  DFF        Ref:/WORK/cv32e40p_top/core_i/ex_stage_i/alu_i/alu_div_i/BReg_DP_reg[30]
  Impl DFF        Imp:/WORK/cv32e40p_top/core_i/ex_stage_i/alu_i/alu_div_i/BReg_DP_reg_30_

  Ref  DFF        Ref:/WORK/cv32e40p_top/core_i/ex_stage_i/alu_i/alu_div_i/BReg_DP_reg[31]
  Impl DFF        Imp:/WORK/cv32e40p_top/core_i/ex_stage_i/alu_i/alu_div_i/BReg_DP_reg_31_

  Ref  DFF        Ref:/WORK/cv32e40p_top/core_i/ex_stage_i/alu_i/alu_div_i/BReg_DP_reg[3]
  Impl DFF        Imp:/WORK/cv32e40p_top/core_i/ex_stage_i/alu_i/alu_div_i/BReg_DP_reg_3_

  Ref  DFF        Ref:/WORK/cv32e40p_top/core_i/ex_stage_i/alu_i/alu_div_i/BReg_DP_reg[4]
  Impl DFF        Imp:/WORK/cv32e40p_top/core_i/ex_stage_i/alu_i/alu_div_i/BReg_DP_reg_4_

  Ref  DFF        Ref:/WORK/cv32e40p_top/core_i/ex_stage_i/alu_i/alu_div_i/BReg_DP_reg[5]
  Impl DFF        Imp:/WORK/cv32e40p_top/core_i/ex_stage_i/alu_i/alu_div_i/BReg_DP_reg_5_

  Ref  DFF        Ref:/WORK/cv32e40p_top/core_i/ex_stage_i/alu_i/alu_div_i/BReg_DP_reg[6]
  Impl DFF        Imp:/WORK/cv32e40p_top/core_i/ex_stage_i/alu_i/alu_div_i/BReg_DP_reg_6_

  Ref  DFF        Ref:/WORK/cv32e40p_top/core_i/ex_stage_i/alu_i/alu_div_i/BReg_DP_reg[7]
  Impl DFF        Imp:/WORK/cv32e40p_top/core_i/ex_stage_i/alu_i/alu_div_i/BReg_DP_reg_7_

  Ref  DFF        Ref:/WORK/cv32e40p_top/core_i/ex_stage_i/alu_i/alu_div_i/BReg_DP_reg[8]
  Impl DFF        Imp:/WORK/cv32e40p_top/core_i/ex_stage_i/alu_i/alu_div_i/BReg_DP_reg_8_

  Ref  DFF        Ref:/WORK/cv32e40p_top/core_i/ex_stage_i/alu_i/alu_div_i/BReg_DP_reg[9]
  Impl DFF        Imp:/WORK/cv32e40p_top/core_i/ex_stage_i/alu_i/alu_div_i/BReg_DP_reg_9_

  Ref  DFF        Ref:/WORK/cv32e40p_top/core_i/ex_stage_i/alu_i/alu_div_i/Cnt_DP_reg[0]
  Impl DFF        Imp:/WORK/cv32e40p_top/core_i/ex_stage_i/alu_i/alu_div_i/Cnt_DP_reg_0_

  Ref  DFF        Ref:/WORK/cv32e40p_top/core_i/ex_stage_i/alu_i/alu_div_i/Cnt_DP_reg[1]
  Impl DFF        Imp:/WORK/cv32e40p_top/core_i/ex_stage_i/alu_i/alu_div_i/Cnt_DP_reg_1_

  Ref  DFF        Ref:/WORK/cv32e40p_top/core_i/ex_stage_i/alu_i/alu_div_i/Cnt_DP_reg[2]
  Impl DFF        Imp:/WORK/cv32e40p_top/core_i/ex_stage_i/alu_i/alu_div_i/Cnt_DP_reg_2_

  Ref  DFF        Ref:/WORK/cv32e40p_top/core_i/ex_stage_i/alu_i/alu_div_i/Cnt_DP_reg[3]
  Impl DFF        Imp:/WORK/cv32e40p_top/core_i/ex_stage_i/alu_i/alu_div_i/Cnt_DP_reg_3_

  Ref  DFF        Ref:/WORK/cv32e40p_top/core_i/ex_stage_i/alu_i/alu_div_i/Cnt_DP_reg[4]
  Impl DFF        Imp:/WORK/cv32e40p_top/core_i/ex_stage_i/alu_i/alu_div_i/Cnt_DP_reg_4_

  Ref  DFF        Ref:/WORK/cv32e40p_top/core_i/ex_stage_i/alu_i/alu_div_i/Cnt_DP_reg[5]
  Impl DFF        Imp:/WORK/cv32e40p_top/core_i/ex_stage_i/alu_i/alu_div_i/Cnt_DP_reg_5_

  Ref  DFF        Ref:/WORK/cv32e40p_top/core_i/ex_stage_i/alu_i/alu_div_i/CompInv_SP_reg
  Impl DFF        Imp:/WORK/cv32e40p_top/core_i/ex_stage_i/alu_i/alu_div_i/CompInv_SP_reg

  Ref  DFF        Ref:/WORK/cv32e40p_top/core_i/ex_stage_i/alu_i/alu_div_i/RemSel_SP_reg
  Impl DFF        Imp:/WORK/cv32e40p_top/core_i/ex_stage_i/alu_i/alu_div_i/RemSel_SP_reg

  Ref  DFF        Ref:/WORK/cv32e40p_top/core_i/ex_stage_i/alu_i/alu_div_i/ResInv_SP_reg
  Impl DFF        Imp:/WORK/cv32e40p_top/core_i/ex_stage_i/alu_i/alu_div_i/ResInv_SP_reg

  Ref  DFF        Ref:/WORK/cv32e40p_top/core_i/ex_stage_i/alu_i/alu_div_i/ResReg_DP_reg[0]
  Impl DFF        Imp:/WORK/cv32e40p_top/core_i/ex_stage_i/alu_i/alu_div_i/ResReg_DP_reg_0_

  Ref  DFF        Ref:/WORK/cv32e40p_top/core_i/ex_stage_i/alu_i/alu_div_i/ResReg_DP_reg[10]
  Impl DFF        Imp:/WORK/cv32e40p_top/core_i/ex_stage_i/alu_i/alu_div_i/ResReg_DP_reg_10_

  Ref  DFF        Ref:/WORK/cv32e40p_top/core_i/ex_stage_i/alu_i/alu_div_i/ResReg_DP_reg[11]
  Impl DFF        Imp:/WORK/cv32e40p_top/core_i/ex_stage_i/alu_i/alu_div_i/ResReg_DP_reg_11_

  Ref  DFF        Ref:/WORK/cv32e40p_top/core_i/ex_stage_i/alu_i/alu_div_i/ResReg_DP_reg[12]
  Impl DFF        Imp:/WORK/cv32e40p_top/core_i/ex_stage_i/alu_i/alu_div_i/ResReg_DP_reg_12_

  Ref  DFF        Ref:/WORK/cv32e40p_top/core_i/ex_stage_i/alu_i/alu_div_i/ResReg_DP_reg[13]
  Impl DFF        Imp:/WORK/cv32e40p_top/core_i/ex_stage_i/alu_i/alu_div_i/ResReg_DP_reg_13_

  Ref  DFF        Ref:/WORK/cv32e40p_top/core_i/ex_stage_i/alu_i/alu_div_i/ResReg_DP_reg[14]
  Impl DFF        Imp:/WORK/cv32e40p_top/core_i/ex_stage_i/alu_i/alu_div_i/ResReg_DP_reg_14_

  Ref  DFF        Ref:/WORK/cv32e40p_top/core_i/ex_stage_i/alu_i/alu_div_i/ResReg_DP_reg[15]
  Impl DFF        Imp:/WORK/cv32e40p_top/core_i/ex_stage_i/alu_i/alu_div_i/ResReg_DP_reg_15_

  Ref  DFF        Ref:/WORK/cv32e40p_top/core_i/ex_stage_i/alu_i/alu_div_i/ResReg_DP_reg[16]
  Impl DFF        Imp:/WORK/cv32e40p_top/core_i/ex_stage_i/alu_i/alu_div_i/ResReg_DP_reg_16_

  Ref  DFF        Ref:/WORK/cv32e40p_top/core_i/ex_stage_i/alu_i/alu_div_i/ResReg_DP_reg[17]
  Impl DFF        Imp:/WORK/cv32e40p_top/core_i/ex_stage_i/alu_i/alu_div_i/ResReg_DP_reg_17_

  Ref  DFF        Ref:/WORK/cv32e40p_top/core_i/ex_stage_i/alu_i/alu_div_i/ResReg_DP_reg[18]
  Impl DFF        Imp:/WORK/cv32e40p_top/core_i/ex_stage_i/alu_i/alu_div_i/ResReg_DP_reg_18_

  Ref  DFF        Ref:/WORK/cv32e40p_top/core_i/ex_stage_i/alu_i/alu_div_i/ResReg_DP_reg[19]
  Impl DFF        Imp:/WORK/cv32e40p_top/core_i/ex_stage_i/alu_i/alu_div_i/ResReg_DP_reg_19_

  Ref  DFF        Ref:/WORK/cv32e40p_top/core_i/ex_stage_i/alu_i/alu_div_i/ResReg_DP_reg[1]
  Impl DFF        Imp:/WORK/cv32e40p_top/core_i/ex_stage_i/alu_i/alu_div_i/ResReg_DP_reg_1_

  Ref  DFF        Ref:/WORK/cv32e40p_top/core_i/ex_stage_i/alu_i/alu_div_i/ResReg_DP_reg[20]
  Impl DFF        Imp:/WORK/cv32e40p_top/core_i/ex_stage_i/alu_i/alu_div_i/ResReg_DP_reg_20_

  Ref  DFF        Ref:/WORK/cv32e40p_top/core_i/ex_stage_i/alu_i/alu_div_i/ResReg_DP_reg[21]
  Impl DFF        Imp:/WORK/cv32e40p_top/core_i/ex_stage_i/alu_i/alu_div_i/ResReg_DP_reg_21_

  Ref  DFF        Ref:/WORK/cv32e40p_top/core_i/ex_stage_i/alu_i/alu_div_i/ResReg_DP_reg[22]
  Impl DFF        Imp:/WORK/cv32e40p_top/core_i/ex_stage_i/alu_i/alu_div_i/ResReg_DP_reg_22_

  Ref  DFF        Ref:/WORK/cv32e40p_top/core_i/ex_stage_i/alu_i/alu_div_i/ResReg_DP_reg[23]
  Impl DFF        Imp:/WORK/cv32e40p_top/core_i/ex_stage_i/alu_i/alu_div_i/ResReg_DP_reg_23_

  Ref  DFF        Ref:/WORK/cv32e40p_top/core_i/ex_stage_i/alu_i/alu_div_i/ResReg_DP_reg[24]
  Impl DFF        Imp:/WORK/cv32e40p_top/core_i/ex_stage_i/alu_i/alu_div_i/ResReg_DP_reg_24_

  Ref  DFF        Ref:/WORK/cv32e40p_top/core_i/ex_stage_i/alu_i/alu_div_i/ResReg_DP_reg[25]
  Impl DFF        Imp:/WORK/cv32e40p_top/core_i/ex_stage_i/alu_i/alu_div_i/ResReg_DP_reg_25_

  Ref  DFF        Ref:/WORK/cv32e40p_top/core_i/ex_stage_i/alu_i/alu_div_i/ResReg_DP_reg[26]
  Impl DFF        Imp:/WORK/cv32e40p_top/core_i/ex_stage_i/alu_i/alu_div_i/ResReg_DP_reg_26_

  Ref  DFF        Ref:/WORK/cv32e40p_top/core_i/ex_stage_i/alu_i/alu_div_i/ResReg_DP_reg[27]
  Impl DFF        Imp:/WORK/cv32e40p_top/core_i/ex_stage_i/alu_i/alu_div_i/ResReg_DP_reg_27_

  Ref  DFF        Ref:/WORK/cv32e40p_top/core_i/ex_stage_i/alu_i/alu_div_i/ResReg_DP_reg[28]
  Impl DFF        Imp:/WORK/cv32e40p_top/core_i/ex_stage_i/alu_i/alu_div_i/ResReg_DP_reg_28_

  Ref  DFF        Ref:/WORK/cv32e40p_top/core_i/ex_stage_i/alu_i/alu_div_i/ResReg_DP_reg[29]
  Impl DFF        Imp:/WORK/cv32e40p_top/core_i/ex_stage_i/alu_i/alu_div_i/ResReg_DP_reg_29_

  Ref  DFF        Ref:/WORK/cv32e40p_top/core_i/ex_stage_i/alu_i/alu_div_i/ResReg_DP_reg[2]
  Impl DFF        Imp:/WORK/cv32e40p_top/core_i/ex_stage_i/alu_i/alu_div_i/ResReg_DP_reg_2_

  Ref  DFF        Ref:/WORK/cv32e40p_top/core_i/ex_stage_i/alu_i/alu_div_i/ResReg_DP_reg[30]
  Impl DFF        Imp:/WORK/cv32e40p_top/core_i/ex_stage_i/alu_i/alu_div_i/ResReg_DP_reg_30_

  Ref  DFF        Ref:/WORK/cv32e40p_top/core_i/ex_stage_i/alu_i/alu_div_i/ResReg_DP_reg[31]
  Impl DFF        Imp:/WORK/cv32e40p_top/core_i/ex_stage_i/alu_i/alu_div_i/ResReg_DP_reg_31_

  Ref  DFF        Ref:/WORK/cv32e40p_top/core_i/ex_stage_i/alu_i/alu_div_i/ResReg_DP_reg[3]
  Impl DFF        Imp:/WORK/cv32e40p_top/core_i/ex_stage_i/alu_i/alu_div_i/ResReg_DP_reg_3_

  Ref  DFF        Ref:/WORK/cv32e40p_top/core_i/ex_stage_i/alu_i/alu_div_i/ResReg_DP_reg[4]
  Impl DFF        Imp:/WORK/cv32e40p_top/core_i/ex_stage_i/alu_i/alu_div_i/ResReg_DP_reg_4_

  Ref  DFF        Ref:/WORK/cv32e40p_top/core_i/ex_stage_i/alu_i/alu_div_i/ResReg_DP_reg[5]
  Impl DFF        Imp:/WORK/cv32e40p_top/core_i/ex_stage_i/alu_i/alu_div_i/ResReg_DP_reg_5_

  Ref  DFF        Ref:/WORK/cv32e40p_top/core_i/ex_stage_i/alu_i/alu_div_i/ResReg_DP_reg[6]
  Impl DFF        Imp:/WORK/cv32e40p_top/core_i/ex_stage_i/alu_i/alu_div_i/ResReg_DP_reg_6_

  Ref  DFF        Ref:/WORK/cv32e40p_top/core_i/ex_stage_i/alu_i/alu_div_i/ResReg_DP_reg[7]
  Impl DFF        Imp:/WORK/cv32e40p_top/core_i/ex_stage_i/alu_i/alu_div_i/ResReg_DP_reg_7_

  Ref  DFF        Ref:/WORK/cv32e40p_top/core_i/ex_stage_i/alu_i/alu_div_i/ResReg_DP_reg[8]
  Impl DFF        Imp:/WORK/cv32e40p_top/core_i/ex_stage_i/alu_i/alu_div_i/ResReg_DP_reg_8_

  Ref  DFF        Ref:/WORK/cv32e40p_top/core_i/ex_stage_i/alu_i/alu_div_i/ResReg_DP_reg[9]
  Impl DFF        Imp:/WORK/cv32e40p_top/core_i/ex_stage_i/alu_i/alu_div_i/ResReg_DP_reg_9_

  Ref  DFF        Ref:/WORK/cv32e40p_top/core_i/ex_stage_i/alu_i/alu_div_i/State_SP_reg[0]
  Impl DFF        Imp:/WORK/cv32e40p_top/core_i/ex_stage_i/alu_i/alu_div_i/State_SP_reg_0_

  Ref  DFF        Ref:/WORK/cv32e40p_top/core_i/ex_stage_i/alu_i/alu_div_i/State_SP_reg[1]
  Impl DFF        Imp:/WORK/cv32e40p_top/core_i/ex_stage_i/alu_i/alu_div_i/State_SP_reg_1_

  Ref  DFF        Ref:/WORK/cv32e40p_top/core_i/ex_stage_i/mult_i/mulh_CS_reg[0]
  Impl DFF        Imp:/WORK/cv32e40p_top/core_i/ex_stage_i/mult_i/mulh_CS_reg_0_

  Ref  DFF        Ref:/WORK/cv32e40p_top/core_i/ex_stage_i/mult_i/mulh_CS_reg[1]
  Impl DFF        Imp:/WORK/cv32e40p_top/core_i/ex_stage_i/mult_i/mulh_CS_reg_1_

  Ref  DFF        Ref:/WORK/cv32e40p_top/core_i/ex_stage_i/mult_i/mulh_CS_reg[2]
  Impl DFF        Imp:/WORK/cv32e40p_top/core_i/ex_stage_i/mult_i/mulh_CS_reg_2_

  Ref  DFF        Ref:/WORK/cv32e40p_top/core_i/ex_stage_i/mult_i/mulh_carry_q_reg
  Impl DFF        Imp:/WORK/cv32e40p_top/core_i/ex_stage_i/mult_i/mulh_carry_q_reg

  Ref  DFF        Ref:/WORK/cv32e40p_top/core_i/ex_stage_i/regfile_waddr_lsu_reg[0]
  Impl DFF        Imp:/WORK/cv32e40p_top/core_i/ex_stage_i/regfile_waddr_lsu_reg_0_

  Ref  DFF        Ref:/WORK/cv32e40p_top/core_i/ex_stage_i/regfile_waddr_lsu_reg[1]
  Impl DFF        Imp:/WORK/cv32e40p_top/core_i/ex_stage_i/regfile_waddr_lsu_reg_1_

  Ref  DFF        Ref:/WORK/cv32e40p_top/core_i/ex_stage_i/regfile_waddr_lsu_reg[2]
  Impl DFF        Imp:/WORK/cv32e40p_top/core_i/ex_stage_i/regfile_waddr_lsu_reg_2_

  Ref  DFF        Ref:/WORK/cv32e40p_top/core_i/ex_stage_i/regfile_waddr_lsu_reg[3]
  Impl DFF        Imp:/WORK/cv32e40p_top/core_i/ex_stage_i/regfile_waddr_lsu_reg_3_

  Ref  DFF        Ref:/WORK/cv32e40p_top/core_i/ex_stage_i/regfile_waddr_lsu_reg[4]
  Impl DFF        Imp:/WORK/cv32e40p_top/core_i/ex_stage_i/regfile_waddr_lsu_reg_4_

  Ref  DFF        Ref:/WORK/cv32e40p_top/core_i/ex_stage_i/regfile_we_lsu_reg
  Impl DFF        Imp:/WORK/cv32e40p_top/core_i/ex_stage_i/regfile_we_lsu_reg

  Ref  DFF        Ref:/WORK/cv32e40p_top/core_i/id_stage_i/alu_en_ex_o_reg
  Impl DFF        Imp:/WORK/cv32e40p_top/core_i/id_stage_i/alu_en_ex_o_reg

  Ref  DFF        Ref:/WORK/cv32e40p_top/core_i/id_stage_i/alu_operand_a_ex_o_reg[0]
  Impl DFF        Imp:/WORK/cv32e40p_top/core_i/id_stage_i/alu_operand_a_ex_o_reg_0_

  Ref  DFF        Ref:/WORK/cv32e40p_top/core_i/id_stage_i/alu_operand_a_ex_o_reg[10]
  Impl DFF        Imp:/WORK/cv32e40p_top/core_i/id_stage_i/alu_operand_a_ex_o_reg_10_

  Ref  DFF        Ref:/WORK/cv32e40p_top/core_i/id_stage_i/alu_operand_a_ex_o_reg[11]
  Impl DFF        Imp:/WORK/cv32e40p_top/core_i/id_stage_i/alu_operand_a_ex_o_reg_11_

  Ref  DFF        Ref:/WORK/cv32e40p_top/core_i/id_stage_i/alu_operand_a_ex_o_reg[12]
  Impl DFF        Imp:/WORK/cv32e40p_top/core_i/id_stage_i/alu_operand_a_ex_o_reg_12_

  Ref  DFF        Ref:/WORK/cv32e40p_top/core_i/id_stage_i/alu_operand_a_ex_o_reg[13]
  Impl DFF        Imp:/WORK/cv32e40p_top/core_i/id_stage_i/alu_operand_a_ex_o_reg_13_

  Ref  DFF        Ref:/WORK/cv32e40p_top/core_i/id_stage_i/alu_operand_a_ex_o_reg[14]
  Impl DFF        Imp:/WORK/cv32e40p_top/core_i/id_stage_i/alu_operand_a_ex_o_reg_14_

  Ref  DFF        Ref:/WORK/cv32e40p_top/core_i/id_stage_i/alu_operand_a_ex_o_reg[15]
  Impl DFF        Imp:/WORK/cv32e40p_top/core_i/id_stage_i/alu_operand_a_ex_o_reg_15_

  Ref  DFF        Ref:/WORK/cv32e40p_top/core_i/id_stage_i/alu_operand_a_ex_o_reg[16]
  Impl DFF        Imp:/WORK/cv32e40p_top/core_i/id_stage_i/alu_operand_a_ex_o_reg_16_

  Ref  DFF        Ref:/WORK/cv32e40p_top/core_i/id_stage_i/alu_operand_a_ex_o_reg[17]
  Impl DFF        Imp:/WORK/cv32e40p_top/core_i/id_stage_i/alu_operand_a_ex_o_reg_17_

  Ref  DFF        Ref:/WORK/cv32e40p_top/core_i/id_stage_i/alu_operand_a_ex_o_reg[18]
  Impl DFF        Imp:/WORK/cv32e40p_top/core_i/id_stage_i/alu_operand_a_ex_o_reg_18_

  Ref  DFF        Ref:/WORK/cv32e40p_top/core_i/id_stage_i/alu_operand_a_ex_o_reg[19]
  Impl DFF        Imp:/WORK/cv32e40p_top/core_i/id_stage_i/alu_operand_a_ex_o_reg_19_

  Ref  DFF        Ref:/WORK/cv32e40p_top/core_i/id_stage_i/alu_operand_a_ex_o_reg[1]
  Impl DFF        Imp:/WORK/cv32e40p_top/core_i/id_stage_i/alu_operand_a_ex_o_reg_1_

  Ref  DFF        Ref:/WORK/cv32e40p_top/core_i/id_stage_i/alu_operand_a_ex_o_reg[20]
  Impl DFF        Imp:/WORK/cv32e40p_top/core_i/id_stage_i/alu_operand_a_ex_o_reg_20_

  Ref  DFF        Ref:/WORK/cv32e40p_top/core_i/id_stage_i/alu_operand_a_ex_o_reg[21]
  Impl DFF        Imp:/WORK/cv32e40p_top/core_i/id_stage_i/alu_operand_a_ex_o_reg_21_

  Ref  DFF        Ref:/WORK/cv32e40p_top/core_i/id_stage_i/alu_operand_a_ex_o_reg[22]
  Impl DFF        Imp:/WORK/cv32e40p_top/core_i/id_stage_i/alu_operand_a_ex_o_reg_22_

  Ref  DFF        Ref:/WORK/cv32e40p_top/core_i/id_stage_i/alu_operand_a_ex_o_reg[23]
  Impl DFF        Imp:/WORK/cv32e40p_top/core_i/id_stage_i/alu_operand_a_ex_o_reg_23_

  Ref  DFF        Ref:/WORK/cv32e40p_top/core_i/id_stage_i/alu_operand_a_ex_o_reg[24]
  Impl DFF        Imp:/WORK/cv32e40p_top/core_i/id_stage_i/alu_operand_a_ex_o_reg_24_

  Ref  DFF        Ref:/WORK/cv32e40p_top/core_i/id_stage_i/alu_operand_a_ex_o_reg[25]
  Impl DFF        Imp:/WORK/cv32e40p_top/core_i/id_stage_i/alu_operand_a_ex_o_reg_25_

  Ref  DFF        Ref:/WORK/cv32e40p_top/core_i/id_stage_i/alu_operand_a_ex_o_reg[26]
  Impl DFF        Imp:/WORK/cv32e40p_top/core_i/id_stage_i/alu_operand_a_ex_o_reg_26_

  Ref  DFF        Ref:/WORK/cv32e40p_top/core_i/id_stage_i/alu_operand_a_ex_o_reg[27]
  Impl DFF        Imp:/WORK/cv32e40p_top/core_i/id_stage_i/alu_operand_a_ex_o_reg_27_

  Ref  DFF        Ref:/WORK/cv32e40p_top/core_i/id_stage_i/alu_operand_a_ex_o_reg[28]
  Impl DFF        Imp:/WORK/cv32e40p_top/core_i/id_stage_i/alu_operand_a_ex_o_reg_28_

  Ref  DFF        Ref:/WORK/cv32e40p_top/core_i/id_stage_i/alu_operand_a_ex_o_reg[29]
  Impl DFF        Imp:/WORK/cv32e40p_top/core_i/id_stage_i/alu_operand_a_ex_o_reg_29_

  Ref  DFF        Ref:/WORK/cv32e40p_top/core_i/id_stage_i/alu_operand_a_ex_o_reg[2]
  Impl DFF        Imp:/WORK/cv32e40p_top/core_i/id_stage_i/alu_operand_a_ex_o_reg_2_

  Ref  DFF        Ref:/WORK/cv32e40p_top/core_i/id_stage_i/alu_operand_a_ex_o_reg[30]
  Impl DFF        Imp:/WORK/cv32e40p_top/core_i/id_stage_i/alu_operand_a_ex_o_reg_30_

  Ref  DFF        Ref:/WORK/cv32e40p_top/core_i/id_stage_i/alu_operand_a_ex_o_reg[31]
  Impl DFF        Imp:/WORK/cv32e40p_top/core_i/id_stage_i/alu_operand_a_ex_o_reg_31_

  Ref  DFF        Ref:/WORK/cv32e40p_top/core_i/id_stage_i/alu_operand_a_ex_o_reg[3]
  Impl DFF        Imp:/WORK/cv32e40p_top/core_i/id_stage_i/alu_operand_a_ex_o_reg_3_

  Ref  DFF        Ref:/WORK/cv32e40p_top/core_i/id_stage_i/alu_operand_a_ex_o_reg[4]
  Impl DFF        Imp:/WORK/cv32e40p_top/core_i/id_stage_i/alu_operand_a_ex_o_reg_4_

  Ref  DFF        Ref:/WORK/cv32e40p_top/core_i/id_stage_i/alu_operand_a_ex_o_reg[5]
  Impl DFF        Imp:/WORK/cv32e40p_top/core_i/id_stage_i/alu_operand_a_ex_o_reg_5_

  Ref  DFF        Ref:/WORK/cv32e40p_top/core_i/id_stage_i/alu_operand_a_ex_o_reg[6]
  Impl DFF        Imp:/WORK/cv32e40p_top/core_i/id_stage_i/alu_operand_a_ex_o_reg_6_

  Ref  DFF        Ref:/WORK/cv32e40p_top/core_i/id_stage_i/alu_operand_a_ex_o_reg[7]
  Impl DFF        Imp:/WORK/cv32e40p_top/core_i/id_stage_i/alu_operand_a_ex_o_reg_7_

  Ref  DFF        Ref:/WORK/cv32e40p_top/core_i/id_stage_i/alu_operand_a_ex_o_reg[8]
  Impl DFF        Imp:/WORK/cv32e40p_top/core_i/id_stage_i/alu_operand_a_ex_o_reg_8_

  Ref  DFF        Ref:/WORK/cv32e40p_top/core_i/id_stage_i/alu_operand_a_ex_o_reg[9]
  Impl DFF        Imp:/WORK/cv32e40p_top/core_i/id_stage_i/alu_operand_a_ex_o_reg_9_

  Ref  DFF        Ref:/WORK/cv32e40p_top/core_i/id_stage_i/alu_operand_b_ex_o_reg[0]
  Impl DFF        Imp:/WORK/cv32e40p_top/core_i/id_stage_i/alu_operand_b_ex_o_reg_0_

  Ref  DFF        Ref:/WORK/cv32e40p_top/core_i/id_stage_i/alu_operand_b_ex_o_reg[10]
  Impl DFF        Imp:/WORK/cv32e40p_top/core_i/id_stage_i/alu_operand_b_ex_o_reg_10_

  Ref  DFF        Ref:/WORK/cv32e40p_top/core_i/id_stage_i/alu_operand_b_ex_o_reg[11]
  Impl DFF        Imp:/WORK/cv32e40p_top/core_i/id_stage_i/alu_operand_b_ex_o_reg_11_

  Ref  DFF        Ref:/WORK/cv32e40p_top/core_i/id_stage_i/alu_operand_b_ex_o_reg[12]
  Impl DFF        Imp:/WORK/cv32e40p_top/core_i/id_stage_i/alu_operand_b_ex_o_reg_12_

  Ref  DFF        Ref:/WORK/cv32e40p_top/core_i/id_stage_i/alu_operand_b_ex_o_reg[13]
  Impl DFF        Imp:/WORK/cv32e40p_top/core_i/id_stage_i/alu_operand_b_ex_o_reg_13_

  Ref  DFF        Ref:/WORK/cv32e40p_top/core_i/id_stage_i/alu_operand_b_ex_o_reg[14]
  Impl DFF        Imp:/WORK/cv32e40p_top/core_i/id_stage_i/alu_operand_b_ex_o_reg_14_

  Ref  DFF        Ref:/WORK/cv32e40p_top/core_i/id_stage_i/alu_operand_b_ex_o_reg[15]
  Impl DFF        Imp:/WORK/cv32e40p_top/core_i/id_stage_i/alu_operand_b_ex_o_reg_15_

  Ref  DFF        Ref:/WORK/cv32e40p_top/core_i/id_stage_i/alu_operand_b_ex_o_reg[16]
  Impl DFF        Imp:/WORK/cv32e40p_top/core_i/id_stage_i/alu_operand_b_ex_o_reg_16_

  Ref  DFF        Ref:/WORK/cv32e40p_top/core_i/id_stage_i/alu_operand_b_ex_o_reg[17]
  Impl DFF        Imp:/WORK/cv32e40p_top/core_i/id_stage_i/alu_operand_b_ex_o_reg_17_

  Ref  DFF        Ref:/WORK/cv32e40p_top/core_i/id_stage_i/alu_operand_b_ex_o_reg[18]
  Impl DFF        Imp:/WORK/cv32e40p_top/core_i/id_stage_i/alu_operand_b_ex_o_reg_18_

  Ref  DFF        Ref:/WORK/cv32e40p_top/core_i/id_stage_i/alu_operand_b_ex_o_reg[19]
  Impl DFF        Imp:/WORK/cv32e40p_top/core_i/id_stage_i/alu_operand_b_ex_o_reg_19_

  Ref  DFF        Ref:/WORK/cv32e40p_top/core_i/id_stage_i/alu_operand_b_ex_o_reg[1]
  Impl DFF        Imp:/WORK/cv32e40p_top/core_i/id_stage_i/alu_operand_b_ex_o_reg_1_

  Ref  DFF        Ref:/WORK/cv32e40p_top/core_i/id_stage_i/alu_operand_b_ex_o_reg[20]
  Impl DFF        Imp:/WORK/cv32e40p_top/core_i/id_stage_i/alu_operand_b_ex_o_reg_20_

  Ref  DFF        Ref:/WORK/cv32e40p_top/core_i/id_stage_i/alu_operand_b_ex_o_reg[21]
  Impl DFF        Imp:/WORK/cv32e40p_top/core_i/id_stage_i/alu_operand_b_ex_o_reg_21_

  Ref  DFF        Ref:/WORK/cv32e40p_top/core_i/id_stage_i/alu_operand_b_ex_o_reg[22]
  Impl DFF        Imp:/WORK/cv32e40p_top/core_i/id_stage_i/alu_operand_b_ex_o_reg_22_

  Ref  DFF        Ref:/WORK/cv32e40p_top/core_i/id_stage_i/alu_operand_b_ex_o_reg[23]
  Impl DFF        Imp:/WORK/cv32e40p_top/core_i/id_stage_i/alu_operand_b_ex_o_reg_23_

  Ref  DFF        Ref:/WORK/cv32e40p_top/core_i/id_stage_i/alu_operand_b_ex_o_reg[24]
  Impl DFF        Imp:/WORK/cv32e40p_top/core_i/id_stage_i/alu_operand_b_ex_o_reg_24_

  Ref  DFF        Ref:/WORK/cv32e40p_top/core_i/id_stage_i/alu_operand_b_ex_o_reg[25]
  Impl DFF        Imp:/WORK/cv32e40p_top/core_i/id_stage_i/alu_operand_b_ex_o_reg_25_

  Ref  DFF        Ref:/WORK/cv32e40p_top/core_i/id_stage_i/alu_operand_b_ex_o_reg[26]
  Impl DFF        Imp:/WORK/cv32e40p_top/core_i/id_stage_i/alu_operand_b_ex_o_reg_26_

  Ref  DFF        Ref:/WORK/cv32e40p_top/core_i/id_stage_i/alu_operand_b_ex_o_reg[27]
  Impl DFF        Imp:/WORK/cv32e40p_top/core_i/id_stage_i/alu_operand_b_ex_o_reg_27_

  Ref  DFF        Ref:/WORK/cv32e40p_top/core_i/id_stage_i/alu_operand_b_ex_o_reg[28]
  Impl DFF        Imp:/WORK/cv32e40p_top/core_i/id_stage_i/alu_operand_b_ex_o_reg_28_

  Ref  DFF        Ref:/WORK/cv32e40p_top/core_i/id_stage_i/alu_operand_b_ex_o_reg[29]
  Impl DFF        Imp:/WORK/cv32e40p_top/core_i/id_stage_i/alu_operand_b_ex_o_reg_29_

  Ref  DFF        Ref:/WORK/cv32e40p_top/core_i/id_stage_i/alu_operand_b_ex_o_reg[2]
  Impl DFF        Imp:/WORK/cv32e40p_top/core_i/id_stage_i/alu_operand_b_ex_o_reg_2_

  Ref  DFF        Ref:/WORK/cv32e40p_top/core_i/id_stage_i/alu_operand_b_ex_o_reg[30]
  Impl DFF        Imp:/WORK/cv32e40p_top/core_i/id_stage_i/alu_operand_b_ex_o_reg_30_

  Ref  DFF        Ref:/WORK/cv32e40p_top/core_i/id_stage_i/alu_operand_b_ex_o_reg[31]
  Impl DFF        Imp:/WORK/cv32e40p_top/core_i/id_stage_i/alu_operand_b_ex_o_reg_31_

  Ref  DFF        Ref:/WORK/cv32e40p_top/core_i/id_stage_i/alu_operand_b_ex_o_reg[3]
  Impl DFF        Imp:/WORK/cv32e40p_top/core_i/id_stage_i/alu_operand_b_ex_o_reg_3_

  Ref  DFF        Ref:/WORK/cv32e40p_top/core_i/id_stage_i/alu_operand_b_ex_o_reg[4]
  Impl DFF        Imp:/WORK/cv32e40p_top/core_i/id_stage_i/alu_operand_b_ex_o_reg_4_

  Ref  DFF        Ref:/WORK/cv32e40p_top/core_i/id_stage_i/alu_operand_b_ex_o_reg[5]
  Impl DFF        Imp:/WORK/cv32e40p_top/core_i/id_stage_i/alu_operand_b_ex_o_reg_5_

  Ref  DFF        Ref:/WORK/cv32e40p_top/core_i/id_stage_i/alu_operand_b_ex_o_reg[6]
  Impl DFF        Imp:/WORK/cv32e40p_top/core_i/id_stage_i/alu_operand_b_ex_o_reg_6_

  Ref  DFF        Ref:/WORK/cv32e40p_top/core_i/id_stage_i/alu_operand_b_ex_o_reg[7]
  Impl DFF        Imp:/WORK/cv32e40p_top/core_i/id_stage_i/alu_operand_b_ex_o_reg_7_

  Ref  DFF        Ref:/WORK/cv32e40p_top/core_i/id_stage_i/alu_operand_b_ex_o_reg[8]
  Impl DFF        Imp:/WORK/cv32e40p_top/core_i/id_stage_i/alu_operand_b_ex_o_reg_8_

  Ref  DFF        Ref:/WORK/cv32e40p_top/core_i/id_stage_i/alu_operand_b_ex_o_reg[9]
  Impl DFF        Imp:/WORK/cv32e40p_top/core_i/id_stage_i/alu_operand_b_ex_o_reg_9_

  Ref  DFF        Ref:/WORK/cv32e40p_top/core_i/id_stage_i/alu_operand_c_ex_o_reg[0]
  Impl DFF        Imp:/WORK/cv32e40p_top/core_i/id_stage_i/alu_operand_c_ex_o_reg_0_

  Ref  DFF        Ref:/WORK/cv32e40p_top/core_i/id_stage_i/alu_operand_c_ex_o_reg[10]
  Impl DFF        Imp:/WORK/cv32e40p_top/core_i/id_stage_i/alu_operand_c_ex_o_reg_10_

  Ref  DFF        Ref:/WORK/cv32e40p_top/core_i/id_stage_i/alu_operand_c_ex_o_reg[11]
  Impl DFF        Imp:/WORK/cv32e40p_top/core_i/id_stage_i/alu_operand_c_ex_o_reg_11_

  Ref  DFF        Ref:/WORK/cv32e40p_top/core_i/id_stage_i/alu_operand_c_ex_o_reg[12]
  Impl DFF        Imp:/WORK/cv32e40p_top/core_i/id_stage_i/alu_operand_c_ex_o_reg_12_

  Ref  DFF        Ref:/WORK/cv32e40p_top/core_i/id_stage_i/alu_operand_c_ex_o_reg[13]
  Impl DFF        Imp:/WORK/cv32e40p_top/core_i/id_stage_i/alu_operand_c_ex_o_reg_13_

  Ref  DFF        Ref:/WORK/cv32e40p_top/core_i/id_stage_i/alu_operand_c_ex_o_reg[14]
  Impl DFF        Imp:/WORK/cv32e40p_top/core_i/id_stage_i/alu_operand_c_ex_o_reg_14_

  Ref  DFF        Ref:/WORK/cv32e40p_top/core_i/id_stage_i/alu_operand_c_ex_o_reg[15]
  Impl DFF        Imp:/WORK/cv32e40p_top/core_i/id_stage_i/alu_operand_c_ex_o_reg_15_

  Ref  DFF        Ref:/WORK/cv32e40p_top/core_i/id_stage_i/alu_operand_c_ex_o_reg[16]
  Impl DFF        Imp:/WORK/cv32e40p_top/core_i/id_stage_i/alu_operand_c_ex_o_reg_16_

  Ref  DFF        Ref:/WORK/cv32e40p_top/core_i/id_stage_i/alu_operand_c_ex_o_reg[17]
  Impl DFF        Imp:/WORK/cv32e40p_top/core_i/id_stage_i/alu_operand_c_ex_o_reg_17_

  Ref  DFF        Ref:/WORK/cv32e40p_top/core_i/id_stage_i/alu_operand_c_ex_o_reg[18]
  Impl DFF        Imp:/WORK/cv32e40p_top/core_i/id_stage_i/alu_operand_c_ex_o_reg_18_

  Ref  DFF        Ref:/WORK/cv32e40p_top/core_i/id_stage_i/alu_operand_c_ex_o_reg[19]
  Impl DFF        Imp:/WORK/cv32e40p_top/core_i/id_stage_i/alu_operand_c_ex_o_reg_19_

  Ref  DFF        Ref:/WORK/cv32e40p_top/core_i/id_stage_i/alu_operand_c_ex_o_reg[1]
  Impl DFF        Imp:/WORK/cv32e40p_top/core_i/id_stage_i/alu_operand_c_ex_o_reg_1_

  Ref  DFF        Ref:/WORK/cv32e40p_top/core_i/id_stage_i/alu_operand_c_ex_o_reg[20]
  Impl DFF        Imp:/WORK/cv32e40p_top/core_i/id_stage_i/alu_operand_c_ex_o_reg_20_

  Ref  DFF        Ref:/WORK/cv32e40p_top/core_i/id_stage_i/alu_operand_c_ex_o_reg[21]
  Impl DFF        Imp:/WORK/cv32e40p_top/core_i/id_stage_i/alu_operand_c_ex_o_reg_21_

  Ref  DFF        Ref:/WORK/cv32e40p_top/core_i/id_stage_i/alu_operand_c_ex_o_reg[22]
  Impl DFF        Imp:/WORK/cv32e40p_top/core_i/id_stage_i/alu_operand_c_ex_o_reg_22_

  Ref  DFF        Ref:/WORK/cv32e40p_top/core_i/id_stage_i/alu_operand_c_ex_o_reg[23]
  Impl DFF        Imp:/WORK/cv32e40p_top/core_i/id_stage_i/alu_operand_c_ex_o_reg_23_

  Ref  DFF        Ref:/WORK/cv32e40p_top/core_i/id_stage_i/alu_operand_c_ex_o_reg[24]
  Impl DFF        Imp:/WORK/cv32e40p_top/core_i/id_stage_i/alu_operand_c_ex_o_reg_24_

  Ref  DFF        Ref:/WORK/cv32e40p_top/core_i/id_stage_i/alu_operand_c_ex_o_reg[25]
  Impl DFF        Imp:/WORK/cv32e40p_top/core_i/id_stage_i/alu_operand_c_ex_o_reg_25_

  Ref  DFF        Ref:/WORK/cv32e40p_top/core_i/id_stage_i/alu_operand_c_ex_o_reg[26]
  Impl DFF        Imp:/WORK/cv32e40p_top/core_i/id_stage_i/alu_operand_c_ex_o_reg_26_

  Ref  DFF        Ref:/WORK/cv32e40p_top/core_i/id_stage_i/alu_operand_c_ex_o_reg[27]
  Impl DFF        Imp:/WORK/cv32e40p_top/core_i/id_stage_i/alu_operand_c_ex_o_reg_27_

  Ref  DFF        Ref:/WORK/cv32e40p_top/core_i/id_stage_i/alu_operand_c_ex_o_reg[28]
  Impl DFF        Imp:/WORK/cv32e40p_top/core_i/id_stage_i/alu_operand_c_ex_o_reg_28_

  Ref  DFF        Ref:/WORK/cv32e40p_top/core_i/id_stage_i/alu_operand_c_ex_o_reg[29]
  Impl DFF        Imp:/WORK/cv32e40p_top/core_i/id_stage_i/alu_operand_c_ex_o_reg_29_

  Ref  DFF        Ref:/WORK/cv32e40p_top/core_i/id_stage_i/alu_operand_c_ex_o_reg[2]
  Impl DFF        Imp:/WORK/cv32e40p_top/core_i/id_stage_i/alu_operand_c_ex_o_reg_2_

  Ref  DFF        Ref:/WORK/cv32e40p_top/core_i/id_stage_i/alu_operand_c_ex_o_reg[30]
  Impl DFF        Imp:/WORK/cv32e40p_top/core_i/id_stage_i/alu_operand_c_ex_o_reg_30_

  Ref  DFF        Ref:/WORK/cv32e40p_top/core_i/id_stage_i/alu_operand_c_ex_o_reg[31]
  Impl DFF        Imp:/WORK/cv32e40p_top/core_i/id_stage_i/alu_operand_c_ex_o_reg_31_

  Ref  DFF        Ref:/WORK/cv32e40p_top/core_i/id_stage_i/alu_operand_c_ex_o_reg[3]
  Impl DFF        Imp:/WORK/cv32e40p_top/core_i/id_stage_i/alu_operand_c_ex_o_reg_3_

  Ref  DFF        Ref:/WORK/cv32e40p_top/core_i/id_stage_i/alu_operand_c_ex_o_reg[4]
  Impl DFF        Imp:/WORK/cv32e40p_top/core_i/id_stage_i/alu_operand_c_ex_o_reg_4_

  Ref  DFF        Ref:/WORK/cv32e40p_top/core_i/id_stage_i/alu_operand_c_ex_o_reg[5]
  Impl DFF        Imp:/WORK/cv32e40p_top/core_i/id_stage_i/alu_operand_c_ex_o_reg_5_

  Ref  DFF        Ref:/WORK/cv32e40p_top/core_i/id_stage_i/alu_operand_c_ex_o_reg[6]
  Impl DFF        Imp:/WORK/cv32e40p_top/core_i/id_stage_i/alu_operand_c_ex_o_reg_6_

  Ref  DFF        Ref:/WORK/cv32e40p_top/core_i/id_stage_i/alu_operand_c_ex_o_reg[7]
  Impl DFF        Imp:/WORK/cv32e40p_top/core_i/id_stage_i/alu_operand_c_ex_o_reg_7_

  Ref  DFF        Ref:/WORK/cv32e40p_top/core_i/id_stage_i/alu_operand_c_ex_o_reg[8]
  Impl DFF        Imp:/WORK/cv32e40p_top/core_i/id_stage_i/alu_operand_c_ex_o_reg_8_

  Ref  DFF        Ref:/WORK/cv32e40p_top/core_i/id_stage_i/alu_operand_c_ex_o_reg[9]
  Impl DFF        Imp:/WORK/cv32e40p_top/core_i/id_stage_i/alu_operand_c_ex_o_reg_9_

  Ref  DFF        Ref:/WORK/cv32e40p_top/core_i/id_stage_i/alu_operator_ex_o_reg[0]
  Impl DFF        Imp:/WORK/cv32e40p_top/core_i/id_stage_i/alu_operator_ex_o_reg_0_

  Ref  DFF        Ref:/WORK/cv32e40p_top/core_i/id_stage_i/alu_operator_ex_o_reg[1]
  Impl DFF        Imp:/WORK/cv32e40p_top/core_i/id_stage_i/alu_operator_ex_o_reg_1_

  Ref  DFF        Ref:/WORK/cv32e40p_top/core_i/id_stage_i/alu_operator_ex_o_reg[2]
  Impl DFF        Imp:/WORK/cv32e40p_top/core_i/id_stage_i/alu_operator_ex_o_reg_2_

  Ref  DFF        Ref:/WORK/cv32e40p_top/core_i/id_stage_i/alu_operator_ex_o_reg[3]
  Impl DFF        Imp:/WORK/cv32e40p_top/core_i/id_stage_i/alu_operator_ex_o_reg_3_

  Ref  DFF        Ref:/WORK/cv32e40p_top/core_i/id_stage_i/alu_operator_ex_o_reg[4]
  Impl DFF        Imp:/WORK/cv32e40p_top/core_i/id_stage_i/alu_operator_ex_o_reg_4_

  Ref  DFF        Ref:/WORK/cv32e40p_top/core_i/id_stage_i/alu_operator_ex_o_reg[5]
  Impl DFF        Imp:/WORK/cv32e40p_top/core_i/id_stage_i/alu_operator_ex_o_reg_5_

  Ref  DFF        Ref:/WORK/cv32e40p_top/core_i/id_stage_i/branch_in_ex_o_reg
  Impl DFF        Imp:/WORK/cv32e40p_top/core_i/id_stage_i/branch_in_ex_o_reg

  Ref  DFF        Ref:/WORK/cv32e40p_top/core_i/id_stage_i/controller_i/ctrl_fsm_cs_reg[0]
  Impl DFF        Imp:/WORK/cv32e40p_top/core_i/id_stage_i/controller_i/ctrl_fsm_cs_reg_0_

  Ref  DFF        Ref:/WORK/cv32e40p_top/core_i/id_stage_i/controller_i/ctrl_fsm_cs_reg[1]
  Impl DFF        Imp:/WORK/cv32e40p_top/core_i/id_stage_i/controller_i/ctrl_fsm_cs_reg_1_

  Ref  DFF        Ref:/WORK/cv32e40p_top/core_i/id_stage_i/controller_i/ctrl_fsm_cs_reg[2]
  Impl DFF        Imp:/WORK/cv32e40p_top/core_i/id_stage_i/controller_i/ctrl_fsm_cs_reg_2_

  Ref  DFF        Ref:/WORK/cv32e40p_top/core_i/id_stage_i/controller_i/ctrl_fsm_cs_reg[3]
  Impl DFF        Imp:/WORK/cv32e40p_top/core_i/id_stage_i/controller_i/ctrl_fsm_cs_reg_3_

  Ref  DFF0X      Ref:/WORK/cv32e40p_top/core_i/id_stage_i/controller_i/ctrl_fsm_cs_reg[4]
  Impl DFF        Imp:/WORK/cv32e40p_top/core_i/id_stage_i/controller_i/ctrl_fsm_cs_reg_4_

  Ref  DFF        Ref:/WORK/cv32e40p_top/core_i/id_stage_i/controller_i/debug_force_wakeup_q_reg
  Impl DFF        Imp:/WORK/cv32e40p_top/core_i/id_stage_i/controller_i/debug_force_wakeup_q_reg

  Ref  DFF        Ref:/WORK/cv32e40p_top/core_i/id_stage_i/controller_i/debug_fsm_cs_reg[0]
  Impl DFF        Imp:/WORK/cv32e40p_top/core_i/id_stage_i/controller_i/debug_fsm_cs_reg_0_

  Ref  DFF        Ref:/WORK/cv32e40p_top/core_i/id_stage_i/controller_i/debug_fsm_cs_reg[1]
  Impl DFF        Imp:/WORK/cv32e40p_top/core_i/id_stage_i/controller_i/debug_fsm_cs_reg_1_

  Ref  DFF        Ref:/WORK/cv32e40p_top/core_i/id_stage_i/controller_i/debug_fsm_cs_reg[2]
  Impl DFF        Imp:/WORK/cv32e40p_top/core_i/id_stage_i/controller_i/debug_fsm_cs_reg_2_

  Ref  DFF        Ref:/WORK/cv32e40p_top/core_i/id_stage_i/controller_i/debug_mode_q_reg
  Impl DFF        Imp:/WORK/cv32e40p_top/core_i/id_stage_i/controller_i/debug_mode_q_reg

  Ref  DFF        Ref:/WORK/cv32e40p_top/core_i/id_stage_i/controller_i/debug_req_entry_q_reg
  Impl DFF        Imp:/WORK/cv32e40p_top/core_i/id_stage_i/controller_i/debug_req_entry_q_reg

  Ref  DFF        Ref:/WORK/cv32e40p_top/core_i/id_stage_i/controller_i/debug_req_q_reg
  Impl DFF        Imp:/WORK/cv32e40p_top/core_i/id_stage_i/controller_i/debug_req_q_reg

  Ref  DFF        Ref:/WORK/cv32e40p_top/core_i/id_stage_i/controller_i/illegal_insn_q_reg
  Impl DFF        Imp:/WORK/cv32e40p_top/core_i/id_stage_i/controller_i/illegal_insn_q_reg

  Ref  DFF        Ref:/WORK/cv32e40p_top/core_i/id_stage_i/controller_i/jump_done_q_reg
  Impl DFF        Imp:/WORK/cv32e40p_top/core_i/id_stage_i/controller_i/jump_done_q_reg

  Ref  DFF        Ref:/WORK/cv32e40p_top/core_i/id_stage_i/csr_access_ex_o_reg
  Impl DFF        Imp:/WORK/cv32e40p_top/core_i/id_stage_i/csr_access_ex_o_reg

  Ref  DFF        Ref:/WORK/cv32e40p_top/core_i/id_stage_i/csr_op_ex_o_reg[0]
  Impl DFF        Imp:/WORK/cv32e40p_top/core_i/id_stage_i/csr_op_ex_o_reg_0_

  Ref  DFF        Ref:/WORK/cv32e40p_top/core_i/id_stage_i/csr_op_ex_o_reg[1]
  Impl DFF        Imp:/WORK/cv32e40p_top/core_i/id_stage_i/csr_op_ex_o_reg_1_

  Ref  DFF        Ref:/WORK/cv32e40p_top/core_i/id_stage_i/data_misaligned_ex_o_reg
  Impl DFF        Imp:/WORK/cv32e40p_top/core_i/id_stage_i/data_misaligned_ex_o_reg

  Ref  DFF        Ref:/WORK/cv32e40p_top/core_i/id_stage_i/data_req_ex_o_reg
  Impl DFF        Imp:/WORK/cv32e40p_top/core_i/id_stage_i/data_req_ex_o_reg

  Ref  DFF        Ref:/WORK/cv32e40p_top/core_i/id_stage_i/data_sign_ext_ex_o_reg[0]
  Impl DFF        Imp:/WORK/cv32e40p_top/core_i/id_stage_i/data_sign_ext_ex_o_reg_0_

  Ref  DFF        Ref:/WORK/cv32e40p_top/core_i/id_stage_i/data_type_ex_o_reg[0]
  Impl DFF        Imp:/WORK/cv32e40p_top/core_i/id_stage_i/data_type_ex_o_reg_0_

  Ref  DFF        Ref:/WORK/cv32e40p_top/core_i/id_stage_i/data_type_ex_o_reg[1]
  Impl DFF        Imp:/WORK/cv32e40p_top/core_i/id_stage_i/data_type_ex_o_reg_1_

  Ref  DFF        Ref:/WORK/cv32e40p_top/core_i/id_stage_i/data_we_ex_o_reg
  Impl DFF        Imp:/WORK/cv32e40p_top/core_i/id_stage_i/data_we_ex_o_reg

  Ref  DFF        Ref:/WORK/cv32e40p_top/core_i/id_stage_i/id_valid_q_reg
  Impl DFF        Imp:/WORK/cv32e40p_top/core_i/id_stage_i/id_valid_q_reg

  Ref  DFF        Ref:/WORK/cv32e40p_top/core_i/id_stage_i/int_controller_i/irq_q_reg[11]
  Impl DFF        Imp:/WORK/cv32e40p_top/core_i/id_stage_i/int_controller_i/irq_q_reg_11_

  Ref  DFF        Ref:/WORK/cv32e40p_top/core_i/id_stage_i/int_controller_i/irq_q_reg[16]
  Impl DFF        Imp:/WORK/cv32e40p_top/core_i/id_stage_i/int_controller_i/irq_q_reg_16_

  Ref  DFF        Ref:/WORK/cv32e40p_top/core_i/id_stage_i/int_controller_i/irq_q_reg[17]
  Impl DFF        Imp:/WORK/cv32e40p_top/core_i/id_stage_i/int_controller_i/irq_q_reg_17_

  Ref  DFF        Ref:/WORK/cv32e40p_top/core_i/id_stage_i/int_controller_i/irq_q_reg[18]
  Impl DFF        Imp:/WORK/cv32e40p_top/core_i/id_stage_i/int_controller_i/irq_q_reg_18_

  Ref  DFF        Ref:/WORK/cv32e40p_top/core_i/id_stage_i/int_controller_i/irq_q_reg[19]
  Impl DFF        Imp:/WORK/cv32e40p_top/core_i/id_stage_i/int_controller_i/irq_q_reg_19_

  Ref  DFF        Ref:/WORK/cv32e40p_top/core_i/id_stage_i/int_controller_i/irq_q_reg[20]
  Impl DFF        Imp:/WORK/cv32e40p_top/core_i/id_stage_i/int_controller_i/irq_q_reg_20_

  Ref  DFF        Ref:/WORK/cv32e40p_top/core_i/id_stage_i/int_controller_i/irq_q_reg[21]
  Impl DFF        Imp:/WORK/cv32e40p_top/core_i/id_stage_i/int_controller_i/irq_q_reg_21_

  Ref  DFF        Ref:/WORK/cv32e40p_top/core_i/id_stage_i/int_controller_i/irq_q_reg[22]
  Impl DFF        Imp:/WORK/cv32e40p_top/core_i/id_stage_i/int_controller_i/irq_q_reg_22_

  Ref  DFF        Ref:/WORK/cv32e40p_top/core_i/id_stage_i/int_controller_i/irq_q_reg[23]
  Impl DFF        Imp:/WORK/cv32e40p_top/core_i/id_stage_i/int_controller_i/irq_q_reg_23_

  Ref  DFF        Ref:/WORK/cv32e40p_top/core_i/id_stage_i/int_controller_i/irq_q_reg[24]
  Impl DFF        Imp:/WORK/cv32e40p_top/core_i/id_stage_i/int_controller_i/irq_q_reg_24_

  Ref  DFF        Ref:/WORK/cv32e40p_top/core_i/id_stage_i/int_controller_i/irq_q_reg[25]
  Impl DFF        Imp:/WORK/cv32e40p_top/core_i/id_stage_i/int_controller_i/irq_q_reg_25_

  Ref  DFF        Ref:/WORK/cv32e40p_top/core_i/id_stage_i/int_controller_i/irq_q_reg[26]
  Impl DFF        Imp:/WORK/cv32e40p_top/core_i/id_stage_i/int_controller_i/irq_q_reg_26_

  Ref  DFF        Ref:/WORK/cv32e40p_top/core_i/id_stage_i/int_controller_i/irq_q_reg[27]
  Impl DFF        Imp:/WORK/cv32e40p_top/core_i/id_stage_i/int_controller_i/irq_q_reg_27_

  Ref  DFF        Ref:/WORK/cv32e40p_top/core_i/id_stage_i/int_controller_i/irq_q_reg[28]
  Impl DFF        Imp:/WORK/cv32e40p_top/core_i/id_stage_i/int_controller_i/irq_q_reg_28_

  Ref  DFF        Ref:/WORK/cv32e40p_top/core_i/id_stage_i/int_controller_i/irq_q_reg[29]
  Impl DFF        Imp:/WORK/cv32e40p_top/core_i/id_stage_i/int_controller_i/irq_q_reg_29_

  Ref  DFF        Ref:/WORK/cv32e40p_top/core_i/id_stage_i/int_controller_i/irq_q_reg[30]
  Impl DFF        Imp:/WORK/cv32e40p_top/core_i/id_stage_i/int_controller_i/irq_q_reg_30_

  Ref  DFF        Ref:/WORK/cv32e40p_top/core_i/id_stage_i/int_controller_i/irq_q_reg[31]
  Impl DFF        Imp:/WORK/cv32e40p_top/core_i/id_stage_i/int_controller_i/irq_q_reg_31_

  Ref  DFF        Ref:/WORK/cv32e40p_top/core_i/id_stage_i/int_controller_i/irq_q_reg[3]
  Impl DFF        Imp:/WORK/cv32e40p_top/core_i/id_stage_i/int_controller_i/irq_q_reg_3_

  Ref  DFF        Ref:/WORK/cv32e40p_top/core_i/id_stage_i/int_controller_i/irq_q_reg[7]
  Impl DFF        Imp:/WORK/cv32e40p_top/core_i/id_stage_i/int_controller_i/irq_q_reg_7_

  Ref  DFF        Ref:/WORK/cv32e40p_top/core_i/id_stage_i/mhpmevent_branch_o_reg
  Impl DFF        Imp:/WORK/cv32e40p_top/core_i/id_stage_i/mhpmevent_branch_o_reg

  Ref  DFF        Ref:/WORK/cv32e40p_top/core_i/id_stage_i/mhpmevent_branch_taken_o_reg
  Impl DFF        Imp:/WORK/cv32e40p_top/core_i/id_stage_i/mhpmevent_branch_taken_o_reg

  Ref  DFF        Ref:/WORK/cv32e40p_top/core_i/id_stage_i/mhpmevent_compressed_o_reg
  Impl DFF        Imp:/WORK/cv32e40p_top/core_i/id_stage_i/mhpmevent_compressed_o_reg

  Ref  DFF        Ref:/WORK/cv32e40p_top/core_i/id_stage_i/mhpmevent_imiss_o_reg
  Impl DFF        Imp:/WORK/cv32e40p_top/core_i/id_stage_i/mhpmevent_imiss_o_reg

  Ref  DFF        Ref:/WORK/cv32e40p_top/core_i/id_stage_i/mhpmevent_jr_stall_o_reg
  Impl DFF        Imp:/WORK/cv32e40p_top/core_i/id_stage_i/mhpmevent_jr_stall_o_reg

  Ref  DFF        Ref:/WORK/cv32e40p_top/core_i/id_stage_i/mhpmevent_jump_o_reg
  Impl DFF        Imp:/WORK/cv32e40p_top/core_i/id_stage_i/mhpmevent_jump_o_reg

  Ref  DFF        Ref:/WORK/cv32e40p_top/core_i/id_stage_i/mhpmevent_ld_stall_o_reg
  Impl DFF        Imp:/WORK/cv32e40p_top/core_i/id_stage_i/mhpmevent_ld_stall_o_reg

  Ref  DFF        Ref:/WORK/cv32e40p_top/core_i/id_stage_i/mhpmevent_load_o_reg
  Impl DFF        Imp:/WORK/cv32e40p_top/core_i/id_stage_i/mhpmevent_load_o_reg

  Ref  DFF        Ref:/WORK/cv32e40p_top/core_i/id_stage_i/mhpmevent_minstret_o_reg
  Impl DFF        Imp:/WORK/cv32e40p_top/core_i/id_stage_i/mhpmevent_minstret_o_reg

  Ref  DFF        Ref:/WORK/cv32e40p_top/core_i/id_stage_i/mhpmevent_store_o_reg
  Impl DFF        Imp:/WORK/cv32e40p_top/core_i/id_stage_i/mhpmevent_store_o_reg

  Ref  DFF        Ref:/WORK/cv32e40p_top/core_i/id_stage_i/mult_en_ex_o_reg
  Impl DFF        Imp:/WORK/cv32e40p_top/core_i/id_stage_i/mult_en_ex_o_reg

  Ref  DFF        Ref:/WORK/cv32e40p_top/core_i/id_stage_i/mult_operand_a_ex_o_reg[0]
  Impl DFF        Imp:/WORK/cv32e40p_top/core_i/id_stage_i/mult_operand_a_ex_o_reg_0_

  Ref  DFF        Ref:/WORK/cv32e40p_top/core_i/id_stage_i/mult_operand_a_ex_o_reg[10]
  Impl DFF        Imp:/WORK/cv32e40p_top/core_i/id_stage_i/mult_operand_a_ex_o_reg_10_

  Ref  DFF        Ref:/WORK/cv32e40p_top/core_i/id_stage_i/mult_operand_a_ex_o_reg[11]
  Impl DFF        Imp:/WORK/cv32e40p_top/core_i/id_stage_i/mult_operand_a_ex_o_reg_11_

  Ref  DFF        Ref:/WORK/cv32e40p_top/core_i/id_stage_i/mult_operand_a_ex_o_reg[12]
  Impl DFF        Imp:/WORK/cv32e40p_top/core_i/id_stage_i/mult_operand_a_ex_o_reg_12_

  Ref  DFF        Ref:/WORK/cv32e40p_top/core_i/id_stage_i/mult_operand_a_ex_o_reg[13]
  Impl DFF        Imp:/WORK/cv32e40p_top/core_i/id_stage_i/mult_operand_a_ex_o_reg_13_

  Ref  DFF        Ref:/WORK/cv32e40p_top/core_i/id_stage_i/mult_operand_a_ex_o_reg[14]
  Impl DFF        Imp:/WORK/cv32e40p_top/core_i/id_stage_i/mult_operand_a_ex_o_reg_14_

  Ref  DFF        Ref:/WORK/cv32e40p_top/core_i/id_stage_i/mult_operand_a_ex_o_reg[15]
  Impl DFF        Imp:/WORK/cv32e40p_top/core_i/id_stage_i/mult_operand_a_ex_o_reg_15_

  Ref  DFF        Ref:/WORK/cv32e40p_top/core_i/id_stage_i/mult_operand_a_ex_o_reg[16]
  Impl DFF        Imp:/WORK/cv32e40p_top/core_i/id_stage_i/mult_operand_a_ex_o_reg_16_

  Ref  DFF        Ref:/WORK/cv32e40p_top/core_i/id_stage_i/mult_operand_a_ex_o_reg[17]
  Impl DFF        Imp:/WORK/cv32e40p_top/core_i/id_stage_i/mult_operand_a_ex_o_reg_17_

  Ref  DFF        Ref:/WORK/cv32e40p_top/core_i/id_stage_i/mult_operand_a_ex_o_reg[18]
  Impl DFF        Imp:/WORK/cv32e40p_top/core_i/id_stage_i/mult_operand_a_ex_o_reg_18_

  Ref  DFF        Ref:/WORK/cv32e40p_top/core_i/id_stage_i/mult_operand_a_ex_o_reg[19]
  Impl DFF        Imp:/WORK/cv32e40p_top/core_i/id_stage_i/mult_operand_a_ex_o_reg_19_

  Ref  DFF        Ref:/WORK/cv32e40p_top/core_i/id_stage_i/mult_operand_a_ex_o_reg[1]
  Impl DFF        Imp:/WORK/cv32e40p_top/core_i/id_stage_i/mult_operand_a_ex_o_reg_1_

  Ref  DFF        Ref:/WORK/cv32e40p_top/core_i/id_stage_i/mult_operand_a_ex_o_reg[20]
  Impl DFF        Imp:/WORK/cv32e40p_top/core_i/id_stage_i/mult_operand_a_ex_o_reg_20_

  Ref  DFF        Ref:/WORK/cv32e40p_top/core_i/id_stage_i/mult_operand_a_ex_o_reg[21]
  Impl DFF        Imp:/WORK/cv32e40p_top/core_i/id_stage_i/mult_operand_a_ex_o_reg_21_

  Ref  DFF        Ref:/WORK/cv32e40p_top/core_i/id_stage_i/mult_operand_a_ex_o_reg[22]
  Impl DFF        Imp:/WORK/cv32e40p_top/core_i/id_stage_i/mult_operand_a_ex_o_reg_22_

  Ref  DFF        Ref:/WORK/cv32e40p_top/core_i/id_stage_i/mult_operand_a_ex_o_reg[23]
  Impl DFF        Imp:/WORK/cv32e40p_top/core_i/id_stage_i/mult_operand_a_ex_o_reg_23_

  Ref  DFF        Ref:/WORK/cv32e40p_top/core_i/id_stage_i/mult_operand_a_ex_o_reg[24]
  Impl DFF        Imp:/WORK/cv32e40p_top/core_i/id_stage_i/mult_operand_a_ex_o_reg_24_

  Ref  DFF        Ref:/WORK/cv32e40p_top/core_i/id_stage_i/mult_operand_a_ex_o_reg[25]
  Impl DFF        Imp:/WORK/cv32e40p_top/core_i/id_stage_i/mult_operand_a_ex_o_reg_25_

  Ref  DFF        Ref:/WORK/cv32e40p_top/core_i/id_stage_i/mult_operand_a_ex_o_reg[26]
  Impl DFF        Imp:/WORK/cv32e40p_top/core_i/id_stage_i/mult_operand_a_ex_o_reg_26_

  Ref  DFF        Ref:/WORK/cv32e40p_top/core_i/id_stage_i/mult_operand_a_ex_o_reg[27]
  Impl DFF        Imp:/WORK/cv32e40p_top/core_i/id_stage_i/mult_operand_a_ex_o_reg_27_

  Ref  DFF        Ref:/WORK/cv32e40p_top/core_i/id_stage_i/mult_operand_a_ex_o_reg[28]
  Impl DFF        Imp:/WORK/cv32e40p_top/core_i/id_stage_i/mult_operand_a_ex_o_reg_28_

  Ref  DFF        Ref:/WORK/cv32e40p_top/core_i/id_stage_i/mult_operand_a_ex_o_reg[29]
  Impl DFF        Imp:/WORK/cv32e40p_top/core_i/id_stage_i/mult_operand_a_ex_o_reg_29_

  Ref  DFF        Ref:/WORK/cv32e40p_top/core_i/id_stage_i/mult_operand_a_ex_o_reg[2]
  Impl DFF        Imp:/WORK/cv32e40p_top/core_i/id_stage_i/mult_operand_a_ex_o_reg_2_

  Ref  DFF        Ref:/WORK/cv32e40p_top/core_i/id_stage_i/mult_operand_a_ex_o_reg[30]
  Impl DFF        Imp:/WORK/cv32e40p_top/core_i/id_stage_i/mult_operand_a_ex_o_reg_30_

  Ref  DFF        Ref:/WORK/cv32e40p_top/core_i/id_stage_i/mult_operand_a_ex_o_reg[31]
  Impl DFF        Imp:/WORK/cv32e40p_top/core_i/id_stage_i/mult_operand_a_ex_o_reg_31_

  Ref  DFF        Ref:/WORK/cv32e40p_top/core_i/id_stage_i/mult_operand_a_ex_o_reg[3]
  Impl DFF        Imp:/WORK/cv32e40p_top/core_i/id_stage_i/mult_operand_a_ex_o_reg_3_

  Ref  DFF        Ref:/WORK/cv32e40p_top/core_i/id_stage_i/mult_operand_a_ex_o_reg[4]
  Impl DFF        Imp:/WORK/cv32e40p_top/core_i/id_stage_i/mult_operand_a_ex_o_reg_4_

  Ref  DFF        Ref:/WORK/cv32e40p_top/core_i/id_stage_i/mult_operand_a_ex_o_reg[5]
  Impl DFF        Imp:/WORK/cv32e40p_top/core_i/id_stage_i/mult_operand_a_ex_o_reg_5_

  Ref  DFF        Ref:/WORK/cv32e40p_top/core_i/id_stage_i/mult_operand_a_ex_o_reg[6]
  Impl DFF        Imp:/WORK/cv32e40p_top/core_i/id_stage_i/mult_operand_a_ex_o_reg_6_

  Ref  DFF        Ref:/WORK/cv32e40p_top/core_i/id_stage_i/mult_operand_a_ex_o_reg[7]
  Impl DFF        Imp:/WORK/cv32e40p_top/core_i/id_stage_i/mult_operand_a_ex_o_reg_7_

  Ref  DFF        Ref:/WORK/cv32e40p_top/core_i/id_stage_i/mult_operand_a_ex_o_reg[8]
  Impl DFF        Imp:/WORK/cv32e40p_top/core_i/id_stage_i/mult_operand_a_ex_o_reg_8_

  Ref  DFF        Ref:/WORK/cv32e40p_top/core_i/id_stage_i/mult_operand_a_ex_o_reg[9]
  Impl DFF        Imp:/WORK/cv32e40p_top/core_i/id_stage_i/mult_operand_a_ex_o_reg_9_

  Ref  DFF        Ref:/WORK/cv32e40p_top/core_i/id_stage_i/mult_operand_b_ex_o_reg[0]
  Impl DFF        Imp:/WORK/cv32e40p_top/core_i/id_stage_i/mult_operand_b_ex_o_reg_0_

  Ref  DFF        Ref:/WORK/cv32e40p_top/core_i/id_stage_i/mult_operand_b_ex_o_reg[10]
  Impl DFF        Imp:/WORK/cv32e40p_top/core_i/id_stage_i/mult_operand_b_ex_o_reg_10_

  Ref  DFF        Ref:/WORK/cv32e40p_top/core_i/id_stage_i/mult_operand_b_ex_o_reg[11]
  Impl DFF        Imp:/WORK/cv32e40p_top/core_i/id_stage_i/mult_operand_b_ex_o_reg_11_

  Ref  DFF        Ref:/WORK/cv32e40p_top/core_i/id_stage_i/mult_operand_b_ex_o_reg[12]
  Impl DFF        Imp:/WORK/cv32e40p_top/core_i/id_stage_i/mult_operand_b_ex_o_reg_12_

  Ref  DFF        Ref:/WORK/cv32e40p_top/core_i/id_stage_i/mult_operand_b_ex_o_reg[13]
  Impl DFF        Imp:/WORK/cv32e40p_top/core_i/id_stage_i/mult_operand_b_ex_o_reg_13_

  Ref  DFF        Ref:/WORK/cv32e40p_top/core_i/id_stage_i/mult_operand_b_ex_o_reg[14]
  Impl DFF        Imp:/WORK/cv32e40p_top/core_i/id_stage_i/mult_operand_b_ex_o_reg_14_

  Ref  DFF        Ref:/WORK/cv32e40p_top/core_i/id_stage_i/mult_operand_b_ex_o_reg[15]
  Impl DFF        Imp:/WORK/cv32e40p_top/core_i/id_stage_i/mult_operand_b_ex_o_reg_15_

  Ref  DFF        Ref:/WORK/cv32e40p_top/core_i/id_stage_i/mult_operand_b_ex_o_reg[16]
  Impl DFF        Imp:/WORK/cv32e40p_top/core_i/id_stage_i/mult_operand_b_ex_o_reg_16_

  Ref  DFF        Ref:/WORK/cv32e40p_top/core_i/id_stage_i/mult_operand_b_ex_o_reg[17]
  Impl DFF        Imp:/WORK/cv32e40p_top/core_i/id_stage_i/mult_operand_b_ex_o_reg_17_

  Ref  DFF        Ref:/WORK/cv32e40p_top/core_i/id_stage_i/mult_operand_b_ex_o_reg[18]
  Impl DFF        Imp:/WORK/cv32e40p_top/core_i/id_stage_i/mult_operand_b_ex_o_reg_18_

  Ref  DFF        Ref:/WORK/cv32e40p_top/core_i/id_stage_i/mult_operand_b_ex_o_reg[19]
  Impl DFF        Imp:/WORK/cv32e40p_top/core_i/id_stage_i/mult_operand_b_ex_o_reg_19_

  Ref  DFF        Ref:/WORK/cv32e40p_top/core_i/id_stage_i/mult_operand_b_ex_o_reg[1]
  Impl DFF        Imp:/WORK/cv32e40p_top/core_i/id_stage_i/mult_operand_b_ex_o_reg_1_

  Ref  DFF        Ref:/WORK/cv32e40p_top/core_i/id_stage_i/mult_operand_b_ex_o_reg[20]
  Impl DFF        Imp:/WORK/cv32e40p_top/core_i/id_stage_i/mult_operand_b_ex_o_reg_20_

  Ref  DFF        Ref:/WORK/cv32e40p_top/core_i/id_stage_i/mult_operand_b_ex_o_reg[21]
  Impl DFF        Imp:/WORK/cv32e40p_top/core_i/id_stage_i/mult_operand_b_ex_o_reg_21_

  Ref  DFF        Ref:/WORK/cv32e40p_top/core_i/id_stage_i/mult_operand_b_ex_o_reg[22]
  Impl DFF        Imp:/WORK/cv32e40p_top/core_i/id_stage_i/mult_operand_b_ex_o_reg_22_

  Ref  DFF        Ref:/WORK/cv32e40p_top/core_i/id_stage_i/mult_operand_b_ex_o_reg[23]
  Impl DFF        Imp:/WORK/cv32e40p_top/core_i/id_stage_i/mult_operand_b_ex_o_reg_23_

  Ref  DFF        Ref:/WORK/cv32e40p_top/core_i/id_stage_i/mult_operand_b_ex_o_reg[24]
  Impl DFF        Imp:/WORK/cv32e40p_top/core_i/id_stage_i/mult_operand_b_ex_o_reg_24_

  Ref  DFF        Ref:/WORK/cv32e40p_top/core_i/id_stage_i/mult_operand_b_ex_o_reg[25]
  Impl DFF        Imp:/WORK/cv32e40p_top/core_i/id_stage_i/mult_operand_b_ex_o_reg_25_

  Ref  DFF        Ref:/WORK/cv32e40p_top/core_i/id_stage_i/mult_operand_b_ex_o_reg[26]
  Impl DFF        Imp:/WORK/cv32e40p_top/core_i/id_stage_i/mult_operand_b_ex_o_reg_26_

  Ref  DFF        Ref:/WORK/cv32e40p_top/core_i/id_stage_i/mult_operand_b_ex_o_reg[27]
  Impl DFF        Imp:/WORK/cv32e40p_top/core_i/id_stage_i/mult_operand_b_ex_o_reg_27_

  Ref  DFF        Ref:/WORK/cv32e40p_top/core_i/id_stage_i/mult_operand_b_ex_o_reg[28]
  Impl DFF        Imp:/WORK/cv32e40p_top/core_i/id_stage_i/mult_operand_b_ex_o_reg_28_

  Ref  DFF        Ref:/WORK/cv32e40p_top/core_i/id_stage_i/mult_operand_b_ex_o_reg[29]
  Impl DFF        Imp:/WORK/cv32e40p_top/core_i/id_stage_i/mult_operand_b_ex_o_reg_29_

  Ref  DFF        Ref:/WORK/cv32e40p_top/core_i/id_stage_i/mult_operand_b_ex_o_reg[2]
  Impl DFF        Imp:/WORK/cv32e40p_top/core_i/id_stage_i/mult_operand_b_ex_o_reg_2_

  Ref  DFF        Ref:/WORK/cv32e40p_top/core_i/id_stage_i/mult_operand_b_ex_o_reg[30]
  Impl DFF        Imp:/WORK/cv32e40p_top/core_i/id_stage_i/mult_operand_b_ex_o_reg_30_

  Ref  DFF        Ref:/WORK/cv32e40p_top/core_i/id_stage_i/mult_operand_b_ex_o_reg[31]
  Impl DFF        Imp:/WORK/cv32e40p_top/core_i/id_stage_i/mult_operand_b_ex_o_reg_31_

  Ref  DFF        Ref:/WORK/cv32e40p_top/core_i/id_stage_i/mult_operand_b_ex_o_reg[3]
  Impl DFF        Imp:/WORK/cv32e40p_top/core_i/id_stage_i/mult_operand_b_ex_o_reg_3_

  Ref  DFF        Ref:/WORK/cv32e40p_top/core_i/id_stage_i/mult_operand_b_ex_o_reg[4]
  Impl DFF        Imp:/WORK/cv32e40p_top/core_i/id_stage_i/mult_operand_b_ex_o_reg_4_

  Ref  DFF        Ref:/WORK/cv32e40p_top/core_i/id_stage_i/mult_operand_b_ex_o_reg[5]
  Impl DFF        Imp:/WORK/cv32e40p_top/core_i/id_stage_i/mult_operand_b_ex_o_reg_5_

  Ref  DFF        Ref:/WORK/cv32e40p_top/core_i/id_stage_i/mult_operand_b_ex_o_reg[6]
  Impl DFF        Imp:/WORK/cv32e40p_top/core_i/id_stage_i/mult_operand_b_ex_o_reg_6_

  Ref  DFF        Ref:/WORK/cv32e40p_top/core_i/id_stage_i/mult_operand_b_ex_o_reg[7]
  Impl DFF        Imp:/WORK/cv32e40p_top/core_i/id_stage_i/mult_operand_b_ex_o_reg_7_

  Ref  DFF        Ref:/WORK/cv32e40p_top/core_i/id_stage_i/mult_operand_b_ex_o_reg[8]
  Impl DFF        Imp:/WORK/cv32e40p_top/core_i/id_stage_i/mult_operand_b_ex_o_reg_8_

  Ref  DFF        Ref:/WORK/cv32e40p_top/core_i/id_stage_i/mult_operand_b_ex_o_reg[9]
  Impl DFF        Imp:/WORK/cv32e40p_top/core_i/id_stage_i/mult_operand_b_ex_o_reg_9_

  Ref  DFF        Ref:/WORK/cv32e40p_top/core_i/id_stage_i/mult_operand_c_ex_o_reg[0]
  Impl DFF        Imp:/WORK/cv32e40p_top/core_i/id_stage_i/mult_operand_c_ex_o_reg_0_

  Ref  DFF        Ref:/WORK/cv32e40p_top/core_i/id_stage_i/mult_operand_c_ex_o_reg[10]
  Impl DFF        Imp:/WORK/cv32e40p_top/core_i/id_stage_i/mult_operand_c_ex_o_reg_10_

  Ref  DFF        Ref:/WORK/cv32e40p_top/core_i/id_stage_i/mult_operand_c_ex_o_reg[11]
  Impl DFF        Imp:/WORK/cv32e40p_top/core_i/id_stage_i/mult_operand_c_ex_o_reg_11_

  Ref  DFF        Ref:/WORK/cv32e40p_top/core_i/id_stage_i/mult_operand_c_ex_o_reg[12]
  Impl DFF        Imp:/WORK/cv32e40p_top/core_i/id_stage_i/mult_operand_c_ex_o_reg_12_

  Ref  DFF        Ref:/WORK/cv32e40p_top/core_i/id_stage_i/mult_operand_c_ex_o_reg[13]
  Impl DFF        Imp:/WORK/cv32e40p_top/core_i/id_stage_i/mult_operand_c_ex_o_reg_13_

  Ref  DFF        Ref:/WORK/cv32e40p_top/core_i/id_stage_i/mult_operand_c_ex_o_reg[14]
  Impl DFF        Imp:/WORK/cv32e40p_top/core_i/id_stage_i/mult_operand_c_ex_o_reg_14_

  Ref  DFF        Ref:/WORK/cv32e40p_top/core_i/id_stage_i/mult_operand_c_ex_o_reg[15]
  Impl DFF        Imp:/WORK/cv32e40p_top/core_i/id_stage_i/mult_operand_c_ex_o_reg_15_

  Ref  DFF        Ref:/WORK/cv32e40p_top/core_i/id_stage_i/mult_operand_c_ex_o_reg[16]
  Impl DFF        Imp:/WORK/cv32e40p_top/core_i/id_stage_i/mult_operand_c_ex_o_reg_16_

  Ref  DFF        Ref:/WORK/cv32e40p_top/core_i/id_stage_i/mult_operand_c_ex_o_reg[17]
  Impl DFF        Imp:/WORK/cv32e40p_top/core_i/id_stage_i/mult_operand_c_ex_o_reg_17_

  Ref  DFF        Ref:/WORK/cv32e40p_top/core_i/id_stage_i/mult_operand_c_ex_o_reg[18]
  Impl DFF        Imp:/WORK/cv32e40p_top/core_i/id_stage_i/mult_operand_c_ex_o_reg_18_

  Ref  DFF        Ref:/WORK/cv32e40p_top/core_i/id_stage_i/mult_operand_c_ex_o_reg[19]
  Impl DFF        Imp:/WORK/cv32e40p_top/core_i/id_stage_i/mult_operand_c_ex_o_reg_19_

  Ref  DFF        Ref:/WORK/cv32e40p_top/core_i/id_stage_i/mult_operand_c_ex_o_reg[1]
  Impl DFF        Imp:/WORK/cv32e40p_top/core_i/id_stage_i/mult_operand_c_ex_o_reg_1_

  Ref  DFF        Ref:/WORK/cv32e40p_top/core_i/id_stage_i/mult_operand_c_ex_o_reg[20]
  Impl DFF        Imp:/WORK/cv32e40p_top/core_i/id_stage_i/mult_operand_c_ex_o_reg_20_

  Ref  DFF        Ref:/WORK/cv32e40p_top/core_i/id_stage_i/mult_operand_c_ex_o_reg[21]
  Impl DFF        Imp:/WORK/cv32e40p_top/core_i/id_stage_i/mult_operand_c_ex_o_reg_21_

  Ref  DFF        Ref:/WORK/cv32e40p_top/core_i/id_stage_i/mult_operand_c_ex_o_reg[22]
  Impl DFF        Imp:/WORK/cv32e40p_top/core_i/id_stage_i/mult_operand_c_ex_o_reg_22_

  Ref  DFF        Ref:/WORK/cv32e40p_top/core_i/id_stage_i/mult_operand_c_ex_o_reg[23]
  Impl DFF        Imp:/WORK/cv32e40p_top/core_i/id_stage_i/mult_operand_c_ex_o_reg_23_

  Ref  DFF        Ref:/WORK/cv32e40p_top/core_i/id_stage_i/mult_operand_c_ex_o_reg[24]
  Impl DFF        Imp:/WORK/cv32e40p_top/core_i/id_stage_i/mult_operand_c_ex_o_reg_24_

  Ref  DFF        Ref:/WORK/cv32e40p_top/core_i/id_stage_i/mult_operand_c_ex_o_reg[25]
  Impl DFF        Imp:/WORK/cv32e40p_top/core_i/id_stage_i/mult_operand_c_ex_o_reg_25_

  Ref  DFF        Ref:/WORK/cv32e40p_top/core_i/id_stage_i/mult_operand_c_ex_o_reg[26]
  Impl DFF        Imp:/WORK/cv32e40p_top/core_i/id_stage_i/mult_operand_c_ex_o_reg_26_

  Ref  DFF        Ref:/WORK/cv32e40p_top/core_i/id_stage_i/mult_operand_c_ex_o_reg[27]
  Impl DFF        Imp:/WORK/cv32e40p_top/core_i/id_stage_i/mult_operand_c_ex_o_reg_27_

  Ref  DFF        Ref:/WORK/cv32e40p_top/core_i/id_stage_i/mult_operand_c_ex_o_reg[28]
  Impl DFF        Imp:/WORK/cv32e40p_top/core_i/id_stage_i/mult_operand_c_ex_o_reg_28_

  Ref  DFF        Ref:/WORK/cv32e40p_top/core_i/id_stage_i/mult_operand_c_ex_o_reg[29]
  Impl DFF        Imp:/WORK/cv32e40p_top/core_i/id_stage_i/mult_operand_c_ex_o_reg_29_

  Ref  DFF        Ref:/WORK/cv32e40p_top/core_i/id_stage_i/mult_operand_c_ex_o_reg[2]
  Impl DFF        Imp:/WORK/cv32e40p_top/core_i/id_stage_i/mult_operand_c_ex_o_reg_2_

  Ref  DFF        Ref:/WORK/cv32e40p_top/core_i/id_stage_i/mult_operand_c_ex_o_reg[30]
  Impl DFF        Imp:/WORK/cv32e40p_top/core_i/id_stage_i/mult_operand_c_ex_o_reg_30_

  Ref  DFF        Ref:/WORK/cv32e40p_top/core_i/id_stage_i/mult_operand_c_ex_o_reg[31]
  Impl DFF        Imp:/WORK/cv32e40p_top/core_i/id_stage_i/mult_operand_c_ex_o_reg_31_

  Ref  DFF        Ref:/WORK/cv32e40p_top/core_i/id_stage_i/mult_operand_c_ex_o_reg[3]
  Impl DFF        Imp:/WORK/cv32e40p_top/core_i/id_stage_i/mult_operand_c_ex_o_reg_3_

  Ref  DFF        Ref:/WORK/cv32e40p_top/core_i/id_stage_i/mult_operand_c_ex_o_reg[4]
  Impl DFF        Imp:/WORK/cv32e40p_top/core_i/id_stage_i/mult_operand_c_ex_o_reg_4_

  Ref  DFF        Ref:/WORK/cv32e40p_top/core_i/id_stage_i/mult_operand_c_ex_o_reg[5]
  Impl DFF        Imp:/WORK/cv32e40p_top/core_i/id_stage_i/mult_operand_c_ex_o_reg_5_

  Ref  DFF        Ref:/WORK/cv32e40p_top/core_i/id_stage_i/mult_operand_c_ex_o_reg[6]
  Impl DFF        Imp:/WORK/cv32e40p_top/core_i/id_stage_i/mult_operand_c_ex_o_reg_6_

  Ref  DFF        Ref:/WORK/cv32e40p_top/core_i/id_stage_i/mult_operand_c_ex_o_reg[7]
  Impl DFF        Imp:/WORK/cv32e40p_top/core_i/id_stage_i/mult_operand_c_ex_o_reg_7_

  Ref  DFF        Ref:/WORK/cv32e40p_top/core_i/id_stage_i/mult_operand_c_ex_o_reg[8]
  Impl DFF        Imp:/WORK/cv32e40p_top/core_i/id_stage_i/mult_operand_c_ex_o_reg_8_

  Ref  DFF        Ref:/WORK/cv32e40p_top/core_i/id_stage_i/mult_operand_c_ex_o_reg[9]
  Impl DFF        Imp:/WORK/cv32e40p_top/core_i/id_stage_i/mult_operand_c_ex_o_reg_9_

  Ref  DFF        Ref:/WORK/cv32e40p_top/core_i/id_stage_i/mult_operator_ex_o_reg[1]
  Impl DFF        Imp:/WORK/cv32e40p_top/core_i/id_stage_i/mult_operator_ex_o_reg_1_

  Ref  DFF        Ref:/WORK/cv32e40p_top/core_i/id_stage_i/mult_operator_ex_o_reg[2]
  Impl DFF        Imp:/WORK/cv32e40p_top/core_i/id_stage_i/mult_operator_ex_o_reg_2_

  Ref  DFF        Ref:/WORK/cv32e40p_top/core_i/id_stage_i/mult_signed_mode_ex_o_reg[0]
  Impl DFF        Imp:/WORK/cv32e40p_top/core_i/id_stage_i/mult_signed_mode_ex_o_reg_0_

  Ref  DFF        Ref:/WORK/cv32e40p_top/core_i/id_stage_i/mult_signed_mode_ex_o_reg[1]
  Impl DFF        Imp:/WORK/cv32e40p_top/core_i/id_stage_i/mult_signed_mode_ex_o_reg_1_

  Ref  DFF        Ref:/WORK/cv32e40p_top/core_i/id_stage_i/prepost_useincr_ex_o_reg
  Impl DFF        Imp:/WORK/cv32e40p_top/core_i/id_stage_i/prepost_useincr_ex_o_reg

  Ref  DFF        Ref:/WORK/cv32e40p_top/core_i/id_stage_i/regfile_alu_waddr_ex_o_reg[0]
  Impl DFF        Imp:/WORK/cv32e40p_top/core_i/id_stage_i/regfile_alu_waddr_ex_o_reg_0_

  Ref  DFF        Ref:/WORK/cv32e40p_top/core_i/id_stage_i/regfile_alu_waddr_ex_o_reg[1]
  Impl DFF        Imp:/WORK/cv32e40p_top/core_i/id_stage_i/regfile_alu_waddr_ex_o_reg_1_

  Ref  DFF        Ref:/WORK/cv32e40p_top/core_i/id_stage_i/regfile_alu_waddr_ex_o_reg[2]
  Impl DFF        Imp:/WORK/cv32e40p_top/core_i/id_stage_i/regfile_alu_waddr_ex_o_reg_2_

  Ref  DFF        Ref:/WORK/cv32e40p_top/core_i/id_stage_i/regfile_alu_waddr_ex_o_reg[3]
  Impl DFF        Imp:/WORK/cv32e40p_top/core_i/id_stage_i/regfile_alu_waddr_ex_o_reg_3_

  Ref  DFF        Ref:/WORK/cv32e40p_top/core_i/id_stage_i/regfile_alu_waddr_ex_o_reg[4]
  Impl DFF        Imp:/WORK/cv32e40p_top/core_i/id_stage_i/regfile_alu_waddr_ex_o_reg_4_

  Ref  DFF        Ref:/WORK/cv32e40p_top/core_i/id_stage_i/regfile_alu_we_ex_o_reg
  Impl DFF        Imp:/WORK/cv32e40p_top/core_i/id_stage_i/regfile_alu_we_ex_o_reg

  Ref  DFF        Ref:/WORK/cv32e40p_top/core_i/id_stage_i/regfile_waddr_ex_o_reg[0]
  Impl DFF        Imp:/WORK/cv32e40p_top/core_i/id_stage_i/regfile_waddr_ex_o_reg_0_

  Ref  DFF        Ref:/WORK/cv32e40p_top/core_i/id_stage_i/regfile_waddr_ex_o_reg[1]
  Impl DFF        Imp:/WORK/cv32e40p_top/core_i/id_stage_i/regfile_waddr_ex_o_reg_1_

  Ref  DFF        Ref:/WORK/cv32e40p_top/core_i/id_stage_i/regfile_waddr_ex_o_reg[2]
  Impl DFF        Imp:/WORK/cv32e40p_top/core_i/id_stage_i/regfile_waddr_ex_o_reg_2_

  Ref  DFF        Ref:/WORK/cv32e40p_top/core_i/id_stage_i/regfile_waddr_ex_o_reg[3]
  Impl DFF        Imp:/WORK/cv32e40p_top/core_i/id_stage_i/regfile_waddr_ex_o_reg_3_

  Ref  DFF        Ref:/WORK/cv32e40p_top/core_i/id_stage_i/regfile_waddr_ex_o_reg[4]
  Impl DFF        Imp:/WORK/cv32e40p_top/core_i/id_stage_i/regfile_waddr_ex_o_reg_4_

  Ref  DFF        Ref:/WORK/cv32e40p_top/core_i/id_stage_i/regfile_we_ex_o_reg
  Impl DFF        Imp:/WORK/cv32e40p_top/core_i/id_stage_i/regfile_we_ex_o_reg

  Ref  DFF        Ref:/WORK/cv32e40p_top/core_i/id_stage_i/register_file_i/mem_reg[10][0]
  Impl DFF        Imp:/WORK/cv32e40p_top/core_i/id_stage_i/register_file_i/mem_reg_10__0_

  Ref  DFF        Ref:/WORK/cv32e40p_top/core_i/id_stage_i/register_file_i/mem_reg[10][10]
  Impl DFF        Imp:/WORK/cv32e40p_top/core_i/id_stage_i/register_file_i/mem_reg_10__10_

  Ref  DFF        Ref:/WORK/cv32e40p_top/core_i/id_stage_i/register_file_i/mem_reg[10][11]
  Impl DFF        Imp:/WORK/cv32e40p_top/core_i/id_stage_i/register_file_i/mem_reg_10__11_

  Ref  DFF        Ref:/WORK/cv32e40p_top/core_i/id_stage_i/register_file_i/mem_reg[10][12]
  Impl DFF        Imp:/WORK/cv32e40p_top/core_i/id_stage_i/register_file_i/mem_reg_10__12_

  Ref  DFF        Ref:/WORK/cv32e40p_top/core_i/id_stage_i/register_file_i/mem_reg[10][13]
  Impl DFF        Imp:/WORK/cv32e40p_top/core_i/id_stage_i/register_file_i/mem_reg_10__13_

  Ref  DFF        Ref:/WORK/cv32e40p_top/core_i/id_stage_i/register_file_i/mem_reg[10][14]
  Impl DFF        Imp:/WORK/cv32e40p_top/core_i/id_stage_i/register_file_i/mem_reg_10__14_

  Ref  DFF        Ref:/WORK/cv32e40p_top/core_i/id_stage_i/register_file_i/mem_reg[10][15]
  Impl DFF        Imp:/WORK/cv32e40p_top/core_i/id_stage_i/register_file_i/mem_reg_10__15_

  Ref  DFF        Ref:/WORK/cv32e40p_top/core_i/id_stage_i/register_file_i/mem_reg[10][16]
  Impl DFF        Imp:/WORK/cv32e40p_top/core_i/id_stage_i/register_file_i/mem_reg_10__16_

  Ref  DFF        Ref:/WORK/cv32e40p_top/core_i/id_stage_i/register_file_i/mem_reg[10][17]
  Impl DFF        Imp:/WORK/cv32e40p_top/core_i/id_stage_i/register_file_i/mem_reg_10__17_

  Ref  DFF        Ref:/WORK/cv32e40p_top/core_i/id_stage_i/register_file_i/mem_reg[10][18]
  Impl DFF        Imp:/WORK/cv32e40p_top/core_i/id_stage_i/register_file_i/mem_reg_10__18_

  Ref  DFF        Ref:/WORK/cv32e40p_top/core_i/id_stage_i/register_file_i/mem_reg[10][19]
  Impl DFF        Imp:/WORK/cv32e40p_top/core_i/id_stage_i/register_file_i/mem_reg_10__19_

  Ref  DFF        Ref:/WORK/cv32e40p_top/core_i/id_stage_i/register_file_i/mem_reg[10][1]
  Impl DFF        Imp:/WORK/cv32e40p_top/core_i/id_stage_i/register_file_i/mem_reg_10__1_

  Ref  DFF        Ref:/WORK/cv32e40p_top/core_i/id_stage_i/register_file_i/mem_reg[10][20]
  Impl DFF        Imp:/WORK/cv32e40p_top/core_i/id_stage_i/register_file_i/mem_reg_10__20_

  Ref  DFF        Ref:/WORK/cv32e40p_top/core_i/id_stage_i/register_file_i/mem_reg[10][21]
  Impl DFF        Imp:/WORK/cv32e40p_top/core_i/id_stage_i/register_file_i/mem_reg_10__21_

  Ref  DFF        Ref:/WORK/cv32e40p_top/core_i/id_stage_i/register_file_i/mem_reg[10][22]
  Impl DFF        Imp:/WORK/cv32e40p_top/core_i/id_stage_i/register_file_i/mem_reg_10__22_

  Ref  DFF        Ref:/WORK/cv32e40p_top/core_i/id_stage_i/register_file_i/mem_reg[10][23]
  Impl DFF        Imp:/WORK/cv32e40p_top/core_i/id_stage_i/register_file_i/mem_reg_10__23_

  Ref  DFF        Ref:/WORK/cv32e40p_top/core_i/id_stage_i/register_file_i/mem_reg[10][24]
  Impl DFF        Imp:/WORK/cv32e40p_top/core_i/id_stage_i/register_file_i/mem_reg_10__24_

  Ref  DFF        Ref:/WORK/cv32e40p_top/core_i/id_stage_i/register_file_i/mem_reg[10][25]
  Impl DFF        Imp:/WORK/cv32e40p_top/core_i/id_stage_i/register_file_i/mem_reg_10__25_

  Ref  DFF        Ref:/WORK/cv32e40p_top/core_i/id_stage_i/register_file_i/mem_reg[10][26]
  Impl DFF        Imp:/WORK/cv32e40p_top/core_i/id_stage_i/register_file_i/mem_reg_10__26_

  Ref  DFF        Ref:/WORK/cv32e40p_top/core_i/id_stage_i/register_file_i/mem_reg[10][27]
  Impl DFF        Imp:/WORK/cv32e40p_top/core_i/id_stage_i/register_file_i/mem_reg_10__27_

  Ref  DFF        Ref:/WORK/cv32e40p_top/core_i/id_stage_i/register_file_i/mem_reg[10][28]
  Impl DFF        Imp:/WORK/cv32e40p_top/core_i/id_stage_i/register_file_i/mem_reg_10__28_

  Ref  DFF        Ref:/WORK/cv32e40p_top/core_i/id_stage_i/register_file_i/mem_reg[10][29]
  Impl DFF        Imp:/WORK/cv32e40p_top/core_i/id_stage_i/register_file_i/mem_reg_10__29_

  Ref  DFF        Ref:/WORK/cv32e40p_top/core_i/id_stage_i/register_file_i/mem_reg[10][2]
  Impl DFF        Imp:/WORK/cv32e40p_top/core_i/id_stage_i/register_file_i/mem_reg_10__2_

  Ref  DFF        Ref:/WORK/cv32e40p_top/core_i/id_stage_i/register_file_i/mem_reg[10][30]
  Impl DFF        Imp:/WORK/cv32e40p_top/core_i/id_stage_i/register_file_i/mem_reg_10__30_

  Ref  DFF        Ref:/WORK/cv32e40p_top/core_i/id_stage_i/register_file_i/mem_reg[10][31]
  Impl DFF        Imp:/WORK/cv32e40p_top/core_i/id_stage_i/register_file_i/mem_reg_10__31_

  Ref  DFF        Ref:/WORK/cv32e40p_top/core_i/id_stage_i/register_file_i/mem_reg[10][3]
  Impl DFF        Imp:/WORK/cv32e40p_top/core_i/id_stage_i/register_file_i/mem_reg_10__3_

  Ref  DFF        Ref:/WORK/cv32e40p_top/core_i/id_stage_i/register_file_i/mem_reg[10][4]
  Impl DFF        Imp:/WORK/cv32e40p_top/core_i/id_stage_i/register_file_i/mem_reg_10__4_

  Ref  DFF        Ref:/WORK/cv32e40p_top/core_i/id_stage_i/register_file_i/mem_reg[10][5]
  Impl DFF        Imp:/WORK/cv32e40p_top/core_i/id_stage_i/register_file_i/mem_reg_10__5_

  Ref  DFF        Ref:/WORK/cv32e40p_top/core_i/id_stage_i/register_file_i/mem_reg[10][6]
  Impl DFF        Imp:/WORK/cv32e40p_top/core_i/id_stage_i/register_file_i/mem_reg_10__6_

  Ref  DFF        Ref:/WORK/cv32e40p_top/core_i/id_stage_i/register_file_i/mem_reg[10][7]
  Impl DFF        Imp:/WORK/cv32e40p_top/core_i/id_stage_i/register_file_i/mem_reg_10__7_

  Ref  DFF        Ref:/WORK/cv32e40p_top/core_i/id_stage_i/register_file_i/mem_reg[10][8]
  Impl DFF        Imp:/WORK/cv32e40p_top/core_i/id_stage_i/register_file_i/mem_reg_10__8_

  Ref  DFF        Ref:/WORK/cv32e40p_top/core_i/id_stage_i/register_file_i/mem_reg[10][9]
  Impl DFF        Imp:/WORK/cv32e40p_top/core_i/id_stage_i/register_file_i/mem_reg_10__9_

  Ref  DFF        Ref:/WORK/cv32e40p_top/core_i/id_stage_i/register_file_i/mem_reg[11][0]
  Impl DFF        Imp:/WORK/cv32e40p_top/core_i/id_stage_i/register_file_i/mem_reg_11__0_

  Ref  DFF        Ref:/WORK/cv32e40p_top/core_i/id_stage_i/register_file_i/mem_reg[11][10]
  Impl DFF        Imp:/WORK/cv32e40p_top/core_i/id_stage_i/register_file_i/mem_reg_11__10_

  Ref  DFF        Ref:/WORK/cv32e40p_top/core_i/id_stage_i/register_file_i/mem_reg[11][11]
  Impl DFF        Imp:/WORK/cv32e40p_top/core_i/id_stage_i/register_file_i/mem_reg_11__11_

  Ref  DFF        Ref:/WORK/cv32e40p_top/core_i/id_stage_i/register_file_i/mem_reg[11][12]
  Impl DFF        Imp:/WORK/cv32e40p_top/core_i/id_stage_i/register_file_i/mem_reg_11__12_

  Ref  DFF        Ref:/WORK/cv32e40p_top/core_i/id_stage_i/register_file_i/mem_reg[11][13]
  Impl DFF        Imp:/WORK/cv32e40p_top/core_i/id_stage_i/register_file_i/mem_reg_11__13_

  Ref  DFF        Ref:/WORK/cv32e40p_top/core_i/id_stage_i/register_file_i/mem_reg[11][14]
  Impl DFF        Imp:/WORK/cv32e40p_top/core_i/id_stage_i/register_file_i/mem_reg_11__14_

  Ref  DFF        Ref:/WORK/cv32e40p_top/core_i/id_stage_i/register_file_i/mem_reg[11][15]
  Impl DFF        Imp:/WORK/cv32e40p_top/core_i/id_stage_i/register_file_i/mem_reg_11__15_

  Ref  DFF        Ref:/WORK/cv32e40p_top/core_i/id_stage_i/register_file_i/mem_reg[11][16]
  Impl DFF        Imp:/WORK/cv32e40p_top/core_i/id_stage_i/register_file_i/mem_reg_11__16_

  Ref  DFF        Ref:/WORK/cv32e40p_top/core_i/id_stage_i/register_file_i/mem_reg[11][17]
  Impl DFF        Imp:/WORK/cv32e40p_top/core_i/id_stage_i/register_file_i/mem_reg_11__17_

  Ref  DFF        Ref:/WORK/cv32e40p_top/core_i/id_stage_i/register_file_i/mem_reg[11][18]
  Impl DFF        Imp:/WORK/cv32e40p_top/core_i/id_stage_i/register_file_i/mem_reg_11__18_

  Ref  DFF        Ref:/WORK/cv32e40p_top/core_i/id_stage_i/register_file_i/mem_reg[11][19]
  Impl DFF        Imp:/WORK/cv32e40p_top/core_i/id_stage_i/register_file_i/mem_reg_11__19_

  Ref  DFF        Ref:/WORK/cv32e40p_top/core_i/id_stage_i/register_file_i/mem_reg[11][1]
  Impl DFF        Imp:/WORK/cv32e40p_top/core_i/id_stage_i/register_file_i/mem_reg_11__1_

  Ref  DFF        Ref:/WORK/cv32e40p_top/core_i/id_stage_i/register_file_i/mem_reg[11][20]
  Impl DFF        Imp:/WORK/cv32e40p_top/core_i/id_stage_i/register_file_i/mem_reg_11__20_

  Ref  DFF        Ref:/WORK/cv32e40p_top/core_i/id_stage_i/register_file_i/mem_reg[11][21]
  Impl DFF        Imp:/WORK/cv32e40p_top/core_i/id_stage_i/register_file_i/mem_reg_11__21_

  Ref  DFF        Ref:/WORK/cv32e40p_top/core_i/id_stage_i/register_file_i/mem_reg[11][22]
  Impl DFF        Imp:/WORK/cv32e40p_top/core_i/id_stage_i/register_file_i/mem_reg_11__22_

  Ref  DFF        Ref:/WORK/cv32e40p_top/core_i/id_stage_i/register_file_i/mem_reg[11][23]
  Impl DFF        Imp:/WORK/cv32e40p_top/core_i/id_stage_i/register_file_i/mem_reg_11__23_

  Ref  DFF        Ref:/WORK/cv32e40p_top/core_i/id_stage_i/register_file_i/mem_reg[11][24]
  Impl DFF        Imp:/WORK/cv32e40p_top/core_i/id_stage_i/register_file_i/mem_reg_11__24_

  Ref  DFF        Ref:/WORK/cv32e40p_top/core_i/id_stage_i/register_file_i/mem_reg[11][25]
  Impl DFF        Imp:/WORK/cv32e40p_top/core_i/id_stage_i/register_file_i/mem_reg_11__25_

  Ref  DFF        Ref:/WORK/cv32e40p_top/core_i/id_stage_i/register_file_i/mem_reg[11][26]
  Impl DFF        Imp:/WORK/cv32e40p_top/core_i/id_stage_i/register_file_i/mem_reg_11__26_

  Ref  DFF        Ref:/WORK/cv32e40p_top/core_i/id_stage_i/register_file_i/mem_reg[11][27]
  Impl DFF        Imp:/WORK/cv32e40p_top/core_i/id_stage_i/register_file_i/mem_reg_11__27_

  Ref  DFF        Ref:/WORK/cv32e40p_top/core_i/id_stage_i/register_file_i/mem_reg[11][28]
  Impl DFF        Imp:/WORK/cv32e40p_top/core_i/id_stage_i/register_file_i/mem_reg_11__28_

  Ref  DFF        Ref:/WORK/cv32e40p_top/core_i/id_stage_i/register_file_i/mem_reg[11][29]
  Impl DFF        Imp:/WORK/cv32e40p_top/core_i/id_stage_i/register_file_i/mem_reg_11__29_

  Ref  DFF        Ref:/WORK/cv32e40p_top/core_i/id_stage_i/register_file_i/mem_reg[11][2]
  Impl DFF        Imp:/WORK/cv32e40p_top/core_i/id_stage_i/register_file_i/mem_reg_11__2_

  Ref  DFF        Ref:/WORK/cv32e40p_top/core_i/id_stage_i/register_file_i/mem_reg[11][30]
  Impl DFF        Imp:/WORK/cv32e40p_top/core_i/id_stage_i/register_file_i/mem_reg_11__30_

  Ref  DFF        Ref:/WORK/cv32e40p_top/core_i/id_stage_i/register_file_i/mem_reg[11][31]
  Impl DFF        Imp:/WORK/cv32e40p_top/core_i/id_stage_i/register_file_i/mem_reg_11__31_

  Ref  DFF        Ref:/WORK/cv32e40p_top/core_i/id_stage_i/register_file_i/mem_reg[11][3]
  Impl DFF        Imp:/WORK/cv32e40p_top/core_i/id_stage_i/register_file_i/mem_reg_11__3_

  Ref  DFF        Ref:/WORK/cv32e40p_top/core_i/id_stage_i/register_file_i/mem_reg[11][4]
  Impl DFF        Imp:/WORK/cv32e40p_top/core_i/id_stage_i/register_file_i/mem_reg_11__4_

  Ref  DFF        Ref:/WORK/cv32e40p_top/core_i/id_stage_i/register_file_i/mem_reg[11][5]
  Impl DFF        Imp:/WORK/cv32e40p_top/core_i/id_stage_i/register_file_i/mem_reg_11__5_

  Ref  DFF        Ref:/WORK/cv32e40p_top/core_i/id_stage_i/register_file_i/mem_reg[11][6]
  Impl DFF        Imp:/WORK/cv32e40p_top/core_i/id_stage_i/register_file_i/mem_reg_11__6_

  Ref  DFF        Ref:/WORK/cv32e40p_top/core_i/id_stage_i/register_file_i/mem_reg[11][7]
  Impl DFF        Imp:/WORK/cv32e40p_top/core_i/id_stage_i/register_file_i/mem_reg_11__7_

  Ref  DFF        Ref:/WORK/cv32e40p_top/core_i/id_stage_i/register_file_i/mem_reg[11][8]
  Impl DFF        Imp:/WORK/cv32e40p_top/core_i/id_stage_i/register_file_i/mem_reg_11__8_

  Ref  DFF        Ref:/WORK/cv32e40p_top/core_i/id_stage_i/register_file_i/mem_reg[11][9]
  Impl DFF        Imp:/WORK/cv32e40p_top/core_i/id_stage_i/register_file_i/mem_reg_11__9_

  Ref  DFF        Ref:/WORK/cv32e40p_top/core_i/id_stage_i/register_file_i/mem_reg[12][0]
  Impl DFF        Imp:/WORK/cv32e40p_top/core_i/id_stage_i/register_file_i/mem_reg_12__0_

  Ref  DFF        Ref:/WORK/cv32e40p_top/core_i/id_stage_i/register_file_i/mem_reg[12][10]
  Impl DFF        Imp:/WORK/cv32e40p_top/core_i/id_stage_i/register_file_i/mem_reg_12__10_

  Ref  DFF        Ref:/WORK/cv32e40p_top/core_i/id_stage_i/register_file_i/mem_reg[12][11]
  Impl DFF        Imp:/WORK/cv32e40p_top/core_i/id_stage_i/register_file_i/mem_reg_12__11_

  Ref  DFF        Ref:/WORK/cv32e40p_top/core_i/id_stage_i/register_file_i/mem_reg[12][12]
  Impl DFF        Imp:/WORK/cv32e40p_top/core_i/id_stage_i/register_file_i/mem_reg_12__12_

  Ref  DFF        Ref:/WORK/cv32e40p_top/core_i/id_stage_i/register_file_i/mem_reg[12][13]
  Impl DFF        Imp:/WORK/cv32e40p_top/core_i/id_stage_i/register_file_i/mem_reg_12__13_

  Ref  DFF        Ref:/WORK/cv32e40p_top/core_i/id_stage_i/register_file_i/mem_reg[12][14]
  Impl DFF        Imp:/WORK/cv32e40p_top/core_i/id_stage_i/register_file_i/mem_reg_12__14_

  Ref  DFF        Ref:/WORK/cv32e40p_top/core_i/id_stage_i/register_file_i/mem_reg[12][15]
  Impl DFF        Imp:/WORK/cv32e40p_top/core_i/id_stage_i/register_file_i/mem_reg_12__15_

  Ref  DFF        Ref:/WORK/cv32e40p_top/core_i/id_stage_i/register_file_i/mem_reg[12][16]
  Impl DFF        Imp:/WORK/cv32e40p_top/core_i/id_stage_i/register_file_i/mem_reg_12__16_

  Ref  DFF        Ref:/WORK/cv32e40p_top/core_i/id_stage_i/register_file_i/mem_reg[12][17]
  Impl DFF        Imp:/WORK/cv32e40p_top/core_i/id_stage_i/register_file_i/mem_reg_12__17_

  Ref  DFF        Ref:/WORK/cv32e40p_top/core_i/id_stage_i/register_file_i/mem_reg[12][18]
  Impl DFF        Imp:/WORK/cv32e40p_top/core_i/id_stage_i/register_file_i/mem_reg_12__18_

  Ref  DFF        Ref:/WORK/cv32e40p_top/core_i/id_stage_i/register_file_i/mem_reg[12][19]
  Impl DFF        Imp:/WORK/cv32e40p_top/core_i/id_stage_i/register_file_i/mem_reg_12__19_

  Ref  DFF        Ref:/WORK/cv32e40p_top/core_i/id_stage_i/register_file_i/mem_reg[12][1]
  Impl DFF        Imp:/WORK/cv32e40p_top/core_i/id_stage_i/register_file_i/mem_reg_12__1_

  Ref  DFF        Ref:/WORK/cv32e40p_top/core_i/id_stage_i/register_file_i/mem_reg[12][20]
  Impl DFF        Imp:/WORK/cv32e40p_top/core_i/id_stage_i/register_file_i/mem_reg_12__20_

  Ref  DFF        Ref:/WORK/cv32e40p_top/core_i/id_stage_i/register_file_i/mem_reg[12][21]
  Impl DFF        Imp:/WORK/cv32e40p_top/core_i/id_stage_i/register_file_i/mem_reg_12__21_

  Ref  DFF        Ref:/WORK/cv32e40p_top/core_i/id_stage_i/register_file_i/mem_reg[12][22]
  Impl DFF        Imp:/WORK/cv32e40p_top/core_i/id_stage_i/register_file_i/mem_reg_12__22_

  Ref  DFF        Ref:/WORK/cv32e40p_top/core_i/id_stage_i/register_file_i/mem_reg[12][23]
  Impl DFF        Imp:/WORK/cv32e40p_top/core_i/id_stage_i/register_file_i/mem_reg_12__23_

  Ref  DFF        Ref:/WORK/cv32e40p_top/core_i/id_stage_i/register_file_i/mem_reg[12][24]
  Impl DFF        Imp:/WORK/cv32e40p_top/core_i/id_stage_i/register_file_i/mem_reg_12__24_

  Ref  DFF        Ref:/WORK/cv32e40p_top/core_i/id_stage_i/register_file_i/mem_reg[12][25]
  Impl DFF        Imp:/WORK/cv32e40p_top/core_i/id_stage_i/register_file_i/mem_reg_12__25_

  Ref  DFF        Ref:/WORK/cv32e40p_top/core_i/id_stage_i/register_file_i/mem_reg[12][26]
  Impl DFF        Imp:/WORK/cv32e40p_top/core_i/id_stage_i/register_file_i/mem_reg_12__26_

  Ref  DFF        Ref:/WORK/cv32e40p_top/core_i/id_stage_i/register_file_i/mem_reg[12][27]
  Impl DFF        Imp:/WORK/cv32e40p_top/core_i/id_stage_i/register_file_i/mem_reg_12__27_

  Ref  DFF        Ref:/WORK/cv32e40p_top/core_i/id_stage_i/register_file_i/mem_reg[12][28]
  Impl DFF        Imp:/WORK/cv32e40p_top/core_i/id_stage_i/register_file_i/mem_reg_12__28_

  Ref  DFF        Ref:/WORK/cv32e40p_top/core_i/id_stage_i/register_file_i/mem_reg[12][29]
  Impl DFF        Imp:/WORK/cv32e40p_top/core_i/id_stage_i/register_file_i/mem_reg_12__29_

  Ref  DFF        Ref:/WORK/cv32e40p_top/core_i/id_stage_i/register_file_i/mem_reg[12][2]
  Impl DFF        Imp:/WORK/cv32e40p_top/core_i/id_stage_i/register_file_i/mem_reg_12__2_

  Ref  DFF        Ref:/WORK/cv32e40p_top/core_i/id_stage_i/register_file_i/mem_reg[12][30]
  Impl DFF        Imp:/WORK/cv32e40p_top/core_i/id_stage_i/register_file_i/mem_reg_12__30_

  Ref  DFF        Ref:/WORK/cv32e40p_top/core_i/id_stage_i/register_file_i/mem_reg[12][31]
  Impl DFF        Imp:/WORK/cv32e40p_top/core_i/id_stage_i/register_file_i/mem_reg_12__31_

  Ref  DFF        Ref:/WORK/cv32e40p_top/core_i/id_stage_i/register_file_i/mem_reg[12][3]
  Impl DFF        Imp:/WORK/cv32e40p_top/core_i/id_stage_i/register_file_i/mem_reg_12__3_

  Ref  DFF        Ref:/WORK/cv32e40p_top/core_i/id_stage_i/register_file_i/mem_reg[12][4]
  Impl DFF        Imp:/WORK/cv32e40p_top/core_i/id_stage_i/register_file_i/mem_reg_12__4_

  Ref  DFF        Ref:/WORK/cv32e40p_top/core_i/id_stage_i/register_file_i/mem_reg[12][5]
  Impl DFF        Imp:/WORK/cv32e40p_top/core_i/id_stage_i/register_file_i/mem_reg_12__5_

  Ref  DFF        Ref:/WORK/cv32e40p_top/core_i/id_stage_i/register_file_i/mem_reg[12][6]
  Impl DFF        Imp:/WORK/cv32e40p_top/core_i/id_stage_i/register_file_i/mem_reg_12__6_

  Ref  DFF        Ref:/WORK/cv32e40p_top/core_i/id_stage_i/register_file_i/mem_reg[12][7]
  Impl DFF        Imp:/WORK/cv32e40p_top/core_i/id_stage_i/register_file_i/mem_reg_12__7_

  Ref  DFF        Ref:/WORK/cv32e40p_top/core_i/id_stage_i/register_file_i/mem_reg[12][8]
  Impl DFF        Imp:/WORK/cv32e40p_top/core_i/id_stage_i/register_file_i/mem_reg_12__8_

  Ref  DFF        Ref:/WORK/cv32e40p_top/core_i/id_stage_i/register_file_i/mem_reg[12][9]
  Impl DFF        Imp:/WORK/cv32e40p_top/core_i/id_stage_i/register_file_i/mem_reg_12__9_

  Ref  DFF        Ref:/WORK/cv32e40p_top/core_i/id_stage_i/register_file_i/mem_reg[13][0]
  Impl DFF        Imp:/WORK/cv32e40p_top/core_i/id_stage_i/register_file_i/mem_reg_13__0_

  Ref  DFF        Ref:/WORK/cv32e40p_top/core_i/id_stage_i/register_file_i/mem_reg[13][10]
  Impl DFF        Imp:/WORK/cv32e40p_top/core_i/id_stage_i/register_file_i/mem_reg_13__10_

  Ref  DFF        Ref:/WORK/cv32e40p_top/core_i/id_stage_i/register_file_i/mem_reg[13][11]
  Impl DFF        Imp:/WORK/cv32e40p_top/core_i/id_stage_i/register_file_i/mem_reg_13__11_

  Ref  DFF        Ref:/WORK/cv32e40p_top/core_i/id_stage_i/register_file_i/mem_reg[13][12]
  Impl DFF        Imp:/WORK/cv32e40p_top/core_i/id_stage_i/register_file_i/mem_reg_13__12_

  Ref  DFF        Ref:/WORK/cv32e40p_top/core_i/id_stage_i/register_file_i/mem_reg[13][13]
  Impl DFF        Imp:/WORK/cv32e40p_top/core_i/id_stage_i/register_file_i/mem_reg_13__13_

  Ref  DFF        Ref:/WORK/cv32e40p_top/core_i/id_stage_i/register_file_i/mem_reg[13][14]
  Impl DFF        Imp:/WORK/cv32e40p_top/core_i/id_stage_i/register_file_i/mem_reg_13__14_

  Ref  DFF        Ref:/WORK/cv32e40p_top/core_i/id_stage_i/register_file_i/mem_reg[13][15]
  Impl DFF        Imp:/WORK/cv32e40p_top/core_i/id_stage_i/register_file_i/mem_reg_13__15_

  Ref  DFF        Ref:/WORK/cv32e40p_top/core_i/id_stage_i/register_file_i/mem_reg[13][16]
  Impl DFF        Imp:/WORK/cv32e40p_top/core_i/id_stage_i/register_file_i/mem_reg_13__16_

  Ref  DFF        Ref:/WORK/cv32e40p_top/core_i/id_stage_i/register_file_i/mem_reg[13][17]
  Impl DFF        Imp:/WORK/cv32e40p_top/core_i/id_stage_i/register_file_i/mem_reg_13__17_

  Ref  DFF        Ref:/WORK/cv32e40p_top/core_i/id_stage_i/register_file_i/mem_reg[13][18]
  Impl DFF        Imp:/WORK/cv32e40p_top/core_i/id_stage_i/register_file_i/mem_reg_13__18_

  Ref  DFF        Ref:/WORK/cv32e40p_top/core_i/id_stage_i/register_file_i/mem_reg[13][19]
  Impl DFF        Imp:/WORK/cv32e40p_top/core_i/id_stage_i/register_file_i/mem_reg_13__19_

  Ref  DFF        Ref:/WORK/cv32e40p_top/core_i/id_stage_i/register_file_i/mem_reg[13][1]
  Impl DFF        Imp:/WORK/cv32e40p_top/core_i/id_stage_i/register_file_i/mem_reg_13__1_

  Ref  DFF        Ref:/WORK/cv32e40p_top/core_i/id_stage_i/register_file_i/mem_reg[13][20]
  Impl DFF        Imp:/WORK/cv32e40p_top/core_i/id_stage_i/register_file_i/mem_reg_13__20_

  Ref  DFF        Ref:/WORK/cv32e40p_top/core_i/id_stage_i/register_file_i/mem_reg[13][21]
  Impl DFF        Imp:/WORK/cv32e40p_top/core_i/id_stage_i/register_file_i/mem_reg_13__21_

  Ref  DFF        Ref:/WORK/cv32e40p_top/core_i/id_stage_i/register_file_i/mem_reg[13][22]
  Impl DFF        Imp:/WORK/cv32e40p_top/core_i/id_stage_i/register_file_i/mem_reg_13__22_

  Ref  DFF        Ref:/WORK/cv32e40p_top/core_i/id_stage_i/register_file_i/mem_reg[13][23]
  Impl DFF        Imp:/WORK/cv32e40p_top/core_i/id_stage_i/register_file_i/mem_reg_13__23_

  Ref  DFF        Ref:/WORK/cv32e40p_top/core_i/id_stage_i/register_file_i/mem_reg[13][24]
  Impl DFF        Imp:/WORK/cv32e40p_top/core_i/id_stage_i/register_file_i/mem_reg_13__24_

  Ref  DFF        Ref:/WORK/cv32e40p_top/core_i/id_stage_i/register_file_i/mem_reg[13][25]
  Impl DFF        Imp:/WORK/cv32e40p_top/core_i/id_stage_i/register_file_i/mem_reg_13__25_

  Ref  DFF        Ref:/WORK/cv32e40p_top/core_i/id_stage_i/register_file_i/mem_reg[13][26]
  Impl DFF        Imp:/WORK/cv32e40p_top/core_i/id_stage_i/register_file_i/mem_reg_13__26_

  Ref  DFF        Ref:/WORK/cv32e40p_top/core_i/id_stage_i/register_file_i/mem_reg[13][27]
  Impl DFF        Imp:/WORK/cv32e40p_top/core_i/id_stage_i/register_file_i/mem_reg_13__27_

  Ref  DFF        Ref:/WORK/cv32e40p_top/core_i/id_stage_i/register_file_i/mem_reg[13][28]
  Impl DFF        Imp:/WORK/cv32e40p_top/core_i/id_stage_i/register_file_i/mem_reg_13__28_

  Ref  DFF        Ref:/WORK/cv32e40p_top/core_i/id_stage_i/register_file_i/mem_reg[13][29]
  Impl DFF        Imp:/WORK/cv32e40p_top/core_i/id_stage_i/register_file_i/mem_reg_13__29_

  Ref  DFF        Ref:/WORK/cv32e40p_top/core_i/id_stage_i/register_file_i/mem_reg[13][2]
  Impl DFF        Imp:/WORK/cv32e40p_top/core_i/id_stage_i/register_file_i/mem_reg_13__2_

  Ref  DFF        Ref:/WORK/cv32e40p_top/core_i/id_stage_i/register_file_i/mem_reg[13][30]
  Impl DFF        Imp:/WORK/cv32e40p_top/core_i/id_stage_i/register_file_i/mem_reg_13__30_

  Ref  DFF        Ref:/WORK/cv32e40p_top/core_i/id_stage_i/register_file_i/mem_reg[13][31]
  Impl DFF        Imp:/WORK/cv32e40p_top/core_i/id_stage_i/register_file_i/mem_reg_13__31_

  Ref  DFF        Ref:/WORK/cv32e40p_top/core_i/id_stage_i/register_file_i/mem_reg[13][3]
  Impl DFF        Imp:/WORK/cv32e40p_top/core_i/id_stage_i/register_file_i/mem_reg_13__3_

  Ref  DFF        Ref:/WORK/cv32e40p_top/core_i/id_stage_i/register_file_i/mem_reg[13][4]
  Impl DFF        Imp:/WORK/cv32e40p_top/core_i/id_stage_i/register_file_i/mem_reg_13__4_

  Ref  DFF        Ref:/WORK/cv32e40p_top/core_i/id_stage_i/register_file_i/mem_reg[13][5]
  Impl DFF        Imp:/WORK/cv32e40p_top/core_i/id_stage_i/register_file_i/mem_reg_13__5_

  Ref  DFF        Ref:/WORK/cv32e40p_top/core_i/id_stage_i/register_file_i/mem_reg[13][6]
  Impl DFF        Imp:/WORK/cv32e40p_top/core_i/id_stage_i/register_file_i/mem_reg_13__6_

  Ref  DFF        Ref:/WORK/cv32e40p_top/core_i/id_stage_i/register_file_i/mem_reg[13][7]
  Impl DFF        Imp:/WORK/cv32e40p_top/core_i/id_stage_i/register_file_i/mem_reg_13__7_

  Ref  DFF        Ref:/WORK/cv32e40p_top/core_i/id_stage_i/register_file_i/mem_reg[13][8]
  Impl DFF        Imp:/WORK/cv32e40p_top/core_i/id_stage_i/register_file_i/mem_reg_13__8_

  Ref  DFF        Ref:/WORK/cv32e40p_top/core_i/id_stage_i/register_file_i/mem_reg[13][9]
  Impl DFF        Imp:/WORK/cv32e40p_top/core_i/id_stage_i/register_file_i/mem_reg_13__9_

  Ref  DFF        Ref:/WORK/cv32e40p_top/core_i/id_stage_i/register_file_i/mem_reg[14][0]
  Impl DFF        Imp:/WORK/cv32e40p_top/core_i/id_stage_i/register_file_i/mem_reg_14__0_

  Ref  DFF        Ref:/WORK/cv32e40p_top/core_i/id_stage_i/register_file_i/mem_reg[14][10]
  Impl DFF        Imp:/WORK/cv32e40p_top/core_i/id_stage_i/register_file_i/mem_reg_14__10_

  Ref  DFF        Ref:/WORK/cv32e40p_top/core_i/id_stage_i/register_file_i/mem_reg[14][11]
  Impl DFF        Imp:/WORK/cv32e40p_top/core_i/id_stage_i/register_file_i/mem_reg_14__11_

  Ref  DFF        Ref:/WORK/cv32e40p_top/core_i/id_stage_i/register_file_i/mem_reg[14][12]
  Impl DFF        Imp:/WORK/cv32e40p_top/core_i/id_stage_i/register_file_i/mem_reg_14__12_

  Ref  DFF        Ref:/WORK/cv32e40p_top/core_i/id_stage_i/register_file_i/mem_reg[14][13]
  Impl DFF        Imp:/WORK/cv32e40p_top/core_i/id_stage_i/register_file_i/mem_reg_14__13_

  Ref  DFF        Ref:/WORK/cv32e40p_top/core_i/id_stage_i/register_file_i/mem_reg[14][14]
  Impl DFF        Imp:/WORK/cv32e40p_top/core_i/id_stage_i/register_file_i/mem_reg_14__14_

  Ref  DFF        Ref:/WORK/cv32e40p_top/core_i/id_stage_i/register_file_i/mem_reg[14][15]
  Impl DFF        Imp:/WORK/cv32e40p_top/core_i/id_stage_i/register_file_i/mem_reg_14__15_

  Ref  DFF        Ref:/WORK/cv32e40p_top/core_i/id_stage_i/register_file_i/mem_reg[14][16]
  Impl DFF        Imp:/WORK/cv32e40p_top/core_i/id_stage_i/register_file_i/mem_reg_14__16_

  Ref  DFF        Ref:/WORK/cv32e40p_top/core_i/id_stage_i/register_file_i/mem_reg[14][17]
  Impl DFF        Imp:/WORK/cv32e40p_top/core_i/id_stage_i/register_file_i/mem_reg_14__17_

  Ref  DFF        Ref:/WORK/cv32e40p_top/core_i/id_stage_i/register_file_i/mem_reg[14][18]
  Impl DFF        Imp:/WORK/cv32e40p_top/core_i/id_stage_i/register_file_i/mem_reg_14__18_

  Ref  DFF        Ref:/WORK/cv32e40p_top/core_i/id_stage_i/register_file_i/mem_reg[14][19]
  Impl DFF        Imp:/WORK/cv32e40p_top/core_i/id_stage_i/register_file_i/mem_reg_14__19_

  Ref  DFF        Ref:/WORK/cv32e40p_top/core_i/id_stage_i/register_file_i/mem_reg[14][1]
  Impl DFF        Imp:/WORK/cv32e40p_top/core_i/id_stage_i/register_file_i/mem_reg_14__1_

  Ref  DFF        Ref:/WORK/cv32e40p_top/core_i/id_stage_i/register_file_i/mem_reg[14][20]
  Impl DFF        Imp:/WORK/cv32e40p_top/core_i/id_stage_i/register_file_i/mem_reg_14__20_

  Ref  DFF        Ref:/WORK/cv32e40p_top/core_i/id_stage_i/register_file_i/mem_reg[14][21]
  Impl DFF        Imp:/WORK/cv32e40p_top/core_i/id_stage_i/register_file_i/mem_reg_14__21_

  Ref  DFF        Ref:/WORK/cv32e40p_top/core_i/id_stage_i/register_file_i/mem_reg[14][22]
  Impl DFF        Imp:/WORK/cv32e40p_top/core_i/id_stage_i/register_file_i/mem_reg_14__22_

  Ref  DFF        Ref:/WORK/cv32e40p_top/core_i/id_stage_i/register_file_i/mem_reg[14][23]
  Impl DFF        Imp:/WORK/cv32e40p_top/core_i/id_stage_i/register_file_i/mem_reg_14__23_

  Ref  DFF        Ref:/WORK/cv32e40p_top/core_i/id_stage_i/register_file_i/mem_reg[14][24]
  Impl DFF        Imp:/WORK/cv32e40p_top/core_i/id_stage_i/register_file_i/mem_reg_14__24_

  Ref  DFF        Ref:/WORK/cv32e40p_top/core_i/id_stage_i/register_file_i/mem_reg[14][25]
  Impl DFF        Imp:/WORK/cv32e40p_top/core_i/id_stage_i/register_file_i/mem_reg_14__25_

  Ref  DFF        Ref:/WORK/cv32e40p_top/core_i/id_stage_i/register_file_i/mem_reg[14][26]
  Impl DFF        Imp:/WORK/cv32e40p_top/core_i/id_stage_i/register_file_i/mem_reg_14__26_

  Ref  DFF        Ref:/WORK/cv32e40p_top/core_i/id_stage_i/register_file_i/mem_reg[14][27]
  Impl DFF        Imp:/WORK/cv32e40p_top/core_i/id_stage_i/register_file_i/mem_reg_14__27_

  Ref  DFF        Ref:/WORK/cv32e40p_top/core_i/id_stage_i/register_file_i/mem_reg[14][28]
  Impl DFF        Imp:/WORK/cv32e40p_top/core_i/id_stage_i/register_file_i/mem_reg_14__28_

  Ref  DFF        Ref:/WORK/cv32e40p_top/core_i/id_stage_i/register_file_i/mem_reg[14][29]
  Impl DFF        Imp:/WORK/cv32e40p_top/core_i/id_stage_i/register_file_i/mem_reg_14__29_

  Ref  DFF        Ref:/WORK/cv32e40p_top/core_i/id_stage_i/register_file_i/mem_reg[14][2]
  Impl DFF        Imp:/WORK/cv32e40p_top/core_i/id_stage_i/register_file_i/mem_reg_14__2_

  Ref  DFF        Ref:/WORK/cv32e40p_top/core_i/id_stage_i/register_file_i/mem_reg[14][30]
  Impl DFF        Imp:/WORK/cv32e40p_top/core_i/id_stage_i/register_file_i/mem_reg_14__30_

  Ref  DFF        Ref:/WORK/cv32e40p_top/core_i/id_stage_i/register_file_i/mem_reg[14][31]
  Impl DFF        Imp:/WORK/cv32e40p_top/core_i/id_stage_i/register_file_i/mem_reg_14__31_

  Ref  DFF        Ref:/WORK/cv32e40p_top/core_i/id_stage_i/register_file_i/mem_reg[14][3]
  Impl DFF        Imp:/WORK/cv32e40p_top/core_i/id_stage_i/register_file_i/mem_reg_14__3_

  Ref  DFF        Ref:/WORK/cv32e40p_top/core_i/id_stage_i/register_file_i/mem_reg[14][4]
  Impl DFF        Imp:/WORK/cv32e40p_top/core_i/id_stage_i/register_file_i/mem_reg_14__4_

  Ref  DFF        Ref:/WORK/cv32e40p_top/core_i/id_stage_i/register_file_i/mem_reg[14][5]
  Impl DFF        Imp:/WORK/cv32e40p_top/core_i/id_stage_i/register_file_i/mem_reg_14__5_

  Ref  DFF        Ref:/WORK/cv32e40p_top/core_i/id_stage_i/register_file_i/mem_reg[14][6]
  Impl DFF        Imp:/WORK/cv32e40p_top/core_i/id_stage_i/register_file_i/mem_reg_14__6_

  Ref  DFF        Ref:/WORK/cv32e40p_top/core_i/id_stage_i/register_file_i/mem_reg[14][7]
  Impl DFF        Imp:/WORK/cv32e40p_top/core_i/id_stage_i/register_file_i/mem_reg_14__7_

  Ref  DFF        Ref:/WORK/cv32e40p_top/core_i/id_stage_i/register_file_i/mem_reg[14][8]
  Impl DFF        Imp:/WORK/cv32e40p_top/core_i/id_stage_i/register_file_i/mem_reg_14__8_

  Ref  DFF        Ref:/WORK/cv32e40p_top/core_i/id_stage_i/register_file_i/mem_reg[14][9]
  Impl DFF        Imp:/WORK/cv32e40p_top/core_i/id_stage_i/register_file_i/mem_reg_14__9_

  Ref  DFF        Ref:/WORK/cv32e40p_top/core_i/id_stage_i/register_file_i/mem_reg[15][0]
  Impl DFF        Imp:/WORK/cv32e40p_top/core_i/id_stage_i/register_file_i/mem_reg_15__0_

  Ref  DFF        Ref:/WORK/cv32e40p_top/core_i/id_stage_i/register_file_i/mem_reg[15][10]
  Impl DFF        Imp:/WORK/cv32e40p_top/core_i/id_stage_i/register_file_i/mem_reg_15__10_

  Ref  DFF        Ref:/WORK/cv32e40p_top/core_i/id_stage_i/register_file_i/mem_reg[15][11]
  Impl DFF        Imp:/WORK/cv32e40p_top/core_i/id_stage_i/register_file_i/mem_reg_15__11_

  Ref  DFF        Ref:/WORK/cv32e40p_top/core_i/id_stage_i/register_file_i/mem_reg[15][12]
  Impl DFF        Imp:/WORK/cv32e40p_top/core_i/id_stage_i/register_file_i/mem_reg_15__12_

  Ref  DFF        Ref:/WORK/cv32e40p_top/core_i/id_stage_i/register_file_i/mem_reg[15][13]
  Impl DFF        Imp:/WORK/cv32e40p_top/core_i/id_stage_i/register_file_i/mem_reg_15__13_

  Ref  DFF        Ref:/WORK/cv32e40p_top/core_i/id_stage_i/register_file_i/mem_reg[15][14]
  Impl DFF        Imp:/WORK/cv32e40p_top/core_i/id_stage_i/register_file_i/mem_reg_15__14_

  Ref  DFF        Ref:/WORK/cv32e40p_top/core_i/id_stage_i/register_file_i/mem_reg[15][15]
  Impl DFF        Imp:/WORK/cv32e40p_top/core_i/id_stage_i/register_file_i/mem_reg_15__15_

  Ref  DFF        Ref:/WORK/cv32e40p_top/core_i/id_stage_i/register_file_i/mem_reg[15][16]
  Impl DFF        Imp:/WORK/cv32e40p_top/core_i/id_stage_i/register_file_i/mem_reg_15__16_

  Ref  DFF        Ref:/WORK/cv32e40p_top/core_i/id_stage_i/register_file_i/mem_reg[15][17]
  Impl DFF        Imp:/WORK/cv32e40p_top/core_i/id_stage_i/register_file_i/mem_reg_15__17_

  Ref  DFF        Ref:/WORK/cv32e40p_top/core_i/id_stage_i/register_file_i/mem_reg[15][18]
  Impl DFF        Imp:/WORK/cv32e40p_top/core_i/id_stage_i/register_file_i/mem_reg_15__18_

  Ref  DFF        Ref:/WORK/cv32e40p_top/core_i/id_stage_i/register_file_i/mem_reg[15][19]
  Impl DFF        Imp:/WORK/cv32e40p_top/core_i/id_stage_i/register_file_i/mem_reg_15__19_

  Ref  DFF        Ref:/WORK/cv32e40p_top/core_i/id_stage_i/register_file_i/mem_reg[15][1]
  Impl DFF        Imp:/WORK/cv32e40p_top/core_i/id_stage_i/register_file_i/mem_reg_15__1_

  Ref  DFF        Ref:/WORK/cv32e40p_top/core_i/id_stage_i/register_file_i/mem_reg[15][20]
  Impl DFF        Imp:/WORK/cv32e40p_top/core_i/id_stage_i/register_file_i/mem_reg_15__20_

  Ref  DFF        Ref:/WORK/cv32e40p_top/core_i/id_stage_i/register_file_i/mem_reg[15][21]
  Impl DFF        Imp:/WORK/cv32e40p_top/core_i/id_stage_i/register_file_i/mem_reg_15__21_

  Ref  DFF        Ref:/WORK/cv32e40p_top/core_i/id_stage_i/register_file_i/mem_reg[15][22]
  Impl DFF        Imp:/WORK/cv32e40p_top/core_i/id_stage_i/register_file_i/mem_reg_15__22_

  Ref  DFF        Ref:/WORK/cv32e40p_top/core_i/id_stage_i/register_file_i/mem_reg[15][23]
  Impl DFF        Imp:/WORK/cv32e40p_top/core_i/id_stage_i/register_file_i/mem_reg_15__23_

  Ref  DFF        Ref:/WORK/cv32e40p_top/core_i/id_stage_i/register_file_i/mem_reg[15][24]
  Impl DFF        Imp:/WORK/cv32e40p_top/core_i/id_stage_i/register_file_i/mem_reg_15__24_

  Ref  DFF        Ref:/WORK/cv32e40p_top/core_i/id_stage_i/register_file_i/mem_reg[15][25]
  Impl DFF        Imp:/WORK/cv32e40p_top/core_i/id_stage_i/register_file_i/mem_reg_15__25_

  Ref  DFF        Ref:/WORK/cv32e40p_top/core_i/id_stage_i/register_file_i/mem_reg[15][26]
  Impl DFF        Imp:/WORK/cv32e40p_top/core_i/id_stage_i/register_file_i/mem_reg_15__26_

  Ref  DFF        Ref:/WORK/cv32e40p_top/core_i/id_stage_i/register_file_i/mem_reg[15][27]
  Impl DFF        Imp:/WORK/cv32e40p_top/core_i/id_stage_i/register_file_i/mem_reg_15__27_

  Ref  DFF        Ref:/WORK/cv32e40p_top/core_i/id_stage_i/register_file_i/mem_reg[15][28]
  Impl DFF        Imp:/WORK/cv32e40p_top/core_i/id_stage_i/register_file_i/mem_reg_15__28_

  Ref  DFF        Ref:/WORK/cv32e40p_top/core_i/id_stage_i/register_file_i/mem_reg[15][29]
  Impl DFF        Imp:/WORK/cv32e40p_top/core_i/id_stage_i/register_file_i/mem_reg_15__29_

  Ref  DFF        Ref:/WORK/cv32e40p_top/core_i/id_stage_i/register_file_i/mem_reg[15][2]
  Impl DFF        Imp:/WORK/cv32e40p_top/core_i/id_stage_i/register_file_i/mem_reg_15__2_

  Ref  DFF        Ref:/WORK/cv32e40p_top/core_i/id_stage_i/register_file_i/mem_reg[15][30]
  Impl DFF        Imp:/WORK/cv32e40p_top/core_i/id_stage_i/register_file_i/mem_reg_15__30_

  Ref  DFF        Ref:/WORK/cv32e40p_top/core_i/id_stage_i/register_file_i/mem_reg[15][31]
  Impl DFF        Imp:/WORK/cv32e40p_top/core_i/id_stage_i/register_file_i/mem_reg_15__31_

  Ref  DFF        Ref:/WORK/cv32e40p_top/core_i/id_stage_i/register_file_i/mem_reg[15][3]
  Impl DFF        Imp:/WORK/cv32e40p_top/core_i/id_stage_i/register_file_i/mem_reg_15__3_

  Ref  DFF        Ref:/WORK/cv32e40p_top/core_i/id_stage_i/register_file_i/mem_reg[15][4]
  Impl DFF        Imp:/WORK/cv32e40p_top/core_i/id_stage_i/register_file_i/mem_reg_15__4_

  Ref  DFF        Ref:/WORK/cv32e40p_top/core_i/id_stage_i/register_file_i/mem_reg[15][5]
  Impl DFF        Imp:/WORK/cv32e40p_top/core_i/id_stage_i/register_file_i/mem_reg_15__5_

  Ref  DFF        Ref:/WORK/cv32e40p_top/core_i/id_stage_i/register_file_i/mem_reg[15][6]
  Impl DFF        Imp:/WORK/cv32e40p_top/core_i/id_stage_i/register_file_i/mem_reg_15__6_

  Ref  DFF        Ref:/WORK/cv32e40p_top/core_i/id_stage_i/register_file_i/mem_reg[15][7]
  Impl DFF        Imp:/WORK/cv32e40p_top/core_i/id_stage_i/register_file_i/mem_reg_15__7_

  Ref  DFF        Ref:/WORK/cv32e40p_top/core_i/id_stage_i/register_file_i/mem_reg[15][8]
  Impl DFF        Imp:/WORK/cv32e40p_top/core_i/id_stage_i/register_file_i/mem_reg_15__8_

  Ref  DFF        Ref:/WORK/cv32e40p_top/core_i/id_stage_i/register_file_i/mem_reg[15][9]
  Impl DFF        Imp:/WORK/cv32e40p_top/core_i/id_stage_i/register_file_i/mem_reg_15__9_

  Ref  DFF        Ref:/WORK/cv32e40p_top/core_i/id_stage_i/register_file_i/mem_reg[16][0]
  Impl DFF        Imp:/WORK/cv32e40p_top/core_i/id_stage_i/register_file_i/mem_reg_16__0_

  Ref  DFF        Ref:/WORK/cv32e40p_top/core_i/id_stage_i/register_file_i/mem_reg[16][10]
  Impl DFF        Imp:/WORK/cv32e40p_top/core_i/id_stage_i/register_file_i/mem_reg_16__10_

  Ref  DFF        Ref:/WORK/cv32e40p_top/core_i/id_stage_i/register_file_i/mem_reg[16][11]
  Impl DFF        Imp:/WORK/cv32e40p_top/core_i/id_stage_i/register_file_i/mem_reg_16__11_

  Ref  DFF        Ref:/WORK/cv32e40p_top/core_i/id_stage_i/register_file_i/mem_reg[16][12]
  Impl DFF        Imp:/WORK/cv32e40p_top/core_i/id_stage_i/register_file_i/mem_reg_16__12_

  Ref  DFF        Ref:/WORK/cv32e40p_top/core_i/id_stage_i/register_file_i/mem_reg[16][13]
  Impl DFF        Imp:/WORK/cv32e40p_top/core_i/id_stage_i/register_file_i/mem_reg_16__13_

  Ref  DFF        Ref:/WORK/cv32e40p_top/core_i/id_stage_i/register_file_i/mem_reg[16][14]
  Impl DFF        Imp:/WORK/cv32e40p_top/core_i/id_stage_i/register_file_i/mem_reg_16__14_

  Ref  DFF        Ref:/WORK/cv32e40p_top/core_i/id_stage_i/register_file_i/mem_reg[16][15]
  Impl DFF        Imp:/WORK/cv32e40p_top/core_i/id_stage_i/register_file_i/mem_reg_16__15_

  Ref  DFF        Ref:/WORK/cv32e40p_top/core_i/id_stage_i/register_file_i/mem_reg[16][16]
  Impl DFF        Imp:/WORK/cv32e40p_top/core_i/id_stage_i/register_file_i/mem_reg_16__16_

  Ref  DFF        Ref:/WORK/cv32e40p_top/core_i/id_stage_i/register_file_i/mem_reg[16][17]
  Impl DFF        Imp:/WORK/cv32e40p_top/core_i/id_stage_i/register_file_i/mem_reg_16__17_

  Ref  DFF        Ref:/WORK/cv32e40p_top/core_i/id_stage_i/register_file_i/mem_reg[16][18]
  Impl DFF        Imp:/WORK/cv32e40p_top/core_i/id_stage_i/register_file_i/mem_reg_16__18_

  Ref  DFF        Ref:/WORK/cv32e40p_top/core_i/id_stage_i/register_file_i/mem_reg[16][19]
  Impl DFF        Imp:/WORK/cv32e40p_top/core_i/id_stage_i/register_file_i/mem_reg_16__19_

  Ref  DFF        Ref:/WORK/cv32e40p_top/core_i/id_stage_i/register_file_i/mem_reg[16][1]
  Impl DFF        Imp:/WORK/cv32e40p_top/core_i/id_stage_i/register_file_i/mem_reg_16__1_

  Ref  DFF        Ref:/WORK/cv32e40p_top/core_i/id_stage_i/register_file_i/mem_reg[16][20]
  Impl DFF        Imp:/WORK/cv32e40p_top/core_i/id_stage_i/register_file_i/mem_reg_16__20_

  Ref  DFF        Ref:/WORK/cv32e40p_top/core_i/id_stage_i/register_file_i/mem_reg[16][21]
  Impl DFF        Imp:/WORK/cv32e40p_top/core_i/id_stage_i/register_file_i/mem_reg_16__21_

  Ref  DFF        Ref:/WORK/cv32e40p_top/core_i/id_stage_i/register_file_i/mem_reg[16][22]
  Impl DFF        Imp:/WORK/cv32e40p_top/core_i/id_stage_i/register_file_i/mem_reg_16__22_

  Ref  DFF        Ref:/WORK/cv32e40p_top/core_i/id_stage_i/register_file_i/mem_reg[16][23]
  Impl DFF        Imp:/WORK/cv32e40p_top/core_i/id_stage_i/register_file_i/mem_reg_16__23_

  Ref  DFF        Ref:/WORK/cv32e40p_top/core_i/id_stage_i/register_file_i/mem_reg[16][24]
  Impl DFF        Imp:/WORK/cv32e40p_top/core_i/id_stage_i/register_file_i/mem_reg_16__24_

  Ref  DFF        Ref:/WORK/cv32e40p_top/core_i/id_stage_i/register_file_i/mem_reg[16][25]
  Impl DFF        Imp:/WORK/cv32e40p_top/core_i/id_stage_i/register_file_i/mem_reg_16__25_

  Ref  DFF        Ref:/WORK/cv32e40p_top/core_i/id_stage_i/register_file_i/mem_reg[16][26]
  Impl DFF        Imp:/WORK/cv32e40p_top/core_i/id_stage_i/register_file_i/mem_reg_16__26_

  Ref  DFF        Ref:/WORK/cv32e40p_top/core_i/id_stage_i/register_file_i/mem_reg[16][27]
  Impl DFF        Imp:/WORK/cv32e40p_top/core_i/id_stage_i/register_file_i/mem_reg_16__27_

  Ref  DFF        Ref:/WORK/cv32e40p_top/core_i/id_stage_i/register_file_i/mem_reg[16][28]
  Impl DFF        Imp:/WORK/cv32e40p_top/core_i/id_stage_i/register_file_i/mem_reg_16__28_

  Ref  DFF        Ref:/WORK/cv32e40p_top/core_i/id_stage_i/register_file_i/mem_reg[16][29]
  Impl DFF        Imp:/WORK/cv32e40p_top/core_i/id_stage_i/register_file_i/mem_reg_16__29_

  Ref  DFF        Ref:/WORK/cv32e40p_top/core_i/id_stage_i/register_file_i/mem_reg[16][2]
  Impl DFF        Imp:/WORK/cv32e40p_top/core_i/id_stage_i/register_file_i/mem_reg_16__2_

  Ref  DFF        Ref:/WORK/cv32e40p_top/core_i/id_stage_i/register_file_i/mem_reg[16][30]
  Impl DFF        Imp:/WORK/cv32e40p_top/core_i/id_stage_i/register_file_i/mem_reg_16__30_

  Ref  DFF        Ref:/WORK/cv32e40p_top/core_i/id_stage_i/register_file_i/mem_reg[16][31]
  Impl DFF        Imp:/WORK/cv32e40p_top/core_i/id_stage_i/register_file_i/mem_reg_16__31_

  Ref  DFF        Ref:/WORK/cv32e40p_top/core_i/id_stage_i/register_file_i/mem_reg[16][3]
  Impl DFF        Imp:/WORK/cv32e40p_top/core_i/id_stage_i/register_file_i/mem_reg_16__3_

  Ref  DFF        Ref:/WORK/cv32e40p_top/core_i/id_stage_i/register_file_i/mem_reg[16][4]
  Impl DFF        Imp:/WORK/cv32e40p_top/core_i/id_stage_i/register_file_i/mem_reg_16__4_

  Ref  DFF        Ref:/WORK/cv32e40p_top/core_i/id_stage_i/register_file_i/mem_reg[16][5]
  Impl DFF        Imp:/WORK/cv32e40p_top/core_i/id_stage_i/register_file_i/mem_reg_16__5_

  Ref  DFF        Ref:/WORK/cv32e40p_top/core_i/id_stage_i/register_file_i/mem_reg[16][6]
  Impl DFF        Imp:/WORK/cv32e40p_top/core_i/id_stage_i/register_file_i/mem_reg_16__6_

  Ref  DFF        Ref:/WORK/cv32e40p_top/core_i/id_stage_i/register_file_i/mem_reg[16][7]
  Impl DFF        Imp:/WORK/cv32e40p_top/core_i/id_stage_i/register_file_i/mem_reg_16__7_

  Ref  DFF        Ref:/WORK/cv32e40p_top/core_i/id_stage_i/register_file_i/mem_reg[16][8]
  Impl DFF        Imp:/WORK/cv32e40p_top/core_i/id_stage_i/register_file_i/mem_reg_16__8_

  Ref  DFF        Ref:/WORK/cv32e40p_top/core_i/id_stage_i/register_file_i/mem_reg[16][9]
  Impl DFF        Imp:/WORK/cv32e40p_top/core_i/id_stage_i/register_file_i/mem_reg_16__9_

  Ref  DFF        Ref:/WORK/cv32e40p_top/core_i/id_stage_i/register_file_i/mem_reg[17][0]
  Impl DFF        Imp:/WORK/cv32e40p_top/core_i/id_stage_i/register_file_i/mem_reg_17__0_

  Ref  DFF        Ref:/WORK/cv32e40p_top/core_i/id_stage_i/register_file_i/mem_reg[17][10]
  Impl DFF        Imp:/WORK/cv32e40p_top/core_i/id_stage_i/register_file_i/mem_reg_17__10_

  Ref  DFF        Ref:/WORK/cv32e40p_top/core_i/id_stage_i/register_file_i/mem_reg[17][11]
  Impl DFF        Imp:/WORK/cv32e40p_top/core_i/id_stage_i/register_file_i/mem_reg_17__11_

  Ref  DFF        Ref:/WORK/cv32e40p_top/core_i/id_stage_i/register_file_i/mem_reg[17][12]
  Impl DFF        Imp:/WORK/cv32e40p_top/core_i/id_stage_i/register_file_i/mem_reg_17__12_

  Ref  DFF        Ref:/WORK/cv32e40p_top/core_i/id_stage_i/register_file_i/mem_reg[17][13]
  Impl DFF        Imp:/WORK/cv32e40p_top/core_i/id_stage_i/register_file_i/mem_reg_17__13_

  Ref  DFF        Ref:/WORK/cv32e40p_top/core_i/id_stage_i/register_file_i/mem_reg[17][14]
  Impl DFF        Imp:/WORK/cv32e40p_top/core_i/id_stage_i/register_file_i/mem_reg_17__14_

  Ref  DFF        Ref:/WORK/cv32e40p_top/core_i/id_stage_i/register_file_i/mem_reg[17][15]
  Impl DFF        Imp:/WORK/cv32e40p_top/core_i/id_stage_i/register_file_i/mem_reg_17__15_

  Ref  DFF        Ref:/WORK/cv32e40p_top/core_i/id_stage_i/register_file_i/mem_reg[17][16]
  Impl DFF        Imp:/WORK/cv32e40p_top/core_i/id_stage_i/register_file_i/mem_reg_17__16_

  Ref  DFF        Ref:/WORK/cv32e40p_top/core_i/id_stage_i/register_file_i/mem_reg[17][17]
  Impl DFF        Imp:/WORK/cv32e40p_top/core_i/id_stage_i/register_file_i/mem_reg_17__17_

  Ref  DFF        Ref:/WORK/cv32e40p_top/core_i/id_stage_i/register_file_i/mem_reg[17][18]
  Impl DFF        Imp:/WORK/cv32e40p_top/core_i/id_stage_i/register_file_i/mem_reg_17__18_

  Ref  DFF        Ref:/WORK/cv32e40p_top/core_i/id_stage_i/register_file_i/mem_reg[17][19]
  Impl DFF        Imp:/WORK/cv32e40p_top/core_i/id_stage_i/register_file_i/mem_reg_17__19_

  Ref  DFF        Ref:/WORK/cv32e40p_top/core_i/id_stage_i/register_file_i/mem_reg[17][1]
  Impl DFF        Imp:/WORK/cv32e40p_top/core_i/id_stage_i/register_file_i/mem_reg_17__1_

  Ref  DFF        Ref:/WORK/cv32e40p_top/core_i/id_stage_i/register_file_i/mem_reg[17][20]
  Impl DFF        Imp:/WORK/cv32e40p_top/core_i/id_stage_i/register_file_i/mem_reg_17__20_

  Ref  DFF        Ref:/WORK/cv32e40p_top/core_i/id_stage_i/register_file_i/mem_reg[17][21]
  Impl DFF        Imp:/WORK/cv32e40p_top/core_i/id_stage_i/register_file_i/mem_reg_17__21_

  Ref  DFF        Ref:/WORK/cv32e40p_top/core_i/id_stage_i/register_file_i/mem_reg[17][22]
  Impl DFF        Imp:/WORK/cv32e40p_top/core_i/id_stage_i/register_file_i/mem_reg_17__22_

  Ref  DFF        Ref:/WORK/cv32e40p_top/core_i/id_stage_i/register_file_i/mem_reg[17][23]
  Impl DFF        Imp:/WORK/cv32e40p_top/core_i/id_stage_i/register_file_i/mem_reg_17__23_

  Ref  DFF        Ref:/WORK/cv32e40p_top/core_i/id_stage_i/register_file_i/mem_reg[17][24]
  Impl DFF        Imp:/WORK/cv32e40p_top/core_i/id_stage_i/register_file_i/mem_reg_17__24_

  Ref  DFF        Ref:/WORK/cv32e40p_top/core_i/id_stage_i/register_file_i/mem_reg[17][25]
  Impl DFF        Imp:/WORK/cv32e40p_top/core_i/id_stage_i/register_file_i/mem_reg_17__25_

  Ref  DFF        Ref:/WORK/cv32e40p_top/core_i/id_stage_i/register_file_i/mem_reg[17][26]
  Impl DFF        Imp:/WORK/cv32e40p_top/core_i/id_stage_i/register_file_i/mem_reg_17__26_

  Ref  DFF        Ref:/WORK/cv32e40p_top/core_i/id_stage_i/register_file_i/mem_reg[17][27]
  Impl DFF        Imp:/WORK/cv32e40p_top/core_i/id_stage_i/register_file_i/mem_reg_17__27_

  Ref  DFF        Ref:/WORK/cv32e40p_top/core_i/id_stage_i/register_file_i/mem_reg[17][28]
  Impl DFF        Imp:/WORK/cv32e40p_top/core_i/id_stage_i/register_file_i/mem_reg_17__28_

  Ref  DFF        Ref:/WORK/cv32e40p_top/core_i/id_stage_i/register_file_i/mem_reg[17][29]
  Impl DFF        Imp:/WORK/cv32e40p_top/core_i/id_stage_i/register_file_i/mem_reg_17__29_

  Ref  DFF        Ref:/WORK/cv32e40p_top/core_i/id_stage_i/register_file_i/mem_reg[17][2]
  Impl DFF        Imp:/WORK/cv32e40p_top/core_i/id_stage_i/register_file_i/mem_reg_17__2_

  Ref  DFF        Ref:/WORK/cv32e40p_top/core_i/id_stage_i/register_file_i/mem_reg[17][30]
  Impl DFF        Imp:/WORK/cv32e40p_top/core_i/id_stage_i/register_file_i/mem_reg_17__30_

  Ref  DFF        Ref:/WORK/cv32e40p_top/core_i/id_stage_i/register_file_i/mem_reg[17][31]
  Impl DFF        Imp:/WORK/cv32e40p_top/core_i/id_stage_i/register_file_i/mem_reg_17__31_

  Ref  DFF        Ref:/WORK/cv32e40p_top/core_i/id_stage_i/register_file_i/mem_reg[17][3]
  Impl DFF        Imp:/WORK/cv32e40p_top/core_i/id_stage_i/register_file_i/mem_reg_17__3_

  Ref  DFF        Ref:/WORK/cv32e40p_top/core_i/id_stage_i/register_file_i/mem_reg[17][4]
  Impl DFF        Imp:/WORK/cv32e40p_top/core_i/id_stage_i/register_file_i/mem_reg_17__4_

  Ref  DFF        Ref:/WORK/cv32e40p_top/core_i/id_stage_i/register_file_i/mem_reg[17][5]
  Impl DFF        Imp:/WORK/cv32e40p_top/core_i/id_stage_i/register_file_i/mem_reg_17__5_

  Ref  DFF        Ref:/WORK/cv32e40p_top/core_i/id_stage_i/register_file_i/mem_reg[17][6]
  Impl DFF        Imp:/WORK/cv32e40p_top/core_i/id_stage_i/register_file_i/mem_reg_17__6_

  Ref  DFF        Ref:/WORK/cv32e40p_top/core_i/id_stage_i/register_file_i/mem_reg[17][7]
  Impl DFF        Imp:/WORK/cv32e40p_top/core_i/id_stage_i/register_file_i/mem_reg_17__7_

  Ref  DFF        Ref:/WORK/cv32e40p_top/core_i/id_stage_i/register_file_i/mem_reg[17][8]
  Impl DFF        Imp:/WORK/cv32e40p_top/core_i/id_stage_i/register_file_i/mem_reg_17__8_

  Ref  DFF        Ref:/WORK/cv32e40p_top/core_i/id_stage_i/register_file_i/mem_reg[17][9]
  Impl DFF        Imp:/WORK/cv32e40p_top/core_i/id_stage_i/register_file_i/mem_reg_17__9_

  Ref  DFF        Ref:/WORK/cv32e40p_top/core_i/id_stage_i/register_file_i/mem_reg[18][0]
  Impl DFF        Imp:/WORK/cv32e40p_top/core_i/id_stage_i/register_file_i/mem_reg_18__0_

  Ref  DFF        Ref:/WORK/cv32e40p_top/core_i/id_stage_i/register_file_i/mem_reg[18][10]
  Impl DFF        Imp:/WORK/cv32e40p_top/core_i/id_stage_i/register_file_i/mem_reg_18__10_

  Ref  DFF        Ref:/WORK/cv32e40p_top/core_i/id_stage_i/register_file_i/mem_reg[18][11]
  Impl DFF        Imp:/WORK/cv32e40p_top/core_i/id_stage_i/register_file_i/mem_reg_18__11_

  Ref  DFF        Ref:/WORK/cv32e40p_top/core_i/id_stage_i/register_file_i/mem_reg[18][12]
  Impl DFF        Imp:/WORK/cv32e40p_top/core_i/id_stage_i/register_file_i/mem_reg_18__12_

  Ref  DFF        Ref:/WORK/cv32e40p_top/core_i/id_stage_i/register_file_i/mem_reg[18][13]
  Impl DFF        Imp:/WORK/cv32e40p_top/core_i/id_stage_i/register_file_i/mem_reg_18__13_

  Ref  DFF        Ref:/WORK/cv32e40p_top/core_i/id_stage_i/register_file_i/mem_reg[18][14]
  Impl DFF        Imp:/WORK/cv32e40p_top/core_i/id_stage_i/register_file_i/mem_reg_18__14_

  Ref  DFF        Ref:/WORK/cv32e40p_top/core_i/id_stage_i/register_file_i/mem_reg[18][15]
  Impl DFF        Imp:/WORK/cv32e40p_top/core_i/id_stage_i/register_file_i/mem_reg_18__15_

  Ref  DFF        Ref:/WORK/cv32e40p_top/core_i/id_stage_i/register_file_i/mem_reg[18][16]
  Impl DFF        Imp:/WORK/cv32e40p_top/core_i/id_stage_i/register_file_i/mem_reg_18__16_

  Ref  DFF        Ref:/WORK/cv32e40p_top/core_i/id_stage_i/register_file_i/mem_reg[18][17]
  Impl DFF        Imp:/WORK/cv32e40p_top/core_i/id_stage_i/register_file_i/mem_reg_18__17_

  Ref  DFF        Ref:/WORK/cv32e40p_top/core_i/id_stage_i/register_file_i/mem_reg[18][18]
  Impl DFF        Imp:/WORK/cv32e40p_top/core_i/id_stage_i/register_file_i/mem_reg_18__18_

  Ref  DFF        Ref:/WORK/cv32e40p_top/core_i/id_stage_i/register_file_i/mem_reg[18][19]
  Impl DFF        Imp:/WORK/cv32e40p_top/core_i/id_stage_i/register_file_i/mem_reg_18__19_

  Ref  DFF        Ref:/WORK/cv32e40p_top/core_i/id_stage_i/register_file_i/mem_reg[18][1]
  Impl DFF        Imp:/WORK/cv32e40p_top/core_i/id_stage_i/register_file_i/mem_reg_18__1_

  Ref  DFF        Ref:/WORK/cv32e40p_top/core_i/id_stage_i/register_file_i/mem_reg[18][20]
  Impl DFF        Imp:/WORK/cv32e40p_top/core_i/id_stage_i/register_file_i/mem_reg_18__20_

  Ref  DFF        Ref:/WORK/cv32e40p_top/core_i/id_stage_i/register_file_i/mem_reg[18][21]
  Impl DFF        Imp:/WORK/cv32e40p_top/core_i/id_stage_i/register_file_i/mem_reg_18__21_

  Ref  DFF        Ref:/WORK/cv32e40p_top/core_i/id_stage_i/register_file_i/mem_reg[18][22]
  Impl DFF        Imp:/WORK/cv32e40p_top/core_i/id_stage_i/register_file_i/mem_reg_18__22_

  Ref  DFF        Ref:/WORK/cv32e40p_top/core_i/id_stage_i/register_file_i/mem_reg[18][23]
  Impl DFF        Imp:/WORK/cv32e40p_top/core_i/id_stage_i/register_file_i/mem_reg_18__23_

  Ref  DFF        Ref:/WORK/cv32e40p_top/core_i/id_stage_i/register_file_i/mem_reg[18][24]
  Impl DFF        Imp:/WORK/cv32e40p_top/core_i/id_stage_i/register_file_i/mem_reg_18__24_

  Ref  DFF        Ref:/WORK/cv32e40p_top/core_i/id_stage_i/register_file_i/mem_reg[18][25]
  Impl DFF        Imp:/WORK/cv32e40p_top/core_i/id_stage_i/register_file_i/mem_reg_18__25_

  Ref  DFF        Ref:/WORK/cv32e40p_top/core_i/id_stage_i/register_file_i/mem_reg[18][26]
  Impl DFF        Imp:/WORK/cv32e40p_top/core_i/id_stage_i/register_file_i/mem_reg_18__26_

  Ref  DFF        Ref:/WORK/cv32e40p_top/core_i/id_stage_i/register_file_i/mem_reg[18][27]
  Impl DFF        Imp:/WORK/cv32e40p_top/core_i/id_stage_i/register_file_i/mem_reg_18__27_

  Ref  DFF        Ref:/WORK/cv32e40p_top/core_i/id_stage_i/register_file_i/mem_reg[18][28]
  Impl DFF        Imp:/WORK/cv32e40p_top/core_i/id_stage_i/register_file_i/mem_reg_18__28_

  Ref  DFF        Ref:/WORK/cv32e40p_top/core_i/id_stage_i/register_file_i/mem_reg[18][29]
  Impl DFF        Imp:/WORK/cv32e40p_top/core_i/id_stage_i/register_file_i/mem_reg_18__29_

  Ref  DFF        Ref:/WORK/cv32e40p_top/core_i/id_stage_i/register_file_i/mem_reg[18][2]
  Impl DFF        Imp:/WORK/cv32e40p_top/core_i/id_stage_i/register_file_i/mem_reg_18__2_

  Ref  DFF        Ref:/WORK/cv32e40p_top/core_i/id_stage_i/register_file_i/mem_reg[18][30]
  Impl DFF        Imp:/WORK/cv32e40p_top/core_i/id_stage_i/register_file_i/mem_reg_18__30_

  Ref  DFF        Ref:/WORK/cv32e40p_top/core_i/id_stage_i/register_file_i/mem_reg[18][31]
  Impl DFF        Imp:/WORK/cv32e40p_top/core_i/id_stage_i/register_file_i/mem_reg_18__31_

  Ref  DFF        Ref:/WORK/cv32e40p_top/core_i/id_stage_i/register_file_i/mem_reg[18][3]
  Impl DFF        Imp:/WORK/cv32e40p_top/core_i/id_stage_i/register_file_i/mem_reg_18__3_

  Ref  DFF        Ref:/WORK/cv32e40p_top/core_i/id_stage_i/register_file_i/mem_reg[18][4]
  Impl DFF        Imp:/WORK/cv32e40p_top/core_i/id_stage_i/register_file_i/mem_reg_18__4_

  Ref  DFF        Ref:/WORK/cv32e40p_top/core_i/id_stage_i/register_file_i/mem_reg[18][5]
  Impl DFF        Imp:/WORK/cv32e40p_top/core_i/id_stage_i/register_file_i/mem_reg_18__5_

  Ref  DFF        Ref:/WORK/cv32e40p_top/core_i/id_stage_i/register_file_i/mem_reg[18][6]
  Impl DFF        Imp:/WORK/cv32e40p_top/core_i/id_stage_i/register_file_i/mem_reg_18__6_

  Ref  DFF        Ref:/WORK/cv32e40p_top/core_i/id_stage_i/register_file_i/mem_reg[18][7]
  Impl DFF        Imp:/WORK/cv32e40p_top/core_i/id_stage_i/register_file_i/mem_reg_18__7_

  Ref  DFF        Ref:/WORK/cv32e40p_top/core_i/id_stage_i/register_file_i/mem_reg[18][8]
  Impl DFF        Imp:/WORK/cv32e40p_top/core_i/id_stage_i/register_file_i/mem_reg_18__8_

  Ref  DFF        Ref:/WORK/cv32e40p_top/core_i/id_stage_i/register_file_i/mem_reg[18][9]
  Impl DFF        Imp:/WORK/cv32e40p_top/core_i/id_stage_i/register_file_i/mem_reg_18__9_

  Ref  DFF        Ref:/WORK/cv32e40p_top/core_i/id_stage_i/register_file_i/mem_reg[19][0]
  Impl DFF        Imp:/WORK/cv32e40p_top/core_i/id_stage_i/register_file_i/mem_reg_19__0_

  Ref  DFF        Ref:/WORK/cv32e40p_top/core_i/id_stage_i/register_file_i/mem_reg[19][10]
  Impl DFF        Imp:/WORK/cv32e40p_top/core_i/id_stage_i/register_file_i/mem_reg_19__10_

  Ref  DFF        Ref:/WORK/cv32e40p_top/core_i/id_stage_i/register_file_i/mem_reg[19][11]
  Impl DFF        Imp:/WORK/cv32e40p_top/core_i/id_stage_i/register_file_i/mem_reg_19__11_

  Ref  DFF        Ref:/WORK/cv32e40p_top/core_i/id_stage_i/register_file_i/mem_reg[19][12]
  Impl DFF        Imp:/WORK/cv32e40p_top/core_i/id_stage_i/register_file_i/mem_reg_19__12_

  Ref  DFF        Ref:/WORK/cv32e40p_top/core_i/id_stage_i/register_file_i/mem_reg[19][13]
  Impl DFF        Imp:/WORK/cv32e40p_top/core_i/id_stage_i/register_file_i/mem_reg_19__13_

  Ref  DFF        Ref:/WORK/cv32e40p_top/core_i/id_stage_i/register_file_i/mem_reg[19][14]
  Impl DFF        Imp:/WORK/cv32e40p_top/core_i/id_stage_i/register_file_i/mem_reg_19__14_

  Ref  DFF        Ref:/WORK/cv32e40p_top/core_i/id_stage_i/register_file_i/mem_reg[19][15]
  Impl DFF        Imp:/WORK/cv32e40p_top/core_i/id_stage_i/register_file_i/mem_reg_19__15_

  Ref  DFF        Ref:/WORK/cv32e40p_top/core_i/id_stage_i/register_file_i/mem_reg[19][16]
  Impl DFF        Imp:/WORK/cv32e40p_top/core_i/id_stage_i/register_file_i/mem_reg_19__16_

  Ref  DFF        Ref:/WORK/cv32e40p_top/core_i/id_stage_i/register_file_i/mem_reg[19][17]
  Impl DFF        Imp:/WORK/cv32e40p_top/core_i/id_stage_i/register_file_i/mem_reg_19__17_

  Ref  DFF        Ref:/WORK/cv32e40p_top/core_i/id_stage_i/register_file_i/mem_reg[19][18]
  Impl DFF        Imp:/WORK/cv32e40p_top/core_i/id_stage_i/register_file_i/mem_reg_19__18_

  Ref  DFF        Ref:/WORK/cv32e40p_top/core_i/id_stage_i/register_file_i/mem_reg[19][19]
  Impl DFF        Imp:/WORK/cv32e40p_top/core_i/id_stage_i/register_file_i/mem_reg_19__19_

  Ref  DFF        Ref:/WORK/cv32e40p_top/core_i/id_stage_i/register_file_i/mem_reg[19][1]
  Impl DFF        Imp:/WORK/cv32e40p_top/core_i/id_stage_i/register_file_i/mem_reg_19__1_

  Ref  DFF        Ref:/WORK/cv32e40p_top/core_i/id_stage_i/register_file_i/mem_reg[19][20]
  Impl DFF        Imp:/WORK/cv32e40p_top/core_i/id_stage_i/register_file_i/mem_reg_19__20_

  Ref  DFF        Ref:/WORK/cv32e40p_top/core_i/id_stage_i/register_file_i/mem_reg[19][21]
  Impl DFF        Imp:/WORK/cv32e40p_top/core_i/id_stage_i/register_file_i/mem_reg_19__21_

  Ref  DFF        Ref:/WORK/cv32e40p_top/core_i/id_stage_i/register_file_i/mem_reg[19][22]
  Impl DFF        Imp:/WORK/cv32e40p_top/core_i/id_stage_i/register_file_i/mem_reg_19__22_

  Ref  DFF        Ref:/WORK/cv32e40p_top/core_i/id_stage_i/register_file_i/mem_reg[19][23]
  Impl DFF        Imp:/WORK/cv32e40p_top/core_i/id_stage_i/register_file_i/mem_reg_19__23_

  Ref  DFF        Ref:/WORK/cv32e40p_top/core_i/id_stage_i/register_file_i/mem_reg[19][24]
  Impl DFF        Imp:/WORK/cv32e40p_top/core_i/id_stage_i/register_file_i/mem_reg_19__24_

  Ref  DFF        Ref:/WORK/cv32e40p_top/core_i/id_stage_i/register_file_i/mem_reg[19][25]
  Impl DFF        Imp:/WORK/cv32e40p_top/core_i/id_stage_i/register_file_i/mem_reg_19__25_

  Ref  DFF        Ref:/WORK/cv32e40p_top/core_i/id_stage_i/register_file_i/mem_reg[19][26]
  Impl DFF        Imp:/WORK/cv32e40p_top/core_i/id_stage_i/register_file_i/mem_reg_19__26_

  Ref  DFF        Ref:/WORK/cv32e40p_top/core_i/id_stage_i/register_file_i/mem_reg[19][27]
  Impl DFF        Imp:/WORK/cv32e40p_top/core_i/id_stage_i/register_file_i/mem_reg_19__27_

  Ref  DFF        Ref:/WORK/cv32e40p_top/core_i/id_stage_i/register_file_i/mem_reg[19][28]
  Impl DFF        Imp:/WORK/cv32e40p_top/core_i/id_stage_i/register_file_i/mem_reg_19__28_

  Ref  DFF        Ref:/WORK/cv32e40p_top/core_i/id_stage_i/register_file_i/mem_reg[19][29]
  Impl DFF        Imp:/WORK/cv32e40p_top/core_i/id_stage_i/register_file_i/mem_reg_19__29_

  Ref  DFF        Ref:/WORK/cv32e40p_top/core_i/id_stage_i/register_file_i/mem_reg[19][2]
  Impl DFF        Imp:/WORK/cv32e40p_top/core_i/id_stage_i/register_file_i/mem_reg_19__2_

  Ref  DFF        Ref:/WORK/cv32e40p_top/core_i/id_stage_i/register_file_i/mem_reg[19][30]
  Impl DFF        Imp:/WORK/cv32e40p_top/core_i/id_stage_i/register_file_i/mem_reg_19__30_

  Ref  DFF        Ref:/WORK/cv32e40p_top/core_i/id_stage_i/register_file_i/mem_reg[19][31]
  Impl DFF        Imp:/WORK/cv32e40p_top/core_i/id_stage_i/register_file_i/mem_reg_19__31_

  Ref  DFF        Ref:/WORK/cv32e40p_top/core_i/id_stage_i/register_file_i/mem_reg[19][3]
  Impl DFF        Imp:/WORK/cv32e40p_top/core_i/id_stage_i/register_file_i/mem_reg_19__3_

  Ref  DFF        Ref:/WORK/cv32e40p_top/core_i/id_stage_i/register_file_i/mem_reg[19][4]
  Impl DFF        Imp:/WORK/cv32e40p_top/core_i/id_stage_i/register_file_i/mem_reg_19__4_

  Ref  DFF        Ref:/WORK/cv32e40p_top/core_i/id_stage_i/register_file_i/mem_reg[19][5]
  Impl DFF        Imp:/WORK/cv32e40p_top/core_i/id_stage_i/register_file_i/mem_reg_19__5_

  Ref  DFF        Ref:/WORK/cv32e40p_top/core_i/id_stage_i/register_file_i/mem_reg[19][6]
  Impl DFF        Imp:/WORK/cv32e40p_top/core_i/id_stage_i/register_file_i/mem_reg_19__6_

  Ref  DFF        Ref:/WORK/cv32e40p_top/core_i/id_stage_i/register_file_i/mem_reg[19][7]
  Impl DFF        Imp:/WORK/cv32e40p_top/core_i/id_stage_i/register_file_i/mem_reg_19__7_

  Ref  DFF        Ref:/WORK/cv32e40p_top/core_i/id_stage_i/register_file_i/mem_reg[19][8]
  Impl DFF        Imp:/WORK/cv32e40p_top/core_i/id_stage_i/register_file_i/mem_reg_19__8_

  Ref  DFF        Ref:/WORK/cv32e40p_top/core_i/id_stage_i/register_file_i/mem_reg[19][9]
  Impl DFF        Imp:/WORK/cv32e40p_top/core_i/id_stage_i/register_file_i/mem_reg_19__9_

  Ref  DFF        Ref:/WORK/cv32e40p_top/core_i/id_stage_i/register_file_i/mem_reg[1][0]
  Impl DFF        Imp:/WORK/cv32e40p_top/core_i/id_stage_i/register_file_i/mem_reg_1__0_

  Ref  DFF        Ref:/WORK/cv32e40p_top/core_i/id_stage_i/register_file_i/mem_reg[1][10]
  Impl DFF        Imp:/WORK/cv32e40p_top/core_i/id_stage_i/register_file_i/mem_reg_1__10_

  Ref  DFF        Ref:/WORK/cv32e40p_top/core_i/id_stage_i/register_file_i/mem_reg[1][11]
  Impl DFF        Imp:/WORK/cv32e40p_top/core_i/id_stage_i/register_file_i/mem_reg_1__11_

  Ref  DFF        Ref:/WORK/cv32e40p_top/core_i/id_stage_i/register_file_i/mem_reg[1][12]
  Impl DFF        Imp:/WORK/cv32e40p_top/core_i/id_stage_i/register_file_i/mem_reg_1__12_

  Ref  DFF        Ref:/WORK/cv32e40p_top/core_i/id_stage_i/register_file_i/mem_reg[1][13]
  Impl DFF        Imp:/WORK/cv32e40p_top/core_i/id_stage_i/register_file_i/mem_reg_1__13_

  Ref  DFF        Ref:/WORK/cv32e40p_top/core_i/id_stage_i/register_file_i/mem_reg[1][14]
  Impl DFF        Imp:/WORK/cv32e40p_top/core_i/id_stage_i/register_file_i/mem_reg_1__14_

  Ref  DFF        Ref:/WORK/cv32e40p_top/core_i/id_stage_i/register_file_i/mem_reg[1][15]
  Impl DFF        Imp:/WORK/cv32e40p_top/core_i/id_stage_i/register_file_i/mem_reg_1__15_

  Ref  DFF        Ref:/WORK/cv32e40p_top/core_i/id_stage_i/register_file_i/mem_reg[1][16]
  Impl DFF        Imp:/WORK/cv32e40p_top/core_i/id_stage_i/register_file_i/mem_reg_1__16_

  Ref  DFF        Ref:/WORK/cv32e40p_top/core_i/id_stage_i/register_file_i/mem_reg[1][17]
  Impl DFF        Imp:/WORK/cv32e40p_top/core_i/id_stage_i/register_file_i/mem_reg_1__17_

  Ref  DFF        Ref:/WORK/cv32e40p_top/core_i/id_stage_i/register_file_i/mem_reg[1][18]
  Impl DFF        Imp:/WORK/cv32e40p_top/core_i/id_stage_i/register_file_i/mem_reg_1__18_

  Ref  DFF        Ref:/WORK/cv32e40p_top/core_i/id_stage_i/register_file_i/mem_reg[1][19]
  Impl DFF        Imp:/WORK/cv32e40p_top/core_i/id_stage_i/register_file_i/mem_reg_1__19_

  Ref  DFF        Ref:/WORK/cv32e40p_top/core_i/id_stage_i/register_file_i/mem_reg[1][1]
  Impl DFF        Imp:/WORK/cv32e40p_top/core_i/id_stage_i/register_file_i/mem_reg_1__1_

  Ref  DFF        Ref:/WORK/cv32e40p_top/core_i/id_stage_i/register_file_i/mem_reg[1][20]
  Impl DFF        Imp:/WORK/cv32e40p_top/core_i/id_stage_i/register_file_i/mem_reg_1__20_

  Ref  DFF        Ref:/WORK/cv32e40p_top/core_i/id_stage_i/register_file_i/mem_reg[1][21]
  Impl DFF        Imp:/WORK/cv32e40p_top/core_i/id_stage_i/register_file_i/mem_reg_1__21_

  Ref  DFF        Ref:/WORK/cv32e40p_top/core_i/id_stage_i/register_file_i/mem_reg[1][22]
  Impl DFF        Imp:/WORK/cv32e40p_top/core_i/id_stage_i/register_file_i/mem_reg_1__22_

  Ref  DFF        Ref:/WORK/cv32e40p_top/core_i/id_stage_i/register_file_i/mem_reg[1][23]
  Impl DFF        Imp:/WORK/cv32e40p_top/core_i/id_stage_i/register_file_i/mem_reg_1__23_

  Ref  DFF        Ref:/WORK/cv32e40p_top/core_i/id_stage_i/register_file_i/mem_reg[1][24]
  Impl DFF        Imp:/WORK/cv32e40p_top/core_i/id_stage_i/register_file_i/mem_reg_1__24_

  Ref  DFF        Ref:/WORK/cv32e40p_top/core_i/id_stage_i/register_file_i/mem_reg[1][25]
  Impl DFF        Imp:/WORK/cv32e40p_top/core_i/id_stage_i/register_file_i/mem_reg_1__25_

  Ref  DFF        Ref:/WORK/cv32e40p_top/core_i/id_stage_i/register_file_i/mem_reg[1][26]
  Impl DFF        Imp:/WORK/cv32e40p_top/core_i/id_stage_i/register_file_i/mem_reg_1__26_

  Ref  DFF        Ref:/WORK/cv32e40p_top/core_i/id_stage_i/register_file_i/mem_reg[1][27]
  Impl DFF        Imp:/WORK/cv32e40p_top/core_i/id_stage_i/register_file_i/mem_reg_1__27_

  Ref  DFF        Ref:/WORK/cv32e40p_top/core_i/id_stage_i/register_file_i/mem_reg[1][28]
  Impl DFF        Imp:/WORK/cv32e40p_top/core_i/id_stage_i/register_file_i/mem_reg_1__28_

  Ref  DFF        Ref:/WORK/cv32e40p_top/core_i/id_stage_i/register_file_i/mem_reg[1][29]
  Impl DFF        Imp:/WORK/cv32e40p_top/core_i/id_stage_i/register_file_i/mem_reg_1__29_

  Ref  DFF        Ref:/WORK/cv32e40p_top/core_i/id_stage_i/register_file_i/mem_reg[1][2]
  Impl DFF        Imp:/WORK/cv32e40p_top/core_i/id_stage_i/register_file_i/mem_reg_1__2_

  Ref  DFF        Ref:/WORK/cv32e40p_top/core_i/id_stage_i/register_file_i/mem_reg[1][30]
  Impl DFF        Imp:/WORK/cv32e40p_top/core_i/id_stage_i/register_file_i/mem_reg_1__30_

  Ref  DFF        Ref:/WORK/cv32e40p_top/core_i/id_stage_i/register_file_i/mem_reg[1][31]
  Impl DFF        Imp:/WORK/cv32e40p_top/core_i/id_stage_i/register_file_i/mem_reg_1__31_

  Ref  DFF        Ref:/WORK/cv32e40p_top/core_i/id_stage_i/register_file_i/mem_reg[1][3]
  Impl DFF        Imp:/WORK/cv32e40p_top/core_i/id_stage_i/register_file_i/mem_reg_1__3_

  Ref  DFF        Ref:/WORK/cv32e40p_top/core_i/id_stage_i/register_file_i/mem_reg[1][4]
  Impl DFF        Imp:/WORK/cv32e40p_top/core_i/id_stage_i/register_file_i/mem_reg_1__4_

  Ref  DFF        Ref:/WORK/cv32e40p_top/core_i/id_stage_i/register_file_i/mem_reg[1][5]
  Impl DFF        Imp:/WORK/cv32e40p_top/core_i/id_stage_i/register_file_i/mem_reg_1__5_

  Ref  DFF        Ref:/WORK/cv32e40p_top/core_i/id_stage_i/register_file_i/mem_reg[1][6]
  Impl DFF        Imp:/WORK/cv32e40p_top/core_i/id_stage_i/register_file_i/mem_reg_1__6_

  Ref  DFF        Ref:/WORK/cv32e40p_top/core_i/id_stage_i/register_file_i/mem_reg[1][7]
  Impl DFF        Imp:/WORK/cv32e40p_top/core_i/id_stage_i/register_file_i/mem_reg_1__7_

  Ref  DFF        Ref:/WORK/cv32e40p_top/core_i/id_stage_i/register_file_i/mem_reg[1][8]
  Impl DFF        Imp:/WORK/cv32e40p_top/core_i/id_stage_i/register_file_i/mem_reg_1__8_

  Ref  DFF        Ref:/WORK/cv32e40p_top/core_i/id_stage_i/register_file_i/mem_reg[1][9]
  Impl DFF        Imp:/WORK/cv32e40p_top/core_i/id_stage_i/register_file_i/mem_reg_1__9_

  Ref  DFF        Ref:/WORK/cv32e40p_top/core_i/id_stage_i/register_file_i/mem_reg[20][0]
  Impl DFF        Imp:/WORK/cv32e40p_top/core_i/id_stage_i/register_file_i/mem_reg_20__0_

  Ref  DFF        Ref:/WORK/cv32e40p_top/core_i/id_stage_i/register_file_i/mem_reg[20][10]
  Impl DFF        Imp:/WORK/cv32e40p_top/core_i/id_stage_i/register_file_i/mem_reg_20__10_

  Ref  DFF        Ref:/WORK/cv32e40p_top/core_i/id_stage_i/register_file_i/mem_reg[20][11]
  Impl DFF        Imp:/WORK/cv32e40p_top/core_i/id_stage_i/register_file_i/mem_reg_20__11_

  Ref  DFF        Ref:/WORK/cv32e40p_top/core_i/id_stage_i/register_file_i/mem_reg[20][12]
  Impl DFF        Imp:/WORK/cv32e40p_top/core_i/id_stage_i/register_file_i/mem_reg_20__12_

  Ref  DFF        Ref:/WORK/cv32e40p_top/core_i/id_stage_i/register_file_i/mem_reg[20][13]
  Impl DFF        Imp:/WORK/cv32e40p_top/core_i/id_stage_i/register_file_i/mem_reg_20__13_

  Ref  DFF        Ref:/WORK/cv32e40p_top/core_i/id_stage_i/register_file_i/mem_reg[20][14]
  Impl DFF        Imp:/WORK/cv32e40p_top/core_i/id_stage_i/register_file_i/mem_reg_20__14_

  Ref  DFF        Ref:/WORK/cv32e40p_top/core_i/id_stage_i/register_file_i/mem_reg[20][15]
  Impl DFF        Imp:/WORK/cv32e40p_top/core_i/id_stage_i/register_file_i/mem_reg_20__15_

  Ref  DFF        Ref:/WORK/cv32e40p_top/core_i/id_stage_i/register_file_i/mem_reg[20][16]
  Impl DFF        Imp:/WORK/cv32e40p_top/core_i/id_stage_i/register_file_i/mem_reg_20__16_

  Ref  DFF        Ref:/WORK/cv32e40p_top/core_i/id_stage_i/register_file_i/mem_reg[20][17]
  Impl DFF        Imp:/WORK/cv32e40p_top/core_i/id_stage_i/register_file_i/mem_reg_20__17_

  Ref  DFF        Ref:/WORK/cv32e40p_top/core_i/id_stage_i/register_file_i/mem_reg[20][18]
  Impl DFF        Imp:/WORK/cv32e40p_top/core_i/id_stage_i/register_file_i/mem_reg_20__18_

  Ref  DFF        Ref:/WORK/cv32e40p_top/core_i/id_stage_i/register_file_i/mem_reg[20][19]
  Impl DFF        Imp:/WORK/cv32e40p_top/core_i/id_stage_i/register_file_i/mem_reg_20__19_

  Ref  DFF        Ref:/WORK/cv32e40p_top/core_i/id_stage_i/register_file_i/mem_reg[20][1]
  Impl DFF        Imp:/WORK/cv32e40p_top/core_i/id_stage_i/register_file_i/mem_reg_20__1_

  Ref  DFF        Ref:/WORK/cv32e40p_top/core_i/id_stage_i/register_file_i/mem_reg[20][20]
  Impl DFF        Imp:/WORK/cv32e40p_top/core_i/id_stage_i/register_file_i/mem_reg_20__20_

  Ref  DFF        Ref:/WORK/cv32e40p_top/core_i/id_stage_i/register_file_i/mem_reg[20][21]
  Impl DFF        Imp:/WORK/cv32e40p_top/core_i/id_stage_i/register_file_i/mem_reg_20__21_

  Ref  DFF        Ref:/WORK/cv32e40p_top/core_i/id_stage_i/register_file_i/mem_reg[20][22]
  Impl DFF        Imp:/WORK/cv32e40p_top/core_i/id_stage_i/register_file_i/mem_reg_20__22_

  Ref  DFF        Ref:/WORK/cv32e40p_top/core_i/id_stage_i/register_file_i/mem_reg[20][23]
  Impl DFF        Imp:/WORK/cv32e40p_top/core_i/id_stage_i/register_file_i/mem_reg_20__23_

  Ref  DFF        Ref:/WORK/cv32e40p_top/core_i/id_stage_i/register_file_i/mem_reg[20][24]
  Impl DFF        Imp:/WORK/cv32e40p_top/core_i/id_stage_i/register_file_i/mem_reg_20__24_

  Ref  DFF        Ref:/WORK/cv32e40p_top/core_i/id_stage_i/register_file_i/mem_reg[20][25]
  Impl DFF        Imp:/WORK/cv32e40p_top/core_i/id_stage_i/register_file_i/mem_reg_20__25_

  Ref  DFF        Ref:/WORK/cv32e40p_top/core_i/id_stage_i/register_file_i/mem_reg[20][26]
  Impl DFF        Imp:/WORK/cv32e40p_top/core_i/id_stage_i/register_file_i/mem_reg_20__26_

  Ref  DFF        Ref:/WORK/cv32e40p_top/core_i/id_stage_i/register_file_i/mem_reg[20][27]
  Impl DFF        Imp:/WORK/cv32e40p_top/core_i/id_stage_i/register_file_i/mem_reg_20__27_

  Ref  DFF        Ref:/WORK/cv32e40p_top/core_i/id_stage_i/register_file_i/mem_reg[20][28]
  Impl DFF        Imp:/WORK/cv32e40p_top/core_i/id_stage_i/register_file_i/mem_reg_20__28_

  Ref  DFF        Ref:/WORK/cv32e40p_top/core_i/id_stage_i/register_file_i/mem_reg[20][29]
  Impl DFF        Imp:/WORK/cv32e40p_top/core_i/id_stage_i/register_file_i/mem_reg_20__29_

  Ref  DFF        Ref:/WORK/cv32e40p_top/core_i/id_stage_i/register_file_i/mem_reg[20][2]
  Impl DFF        Imp:/WORK/cv32e40p_top/core_i/id_stage_i/register_file_i/mem_reg_20__2_

  Ref  DFF        Ref:/WORK/cv32e40p_top/core_i/id_stage_i/register_file_i/mem_reg[20][30]
  Impl DFF        Imp:/WORK/cv32e40p_top/core_i/id_stage_i/register_file_i/mem_reg_20__30_

  Ref  DFF        Ref:/WORK/cv32e40p_top/core_i/id_stage_i/register_file_i/mem_reg[20][31]
  Impl DFF        Imp:/WORK/cv32e40p_top/core_i/id_stage_i/register_file_i/mem_reg_20__31_

  Ref  DFF        Ref:/WORK/cv32e40p_top/core_i/id_stage_i/register_file_i/mem_reg[20][3]
  Impl DFF        Imp:/WORK/cv32e40p_top/core_i/id_stage_i/register_file_i/mem_reg_20__3_

  Ref  DFF        Ref:/WORK/cv32e40p_top/core_i/id_stage_i/register_file_i/mem_reg[20][4]
  Impl DFF        Imp:/WORK/cv32e40p_top/core_i/id_stage_i/register_file_i/mem_reg_20__4_

  Ref  DFF        Ref:/WORK/cv32e40p_top/core_i/id_stage_i/register_file_i/mem_reg[20][5]
  Impl DFF        Imp:/WORK/cv32e40p_top/core_i/id_stage_i/register_file_i/mem_reg_20__5_

  Ref  DFF        Ref:/WORK/cv32e40p_top/core_i/id_stage_i/register_file_i/mem_reg[20][6]
  Impl DFF        Imp:/WORK/cv32e40p_top/core_i/id_stage_i/register_file_i/mem_reg_20__6_

  Ref  DFF        Ref:/WORK/cv32e40p_top/core_i/id_stage_i/register_file_i/mem_reg[20][7]
  Impl DFF        Imp:/WORK/cv32e40p_top/core_i/id_stage_i/register_file_i/mem_reg_20__7_

  Ref  DFF        Ref:/WORK/cv32e40p_top/core_i/id_stage_i/register_file_i/mem_reg[20][8]
  Impl DFF        Imp:/WORK/cv32e40p_top/core_i/id_stage_i/register_file_i/mem_reg_20__8_

  Ref  DFF        Ref:/WORK/cv32e40p_top/core_i/id_stage_i/register_file_i/mem_reg[20][9]
  Impl DFF        Imp:/WORK/cv32e40p_top/core_i/id_stage_i/register_file_i/mem_reg_20__9_

  Ref  DFF        Ref:/WORK/cv32e40p_top/core_i/id_stage_i/register_file_i/mem_reg[21][0]
  Impl DFF        Imp:/WORK/cv32e40p_top/core_i/id_stage_i/register_file_i/mem_reg_21__0_

  Ref  DFF        Ref:/WORK/cv32e40p_top/core_i/id_stage_i/register_file_i/mem_reg[21][10]
  Impl DFF        Imp:/WORK/cv32e40p_top/core_i/id_stage_i/register_file_i/mem_reg_21__10_

  Ref  DFF        Ref:/WORK/cv32e40p_top/core_i/id_stage_i/register_file_i/mem_reg[21][11]
  Impl DFF        Imp:/WORK/cv32e40p_top/core_i/id_stage_i/register_file_i/mem_reg_21__11_

  Ref  DFF        Ref:/WORK/cv32e40p_top/core_i/id_stage_i/register_file_i/mem_reg[21][12]
  Impl DFF        Imp:/WORK/cv32e40p_top/core_i/id_stage_i/register_file_i/mem_reg_21__12_

  Ref  DFF        Ref:/WORK/cv32e40p_top/core_i/id_stage_i/register_file_i/mem_reg[21][13]
  Impl DFF        Imp:/WORK/cv32e40p_top/core_i/id_stage_i/register_file_i/mem_reg_21__13_

  Ref  DFF        Ref:/WORK/cv32e40p_top/core_i/id_stage_i/register_file_i/mem_reg[21][14]
  Impl DFF        Imp:/WORK/cv32e40p_top/core_i/id_stage_i/register_file_i/mem_reg_21__14_

  Ref  DFF        Ref:/WORK/cv32e40p_top/core_i/id_stage_i/register_file_i/mem_reg[21][15]
  Impl DFF        Imp:/WORK/cv32e40p_top/core_i/id_stage_i/register_file_i/mem_reg_21__15_

  Ref  DFF        Ref:/WORK/cv32e40p_top/core_i/id_stage_i/register_file_i/mem_reg[21][16]
  Impl DFF        Imp:/WORK/cv32e40p_top/core_i/id_stage_i/register_file_i/mem_reg_21__16_

  Ref  DFF        Ref:/WORK/cv32e40p_top/core_i/id_stage_i/register_file_i/mem_reg[21][17]
  Impl DFF        Imp:/WORK/cv32e40p_top/core_i/id_stage_i/register_file_i/mem_reg_21__17_

  Ref  DFF        Ref:/WORK/cv32e40p_top/core_i/id_stage_i/register_file_i/mem_reg[21][18]
  Impl DFF        Imp:/WORK/cv32e40p_top/core_i/id_stage_i/register_file_i/mem_reg_21__18_

  Ref  DFF        Ref:/WORK/cv32e40p_top/core_i/id_stage_i/register_file_i/mem_reg[21][19]
  Impl DFF        Imp:/WORK/cv32e40p_top/core_i/id_stage_i/register_file_i/mem_reg_21__19_

  Ref  DFF        Ref:/WORK/cv32e40p_top/core_i/id_stage_i/register_file_i/mem_reg[21][1]
  Impl DFF        Imp:/WORK/cv32e40p_top/core_i/id_stage_i/register_file_i/mem_reg_21__1_

  Ref  DFF        Ref:/WORK/cv32e40p_top/core_i/id_stage_i/register_file_i/mem_reg[21][20]
  Impl DFF        Imp:/WORK/cv32e40p_top/core_i/id_stage_i/register_file_i/mem_reg_21__20_

  Ref  DFF        Ref:/WORK/cv32e40p_top/core_i/id_stage_i/register_file_i/mem_reg[21][21]
  Impl DFF        Imp:/WORK/cv32e40p_top/core_i/id_stage_i/register_file_i/mem_reg_21__21_

  Ref  DFF        Ref:/WORK/cv32e40p_top/core_i/id_stage_i/register_file_i/mem_reg[21][22]
  Impl DFF        Imp:/WORK/cv32e40p_top/core_i/id_stage_i/register_file_i/mem_reg_21__22_

  Ref  DFF        Ref:/WORK/cv32e40p_top/core_i/id_stage_i/register_file_i/mem_reg[21][23]
  Impl DFF        Imp:/WORK/cv32e40p_top/core_i/id_stage_i/register_file_i/mem_reg_21__23_

  Ref  DFF        Ref:/WORK/cv32e40p_top/core_i/id_stage_i/register_file_i/mem_reg[21][24]
  Impl DFF        Imp:/WORK/cv32e40p_top/core_i/id_stage_i/register_file_i/mem_reg_21__24_

  Ref  DFF        Ref:/WORK/cv32e40p_top/core_i/id_stage_i/register_file_i/mem_reg[21][25]
  Impl DFF        Imp:/WORK/cv32e40p_top/core_i/id_stage_i/register_file_i/mem_reg_21__25_

  Ref  DFF        Ref:/WORK/cv32e40p_top/core_i/id_stage_i/register_file_i/mem_reg[21][26]
  Impl DFF        Imp:/WORK/cv32e40p_top/core_i/id_stage_i/register_file_i/mem_reg_21__26_

  Ref  DFF        Ref:/WORK/cv32e40p_top/core_i/id_stage_i/register_file_i/mem_reg[21][27]
  Impl DFF        Imp:/WORK/cv32e40p_top/core_i/id_stage_i/register_file_i/mem_reg_21__27_

  Ref  DFF        Ref:/WORK/cv32e40p_top/core_i/id_stage_i/register_file_i/mem_reg[21][28]
  Impl DFF        Imp:/WORK/cv32e40p_top/core_i/id_stage_i/register_file_i/mem_reg_21__28_

  Ref  DFF        Ref:/WORK/cv32e40p_top/core_i/id_stage_i/register_file_i/mem_reg[21][29]
  Impl DFF        Imp:/WORK/cv32e40p_top/core_i/id_stage_i/register_file_i/mem_reg_21__29_

  Ref  DFF        Ref:/WORK/cv32e40p_top/core_i/id_stage_i/register_file_i/mem_reg[21][2]
  Impl DFF        Imp:/WORK/cv32e40p_top/core_i/id_stage_i/register_file_i/mem_reg_21__2_

  Ref  DFF        Ref:/WORK/cv32e40p_top/core_i/id_stage_i/register_file_i/mem_reg[21][30]
  Impl DFF        Imp:/WORK/cv32e40p_top/core_i/id_stage_i/register_file_i/mem_reg_21__30_

  Ref  DFF        Ref:/WORK/cv32e40p_top/core_i/id_stage_i/register_file_i/mem_reg[21][31]
  Impl DFF        Imp:/WORK/cv32e40p_top/core_i/id_stage_i/register_file_i/mem_reg_21__31_

  Ref  DFF        Ref:/WORK/cv32e40p_top/core_i/id_stage_i/register_file_i/mem_reg[21][3]
  Impl DFF        Imp:/WORK/cv32e40p_top/core_i/id_stage_i/register_file_i/mem_reg_21__3_

  Ref  DFF        Ref:/WORK/cv32e40p_top/core_i/id_stage_i/register_file_i/mem_reg[21][4]
  Impl DFF        Imp:/WORK/cv32e40p_top/core_i/id_stage_i/register_file_i/mem_reg_21__4_

  Ref  DFF        Ref:/WORK/cv32e40p_top/core_i/id_stage_i/register_file_i/mem_reg[21][5]
  Impl DFF        Imp:/WORK/cv32e40p_top/core_i/id_stage_i/register_file_i/mem_reg_21__5_

  Ref  DFF        Ref:/WORK/cv32e40p_top/core_i/id_stage_i/register_file_i/mem_reg[21][6]
  Impl DFF        Imp:/WORK/cv32e40p_top/core_i/id_stage_i/register_file_i/mem_reg_21__6_

  Ref  DFF        Ref:/WORK/cv32e40p_top/core_i/id_stage_i/register_file_i/mem_reg[21][7]
  Impl DFF        Imp:/WORK/cv32e40p_top/core_i/id_stage_i/register_file_i/mem_reg_21__7_

  Ref  DFF        Ref:/WORK/cv32e40p_top/core_i/id_stage_i/register_file_i/mem_reg[21][8]
  Impl DFF        Imp:/WORK/cv32e40p_top/core_i/id_stage_i/register_file_i/mem_reg_21__8_

  Ref  DFF        Ref:/WORK/cv32e40p_top/core_i/id_stage_i/register_file_i/mem_reg[21][9]
  Impl DFF        Imp:/WORK/cv32e40p_top/core_i/id_stage_i/register_file_i/mem_reg_21__9_

  Ref  DFF        Ref:/WORK/cv32e40p_top/core_i/id_stage_i/register_file_i/mem_reg[22][0]
  Impl DFF        Imp:/WORK/cv32e40p_top/core_i/id_stage_i/register_file_i/mem_reg_22__0_

  Ref  DFF        Ref:/WORK/cv32e40p_top/core_i/id_stage_i/register_file_i/mem_reg[22][10]
  Impl DFF        Imp:/WORK/cv32e40p_top/core_i/id_stage_i/register_file_i/mem_reg_22__10_

  Ref  DFF        Ref:/WORK/cv32e40p_top/core_i/id_stage_i/register_file_i/mem_reg[22][11]
  Impl DFF        Imp:/WORK/cv32e40p_top/core_i/id_stage_i/register_file_i/mem_reg_22__11_

  Ref  DFF        Ref:/WORK/cv32e40p_top/core_i/id_stage_i/register_file_i/mem_reg[22][12]
  Impl DFF        Imp:/WORK/cv32e40p_top/core_i/id_stage_i/register_file_i/mem_reg_22__12_

  Ref  DFF        Ref:/WORK/cv32e40p_top/core_i/id_stage_i/register_file_i/mem_reg[22][13]
  Impl DFF        Imp:/WORK/cv32e40p_top/core_i/id_stage_i/register_file_i/mem_reg_22__13_

  Ref  DFF        Ref:/WORK/cv32e40p_top/core_i/id_stage_i/register_file_i/mem_reg[22][14]
  Impl DFF        Imp:/WORK/cv32e40p_top/core_i/id_stage_i/register_file_i/mem_reg_22__14_

  Ref  DFF        Ref:/WORK/cv32e40p_top/core_i/id_stage_i/register_file_i/mem_reg[22][15]
  Impl DFF        Imp:/WORK/cv32e40p_top/core_i/id_stage_i/register_file_i/mem_reg_22__15_

  Ref  DFF        Ref:/WORK/cv32e40p_top/core_i/id_stage_i/register_file_i/mem_reg[22][16]
  Impl DFF        Imp:/WORK/cv32e40p_top/core_i/id_stage_i/register_file_i/mem_reg_22__16_

  Ref  DFF        Ref:/WORK/cv32e40p_top/core_i/id_stage_i/register_file_i/mem_reg[22][17]
  Impl DFF        Imp:/WORK/cv32e40p_top/core_i/id_stage_i/register_file_i/mem_reg_22__17_

  Ref  DFF        Ref:/WORK/cv32e40p_top/core_i/id_stage_i/register_file_i/mem_reg[22][18]
  Impl DFF        Imp:/WORK/cv32e40p_top/core_i/id_stage_i/register_file_i/mem_reg_22__18_

  Ref  DFF        Ref:/WORK/cv32e40p_top/core_i/id_stage_i/register_file_i/mem_reg[22][19]
  Impl DFF        Imp:/WORK/cv32e40p_top/core_i/id_stage_i/register_file_i/mem_reg_22__19_

  Ref  DFF        Ref:/WORK/cv32e40p_top/core_i/id_stage_i/register_file_i/mem_reg[22][1]
  Impl DFF        Imp:/WORK/cv32e40p_top/core_i/id_stage_i/register_file_i/mem_reg_22__1_

  Ref  DFF        Ref:/WORK/cv32e40p_top/core_i/id_stage_i/register_file_i/mem_reg[22][20]
  Impl DFF        Imp:/WORK/cv32e40p_top/core_i/id_stage_i/register_file_i/mem_reg_22__20_

  Ref  DFF        Ref:/WORK/cv32e40p_top/core_i/id_stage_i/register_file_i/mem_reg[22][21]
  Impl DFF        Imp:/WORK/cv32e40p_top/core_i/id_stage_i/register_file_i/mem_reg_22__21_

  Ref  DFF        Ref:/WORK/cv32e40p_top/core_i/id_stage_i/register_file_i/mem_reg[22][22]
  Impl DFF        Imp:/WORK/cv32e40p_top/core_i/id_stage_i/register_file_i/mem_reg_22__22_

  Ref  DFF        Ref:/WORK/cv32e40p_top/core_i/id_stage_i/register_file_i/mem_reg[22][23]
  Impl DFF        Imp:/WORK/cv32e40p_top/core_i/id_stage_i/register_file_i/mem_reg_22__23_

  Ref  DFF        Ref:/WORK/cv32e40p_top/core_i/id_stage_i/register_file_i/mem_reg[22][24]
  Impl DFF        Imp:/WORK/cv32e40p_top/core_i/id_stage_i/register_file_i/mem_reg_22__24_

  Ref  DFF        Ref:/WORK/cv32e40p_top/core_i/id_stage_i/register_file_i/mem_reg[22][25]
  Impl DFF        Imp:/WORK/cv32e40p_top/core_i/id_stage_i/register_file_i/mem_reg_22__25_

  Ref  DFF        Ref:/WORK/cv32e40p_top/core_i/id_stage_i/register_file_i/mem_reg[22][26]
  Impl DFF        Imp:/WORK/cv32e40p_top/core_i/id_stage_i/register_file_i/mem_reg_22__26_

  Ref  DFF        Ref:/WORK/cv32e40p_top/core_i/id_stage_i/register_file_i/mem_reg[22][27]
  Impl DFF        Imp:/WORK/cv32e40p_top/core_i/id_stage_i/register_file_i/mem_reg_22__27_

  Ref  DFF        Ref:/WORK/cv32e40p_top/core_i/id_stage_i/register_file_i/mem_reg[22][28]
  Impl DFF        Imp:/WORK/cv32e40p_top/core_i/id_stage_i/register_file_i/mem_reg_22__28_

  Ref  DFF        Ref:/WORK/cv32e40p_top/core_i/id_stage_i/register_file_i/mem_reg[22][29]
  Impl DFF        Imp:/WORK/cv32e40p_top/core_i/id_stage_i/register_file_i/mem_reg_22__29_

  Ref  DFF        Ref:/WORK/cv32e40p_top/core_i/id_stage_i/register_file_i/mem_reg[22][2]
  Impl DFF        Imp:/WORK/cv32e40p_top/core_i/id_stage_i/register_file_i/mem_reg_22__2_

  Ref  DFF        Ref:/WORK/cv32e40p_top/core_i/id_stage_i/register_file_i/mem_reg[22][30]
  Impl DFF        Imp:/WORK/cv32e40p_top/core_i/id_stage_i/register_file_i/mem_reg_22__30_

  Ref  DFF        Ref:/WORK/cv32e40p_top/core_i/id_stage_i/register_file_i/mem_reg[22][31]
  Impl DFF        Imp:/WORK/cv32e40p_top/core_i/id_stage_i/register_file_i/mem_reg_22__31_

  Ref  DFF        Ref:/WORK/cv32e40p_top/core_i/id_stage_i/register_file_i/mem_reg[22][3]
  Impl DFF        Imp:/WORK/cv32e40p_top/core_i/id_stage_i/register_file_i/mem_reg_22__3_

  Ref  DFF        Ref:/WORK/cv32e40p_top/core_i/id_stage_i/register_file_i/mem_reg[22][4]
  Impl DFF        Imp:/WORK/cv32e40p_top/core_i/id_stage_i/register_file_i/mem_reg_22__4_

  Ref  DFF        Ref:/WORK/cv32e40p_top/core_i/id_stage_i/register_file_i/mem_reg[22][5]
  Impl DFF        Imp:/WORK/cv32e40p_top/core_i/id_stage_i/register_file_i/mem_reg_22__5_

  Ref  DFF        Ref:/WORK/cv32e40p_top/core_i/id_stage_i/register_file_i/mem_reg[22][6]
  Impl DFF        Imp:/WORK/cv32e40p_top/core_i/id_stage_i/register_file_i/mem_reg_22__6_

  Ref  DFF        Ref:/WORK/cv32e40p_top/core_i/id_stage_i/register_file_i/mem_reg[22][7]
  Impl DFF        Imp:/WORK/cv32e40p_top/core_i/id_stage_i/register_file_i/mem_reg_22__7_

  Ref  DFF        Ref:/WORK/cv32e40p_top/core_i/id_stage_i/register_file_i/mem_reg[22][8]
  Impl DFF        Imp:/WORK/cv32e40p_top/core_i/id_stage_i/register_file_i/mem_reg_22__8_

  Ref  DFF        Ref:/WORK/cv32e40p_top/core_i/id_stage_i/register_file_i/mem_reg[22][9]
  Impl DFF        Imp:/WORK/cv32e40p_top/core_i/id_stage_i/register_file_i/mem_reg_22__9_

  Ref  DFF        Ref:/WORK/cv32e40p_top/core_i/id_stage_i/register_file_i/mem_reg[23][0]
  Impl DFF        Imp:/WORK/cv32e40p_top/core_i/id_stage_i/register_file_i/mem_reg_23__0_

  Ref  DFF        Ref:/WORK/cv32e40p_top/core_i/id_stage_i/register_file_i/mem_reg[23][10]
  Impl DFF        Imp:/WORK/cv32e40p_top/core_i/id_stage_i/register_file_i/mem_reg_23__10_

  Ref  DFF        Ref:/WORK/cv32e40p_top/core_i/id_stage_i/register_file_i/mem_reg[23][11]
  Impl DFF        Imp:/WORK/cv32e40p_top/core_i/id_stage_i/register_file_i/mem_reg_23__11_

  Ref  DFF        Ref:/WORK/cv32e40p_top/core_i/id_stage_i/register_file_i/mem_reg[23][12]
  Impl DFF        Imp:/WORK/cv32e40p_top/core_i/id_stage_i/register_file_i/mem_reg_23__12_

  Ref  DFF        Ref:/WORK/cv32e40p_top/core_i/id_stage_i/register_file_i/mem_reg[23][13]
  Impl DFF        Imp:/WORK/cv32e40p_top/core_i/id_stage_i/register_file_i/mem_reg_23__13_

  Ref  DFF        Ref:/WORK/cv32e40p_top/core_i/id_stage_i/register_file_i/mem_reg[23][14]
  Impl DFF        Imp:/WORK/cv32e40p_top/core_i/id_stage_i/register_file_i/mem_reg_23__14_

  Ref  DFF        Ref:/WORK/cv32e40p_top/core_i/id_stage_i/register_file_i/mem_reg[23][15]
  Impl DFF        Imp:/WORK/cv32e40p_top/core_i/id_stage_i/register_file_i/mem_reg_23__15_

  Ref  DFF        Ref:/WORK/cv32e40p_top/core_i/id_stage_i/register_file_i/mem_reg[23][16]
  Impl DFF        Imp:/WORK/cv32e40p_top/core_i/id_stage_i/register_file_i/mem_reg_23__16_

  Ref  DFF        Ref:/WORK/cv32e40p_top/core_i/id_stage_i/register_file_i/mem_reg[23][17]
  Impl DFF        Imp:/WORK/cv32e40p_top/core_i/id_stage_i/register_file_i/mem_reg_23__17_

  Ref  DFF        Ref:/WORK/cv32e40p_top/core_i/id_stage_i/register_file_i/mem_reg[23][18]
  Impl DFF        Imp:/WORK/cv32e40p_top/core_i/id_stage_i/register_file_i/mem_reg_23__18_

  Ref  DFF        Ref:/WORK/cv32e40p_top/core_i/id_stage_i/register_file_i/mem_reg[23][19]
  Impl DFF        Imp:/WORK/cv32e40p_top/core_i/id_stage_i/register_file_i/mem_reg_23__19_

  Ref  DFF        Ref:/WORK/cv32e40p_top/core_i/id_stage_i/register_file_i/mem_reg[23][1]
  Impl DFF        Imp:/WORK/cv32e40p_top/core_i/id_stage_i/register_file_i/mem_reg_23__1_

  Ref  DFF        Ref:/WORK/cv32e40p_top/core_i/id_stage_i/register_file_i/mem_reg[23][20]
  Impl DFF        Imp:/WORK/cv32e40p_top/core_i/id_stage_i/register_file_i/mem_reg_23__20_

  Ref  DFF        Ref:/WORK/cv32e40p_top/core_i/id_stage_i/register_file_i/mem_reg[23][21]
  Impl DFF        Imp:/WORK/cv32e40p_top/core_i/id_stage_i/register_file_i/mem_reg_23__21_

  Ref  DFF        Ref:/WORK/cv32e40p_top/core_i/id_stage_i/register_file_i/mem_reg[23][22]
  Impl DFF        Imp:/WORK/cv32e40p_top/core_i/id_stage_i/register_file_i/mem_reg_23__22_

  Ref  DFF        Ref:/WORK/cv32e40p_top/core_i/id_stage_i/register_file_i/mem_reg[23][23]
  Impl DFF        Imp:/WORK/cv32e40p_top/core_i/id_stage_i/register_file_i/mem_reg_23__23_

  Ref  DFF        Ref:/WORK/cv32e40p_top/core_i/id_stage_i/register_file_i/mem_reg[23][24]
  Impl DFF        Imp:/WORK/cv32e40p_top/core_i/id_stage_i/register_file_i/mem_reg_23__24_

  Ref  DFF        Ref:/WORK/cv32e40p_top/core_i/id_stage_i/register_file_i/mem_reg[23][25]
  Impl DFF        Imp:/WORK/cv32e40p_top/core_i/id_stage_i/register_file_i/mem_reg_23__25_

  Ref  DFF        Ref:/WORK/cv32e40p_top/core_i/id_stage_i/register_file_i/mem_reg[23][26]
  Impl DFF        Imp:/WORK/cv32e40p_top/core_i/id_stage_i/register_file_i/mem_reg_23__26_

  Ref  DFF        Ref:/WORK/cv32e40p_top/core_i/id_stage_i/register_file_i/mem_reg[23][27]
  Impl DFF        Imp:/WORK/cv32e40p_top/core_i/id_stage_i/register_file_i/mem_reg_23__27_

  Ref  DFF        Ref:/WORK/cv32e40p_top/core_i/id_stage_i/register_file_i/mem_reg[23][28]
  Impl DFF        Imp:/WORK/cv32e40p_top/core_i/id_stage_i/register_file_i/mem_reg_23__28_

  Ref  DFF        Ref:/WORK/cv32e40p_top/core_i/id_stage_i/register_file_i/mem_reg[23][29]
  Impl DFF        Imp:/WORK/cv32e40p_top/core_i/id_stage_i/register_file_i/mem_reg_23__29_

  Ref  DFF        Ref:/WORK/cv32e40p_top/core_i/id_stage_i/register_file_i/mem_reg[23][2]
  Impl DFF        Imp:/WORK/cv32e40p_top/core_i/id_stage_i/register_file_i/mem_reg_23__2_

  Ref  DFF        Ref:/WORK/cv32e40p_top/core_i/id_stage_i/register_file_i/mem_reg[23][30]
  Impl DFF        Imp:/WORK/cv32e40p_top/core_i/id_stage_i/register_file_i/mem_reg_23__30_

  Ref  DFF        Ref:/WORK/cv32e40p_top/core_i/id_stage_i/register_file_i/mem_reg[23][31]
  Impl DFF        Imp:/WORK/cv32e40p_top/core_i/id_stage_i/register_file_i/mem_reg_23__31_

  Ref  DFF        Ref:/WORK/cv32e40p_top/core_i/id_stage_i/register_file_i/mem_reg[23][3]
  Impl DFF        Imp:/WORK/cv32e40p_top/core_i/id_stage_i/register_file_i/mem_reg_23__3_

  Ref  DFF        Ref:/WORK/cv32e40p_top/core_i/id_stage_i/register_file_i/mem_reg[23][4]
  Impl DFF        Imp:/WORK/cv32e40p_top/core_i/id_stage_i/register_file_i/mem_reg_23__4_

  Ref  DFF        Ref:/WORK/cv32e40p_top/core_i/id_stage_i/register_file_i/mem_reg[23][5]
  Impl DFF        Imp:/WORK/cv32e40p_top/core_i/id_stage_i/register_file_i/mem_reg_23__5_

  Ref  DFF        Ref:/WORK/cv32e40p_top/core_i/id_stage_i/register_file_i/mem_reg[23][6]
  Impl DFF        Imp:/WORK/cv32e40p_top/core_i/id_stage_i/register_file_i/mem_reg_23__6_

  Ref  DFF        Ref:/WORK/cv32e40p_top/core_i/id_stage_i/register_file_i/mem_reg[23][7]
  Impl DFF        Imp:/WORK/cv32e40p_top/core_i/id_stage_i/register_file_i/mem_reg_23__7_

  Ref  DFF        Ref:/WORK/cv32e40p_top/core_i/id_stage_i/register_file_i/mem_reg[23][8]
  Impl DFF        Imp:/WORK/cv32e40p_top/core_i/id_stage_i/register_file_i/mem_reg_23__8_

  Ref  DFF        Ref:/WORK/cv32e40p_top/core_i/id_stage_i/register_file_i/mem_reg[23][9]
  Impl DFF        Imp:/WORK/cv32e40p_top/core_i/id_stage_i/register_file_i/mem_reg_23__9_

  Ref  DFF        Ref:/WORK/cv32e40p_top/core_i/id_stage_i/register_file_i/mem_reg[24][0]
  Impl DFF        Imp:/WORK/cv32e40p_top/core_i/id_stage_i/register_file_i/mem_reg_24__0_

  Ref  DFF        Ref:/WORK/cv32e40p_top/core_i/id_stage_i/register_file_i/mem_reg[24][10]
  Impl DFF        Imp:/WORK/cv32e40p_top/core_i/id_stage_i/register_file_i/mem_reg_24__10_

  Ref  DFF        Ref:/WORK/cv32e40p_top/core_i/id_stage_i/register_file_i/mem_reg[24][11]
  Impl DFF        Imp:/WORK/cv32e40p_top/core_i/id_stage_i/register_file_i/mem_reg_24__11_

  Ref  DFF        Ref:/WORK/cv32e40p_top/core_i/id_stage_i/register_file_i/mem_reg[24][12]
  Impl DFF        Imp:/WORK/cv32e40p_top/core_i/id_stage_i/register_file_i/mem_reg_24__12_

  Ref  DFF        Ref:/WORK/cv32e40p_top/core_i/id_stage_i/register_file_i/mem_reg[24][13]
  Impl DFF        Imp:/WORK/cv32e40p_top/core_i/id_stage_i/register_file_i/mem_reg_24__13_

  Ref  DFF        Ref:/WORK/cv32e40p_top/core_i/id_stage_i/register_file_i/mem_reg[24][14]
  Impl DFF        Imp:/WORK/cv32e40p_top/core_i/id_stage_i/register_file_i/mem_reg_24__14_

  Ref  DFF        Ref:/WORK/cv32e40p_top/core_i/id_stage_i/register_file_i/mem_reg[24][15]
  Impl DFF        Imp:/WORK/cv32e40p_top/core_i/id_stage_i/register_file_i/mem_reg_24__15_

  Ref  DFF        Ref:/WORK/cv32e40p_top/core_i/id_stage_i/register_file_i/mem_reg[24][16]
  Impl DFF        Imp:/WORK/cv32e40p_top/core_i/id_stage_i/register_file_i/mem_reg_24__16_

  Ref  DFF        Ref:/WORK/cv32e40p_top/core_i/id_stage_i/register_file_i/mem_reg[24][17]
  Impl DFF        Imp:/WORK/cv32e40p_top/core_i/id_stage_i/register_file_i/mem_reg_24__17_

  Ref  DFF        Ref:/WORK/cv32e40p_top/core_i/id_stage_i/register_file_i/mem_reg[24][18]
  Impl DFF        Imp:/WORK/cv32e40p_top/core_i/id_stage_i/register_file_i/mem_reg_24__18_

  Ref  DFF        Ref:/WORK/cv32e40p_top/core_i/id_stage_i/register_file_i/mem_reg[24][19]
  Impl DFF        Imp:/WORK/cv32e40p_top/core_i/id_stage_i/register_file_i/mem_reg_24__19_

  Ref  DFF        Ref:/WORK/cv32e40p_top/core_i/id_stage_i/register_file_i/mem_reg[24][1]
  Impl DFF        Imp:/WORK/cv32e40p_top/core_i/id_stage_i/register_file_i/mem_reg_24__1_

  Ref  DFF        Ref:/WORK/cv32e40p_top/core_i/id_stage_i/register_file_i/mem_reg[24][20]
  Impl DFF        Imp:/WORK/cv32e40p_top/core_i/id_stage_i/register_file_i/mem_reg_24__20_

  Ref  DFF        Ref:/WORK/cv32e40p_top/core_i/id_stage_i/register_file_i/mem_reg[24][21]
  Impl DFF        Imp:/WORK/cv32e40p_top/core_i/id_stage_i/register_file_i/mem_reg_24__21_

  Ref  DFF        Ref:/WORK/cv32e40p_top/core_i/id_stage_i/register_file_i/mem_reg[24][22]
  Impl DFF        Imp:/WORK/cv32e40p_top/core_i/id_stage_i/register_file_i/mem_reg_24__22_

  Ref  DFF        Ref:/WORK/cv32e40p_top/core_i/id_stage_i/register_file_i/mem_reg[24][23]
  Impl DFF        Imp:/WORK/cv32e40p_top/core_i/id_stage_i/register_file_i/mem_reg_24__23_

  Ref  DFF        Ref:/WORK/cv32e40p_top/core_i/id_stage_i/register_file_i/mem_reg[24][24]
  Impl DFF        Imp:/WORK/cv32e40p_top/core_i/id_stage_i/register_file_i/mem_reg_24__24_

  Ref  DFF        Ref:/WORK/cv32e40p_top/core_i/id_stage_i/register_file_i/mem_reg[24][25]
  Impl DFF        Imp:/WORK/cv32e40p_top/core_i/id_stage_i/register_file_i/mem_reg_24__25_

  Ref  DFF        Ref:/WORK/cv32e40p_top/core_i/id_stage_i/register_file_i/mem_reg[24][26]
  Impl DFF        Imp:/WORK/cv32e40p_top/core_i/id_stage_i/register_file_i/mem_reg_24__26_

  Ref  DFF        Ref:/WORK/cv32e40p_top/core_i/id_stage_i/register_file_i/mem_reg[24][27]
  Impl DFF        Imp:/WORK/cv32e40p_top/core_i/id_stage_i/register_file_i/mem_reg_24__27_

  Ref  DFF        Ref:/WORK/cv32e40p_top/core_i/id_stage_i/register_file_i/mem_reg[24][28]
  Impl DFF        Imp:/WORK/cv32e40p_top/core_i/id_stage_i/register_file_i/mem_reg_24__28_

  Ref  DFF        Ref:/WORK/cv32e40p_top/core_i/id_stage_i/register_file_i/mem_reg[24][29]
  Impl DFF        Imp:/WORK/cv32e40p_top/core_i/id_stage_i/register_file_i/mem_reg_24__29_

  Ref  DFF        Ref:/WORK/cv32e40p_top/core_i/id_stage_i/register_file_i/mem_reg[24][2]
  Impl DFF        Imp:/WORK/cv32e40p_top/core_i/id_stage_i/register_file_i/mem_reg_24__2_

  Ref  DFF        Ref:/WORK/cv32e40p_top/core_i/id_stage_i/register_file_i/mem_reg[24][30]
  Impl DFF        Imp:/WORK/cv32e40p_top/core_i/id_stage_i/register_file_i/mem_reg_24__30_

  Ref  DFF        Ref:/WORK/cv32e40p_top/core_i/id_stage_i/register_file_i/mem_reg[24][31]
  Impl DFF        Imp:/WORK/cv32e40p_top/core_i/id_stage_i/register_file_i/mem_reg_24__31_

  Ref  DFF        Ref:/WORK/cv32e40p_top/core_i/id_stage_i/register_file_i/mem_reg[24][3]
  Impl DFF        Imp:/WORK/cv32e40p_top/core_i/id_stage_i/register_file_i/mem_reg_24__3_

  Ref  DFF        Ref:/WORK/cv32e40p_top/core_i/id_stage_i/register_file_i/mem_reg[24][4]
  Impl DFF        Imp:/WORK/cv32e40p_top/core_i/id_stage_i/register_file_i/mem_reg_24__4_

  Ref  DFF        Ref:/WORK/cv32e40p_top/core_i/id_stage_i/register_file_i/mem_reg[24][5]
  Impl DFF        Imp:/WORK/cv32e40p_top/core_i/id_stage_i/register_file_i/mem_reg_24__5_

  Ref  DFF        Ref:/WORK/cv32e40p_top/core_i/id_stage_i/register_file_i/mem_reg[24][6]
  Impl DFF        Imp:/WORK/cv32e40p_top/core_i/id_stage_i/register_file_i/mem_reg_24__6_

  Ref  DFF        Ref:/WORK/cv32e40p_top/core_i/id_stage_i/register_file_i/mem_reg[24][7]
  Impl DFF        Imp:/WORK/cv32e40p_top/core_i/id_stage_i/register_file_i/mem_reg_24__7_

  Ref  DFF        Ref:/WORK/cv32e40p_top/core_i/id_stage_i/register_file_i/mem_reg[24][8]
  Impl DFF        Imp:/WORK/cv32e40p_top/core_i/id_stage_i/register_file_i/mem_reg_24__8_

  Ref  DFF        Ref:/WORK/cv32e40p_top/core_i/id_stage_i/register_file_i/mem_reg[24][9]
  Impl DFF        Imp:/WORK/cv32e40p_top/core_i/id_stage_i/register_file_i/mem_reg_24__9_

  Ref  DFF        Ref:/WORK/cv32e40p_top/core_i/id_stage_i/register_file_i/mem_reg[25][0]
  Impl DFF        Imp:/WORK/cv32e40p_top/core_i/id_stage_i/register_file_i/mem_reg_25__0_

  Ref  DFF        Ref:/WORK/cv32e40p_top/core_i/id_stage_i/register_file_i/mem_reg[25][10]
  Impl DFF        Imp:/WORK/cv32e40p_top/core_i/id_stage_i/register_file_i/mem_reg_25__10_

  Ref  DFF        Ref:/WORK/cv32e40p_top/core_i/id_stage_i/register_file_i/mem_reg[25][11]
  Impl DFF        Imp:/WORK/cv32e40p_top/core_i/id_stage_i/register_file_i/mem_reg_25__11_

  Ref  DFF        Ref:/WORK/cv32e40p_top/core_i/id_stage_i/register_file_i/mem_reg[25][12]
  Impl DFF        Imp:/WORK/cv32e40p_top/core_i/id_stage_i/register_file_i/mem_reg_25__12_

  Ref  DFF        Ref:/WORK/cv32e40p_top/core_i/id_stage_i/register_file_i/mem_reg[25][13]
  Impl DFF        Imp:/WORK/cv32e40p_top/core_i/id_stage_i/register_file_i/mem_reg_25__13_

  Ref  DFF        Ref:/WORK/cv32e40p_top/core_i/id_stage_i/register_file_i/mem_reg[25][14]
  Impl DFF        Imp:/WORK/cv32e40p_top/core_i/id_stage_i/register_file_i/mem_reg_25__14_

  Ref  DFF        Ref:/WORK/cv32e40p_top/core_i/id_stage_i/register_file_i/mem_reg[25][15]
  Impl DFF        Imp:/WORK/cv32e40p_top/core_i/id_stage_i/register_file_i/mem_reg_25__15_

  Ref  DFF        Ref:/WORK/cv32e40p_top/core_i/id_stage_i/register_file_i/mem_reg[25][16]
  Impl DFF        Imp:/WORK/cv32e40p_top/core_i/id_stage_i/register_file_i/mem_reg_25__16_

  Ref  DFF        Ref:/WORK/cv32e40p_top/core_i/id_stage_i/register_file_i/mem_reg[25][17]
  Impl DFF        Imp:/WORK/cv32e40p_top/core_i/id_stage_i/register_file_i/mem_reg_25__17_

  Ref  DFF        Ref:/WORK/cv32e40p_top/core_i/id_stage_i/register_file_i/mem_reg[25][18]
  Impl DFF        Imp:/WORK/cv32e40p_top/core_i/id_stage_i/register_file_i/mem_reg_25__18_

  Ref  DFF        Ref:/WORK/cv32e40p_top/core_i/id_stage_i/register_file_i/mem_reg[25][19]
  Impl DFF        Imp:/WORK/cv32e40p_top/core_i/id_stage_i/register_file_i/mem_reg_25__19_

  Ref  DFF        Ref:/WORK/cv32e40p_top/core_i/id_stage_i/register_file_i/mem_reg[25][1]
  Impl DFF        Imp:/WORK/cv32e40p_top/core_i/id_stage_i/register_file_i/mem_reg_25__1_

  Ref  DFF        Ref:/WORK/cv32e40p_top/core_i/id_stage_i/register_file_i/mem_reg[25][20]
  Impl DFF        Imp:/WORK/cv32e40p_top/core_i/id_stage_i/register_file_i/mem_reg_25__20_

  Ref  DFF        Ref:/WORK/cv32e40p_top/core_i/id_stage_i/register_file_i/mem_reg[25][21]
  Impl DFF        Imp:/WORK/cv32e40p_top/core_i/id_stage_i/register_file_i/mem_reg_25__21_

  Ref  DFF        Ref:/WORK/cv32e40p_top/core_i/id_stage_i/register_file_i/mem_reg[25][22]
  Impl DFF        Imp:/WORK/cv32e40p_top/core_i/id_stage_i/register_file_i/mem_reg_25__22_

  Ref  DFF        Ref:/WORK/cv32e40p_top/core_i/id_stage_i/register_file_i/mem_reg[25][23]
  Impl DFF        Imp:/WORK/cv32e40p_top/core_i/id_stage_i/register_file_i/mem_reg_25__23_

  Ref  DFF        Ref:/WORK/cv32e40p_top/core_i/id_stage_i/register_file_i/mem_reg[25][24]
  Impl DFF        Imp:/WORK/cv32e40p_top/core_i/id_stage_i/register_file_i/mem_reg_25__24_

  Ref  DFF        Ref:/WORK/cv32e40p_top/core_i/id_stage_i/register_file_i/mem_reg[25][25]
  Impl DFF        Imp:/WORK/cv32e40p_top/core_i/id_stage_i/register_file_i/mem_reg_25__25_

  Ref  DFF        Ref:/WORK/cv32e40p_top/core_i/id_stage_i/register_file_i/mem_reg[25][26]
  Impl DFF        Imp:/WORK/cv32e40p_top/core_i/id_stage_i/register_file_i/mem_reg_25__26_

  Ref  DFF        Ref:/WORK/cv32e40p_top/core_i/id_stage_i/register_file_i/mem_reg[25][27]
  Impl DFF        Imp:/WORK/cv32e40p_top/core_i/id_stage_i/register_file_i/mem_reg_25__27_

  Ref  DFF        Ref:/WORK/cv32e40p_top/core_i/id_stage_i/register_file_i/mem_reg[25][28]
  Impl DFF        Imp:/WORK/cv32e40p_top/core_i/id_stage_i/register_file_i/mem_reg_25__28_

  Ref  DFF        Ref:/WORK/cv32e40p_top/core_i/id_stage_i/register_file_i/mem_reg[25][29]
  Impl DFF        Imp:/WORK/cv32e40p_top/core_i/id_stage_i/register_file_i/mem_reg_25__29_

  Ref  DFF        Ref:/WORK/cv32e40p_top/core_i/id_stage_i/register_file_i/mem_reg[25][2]
  Impl DFF        Imp:/WORK/cv32e40p_top/core_i/id_stage_i/register_file_i/mem_reg_25__2_

  Ref  DFF        Ref:/WORK/cv32e40p_top/core_i/id_stage_i/register_file_i/mem_reg[25][30]
  Impl DFF        Imp:/WORK/cv32e40p_top/core_i/id_stage_i/register_file_i/mem_reg_25__30_

  Ref  DFF        Ref:/WORK/cv32e40p_top/core_i/id_stage_i/register_file_i/mem_reg[25][31]
  Impl DFF        Imp:/WORK/cv32e40p_top/core_i/id_stage_i/register_file_i/mem_reg_25__31_

  Ref  DFF        Ref:/WORK/cv32e40p_top/core_i/id_stage_i/register_file_i/mem_reg[25][3]
  Impl DFF        Imp:/WORK/cv32e40p_top/core_i/id_stage_i/register_file_i/mem_reg_25__3_

  Ref  DFF        Ref:/WORK/cv32e40p_top/core_i/id_stage_i/register_file_i/mem_reg[25][4]
  Impl DFF        Imp:/WORK/cv32e40p_top/core_i/id_stage_i/register_file_i/mem_reg_25__4_

  Ref  DFF        Ref:/WORK/cv32e40p_top/core_i/id_stage_i/register_file_i/mem_reg[25][5]
  Impl DFF        Imp:/WORK/cv32e40p_top/core_i/id_stage_i/register_file_i/mem_reg_25__5_

  Ref  DFF        Ref:/WORK/cv32e40p_top/core_i/id_stage_i/register_file_i/mem_reg[25][6]
  Impl DFF        Imp:/WORK/cv32e40p_top/core_i/id_stage_i/register_file_i/mem_reg_25__6_

  Ref  DFF        Ref:/WORK/cv32e40p_top/core_i/id_stage_i/register_file_i/mem_reg[25][7]
  Impl DFF        Imp:/WORK/cv32e40p_top/core_i/id_stage_i/register_file_i/mem_reg_25__7_

  Ref  DFF        Ref:/WORK/cv32e40p_top/core_i/id_stage_i/register_file_i/mem_reg[25][8]
  Impl DFF        Imp:/WORK/cv32e40p_top/core_i/id_stage_i/register_file_i/mem_reg_25__8_

  Ref  DFF        Ref:/WORK/cv32e40p_top/core_i/id_stage_i/register_file_i/mem_reg[25][9]
  Impl DFF        Imp:/WORK/cv32e40p_top/core_i/id_stage_i/register_file_i/mem_reg_25__9_

  Ref  DFF        Ref:/WORK/cv32e40p_top/core_i/id_stage_i/register_file_i/mem_reg[26][0]
  Impl DFF        Imp:/WORK/cv32e40p_top/core_i/id_stage_i/register_file_i/mem_reg_26__0_

  Ref  DFF        Ref:/WORK/cv32e40p_top/core_i/id_stage_i/register_file_i/mem_reg[26][10]
  Impl DFF        Imp:/WORK/cv32e40p_top/core_i/id_stage_i/register_file_i/mem_reg_26__10_

  Ref  DFF        Ref:/WORK/cv32e40p_top/core_i/id_stage_i/register_file_i/mem_reg[26][11]
  Impl DFF        Imp:/WORK/cv32e40p_top/core_i/id_stage_i/register_file_i/mem_reg_26__11_

  Ref  DFF        Ref:/WORK/cv32e40p_top/core_i/id_stage_i/register_file_i/mem_reg[26][12]
  Impl DFF        Imp:/WORK/cv32e40p_top/core_i/id_stage_i/register_file_i/mem_reg_26__12_

  Ref  DFF        Ref:/WORK/cv32e40p_top/core_i/id_stage_i/register_file_i/mem_reg[26][13]
  Impl DFF        Imp:/WORK/cv32e40p_top/core_i/id_stage_i/register_file_i/mem_reg_26__13_

  Ref  DFF        Ref:/WORK/cv32e40p_top/core_i/id_stage_i/register_file_i/mem_reg[26][14]
  Impl DFF        Imp:/WORK/cv32e40p_top/core_i/id_stage_i/register_file_i/mem_reg_26__14_

  Ref  DFF        Ref:/WORK/cv32e40p_top/core_i/id_stage_i/register_file_i/mem_reg[26][15]
  Impl DFF        Imp:/WORK/cv32e40p_top/core_i/id_stage_i/register_file_i/mem_reg_26__15_

  Ref  DFF        Ref:/WORK/cv32e40p_top/core_i/id_stage_i/register_file_i/mem_reg[26][16]
  Impl DFF        Imp:/WORK/cv32e40p_top/core_i/id_stage_i/register_file_i/mem_reg_26__16_

  Ref  DFF        Ref:/WORK/cv32e40p_top/core_i/id_stage_i/register_file_i/mem_reg[26][17]
  Impl DFF        Imp:/WORK/cv32e40p_top/core_i/id_stage_i/register_file_i/mem_reg_26__17_

  Ref  DFF        Ref:/WORK/cv32e40p_top/core_i/id_stage_i/register_file_i/mem_reg[26][18]
  Impl DFF        Imp:/WORK/cv32e40p_top/core_i/id_stage_i/register_file_i/mem_reg_26__18_

  Ref  DFF        Ref:/WORK/cv32e40p_top/core_i/id_stage_i/register_file_i/mem_reg[26][19]
  Impl DFF        Imp:/WORK/cv32e40p_top/core_i/id_stage_i/register_file_i/mem_reg_26__19_

  Ref  DFF        Ref:/WORK/cv32e40p_top/core_i/id_stage_i/register_file_i/mem_reg[26][1]
  Impl DFF        Imp:/WORK/cv32e40p_top/core_i/id_stage_i/register_file_i/mem_reg_26__1_

  Ref  DFF        Ref:/WORK/cv32e40p_top/core_i/id_stage_i/register_file_i/mem_reg[26][20]
  Impl DFF        Imp:/WORK/cv32e40p_top/core_i/id_stage_i/register_file_i/mem_reg_26__20_

  Ref  DFF        Ref:/WORK/cv32e40p_top/core_i/id_stage_i/register_file_i/mem_reg[26][21]
  Impl DFF        Imp:/WORK/cv32e40p_top/core_i/id_stage_i/register_file_i/mem_reg_26__21_

  Ref  DFF        Ref:/WORK/cv32e40p_top/core_i/id_stage_i/register_file_i/mem_reg[26][22]
  Impl DFF        Imp:/WORK/cv32e40p_top/core_i/id_stage_i/register_file_i/mem_reg_26__22_

  Ref  DFF        Ref:/WORK/cv32e40p_top/core_i/id_stage_i/register_file_i/mem_reg[26][23]
  Impl DFF        Imp:/WORK/cv32e40p_top/core_i/id_stage_i/register_file_i/mem_reg_26__23_

  Ref  DFF        Ref:/WORK/cv32e40p_top/core_i/id_stage_i/register_file_i/mem_reg[26][24]
  Impl DFF        Imp:/WORK/cv32e40p_top/core_i/id_stage_i/register_file_i/mem_reg_26__24_

  Ref  DFF        Ref:/WORK/cv32e40p_top/core_i/id_stage_i/register_file_i/mem_reg[26][25]
  Impl DFF        Imp:/WORK/cv32e40p_top/core_i/id_stage_i/register_file_i/mem_reg_26__25_

  Ref  DFF        Ref:/WORK/cv32e40p_top/core_i/id_stage_i/register_file_i/mem_reg[26][26]
  Impl DFF        Imp:/WORK/cv32e40p_top/core_i/id_stage_i/register_file_i/mem_reg_26__26_

  Ref  DFF        Ref:/WORK/cv32e40p_top/core_i/id_stage_i/register_file_i/mem_reg[26][27]
  Impl DFF        Imp:/WORK/cv32e40p_top/core_i/id_stage_i/register_file_i/mem_reg_26__27_

  Ref  DFF        Ref:/WORK/cv32e40p_top/core_i/id_stage_i/register_file_i/mem_reg[26][28]
  Impl DFF        Imp:/WORK/cv32e40p_top/core_i/id_stage_i/register_file_i/mem_reg_26__28_

  Ref  DFF        Ref:/WORK/cv32e40p_top/core_i/id_stage_i/register_file_i/mem_reg[26][29]
  Impl DFF        Imp:/WORK/cv32e40p_top/core_i/id_stage_i/register_file_i/mem_reg_26__29_

  Ref  DFF        Ref:/WORK/cv32e40p_top/core_i/id_stage_i/register_file_i/mem_reg[26][2]
  Impl DFF        Imp:/WORK/cv32e40p_top/core_i/id_stage_i/register_file_i/mem_reg_26__2_

  Ref  DFF        Ref:/WORK/cv32e40p_top/core_i/id_stage_i/register_file_i/mem_reg[26][30]
  Impl DFF        Imp:/WORK/cv32e40p_top/core_i/id_stage_i/register_file_i/mem_reg_26__30_

  Ref  DFF        Ref:/WORK/cv32e40p_top/core_i/id_stage_i/register_file_i/mem_reg[26][31]
  Impl DFF        Imp:/WORK/cv32e40p_top/core_i/id_stage_i/register_file_i/mem_reg_26__31_

  Ref  DFF        Ref:/WORK/cv32e40p_top/core_i/id_stage_i/register_file_i/mem_reg[26][3]
  Impl DFF        Imp:/WORK/cv32e40p_top/core_i/id_stage_i/register_file_i/mem_reg_26__3_

  Ref  DFF        Ref:/WORK/cv32e40p_top/core_i/id_stage_i/register_file_i/mem_reg[26][4]
  Impl DFF        Imp:/WORK/cv32e40p_top/core_i/id_stage_i/register_file_i/mem_reg_26__4_

  Ref  DFF        Ref:/WORK/cv32e40p_top/core_i/id_stage_i/register_file_i/mem_reg[26][5]
  Impl DFF        Imp:/WORK/cv32e40p_top/core_i/id_stage_i/register_file_i/mem_reg_26__5_

  Ref  DFF        Ref:/WORK/cv32e40p_top/core_i/id_stage_i/register_file_i/mem_reg[26][6]
  Impl DFF        Imp:/WORK/cv32e40p_top/core_i/id_stage_i/register_file_i/mem_reg_26__6_

  Ref  DFF        Ref:/WORK/cv32e40p_top/core_i/id_stage_i/register_file_i/mem_reg[26][7]
  Impl DFF        Imp:/WORK/cv32e40p_top/core_i/id_stage_i/register_file_i/mem_reg_26__7_

  Ref  DFF        Ref:/WORK/cv32e40p_top/core_i/id_stage_i/register_file_i/mem_reg[26][8]
  Impl DFF        Imp:/WORK/cv32e40p_top/core_i/id_stage_i/register_file_i/mem_reg_26__8_

  Ref  DFF        Ref:/WORK/cv32e40p_top/core_i/id_stage_i/register_file_i/mem_reg[26][9]
  Impl DFF        Imp:/WORK/cv32e40p_top/core_i/id_stage_i/register_file_i/mem_reg_26__9_

  Ref  DFF        Ref:/WORK/cv32e40p_top/core_i/id_stage_i/register_file_i/mem_reg[27][0]
  Impl DFF        Imp:/WORK/cv32e40p_top/core_i/id_stage_i/register_file_i/mem_reg_27__0_

  Ref  DFF        Ref:/WORK/cv32e40p_top/core_i/id_stage_i/register_file_i/mem_reg[27][10]
  Impl DFF        Imp:/WORK/cv32e40p_top/core_i/id_stage_i/register_file_i/mem_reg_27__10_

  Ref  DFF        Ref:/WORK/cv32e40p_top/core_i/id_stage_i/register_file_i/mem_reg[27][11]
  Impl DFF        Imp:/WORK/cv32e40p_top/core_i/id_stage_i/register_file_i/mem_reg_27__11_

  Ref  DFF        Ref:/WORK/cv32e40p_top/core_i/id_stage_i/register_file_i/mem_reg[27][12]
  Impl DFF        Imp:/WORK/cv32e40p_top/core_i/id_stage_i/register_file_i/mem_reg_27__12_

  Ref  DFF        Ref:/WORK/cv32e40p_top/core_i/id_stage_i/register_file_i/mem_reg[27][13]
  Impl DFF        Imp:/WORK/cv32e40p_top/core_i/id_stage_i/register_file_i/mem_reg_27__13_

  Ref  DFF        Ref:/WORK/cv32e40p_top/core_i/id_stage_i/register_file_i/mem_reg[27][14]
  Impl DFF        Imp:/WORK/cv32e40p_top/core_i/id_stage_i/register_file_i/mem_reg_27__14_

  Ref  DFF        Ref:/WORK/cv32e40p_top/core_i/id_stage_i/register_file_i/mem_reg[27][15]
  Impl DFF        Imp:/WORK/cv32e40p_top/core_i/id_stage_i/register_file_i/mem_reg_27__15_

  Ref  DFF        Ref:/WORK/cv32e40p_top/core_i/id_stage_i/register_file_i/mem_reg[27][16]
  Impl DFF        Imp:/WORK/cv32e40p_top/core_i/id_stage_i/register_file_i/mem_reg_27__16_

  Ref  DFF        Ref:/WORK/cv32e40p_top/core_i/id_stage_i/register_file_i/mem_reg[27][17]
  Impl DFF        Imp:/WORK/cv32e40p_top/core_i/id_stage_i/register_file_i/mem_reg_27__17_

  Ref  DFF        Ref:/WORK/cv32e40p_top/core_i/id_stage_i/register_file_i/mem_reg[27][18]
  Impl DFF        Imp:/WORK/cv32e40p_top/core_i/id_stage_i/register_file_i/mem_reg_27__18_

  Ref  DFF        Ref:/WORK/cv32e40p_top/core_i/id_stage_i/register_file_i/mem_reg[27][19]
  Impl DFF        Imp:/WORK/cv32e40p_top/core_i/id_stage_i/register_file_i/mem_reg_27__19_

  Ref  DFF        Ref:/WORK/cv32e40p_top/core_i/id_stage_i/register_file_i/mem_reg[27][1]
  Impl DFF        Imp:/WORK/cv32e40p_top/core_i/id_stage_i/register_file_i/mem_reg_27__1_

  Ref  DFF        Ref:/WORK/cv32e40p_top/core_i/id_stage_i/register_file_i/mem_reg[27][20]
  Impl DFF        Imp:/WORK/cv32e40p_top/core_i/id_stage_i/register_file_i/mem_reg_27__20_

  Ref  DFF        Ref:/WORK/cv32e40p_top/core_i/id_stage_i/register_file_i/mem_reg[27][21]
  Impl DFF        Imp:/WORK/cv32e40p_top/core_i/id_stage_i/register_file_i/mem_reg_27__21_

  Ref  DFF        Ref:/WORK/cv32e40p_top/core_i/id_stage_i/register_file_i/mem_reg[27][22]
  Impl DFF        Imp:/WORK/cv32e40p_top/core_i/id_stage_i/register_file_i/mem_reg_27__22_

  Ref  DFF        Ref:/WORK/cv32e40p_top/core_i/id_stage_i/register_file_i/mem_reg[27][23]
  Impl DFF        Imp:/WORK/cv32e40p_top/core_i/id_stage_i/register_file_i/mem_reg_27__23_

  Ref  DFF        Ref:/WORK/cv32e40p_top/core_i/id_stage_i/register_file_i/mem_reg[27][24]
  Impl DFF        Imp:/WORK/cv32e40p_top/core_i/id_stage_i/register_file_i/mem_reg_27__24_

  Ref  DFF        Ref:/WORK/cv32e40p_top/core_i/id_stage_i/register_file_i/mem_reg[27][25]
  Impl DFF        Imp:/WORK/cv32e40p_top/core_i/id_stage_i/register_file_i/mem_reg_27__25_

  Ref  DFF        Ref:/WORK/cv32e40p_top/core_i/id_stage_i/register_file_i/mem_reg[27][26]
  Impl DFF        Imp:/WORK/cv32e40p_top/core_i/id_stage_i/register_file_i/mem_reg_27__26_

  Ref  DFF        Ref:/WORK/cv32e40p_top/core_i/id_stage_i/register_file_i/mem_reg[27][27]
  Impl DFF        Imp:/WORK/cv32e40p_top/core_i/id_stage_i/register_file_i/mem_reg_27__27_

  Ref  DFF        Ref:/WORK/cv32e40p_top/core_i/id_stage_i/register_file_i/mem_reg[27][28]
  Impl DFF        Imp:/WORK/cv32e40p_top/core_i/id_stage_i/register_file_i/mem_reg_27__28_

  Ref  DFF        Ref:/WORK/cv32e40p_top/core_i/id_stage_i/register_file_i/mem_reg[27][29]
  Impl DFF        Imp:/WORK/cv32e40p_top/core_i/id_stage_i/register_file_i/mem_reg_27__29_

  Ref  DFF        Ref:/WORK/cv32e40p_top/core_i/id_stage_i/register_file_i/mem_reg[27][2]
  Impl DFF        Imp:/WORK/cv32e40p_top/core_i/id_stage_i/register_file_i/mem_reg_27__2_

  Ref  DFF        Ref:/WORK/cv32e40p_top/core_i/id_stage_i/register_file_i/mem_reg[27][30]
  Impl DFF        Imp:/WORK/cv32e40p_top/core_i/id_stage_i/register_file_i/mem_reg_27__30_

  Ref  DFF        Ref:/WORK/cv32e40p_top/core_i/id_stage_i/register_file_i/mem_reg[27][31]
  Impl DFF        Imp:/WORK/cv32e40p_top/core_i/id_stage_i/register_file_i/mem_reg_27__31_

  Ref  DFF        Ref:/WORK/cv32e40p_top/core_i/id_stage_i/register_file_i/mem_reg[27][3]
  Impl DFF        Imp:/WORK/cv32e40p_top/core_i/id_stage_i/register_file_i/mem_reg_27__3_

  Ref  DFF        Ref:/WORK/cv32e40p_top/core_i/id_stage_i/register_file_i/mem_reg[27][4]
  Impl DFF        Imp:/WORK/cv32e40p_top/core_i/id_stage_i/register_file_i/mem_reg_27__4_

  Ref  DFF        Ref:/WORK/cv32e40p_top/core_i/id_stage_i/register_file_i/mem_reg[27][5]
  Impl DFF        Imp:/WORK/cv32e40p_top/core_i/id_stage_i/register_file_i/mem_reg_27__5_

  Ref  DFF        Ref:/WORK/cv32e40p_top/core_i/id_stage_i/register_file_i/mem_reg[27][6]
  Impl DFF        Imp:/WORK/cv32e40p_top/core_i/id_stage_i/register_file_i/mem_reg_27__6_

  Ref  DFF        Ref:/WORK/cv32e40p_top/core_i/id_stage_i/register_file_i/mem_reg[27][7]
  Impl DFF        Imp:/WORK/cv32e40p_top/core_i/id_stage_i/register_file_i/mem_reg_27__7_

  Ref  DFF        Ref:/WORK/cv32e40p_top/core_i/id_stage_i/register_file_i/mem_reg[27][8]
  Impl DFF        Imp:/WORK/cv32e40p_top/core_i/id_stage_i/register_file_i/mem_reg_27__8_

  Ref  DFF        Ref:/WORK/cv32e40p_top/core_i/id_stage_i/register_file_i/mem_reg[27][9]
  Impl DFF        Imp:/WORK/cv32e40p_top/core_i/id_stage_i/register_file_i/mem_reg_27__9_

  Ref  DFF        Ref:/WORK/cv32e40p_top/core_i/id_stage_i/register_file_i/mem_reg[28][0]
  Impl DFF        Imp:/WORK/cv32e40p_top/core_i/id_stage_i/register_file_i/mem_reg_28__0_

  Ref  DFF        Ref:/WORK/cv32e40p_top/core_i/id_stage_i/register_file_i/mem_reg[28][10]
  Impl DFF        Imp:/WORK/cv32e40p_top/core_i/id_stage_i/register_file_i/mem_reg_28__10_

  Ref  DFF        Ref:/WORK/cv32e40p_top/core_i/id_stage_i/register_file_i/mem_reg[28][11]
  Impl DFF        Imp:/WORK/cv32e40p_top/core_i/id_stage_i/register_file_i/mem_reg_28__11_

  Ref  DFF        Ref:/WORK/cv32e40p_top/core_i/id_stage_i/register_file_i/mem_reg[28][12]
  Impl DFF        Imp:/WORK/cv32e40p_top/core_i/id_stage_i/register_file_i/mem_reg_28__12_

  Ref  DFF        Ref:/WORK/cv32e40p_top/core_i/id_stage_i/register_file_i/mem_reg[28][13]
  Impl DFF        Imp:/WORK/cv32e40p_top/core_i/id_stage_i/register_file_i/mem_reg_28__13_

  Ref  DFF        Ref:/WORK/cv32e40p_top/core_i/id_stage_i/register_file_i/mem_reg[28][14]
  Impl DFF        Imp:/WORK/cv32e40p_top/core_i/id_stage_i/register_file_i/mem_reg_28__14_

  Ref  DFF        Ref:/WORK/cv32e40p_top/core_i/id_stage_i/register_file_i/mem_reg[28][15]
  Impl DFF        Imp:/WORK/cv32e40p_top/core_i/id_stage_i/register_file_i/mem_reg_28__15_

  Ref  DFF        Ref:/WORK/cv32e40p_top/core_i/id_stage_i/register_file_i/mem_reg[28][16]
  Impl DFF        Imp:/WORK/cv32e40p_top/core_i/id_stage_i/register_file_i/mem_reg_28__16_

  Ref  DFF        Ref:/WORK/cv32e40p_top/core_i/id_stage_i/register_file_i/mem_reg[28][17]
  Impl DFF        Imp:/WORK/cv32e40p_top/core_i/id_stage_i/register_file_i/mem_reg_28__17_

  Ref  DFF        Ref:/WORK/cv32e40p_top/core_i/id_stage_i/register_file_i/mem_reg[28][18]
  Impl DFF        Imp:/WORK/cv32e40p_top/core_i/id_stage_i/register_file_i/mem_reg_28__18_

  Ref  DFF        Ref:/WORK/cv32e40p_top/core_i/id_stage_i/register_file_i/mem_reg[28][19]
  Impl DFF        Imp:/WORK/cv32e40p_top/core_i/id_stage_i/register_file_i/mem_reg_28__19_

  Ref  DFF        Ref:/WORK/cv32e40p_top/core_i/id_stage_i/register_file_i/mem_reg[28][1]
  Impl DFF        Imp:/WORK/cv32e40p_top/core_i/id_stage_i/register_file_i/mem_reg_28__1_

  Ref  DFF        Ref:/WORK/cv32e40p_top/core_i/id_stage_i/register_file_i/mem_reg[28][20]
  Impl DFF        Imp:/WORK/cv32e40p_top/core_i/id_stage_i/register_file_i/mem_reg_28__20_

  Ref  DFF        Ref:/WORK/cv32e40p_top/core_i/id_stage_i/register_file_i/mem_reg[28][21]
  Impl DFF        Imp:/WORK/cv32e40p_top/core_i/id_stage_i/register_file_i/mem_reg_28__21_

  Ref  DFF        Ref:/WORK/cv32e40p_top/core_i/id_stage_i/register_file_i/mem_reg[28][22]
  Impl DFF        Imp:/WORK/cv32e40p_top/core_i/id_stage_i/register_file_i/mem_reg_28__22_

  Ref  DFF        Ref:/WORK/cv32e40p_top/core_i/id_stage_i/register_file_i/mem_reg[28][23]
  Impl DFF        Imp:/WORK/cv32e40p_top/core_i/id_stage_i/register_file_i/mem_reg_28__23_

  Ref  DFF        Ref:/WORK/cv32e40p_top/core_i/id_stage_i/register_file_i/mem_reg[28][24]
  Impl DFF        Imp:/WORK/cv32e40p_top/core_i/id_stage_i/register_file_i/mem_reg_28__24_

  Ref  DFF        Ref:/WORK/cv32e40p_top/core_i/id_stage_i/register_file_i/mem_reg[28][25]
  Impl DFF        Imp:/WORK/cv32e40p_top/core_i/id_stage_i/register_file_i/mem_reg_28__25_

  Ref  DFF        Ref:/WORK/cv32e40p_top/core_i/id_stage_i/register_file_i/mem_reg[28][26]
  Impl DFF        Imp:/WORK/cv32e40p_top/core_i/id_stage_i/register_file_i/mem_reg_28__26_

  Ref  DFF        Ref:/WORK/cv32e40p_top/core_i/id_stage_i/register_file_i/mem_reg[28][27]
  Impl DFF        Imp:/WORK/cv32e40p_top/core_i/id_stage_i/register_file_i/mem_reg_28__27_

  Ref  DFF        Ref:/WORK/cv32e40p_top/core_i/id_stage_i/register_file_i/mem_reg[28][28]
  Impl DFF        Imp:/WORK/cv32e40p_top/core_i/id_stage_i/register_file_i/mem_reg_28__28_

  Ref  DFF        Ref:/WORK/cv32e40p_top/core_i/id_stage_i/register_file_i/mem_reg[28][29]
  Impl DFF        Imp:/WORK/cv32e40p_top/core_i/id_stage_i/register_file_i/mem_reg_28__29_

  Ref  DFF        Ref:/WORK/cv32e40p_top/core_i/id_stage_i/register_file_i/mem_reg[28][2]
  Impl DFF        Imp:/WORK/cv32e40p_top/core_i/id_stage_i/register_file_i/mem_reg_28__2_

  Ref  DFF        Ref:/WORK/cv32e40p_top/core_i/id_stage_i/register_file_i/mem_reg[28][30]
  Impl DFF        Imp:/WORK/cv32e40p_top/core_i/id_stage_i/register_file_i/mem_reg_28__30_

  Ref  DFF        Ref:/WORK/cv32e40p_top/core_i/id_stage_i/register_file_i/mem_reg[28][31]
  Impl DFF        Imp:/WORK/cv32e40p_top/core_i/id_stage_i/register_file_i/mem_reg_28__31_

  Ref  DFF        Ref:/WORK/cv32e40p_top/core_i/id_stage_i/register_file_i/mem_reg[28][3]
  Impl DFF        Imp:/WORK/cv32e40p_top/core_i/id_stage_i/register_file_i/mem_reg_28__3_

  Ref  DFF        Ref:/WORK/cv32e40p_top/core_i/id_stage_i/register_file_i/mem_reg[28][4]
  Impl DFF        Imp:/WORK/cv32e40p_top/core_i/id_stage_i/register_file_i/mem_reg_28__4_

  Ref  DFF        Ref:/WORK/cv32e40p_top/core_i/id_stage_i/register_file_i/mem_reg[28][5]
  Impl DFF        Imp:/WORK/cv32e40p_top/core_i/id_stage_i/register_file_i/mem_reg_28__5_

  Ref  DFF        Ref:/WORK/cv32e40p_top/core_i/id_stage_i/register_file_i/mem_reg[28][6]
  Impl DFF        Imp:/WORK/cv32e40p_top/core_i/id_stage_i/register_file_i/mem_reg_28__6_

  Ref  DFF        Ref:/WORK/cv32e40p_top/core_i/id_stage_i/register_file_i/mem_reg[28][7]
  Impl DFF        Imp:/WORK/cv32e40p_top/core_i/id_stage_i/register_file_i/mem_reg_28__7_

  Ref  DFF        Ref:/WORK/cv32e40p_top/core_i/id_stage_i/register_file_i/mem_reg[28][8]
  Impl DFF        Imp:/WORK/cv32e40p_top/core_i/id_stage_i/register_file_i/mem_reg_28__8_

  Ref  DFF        Ref:/WORK/cv32e40p_top/core_i/id_stage_i/register_file_i/mem_reg[28][9]
  Impl DFF        Imp:/WORK/cv32e40p_top/core_i/id_stage_i/register_file_i/mem_reg_28__9_

  Ref  DFF        Ref:/WORK/cv32e40p_top/core_i/id_stage_i/register_file_i/mem_reg[29][0]
  Impl DFF        Imp:/WORK/cv32e40p_top/core_i/id_stage_i/register_file_i/mem_reg_29__0_

  Ref  DFF        Ref:/WORK/cv32e40p_top/core_i/id_stage_i/register_file_i/mem_reg[29][10]
  Impl DFF        Imp:/WORK/cv32e40p_top/core_i/id_stage_i/register_file_i/mem_reg_29__10_

  Ref  DFF        Ref:/WORK/cv32e40p_top/core_i/id_stage_i/register_file_i/mem_reg[29][11]
  Impl DFF        Imp:/WORK/cv32e40p_top/core_i/id_stage_i/register_file_i/mem_reg_29__11_

  Ref  DFF        Ref:/WORK/cv32e40p_top/core_i/id_stage_i/register_file_i/mem_reg[29][12]
  Impl DFF        Imp:/WORK/cv32e40p_top/core_i/id_stage_i/register_file_i/mem_reg_29__12_

  Ref  DFF        Ref:/WORK/cv32e40p_top/core_i/id_stage_i/register_file_i/mem_reg[29][13]
  Impl DFF        Imp:/WORK/cv32e40p_top/core_i/id_stage_i/register_file_i/mem_reg_29__13_

  Ref  DFF        Ref:/WORK/cv32e40p_top/core_i/id_stage_i/register_file_i/mem_reg[29][14]
  Impl DFF        Imp:/WORK/cv32e40p_top/core_i/id_stage_i/register_file_i/mem_reg_29__14_

  Ref  DFF        Ref:/WORK/cv32e40p_top/core_i/id_stage_i/register_file_i/mem_reg[29][15]
  Impl DFF        Imp:/WORK/cv32e40p_top/core_i/id_stage_i/register_file_i/mem_reg_29__15_

  Ref  DFF        Ref:/WORK/cv32e40p_top/core_i/id_stage_i/register_file_i/mem_reg[29][16]
  Impl DFF        Imp:/WORK/cv32e40p_top/core_i/id_stage_i/register_file_i/mem_reg_29__16_

  Ref  DFF        Ref:/WORK/cv32e40p_top/core_i/id_stage_i/register_file_i/mem_reg[29][17]
  Impl DFF        Imp:/WORK/cv32e40p_top/core_i/id_stage_i/register_file_i/mem_reg_29__17_

  Ref  DFF        Ref:/WORK/cv32e40p_top/core_i/id_stage_i/register_file_i/mem_reg[29][18]
  Impl DFF        Imp:/WORK/cv32e40p_top/core_i/id_stage_i/register_file_i/mem_reg_29__18_

  Ref  DFF        Ref:/WORK/cv32e40p_top/core_i/id_stage_i/register_file_i/mem_reg[29][19]
  Impl DFF        Imp:/WORK/cv32e40p_top/core_i/id_stage_i/register_file_i/mem_reg_29__19_

  Ref  DFF        Ref:/WORK/cv32e40p_top/core_i/id_stage_i/register_file_i/mem_reg[29][1]
  Impl DFF        Imp:/WORK/cv32e40p_top/core_i/id_stage_i/register_file_i/mem_reg_29__1_

  Ref  DFF        Ref:/WORK/cv32e40p_top/core_i/id_stage_i/register_file_i/mem_reg[29][20]
  Impl DFF        Imp:/WORK/cv32e40p_top/core_i/id_stage_i/register_file_i/mem_reg_29__20_

  Ref  DFF        Ref:/WORK/cv32e40p_top/core_i/id_stage_i/register_file_i/mem_reg[29][21]
  Impl DFF        Imp:/WORK/cv32e40p_top/core_i/id_stage_i/register_file_i/mem_reg_29__21_

  Ref  DFF        Ref:/WORK/cv32e40p_top/core_i/id_stage_i/register_file_i/mem_reg[29][22]
  Impl DFF        Imp:/WORK/cv32e40p_top/core_i/id_stage_i/register_file_i/mem_reg_29__22_

  Ref  DFF        Ref:/WORK/cv32e40p_top/core_i/id_stage_i/register_file_i/mem_reg[29][23]
  Impl DFF        Imp:/WORK/cv32e40p_top/core_i/id_stage_i/register_file_i/mem_reg_29__23_

  Ref  DFF        Ref:/WORK/cv32e40p_top/core_i/id_stage_i/register_file_i/mem_reg[29][24]
  Impl DFF        Imp:/WORK/cv32e40p_top/core_i/id_stage_i/register_file_i/mem_reg_29__24_

  Ref  DFF        Ref:/WORK/cv32e40p_top/core_i/id_stage_i/register_file_i/mem_reg[29][25]
  Impl DFF        Imp:/WORK/cv32e40p_top/core_i/id_stage_i/register_file_i/mem_reg_29__25_

  Ref  DFF        Ref:/WORK/cv32e40p_top/core_i/id_stage_i/register_file_i/mem_reg[29][26]
  Impl DFF        Imp:/WORK/cv32e40p_top/core_i/id_stage_i/register_file_i/mem_reg_29__26_

  Ref  DFF        Ref:/WORK/cv32e40p_top/core_i/id_stage_i/register_file_i/mem_reg[29][27]
  Impl DFF        Imp:/WORK/cv32e40p_top/core_i/id_stage_i/register_file_i/mem_reg_29__27_

  Ref  DFF        Ref:/WORK/cv32e40p_top/core_i/id_stage_i/register_file_i/mem_reg[29][28]
  Impl DFF        Imp:/WORK/cv32e40p_top/core_i/id_stage_i/register_file_i/mem_reg_29__28_

  Ref  DFF        Ref:/WORK/cv32e40p_top/core_i/id_stage_i/register_file_i/mem_reg[29][29]
  Impl DFF        Imp:/WORK/cv32e40p_top/core_i/id_stage_i/register_file_i/mem_reg_29__29_

  Ref  DFF        Ref:/WORK/cv32e40p_top/core_i/id_stage_i/register_file_i/mem_reg[29][2]
  Impl DFF        Imp:/WORK/cv32e40p_top/core_i/id_stage_i/register_file_i/mem_reg_29__2_

  Ref  DFF        Ref:/WORK/cv32e40p_top/core_i/id_stage_i/register_file_i/mem_reg[29][30]
  Impl DFF        Imp:/WORK/cv32e40p_top/core_i/id_stage_i/register_file_i/mem_reg_29__30_

  Ref  DFF        Ref:/WORK/cv32e40p_top/core_i/id_stage_i/register_file_i/mem_reg[29][31]
  Impl DFF        Imp:/WORK/cv32e40p_top/core_i/id_stage_i/register_file_i/mem_reg_29__31_

  Ref  DFF        Ref:/WORK/cv32e40p_top/core_i/id_stage_i/register_file_i/mem_reg[29][3]
  Impl DFF        Imp:/WORK/cv32e40p_top/core_i/id_stage_i/register_file_i/mem_reg_29__3_

  Ref  DFF        Ref:/WORK/cv32e40p_top/core_i/id_stage_i/register_file_i/mem_reg[29][4]
  Impl DFF        Imp:/WORK/cv32e40p_top/core_i/id_stage_i/register_file_i/mem_reg_29__4_

  Ref  DFF        Ref:/WORK/cv32e40p_top/core_i/id_stage_i/register_file_i/mem_reg[29][5]
  Impl DFF        Imp:/WORK/cv32e40p_top/core_i/id_stage_i/register_file_i/mem_reg_29__5_

  Ref  DFF        Ref:/WORK/cv32e40p_top/core_i/id_stage_i/register_file_i/mem_reg[29][6]
  Impl DFF        Imp:/WORK/cv32e40p_top/core_i/id_stage_i/register_file_i/mem_reg_29__6_

  Ref  DFF        Ref:/WORK/cv32e40p_top/core_i/id_stage_i/register_file_i/mem_reg[29][7]
  Impl DFF        Imp:/WORK/cv32e40p_top/core_i/id_stage_i/register_file_i/mem_reg_29__7_

  Ref  DFF        Ref:/WORK/cv32e40p_top/core_i/id_stage_i/register_file_i/mem_reg[29][8]
  Impl DFF        Imp:/WORK/cv32e40p_top/core_i/id_stage_i/register_file_i/mem_reg_29__8_

  Ref  DFF        Ref:/WORK/cv32e40p_top/core_i/id_stage_i/register_file_i/mem_reg[29][9]
  Impl DFF        Imp:/WORK/cv32e40p_top/core_i/id_stage_i/register_file_i/mem_reg_29__9_

  Ref  DFF        Ref:/WORK/cv32e40p_top/core_i/id_stage_i/register_file_i/mem_reg[2][0]
  Impl DFF        Imp:/WORK/cv32e40p_top/core_i/id_stage_i/register_file_i/mem_reg_2__0_

  Ref  DFF        Ref:/WORK/cv32e40p_top/core_i/id_stage_i/register_file_i/mem_reg[2][10]
  Impl DFF        Imp:/WORK/cv32e40p_top/core_i/id_stage_i/register_file_i/mem_reg_2__10_

  Ref  DFF        Ref:/WORK/cv32e40p_top/core_i/id_stage_i/register_file_i/mem_reg[2][11]
  Impl DFF        Imp:/WORK/cv32e40p_top/core_i/id_stage_i/register_file_i/mem_reg_2__11_

  Ref  DFF        Ref:/WORK/cv32e40p_top/core_i/id_stage_i/register_file_i/mem_reg[2][12]
  Impl DFF        Imp:/WORK/cv32e40p_top/core_i/id_stage_i/register_file_i/mem_reg_2__12_

  Ref  DFF        Ref:/WORK/cv32e40p_top/core_i/id_stage_i/register_file_i/mem_reg[2][13]
  Impl DFF        Imp:/WORK/cv32e40p_top/core_i/id_stage_i/register_file_i/mem_reg_2__13_

  Ref  DFF        Ref:/WORK/cv32e40p_top/core_i/id_stage_i/register_file_i/mem_reg[2][14]
  Impl DFF        Imp:/WORK/cv32e40p_top/core_i/id_stage_i/register_file_i/mem_reg_2__14_

  Ref  DFF        Ref:/WORK/cv32e40p_top/core_i/id_stage_i/register_file_i/mem_reg[2][15]
  Impl DFF        Imp:/WORK/cv32e40p_top/core_i/id_stage_i/register_file_i/mem_reg_2__15_

  Ref  DFF        Ref:/WORK/cv32e40p_top/core_i/id_stage_i/register_file_i/mem_reg[2][16]
  Impl DFF        Imp:/WORK/cv32e40p_top/core_i/id_stage_i/register_file_i/mem_reg_2__16_

  Ref  DFF        Ref:/WORK/cv32e40p_top/core_i/id_stage_i/register_file_i/mem_reg[2][17]
  Impl DFF        Imp:/WORK/cv32e40p_top/core_i/id_stage_i/register_file_i/mem_reg_2__17_

  Ref  DFF        Ref:/WORK/cv32e40p_top/core_i/id_stage_i/register_file_i/mem_reg[2][18]
  Impl DFF        Imp:/WORK/cv32e40p_top/core_i/id_stage_i/register_file_i/mem_reg_2__18_

  Ref  DFF        Ref:/WORK/cv32e40p_top/core_i/id_stage_i/register_file_i/mem_reg[2][19]
  Impl DFF        Imp:/WORK/cv32e40p_top/core_i/id_stage_i/register_file_i/mem_reg_2__19_

  Ref  DFF        Ref:/WORK/cv32e40p_top/core_i/id_stage_i/register_file_i/mem_reg[2][1]
  Impl DFF        Imp:/WORK/cv32e40p_top/core_i/id_stage_i/register_file_i/mem_reg_2__1_

  Ref  DFF        Ref:/WORK/cv32e40p_top/core_i/id_stage_i/register_file_i/mem_reg[2][20]
  Impl DFF        Imp:/WORK/cv32e40p_top/core_i/id_stage_i/register_file_i/mem_reg_2__20_

  Ref  DFF        Ref:/WORK/cv32e40p_top/core_i/id_stage_i/register_file_i/mem_reg[2][21]
  Impl DFF        Imp:/WORK/cv32e40p_top/core_i/id_stage_i/register_file_i/mem_reg_2__21_

  Ref  DFF        Ref:/WORK/cv32e40p_top/core_i/id_stage_i/register_file_i/mem_reg[2][22]
  Impl DFF        Imp:/WORK/cv32e40p_top/core_i/id_stage_i/register_file_i/mem_reg_2__22_

  Ref  DFF        Ref:/WORK/cv32e40p_top/core_i/id_stage_i/register_file_i/mem_reg[2][23]
  Impl DFF        Imp:/WORK/cv32e40p_top/core_i/id_stage_i/register_file_i/mem_reg_2__23_

  Ref  DFF        Ref:/WORK/cv32e40p_top/core_i/id_stage_i/register_file_i/mem_reg[2][24]
  Impl DFF        Imp:/WORK/cv32e40p_top/core_i/id_stage_i/register_file_i/mem_reg_2__24_

  Ref  DFF        Ref:/WORK/cv32e40p_top/core_i/id_stage_i/register_file_i/mem_reg[2][25]
  Impl DFF        Imp:/WORK/cv32e40p_top/core_i/id_stage_i/register_file_i/mem_reg_2__25_

  Ref  DFF        Ref:/WORK/cv32e40p_top/core_i/id_stage_i/register_file_i/mem_reg[2][26]
  Impl DFF        Imp:/WORK/cv32e40p_top/core_i/id_stage_i/register_file_i/mem_reg_2__26_

  Ref  DFF        Ref:/WORK/cv32e40p_top/core_i/id_stage_i/register_file_i/mem_reg[2][27]
  Impl DFF        Imp:/WORK/cv32e40p_top/core_i/id_stage_i/register_file_i/mem_reg_2__27_

  Ref  DFF        Ref:/WORK/cv32e40p_top/core_i/id_stage_i/register_file_i/mem_reg[2][28]
  Impl DFF        Imp:/WORK/cv32e40p_top/core_i/id_stage_i/register_file_i/mem_reg_2__28_

  Ref  DFF        Ref:/WORK/cv32e40p_top/core_i/id_stage_i/register_file_i/mem_reg[2][29]
  Impl DFF        Imp:/WORK/cv32e40p_top/core_i/id_stage_i/register_file_i/mem_reg_2__29_

  Ref  DFF        Ref:/WORK/cv32e40p_top/core_i/id_stage_i/register_file_i/mem_reg[2][2]
  Impl DFF        Imp:/WORK/cv32e40p_top/core_i/id_stage_i/register_file_i/mem_reg_2__2_

  Ref  DFF        Ref:/WORK/cv32e40p_top/core_i/id_stage_i/register_file_i/mem_reg[2][30]
  Impl DFF        Imp:/WORK/cv32e40p_top/core_i/id_stage_i/register_file_i/mem_reg_2__30_

  Ref  DFF        Ref:/WORK/cv32e40p_top/core_i/id_stage_i/register_file_i/mem_reg[2][31]
  Impl DFF        Imp:/WORK/cv32e40p_top/core_i/id_stage_i/register_file_i/mem_reg_2__31_

  Ref  DFF        Ref:/WORK/cv32e40p_top/core_i/id_stage_i/register_file_i/mem_reg[2][3]
  Impl DFF        Imp:/WORK/cv32e40p_top/core_i/id_stage_i/register_file_i/mem_reg_2__3_

  Ref  DFF        Ref:/WORK/cv32e40p_top/core_i/id_stage_i/register_file_i/mem_reg[2][4]
  Impl DFF        Imp:/WORK/cv32e40p_top/core_i/id_stage_i/register_file_i/mem_reg_2__4_

  Ref  DFF        Ref:/WORK/cv32e40p_top/core_i/id_stage_i/register_file_i/mem_reg[2][5]
  Impl DFF        Imp:/WORK/cv32e40p_top/core_i/id_stage_i/register_file_i/mem_reg_2__5_

  Ref  DFF        Ref:/WORK/cv32e40p_top/core_i/id_stage_i/register_file_i/mem_reg[2][6]
  Impl DFF        Imp:/WORK/cv32e40p_top/core_i/id_stage_i/register_file_i/mem_reg_2__6_

  Ref  DFF        Ref:/WORK/cv32e40p_top/core_i/id_stage_i/register_file_i/mem_reg[2][7]
  Impl DFF        Imp:/WORK/cv32e40p_top/core_i/id_stage_i/register_file_i/mem_reg_2__7_

  Ref  DFF        Ref:/WORK/cv32e40p_top/core_i/id_stage_i/register_file_i/mem_reg[2][8]
  Impl DFF        Imp:/WORK/cv32e40p_top/core_i/id_stage_i/register_file_i/mem_reg_2__8_

  Ref  DFF        Ref:/WORK/cv32e40p_top/core_i/id_stage_i/register_file_i/mem_reg[2][9]
  Impl DFF        Imp:/WORK/cv32e40p_top/core_i/id_stage_i/register_file_i/mem_reg_2__9_

  Ref  DFF        Ref:/WORK/cv32e40p_top/core_i/id_stage_i/register_file_i/mem_reg[30][0]
  Impl DFF        Imp:/WORK/cv32e40p_top/core_i/id_stage_i/register_file_i/mem_reg_30__0_

  Ref  DFF        Ref:/WORK/cv32e40p_top/core_i/id_stage_i/register_file_i/mem_reg[30][10]
  Impl DFF        Imp:/WORK/cv32e40p_top/core_i/id_stage_i/register_file_i/mem_reg_30__10_

  Ref  DFF        Ref:/WORK/cv32e40p_top/core_i/id_stage_i/register_file_i/mem_reg[30][11]
  Impl DFF        Imp:/WORK/cv32e40p_top/core_i/id_stage_i/register_file_i/mem_reg_30__11_

  Ref  DFF        Ref:/WORK/cv32e40p_top/core_i/id_stage_i/register_file_i/mem_reg[30][12]
  Impl DFF        Imp:/WORK/cv32e40p_top/core_i/id_stage_i/register_file_i/mem_reg_30__12_

  Ref  DFF        Ref:/WORK/cv32e40p_top/core_i/id_stage_i/register_file_i/mem_reg[30][13]
  Impl DFF        Imp:/WORK/cv32e40p_top/core_i/id_stage_i/register_file_i/mem_reg_30__13_

  Ref  DFF        Ref:/WORK/cv32e40p_top/core_i/id_stage_i/register_file_i/mem_reg[30][14]
  Impl DFF        Imp:/WORK/cv32e40p_top/core_i/id_stage_i/register_file_i/mem_reg_30__14_

  Ref  DFF        Ref:/WORK/cv32e40p_top/core_i/id_stage_i/register_file_i/mem_reg[30][15]
  Impl DFF        Imp:/WORK/cv32e40p_top/core_i/id_stage_i/register_file_i/mem_reg_30__15_

  Ref  DFF        Ref:/WORK/cv32e40p_top/core_i/id_stage_i/register_file_i/mem_reg[30][16]
  Impl DFF        Imp:/WORK/cv32e40p_top/core_i/id_stage_i/register_file_i/mem_reg_30__16_

  Ref  DFF        Ref:/WORK/cv32e40p_top/core_i/id_stage_i/register_file_i/mem_reg[30][17]
  Impl DFF        Imp:/WORK/cv32e40p_top/core_i/id_stage_i/register_file_i/mem_reg_30__17_

  Ref  DFF        Ref:/WORK/cv32e40p_top/core_i/id_stage_i/register_file_i/mem_reg[30][18]
  Impl DFF        Imp:/WORK/cv32e40p_top/core_i/id_stage_i/register_file_i/mem_reg_30__18_

  Ref  DFF        Ref:/WORK/cv32e40p_top/core_i/id_stage_i/register_file_i/mem_reg[30][19]
  Impl DFF        Imp:/WORK/cv32e40p_top/core_i/id_stage_i/register_file_i/mem_reg_30__19_

  Ref  DFF        Ref:/WORK/cv32e40p_top/core_i/id_stage_i/register_file_i/mem_reg[30][1]
  Impl DFF        Imp:/WORK/cv32e40p_top/core_i/id_stage_i/register_file_i/mem_reg_30__1_

  Ref  DFF        Ref:/WORK/cv32e40p_top/core_i/id_stage_i/register_file_i/mem_reg[30][20]
  Impl DFF        Imp:/WORK/cv32e40p_top/core_i/id_stage_i/register_file_i/mem_reg_30__20_

  Ref  DFF        Ref:/WORK/cv32e40p_top/core_i/id_stage_i/register_file_i/mem_reg[30][21]
  Impl DFF        Imp:/WORK/cv32e40p_top/core_i/id_stage_i/register_file_i/mem_reg_30__21_

  Ref  DFF        Ref:/WORK/cv32e40p_top/core_i/id_stage_i/register_file_i/mem_reg[30][22]
  Impl DFF        Imp:/WORK/cv32e40p_top/core_i/id_stage_i/register_file_i/mem_reg_30__22_

  Ref  DFF        Ref:/WORK/cv32e40p_top/core_i/id_stage_i/register_file_i/mem_reg[30][23]
  Impl DFF        Imp:/WORK/cv32e40p_top/core_i/id_stage_i/register_file_i/mem_reg_30__23_

  Ref  DFF        Ref:/WORK/cv32e40p_top/core_i/id_stage_i/register_file_i/mem_reg[30][24]
  Impl DFF        Imp:/WORK/cv32e40p_top/core_i/id_stage_i/register_file_i/mem_reg_30__24_

  Ref  DFF        Ref:/WORK/cv32e40p_top/core_i/id_stage_i/register_file_i/mem_reg[30][25]
  Impl DFF        Imp:/WORK/cv32e40p_top/core_i/id_stage_i/register_file_i/mem_reg_30__25_

  Ref  DFF        Ref:/WORK/cv32e40p_top/core_i/id_stage_i/register_file_i/mem_reg[30][26]
  Impl DFF        Imp:/WORK/cv32e40p_top/core_i/id_stage_i/register_file_i/mem_reg_30__26_

  Ref  DFF        Ref:/WORK/cv32e40p_top/core_i/id_stage_i/register_file_i/mem_reg[30][27]
  Impl DFF        Imp:/WORK/cv32e40p_top/core_i/id_stage_i/register_file_i/mem_reg_30__27_

  Ref  DFF        Ref:/WORK/cv32e40p_top/core_i/id_stage_i/register_file_i/mem_reg[30][28]
  Impl DFF        Imp:/WORK/cv32e40p_top/core_i/id_stage_i/register_file_i/mem_reg_30__28_

  Ref  DFF        Ref:/WORK/cv32e40p_top/core_i/id_stage_i/register_file_i/mem_reg[30][29]
  Impl DFF        Imp:/WORK/cv32e40p_top/core_i/id_stage_i/register_file_i/mem_reg_30__29_

  Ref  DFF        Ref:/WORK/cv32e40p_top/core_i/id_stage_i/register_file_i/mem_reg[30][2]
  Impl DFF        Imp:/WORK/cv32e40p_top/core_i/id_stage_i/register_file_i/mem_reg_30__2_

  Ref  DFF        Ref:/WORK/cv32e40p_top/core_i/id_stage_i/register_file_i/mem_reg[30][30]
  Impl DFF        Imp:/WORK/cv32e40p_top/core_i/id_stage_i/register_file_i/mem_reg_30__30_

  Ref  DFF        Ref:/WORK/cv32e40p_top/core_i/id_stage_i/register_file_i/mem_reg[30][31]
  Impl DFF        Imp:/WORK/cv32e40p_top/core_i/id_stage_i/register_file_i/mem_reg_30__31_

  Ref  DFF        Ref:/WORK/cv32e40p_top/core_i/id_stage_i/register_file_i/mem_reg[30][3]
  Impl DFF        Imp:/WORK/cv32e40p_top/core_i/id_stage_i/register_file_i/mem_reg_30__3_

  Ref  DFF        Ref:/WORK/cv32e40p_top/core_i/id_stage_i/register_file_i/mem_reg[30][4]
  Impl DFF        Imp:/WORK/cv32e40p_top/core_i/id_stage_i/register_file_i/mem_reg_30__4_

  Ref  DFF        Ref:/WORK/cv32e40p_top/core_i/id_stage_i/register_file_i/mem_reg[30][5]
  Impl DFF        Imp:/WORK/cv32e40p_top/core_i/id_stage_i/register_file_i/mem_reg_30__5_

  Ref  DFF        Ref:/WORK/cv32e40p_top/core_i/id_stage_i/register_file_i/mem_reg[30][6]
  Impl DFF        Imp:/WORK/cv32e40p_top/core_i/id_stage_i/register_file_i/mem_reg_30__6_

  Ref  DFF        Ref:/WORK/cv32e40p_top/core_i/id_stage_i/register_file_i/mem_reg[30][7]
  Impl DFF        Imp:/WORK/cv32e40p_top/core_i/id_stage_i/register_file_i/mem_reg_30__7_

  Ref  DFF        Ref:/WORK/cv32e40p_top/core_i/id_stage_i/register_file_i/mem_reg[30][8]
  Impl DFF        Imp:/WORK/cv32e40p_top/core_i/id_stage_i/register_file_i/mem_reg_30__8_

  Ref  DFF        Ref:/WORK/cv32e40p_top/core_i/id_stage_i/register_file_i/mem_reg[30][9]
  Impl DFF        Imp:/WORK/cv32e40p_top/core_i/id_stage_i/register_file_i/mem_reg_30__9_

  Ref  DFF        Ref:/WORK/cv32e40p_top/core_i/id_stage_i/register_file_i/mem_reg[31][0]
  Impl DFF        Imp:/WORK/cv32e40p_top/core_i/id_stage_i/register_file_i/mem_reg_31__0_

  Ref  DFF        Ref:/WORK/cv32e40p_top/core_i/id_stage_i/register_file_i/mem_reg[31][10]
  Impl DFF        Imp:/WORK/cv32e40p_top/core_i/id_stage_i/register_file_i/mem_reg_31__10_

  Ref  DFF        Ref:/WORK/cv32e40p_top/core_i/id_stage_i/register_file_i/mem_reg[31][11]
  Impl DFF        Imp:/WORK/cv32e40p_top/core_i/id_stage_i/register_file_i/mem_reg_31__11_

  Ref  DFF        Ref:/WORK/cv32e40p_top/core_i/id_stage_i/register_file_i/mem_reg[31][12]
  Impl DFF        Imp:/WORK/cv32e40p_top/core_i/id_stage_i/register_file_i/mem_reg_31__12_

  Ref  DFF        Ref:/WORK/cv32e40p_top/core_i/id_stage_i/register_file_i/mem_reg[31][13]
  Impl DFF        Imp:/WORK/cv32e40p_top/core_i/id_stage_i/register_file_i/mem_reg_31__13_

  Ref  DFF        Ref:/WORK/cv32e40p_top/core_i/id_stage_i/register_file_i/mem_reg[31][14]
  Impl DFF        Imp:/WORK/cv32e40p_top/core_i/id_stage_i/register_file_i/mem_reg_31__14_

  Ref  DFF        Ref:/WORK/cv32e40p_top/core_i/id_stage_i/register_file_i/mem_reg[31][15]
  Impl DFF        Imp:/WORK/cv32e40p_top/core_i/id_stage_i/register_file_i/mem_reg_31__15_

  Ref  DFF        Ref:/WORK/cv32e40p_top/core_i/id_stage_i/register_file_i/mem_reg[31][16]
  Impl DFF        Imp:/WORK/cv32e40p_top/core_i/id_stage_i/register_file_i/mem_reg_31__16_

  Ref  DFF        Ref:/WORK/cv32e40p_top/core_i/id_stage_i/register_file_i/mem_reg[31][17]
  Impl DFF        Imp:/WORK/cv32e40p_top/core_i/id_stage_i/register_file_i/mem_reg_31__17_

  Ref  DFF        Ref:/WORK/cv32e40p_top/core_i/id_stage_i/register_file_i/mem_reg[31][18]
  Impl DFF        Imp:/WORK/cv32e40p_top/core_i/id_stage_i/register_file_i/mem_reg_31__18_

  Ref  DFF        Ref:/WORK/cv32e40p_top/core_i/id_stage_i/register_file_i/mem_reg[31][19]
  Impl DFF        Imp:/WORK/cv32e40p_top/core_i/id_stage_i/register_file_i/mem_reg_31__19_

  Ref  DFF        Ref:/WORK/cv32e40p_top/core_i/id_stage_i/register_file_i/mem_reg[31][1]
  Impl DFF        Imp:/WORK/cv32e40p_top/core_i/id_stage_i/register_file_i/mem_reg_31__1_

  Ref  DFF        Ref:/WORK/cv32e40p_top/core_i/id_stage_i/register_file_i/mem_reg[31][20]
  Impl DFF        Imp:/WORK/cv32e40p_top/core_i/id_stage_i/register_file_i/mem_reg_31__20_

  Ref  DFF        Ref:/WORK/cv32e40p_top/core_i/id_stage_i/register_file_i/mem_reg[31][21]
  Impl DFF        Imp:/WORK/cv32e40p_top/core_i/id_stage_i/register_file_i/mem_reg_31__21_

  Ref  DFF        Ref:/WORK/cv32e40p_top/core_i/id_stage_i/register_file_i/mem_reg[31][22]
  Impl DFF        Imp:/WORK/cv32e40p_top/core_i/id_stage_i/register_file_i/mem_reg_31__22_

  Ref  DFF        Ref:/WORK/cv32e40p_top/core_i/id_stage_i/register_file_i/mem_reg[31][23]
  Impl DFF        Imp:/WORK/cv32e40p_top/core_i/id_stage_i/register_file_i/mem_reg_31__23_

  Ref  DFF        Ref:/WORK/cv32e40p_top/core_i/id_stage_i/register_file_i/mem_reg[31][24]
  Impl DFF        Imp:/WORK/cv32e40p_top/core_i/id_stage_i/register_file_i/mem_reg_31__24_

  Ref  DFF        Ref:/WORK/cv32e40p_top/core_i/id_stage_i/register_file_i/mem_reg[31][25]
  Impl DFF        Imp:/WORK/cv32e40p_top/core_i/id_stage_i/register_file_i/mem_reg_31__25_

  Ref  DFF        Ref:/WORK/cv32e40p_top/core_i/id_stage_i/register_file_i/mem_reg[31][26]
  Impl DFF        Imp:/WORK/cv32e40p_top/core_i/id_stage_i/register_file_i/mem_reg_31__26_

  Ref  DFF        Ref:/WORK/cv32e40p_top/core_i/id_stage_i/register_file_i/mem_reg[31][27]
  Impl DFF        Imp:/WORK/cv32e40p_top/core_i/id_stage_i/register_file_i/mem_reg_31__27_

  Ref  DFF        Ref:/WORK/cv32e40p_top/core_i/id_stage_i/register_file_i/mem_reg[31][28]
  Impl DFF        Imp:/WORK/cv32e40p_top/core_i/id_stage_i/register_file_i/mem_reg_31__28_

  Ref  DFF        Ref:/WORK/cv32e40p_top/core_i/id_stage_i/register_file_i/mem_reg[31][29]
  Impl DFF        Imp:/WORK/cv32e40p_top/core_i/id_stage_i/register_file_i/mem_reg_31__29_

  Ref  DFF        Ref:/WORK/cv32e40p_top/core_i/id_stage_i/register_file_i/mem_reg[31][2]
  Impl DFF        Imp:/WORK/cv32e40p_top/core_i/id_stage_i/register_file_i/mem_reg_31__2_

  Ref  DFF        Ref:/WORK/cv32e40p_top/core_i/id_stage_i/register_file_i/mem_reg[31][30]
  Impl DFF        Imp:/WORK/cv32e40p_top/core_i/id_stage_i/register_file_i/mem_reg_31__30_

  Ref  DFF        Ref:/WORK/cv32e40p_top/core_i/id_stage_i/register_file_i/mem_reg[31][31]
  Impl DFF        Imp:/WORK/cv32e40p_top/core_i/id_stage_i/register_file_i/mem_reg_31__31_

  Ref  DFF        Ref:/WORK/cv32e40p_top/core_i/id_stage_i/register_file_i/mem_reg[31][3]
  Impl DFF        Imp:/WORK/cv32e40p_top/core_i/id_stage_i/register_file_i/mem_reg_31__3_

  Ref  DFF        Ref:/WORK/cv32e40p_top/core_i/id_stage_i/register_file_i/mem_reg[31][4]
  Impl DFF        Imp:/WORK/cv32e40p_top/core_i/id_stage_i/register_file_i/mem_reg_31__4_

  Ref  DFF        Ref:/WORK/cv32e40p_top/core_i/id_stage_i/register_file_i/mem_reg[31][5]
  Impl DFF        Imp:/WORK/cv32e40p_top/core_i/id_stage_i/register_file_i/mem_reg_31__5_

  Ref  DFF        Ref:/WORK/cv32e40p_top/core_i/id_stage_i/register_file_i/mem_reg[31][6]
  Impl DFF        Imp:/WORK/cv32e40p_top/core_i/id_stage_i/register_file_i/mem_reg_31__6_

  Ref  DFF        Ref:/WORK/cv32e40p_top/core_i/id_stage_i/register_file_i/mem_reg[31][7]
  Impl DFF        Imp:/WORK/cv32e40p_top/core_i/id_stage_i/register_file_i/mem_reg_31__7_

  Ref  DFF        Ref:/WORK/cv32e40p_top/core_i/id_stage_i/register_file_i/mem_reg[31][8]
  Impl DFF        Imp:/WORK/cv32e40p_top/core_i/id_stage_i/register_file_i/mem_reg_31__8_

  Ref  DFF        Ref:/WORK/cv32e40p_top/core_i/id_stage_i/register_file_i/mem_reg[31][9]
  Impl DFF        Imp:/WORK/cv32e40p_top/core_i/id_stage_i/register_file_i/mem_reg_31__9_

  Ref  DFF        Ref:/WORK/cv32e40p_top/core_i/id_stage_i/register_file_i/mem_reg[3][0]
  Impl DFF        Imp:/WORK/cv32e40p_top/core_i/id_stage_i/register_file_i/mem_reg_3__0_

  Ref  DFF        Ref:/WORK/cv32e40p_top/core_i/id_stage_i/register_file_i/mem_reg[3][10]
  Impl DFF        Imp:/WORK/cv32e40p_top/core_i/id_stage_i/register_file_i/mem_reg_3__10_

  Ref  DFF        Ref:/WORK/cv32e40p_top/core_i/id_stage_i/register_file_i/mem_reg[3][11]
  Impl DFF        Imp:/WORK/cv32e40p_top/core_i/id_stage_i/register_file_i/mem_reg_3__11_

  Ref  DFF        Ref:/WORK/cv32e40p_top/core_i/id_stage_i/register_file_i/mem_reg[3][12]
  Impl DFF        Imp:/WORK/cv32e40p_top/core_i/id_stage_i/register_file_i/mem_reg_3__12_

  Ref  DFF        Ref:/WORK/cv32e40p_top/core_i/id_stage_i/register_file_i/mem_reg[3][13]
  Impl DFF        Imp:/WORK/cv32e40p_top/core_i/id_stage_i/register_file_i/mem_reg_3__13_

  Ref  DFF        Ref:/WORK/cv32e40p_top/core_i/id_stage_i/register_file_i/mem_reg[3][14]
  Impl DFF        Imp:/WORK/cv32e40p_top/core_i/id_stage_i/register_file_i/mem_reg_3__14_

  Ref  DFF        Ref:/WORK/cv32e40p_top/core_i/id_stage_i/register_file_i/mem_reg[3][15]
  Impl DFF        Imp:/WORK/cv32e40p_top/core_i/id_stage_i/register_file_i/mem_reg_3__15_

  Ref  DFF        Ref:/WORK/cv32e40p_top/core_i/id_stage_i/register_file_i/mem_reg[3][16]
  Impl DFF        Imp:/WORK/cv32e40p_top/core_i/id_stage_i/register_file_i/mem_reg_3__16_

  Ref  DFF        Ref:/WORK/cv32e40p_top/core_i/id_stage_i/register_file_i/mem_reg[3][17]
  Impl DFF        Imp:/WORK/cv32e40p_top/core_i/id_stage_i/register_file_i/mem_reg_3__17_

  Ref  DFF        Ref:/WORK/cv32e40p_top/core_i/id_stage_i/register_file_i/mem_reg[3][18]
  Impl DFF        Imp:/WORK/cv32e40p_top/core_i/id_stage_i/register_file_i/mem_reg_3__18_

  Ref  DFF        Ref:/WORK/cv32e40p_top/core_i/id_stage_i/register_file_i/mem_reg[3][19]
  Impl DFF        Imp:/WORK/cv32e40p_top/core_i/id_stage_i/register_file_i/mem_reg_3__19_

  Ref  DFF        Ref:/WORK/cv32e40p_top/core_i/id_stage_i/register_file_i/mem_reg[3][1]
  Impl DFF        Imp:/WORK/cv32e40p_top/core_i/id_stage_i/register_file_i/mem_reg_3__1_

  Ref  DFF        Ref:/WORK/cv32e40p_top/core_i/id_stage_i/register_file_i/mem_reg[3][20]
  Impl DFF        Imp:/WORK/cv32e40p_top/core_i/id_stage_i/register_file_i/mem_reg_3__20_

  Ref  DFF        Ref:/WORK/cv32e40p_top/core_i/id_stage_i/register_file_i/mem_reg[3][21]
  Impl DFF        Imp:/WORK/cv32e40p_top/core_i/id_stage_i/register_file_i/mem_reg_3__21_

  Ref  DFF        Ref:/WORK/cv32e40p_top/core_i/id_stage_i/register_file_i/mem_reg[3][22]
  Impl DFF        Imp:/WORK/cv32e40p_top/core_i/id_stage_i/register_file_i/mem_reg_3__22_

  Ref  DFF        Ref:/WORK/cv32e40p_top/core_i/id_stage_i/register_file_i/mem_reg[3][23]
  Impl DFF        Imp:/WORK/cv32e40p_top/core_i/id_stage_i/register_file_i/mem_reg_3__23_

  Ref  DFF        Ref:/WORK/cv32e40p_top/core_i/id_stage_i/register_file_i/mem_reg[3][24]
  Impl DFF        Imp:/WORK/cv32e40p_top/core_i/id_stage_i/register_file_i/mem_reg_3__24_

  Ref  DFF        Ref:/WORK/cv32e40p_top/core_i/id_stage_i/register_file_i/mem_reg[3][25]
  Impl DFF        Imp:/WORK/cv32e40p_top/core_i/id_stage_i/register_file_i/mem_reg_3__25_

  Ref  DFF        Ref:/WORK/cv32e40p_top/core_i/id_stage_i/register_file_i/mem_reg[3][26]
  Impl DFF        Imp:/WORK/cv32e40p_top/core_i/id_stage_i/register_file_i/mem_reg_3__26_

  Ref  DFF        Ref:/WORK/cv32e40p_top/core_i/id_stage_i/register_file_i/mem_reg[3][27]
  Impl DFF        Imp:/WORK/cv32e40p_top/core_i/id_stage_i/register_file_i/mem_reg_3__27_

  Ref  DFF        Ref:/WORK/cv32e40p_top/core_i/id_stage_i/register_file_i/mem_reg[3][28]
  Impl DFF        Imp:/WORK/cv32e40p_top/core_i/id_stage_i/register_file_i/mem_reg_3__28_

  Ref  DFF        Ref:/WORK/cv32e40p_top/core_i/id_stage_i/register_file_i/mem_reg[3][29]
  Impl DFF        Imp:/WORK/cv32e40p_top/core_i/id_stage_i/register_file_i/mem_reg_3__29_

  Ref  DFF        Ref:/WORK/cv32e40p_top/core_i/id_stage_i/register_file_i/mem_reg[3][2]
  Impl DFF        Imp:/WORK/cv32e40p_top/core_i/id_stage_i/register_file_i/mem_reg_3__2_

  Ref  DFF        Ref:/WORK/cv32e40p_top/core_i/id_stage_i/register_file_i/mem_reg[3][30]
  Impl DFF        Imp:/WORK/cv32e40p_top/core_i/id_stage_i/register_file_i/mem_reg_3__30_

  Ref  DFF        Ref:/WORK/cv32e40p_top/core_i/id_stage_i/register_file_i/mem_reg[3][31]
  Impl DFF        Imp:/WORK/cv32e40p_top/core_i/id_stage_i/register_file_i/mem_reg_3__31_

  Ref  DFF        Ref:/WORK/cv32e40p_top/core_i/id_stage_i/register_file_i/mem_reg[3][3]
  Impl DFF        Imp:/WORK/cv32e40p_top/core_i/id_stage_i/register_file_i/mem_reg_3__3_

  Ref  DFF        Ref:/WORK/cv32e40p_top/core_i/id_stage_i/register_file_i/mem_reg[3][4]
  Impl DFF        Imp:/WORK/cv32e40p_top/core_i/id_stage_i/register_file_i/mem_reg_3__4_

  Ref  DFF        Ref:/WORK/cv32e40p_top/core_i/id_stage_i/register_file_i/mem_reg[3][5]
  Impl DFF        Imp:/WORK/cv32e40p_top/core_i/id_stage_i/register_file_i/mem_reg_3__5_

  Ref  DFF        Ref:/WORK/cv32e40p_top/core_i/id_stage_i/register_file_i/mem_reg[3][6]
  Impl DFF        Imp:/WORK/cv32e40p_top/core_i/id_stage_i/register_file_i/mem_reg_3__6_

  Ref  DFF        Ref:/WORK/cv32e40p_top/core_i/id_stage_i/register_file_i/mem_reg[3][7]
  Impl DFF        Imp:/WORK/cv32e40p_top/core_i/id_stage_i/register_file_i/mem_reg_3__7_

  Ref  DFF        Ref:/WORK/cv32e40p_top/core_i/id_stage_i/register_file_i/mem_reg[3][8]
  Impl DFF        Imp:/WORK/cv32e40p_top/core_i/id_stage_i/register_file_i/mem_reg_3__8_

  Ref  DFF        Ref:/WORK/cv32e40p_top/core_i/id_stage_i/register_file_i/mem_reg[3][9]
  Impl DFF        Imp:/WORK/cv32e40p_top/core_i/id_stage_i/register_file_i/mem_reg_3__9_

  Ref  DFF        Ref:/WORK/cv32e40p_top/core_i/id_stage_i/register_file_i/mem_reg[4][0]
  Impl DFF        Imp:/WORK/cv32e40p_top/core_i/id_stage_i/register_file_i/mem_reg_4__0_

  Ref  DFF        Ref:/WORK/cv32e40p_top/core_i/id_stage_i/register_file_i/mem_reg[4][10]
  Impl DFF        Imp:/WORK/cv32e40p_top/core_i/id_stage_i/register_file_i/mem_reg_4__10_

  Ref  DFF        Ref:/WORK/cv32e40p_top/core_i/id_stage_i/register_file_i/mem_reg[4][11]
  Impl DFF        Imp:/WORK/cv32e40p_top/core_i/id_stage_i/register_file_i/mem_reg_4__11_

  Ref  DFF        Ref:/WORK/cv32e40p_top/core_i/id_stage_i/register_file_i/mem_reg[4][12]
  Impl DFF        Imp:/WORK/cv32e40p_top/core_i/id_stage_i/register_file_i/mem_reg_4__12_

  Ref  DFF        Ref:/WORK/cv32e40p_top/core_i/id_stage_i/register_file_i/mem_reg[4][13]
  Impl DFF        Imp:/WORK/cv32e40p_top/core_i/id_stage_i/register_file_i/mem_reg_4__13_

  Ref  DFF        Ref:/WORK/cv32e40p_top/core_i/id_stage_i/register_file_i/mem_reg[4][14]
  Impl DFF        Imp:/WORK/cv32e40p_top/core_i/id_stage_i/register_file_i/mem_reg_4__14_

  Ref  DFF        Ref:/WORK/cv32e40p_top/core_i/id_stage_i/register_file_i/mem_reg[4][15]
  Impl DFF        Imp:/WORK/cv32e40p_top/core_i/id_stage_i/register_file_i/mem_reg_4__15_

  Ref  DFF        Ref:/WORK/cv32e40p_top/core_i/id_stage_i/register_file_i/mem_reg[4][16]
  Impl DFF        Imp:/WORK/cv32e40p_top/core_i/id_stage_i/register_file_i/mem_reg_4__16_

  Ref  DFF        Ref:/WORK/cv32e40p_top/core_i/id_stage_i/register_file_i/mem_reg[4][17]
  Impl DFF        Imp:/WORK/cv32e40p_top/core_i/id_stage_i/register_file_i/mem_reg_4__17_

  Ref  DFF        Ref:/WORK/cv32e40p_top/core_i/id_stage_i/register_file_i/mem_reg[4][18]
  Impl DFF        Imp:/WORK/cv32e40p_top/core_i/id_stage_i/register_file_i/mem_reg_4__18_

  Ref  DFF        Ref:/WORK/cv32e40p_top/core_i/id_stage_i/register_file_i/mem_reg[4][19]
  Impl DFF        Imp:/WORK/cv32e40p_top/core_i/id_stage_i/register_file_i/mem_reg_4__19_

  Ref  DFF        Ref:/WORK/cv32e40p_top/core_i/id_stage_i/register_file_i/mem_reg[4][1]
  Impl DFF        Imp:/WORK/cv32e40p_top/core_i/id_stage_i/register_file_i/mem_reg_4__1_

  Ref  DFF        Ref:/WORK/cv32e40p_top/core_i/id_stage_i/register_file_i/mem_reg[4][20]
  Impl DFF        Imp:/WORK/cv32e40p_top/core_i/id_stage_i/register_file_i/mem_reg_4__20_

  Ref  DFF        Ref:/WORK/cv32e40p_top/core_i/id_stage_i/register_file_i/mem_reg[4][21]
  Impl DFF        Imp:/WORK/cv32e40p_top/core_i/id_stage_i/register_file_i/mem_reg_4__21_

  Ref  DFF        Ref:/WORK/cv32e40p_top/core_i/id_stage_i/register_file_i/mem_reg[4][22]
  Impl DFF        Imp:/WORK/cv32e40p_top/core_i/id_stage_i/register_file_i/mem_reg_4__22_

  Ref  DFF        Ref:/WORK/cv32e40p_top/core_i/id_stage_i/register_file_i/mem_reg[4][23]
  Impl DFF        Imp:/WORK/cv32e40p_top/core_i/id_stage_i/register_file_i/mem_reg_4__23_

  Ref  DFF        Ref:/WORK/cv32e40p_top/core_i/id_stage_i/register_file_i/mem_reg[4][24]
  Impl DFF        Imp:/WORK/cv32e40p_top/core_i/id_stage_i/register_file_i/mem_reg_4__24_

  Ref  DFF        Ref:/WORK/cv32e40p_top/core_i/id_stage_i/register_file_i/mem_reg[4][25]
  Impl DFF        Imp:/WORK/cv32e40p_top/core_i/id_stage_i/register_file_i/mem_reg_4__25_

  Ref  DFF        Ref:/WORK/cv32e40p_top/core_i/id_stage_i/register_file_i/mem_reg[4][26]
  Impl DFF        Imp:/WORK/cv32e40p_top/core_i/id_stage_i/register_file_i/mem_reg_4__26_

  Ref  DFF        Ref:/WORK/cv32e40p_top/core_i/id_stage_i/register_file_i/mem_reg[4][27]
  Impl DFF        Imp:/WORK/cv32e40p_top/core_i/id_stage_i/register_file_i/mem_reg_4__27_

  Ref  DFF        Ref:/WORK/cv32e40p_top/core_i/id_stage_i/register_file_i/mem_reg[4][28]
  Impl DFF        Imp:/WORK/cv32e40p_top/core_i/id_stage_i/register_file_i/mem_reg_4__28_

  Ref  DFF        Ref:/WORK/cv32e40p_top/core_i/id_stage_i/register_file_i/mem_reg[4][29]
  Impl DFF        Imp:/WORK/cv32e40p_top/core_i/id_stage_i/register_file_i/mem_reg_4__29_

  Ref  DFF        Ref:/WORK/cv32e40p_top/core_i/id_stage_i/register_file_i/mem_reg[4][2]
  Impl DFF        Imp:/WORK/cv32e40p_top/core_i/id_stage_i/register_file_i/mem_reg_4__2_

  Ref  DFF        Ref:/WORK/cv32e40p_top/core_i/id_stage_i/register_file_i/mem_reg[4][30]
  Impl DFF        Imp:/WORK/cv32e40p_top/core_i/id_stage_i/register_file_i/mem_reg_4__30_

  Ref  DFF        Ref:/WORK/cv32e40p_top/core_i/id_stage_i/register_file_i/mem_reg[4][31]
  Impl DFF        Imp:/WORK/cv32e40p_top/core_i/id_stage_i/register_file_i/mem_reg_4__31_

  Ref  DFF        Ref:/WORK/cv32e40p_top/core_i/id_stage_i/register_file_i/mem_reg[4][3]
  Impl DFF        Imp:/WORK/cv32e40p_top/core_i/id_stage_i/register_file_i/mem_reg_4__3_

  Ref  DFF        Ref:/WORK/cv32e40p_top/core_i/id_stage_i/register_file_i/mem_reg[4][4]
  Impl DFF        Imp:/WORK/cv32e40p_top/core_i/id_stage_i/register_file_i/mem_reg_4__4_

  Ref  DFF        Ref:/WORK/cv32e40p_top/core_i/id_stage_i/register_file_i/mem_reg[4][5]
  Impl DFF        Imp:/WORK/cv32e40p_top/core_i/id_stage_i/register_file_i/mem_reg_4__5_

  Ref  DFF        Ref:/WORK/cv32e40p_top/core_i/id_stage_i/register_file_i/mem_reg[4][6]
  Impl DFF        Imp:/WORK/cv32e40p_top/core_i/id_stage_i/register_file_i/mem_reg_4__6_

  Ref  DFF        Ref:/WORK/cv32e40p_top/core_i/id_stage_i/register_file_i/mem_reg[4][7]
  Impl DFF        Imp:/WORK/cv32e40p_top/core_i/id_stage_i/register_file_i/mem_reg_4__7_

  Ref  DFF        Ref:/WORK/cv32e40p_top/core_i/id_stage_i/register_file_i/mem_reg[4][8]
  Impl DFF        Imp:/WORK/cv32e40p_top/core_i/id_stage_i/register_file_i/mem_reg_4__8_

  Ref  DFF        Ref:/WORK/cv32e40p_top/core_i/id_stage_i/register_file_i/mem_reg[4][9]
  Impl DFF        Imp:/WORK/cv32e40p_top/core_i/id_stage_i/register_file_i/mem_reg_4__9_

  Ref  DFF        Ref:/WORK/cv32e40p_top/core_i/id_stage_i/register_file_i/mem_reg[5][0]
  Impl DFF        Imp:/WORK/cv32e40p_top/core_i/id_stage_i/register_file_i/mem_reg_5__0_

  Ref  DFF        Ref:/WORK/cv32e40p_top/core_i/id_stage_i/register_file_i/mem_reg[5][10]
  Impl DFF        Imp:/WORK/cv32e40p_top/core_i/id_stage_i/register_file_i/mem_reg_5__10_

  Ref  DFF        Ref:/WORK/cv32e40p_top/core_i/id_stage_i/register_file_i/mem_reg[5][11]
  Impl DFF        Imp:/WORK/cv32e40p_top/core_i/id_stage_i/register_file_i/mem_reg_5__11_

  Ref  DFF        Ref:/WORK/cv32e40p_top/core_i/id_stage_i/register_file_i/mem_reg[5][12]
  Impl DFF        Imp:/WORK/cv32e40p_top/core_i/id_stage_i/register_file_i/mem_reg_5__12_

  Ref  DFF        Ref:/WORK/cv32e40p_top/core_i/id_stage_i/register_file_i/mem_reg[5][13]
  Impl DFF        Imp:/WORK/cv32e40p_top/core_i/id_stage_i/register_file_i/mem_reg_5__13_

  Ref  DFF        Ref:/WORK/cv32e40p_top/core_i/id_stage_i/register_file_i/mem_reg[5][14]
  Impl DFF        Imp:/WORK/cv32e40p_top/core_i/id_stage_i/register_file_i/mem_reg_5__14_

  Ref  DFF        Ref:/WORK/cv32e40p_top/core_i/id_stage_i/register_file_i/mem_reg[5][15]
  Impl DFF        Imp:/WORK/cv32e40p_top/core_i/id_stage_i/register_file_i/mem_reg_5__15_

  Ref  DFF        Ref:/WORK/cv32e40p_top/core_i/id_stage_i/register_file_i/mem_reg[5][16]
  Impl DFF        Imp:/WORK/cv32e40p_top/core_i/id_stage_i/register_file_i/mem_reg_5__16_

  Ref  DFF        Ref:/WORK/cv32e40p_top/core_i/id_stage_i/register_file_i/mem_reg[5][17]
  Impl DFF        Imp:/WORK/cv32e40p_top/core_i/id_stage_i/register_file_i/mem_reg_5__17_

  Ref  DFF        Ref:/WORK/cv32e40p_top/core_i/id_stage_i/register_file_i/mem_reg[5][18]
  Impl DFF        Imp:/WORK/cv32e40p_top/core_i/id_stage_i/register_file_i/mem_reg_5__18_

  Ref  DFF        Ref:/WORK/cv32e40p_top/core_i/id_stage_i/register_file_i/mem_reg[5][19]
  Impl DFF        Imp:/WORK/cv32e40p_top/core_i/id_stage_i/register_file_i/mem_reg_5__19_

  Ref  DFF        Ref:/WORK/cv32e40p_top/core_i/id_stage_i/register_file_i/mem_reg[5][1]
  Impl DFF        Imp:/WORK/cv32e40p_top/core_i/id_stage_i/register_file_i/mem_reg_5__1_

  Ref  DFF        Ref:/WORK/cv32e40p_top/core_i/id_stage_i/register_file_i/mem_reg[5][20]
  Impl DFF        Imp:/WORK/cv32e40p_top/core_i/id_stage_i/register_file_i/mem_reg_5__20_

  Ref  DFF        Ref:/WORK/cv32e40p_top/core_i/id_stage_i/register_file_i/mem_reg[5][21]
  Impl DFF        Imp:/WORK/cv32e40p_top/core_i/id_stage_i/register_file_i/mem_reg_5__21_

  Ref  DFF        Ref:/WORK/cv32e40p_top/core_i/id_stage_i/register_file_i/mem_reg[5][22]
  Impl DFF        Imp:/WORK/cv32e40p_top/core_i/id_stage_i/register_file_i/mem_reg_5__22_

  Ref  DFF        Ref:/WORK/cv32e40p_top/core_i/id_stage_i/register_file_i/mem_reg[5][23]
  Impl DFF        Imp:/WORK/cv32e40p_top/core_i/id_stage_i/register_file_i/mem_reg_5__23_

  Ref  DFF        Ref:/WORK/cv32e40p_top/core_i/id_stage_i/register_file_i/mem_reg[5][24]
  Impl DFF        Imp:/WORK/cv32e40p_top/core_i/id_stage_i/register_file_i/mem_reg_5__24_

  Ref  DFF        Ref:/WORK/cv32e40p_top/core_i/id_stage_i/register_file_i/mem_reg[5][25]
  Impl DFF        Imp:/WORK/cv32e40p_top/core_i/id_stage_i/register_file_i/mem_reg_5__25_

  Ref  DFF        Ref:/WORK/cv32e40p_top/core_i/id_stage_i/register_file_i/mem_reg[5][26]
  Impl DFF        Imp:/WORK/cv32e40p_top/core_i/id_stage_i/register_file_i/mem_reg_5__26_

  Ref  DFF        Ref:/WORK/cv32e40p_top/core_i/id_stage_i/register_file_i/mem_reg[5][27]
  Impl DFF        Imp:/WORK/cv32e40p_top/core_i/id_stage_i/register_file_i/mem_reg_5__27_

  Ref  DFF        Ref:/WORK/cv32e40p_top/core_i/id_stage_i/register_file_i/mem_reg[5][28]
  Impl DFF        Imp:/WORK/cv32e40p_top/core_i/id_stage_i/register_file_i/mem_reg_5__28_

  Ref  DFF        Ref:/WORK/cv32e40p_top/core_i/id_stage_i/register_file_i/mem_reg[5][29]
  Impl DFF        Imp:/WORK/cv32e40p_top/core_i/id_stage_i/register_file_i/mem_reg_5__29_

  Ref  DFF        Ref:/WORK/cv32e40p_top/core_i/id_stage_i/register_file_i/mem_reg[5][2]
  Impl DFF        Imp:/WORK/cv32e40p_top/core_i/id_stage_i/register_file_i/mem_reg_5__2_

  Ref  DFF        Ref:/WORK/cv32e40p_top/core_i/id_stage_i/register_file_i/mem_reg[5][30]
  Impl DFF        Imp:/WORK/cv32e40p_top/core_i/id_stage_i/register_file_i/mem_reg_5__30_

  Ref  DFF        Ref:/WORK/cv32e40p_top/core_i/id_stage_i/register_file_i/mem_reg[5][31]
  Impl DFF        Imp:/WORK/cv32e40p_top/core_i/id_stage_i/register_file_i/mem_reg_5__31_

  Ref  DFF        Ref:/WORK/cv32e40p_top/core_i/id_stage_i/register_file_i/mem_reg[5][3]
  Impl DFF        Imp:/WORK/cv32e40p_top/core_i/id_stage_i/register_file_i/mem_reg_5__3_

  Ref  DFF        Ref:/WORK/cv32e40p_top/core_i/id_stage_i/register_file_i/mem_reg[5][4]
  Impl DFF        Imp:/WORK/cv32e40p_top/core_i/id_stage_i/register_file_i/mem_reg_5__4_

  Ref  DFF        Ref:/WORK/cv32e40p_top/core_i/id_stage_i/register_file_i/mem_reg[5][5]
  Impl DFF        Imp:/WORK/cv32e40p_top/core_i/id_stage_i/register_file_i/mem_reg_5__5_

  Ref  DFF        Ref:/WORK/cv32e40p_top/core_i/id_stage_i/register_file_i/mem_reg[5][6]
  Impl DFF        Imp:/WORK/cv32e40p_top/core_i/id_stage_i/register_file_i/mem_reg_5__6_

  Ref  DFF        Ref:/WORK/cv32e40p_top/core_i/id_stage_i/register_file_i/mem_reg[5][7]
  Impl DFF        Imp:/WORK/cv32e40p_top/core_i/id_stage_i/register_file_i/mem_reg_5__7_

  Ref  DFF        Ref:/WORK/cv32e40p_top/core_i/id_stage_i/register_file_i/mem_reg[5][8]
  Impl DFF        Imp:/WORK/cv32e40p_top/core_i/id_stage_i/register_file_i/mem_reg_5__8_

  Ref  DFF        Ref:/WORK/cv32e40p_top/core_i/id_stage_i/register_file_i/mem_reg[5][9]
  Impl DFF        Imp:/WORK/cv32e40p_top/core_i/id_stage_i/register_file_i/mem_reg_5__9_

  Ref  DFF        Ref:/WORK/cv32e40p_top/core_i/id_stage_i/register_file_i/mem_reg[6][0]
  Impl DFF        Imp:/WORK/cv32e40p_top/core_i/id_stage_i/register_file_i/mem_reg_6__0_

  Ref  DFF        Ref:/WORK/cv32e40p_top/core_i/id_stage_i/register_file_i/mem_reg[6][10]
  Impl DFF        Imp:/WORK/cv32e40p_top/core_i/id_stage_i/register_file_i/mem_reg_6__10_

  Ref  DFF        Ref:/WORK/cv32e40p_top/core_i/id_stage_i/register_file_i/mem_reg[6][11]
  Impl DFF        Imp:/WORK/cv32e40p_top/core_i/id_stage_i/register_file_i/mem_reg_6__11_

  Ref  DFF        Ref:/WORK/cv32e40p_top/core_i/id_stage_i/register_file_i/mem_reg[6][12]
  Impl DFF        Imp:/WORK/cv32e40p_top/core_i/id_stage_i/register_file_i/mem_reg_6__12_

  Ref  DFF        Ref:/WORK/cv32e40p_top/core_i/id_stage_i/register_file_i/mem_reg[6][13]
  Impl DFF        Imp:/WORK/cv32e40p_top/core_i/id_stage_i/register_file_i/mem_reg_6__13_

  Ref  DFF        Ref:/WORK/cv32e40p_top/core_i/id_stage_i/register_file_i/mem_reg[6][14]
  Impl DFF        Imp:/WORK/cv32e40p_top/core_i/id_stage_i/register_file_i/mem_reg_6__14_

  Ref  DFF        Ref:/WORK/cv32e40p_top/core_i/id_stage_i/register_file_i/mem_reg[6][15]
  Impl DFF        Imp:/WORK/cv32e40p_top/core_i/id_stage_i/register_file_i/mem_reg_6__15_

  Ref  DFF        Ref:/WORK/cv32e40p_top/core_i/id_stage_i/register_file_i/mem_reg[6][16]
  Impl DFF        Imp:/WORK/cv32e40p_top/core_i/id_stage_i/register_file_i/mem_reg_6__16_

  Ref  DFF        Ref:/WORK/cv32e40p_top/core_i/id_stage_i/register_file_i/mem_reg[6][17]
  Impl DFF        Imp:/WORK/cv32e40p_top/core_i/id_stage_i/register_file_i/mem_reg_6__17_

  Ref  DFF        Ref:/WORK/cv32e40p_top/core_i/id_stage_i/register_file_i/mem_reg[6][18]
  Impl DFF        Imp:/WORK/cv32e40p_top/core_i/id_stage_i/register_file_i/mem_reg_6__18_

  Ref  DFF        Ref:/WORK/cv32e40p_top/core_i/id_stage_i/register_file_i/mem_reg[6][19]
  Impl DFF        Imp:/WORK/cv32e40p_top/core_i/id_stage_i/register_file_i/mem_reg_6__19_

  Ref  DFF        Ref:/WORK/cv32e40p_top/core_i/id_stage_i/register_file_i/mem_reg[6][1]
  Impl DFF        Imp:/WORK/cv32e40p_top/core_i/id_stage_i/register_file_i/mem_reg_6__1_

  Ref  DFF        Ref:/WORK/cv32e40p_top/core_i/id_stage_i/register_file_i/mem_reg[6][20]
  Impl DFF        Imp:/WORK/cv32e40p_top/core_i/id_stage_i/register_file_i/mem_reg_6__20_

  Ref  DFF        Ref:/WORK/cv32e40p_top/core_i/id_stage_i/register_file_i/mem_reg[6][21]
  Impl DFF        Imp:/WORK/cv32e40p_top/core_i/id_stage_i/register_file_i/mem_reg_6__21_

  Ref  DFF        Ref:/WORK/cv32e40p_top/core_i/id_stage_i/register_file_i/mem_reg[6][22]
  Impl DFF        Imp:/WORK/cv32e40p_top/core_i/id_stage_i/register_file_i/mem_reg_6__22_

  Ref  DFF        Ref:/WORK/cv32e40p_top/core_i/id_stage_i/register_file_i/mem_reg[6][23]
  Impl DFF        Imp:/WORK/cv32e40p_top/core_i/id_stage_i/register_file_i/mem_reg_6__23_

  Ref  DFF        Ref:/WORK/cv32e40p_top/core_i/id_stage_i/register_file_i/mem_reg[6][24]
  Impl DFF        Imp:/WORK/cv32e40p_top/core_i/id_stage_i/register_file_i/mem_reg_6__24_

  Ref  DFF        Ref:/WORK/cv32e40p_top/core_i/id_stage_i/register_file_i/mem_reg[6][25]
  Impl DFF        Imp:/WORK/cv32e40p_top/core_i/id_stage_i/register_file_i/mem_reg_6__25_

  Ref  DFF        Ref:/WORK/cv32e40p_top/core_i/id_stage_i/register_file_i/mem_reg[6][26]
  Impl DFF        Imp:/WORK/cv32e40p_top/core_i/id_stage_i/register_file_i/mem_reg_6__26_

  Ref  DFF        Ref:/WORK/cv32e40p_top/core_i/id_stage_i/register_file_i/mem_reg[6][27]
  Impl DFF        Imp:/WORK/cv32e40p_top/core_i/id_stage_i/register_file_i/mem_reg_6__27_

  Ref  DFF        Ref:/WORK/cv32e40p_top/core_i/id_stage_i/register_file_i/mem_reg[6][28]
  Impl DFF        Imp:/WORK/cv32e40p_top/core_i/id_stage_i/register_file_i/mem_reg_6__28_

  Ref  DFF        Ref:/WORK/cv32e40p_top/core_i/id_stage_i/register_file_i/mem_reg[6][29]
  Impl DFF        Imp:/WORK/cv32e40p_top/core_i/id_stage_i/register_file_i/mem_reg_6__29_

  Ref  DFF        Ref:/WORK/cv32e40p_top/core_i/id_stage_i/register_file_i/mem_reg[6][2]
  Impl DFF        Imp:/WORK/cv32e40p_top/core_i/id_stage_i/register_file_i/mem_reg_6__2_

  Ref  DFF        Ref:/WORK/cv32e40p_top/core_i/id_stage_i/register_file_i/mem_reg[6][30]
  Impl DFF        Imp:/WORK/cv32e40p_top/core_i/id_stage_i/register_file_i/mem_reg_6__30_

  Ref  DFF        Ref:/WORK/cv32e40p_top/core_i/id_stage_i/register_file_i/mem_reg[6][31]
  Impl DFF        Imp:/WORK/cv32e40p_top/core_i/id_stage_i/register_file_i/mem_reg_6__31_

  Ref  DFF        Ref:/WORK/cv32e40p_top/core_i/id_stage_i/register_file_i/mem_reg[6][3]
  Impl DFF        Imp:/WORK/cv32e40p_top/core_i/id_stage_i/register_file_i/mem_reg_6__3_

  Ref  DFF        Ref:/WORK/cv32e40p_top/core_i/id_stage_i/register_file_i/mem_reg[6][4]
  Impl DFF        Imp:/WORK/cv32e40p_top/core_i/id_stage_i/register_file_i/mem_reg_6__4_

  Ref  DFF        Ref:/WORK/cv32e40p_top/core_i/id_stage_i/register_file_i/mem_reg[6][5]
  Impl DFF        Imp:/WORK/cv32e40p_top/core_i/id_stage_i/register_file_i/mem_reg_6__5_

  Ref  DFF        Ref:/WORK/cv32e40p_top/core_i/id_stage_i/register_file_i/mem_reg[6][6]
  Impl DFF        Imp:/WORK/cv32e40p_top/core_i/id_stage_i/register_file_i/mem_reg_6__6_

  Ref  DFF        Ref:/WORK/cv32e40p_top/core_i/id_stage_i/register_file_i/mem_reg[6][7]
  Impl DFF        Imp:/WORK/cv32e40p_top/core_i/id_stage_i/register_file_i/mem_reg_6__7_

  Ref  DFF        Ref:/WORK/cv32e40p_top/core_i/id_stage_i/register_file_i/mem_reg[6][8]
  Impl DFF        Imp:/WORK/cv32e40p_top/core_i/id_stage_i/register_file_i/mem_reg_6__8_

  Ref  DFF        Ref:/WORK/cv32e40p_top/core_i/id_stage_i/register_file_i/mem_reg[6][9]
  Impl DFF        Imp:/WORK/cv32e40p_top/core_i/id_stage_i/register_file_i/mem_reg_6__9_

  Ref  DFF        Ref:/WORK/cv32e40p_top/core_i/id_stage_i/register_file_i/mem_reg[7][0]
  Impl DFF        Imp:/WORK/cv32e40p_top/core_i/id_stage_i/register_file_i/mem_reg_7__0_

  Ref  DFF        Ref:/WORK/cv32e40p_top/core_i/id_stage_i/register_file_i/mem_reg[7][10]
  Impl DFF        Imp:/WORK/cv32e40p_top/core_i/id_stage_i/register_file_i/mem_reg_7__10_

  Ref  DFF        Ref:/WORK/cv32e40p_top/core_i/id_stage_i/register_file_i/mem_reg[7][11]
  Impl DFF        Imp:/WORK/cv32e40p_top/core_i/id_stage_i/register_file_i/mem_reg_7__11_

  Ref  DFF        Ref:/WORK/cv32e40p_top/core_i/id_stage_i/register_file_i/mem_reg[7][12]
  Impl DFF        Imp:/WORK/cv32e40p_top/core_i/id_stage_i/register_file_i/mem_reg_7__12_

  Ref  DFF        Ref:/WORK/cv32e40p_top/core_i/id_stage_i/register_file_i/mem_reg[7][13]
  Impl DFF        Imp:/WORK/cv32e40p_top/core_i/id_stage_i/register_file_i/mem_reg_7__13_

  Ref  DFF        Ref:/WORK/cv32e40p_top/core_i/id_stage_i/register_file_i/mem_reg[7][14]
  Impl DFF        Imp:/WORK/cv32e40p_top/core_i/id_stage_i/register_file_i/mem_reg_7__14_

  Ref  DFF        Ref:/WORK/cv32e40p_top/core_i/id_stage_i/register_file_i/mem_reg[7][15]
  Impl DFF        Imp:/WORK/cv32e40p_top/core_i/id_stage_i/register_file_i/mem_reg_7__15_

  Ref  DFF        Ref:/WORK/cv32e40p_top/core_i/id_stage_i/register_file_i/mem_reg[7][16]
  Impl DFF        Imp:/WORK/cv32e40p_top/core_i/id_stage_i/register_file_i/mem_reg_7__16_

  Ref  DFF        Ref:/WORK/cv32e40p_top/core_i/id_stage_i/register_file_i/mem_reg[7][17]
  Impl DFF        Imp:/WORK/cv32e40p_top/core_i/id_stage_i/register_file_i/mem_reg_7__17_

  Ref  DFF        Ref:/WORK/cv32e40p_top/core_i/id_stage_i/register_file_i/mem_reg[7][18]
  Impl DFF        Imp:/WORK/cv32e40p_top/core_i/id_stage_i/register_file_i/mem_reg_7__18_

  Ref  DFF        Ref:/WORK/cv32e40p_top/core_i/id_stage_i/register_file_i/mem_reg[7][19]
  Impl DFF        Imp:/WORK/cv32e40p_top/core_i/id_stage_i/register_file_i/mem_reg_7__19_

  Ref  DFF        Ref:/WORK/cv32e40p_top/core_i/id_stage_i/register_file_i/mem_reg[7][1]
  Impl DFF        Imp:/WORK/cv32e40p_top/core_i/id_stage_i/register_file_i/mem_reg_7__1_

  Ref  DFF        Ref:/WORK/cv32e40p_top/core_i/id_stage_i/register_file_i/mem_reg[7][20]
  Impl DFF        Imp:/WORK/cv32e40p_top/core_i/id_stage_i/register_file_i/mem_reg_7__20_

  Ref  DFF        Ref:/WORK/cv32e40p_top/core_i/id_stage_i/register_file_i/mem_reg[7][21]
  Impl DFF        Imp:/WORK/cv32e40p_top/core_i/id_stage_i/register_file_i/mem_reg_7__21_

  Ref  DFF        Ref:/WORK/cv32e40p_top/core_i/id_stage_i/register_file_i/mem_reg[7][22]
  Impl DFF        Imp:/WORK/cv32e40p_top/core_i/id_stage_i/register_file_i/mem_reg_7__22_

  Ref  DFF        Ref:/WORK/cv32e40p_top/core_i/id_stage_i/register_file_i/mem_reg[7][23]
  Impl DFF        Imp:/WORK/cv32e40p_top/core_i/id_stage_i/register_file_i/mem_reg_7__23_

  Ref  DFF        Ref:/WORK/cv32e40p_top/core_i/id_stage_i/register_file_i/mem_reg[7][24]
  Impl DFF        Imp:/WORK/cv32e40p_top/core_i/id_stage_i/register_file_i/mem_reg_7__24_

  Ref  DFF        Ref:/WORK/cv32e40p_top/core_i/id_stage_i/register_file_i/mem_reg[7][25]
  Impl DFF        Imp:/WORK/cv32e40p_top/core_i/id_stage_i/register_file_i/mem_reg_7__25_

  Ref  DFF        Ref:/WORK/cv32e40p_top/core_i/id_stage_i/register_file_i/mem_reg[7][26]
  Impl DFF        Imp:/WORK/cv32e40p_top/core_i/id_stage_i/register_file_i/mem_reg_7__26_

  Ref  DFF        Ref:/WORK/cv32e40p_top/core_i/id_stage_i/register_file_i/mem_reg[7][27]
  Impl DFF        Imp:/WORK/cv32e40p_top/core_i/id_stage_i/register_file_i/mem_reg_7__27_

  Ref  DFF        Ref:/WORK/cv32e40p_top/core_i/id_stage_i/register_file_i/mem_reg[7][28]
  Impl DFF        Imp:/WORK/cv32e40p_top/core_i/id_stage_i/register_file_i/mem_reg_7__28_

  Ref  DFF        Ref:/WORK/cv32e40p_top/core_i/id_stage_i/register_file_i/mem_reg[7][29]
  Impl DFF        Imp:/WORK/cv32e40p_top/core_i/id_stage_i/register_file_i/mem_reg_7__29_

  Ref  DFF        Ref:/WORK/cv32e40p_top/core_i/id_stage_i/register_file_i/mem_reg[7][2]
  Impl DFF        Imp:/WORK/cv32e40p_top/core_i/id_stage_i/register_file_i/mem_reg_7__2_

  Ref  DFF        Ref:/WORK/cv32e40p_top/core_i/id_stage_i/register_file_i/mem_reg[7][30]
  Impl DFF        Imp:/WORK/cv32e40p_top/core_i/id_stage_i/register_file_i/mem_reg_7__30_

  Ref  DFF        Ref:/WORK/cv32e40p_top/core_i/id_stage_i/register_file_i/mem_reg[7][31]
  Impl DFF        Imp:/WORK/cv32e40p_top/core_i/id_stage_i/register_file_i/mem_reg_7__31_

  Ref  DFF        Ref:/WORK/cv32e40p_top/core_i/id_stage_i/register_file_i/mem_reg[7][3]
  Impl DFF        Imp:/WORK/cv32e40p_top/core_i/id_stage_i/register_file_i/mem_reg_7__3_

  Ref  DFF        Ref:/WORK/cv32e40p_top/core_i/id_stage_i/register_file_i/mem_reg[7][4]
  Impl DFF        Imp:/WORK/cv32e40p_top/core_i/id_stage_i/register_file_i/mem_reg_7__4_

  Ref  DFF        Ref:/WORK/cv32e40p_top/core_i/id_stage_i/register_file_i/mem_reg[7][5]
  Impl DFF        Imp:/WORK/cv32e40p_top/core_i/id_stage_i/register_file_i/mem_reg_7__5_

  Ref  DFF        Ref:/WORK/cv32e40p_top/core_i/id_stage_i/register_file_i/mem_reg[7][6]
  Impl DFF        Imp:/WORK/cv32e40p_top/core_i/id_stage_i/register_file_i/mem_reg_7__6_

  Ref  DFF        Ref:/WORK/cv32e40p_top/core_i/id_stage_i/register_file_i/mem_reg[7][7]
  Impl DFF        Imp:/WORK/cv32e40p_top/core_i/id_stage_i/register_file_i/mem_reg_7__7_

  Ref  DFF        Ref:/WORK/cv32e40p_top/core_i/id_stage_i/register_file_i/mem_reg[7][8]
  Impl DFF        Imp:/WORK/cv32e40p_top/core_i/id_stage_i/register_file_i/mem_reg_7__8_

  Ref  DFF        Ref:/WORK/cv32e40p_top/core_i/id_stage_i/register_file_i/mem_reg[7][9]
  Impl DFF        Imp:/WORK/cv32e40p_top/core_i/id_stage_i/register_file_i/mem_reg_7__9_

  Ref  DFF        Ref:/WORK/cv32e40p_top/core_i/id_stage_i/register_file_i/mem_reg[8][0]
  Impl DFF        Imp:/WORK/cv32e40p_top/core_i/id_stage_i/register_file_i/mem_reg_8__0_

  Ref  DFF        Ref:/WORK/cv32e40p_top/core_i/id_stage_i/register_file_i/mem_reg[8][10]
  Impl DFF        Imp:/WORK/cv32e40p_top/core_i/id_stage_i/register_file_i/mem_reg_8__10_

  Ref  DFF        Ref:/WORK/cv32e40p_top/core_i/id_stage_i/register_file_i/mem_reg[8][11]
  Impl DFF        Imp:/WORK/cv32e40p_top/core_i/id_stage_i/register_file_i/mem_reg_8__11_

  Ref  DFF        Ref:/WORK/cv32e40p_top/core_i/id_stage_i/register_file_i/mem_reg[8][12]
  Impl DFF        Imp:/WORK/cv32e40p_top/core_i/id_stage_i/register_file_i/mem_reg_8__12_

  Ref  DFF        Ref:/WORK/cv32e40p_top/core_i/id_stage_i/register_file_i/mem_reg[8][13]
  Impl DFF        Imp:/WORK/cv32e40p_top/core_i/id_stage_i/register_file_i/mem_reg_8__13_

  Ref  DFF        Ref:/WORK/cv32e40p_top/core_i/id_stage_i/register_file_i/mem_reg[8][14]
  Impl DFF        Imp:/WORK/cv32e40p_top/core_i/id_stage_i/register_file_i/mem_reg_8__14_

  Ref  DFF        Ref:/WORK/cv32e40p_top/core_i/id_stage_i/register_file_i/mem_reg[8][15]
  Impl DFF        Imp:/WORK/cv32e40p_top/core_i/id_stage_i/register_file_i/mem_reg_8__15_

  Ref  DFF        Ref:/WORK/cv32e40p_top/core_i/id_stage_i/register_file_i/mem_reg[8][16]
  Impl DFF        Imp:/WORK/cv32e40p_top/core_i/id_stage_i/register_file_i/mem_reg_8__16_

  Ref  DFF        Ref:/WORK/cv32e40p_top/core_i/id_stage_i/register_file_i/mem_reg[8][17]
  Impl DFF        Imp:/WORK/cv32e40p_top/core_i/id_stage_i/register_file_i/mem_reg_8__17_

  Ref  DFF        Ref:/WORK/cv32e40p_top/core_i/id_stage_i/register_file_i/mem_reg[8][18]
  Impl DFF        Imp:/WORK/cv32e40p_top/core_i/id_stage_i/register_file_i/mem_reg_8__18_

  Ref  DFF        Ref:/WORK/cv32e40p_top/core_i/id_stage_i/register_file_i/mem_reg[8][19]
  Impl DFF        Imp:/WORK/cv32e40p_top/core_i/id_stage_i/register_file_i/mem_reg_8__19_

  Ref  DFF        Ref:/WORK/cv32e40p_top/core_i/id_stage_i/register_file_i/mem_reg[8][1]
  Impl DFF        Imp:/WORK/cv32e40p_top/core_i/id_stage_i/register_file_i/mem_reg_8__1_

  Ref  DFF        Ref:/WORK/cv32e40p_top/core_i/id_stage_i/register_file_i/mem_reg[8][20]
  Impl DFF        Imp:/WORK/cv32e40p_top/core_i/id_stage_i/register_file_i/mem_reg_8__20_

  Ref  DFF        Ref:/WORK/cv32e40p_top/core_i/id_stage_i/register_file_i/mem_reg[8][21]
  Impl DFF        Imp:/WORK/cv32e40p_top/core_i/id_stage_i/register_file_i/mem_reg_8__21_

  Ref  DFF        Ref:/WORK/cv32e40p_top/core_i/id_stage_i/register_file_i/mem_reg[8][22]
  Impl DFF        Imp:/WORK/cv32e40p_top/core_i/id_stage_i/register_file_i/mem_reg_8__22_

  Ref  DFF        Ref:/WORK/cv32e40p_top/core_i/id_stage_i/register_file_i/mem_reg[8][23]
  Impl DFF        Imp:/WORK/cv32e40p_top/core_i/id_stage_i/register_file_i/mem_reg_8__23_

  Ref  DFF        Ref:/WORK/cv32e40p_top/core_i/id_stage_i/register_file_i/mem_reg[8][24]
  Impl DFF        Imp:/WORK/cv32e40p_top/core_i/id_stage_i/register_file_i/mem_reg_8__24_

  Ref  DFF        Ref:/WORK/cv32e40p_top/core_i/id_stage_i/register_file_i/mem_reg[8][25]
  Impl DFF        Imp:/WORK/cv32e40p_top/core_i/id_stage_i/register_file_i/mem_reg_8__25_

  Ref  DFF        Ref:/WORK/cv32e40p_top/core_i/id_stage_i/register_file_i/mem_reg[8][26]
  Impl DFF        Imp:/WORK/cv32e40p_top/core_i/id_stage_i/register_file_i/mem_reg_8__26_

  Ref  DFF        Ref:/WORK/cv32e40p_top/core_i/id_stage_i/register_file_i/mem_reg[8][27]
  Impl DFF        Imp:/WORK/cv32e40p_top/core_i/id_stage_i/register_file_i/mem_reg_8__27_

  Ref  DFF        Ref:/WORK/cv32e40p_top/core_i/id_stage_i/register_file_i/mem_reg[8][28]
  Impl DFF        Imp:/WORK/cv32e40p_top/core_i/id_stage_i/register_file_i/mem_reg_8__28_

  Ref  DFF        Ref:/WORK/cv32e40p_top/core_i/id_stage_i/register_file_i/mem_reg[8][29]
  Impl DFF        Imp:/WORK/cv32e40p_top/core_i/id_stage_i/register_file_i/mem_reg_8__29_

  Ref  DFF        Ref:/WORK/cv32e40p_top/core_i/id_stage_i/register_file_i/mem_reg[8][2]
  Impl DFF        Imp:/WORK/cv32e40p_top/core_i/id_stage_i/register_file_i/mem_reg_8__2_

  Ref  DFF        Ref:/WORK/cv32e40p_top/core_i/id_stage_i/register_file_i/mem_reg[8][30]
  Impl DFF        Imp:/WORK/cv32e40p_top/core_i/id_stage_i/register_file_i/mem_reg_8__30_

  Ref  DFF        Ref:/WORK/cv32e40p_top/core_i/id_stage_i/register_file_i/mem_reg[8][31]
  Impl DFF        Imp:/WORK/cv32e40p_top/core_i/id_stage_i/register_file_i/mem_reg_8__31_

  Ref  DFF        Ref:/WORK/cv32e40p_top/core_i/id_stage_i/register_file_i/mem_reg[8][3]
  Impl DFF        Imp:/WORK/cv32e40p_top/core_i/id_stage_i/register_file_i/mem_reg_8__3_

  Ref  DFF        Ref:/WORK/cv32e40p_top/core_i/id_stage_i/register_file_i/mem_reg[8][4]
  Impl DFF        Imp:/WORK/cv32e40p_top/core_i/id_stage_i/register_file_i/mem_reg_8__4_

  Ref  DFF        Ref:/WORK/cv32e40p_top/core_i/id_stage_i/register_file_i/mem_reg[8][5]
  Impl DFF        Imp:/WORK/cv32e40p_top/core_i/id_stage_i/register_file_i/mem_reg_8__5_

  Ref  DFF        Ref:/WORK/cv32e40p_top/core_i/id_stage_i/register_file_i/mem_reg[8][6]
  Impl DFF        Imp:/WORK/cv32e40p_top/core_i/id_stage_i/register_file_i/mem_reg_8__6_

  Ref  DFF        Ref:/WORK/cv32e40p_top/core_i/id_stage_i/register_file_i/mem_reg[8][7]
  Impl DFF        Imp:/WORK/cv32e40p_top/core_i/id_stage_i/register_file_i/mem_reg_8__7_

  Ref  DFF        Ref:/WORK/cv32e40p_top/core_i/id_stage_i/register_file_i/mem_reg[8][8]
  Impl DFF        Imp:/WORK/cv32e40p_top/core_i/id_stage_i/register_file_i/mem_reg_8__8_

  Ref  DFF        Ref:/WORK/cv32e40p_top/core_i/id_stage_i/register_file_i/mem_reg[8][9]
  Impl DFF        Imp:/WORK/cv32e40p_top/core_i/id_stage_i/register_file_i/mem_reg_8__9_

  Ref  DFF        Ref:/WORK/cv32e40p_top/core_i/id_stage_i/register_file_i/mem_reg[9][0]
  Impl DFF        Imp:/WORK/cv32e40p_top/core_i/id_stage_i/register_file_i/mem_reg_9__0_

  Ref  DFF        Ref:/WORK/cv32e40p_top/core_i/id_stage_i/register_file_i/mem_reg[9][10]
  Impl DFF        Imp:/WORK/cv32e40p_top/core_i/id_stage_i/register_file_i/mem_reg_9__10_

  Ref  DFF        Ref:/WORK/cv32e40p_top/core_i/id_stage_i/register_file_i/mem_reg[9][11]
  Impl DFF        Imp:/WORK/cv32e40p_top/core_i/id_stage_i/register_file_i/mem_reg_9__11_

  Ref  DFF        Ref:/WORK/cv32e40p_top/core_i/id_stage_i/register_file_i/mem_reg[9][12]
  Impl DFF        Imp:/WORK/cv32e40p_top/core_i/id_stage_i/register_file_i/mem_reg_9__12_

  Ref  DFF        Ref:/WORK/cv32e40p_top/core_i/id_stage_i/register_file_i/mem_reg[9][13]
  Impl DFF        Imp:/WORK/cv32e40p_top/core_i/id_stage_i/register_file_i/mem_reg_9__13_

  Ref  DFF        Ref:/WORK/cv32e40p_top/core_i/id_stage_i/register_file_i/mem_reg[9][14]
  Impl DFF        Imp:/WORK/cv32e40p_top/core_i/id_stage_i/register_file_i/mem_reg_9__14_

  Ref  DFF        Ref:/WORK/cv32e40p_top/core_i/id_stage_i/register_file_i/mem_reg[9][15]
  Impl DFF        Imp:/WORK/cv32e40p_top/core_i/id_stage_i/register_file_i/mem_reg_9__15_

  Ref  DFF        Ref:/WORK/cv32e40p_top/core_i/id_stage_i/register_file_i/mem_reg[9][16]
  Impl DFF        Imp:/WORK/cv32e40p_top/core_i/id_stage_i/register_file_i/mem_reg_9__16_

  Ref  DFF        Ref:/WORK/cv32e40p_top/core_i/id_stage_i/register_file_i/mem_reg[9][17]
  Impl DFF        Imp:/WORK/cv32e40p_top/core_i/id_stage_i/register_file_i/mem_reg_9__17_

  Ref  DFF        Ref:/WORK/cv32e40p_top/core_i/id_stage_i/register_file_i/mem_reg[9][18]
  Impl DFF        Imp:/WORK/cv32e40p_top/core_i/id_stage_i/register_file_i/mem_reg_9__18_

  Ref  DFF        Ref:/WORK/cv32e40p_top/core_i/id_stage_i/register_file_i/mem_reg[9][19]
  Impl DFF        Imp:/WORK/cv32e40p_top/core_i/id_stage_i/register_file_i/mem_reg_9__19_

  Ref  DFF        Ref:/WORK/cv32e40p_top/core_i/id_stage_i/register_file_i/mem_reg[9][1]
  Impl DFF        Imp:/WORK/cv32e40p_top/core_i/id_stage_i/register_file_i/mem_reg_9__1_

  Ref  DFF        Ref:/WORK/cv32e40p_top/core_i/id_stage_i/register_file_i/mem_reg[9][20]
  Impl DFF        Imp:/WORK/cv32e40p_top/core_i/id_stage_i/register_file_i/mem_reg_9__20_

  Ref  DFF        Ref:/WORK/cv32e40p_top/core_i/id_stage_i/register_file_i/mem_reg[9][21]
  Impl DFF        Imp:/WORK/cv32e40p_top/core_i/id_stage_i/register_file_i/mem_reg_9__21_

  Ref  DFF        Ref:/WORK/cv32e40p_top/core_i/id_stage_i/register_file_i/mem_reg[9][22]
  Impl DFF        Imp:/WORK/cv32e40p_top/core_i/id_stage_i/register_file_i/mem_reg_9__22_

  Ref  DFF        Ref:/WORK/cv32e40p_top/core_i/id_stage_i/register_file_i/mem_reg[9][23]
  Impl DFF        Imp:/WORK/cv32e40p_top/core_i/id_stage_i/register_file_i/mem_reg_9__23_

  Ref  DFF        Ref:/WORK/cv32e40p_top/core_i/id_stage_i/register_file_i/mem_reg[9][24]
  Impl DFF        Imp:/WORK/cv32e40p_top/core_i/id_stage_i/register_file_i/mem_reg_9__24_

  Ref  DFF        Ref:/WORK/cv32e40p_top/core_i/id_stage_i/register_file_i/mem_reg[9][25]
  Impl DFF        Imp:/WORK/cv32e40p_top/core_i/id_stage_i/register_file_i/mem_reg_9__25_

  Ref  DFF        Ref:/WORK/cv32e40p_top/core_i/id_stage_i/register_file_i/mem_reg[9][26]
  Impl DFF        Imp:/WORK/cv32e40p_top/core_i/id_stage_i/register_file_i/mem_reg_9__26_

  Ref  DFF        Ref:/WORK/cv32e40p_top/core_i/id_stage_i/register_file_i/mem_reg[9][27]
  Impl DFF        Imp:/WORK/cv32e40p_top/core_i/id_stage_i/register_file_i/mem_reg_9__27_

  Ref  DFF        Ref:/WORK/cv32e40p_top/core_i/id_stage_i/register_file_i/mem_reg[9][28]
  Impl DFF        Imp:/WORK/cv32e40p_top/core_i/id_stage_i/register_file_i/mem_reg_9__28_

  Ref  DFF        Ref:/WORK/cv32e40p_top/core_i/id_stage_i/register_file_i/mem_reg[9][29]
  Impl DFF        Imp:/WORK/cv32e40p_top/core_i/id_stage_i/register_file_i/mem_reg_9__29_

  Ref  DFF        Ref:/WORK/cv32e40p_top/core_i/id_stage_i/register_file_i/mem_reg[9][2]
  Impl DFF        Imp:/WORK/cv32e40p_top/core_i/id_stage_i/register_file_i/mem_reg_9__2_

  Ref  DFF        Ref:/WORK/cv32e40p_top/core_i/id_stage_i/register_file_i/mem_reg[9][30]
  Impl DFF        Imp:/WORK/cv32e40p_top/core_i/id_stage_i/register_file_i/mem_reg_9__30_

  Ref  DFF        Ref:/WORK/cv32e40p_top/core_i/id_stage_i/register_file_i/mem_reg[9][31]
  Impl DFF        Imp:/WORK/cv32e40p_top/core_i/id_stage_i/register_file_i/mem_reg_9__31_

  Ref  DFF        Ref:/WORK/cv32e40p_top/core_i/id_stage_i/register_file_i/mem_reg[9][3]
  Impl DFF        Imp:/WORK/cv32e40p_top/core_i/id_stage_i/register_file_i/mem_reg_9__3_

  Ref  DFF        Ref:/WORK/cv32e40p_top/core_i/id_stage_i/register_file_i/mem_reg[9][4]
  Impl DFF        Imp:/WORK/cv32e40p_top/core_i/id_stage_i/register_file_i/mem_reg_9__4_

  Ref  DFF        Ref:/WORK/cv32e40p_top/core_i/id_stage_i/register_file_i/mem_reg[9][5]
  Impl DFF        Imp:/WORK/cv32e40p_top/core_i/id_stage_i/register_file_i/mem_reg_9__5_

  Ref  DFF        Ref:/WORK/cv32e40p_top/core_i/id_stage_i/register_file_i/mem_reg[9][6]
  Impl DFF        Imp:/WORK/cv32e40p_top/core_i/id_stage_i/register_file_i/mem_reg_9__6_

  Ref  DFF        Ref:/WORK/cv32e40p_top/core_i/id_stage_i/register_file_i/mem_reg[9][7]
  Impl DFF        Imp:/WORK/cv32e40p_top/core_i/id_stage_i/register_file_i/mem_reg_9__7_

  Ref  DFF        Ref:/WORK/cv32e40p_top/core_i/id_stage_i/register_file_i/mem_reg[9][8]
  Impl DFF        Imp:/WORK/cv32e40p_top/core_i/id_stage_i/register_file_i/mem_reg_9__8_

  Ref  DFF        Ref:/WORK/cv32e40p_top/core_i/id_stage_i/register_file_i/mem_reg[9][9]
  Impl DFF        Imp:/WORK/cv32e40p_top/core_i/id_stage_i/register_file_i/mem_reg_9__9_

  Ref  DFF        Ref:/WORK/cv32e40p_top/core_i/if_stage_i/aligner_i/aligner_ready_q_reg
  Impl DFF        Imp:/WORK/cv32e40p_top/core_i/if_stage_i/aligner_i/aligner_ready_q_reg

  Ref  DFF        Ref:/WORK/cv32e40p_top/core_i/if_stage_i/aligner_i/hwlp_update_pc_q_reg
  Impl DFF0       Imp:/WORK/cv32e40p_top/core_i/if_stage_i/aligner_i/hwlp_update_pc_q_reg

  Ref  DFF        Ref:/WORK/cv32e40p_top/core_i/if_stage_i/aligner_i/pc_q_reg[10]
  Impl DFF        Imp:/WORK/cv32e40p_top/core_i/if_stage_i/aligner_i/pc_q_reg_10_

  Ref  DFF        Ref:/WORK/cv32e40p_top/core_i/if_stage_i/aligner_i/pc_q_reg[11]
  Impl DFF        Imp:/WORK/cv32e40p_top/core_i/if_stage_i/aligner_i/pc_q_reg_11_

  Ref  DFF        Ref:/WORK/cv32e40p_top/core_i/if_stage_i/aligner_i/pc_q_reg[12]
  Impl DFF        Imp:/WORK/cv32e40p_top/core_i/if_stage_i/aligner_i/pc_q_reg_12_

  Ref  DFF        Ref:/WORK/cv32e40p_top/core_i/if_stage_i/aligner_i/pc_q_reg[13]
  Impl DFF        Imp:/WORK/cv32e40p_top/core_i/if_stage_i/aligner_i/pc_q_reg_13_

  Ref  DFF        Ref:/WORK/cv32e40p_top/core_i/if_stage_i/aligner_i/pc_q_reg[14]
  Impl DFF        Imp:/WORK/cv32e40p_top/core_i/if_stage_i/aligner_i/pc_q_reg_14_

  Ref  DFF        Ref:/WORK/cv32e40p_top/core_i/if_stage_i/aligner_i/pc_q_reg[15]
  Impl DFF        Imp:/WORK/cv32e40p_top/core_i/if_stage_i/aligner_i/pc_q_reg_15_

  Ref  DFF        Ref:/WORK/cv32e40p_top/core_i/if_stage_i/aligner_i/pc_q_reg[16]
  Impl DFF        Imp:/WORK/cv32e40p_top/core_i/if_stage_i/aligner_i/pc_q_reg_16_

  Ref  DFF        Ref:/WORK/cv32e40p_top/core_i/if_stage_i/aligner_i/pc_q_reg[17]
  Impl DFF        Imp:/WORK/cv32e40p_top/core_i/if_stage_i/aligner_i/pc_q_reg_17_

  Ref  DFF        Ref:/WORK/cv32e40p_top/core_i/if_stage_i/aligner_i/pc_q_reg[18]
  Impl DFF        Imp:/WORK/cv32e40p_top/core_i/if_stage_i/aligner_i/pc_q_reg_18_

  Ref  DFF        Ref:/WORK/cv32e40p_top/core_i/if_stage_i/aligner_i/pc_q_reg[19]
  Impl DFF        Imp:/WORK/cv32e40p_top/core_i/if_stage_i/aligner_i/pc_q_reg_19_

  Ref  DFF        Ref:/WORK/cv32e40p_top/core_i/if_stage_i/aligner_i/pc_q_reg[1]
  Impl DFF        Imp:/WORK/cv32e40p_top/core_i/if_stage_i/aligner_i/pc_q_reg_1_

  Ref  DFF        Ref:/WORK/cv32e40p_top/core_i/if_stage_i/aligner_i/pc_q_reg[20]
  Impl DFF        Imp:/WORK/cv32e40p_top/core_i/if_stage_i/aligner_i/pc_q_reg_20_

  Ref  DFF        Ref:/WORK/cv32e40p_top/core_i/if_stage_i/aligner_i/pc_q_reg[21]
  Impl DFF        Imp:/WORK/cv32e40p_top/core_i/if_stage_i/aligner_i/pc_q_reg_21_

  Ref  DFF        Ref:/WORK/cv32e40p_top/core_i/if_stage_i/aligner_i/pc_q_reg[22]
  Impl DFF        Imp:/WORK/cv32e40p_top/core_i/if_stage_i/aligner_i/pc_q_reg_22_

  Ref  DFF        Ref:/WORK/cv32e40p_top/core_i/if_stage_i/aligner_i/pc_q_reg[23]
  Impl DFF        Imp:/WORK/cv32e40p_top/core_i/if_stage_i/aligner_i/pc_q_reg_23_

  Ref  DFF        Ref:/WORK/cv32e40p_top/core_i/if_stage_i/aligner_i/pc_q_reg[24]
  Impl DFF        Imp:/WORK/cv32e40p_top/core_i/if_stage_i/aligner_i/pc_q_reg_24_

  Ref  DFF        Ref:/WORK/cv32e40p_top/core_i/if_stage_i/aligner_i/pc_q_reg[25]
  Impl DFF        Imp:/WORK/cv32e40p_top/core_i/if_stage_i/aligner_i/pc_q_reg_25_

  Ref  DFF        Ref:/WORK/cv32e40p_top/core_i/if_stage_i/aligner_i/pc_q_reg[26]
  Impl DFF        Imp:/WORK/cv32e40p_top/core_i/if_stage_i/aligner_i/pc_q_reg_26_

  Ref  DFF        Ref:/WORK/cv32e40p_top/core_i/if_stage_i/aligner_i/pc_q_reg[27]
  Impl DFF        Imp:/WORK/cv32e40p_top/core_i/if_stage_i/aligner_i/pc_q_reg_27_

  Ref  DFF        Ref:/WORK/cv32e40p_top/core_i/if_stage_i/aligner_i/pc_q_reg[28]
  Impl DFF        Imp:/WORK/cv32e40p_top/core_i/if_stage_i/aligner_i/pc_q_reg_28_

  Ref  DFF        Ref:/WORK/cv32e40p_top/core_i/if_stage_i/aligner_i/pc_q_reg[29]
  Impl DFF        Imp:/WORK/cv32e40p_top/core_i/if_stage_i/aligner_i/pc_q_reg_29_

  Ref  DFF        Ref:/WORK/cv32e40p_top/core_i/if_stage_i/aligner_i/pc_q_reg[2]
  Impl DFF        Imp:/WORK/cv32e40p_top/core_i/if_stage_i/aligner_i/pc_q_reg_2_

  Ref  DFF        Ref:/WORK/cv32e40p_top/core_i/if_stage_i/aligner_i/pc_q_reg[30]
  Impl DFF        Imp:/WORK/cv32e40p_top/core_i/if_stage_i/aligner_i/pc_q_reg_30_

  Ref  DFF        Ref:/WORK/cv32e40p_top/core_i/if_stage_i/aligner_i/pc_q_reg[31]
  Impl DFF        Imp:/WORK/cv32e40p_top/core_i/if_stage_i/aligner_i/pc_q_reg_31_

  Ref  DFF        Ref:/WORK/cv32e40p_top/core_i/if_stage_i/aligner_i/pc_q_reg[3]
  Impl DFF        Imp:/WORK/cv32e40p_top/core_i/if_stage_i/aligner_i/pc_q_reg_3_

  Ref  DFF        Ref:/WORK/cv32e40p_top/core_i/if_stage_i/aligner_i/pc_q_reg[4]
  Impl DFF        Imp:/WORK/cv32e40p_top/core_i/if_stage_i/aligner_i/pc_q_reg_4_

  Ref  DFF        Ref:/WORK/cv32e40p_top/core_i/if_stage_i/aligner_i/pc_q_reg[5]
  Impl DFF        Imp:/WORK/cv32e40p_top/core_i/if_stage_i/aligner_i/pc_q_reg_5_

  Ref  DFF        Ref:/WORK/cv32e40p_top/core_i/if_stage_i/aligner_i/pc_q_reg[6]
  Impl DFF        Imp:/WORK/cv32e40p_top/core_i/if_stage_i/aligner_i/pc_q_reg_6_

  Ref  DFF        Ref:/WORK/cv32e40p_top/core_i/if_stage_i/aligner_i/pc_q_reg[7]
  Impl DFF        Imp:/WORK/cv32e40p_top/core_i/if_stage_i/aligner_i/pc_q_reg_7_

  Ref  DFF        Ref:/WORK/cv32e40p_top/core_i/if_stage_i/aligner_i/pc_q_reg[8]
  Impl DFF        Imp:/WORK/cv32e40p_top/core_i/if_stage_i/aligner_i/pc_q_reg_8_

  Ref  DFF        Ref:/WORK/cv32e40p_top/core_i/if_stage_i/aligner_i/pc_q_reg[9]
  Impl DFF        Imp:/WORK/cv32e40p_top/core_i/if_stage_i/aligner_i/pc_q_reg_9_

  Ref  DFF        Ref:/WORK/cv32e40p_top/core_i/if_stage_i/aligner_i/r_instr_h_reg[0]
  Impl DFF        Imp:/WORK/cv32e40p_top/core_i/if_stage_i/aligner_i/r_instr_h_reg_0_

  Ref  DFF        Ref:/WORK/cv32e40p_top/core_i/if_stage_i/aligner_i/r_instr_h_reg[10]
  Impl DFF        Imp:/WORK/cv32e40p_top/core_i/if_stage_i/aligner_i/r_instr_h_reg_10_

  Ref  DFF        Ref:/WORK/cv32e40p_top/core_i/if_stage_i/aligner_i/r_instr_h_reg[11]
  Impl DFF        Imp:/WORK/cv32e40p_top/core_i/if_stage_i/aligner_i/r_instr_h_reg_11_

  Ref  DFF        Ref:/WORK/cv32e40p_top/core_i/if_stage_i/aligner_i/r_instr_h_reg[12]
  Impl DFF        Imp:/WORK/cv32e40p_top/core_i/if_stage_i/aligner_i/r_instr_h_reg_12_

  Ref  DFF        Ref:/WORK/cv32e40p_top/core_i/if_stage_i/aligner_i/r_instr_h_reg[13]
  Impl DFF        Imp:/WORK/cv32e40p_top/core_i/if_stage_i/aligner_i/r_instr_h_reg_13_

  Ref  DFF        Ref:/WORK/cv32e40p_top/core_i/if_stage_i/aligner_i/r_instr_h_reg[14]
  Impl DFF        Imp:/WORK/cv32e40p_top/core_i/if_stage_i/aligner_i/r_instr_h_reg_14_

  Ref  DFF        Ref:/WORK/cv32e40p_top/core_i/if_stage_i/aligner_i/r_instr_h_reg[15]
  Impl DFF        Imp:/WORK/cv32e40p_top/core_i/if_stage_i/aligner_i/r_instr_h_reg_15_

  Ref  DFF        Ref:/WORK/cv32e40p_top/core_i/if_stage_i/aligner_i/r_instr_h_reg[1]
  Impl DFF        Imp:/WORK/cv32e40p_top/core_i/if_stage_i/aligner_i/r_instr_h_reg_1_

  Ref  DFF        Ref:/WORK/cv32e40p_top/core_i/if_stage_i/aligner_i/r_instr_h_reg[2]
  Impl DFF        Imp:/WORK/cv32e40p_top/core_i/if_stage_i/aligner_i/r_instr_h_reg_2_

  Ref  DFF        Ref:/WORK/cv32e40p_top/core_i/if_stage_i/aligner_i/r_instr_h_reg[3]
  Impl DFF        Imp:/WORK/cv32e40p_top/core_i/if_stage_i/aligner_i/r_instr_h_reg_3_

  Ref  DFF        Ref:/WORK/cv32e40p_top/core_i/if_stage_i/aligner_i/r_instr_h_reg[4]
  Impl DFF        Imp:/WORK/cv32e40p_top/core_i/if_stage_i/aligner_i/r_instr_h_reg_4_

  Ref  DFF        Ref:/WORK/cv32e40p_top/core_i/if_stage_i/aligner_i/r_instr_h_reg[5]
  Impl DFF        Imp:/WORK/cv32e40p_top/core_i/if_stage_i/aligner_i/r_instr_h_reg_5_

  Ref  DFF        Ref:/WORK/cv32e40p_top/core_i/if_stage_i/aligner_i/r_instr_h_reg[6]
  Impl DFF        Imp:/WORK/cv32e40p_top/core_i/if_stage_i/aligner_i/r_instr_h_reg_6_

  Ref  DFF        Ref:/WORK/cv32e40p_top/core_i/if_stage_i/aligner_i/r_instr_h_reg[7]
  Impl DFF        Imp:/WORK/cv32e40p_top/core_i/if_stage_i/aligner_i/r_instr_h_reg_7_

  Ref  DFF        Ref:/WORK/cv32e40p_top/core_i/if_stage_i/aligner_i/r_instr_h_reg[8]
  Impl DFF        Imp:/WORK/cv32e40p_top/core_i/if_stage_i/aligner_i/r_instr_h_reg_8_

  Ref  DFF        Ref:/WORK/cv32e40p_top/core_i/if_stage_i/aligner_i/r_instr_h_reg[9]
  Impl DFF        Imp:/WORK/cv32e40p_top/core_i/if_stage_i/aligner_i/r_instr_h_reg_9_

  Ref  DFF        Ref:/WORK/cv32e40p_top/core_i/if_stage_i/aligner_i/state_reg[0]
  Impl DFF        Imp:/WORK/cv32e40p_top/core_i/if_stage_i/aligner_i/state_reg_0_

  Ref  DFF        Ref:/WORK/cv32e40p_top/core_i/if_stage_i/aligner_i/state_reg[1]
  Impl DFF        Imp:/WORK/cv32e40p_top/core_i/if_stage_i/aligner_i/state_reg_1_

  Ref  DFF        Ref:/WORK/cv32e40p_top/core_i/if_stage_i/illegal_c_insn_id_o_reg
  Impl DFF        Imp:/WORK/cv32e40p_top/core_i/if_stage_i/illegal_c_insn_id_o_reg

  Ref  DFF        Ref:/WORK/cv32e40p_top/core_i/if_stage_i/instr_rdata_id_o_reg[0]
  Impl DFF        Imp:/WORK/cv32e40p_top/core_i/if_stage_i/instr_rdata_id_o_reg_0_

  Ref  DFF        Ref:/WORK/cv32e40p_top/core_i/if_stage_i/instr_rdata_id_o_reg[10]
  Impl DFF        Imp:/WORK/cv32e40p_top/core_i/if_stage_i/instr_rdata_id_o_reg_10_

  Ref  DFF        Ref:/WORK/cv32e40p_top/core_i/if_stage_i/instr_rdata_id_o_reg[11]
  Impl DFF        Imp:/WORK/cv32e40p_top/core_i/if_stage_i/instr_rdata_id_o_reg_11_

  Ref  DFF        Ref:/WORK/cv32e40p_top/core_i/if_stage_i/instr_rdata_id_o_reg[12]
  Impl DFF        Imp:/WORK/cv32e40p_top/core_i/if_stage_i/instr_rdata_id_o_reg_12_

  Ref  DFF        Ref:/WORK/cv32e40p_top/core_i/if_stage_i/instr_rdata_id_o_reg[13]
  Impl DFF        Imp:/WORK/cv32e40p_top/core_i/if_stage_i/instr_rdata_id_o_reg_13_

  Ref  DFF        Ref:/WORK/cv32e40p_top/core_i/if_stage_i/instr_rdata_id_o_reg[14]
  Impl DFF        Imp:/WORK/cv32e40p_top/core_i/if_stage_i/instr_rdata_id_o_reg_14_

  Ref  DFF        Ref:/WORK/cv32e40p_top/core_i/if_stage_i/instr_rdata_id_o_reg[15]
  Impl DFF        Imp:/WORK/cv32e40p_top/core_i/if_stage_i/instr_rdata_id_o_reg_15_

  Ref  DFF        Ref:/WORK/cv32e40p_top/core_i/if_stage_i/instr_rdata_id_o_reg[16]
  Impl DFF        Imp:/WORK/cv32e40p_top/core_i/if_stage_i/instr_rdata_id_o_reg_16_

  Ref  DFF        Ref:/WORK/cv32e40p_top/core_i/if_stage_i/instr_rdata_id_o_reg[17]
  Impl DFF        Imp:/WORK/cv32e40p_top/core_i/if_stage_i/instr_rdata_id_o_reg_17_

  Ref  DFF        Ref:/WORK/cv32e40p_top/core_i/if_stage_i/instr_rdata_id_o_reg[18]
  Impl DFF        Imp:/WORK/cv32e40p_top/core_i/if_stage_i/instr_rdata_id_o_reg_18_

  Ref  DFF        Ref:/WORK/cv32e40p_top/core_i/if_stage_i/instr_rdata_id_o_reg[19]
  Impl DFF        Imp:/WORK/cv32e40p_top/core_i/if_stage_i/instr_rdata_id_o_reg_19_

  Ref  DFF        Ref:/WORK/cv32e40p_top/core_i/if_stage_i/instr_rdata_id_o_reg[1]
  Impl DFF        Imp:/WORK/cv32e40p_top/core_i/if_stage_i/instr_rdata_id_o_reg_1_

  Ref  DFF        Ref:/WORK/cv32e40p_top/core_i/if_stage_i/instr_rdata_id_o_reg[20]
  Impl DFF        Imp:/WORK/cv32e40p_top/core_i/if_stage_i/instr_rdata_id_o_reg_20_

  Ref  DFF        Ref:/WORK/cv32e40p_top/core_i/if_stage_i/instr_rdata_id_o_reg[21]
  Impl DFF        Imp:/WORK/cv32e40p_top/core_i/if_stage_i/instr_rdata_id_o_reg_21_

  Ref  DFF        Ref:/WORK/cv32e40p_top/core_i/if_stage_i/instr_rdata_id_o_reg[22]
  Impl DFF        Imp:/WORK/cv32e40p_top/core_i/if_stage_i/instr_rdata_id_o_reg_22_

  Ref  DFF        Ref:/WORK/cv32e40p_top/core_i/if_stage_i/instr_rdata_id_o_reg[23]
  Impl DFF        Imp:/WORK/cv32e40p_top/core_i/if_stage_i/instr_rdata_id_o_reg_23_

  Ref  DFF        Ref:/WORK/cv32e40p_top/core_i/if_stage_i/instr_rdata_id_o_reg[24]
  Impl DFF        Imp:/WORK/cv32e40p_top/core_i/if_stage_i/instr_rdata_id_o_reg_24_

  Ref  DFF        Ref:/WORK/cv32e40p_top/core_i/if_stage_i/instr_rdata_id_o_reg[25]
  Impl DFF        Imp:/WORK/cv32e40p_top/core_i/if_stage_i/instr_rdata_id_o_reg_25_

  Ref  DFF        Ref:/WORK/cv32e40p_top/core_i/if_stage_i/instr_rdata_id_o_reg[26]
  Impl DFF        Imp:/WORK/cv32e40p_top/core_i/if_stage_i/instr_rdata_id_o_reg_26_

  Ref  DFF        Ref:/WORK/cv32e40p_top/core_i/if_stage_i/instr_rdata_id_o_reg[27]
  Impl DFF        Imp:/WORK/cv32e40p_top/core_i/if_stage_i/instr_rdata_id_o_reg_27_

  Ref  DFF        Ref:/WORK/cv32e40p_top/core_i/if_stage_i/instr_rdata_id_o_reg[28]
  Impl DFF        Imp:/WORK/cv32e40p_top/core_i/if_stage_i/instr_rdata_id_o_reg_28_

  Ref  DFF        Ref:/WORK/cv32e40p_top/core_i/if_stage_i/instr_rdata_id_o_reg[29]
  Impl DFF        Imp:/WORK/cv32e40p_top/core_i/if_stage_i/instr_rdata_id_o_reg_29_

  Ref  DFF        Ref:/WORK/cv32e40p_top/core_i/if_stage_i/instr_rdata_id_o_reg[2]
  Impl DFF        Imp:/WORK/cv32e40p_top/core_i/if_stage_i/instr_rdata_id_o_reg_2_

  Ref  DFF        Ref:/WORK/cv32e40p_top/core_i/if_stage_i/instr_rdata_id_o_reg[30]
  Impl DFF        Imp:/WORK/cv32e40p_top/core_i/if_stage_i/instr_rdata_id_o_reg_30_

  Ref  DFF        Ref:/WORK/cv32e40p_top/core_i/if_stage_i/instr_rdata_id_o_reg[31]
  Impl DFF        Imp:/WORK/cv32e40p_top/core_i/if_stage_i/instr_rdata_id_o_reg_31_

  Ref  DFF        Ref:/WORK/cv32e40p_top/core_i/if_stage_i/instr_rdata_id_o_reg[3]
  Impl DFF        Imp:/WORK/cv32e40p_top/core_i/if_stage_i/instr_rdata_id_o_reg_3_

  Ref  DFF        Ref:/WORK/cv32e40p_top/core_i/if_stage_i/instr_rdata_id_o_reg[4]
  Impl DFF        Imp:/WORK/cv32e40p_top/core_i/if_stage_i/instr_rdata_id_o_reg_4_

  Ref  DFF        Ref:/WORK/cv32e40p_top/core_i/if_stage_i/instr_rdata_id_o_reg[5]
  Impl DFF        Imp:/WORK/cv32e40p_top/core_i/if_stage_i/instr_rdata_id_o_reg_5_

  Ref  DFF        Ref:/WORK/cv32e40p_top/core_i/if_stage_i/instr_rdata_id_o_reg[6]
  Impl DFF        Imp:/WORK/cv32e40p_top/core_i/if_stage_i/instr_rdata_id_o_reg_6_

  Ref  DFF        Ref:/WORK/cv32e40p_top/core_i/if_stage_i/instr_rdata_id_o_reg[7]
  Impl DFF        Imp:/WORK/cv32e40p_top/core_i/if_stage_i/instr_rdata_id_o_reg_7_

  Ref  DFF        Ref:/WORK/cv32e40p_top/core_i/if_stage_i/instr_rdata_id_o_reg[8]
  Impl DFF        Imp:/WORK/cv32e40p_top/core_i/if_stage_i/instr_rdata_id_o_reg_8_

  Ref  DFF        Ref:/WORK/cv32e40p_top/core_i/if_stage_i/instr_rdata_id_o_reg[9]
  Impl DFF        Imp:/WORK/cv32e40p_top/core_i/if_stage_i/instr_rdata_id_o_reg_9_

  Ref  DFF        Ref:/WORK/cv32e40p_top/core_i/if_stage_i/instr_valid_id_o_reg
  Impl DFF        Imp:/WORK/cv32e40p_top/core_i/if_stage_i/instr_valid_id_o_reg

  Ref  DFF        Ref:/WORK/cv32e40p_top/core_i/if_stage_i/is_compressed_id_o_reg
  Impl DFF        Imp:/WORK/cv32e40p_top/core_i/if_stage_i/is_compressed_id_o_reg

  Ref  DFF        Ref:/WORK/cv32e40p_top/core_i/if_stage_i/pc_id_o_reg[10]
  Impl DFF        Imp:/WORK/cv32e40p_top/core_i/if_stage_i/pc_id_o_reg_10_

  Ref  DFF        Ref:/WORK/cv32e40p_top/core_i/if_stage_i/pc_id_o_reg[11]
  Impl DFF        Imp:/WORK/cv32e40p_top/core_i/if_stage_i/pc_id_o_reg_11_

  Ref  DFF        Ref:/WORK/cv32e40p_top/core_i/if_stage_i/pc_id_o_reg[12]
  Impl DFF        Imp:/WORK/cv32e40p_top/core_i/if_stage_i/pc_id_o_reg_12_

  Ref  DFF        Ref:/WORK/cv32e40p_top/core_i/if_stage_i/pc_id_o_reg[13]
  Impl DFF        Imp:/WORK/cv32e40p_top/core_i/if_stage_i/pc_id_o_reg_13_

  Ref  DFF        Ref:/WORK/cv32e40p_top/core_i/if_stage_i/pc_id_o_reg[14]
  Impl DFF        Imp:/WORK/cv32e40p_top/core_i/if_stage_i/pc_id_o_reg_14_

  Ref  DFF        Ref:/WORK/cv32e40p_top/core_i/if_stage_i/pc_id_o_reg[15]
  Impl DFF        Imp:/WORK/cv32e40p_top/core_i/if_stage_i/pc_id_o_reg_15_

  Ref  DFF        Ref:/WORK/cv32e40p_top/core_i/if_stage_i/pc_id_o_reg[16]
  Impl DFF        Imp:/WORK/cv32e40p_top/core_i/if_stage_i/pc_id_o_reg_16_

  Ref  DFF        Ref:/WORK/cv32e40p_top/core_i/if_stage_i/pc_id_o_reg[17]
  Impl DFF        Imp:/WORK/cv32e40p_top/core_i/if_stage_i/pc_id_o_reg_17_

  Ref  DFF        Ref:/WORK/cv32e40p_top/core_i/if_stage_i/pc_id_o_reg[18]
  Impl DFF        Imp:/WORK/cv32e40p_top/core_i/if_stage_i/pc_id_o_reg_18_

  Ref  DFF        Ref:/WORK/cv32e40p_top/core_i/if_stage_i/pc_id_o_reg[19]
  Impl DFF        Imp:/WORK/cv32e40p_top/core_i/if_stage_i/pc_id_o_reg_19_

  Ref  DFF        Ref:/WORK/cv32e40p_top/core_i/if_stage_i/pc_id_o_reg[1]
  Impl DFF        Imp:/WORK/cv32e40p_top/core_i/if_stage_i/pc_id_o_reg_1_

  Ref  DFF        Ref:/WORK/cv32e40p_top/core_i/if_stage_i/pc_id_o_reg[20]
  Impl DFF        Imp:/WORK/cv32e40p_top/core_i/if_stage_i/pc_id_o_reg_20_

  Ref  DFF        Ref:/WORK/cv32e40p_top/core_i/if_stage_i/pc_id_o_reg[21]
  Impl DFF        Imp:/WORK/cv32e40p_top/core_i/if_stage_i/pc_id_o_reg_21_

  Ref  DFF        Ref:/WORK/cv32e40p_top/core_i/if_stage_i/pc_id_o_reg[22]
  Impl DFF        Imp:/WORK/cv32e40p_top/core_i/if_stage_i/pc_id_o_reg_22_

  Ref  DFF        Ref:/WORK/cv32e40p_top/core_i/if_stage_i/pc_id_o_reg[23]
  Impl DFF        Imp:/WORK/cv32e40p_top/core_i/if_stage_i/pc_id_o_reg_23_

  Ref  DFF        Ref:/WORK/cv32e40p_top/core_i/if_stage_i/pc_id_o_reg[24]
  Impl DFF        Imp:/WORK/cv32e40p_top/core_i/if_stage_i/pc_id_o_reg_24_

  Ref  DFF        Ref:/WORK/cv32e40p_top/core_i/if_stage_i/pc_id_o_reg[25]
  Impl DFF        Imp:/WORK/cv32e40p_top/core_i/if_stage_i/pc_id_o_reg_25_

  Ref  DFF        Ref:/WORK/cv32e40p_top/core_i/if_stage_i/pc_id_o_reg[26]
  Impl DFF        Imp:/WORK/cv32e40p_top/core_i/if_stage_i/pc_id_o_reg_26_

  Ref  DFF        Ref:/WORK/cv32e40p_top/core_i/if_stage_i/pc_id_o_reg[27]
  Impl DFF        Imp:/WORK/cv32e40p_top/core_i/if_stage_i/pc_id_o_reg_27_

  Ref  DFF        Ref:/WORK/cv32e40p_top/core_i/if_stage_i/pc_id_o_reg[28]
  Impl DFF        Imp:/WORK/cv32e40p_top/core_i/if_stage_i/pc_id_o_reg_28_

  Ref  DFF        Ref:/WORK/cv32e40p_top/core_i/if_stage_i/pc_id_o_reg[29]
  Impl DFF        Imp:/WORK/cv32e40p_top/core_i/if_stage_i/pc_id_o_reg_29_

  Ref  DFF        Ref:/WORK/cv32e40p_top/core_i/if_stage_i/pc_id_o_reg[2]
  Impl DFF        Imp:/WORK/cv32e40p_top/core_i/if_stage_i/pc_id_o_reg_2_

  Ref  DFF        Ref:/WORK/cv32e40p_top/core_i/if_stage_i/pc_id_o_reg[30]
  Impl DFF        Imp:/WORK/cv32e40p_top/core_i/if_stage_i/pc_id_o_reg_30_

  Ref  DFF        Ref:/WORK/cv32e40p_top/core_i/if_stage_i/pc_id_o_reg[31]
  Impl DFF        Imp:/WORK/cv32e40p_top/core_i/if_stage_i/pc_id_o_reg_31_

  Ref  DFF        Ref:/WORK/cv32e40p_top/core_i/if_stage_i/pc_id_o_reg[3]
  Impl DFF        Imp:/WORK/cv32e40p_top/core_i/if_stage_i/pc_id_o_reg_3_

  Ref  DFF        Ref:/WORK/cv32e40p_top/core_i/if_stage_i/pc_id_o_reg[4]
  Impl DFF        Imp:/WORK/cv32e40p_top/core_i/if_stage_i/pc_id_o_reg_4_

  Ref  DFF        Ref:/WORK/cv32e40p_top/core_i/if_stage_i/pc_id_o_reg[5]
  Impl DFF        Imp:/WORK/cv32e40p_top/core_i/if_stage_i/pc_id_o_reg_5_

  Ref  DFF        Ref:/WORK/cv32e40p_top/core_i/if_stage_i/pc_id_o_reg[6]
  Impl DFF        Imp:/WORK/cv32e40p_top/core_i/if_stage_i/pc_id_o_reg_6_

  Ref  DFF        Ref:/WORK/cv32e40p_top/core_i/if_stage_i/pc_id_o_reg[7]
  Impl DFF        Imp:/WORK/cv32e40p_top/core_i/if_stage_i/pc_id_o_reg_7_

  Ref  DFF        Ref:/WORK/cv32e40p_top/core_i/if_stage_i/pc_id_o_reg[8]
  Impl DFF        Imp:/WORK/cv32e40p_top/core_i/if_stage_i/pc_id_o_reg_8_

  Ref  DFF        Ref:/WORK/cv32e40p_top/core_i/if_stage_i/pc_id_o_reg[9]
  Impl DFF        Imp:/WORK/cv32e40p_top/core_i/if_stage_i/pc_id_o_reg_9_

  Ref  DFF        Ref:/WORK/cv32e40p_top/core_i/if_stage_i/prefetch_buffer_i/fifo_i/mem_q_reg[0][0]
  Impl DFF        Imp:/WORK/cv32e40p_top/core_i/if_stage_i/prefetch_buffer_i/fifo_i/mem_q_reg_0__0_

  Ref  DFF        Ref:/WORK/cv32e40p_top/core_i/if_stage_i/prefetch_buffer_i/fifo_i/mem_q_reg[0][10]
  Impl DFF        Imp:/WORK/cv32e40p_top/core_i/if_stage_i/prefetch_buffer_i/fifo_i/mem_q_reg_0__10_

  Ref  DFF        Ref:/WORK/cv32e40p_top/core_i/if_stage_i/prefetch_buffer_i/fifo_i/mem_q_reg[0][11]
  Impl DFF        Imp:/WORK/cv32e40p_top/core_i/if_stage_i/prefetch_buffer_i/fifo_i/mem_q_reg_0__11_

  Ref  DFF        Ref:/WORK/cv32e40p_top/core_i/if_stage_i/prefetch_buffer_i/fifo_i/mem_q_reg[0][12]
  Impl DFF        Imp:/WORK/cv32e40p_top/core_i/if_stage_i/prefetch_buffer_i/fifo_i/mem_q_reg_0__12_

  Ref  DFF        Ref:/WORK/cv32e40p_top/core_i/if_stage_i/prefetch_buffer_i/fifo_i/mem_q_reg[0][13]
  Impl DFF        Imp:/WORK/cv32e40p_top/core_i/if_stage_i/prefetch_buffer_i/fifo_i/mem_q_reg_0__13_

  Ref  DFF        Ref:/WORK/cv32e40p_top/core_i/if_stage_i/prefetch_buffer_i/fifo_i/mem_q_reg[0][14]
  Impl DFF        Imp:/WORK/cv32e40p_top/core_i/if_stage_i/prefetch_buffer_i/fifo_i/mem_q_reg_0__14_

  Ref  DFF        Ref:/WORK/cv32e40p_top/core_i/if_stage_i/prefetch_buffer_i/fifo_i/mem_q_reg[0][15]
  Impl DFF        Imp:/WORK/cv32e40p_top/core_i/if_stage_i/prefetch_buffer_i/fifo_i/mem_q_reg_0__15_

  Ref  DFF        Ref:/WORK/cv32e40p_top/core_i/if_stage_i/prefetch_buffer_i/fifo_i/mem_q_reg[0][16]
  Impl DFF        Imp:/WORK/cv32e40p_top/core_i/if_stage_i/prefetch_buffer_i/fifo_i/mem_q_reg_0__16_

  Ref  DFF        Ref:/WORK/cv32e40p_top/core_i/if_stage_i/prefetch_buffer_i/fifo_i/mem_q_reg[0][17]
  Impl DFF        Imp:/WORK/cv32e40p_top/core_i/if_stage_i/prefetch_buffer_i/fifo_i/mem_q_reg_0__17_

  Ref  DFF        Ref:/WORK/cv32e40p_top/core_i/if_stage_i/prefetch_buffer_i/fifo_i/mem_q_reg[0][18]
  Impl DFF        Imp:/WORK/cv32e40p_top/core_i/if_stage_i/prefetch_buffer_i/fifo_i/mem_q_reg_0__18_

  Ref  DFF        Ref:/WORK/cv32e40p_top/core_i/if_stage_i/prefetch_buffer_i/fifo_i/mem_q_reg[0][19]
  Impl DFF        Imp:/WORK/cv32e40p_top/core_i/if_stage_i/prefetch_buffer_i/fifo_i/mem_q_reg_0__19_

  Ref  DFF        Ref:/WORK/cv32e40p_top/core_i/if_stage_i/prefetch_buffer_i/fifo_i/mem_q_reg[0][1]
  Impl DFF        Imp:/WORK/cv32e40p_top/core_i/if_stage_i/prefetch_buffer_i/fifo_i/mem_q_reg_0__1_

  Ref  DFF        Ref:/WORK/cv32e40p_top/core_i/if_stage_i/prefetch_buffer_i/fifo_i/mem_q_reg[0][20]
  Impl DFF        Imp:/WORK/cv32e40p_top/core_i/if_stage_i/prefetch_buffer_i/fifo_i/mem_q_reg_0__20_

  Ref  DFF        Ref:/WORK/cv32e40p_top/core_i/if_stage_i/prefetch_buffer_i/fifo_i/mem_q_reg[0][21]
  Impl DFF        Imp:/WORK/cv32e40p_top/core_i/if_stage_i/prefetch_buffer_i/fifo_i/mem_q_reg_0__21_

  Ref  DFF        Ref:/WORK/cv32e40p_top/core_i/if_stage_i/prefetch_buffer_i/fifo_i/mem_q_reg[0][22]
  Impl DFF        Imp:/WORK/cv32e40p_top/core_i/if_stage_i/prefetch_buffer_i/fifo_i/mem_q_reg_0__22_

  Ref  DFF        Ref:/WORK/cv32e40p_top/core_i/if_stage_i/prefetch_buffer_i/fifo_i/mem_q_reg[0][23]
  Impl DFF        Imp:/WORK/cv32e40p_top/core_i/if_stage_i/prefetch_buffer_i/fifo_i/mem_q_reg_0__23_

  Ref  DFF        Ref:/WORK/cv32e40p_top/core_i/if_stage_i/prefetch_buffer_i/fifo_i/mem_q_reg[0][24]
  Impl DFF        Imp:/WORK/cv32e40p_top/core_i/if_stage_i/prefetch_buffer_i/fifo_i/mem_q_reg_0__24_

  Ref  DFF        Ref:/WORK/cv32e40p_top/core_i/if_stage_i/prefetch_buffer_i/fifo_i/mem_q_reg[0][25]
  Impl DFF        Imp:/WORK/cv32e40p_top/core_i/if_stage_i/prefetch_buffer_i/fifo_i/mem_q_reg_0__25_

  Ref  DFF        Ref:/WORK/cv32e40p_top/core_i/if_stage_i/prefetch_buffer_i/fifo_i/mem_q_reg[0][26]
  Impl DFF        Imp:/WORK/cv32e40p_top/core_i/if_stage_i/prefetch_buffer_i/fifo_i/mem_q_reg_0__26_

  Ref  DFF        Ref:/WORK/cv32e40p_top/core_i/if_stage_i/prefetch_buffer_i/fifo_i/mem_q_reg[0][27]
  Impl DFF        Imp:/WORK/cv32e40p_top/core_i/if_stage_i/prefetch_buffer_i/fifo_i/mem_q_reg_0__27_

  Ref  DFF        Ref:/WORK/cv32e40p_top/core_i/if_stage_i/prefetch_buffer_i/fifo_i/mem_q_reg[0][28]
  Impl DFF        Imp:/WORK/cv32e40p_top/core_i/if_stage_i/prefetch_buffer_i/fifo_i/mem_q_reg_0__28_

  Ref  DFF        Ref:/WORK/cv32e40p_top/core_i/if_stage_i/prefetch_buffer_i/fifo_i/mem_q_reg[0][29]
  Impl DFF        Imp:/WORK/cv32e40p_top/core_i/if_stage_i/prefetch_buffer_i/fifo_i/mem_q_reg_0__29_

  Ref  DFF        Ref:/WORK/cv32e40p_top/core_i/if_stage_i/prefetch_buffer_i/fifo_i/mem_q_reg[0][2]
  Impl DFF        Imp:/WORK/cv32e40p_top/core_i/if_stage_i/prefetch_buffer_i/fifo_i/mem_q_reg_0__2_

  Ref  DFF        Ref:/WORK/cv32e40p_top/core_i/if_stage_i/prefetch_buffer_i/fifo_i/mem_q_reg[0][30]
  Impl DFF        Imp:/WORK/cv32e40p_top/core_i/if_stage_i/prefetch_buffer_i/fifo_i/mem_q_reg_0__30_

  Ref  DFF        Ref:/WORK/cv32e40p_top/core_i/if_stage_i/prefetch_buffer_i/fifo_i/mem_q_reg[0][31]
  Impl DFF        Imp:/WORK/cv32e40p_top/core_i/if_stage_i/prefetch_buffer_i/fifo_i/mem_q_reg_0__31_

  Ref  DFF        Ref:/WORK/cv32e40p_top/core_i/if_stage_i/prefetch_buffer_i/fifo_i/mem_q_reg[0][3]
  Impl DFF        Imp:/WORK/cv32e40p_top/core_i/if_stage_i/prefetch_buffer_i/fifo_i/mem_q_reg_0__3_

  Ref  DFF        Ref:/WORK/cv32e40p_top/core_i/if_stage_i/prefetch_buffer_i/fifo_i/mem_q_reg[0][4]
  Impl DFF        Imp:/WORK/cv32e40p_top/core_i/if_stage_i/prefetch_buffer_i/fifo_i/mem_q_reg_0__4_

  Ref  DFF        Ref:/WORK/cv32e40p_top/core_i/if_stage_i/prefetch_buffer_i/fifo_i/mem_q_reg[0][5]
  Impl DFF        Imp:/WORK/cv32e40p_top/core_i/if_stage_i/prefetch_buffer_i/fifo_i/mem_q_reg_0__5_

  Ref  DFF        Ref:/WORK/cv32e40p_top/core_i/if_stage_i/prefetch_buffer_i/fifo_i/mem_q_reg[0][6]
  Impl DFF        Imp:/WORK/cv32e40p_top/core_i/if_stage_i/prefetch_buffer_i/fifo_i/mem_q_reg_0__6_

  Ref  DFF        Ref:/WORK/cv32e40p_top/core_i/if_stage_i/prefetch_buffer_i/fifo_i/mem_q_reg[0][7]
  Impl DFF        Imp:/WORK/cv32e40p_top/core_i/if_stage_i/prefetch_buffer_i/fifo_i/mem_q_reg_0__7_

  Ref  DFF        Ref:/WORK/cv32e40p_top/core_i/if_stage_i/prefetch_buffer_i/fifo_i/mem_q_reg[0][8]
  Impl DFF        Imp:/WORK/cv32e40p_top/core_i/if_stage_i/prefetch_buffer_i/fifo_i/mem_q_reg_0__8_

  Ref  DFF        Ref:/WORK/cv32e40p_top/core_i/if_stage_i/prefetch_buffer_i/fifo_i/mem_q_reg[0][9]
  Impl DFF        Imp:/WORK/cv32e40p_top/core_i/if_stage_i/prefetch_buffer_i/fifo_i/mem_q_reg_0__9_

  Ref  DFF        Ref:/WORK/cv32e40p_top/core_i/if_stage_i/prefetch_buffer_i/fifo_i/mem_q_reg[1][0]
  Impl DFF        Imp:/WORK/cv32e40p_top/core_i/if_stage_i/prefetch_buffer_i/fifo_i/mem_q_reg_1__0_

  Ref  DFF        Ref:/WORK/cv32e40p_top/core_i/if_stage_i/prefetch_buffer_i/fifo_i/mem_q_reg[1][10]
  Impl DFF        Imp:/WORK/cv32e40p_top/core_i/if_stage_i/prefetch_buffer_i/fifo_i/mem_q_reg_1__10_

  Ref  DFF        Ref:/WORK/cv32e40p_top/core_i/if_stage_i/prefetch_buffer_i/fifo_i/mem_q_reg[1][11]
  Impl DFF        Imp:/WORK/cv32e40p_top/core_i/if_stage_i/prefetch_buffer_i/fifo_i/mem_q_reg_1__11_

  Ref  DFF        Ref:/WORK/cv32e40p_top/core_i/if_stage_i/prefetch_buffer_i/fifo_i/mem_q_reg[1][12]
  Impl DFF        Imp:/WORK/cv32e40p_top/core_i/if_stage_i/prefetch_buffer_i/fifo_i/mem_q_reg_1__12_

  Ref  DFF        Ref:/WORK/cv32e40p_top/core_i/if_stage_i/prefetch_buffer_i/fifo_i/mem_q_reg[1][13]
  Impl DFF        Imp:/WORK/cv32e40p_top/core_i/if_stage_i/prefetch_buffer_i/fifo_i/mem_q_reg_1__13_

  Ref  DFF        Ref:/WORK/cv32e40p_top/core_i/if_stage_i/prefetch_buffer_i/fifo_i/mem_q_reg[1][14]
  Impl DFF        Imp:/WORK/cv32e40p_top/core_i/if_stage_i/prefetch_buffer_i/fifo_i/mem_q_reg_1__14_

  Ref  DFF        Ref:/WORK/cv32e40p_top/core_i/if_stage_i/prefetch_buffer_i/fifo_i/mem_q_reg[1][15]
  Impl DFF        Imp:/WORK/cv32e40p_top/core_i/if_stage_i/prefetch_buffer_i/fifo_i/mem_q_reg_1__15_

  Ref  DFF        Ref:/WORK/cv32e40p_top/core_i/if_stage_i/prefetch_buffer_i/fifo_i/mem_q_reg[1][16]
  Impl DFF        Imp:/WORK/cv32e40p_top/core_i/if_stage_i/prefetch_buffer_i/fifo_i/mem_q_reg_1__16_

  Ref  DFF        Ref:/WORK/cv32e40p_top/core_i/if_stage_i/prefetch_buffer_i/fifo_i/mem_q_reg[1][17]
  Impl DFF        Imp:/WORK/cv32e40p_top/core_i/if_stage_i/prefetch_buffer_i/fifo_i/mem_q_reg_1__17_

  Ref  DFF        Ref:/WORK/cv32e40p_top/core_i/if_stage_i/prefetch_buffer_i/fifo_i/mem_q_reg[1][18]
  Impl DFF        Imp:/WORK/cv32e40p_top/core_i/if_stage_i/prefetch_buffer_i/fifo_i/mem_q_reg_1__18_

  Ref  DFF        Ref:/WORK/cv32e40p_top/core_i/if_stage_i/prefetch_buffer_i/fifo_i/mem_q_reg[1][19]
  Impl DFF        Imp:/WORK/cv32e40p_top/core_i/if_stage_i/prefetch_buffer_i/fifo_i/mem_q_reg_1__19_

  Ref  DFF        Ref:/WORK/cv32e40p_top/core_i/if_stage_i/prefetch_buffer_i/fifo_i/mem_q_reg[1][1]
  Impl DFF        Imp:/WORK/cv32e40p_top/core_i/if_stage_i/prefetch_buffer_i/fifo_i/mem_q_reg_1__1_

  Ref  DFF        Ref:/WORK/cv32e40p_top/core_i/if_stage_i/prefetch_buffer_i/fifo_i/mem_q_reg[1][20]
  Impl DFF        Imp:/WORK/cv32e40p_top/core_i/if_stage_i/prefetch_buffer_i/fifo_i/mem_q_reg_1__20_

  Ref  DFF        Ref:/WORK/cv32e40p_top/core_i/if_stage_i/prefetch_buffer_i/fifo_i/mem_q_reg[1][21]
  Impl DFF        Imp:/WORK/cv32e40p_top/core_i/if_stage_i/prefetch_buffer_i/fifo_i/mem_q_reg_1__21_

  Ref  DFF        Ref:/WORK/cv32e40p_top/core_i/if_stage_i/prefetch_buffer_i/fifo_i/mem_q_reg[1][22]
  Impl DFF        Imp:/WORK/cv32e40p_top/core_i/if_stage_i/prefetch_buffer_i/fifo_i/mem_q_reg_1__22_

  Ref  DFF        Ref:/WORK/cv32e40p_top/core_i/if_stage_i/prefetch_buffer_i/fifo_i/mem_q_reg[1][23]
  Impl DFF        Imp:/WORK/cv32e40p_top/core_i/if_stage_i/prefetch_buffer_i/fifo_i/mem_q_reg_1__23_

  Ref  DFF        Ref:/WORK/cv32e40p_top/core_i/if_stage_i/prefetch_buffer_i/fifo_i/mem_q_reg[1][24]
  Impl DFF        Imp:/WORK/cv32e40p_top/core_i/if_stage_i/prefetch_buffer_i/fifo_i/mem_q_reg_1__24_

  Ref  DFF        Ref:/WORK/cv32e40p_top/core_i/if_stage_i/prefetch_buffer_i/fifo_i/mem_q_reg[1][25]
  Impl DFF        Imp:/WORK/cv32e40p_top/core_i/if_stage_i/prefetch_buffer_i/fifo_i/mem_q_reg_1__25_

  Ref  DFF        Ref:/WORK/cv32e40p_top/core_i/if_stage_i/prefetch_buffer_i/fifo_i/mem_q_reg[1][26]
  Impl DFF        Imp:/WORK/cv32e40p_top/core_i/if_stage_i/prefetch_buffer_i/fifo_i/mem_q_reg_1__26_

  Ref  DFF        Ref:/WORK/cv32e40p_top/core_i/if_stage_i/prefetch_buffer_i/fifo_i/mem_q_reg[1][27]
  Impl DFF        Imp:/WORK/cv32e40p_top/core_i/if_stage_i/prefetch_buffer_i/fifo_i/mem_q_reg_1__27_

  Ref  DFF        Ref:/WORK/cv32e40p_top/core_i/if_stage_i/prefetch_buffer_i/fifo_i/mem_q_reg[1][28]
  Impl DFF        Imp:/WORK/cv32e40p_top/core_i/if_stage_i/prefetch_buffer_i/fifo_i/mem_q_reg_1__28_

  Ref  DFF        Ref:/WORK/cv32e40p_top/core_i/if_stage_i/prefetch_buffer_i/fifo_i/mem_q_reg[1][29]
  Impl DFF        Imp:/WORK/cv32e40p_top/core_i/if_stage_i/prefetch_buffer_i/fifo_i/mem_q_reg_1__29_

  Ref  DFF        Ref:/WORK/cv32e40p_top/core_i/if_stage_i/prefetch_buffer_i/fifo_i/mem_q_reg[1][2]
  Impl DFF        Imp:/WORK/cv32e40p_top/core_i/if_stage_i/prefetch_buffer_i/fifo_i/mem_q_reg_1__2_

  Ref  DFF        Ref:/WORK/cv32e40p_top/core_i/if_stage_i/prefetch_buffer_i/fifo_i/mem_q_reg[1][30]
  Impl DFF        Imp:/WORK/cv32e40p_top/core_i/if_stage_i/prefetch_buffer_i/fifo_i/mem_q_reg_1__30_

  Ref  DFF        Ref:/WORK/cv32e40p_top/core_i/if_stage_i/prefetch_buffer_i/fifo_i/mem_q_reg[1][31]
  Impl DFF        Imp:/WORK/cv32e40p_top/core_i/if_stage_i/prefetch_buffer_i/fifo_i/mem_q_reg_1__31_

  Ref  DFF        Ref:/WORK/cv32e40p_top/core_i/if_stage_i/prefetch_buffer_i/fifo_i/mem_q_reg[1][3]
  Impl DFF        Imp:/WORK/cv32e40p_top/core_i/if_stage_i/prefetch_buffer_i/fifo_i/mem_q_reg_1__3_

  Ref  DFF        Ref:/WORK/cv32e40p_top/core_i/if_stage_i/prefetch_buffer_i/fifo_i/mem_q_reg[1][4]
  Impl DFF        Imp:/WORK/cv32e40p_top/core_i/if_stage_i/prefetch_buffer_i/fifo_i/mem_q_reg_1__4_

  Ref  DFF        Ref:/WORK/cv32e40p_top/core_i/if_stage_i/prefetch_buffer_i/fifo_i/mem_q_reg[1][5]
  Impl DFF        Imp:/WORK/cv32e40p_top/core_i/if_stage_i/prefetch_buffer_i/fifo_i/mem_q_reg_1__5_

  Ref  DFF        Ref:/WORK/cv32e40p_top/core_i/if_stage_i/prefetch_buffer_i/fifo_i/mem_q_reg[1][6]
  Impl DFF        Imp:/WORK/cv32e40p_top/core_i/if_stage_i/prefetch_buffer_i/fifo_i/mem_q_reg_1__6_

  Ref  DFF        Ref:/WORK/cv32e40p_top/core_i/if_stage_i/prefetch_buffer_i/fifo_i/mem_q_reg[1][7]
  Impl DFF        Imp:/WORK/cv32e40p_top/core_i/if_stage_i/prefetch_buffer_i/fifo_i/mem_q_reg_1__7_

  Ref  DFF        Ref:/WORK/cv32e40p_top/core_i/if_stage_i/prefetch_buffer_i/fifo_i/mem_q_reg[1][8]
  Impl DFF        Imp:/WORK/cv32e40p_top/core_i/if_stage_i/prefetch_buffer_i/fifo_i/mem_q_reg_1__8_

  Ref  DFF        Ref:/WORK/cv32e40p_top/core_i/if_stage_i/prefetch_buffer_i/fifo_i/mem_q_reg[1][9]
  Impl DFF        Imp:/WORK/cv32e40p_top/core_i/if_stage_i/prefetch_buffer_i/fifo_i/mem_q_reg_1__9_

  Ref  DFF        Ref:/WORK/cv32e40p_top/core_i/if_stage_i/prefetch_buffer_i/fifo_i/read_pointer_q_reg[0]
  Impl DFF        Imp:/WORK/cv32e40p_top/core_i/if_stage_i/prefetch_buffer_i/fifo_i/read_pointer_q_reg_0_

  Ref  DFF        Ref:/WORK/cv32e40p_top/core_i/if_stage_i/prefetch_buffer_i/fifo_i/status_cnt_q_reg[0]
  Impl DFF        Imp:/WORK/cv32e40p_top/core_i/if_stage_i/prefetch_buffer_i/fifo_i/status_cnt_q_reg_0_

  Ref  DFF        Ref:/WORK/cv32e40p_top/core_i/if_stage_i/prefetch_buffer_i/fifo_i/status_cnt_q_reg[1]
  Impl DFF        Imp:/WORK/cv32e40p_top/core_i/if_stage_i/prefetch_buffer_i/fifo_i/status_cnt_q_reg_1_

  Ref  DFF        Ref:/WORK/cv32e40p_top/core_i/if_stage_i/prefetch_buffer_i/fifo_i/write_pointer_q_reg[0]
  Impl DFF        Imp:/WORK/cv32e40p_top/core_i/if_stage_i/prefetch_buffer_i/fifo_i/write_pointer_q_reg_0_

  Ref  DFF        Ref:/WORK/cv32e40p_top/core_i/if_stage_i/prefetch_buffer_i/instruction_obi_i/gen_no_trans_stable.obi_addr_q_reg[10]
  Impl DFF        Imp:/WORK/cv32e40p_top/core_i/if_stage_i/prefetch_buffer_i/instruction_obi_i/gen_no_trans_stable_obi_addr_q_reg_10_

  Ref  DFF        Ref:/WORK/cv32e40p_top/core_i/if_stage_i/prefetch_buffer_i/instruction_obi_i/gen_no_trans_stable.obi_addr_q_reg[11]
  Impl DFF        Imp:/WORK/cv32e40p_top/core_i/if_stage_i/prefetch_buffer_i/instruction_obi_i/gen_no_trans_stable_obi_addr_q_reg_11_

  Ref  DFF        Ref:/WORK/cv32e40p_top/core_i/if_stage_i/prefetch_buffer_i/instruction_obi_i/gen_no_trans_stable.obi_addr_q_reg[12]
  Impl DFF        Imp:/WORK/cv32e40p_top/core_i/if_stage_i/prefetch_buffer_i/instruction_obi_i/gen_no_trans_stable_obi_addr_q_reg_12_

  Ref  DFF        Ref:/WORK/cv32e40p_top/core_i/if_stage_i/prefetch_buffer_i/instruction_obi_i/gen_no_trans_stable.obi_addr_q_reg[13]
  Impl DFF        Imp:/WORK/cv32e40p_top/core_i/if_stage_i/prefetch_buffer_i/instruction_obi_i/gen_no_trans_stable_obi_addr_q_reg_13_

  Ref  DFF        Ref:/WORK/cv32e40p_top/core_i/if_stage_i/prefetch_buffer_i/instruction_obi_i/gen_no_trans_stable.obi_addr_q_reg[14]
  Impl DFF        Imp:/WORK/cv32e40p_top/core_i/if_stage_i/prefetch_buffer_i/instruction_obi_i/gen_no_trans_stable_obi_addr_q_reg_14_

  Ref  DFF        Ref:/WORK/cv32e40p_top/core_i/if_stage_i/prefetch_buffer_i/instruction_obi_i/gen_no_trans_stable.obi_addr_q_reg[15]
  Impl DFF        Imp:/WORK/cv32e40p_top/core_i/if_stage_i/prefetch_buffer_i/instruction_obi_i/gen_no_trans_stable_obi_addr_q_reg_15_

  Ref  DFF        Ref:/WORK/cv32e40p_top/core_i/if_stage_i/prefetch_buffer_i/instruction_obi_i/gen_no_trans_stable.obi_addr_q_reg[16]
  Impl DFF        Imp:/WORK/cv32e40p_top/core_i/if_stage_i/prefetch_buffer_i/instruction_obi_i/gen_no_trans_stable_obi_addr_q_reg_16_

  Ref  DFF        Ref:/WORK/cv32e40p_top/core_i/if_stage_i/prefetch_buffer_i/instruction_obi_i/gen_no_trans_stable.obi_addr_q_reg[17]
  Impl DFF        Imp:/WORK/cv32e40p_top/core_i/if_stage_i/prefetch_buffer_i/instruction_obi_i/gen_no_trans_stable_obi_addr_q_reg_17_

  Ref  DFF        Ref:/WORK/cv32e40p_top/core_i/if_stage_i/prefetch_buffer_i/instruction_obi_i/gen_no_trans_stable.obi_addr_q_reg[18]
  Impl DFF        Imp:/WORK/cv32e40p_top/core_i/if_stage_i/prefetch_buffer_i/instruction_obi_i/gen_no_trans_stable_obi_addr_q_reg_18_

  Ref  DFF        Ref:/WORK/cv32e40p_top/core_i/if_stage_i/prefetch_buffer_i/instruction_obi_i/gen_no_trans_stable.obi_addr_q_reg[19]
  Impl DFF        Imp:/WORK/cv32e40p_top/core_i/if_stage_i/prefetch_buffer_i/instruction_obi_i/gen_no_trans_stable_obi_addr_q_reg_19_

  Ref  DFF        Ref:/WORK/cv32e40p_top/core_i/if_stage_i/prefetch_buffer_i/instruction_obi_i/gen_no_trans_stable.obi_addr_q_reg[20]
  Impl DFF        Imp:/WORK/cv32e40p_top/core_i/if_stage_i/prefetch_buffer_i/instruction_obi_i/gen_no_trans_stable_obi_addr_q_reg_20_

  Ref  DFF        Ref:/WORK/cv32e40p_top/core_i/if_stage_i/prefetch_buffer_i/instruction_obi_i/gen_no_trans_stable.obi_addr_q_reg[21]
  Impl DFF        Imp:/WORK/cv32e40p_top/core_i/if_stage_i/prefetch_buffer_i/instruction_obi_i/gen_no_trans_stable_obi_addr_q_reg_21_

  Ref  DFF        Ref:/WORK/cv32e40p_top/core_i/if_stage_i/prefetch_buffer_i/instruction_obi_i/gen_no_trans_stable.obi_addr_q_reg[22]
  Impl DFF        Imp:/WORK/cv32e40p_top/core_i/if_stage_i/prefetch_buffer_i/instruction_obi_i/gen_no_trans_stable_obi_addr_q_reg_22_

  Ref  DFF        Ref:/WORK/cv32e40p_top/core_i/if_stage_i/prefetch_buffer_i/instruction_obi_i/gen_no_trans_stable.obi_addr_q_reg[23]
  Impl DFF        Imp:/WORK/cv32e40p_top/core_i/if_stage_i/prefetch_buffer_i/instruction_obi_i/gen_no_trans_stable_obi_addr_q_reg_23_

  Ref  DFF        Ref:/WORK/cv32e40p_top/core_i/if_stage_i/prefetch_buffer_i/instruction_obi_i/gen_no_trans_stable.obi_addr_q_reg[24]
  Impl DFF        Imp:/WORK/cv32e40p_top/core_i/if_stage_i/prefetch_buffer_i/instruction_obi_i/gen_no_trans_stable_obi_addr_q_reg_24_

  Ref  DFF        Ref:/WORK/cv32e40p_top/core_i/if_stage_i/prefetch_buffer_i/instruction_obi_i/gen_no_trans_stable.obi_addr_q_reg[25]
  Impl DFF        Imp:/WORK/cv32e40p_top/core_i/if_stage_i/prefetch_buffer_i/instruction_obi_i/gen_no_trans_stable_obi_addr_q_reg_25_

  Ref  DFF        Ref:/WORK/cv32e40p_top/core_i/if_stage_i/prefetch_buffer_i/instruction_obi_i/gen_no_trans_stable.obi_addr_q_reg[26]
  Impl DFF        Imp:/WORK/cv32e40p_top/core_i/if_stage_i/prefetch_buffer_i/instruction_obi_i/gen_no_trans_stable_obi_addr_q_reg_26_

  Ref  DFF        Ref:/WORK/cv32e40p_top/core_i/if_stage_i/prefetch_buffer_i/instruction_obi_i/gen_no_trans_stable.obi_addr_q_reg[27]
  Impl DFF        Imp:/WORK/cv32e40p_top/core_i/if_stage_i/prefetch_buffer_i/instruction_obi_i/gen_no_trans_stable_obi_addr_q_reg_27_

  Ref  DFF        Ref:/WORK/cv32e40p_top/core_i/if_stage_i/prefetch_buffer_i/instruction_obi_i/gen_no_trans_stable.obi_addr_q_reg[28]
  Impl DFF        Imp:/WORK/cv32e40p_top/core_i/if_stage_i/prefetch_buffer_i/instruction_obi_i/gen_no_trans_stable_obi_addr_q_reg_28_

  Ref  DFF        Ref:/WORK/cv32e40p_top/core_i/if_stage_i/prefetch_buffer_i/instruction_obi_i/gen_no_trans_stable.obi_addr_q_reg[29]
  Impl DFF        Imp:/WORK/cv32e40p_top/core_i/if_stage_i/prefetch_buffer_i/instruction_obi_i/gen_no_trans_stable_obi_addr_q_reg_29_

  Ref  DFF        Ref:/WORK/cv32e40p_top/core_i/if_stage_i/prefetch_buffer_i/instruction_obi_i/gen_no_trans_stable.obi_addr_q_reg[2]
  Impl DFF        Imp:/WORK/cv32e40p_top/core_i/if_stage_i/prefetch_buffer_i/instruction_obi_i/gen_no_trans_stable_obi_addr_q_reg_2_

  Ref  DFF        Ref:/WORK/cv32e40p_top/core_i/if_stage_i/prefetch_buffer_i/instruction_obi_i/gen_no_trans_stable.obi_addr_q_reg[30]
  Impl DFF        Imp:/WORK/cv32e40p_top/core_i/if_stage_i/prefetch_buffer_i/instruction_obi_i/gen_no_trans_stable_obi_addr_q_reg_30_

  Ref  DFF        Ref:/WORK/cv32e40p_top/core_i/if_stage_i/prefetch_buffer_i/instruction_obi_i/gen_no_trans_stable.obi_addr_q_reg[31]
  Impl DFF        Imp:/WORK/cv32e40p_top/core_i/if_stage_i/prefetch_buffer_i/instruction_obi_i/gen_no_trans_stable_obi_addr_q_reg_31_

  Ref  DFF        Ref:/WORK/cv32e40p_top/core_i/if_stage_i/prefetch_buffer_i/instruction_obi_i/gen_no_trans_stable.obi_addr_q_reg[3]
  Impl DFF        Imp:/WORK/cv32e40p_top/core_i/if_stage_i/prefetch_buffer_i/instruction_obi_i/gen_no_trans_stable_obi_addr_q_reg_3_

  Ref  DFF        Ref:/WORK/cv32e40p_top/core_i/if_stage_i/prefetch_buffer_i/instruction_obi_i/gen_no_trans_stable.obi_addr_q_reg[4]
  Impl DFF        Imp:/WORK/cv32e40p_top/core_i/if_stage_i/prefetch_buffer_i/instruction_obi_i/gen_no_trans_stable_obi_addr_q_reg_4_

  Ref  DFF        Ref:/WORK/cv32e40p_top/core_i/if_stage_i/prefetch_buffer_i/instruction_obi_i/gen_no_trans_stable.obi_addr_q_reg[5]
  Impl DFF        Imp:/WORK/cv32e40p_top/core_i/if_stage_i/prefetch_buffer_i/instruction_obi_i/gen_no_trans_stable_obi_addr_q_reg_5_

  Ref  DFF        Ref:/WORK/cv32e40p_top/core_i/if_stage_i/prefetch_buffer_i/instruction_obi_i/gen_no_trans_stable.obi_addr_q_reg[6]
  Impl DFF        Imp:/WORK/cv32e40p_top/core_i/if_stage_i/prefetch_buffer_i/instruction_obi_i/gen_no_trans_stable_obi_addr_q_reg_6_

  Ref  DFF        Ref:/WORK/cv32e40p_top/core_i/if_stage_i/prefetch_buffer_i/instruction_obi_i/gen_no_trans_stable.obi_addr_q_reg[7]
  Impl DFF        Imp:/WORK/cv32e40p_top/core_i/if_stage_i/prefetch_buffer_i/instruction_obi_i/gen_no_trans_stable_obi_addr_q_reg_7_

  Ref  DFF        Ref:/WORK/cv32e40p_top/core_i/if_stage_i/prefetch_buffer_i/instruction_obi_i/gen_no_trans_stable.obi_addr_q_reg[8]
  Impl DFF        Imp:/WORK/cv32e40p_top/core_i/if_stage_i/prefetch_buffer_i/instruction_obi_i/gen_no_trans_stable_obi_addr_q_reg_8_

  Ref  DFF        Ref:/WORK/cv32e40p_top/core_i/if_stage_i/prefetch_buffer_i/instruction_obi_i/gen_no_trans_stable.obi_addr_q_reg[9]
  Impl DFF        Imp:/WORK/cv32e40p_top/core_i/if_stage_i/prefetch_buffer_i/instruction_obi_i/gen_no_trans_stable_obi_addr_q_reg_9_

  Ref  DFF        Ref:/WORK/cv32e40p_top/core_i/if_stage_i/prefetch_buffer_i/instruction_obi_i/state_q_reg
  Impl DFF        Imp:/WORK/cv32e40p_top/core_i/if_stage_i/prefetch_buffer_i/instruction_obi_i/state_q_reg

  Ref  DFF        Ref:/WORK/cv32e40p_top/core_i/if_stage_i/prefetch_buffer_i/prefetch_controller_i/cnt_q_reg[0]
  Impl DFF        Imp:/WORK/cv32e40p_top/core_i/if_stage_i/prefetch_buffer_i/prefetch_controller_i/cnt_q_reg_0_

  Ref  DFF        Ref:/WORK/cv32e40p_top/core_i/if_stage_i/prefetch_buffer_i/prefetch_controller_i/cnt_q_reg[1]
  Impl DFF        Imp:/WORK/cv32e40p_top/core_i/if_stage_i/prefetch_buffer_i/prefetch_controller_i/cnt_q_reg_1_

  Ref  DFF        Ref:/WORK/cv32e40p_top/core_i/if_stage_i/prefetch_buffer_i/prefetch_controller_i/flush_cnt_q_reg[0]
  Impl DFF        Imp:/WORK/cv32e40p_top/core_i/if_stage_i/prefetch_buffer_i/prefetch_controller_i/flush_cnt_q_reg_0_

  Ref  DFF        Ref:/WORK/cv32e40p_top/core_i/if_stage_i/prefetch_buffer_i/prefetch_controller_i/flush_cnt_q_reg[1]
  Impl DFF        Imp:/WORK/cv32e40p_top/core_i/if_stage_i/prefetch_buffer_i/prefetch_controller_i/flush_cnt_q_reg_1_

  Ref  DFF        Ref:/WORK/cv32e40p_top/core_i/if_stage_i/prefetch_buffer_i/prefetch_controller_i/state_q_reg
  Impl DFF        Imp:/WORK/cv32e40p_top/core_i/if_stage_i/prefetch_buffer_i/prefetch_controller_i/state_q_reg

  Ref  DFF        Ref:/WORK/cv32e40p_top/core_i/if_stage_i/prefetch_buffer_i/prefetch_controller_i/trans_addr_q_reg[10]
  Impl DFF        Imp:/WORK/cv32e40p_top/core_i/if_stage_i/prefetch_buffer_i/prefetch_controller_i/trans_addr_q_reg_10_

  Ref  DFF        Ref:/WORK/cv32e40p_top/core_i/if_stage_i/prefetch_buffer_i/prefetch_controller_i/trans_addr_q_reg[11]
  Impl DFF        Imp:/WORK/cv32e40p_top/core_i/if_stage_i/prefetch_buffer_i/prefetch_controller_i/trans_addr_q_reg_11_

  Ref  DFF        Ref:/WORK/cv32e40p_top/core_i/if_stage_i/prefetch_buffer_i/prefetch_controller_i/trans_addr_q_reg[12]
  Impl DFF        Imp:/WORK/cv32e40p_top/core_i/if_stage_i/prefetch_buffer_i/prefetch_controller_i/trans_addr_q_reg_12_

  Ref  DFF        Ref:/WORK/cv32e40p_top/core_i/if_stage_i/prefetch_buffer_i/prefetch_controller_i/trans_addr_q_reg[13]
  Impl DFF        Imp:/WORK/cv32e40p_top/core_i/if_stage_i/prefetch_buffer_i/prefetch_controller_i/trans_addr_q_reg_13_

  Ref  DFF        Ref:/WORK/cv32e40p_top/core_i/if_stage_i/prefetch_buffer_i/prefetch_controller_i/trans_addr_q_reg[14]
  Impl DFF        Imp:/WORK/cv32e40p_top/core_i/if_stage_i/prefetch_buffer_i/prefetch_controller_i/trans_addr_q_reg_14_

  Ref  DFF        Ref:/WORK/cv32e40p_top/core_i/if_stage_i/prefetch_buffer_i/prefetch_controller_i/trans_addr_q_reg[15]
  Impl DFF        Imp:/WORK/cv32e40p_top/core_i/if_stage_i/prefetch_buffer_i/prefetch_controller_i/trans_addr_q_reg_15_

  Ref  DFF        Ref:/WORK/cv32e40p_top/core_i/if_stage_i/prefetch_buffer_i/prefetch_controller_i/trans_addr_q_reg[16]
  Impl DFF        Imp:/WORK/cv32e40p_top/core_i/if_stage_i/prefetch_buffer_i/prefetch_controller_i/trans_addr_q_reg_16_

  Ref  DFF        Ref:/WORK/cv32e40p_top/core_i/if_stage_i/prefetch_buffer_i/prefetch_controller_i/trans_addr_q_reg[17]
  Impl DFF        Imp:/WORK/cv32e40p_top/core_i/if_stage_i/prefetch_buffer_i/prefetch_controller_i/trans_addr_q_reg_17_

  Ref  DFF        Ref:/WORK/cv32e40p_top/core_i/if_stage_i/prefetch_buffer_i/prefetch_controller_i/trans_addr_q_reg[18]
  Impl DFF        Imp:/WORK/cv32e40p_top/core_i/if_stage_i/prefetch_buffer_i/prefetch_controller_i/trans_addr_q_reg_18_

  Ref  DFF        Ref:/WORK/cv32e40p_top/core_i/if_stage_i/prefetch_buffer_i/prefetch_controller_i/trans_addr_q_reg[19]
  Impl DFF        Imp:/WORK/cv32e40p_top/core_i/if_stage_i/prefetch_buffer_i/prefetch_controller_i/trans_addr_q_reg_19_

  Ref  DFF        Ref:/WORK/cv32e40p_top/core_i/if_stage_i/prefetch_buffer_i/prefetch_controller_i/trans_addr_q_reg[20]
  Impl DFF        Imp:/WORK/cv32e40p_top/core_i/if_stage_i/prefetch_buffer_i/prefetch_controller_i/trans_addr_q_reg_20_

  Ref  DFF        Ref:/WORK/cv32e40p_top/core_i/if_stage_i/prefetch_buffer_i/prefetch_controller_i/trans_addr_q_reg[21]
  Impl DFF        Imp:/WORK/cv32e40p_top/core_i/if_stage_i/prefetch_buffer_i/prefetch_controller_i/trans_addr_q_reg_21_

  Ref  DFF        Ref:/WORK/cv32e40p_top/core_i/if_stage_i/prefetch_buffer_i/prefetch_controller_i/trans_addr_q_reg[22]
  Impl DFF        Imp:/WORK/cv32e40p_top/core_i/if_stage_i/prefetch_buffer_i/prefetch_controller_i/trans_addr_q_reg_22_

  Ref  DFF        Ref:/WORK/cv32e40p_top/core_i/if_stage_i/prefetch_buffer_i/prefetch_controller_i/trans_addr_q_reg[23]
  Impl DFF        Imp:/WORK/cv32e40p_top/core_i/if_stage_i/prefetch_buffer_i/prefetch_controller_i/trans_addr_q_reg_23_

  Ref  DFF        Ref:/WORK/cv32e40p_top/core_i/if_stage_i/prefetch_buffer_i/prefetch_controller_i/trans_addr_q_reg[24]
  Impl DFF        Imp:/WORK/cv32e40p_top/core_i/if_stage_i/prefetch_buffer_i/prefetch_controller_i/trans_addr_q_reg_24_

  Ref  DFF        Ref:/WORK/cv32e40p_top/core_i/if_stage_i/prefetch_buffer_i/prefetch_controller_i/trans_addr_q_reg[25]
  Impl DFF        Imp:/WORK/cv32e40p_top/core_i/if_stage_i/prefetch_buffer_i/prefetch_controller_i/trans_addr_q_reg_25_

  Ref  DFF        Ref:/WORK/cv32e40p_top/core_i/if_stage_i/prefetch_buffer_i/prefetch_controller_i/trans_addr_q_reg[26]
  Impl DFF        Imp:/WORK/cv32e40p_top/core_i/if_stage_i/prefetch_buffer_i/prefetch_controller_i/trans_addr_q_reg_26_

  Ref  DFF        Ref:/WORK/cv32e40p_top/core_i/if_stage_i/prefetch_buffer_i/prefetch_controller_i/trans_addr_q_reg[27]
  Impl DFF        Imp:/WORK/cv32e40p_top/core_i/if_stage_i/prefetch_buffer_i/prefetch_controller_i/trans_addr_q_reg_27_

  Ref  DFF        Ref:/WORK/cv32e40p_top/core_i/if_stage_i/prefetch_buffer_i/prefetch_controller_i/trans_addr_q_reg[28]
  Impl DFF        Imp:/WORK/cv32e40p_top/core_i/if_stage_i/prefetch_buffer_i/prefetch_controller_i/trans_addr_q_reg_28_

  Ref  DFF        Ref:/WORK/cv32e40p_top/core_i/if_stage_i/prefetch_buffer_i/prefetch_controller_i/trans_addr_q_reg[29]
  Impl DFF        Imp:/WORK/cv32e40p_top/core_i/if_stage_i/prefetch_buffer_i/prefetch_controller_i/trans_addr_q_reg_29_

  Ref  DFF        Ref:/WORK/cv32e40p_top/core_i/if_stage_i/prefetch_buffer_i/prefetch_controller_i/trans_addr_q_reg[2]
  Impl DFF        Imp:/WORK/cv32e40p_top/core_i/if_stage_i/prefetch_buffer_i/prefetch_controller_i/trans_addr_q_reg_2_

  Ref  DFF        Ref:/WORK/cv32e40p_top/core_i/if_stage_i/prefetch_buffer_i/prefetch_controller_i/trans_addr_q_reg[30]
  Impl DFF        Imp:/WORK/cv32e40p_top/core_i/if_stage_i/prefetch_buffer_i/prefetch_controller_i/trans_addr_q_reg_30_

  Ref  DFF        Ref:/WORK/cv32e40p_top/core_i/if_stage_i/prefetch_buffer_i/prefetch_controller_i/trans_addr_q_reg[31]
  Impl DFF        Imp:/WORK/cv32e40p_top/core_i/if_stage_i/prefetch_buffer_i/prefetch_controller_i/trans_addr_q_reg_31_

  Ref  DFF        Ref:/WORK/cv32e40p_top/core_i/if_stage_i/prefetch_buffer_i/prefetch_controller_i/trans_addr_q_reg[3]
  Impl DFF        Imp:/WORK/cv32e40p_top/core_i/if_stage_i/prefetch_buffer_i/prefetch_controller_i/trans_addr_q_reg_3_

  Ref  DFF        Ref:/WORK/cv32e40p_top/core_i/if_stage_i/prefetch_buffer_i/prefetch_controller_i/trans_addr_q_reg[4]
  Impl DFF        Imp:/WORK/cv32e40p_top/core_i/if_stage_i/prefetch_buffer_i/prefetch_controller_i/trans_addr_q_reg_4_

  Ref  DFF        Ref:/WORK/cv32e40p_top/core_i/if_stage_i/prefetch_buffer_i/prefetch_controller_i/trans_addr_q_reg[5]
  Impl DFF        Imp:/WORK/cv32e40p_top/core_i/if_stage_i/prefetch_buffer_i/prefetch_controller_i/trans_addr_q_reg_5_

  Ref  DFF        Ref:/WORK/cv32e40p_top/core_i/if_stage_i/prefetch_buffer_i/prefetch_controller_i/trans_addr_q_reg[6]
  Impl DFF        Imp:/WORK/cv32e40p_top/core_i/if_stage_i/prefetch_buffer_i/prefetch_controller_i/trans_addr_q_reg_6_

  Ref  DFF        Ref:/WORK/cv32e40p_top/core_i/if_stage_i/prefetch_buffer_i/prefetch_controller_i/trans_addr_q_reg[7]
  Impl DFF        Imp:/WORK/cv32e40p_top/core_i/if_stage_i/prefetch_buffer_i/prefetch_controller_i/trans_addr_q_reg_7_

  Ref  DFF        Ref:/WORK/cv32e40p_top/core_i/if_stage_i/prefetch_buffer_i/prefetch_controller_i/trans_addr_q_reg[8]
  Impl DFF        Imp:/WORK/cv32e40p_top/core_i/if_stage_i/prefetch_buffer_i/prefetch_controller_i/trans_addr_q_reg_8_

  Ref  DFF        Ref:/WORK/cv32e40p_top/core_i/if_stage_i/prefetch_buffer_i/prefetch_controller_i/trans_addr_q_reg[9]
  Impl DFF        Imp:/WORK/cv32e40p_top/core_i/if_stage_i/prefetch_buffer_i/prefetch_controller_i/trans_addr_q_reg_9_

  Ref  DFF        Ref:/WORK/cv32e40p_top/core_i/load_store_unit_i/cnt_q_reg[0]
  Impl DFF        Imp:/WORK/cv32e40p_top/core_i/load_store_unit_i/cnt_q_reg_0_

  Ref  DFF        Ref:/WORK/cv32e40p_top/core_i/load_store_unit_i/cnt_q_reg[1]
  Impl DFF        Imp:/WORK/cv32e40p_top/core_i/load_store_unit_i/cnt_q_reg_1_

  Ref  DFF        Ref:/WORK/cv32e40p_top/core_i/load_store_unit_i/data_sign_ext_q_reg[0]
  Impl DFF        Imp:/WORK/cv32e40p_top/core_i/load_store_unit_i/data_sign_ext_q_reg_0_

  Ref  DFF        Ref:/WORK/cv32e40p_top/core_i/load_store_unit_i/data_type_q_reg[0]
  Impl DFF        Imp:/WORK/cv32e40p_top/core_i/load_store_unit_i/data_type_q_reg_0_

  Ref  DFF        Ref:/WORK/cv32e40p_top/core_i/load_store_unit_i/data_type_q_reg[1]
  Impl DFF        Imp:/WORK/cv32e40p_top/core_i/load_store_unit_i/data_type_q_reg_1_

  Ref  DFF        Ref:/WORK/cv32e40p_top/core_i/load_store_unit_i/data_we_q_reg
  Impl DFF        Imp:/WORK/cv32e40p_top/core_i/load_store_unit_i/data_we_q_reg

  Ref  DFF        Ref:/WORK/cv32e40p_top/core_i/load_store_unit_i/rdata_offset_q_reg[0]
  Impl DFF        Imp:/WORK/cv32e40p_top/core_i/load_store_unit_i/rdata_offset_q_reg_0_

  Ref  DFF        Ref:/WORK/cv32e40p_top/core_i/load_store_unit_i/rdata_offset_q_reg[1]
  Impl DFF        Imp:/WORK/cv32e40p_top/core_i/load_store_unit_i/rdata_offset_q_reg_1_

  Ref  DFF        Ref:/WORK/cv32e40p_top/core_i/load_store_unit_i/rdata_q_reg[0]
  Impl DFF        Imp:/WORK/cv32e40p_top/core_i/load_store_unit_i/rdata_q_reg_0_

  Ref  DFF        Ref:/WORK/cv32e40p_top/core_i/load_store_unit_i/rdata_q_reg[10]
  Impl DFF        Imp:/WORK/cv32e40p_top/core_i/load_store_unit_i/rdata_q_reg_10_

  Ref  DFF        Ref:/WORK/cv32e40p_top/core_i/load_store_unit_i/rdata_q_reg[11]
  Impl DFF        Imp:/WORK/cv32e40p_top/core_i/load_store_unit_i/rdata_q_reg_11_

  Ref  DFF        Ref:/WORK/cv32e40p_top/core_i/load_store_unit_i/rdata_q_reg[12]
  Impl DFF        Imp:/WORK/cv32e40p_top/core_i/load_store_unit_i/rdata_q_reg_12_

  Ref  DFF        Ref:/WORK/cv32e40p_top/core_i/load_store_unit_i/rdata_q_reg[13]
  Impl DFF        Imp:/WORK/cv32e40p_top/core_i/load_store_unit_i/rdata_q_reg_13_

  Ref  DFF        Ref:/WORK/cv32e40p_top/core_i/load_store_unit_i/rdata_q_reg[14]
  Impl DFF        Imp:/WORK/cv32e40p_top/core_i/load_store_unit_i/rdata_q_reg_14_

  Ref  DFF        Ref:/WORK/cv32e40p_top/core_i/load_store_unit_i/rdata_q_reg[15]
  Impl DFF        Imp:/WORK/cv32e40p_top/core_i/load_store_unit_i/rdata_q_reg_15_

  Ref  DFF        Ref:/WORK/cv32e40p_top/core_i/load_store_unit_i/rdata_q_reg[16]
  Impl DFF        Imp:/WORK/cv32e40p_top/core_i/load_store_unit_i/rdata_q_reg_16_

  Ref  DFF        Ref:/WORK/cv32e40p_top/core_i/load_store_unit_i/rdata_q_reg[17]
  Impl DFF        Imp:/WORK/cv32e40p_top/core_i/load_store_unit_i/rdata_q_reg_17_

  Ref  DFF        Ref:/WORK/cv32e40p_top/core_i/load_store_unit_i/rdata_q_reg[18]
  Impl DFF        Imp:/WORK/cv32e40p_top/core_i/load_store_unit_i/rdata_q_reg_18_

  Ref  DFF        Ref:/WORK/cv32e40p_top/core_i/load_store_unit_i/rdata_q_reg[19]
  Impl DFF        Imp:/WORK/cv32e40p_top/core_i/load_store_unit_i/rdata_q_reg_19_

  Ref  DFF        Ref:/WORK/cv32e40p_top/core_i/load_store_unit_i/rdata_q_reg[1]
  Impl DFF        Imp:/WORK/cv32e40p_top/core_i/load_store_unit_i/rdata_q_reg_1_

  Ref  DFF        Ref:/WORK/cv32e40p_top/core_i/load_store_unit_i/rdata_q_reg[20]
  Impl DFF        Imp:/WORK/cv32e40p_top/core_i/load_store_unit_i/rdata_q_reg_20_

  Ref  DFF        Ref:/WORK/cv32e40p_top/core_i/load_store_unit_i/rdata_q_reg[21]
  Impl DFF        Imp:/WORK/cv32e40p_top/core_i/load_store_unit_i/rdata_q_reg_21_

  Ref  DFF        Ref:/WORK/cv32e40p_top/core_i/load_store_unit_i/rdata_q_reg[22]
  Impl DFF        Imp:/WORK/cv32e40p_top/core_i/load_store_unit_i/rdata_q_reg_22_

  Ref  DFF        Ref:/WORK/cv32e40p_top/core_i/load_store_unit_i/rdata_q_reg[23]
  Impl DFF        Imp:/WORK/cv32e40p_top/core_i/load_store_unit_i/rdata_q_reg_23_

  Ref  DFF        Ref:/WORK/cv32e40p_top/core_i/load_store_unit_i/rdata_q_reg[24]
  Impl DFF        Imp:/WORK/cv32e40p_top/core_i/load_store_unit_i/rdata_q_reg_24_

  Ref  DFF        Ref:/WORK/cv32e40p_top/core_i/load_store_unit_i/rdata_q_reg[25]
  Impl DFF        Imp:/WORK/cv32e40p_top/core_i/load_store_unit_i/rdata_q_reg_25_

  Ref  DFF        Ref:/WORK/cv32e40p_top/core_i/load_store_unit_i/rdata_q_reg[26]
  Impl DFF        Imp:/WORK/cv32e40p_top/core_i/load_store_unit_i/rdata_q_reg_26_

  Ref  DFF        Ref:/WORK/cv32e40p_top/core_i/load_store_unit_i/rdata_q_reg[27]
  Impl DFF        Imp:/WORK/cv32e40p_top/core_i/load_store_unit_i/rdata_q_reg_27_

  Ref  DFF        Ref:/WORK/cv32e40p_top/core_i/load_store_unit_i/rdata_q_reg[28]
  Impl DFF        Imp:/WORK/cv32e40p_top/core_i/load_store_unit_i/rdata_q_reg_28_

  Ref  DFF        Ref:/WORK/cv32e40p_top/core_i/load_store_unit_i/rdata_q_reg[29]
  Impl DFF        Imp:/WORK/cv32e40p_top/core_i/load_store_unit_i/rdata_q_reg_29_

  Ref  DFF        Ref:/WORK/cv32e40p_top/core_i/load_store_unit_i/rdata_q_reg[2]
  Impl DFF        Imp:/WORK/cv32e40p_top/core_i/load_store_unit_i/rdata_q_reg_2_

  Ref  DFF        Ref:/WORK/cv32e40p_top/core_i/load_store_unit_i/rdata_q_reg[30]
  Impl DFF        Imp:/WORK/cv32e40p_top/core_i/load_store_unit_i/rdata_q_reg_30_

  Ref  DFF        Ref:/WORK/cv32e40p_top/core_i/load_store_unit_i/rdata_q_reg[31]
  Impl DFF        Imp:/WORK/cv32e40p_top/core_i/load_store_unit_i/rdata_q_reg_31_

  Ref  DFF        Ref:/WORK/cv32e40p_top/core_i/load_store_unit_i/rdata_q_reg[3]
  Impl DFF        Imp:/WORK/cv32e40p_top/core_i/load_store_unit_i/rdata_q_reg_3_

  Ref  DFF        Ref:/WORK/cv32e40p_top/core_i/load_store_unit_i/rdata_q_reg[4]
  Impl DFF        Imp:/WORK/cv32e40p_top/core_i/load_store_unit_i/rdata_q_reg_4_

  Ref  DFF        Ref:/WORK/cv32e40p_top/core_i/load_store_unit_i/rdata_q_reg[5]
  Impl DFF        Imp:/WORK/cv32e40p_top/core_i/load_store_unit_i/rdata_q_reg_5_

  Ref  DFF        Ref:/WORK/cv32e40p_top/core_i/load_store_unit_i/rdata_q_reg[6]
  Impl DFF        Imp:/WORK/cv32e40p_top/core_i/load_store_unit_i/rdata_q_reg_6_

  Ref  DFF        Ref:/WORK/cv32e40p_top/core_i/load_store_unit_i/rdata_q_reg[7]
  Impl DFF        Imp:/WORK/cv32e40p_top/core_i/load_store_unit_i/rdata_q_reg_7_

  Ref  DFF        Ref:/WORK/cv32e40p_top/core_i/load_store_unit_i/rdata_q_reg[8]
  Impl DFF        Imp:/WORK/cv32e40p_top/core_i/load_store_unit_i/rdata_q_reg_8_

  Ref  DFF        Ref:/WORK/cv32e40p_top/core_i/load_store_unit_i/rdata_q_reg[9]
  Impl DFF        Imp:/WORK/cv32e40p_top/core_i/load_store_unit_i/rdata_q_reg_9_

  Ref  DFF        Ref:/WORK/cv32e40p_top/core_i/sleep_unit_i/core_busy_q_reg
  Impl DFF        Imp:/WORK/cv32e40p_top/core_i/sleep_unit_i/core_busy_q_reg

  Ref  DFF        Ref:/WORK/cv32e40p_top/core_i/sleep_unit_i/fetch_enable_q_reg
  Impl DFF        Imp:/WORK/cv32e40p_top/core_i/sleep_unit_i/fetch_enable_q_reg

  Ref  Port       Ref:/WORK/cv32e40p_top/core_sleep_o
  Impl Port       Imp:/WORK/cv32e40p_top/core_sleep_o

  Ref  Port       Ref:/WORK/cv32e40p_top/data_addr_o[0]
  Impl Port       Imp:/WORK/cv32e40p_top/data_addr_o[0]

  Ref  Port       Ref:/WORK/cv32e40p_top/data_addr_o[10]
  Impl Port       Imp:/WORK/cv32e40p_top/data_addr_o[10]

  Ref  Port       Ref:/WORK/cv32e40p_top/data_addr_o[11]
  Impl Port       Imp:/WORK/cv32e40p_top/data_addr_o[11]

  Ref  Port       Ref:/WORK/cv32e40p_top/data_addr_o[12]
  Impl Port       Imp:/WORK/cv32e40p_top/data_addr_o[12]

  Ref  Port       Ref:/WORK/cv32e40p_top/data_addr_o[13]
  Impl Port       Imp:/WORK/cv32e40p_top/data_addr_o[13]

  Ref  Port       Ref:/WORK/cv32e40p_top/data_addr_o[14]
  Impl Port       Imp:/WORK/cv32e40p_top/data_addr_o[14]

  Ref  Port       Ref:/WORK/cv32e40p_top/data_addr_o[15]
  Impl Port       Imp:/WORK/cv32e40p_top/data_addr_o[15]

  Ref  Port       Ref:/WORK/cv32e40p_top/data_addr_o[16]
  Impl Port       Imp:/WORK/cv32e40p_top/data_addr_o[16]

  Ref  Port       Ref:/WORK/cv32e40p_top/data_addr_o[17]
  Impl Port       Imp:/WORK/cv32e40p_top/data_addr_o[17]

  Ref  Port       Ref:/WORK/cv32e40p_top/data_addr_o[18]
  Impl Port       Imp:/WORK/cv32e40p_top/data_addr_o[18]

  Ref  Port       Ref:/WORK/cv32e40p_top/data_addr_o[19]
  Impl Port       Imp:/WORK/cv32e40p_top/data_addr_o[19]

  Ref  Port       Ref:/WORK/cv32e40p_top/data_addr_o[1]
  Impl Port       Imp:/WORK/cv32e40p_top/data_addr_o[1]

  Ref  Port       Ref:/WORK/cv32e40p_top/data_addr_o[20]
  Impl Port       Imp:/WORK/cv32e40p_top/data_addr_o[20]

  Ref  Port       Ref:/WORK/cv32e40p_top/data_addr_o[21]
  Impl Port       Imp:/WORK/cv32e40p_top/data_addr_o[21]

  Ref  Port       Ref:/WORK/cv32e40p_top/data_addr_o[22]
  Impl Port       Imp:/WORK/cv32e40p_top/data_addr_o[22]

  Ref  Port       Ref:/WORK/cv32e40p_top/data_addr_o[23]
  Impl Port       Imp:/WORK/cv32e40p_top/data_addr_o[23]

  Ref  Port       Ref:/WORK/cv32e40p_top/data_addr_o[24]
  Impl Port       Imp:/WORK/cv32e40p_top/data_addr_o[24]

  Ref  Port       Ref:/WORK/cv32e40p_top/data_addr_o[25]
  Impl Port       Imp:/WORK/cv32e40p_top/data_addr_o[25]

  Ref  Port       Ref:/WORK/cv32e40p_top/data_addr_o[26]
  Impl Port       Imp:/WORK/cv32e40p_top/data_addr_o[26]

  Ref  Port       Ref:/WORK/cv32e40p_top/data_addr_o[27]
  Impl Port       Imp:/WORK/cv32e40p_top/data_addr_o[27]

  Ref  Port       Ref:/WORK/cv32e40p_top/data_addr_o[28]
  Impl Port       Imp:/WORK/cv32e40p_top/data_addr_o[28]

  Ref  Port       Ref:/WORK/cv32e40p_top/data_addr_o[29]
  Impl Port       Imp:/WORK/cv32e40p_top/data_addr_o[29]

  Ref  Port       Ref:/WORK/cv32e40p_top/data_addr_o[2]
  Impl Port       Imp:/WORK/cv32e40p_top/data_addr_o[2]

  Ref  Port       Ref:/WORK/cv32e40p_top/data_addr_o[30]
  Impl Port       Imp:/WORK/cv32e40p_top/data_addr_o[30]

  Ref  Port       Ref:/WORK/cv32e40p_top/data_addr_o[31]
  Impl Port       Imp:/WORK/cv32e40p_top/data_addr_o[31]

  Ref  Port       Ref:/WORK/cv32e40p_top/data_addr_o[3]
  Impl Port       Imp:/WORK/cv32e40p_top/data_addr_o[3]

  Ref  Port       Ref:/WORK/cv32e40p_top/data_addr_o[4]
  Impl Port       Imp:/WORK/cv32e40p_top/data_addr_o[4]

  Ref  Port       Ref:/WORK/cv32e40p_top/data_addr_o[5]
  Impl Port       Imp:/WORK/cv32e40p_top/data_addr_o[5]

  Ref  Port       Ref:/WORK/cv32e40p_top/data_addr_o[6]
  Impl Port       Imp:/WORK/cv32e40p_top/data_addr_o[6]

  Ref  Port       Ref:/WORK/cv32e40p_top/data_addr_o[7]
  Impl Port       Imp:/WORK/cv32e40p_top/data_addr_o[7]

  Ref  Port       Ref:/WORK/cv32e40p_top/data_addr_o[8]
  Impl Port       Imp:/WORK/cv32e40p_top/data_addr_o[8]

  Ref  Port       Ref:/WORK/cv32e40p_top/data_addr_o[9]
  Impl Port       Imp:/WORK/cv32e40p_top/data_addr_o[9]

  Ref  Port       Ref:/WORK/cv32e40p_top/data_be_o[0]
  Impl Port       Imp:/WORK/cv32e40p_top/data_be_o[0]

  Ref  Port       Ref:/WORK/cv32e40p_top/data_be_o[1]
  Impl Port       Imp:/WORK/cv32e40p_top/data_be_o[1]

  Ref  Port       Ref:/WORK/cv32e40p_top/data_be_o[2]
  Impl Port       Imp:/WORK/cv32e40p_top/data_be_o[2]

  Ref  Port       Ref:/WORK/cv32e40p_top/data_be_o[3]
  Impl Port       Imp:/WORK/cv32e40p_top/data_be_o[3]

  Ref  Port       Ref:/WORK/cv32e40p_top/data_req_o
  Impl Port       Imp:/WORK/cv32e40p_top/data_req_o

  Ref  Port       Ref:/WORK/cv32e40p_top/data_wdata_o[0]
  Impl Port       Imp:/WORK/cv32e40p_top/data_wdata_o[0]

  Ref  Port       Ref:/WORK/cv32e40p_top/data_wdata_o[10]
  Impl Port       Imp:/WORK/cv32e40p_top/data_wdata_o[10]

  Ref  Port       Ref:/WORK/cv32e40p_top/data_wdata_o[11]
  Impl Port       Imp:/WORK/cv32e40p_top/data_wdata_o[11]

  Ref  Port       Ref:/WORK/cv32e40p_top/data_wdata_o[12]
  Impl Port       Imp:/WORK/cv32e40p_top/data_wdata_o[12]

  Ref  Port       Ref:/WORK/cv32e40p_top/data_wdata_o[13]
  Impl Port       Imp:/WORK/cv32e40p_top/data_wdata_o[13]

  Ref  Port       Ref:/WORK/cv32e40p_top/data_wdata_o[14]
  Impl Port       Imp:/WORK/cv32e40p_top/data_wdata_o[14]

  Ref  Port       Ref:/WORK/cv32e40p_top/data_wdata_o[15]
  Impl Port       Imp:/WORK/cv32e40p_top/data_wdata_o[15]

  Ref  Port       Ref:/WORK/cv32e40p_top/data_wdata_o[16]
  Impl Port       Imp:/WORK/cv32e40p_top/data_wdata_o[16]

  Ref  Port       Ref:/WORK/cv32e40p_top/data_wdata_o[17]
  Impl Port       Imp:/WORK/cv32e40p_top/data_wdata_o[17]

  Ref  Port       Ref:/WORK/cv32e40p_top/data_wdata_o[18]
  Impl Port       Imp:/WORK/cv32e40p_top/data_wdata_o[18]

  Ref  Port       Ref:/WORK/cv32e40p_top/data_wdata_o[19]
  Impl Port       Imp:/WORK/cv32e40p_top/data_wdata_o[19]

  Ref  Port       Ref:/WORK/cv32e40p_top/data_wdata_o[1]
  Impl Port       Imp:/WORK/cv32e40p_top/data_wdata_o[1]

  Ref  Port       Ref:/WORK/cv32e40p_top/data_wdata_o[20]
  Impl Port       Imp:/WORK/cv32e40p_top/data_wdata_o[20]

  Ref  Port       Ref:/WORK/cv32e40p_top/data_wdata_o[21]
  Impl Port       Imp:/WORK/cv32e40p_top/data_wdata_o[21]

  Ref  Port       Ref:/WORK/cv32e40p_top/data_wdata_o[22]
  Impl Port       Imp:/WORK/cv32e40p_top/data_wdata_o[22]

  Ref  Port       Ref:/WORK/cv32e40p_top/data_wdata_o[23]
  Impl Port       Imp:/WORK/cv32e40p_top/data_wdata_o[23]

  Ref  Port       Ref:/WORK/cv32e40p_top/data_wdata_o[24]
  Impl Port       Imp:/WORK/cv32e40p_top/data_wdata_o[24]

  Ref  Port       Ref:/WORK/cv32e40p_top/data_wdata_o[25]
  Impl Port       Imp:/WORK/cv32e40p_top/data_wdata_o[25]

  Ref  Port       Ref:/WORK/cv32e40p_top/data_wdata_o[26]
  Impl Port       Imp:/WORK/cv32e40p_top/data_wdata_o[26]

  Ref  Port       Ref:/WORK/cv32e40p_top/data_wdata_o[27]
  Impl Port       Imp:/WORK/cv32e40p_top/data_wdata_o[27]

  Ref  Port       Ref:/WORK/cv32e40p_top/data_wdata_o[28]
  Impl Port       Imp:/WORK/cv32e40p_top/data_wdata_o[28]

  Ref  Port       Ref:/WORK/cv32e40p_top/data_wdata_o[29]
  Impl Port       Imp:/WORK/cv32e40p_top/data_wdata_o[29]

  Ref  Port       Ref:/WORK/cv32e40p_top/data_wdata_o[2]
  Impl Port       Imp:/WORK/cv32e40p_top/data_wdata_o[2]

  Ref  Port       Ref:/WORK/cv32e40p_top/data_wdata_o[30]
  Impl Port       Imp:/WORK/cv32e40p_top/data_wdata_o[30]

  Ref  Port       Ref:/WORK/cv32e40p_top/data_wdata_o[31]
  Impl Port       Imp:/WORK/cv32e40p_top/data_wdata_o[31]

  Ref  Port       Ref:/WORK/cv32e40p_top/data_wdata_o[3]
  Impl Port       Imp:/WORK/cv32e40p_top/data_wdata_o[3]

  Ref  Port       Ref:/WORK/cv32e40p_top/data_wdata_o[4]
  Impl Port       Imp:/WORK/cv32e40p_top/data_wdata_o[4]

  Ref  Port       Ref:/WORK/cv32e40p_top/data_wdata_o[5]
  Impl Port       Imp:/WORK/cv32e40p_top/data_wdata_o[5]

  Ref  Port       Ref:/WORK/cv32e40p_top/data_wdata_o[6]
  Impl Port       Imp:/WORK/cv32e40p_top/data_wdata_o[6]

  Ref  Port       Ref:/WORK/cv32e40p_top/data_wdata_o[7]
  Impl Port       Imp:/WORK/cv32e40p_top/data_wdata_o[7]

  Ref  Port       Ref:/WORK/cv32e40p_top/data_wdata_o[8]
  Impl Port       Imp:/WORK/cv32e40p_top/data_wdata_o[8]

  Ref  Port       Ref:/WORK/cv32e40p_top/data_wdata_o[9]
  Impl Port       Imp:/WORK/cv32e40p_top/data_wdata_o[9]

  Ref  Port       Ref:/WORK/cv32e40p_top/data_we_o
  Impl Port       Imp:/WORK/cv32e40p_top/data_we_o

  Ref  Port       Ref:/WORK/cv32e40p_top/debug_halted_o
  Impl Port       Imp:/WORK/cv32e40p_top/debug_halted_o

  Ref  Port       Ref:/WORK/cv32e40p_top/debug_havereset_o
  Impl Port       Imp:/WORK/cv32e40p_top/debug_havereset_o

  Ref  Port       Ref:/WORK/cv32e40p_top/debug_running_o
  Impl Port       Imp:/WORK/cv32e40p_top/debug_running_o

  Ref  Port       Ref:/WORK/cv32e40p_top/instr_addr_o[0]
  Impl Port       Imp:/WORK/cv32e40p_top/instr_addr_o[0]

  Ref  Port       Ref:/WORK/cv32e40p_top/instr_addr_o[10]
  Impl Port       Imp:/WORK/cv32e40p_top/instr_addr_o[10]

  Ref  Port       Ref:/WORK/cv32e40p_top/instr_addr_o[11]
  Impl Port       Imp:/WORK/cv32e40p_top/instr_addr_o[11]

  Ref  Port       Ref:/WORK/cv32e40p_top/instr_addr_o[12]
  Impl Port       Imp:/WORK/cv32e40p_top/instr_addr_o[12]

  Ref  Port       Ref:/WORK/cv32e40p_top/instr_addr_o[13]
  Impl Port       Imp:/WORK/cv32e40p_top/instr_addr_o[13]

  Ref  Port       Ref:/WORK/cv32e40p_top/instr_addr_o[14]
  Impl Port       Imp:/WORK/cv32e40p_top/instr_addr_o[14]

  Ref  Port       Ref:/WORK/cv32e40p_top/instr_addr_o[15]
  Impl Port       Imp:/WORK/cv32e40p_top/instr_addr_o[15]

  Ref  Port       Ref:/WORK/cv32e40p_top/instr_addr_o[16]
  Impl Port       Imp:/WORK/cv32e40p_top/instr_addr_o[16]

  Ref  Port       Ref:/WORK/cv32e40p_top/instr_addr_o[17]
  Impl Port       Imp:/WORK/cv32e40p_top/instr_addr_o[17]

  Ref  Port       Ref:/WORK/cv32e40p_top/instr_addr_o[18]
  Impl Port       Imp:/WORK/cv32e40p_top/instr_addr_o[18]

  Ref  Port       Ref:/WORK/cv32e40p_top/instr_addr_o[19]
  Impl Port       Imp:/WORK/cv32e40p_top/instr_addr_o[19]

  Ref  Port       Ref:/WORK/cv32e40p_top/instr_addr_o[1]
  Impl Port       Imp:/WORK/cv32e40p_top/instr_addr_o[1]

  Ref  Port       Ref:/WORK/cv32e40p_top/instr_addr_o[20]
  Impl Port       Imp:/WORK/cv32e40p_top/instr_addr_o[20]

  Ref  Port       Ref:/WORK/cv32e40p_top/instr_addr_o[21]
  Impl Port       Imp:/WORK/cv32e40p_top/instr_addr_o[21]

  Ref  Port       Ref:/WORK/cv32e40p_top/instr_addr_o[22]
  Impl Port       Imp:/WORK/cv32e40p_top/instr_addr_o[22]

  Ref  Port       Ref:/WORK/cv32e40p_top/instr_addr_o[23]
  Impl Port       Imp:/WORK/cv32e40p_top/instr_addr_o[23]

  Ref  Port       Ref:/WORK/cv32e40p_top/instr_addr_o[24]
  Impl Port       Imp:/WORK/cv32e40p_top/instr_addr_o[24]

  Ref  Port       Ref:/WORK/cv32e40p_top/instr_addr_o[25]
  Impl Port       Imp:/WORK/cv32e40p_top/instr_addr_o[25]

  Ref  Port       Ref:/WORK/cv32e40p_top/instr_addr_o[26]
  Impl Port       Imp:/WORK/cv32e40p_top/instr_addr_o[26]

  Ref  Port       Ref:/WORK/cv32e40p_top/instr_addr_o[27]
  Impl Port       Imp:/WORK/cv32e40p_top/instr_addr_o[27]

  Ref  Port       Ref:/WORK/cv32e40p_top/instr_addr_o[28]
  Impl Port       Imp:/WORK/cv32e40p_top/instr_addr_o[28]

  Ref  Port       Ref:/WORK/cv32e40p_top/instr_addr_o[29]
  Impl Port       Imp:/WORK/cv32e40p_top/instr_addr_o[29]

  Ref  Port       Ref:/WORK/cv32e40p_top/instr_addr_o[2]
  Impl Port       Imp:/WORK/cv32e40p_top/instr_addr_o[2]

  Ref  Port       Ref:/WORK/cv32e40p_top/instr_addr_o[30]
  Impl Port       Imp:/WORK/cv32e40p_top/instr_addr_o[30]

  Ref  Port       Ref:/WORK/cv32e40p_top/instr_addr_o[31]
  Impl Port       Imp:/WORK/cv32e40p_top/instr_addr_o[31]

  Ref  Port       Ref:/WORK/cv32e40p_top/instr_addr_o[3]
  Impl Port       Imp:/WORK/cv32e40p_top/instr_addr_o[3]

  Ref  Port       Ref:/WORK/cv32e40p_top/instr_addr_o[4]
  Impl Port       Imp:/WORK/cv32e40p_top/instr_addr_o[4]

  Ref  Port       Ref:/WORK/cv32e40p_top/instr_addr_o[5]
  Impl Port       Imp:/WORK/cv32e40p_top/instr_addr_o[5]

  Ref  Port       Ref:/WORK/cv32e40p_top/instr_addr_o[6]
  Impl Port       Imp:/WORK/cv32e40p_top/instr_addr_o[6]

  Ref  Port       Ref:/WORK/cv32e40p_top/instr_addr_o[7]
  Impl Port       Imp:/WORK/cv32e40p_top/instr_addr_o[7]

  Ref  Port       Ref:/WORK/cv32e40p_top/instr_addr_o[8]
  Impl Port       Imp:/WORK/cv32e40p_top/instr_addr_o[8]

  Ref  Port       Ref:/WORK/cv32e40p_top/instr_addr_o[9]
  Impl Port       Imp:/WORK/cv32e40p_top/instr_addr_o[9]

  Ref  Port       Ref:/WORK/cv32e40p_top/instr_req_o
  Impl Port       Imp:/WORK/cv32e40p_top/instr_req_o

  Ref  Port       Ref:/WORK/cv32e40p_top/irq_ack_o
  Impl Port       Imp:/WORK/cv32e40p_top/irq_ack_o

  Ref  Port       Ref:/WORK/cv32e40p_top/irq_id_o[0]
  Impl Port       Imp:/WORK/cv32e40p_top/irq_id_o[0]

  Ref  Port       Ref:/WORK/cv32e40p_top/irq_id_o[1]
  Impl Port       Imp:/WORK/cv32e40p_top/irq_id_o[1]

  Ref  Port       Ref:/WORK/cv32e40p_top/irq_id_o[2]
  Impl Port       Imp:/WORK/cv32e40p_top/irq_id_o[2]

  Ref  Port       Ref:/WORK/cv32e40p_top/irq_id_o[3]
  Impl Port       Imp:/WORK/cv32e40p_top/irq_id_o[3]

  Ref  Port       Ref:/WORK/cv32e40p_top/irq_id_o[4]
  Impl Port       Imp:/WORK/cv32e40p_top/irq_id_o[4]

 [BBNet: multiply-driven net
  BBPin: black-box pin
  Cut:   cut-point
  DFF:   non-constant DFF register
  DFF0:  constant 0 DFF register
  DFF1:  constant 1 DFF register
  DFFX:  constant X DFF register
  DFF0X: constrained 0X DFF register
  DFF1X: constrained 1X DFF register
  LAT:   non-constant latch register
  LAT0:  constant 0 latch register
  LAT1:  constant 1 latch register
  LATX:  constant X latch register
  LAT0X: constrained 0X latch register
  LAT1X: constrained 1X latch register
  LATCG: clock-gating latch register
  TLA:   transparent latch register
  TLA0X: transparent constrained 0X latch register
  TLA1X: transparent constrained 1X latch register
  Loop:  cycle break point
  Port:  primary (top-level) port
  Und:   undriven signal cut-point
  Unk:   unknown signal cut-point]

1
